"reference_path"	"sha256"	"candidate_kind"	"interface_id"	"disposition"	"successor"	"rationale"
"adapter-bop/bop_ingress.c"	"26bf673c55219dfeb80835034c74c8950da898a4fcb0bd6636e54079a5d80bd1"	"implementation-candidate"	"ADAPTER-IF-001"	"split-recover"	"T275 S2"	"selector-blind copied ingress/completion only"
"adapter-bop/bop_ingress.h"	"2fa759e0fe24fc397f967e8558696ac89a7368678d300431a769e3c7cda4c368"	"declaration-candidate"	"ADAPTER-IF-001"	"recover-if-required-by-S2"	"T275 S2"	"declaration follows retained selector-blind transport only"
"adapter-bop/frame_transaction.c"	"f54233838494a30107acaf404bcecbc949bbfbe9ad1005443670da0634f2183c"	"implementation-candidate"	"ADAPTER-IF-001"	"split-recover"	"T275 S2"	"selector-blind copied ingress/completion only"
"adapter-bop/frame_transaction.h"	"1367fe2aa70998bfe631fb8055da8017f580d4270e02e9758b548828f2ad3b99"	"declaration-candidate"	"ADAPTER-IF-001"	"recover-if-required-by-S2"	"T275 S2"	"declaration follows retained selector-blind transport only"
"adapter-bop/generic_ud_bridge.cc"	"6f148577ce874b901c566c04ed680338ec0f81e03d36d5d6c8daf96f80e22c6f"	"implementation-candidate"	"ADAPTER-IF-001"	"split-recover"	"T275 S2"	"selector-blind copied ingress/completion only"
"adapter-bop/generic_ud_bridge.h"	"25bd88a5225bd7bc11bddd911f5d5466710e5db308912b7016d6a4620ef795e9"	"declaration-candidate"	"ADAPTER-IF-001"	"recover-if-required-by-S2"	"T275 S2"	"declaration follows retained selector-blind transport only"
"adapter-bop/README.md"	"714f0bc5e837416a1084a0e0c96fb584f63bb51b29c75065c99b46d2fdc2d3de"	"supporting-reference"	"REFERENCE"	"retain-as-reference-only"	"docs/etc or source provenance"	"not an adapter ABI input"
"adapter-softpc/a20_capability.cc"	"fe265e099703a8a7684b758a60f9aa21041943f081cd6d7d361fcfd0d1e1ac46"	"implementation-candidate"	"ADAPTER-IF-004"	"defer"	"XMS owner package"	"XMS machine semantics remain source-owner-specific"
"adapter-softpc/a20_capability.h"	"9297ac4fb9a61501055f7ceb2ef2b71a52c1a1a87b648be10cf91d3569db7aec"	"declaration-candidate"	"ADAPTER-IF-004"	"defer"	"XMS owner package"	"XMS machine semantics remain source-owner-specific"
"adapter-softpc/bulk_result_transaction.c"	"e4ae7184d9d6a921a073eb9863ed55a902d61926f8075856aec52869274a2011"	"implementation-candidate"	"ADAPTER-IF-001"	"migrate"	"T275 S2"	"typed BOP result/completion mechanics belong with transport, not SoftPC facade"
"adapter-softpc/bulk_result_transaction.h"	"17915ef678ac805b0b46fc763f1ece57222acd178924f7e6fe4248f0c7c41f32"	"declaration-candidate"	"ADAPTER-IF-001"	"migrate"	"T275 S2"	"typed BOP result/completion mechanics belong with transport"
"adapter-softpc/cancellation_controller.h"	"c2a3158a2ffdc3950d866403935b2e671fc50f6744d4b74097b31c34acd2e9bf"	"declaration-candidate"	"ADAPTER-IF-002"	"retire"	"session or owner package"	"duplicate manager or narrow project helper"
"adapter-softpc/ccpu_frame_context.c"	"55f1006b3c2f7b7c4a32364dceba24be03304dabcd6555c308adcc64f95c9e0e"	"implementation-candidate"	"ADAPTER-IF-002"	"split-recover"	"T275 S3"	"bounded register/SAS mapping facade, using session-owned mapping instances"
"adapter-softpc/ccpu_frame_context.h"	"592858ee6ab42338e9c33e2d4188590ec3b59e4ea1bebe63903d18d384857ae6"	"declaration-candidate"	"ADAPTER-IF-002"	"split-recover"	"T275 S3"	"bounded register/SAS mapping facade"
"adapter-softpc/controlled_stop_service.c"	"f22a033dd68f97739d5e8cdf95136644da27f62b0e087a0efa5d20db30da16b5"	"implementation-candidate"	"ADAPTER-IF-001"	"migrate"	"T275 S2"	"typed BOP result/completion mechanics belong with transport, not SoftPC facade"
"adapter-softpc/controlled_stop_service.h"	"473fd08ebe4e02bad5e8c7d3b0302824a43817a9b03ab70611cdfa79c26e531f"	"declaration-candidate"	"ADAPTER-IF-001"	"migrate"	"T275 S2"	"typed BOP result/completion mechanics belong with transport"
"adapter-softpc/cpu_delta_abi.c"	"7d654ffc26a793f9f54c88c05e1b9ab0e386e1e373ff25fb3b598bf1a102930a"	"implementation-candidate"	"ADAPTER-IF-001"	"migrate"	"T275 S2"	"typed BOP result/completion mechanics belong with transport, not SoftPC facade"
"adapter-softpc/cpu_delta_abi.h"	"1f46b3479b93c315ee0c83ed5660ec659f38ed9332c611adc9ee686d697d75f8"	"declaration-candidate"	"ADAPTER-IF-001"	"migrate"	"T275 S2"	"typed BOP result/completion mechanics belong with transport"
"adapter-softpc/cpu_result.c"	"c4b86d8737b389dc867439687fde0ef2c2093e819078026723e0eac1c632e53a"	"implementation-candidate"	"ADAPTER-IF-001"	"migrate"	"T275 S2"	"typed BOP result/completion mechanics belong with transport, not SoftPC facade"
"adapter-softpc/cpu_result.h"	"dbcc32d835932e20d795a2a6862c388feda6690845b31ad2216bb66f02fc7158"	"declaration-candidate"	"ADAPTER-IF-001"	"migrate"	"T275 S2"	"typed BOP result/completion mechanics belong with transport"
"adapter-softpc/cpu_state_abi.c"	"b7a26973fe89b9d43a1db0a6524ea3347c53950c76cc78d2d3a1c067d2f87e00"	"implementation-candidate"	"ADAPTER-IF-001"	"migrate"	"T275 S2"	"typed BOP result/completion mechanics belong with transport, not SoftPC facade"
"adapter-softpc/cpu_state_abi.h"	"b097c8fa968380fad58f80a3e3a74f7bcc7bc4ae7126f157378f5e83bafc73b2"	"declaration-candidate"	"ADAPTER-IF-001"	"migrate"	"T275 S2"	"typed BOP result/completion mechanics belong with transport"
"adapter-softpc/dem/ccpu_sas_facade.c"	"d4ab01df09197cec7a4f9cb842b32bd46b483770cd30582940a0367e1d6cef9d"	"implementation-candidate"	"ADAPTER-IF-002"	"split-recover"	"T275 S3"	"bounded register/SAS mapping facade, using session-owned mapping instances"
"adapter-softpc/dem/ccpu_sas_facade.h"	"28001d57954ce99555fd5bcd4406641630eeffa29e3120f3c4f83d4ed34d4948"	"declaration-candidate"	"ADAPTER-IF-002"	"split-recover"	"T275 S3"	"bounded register/SAS mapping facade"
"adapter-softpc/dem/direct_context.c"	"b3ffbeb7e4205efb16d715d50ecb71ebb171246a9f3891092780617004440026"	"implementation-candidate"	"ADAPTER-IF-002"	"split-recover"	"T275 S3"	"bounded register/SAS mapping facade, using session-owned mapping instances"
"adapter-softpc/dem/direct_context.h"	"e3b1a457f0193f4dda45e47f519ddafb92ee7186d7c1497a180e282a8c2ee8a0"	"declaration-candidate"	"ADAPTER-IF-002"	"split-recover"	"T275 S3"	"bounded register/SAS mapping facade"
"adapter-softpc/exception_abi.c"	"d88e06338d9cdad6be1d4247d420227fc47586646ee8af79517b7fcbb23f8d30"	"implementation-candidate"	"ADAPTER-IF-001"	"migrate"	"T275 S2"	"typed BOP result/completion mechanics belong with transport, not SoftPC facade"
"adapter-softpc/exception_abi.h"	"8bf9865a7e112112d977937fcfe729ebab3df7f752aadd4a12d54e5e9702e32f"	"declaration-candidate"	"ADAPTER-IF-001"	"migrate"	"T275 S2"	"typed BOP result/completion mechanics belong with transport"
"adapter-softpc/finite_run.cc"	"4a00b66a4f0d3883941c532684338ff9093e8d625e3dac456b388a794c1674f4"	"implementation-candidate"	"ADAPTER-IF-003"	"retire"	"adapter-bochs only"	"old machine shell is not a same-shaped SoftPC facade"
"adapter-softpc/finite_run.h"	"c24e76cc5227f1ec834ca94f015f568404c08ef44fe65116a78d5b5ff8faa3f9"	"declaration-candidate"	"ADAPTER-IF-003"	"retire"	"adapter-bochs only"	"old machine shell is not a same-shaped SoftPC facade"
"adapter-softpc/first_fault_observation.cc"	"1e94ec6040e67f42ad7b31eaaf39f07c51227ec4a60f71b54c9e645741bdf3d0"	"implementation-candidate"	"ADAPTER-IF-006"	"retire"	"documentation-only"	"project observation has no original adapter caller"
"adapter-softpc/first_fault_observation.h"	"b66df6563e8fae0c55f82bf5107e065a317501e78fdeb44bfaecb2050e78db51"	"declaration-candidate"	"ADAPTER-IF-006"	"retire"	"documentation-only"	"project observation has no original adapter caller"
"adapter-softpc/guest_gather_read_action.c"	"440b536ab5238377b416f8c012ec01021b014ef6f2202d26ce70622c00df0e30"	"implementation-candidate"	"ADAPTER-IF-002"	"split-recover"	"T275 S3"	"bounded register/SAS mapping facade, using session-owned mapping instances"
"adapter-softpc/guest_gather_read_action.h"	"1095f3d3377553f1287472d647aa8f69cd6a6bb23ef5f749e1d5cd6b5763356e"	"declaration-candidate"	"ADAPTER-IF-002"	"split-recover"	"T275 S3"	"bounded register/SAS mapping facade"
"adapter-softpc/guest_pointer_manager.c"	"82a980a68883c885dd0b487d95148dec91c2c9a50c6363d68b6c202849bafeee"	"implementation-candidate"	"ADAPTER-IF-002"	"split-recover"	"T275 S3"	"bounded register/SAS mapping facade, using session-owned mapping instances"
"adapter-softpc/guest_pointer_manager.h"	"904596122d3cf3e86653e5c803f2d0f49ecefa65e3fce41b369c5875d6ec354a"	"declaration-candidate"	"ADAPTER-IF-002"	"split-recover"	"T275 S3"	"bounded register/SAS mapping facade"
"adapter-softpc/guest_range.c"	"49111068981906150b48f45f8a096a89b7b2688df13392182d22fc97bf42d53e"	"implementation-candidate"	"ADAPTER-IF-002"	"split-recover"	"T275 S3"	"bounded register/SAS mapping facade, using session-owned mapping instances"
"adapter-softpc/guest_range.h"	"490662c5c3ecb8febe5158e5a46de9c57015398bc5a7ba471f5c9b45c26fdb5c"	"declaration-candidate"	"ADAPTER-IF-002"	"split-recover"	"T275 S3"	"bounded register/SAS mapping facade"
"adapter-softpc/guest_read_action.c"	"552ed962fe67517ca95313e103fe6858747ce3601af0be01d3af14dd5dcb3e85"	"implementation-candidate"	"ADAPTER-IF-002"	"split-recover"	"T275 S3"	"bounded register/SAS mapping facade, using session-owned mapping instances"
"adapter-softpc/guest_read_action.h"	"5c07272c26da20f08a1e21bcc30e3b4bb4ee31f91c64e4d3726ebd03a301278e"	"declaration-candidate"	"ADAPTER-IF-002"	"split-recover"	"T275 S3"	"bounded register/SAS mapping facade"
"adapter-softpc/guest_write_abi.c"	"566dac8a8a42610734ef4322f295165ea98b7452dac66e48635621fb67060e8a"	"implementation-candidate"	"ADAPTER-IF-002"	"split-recover"	"T275 S3"	"bounded register/SAS mapping facade, using session-owned mapping instances"
"adapter-softpc/guest_write_abi.h"	"41e4eb7c30266334a9b8b831b48966b5a620e63b734bb460b1fcb9a01fc49a0d"	"declaration-candidate"	"ADAPTER-IF-002"	"split-recover"	"T275 S3"	"bounded register/SAS mapping facade"
"adapter-softpc/host_handle_manager.c"	"7ca82c416e5ae97c02822350e8f66c405d2146a2c96c0486d02b4611f273b81d"	"implementation-candidate"	"ADAPTER-IF-002"	"retire"	"session or owner package"	"duplicate manager or narrow project helper, not original same-shaped facade"
"adapter-softpc/host_handle_manager.h"	"d1ebf0090dd2174761991198597afcaf2747337cb4541c2690090a3135122ba6"	"declaration-candidate"	"ADAPTER-IF-002"	"retire"	"session or owner package"	"duplicate manager or narrow project helper"
"adapter-softpc/idle_shim.c"	"c00018bbe935d74340f2ea1b7564a26814e836438861e336d738c24bb1b07db0"	"implementation-candidate"	"ADAPTER-IF-002"	"retire"	"session or owner package"	"duplicate manager or narrow project helper, not original same-shaped facade"
"adapter-softpc/idle_shim.h"	"55796677b024fd8f5d9d642bb6b2aae9c5b0613c935635a1682ac57204649cd0"	"declaration-candidate"	"ADAPTER-IF-002"	"retire"	"session or owner package"	"duplicate manager or narrow project helper"
"adapter-softpc/include/mvdm/apistruc.h"	"6e9c33b3939126d06a42e97786cac18e38b9f0c2ecdfb7b590c6cc80d611920f"	"declaration-candidate"	"ADAPTER-IF-002"	"replace-with-exact-opennt-mirror-declaration"	"T275 S3 declaration audit"	"original declaration topology now lives in opennt-mvdm-host"
"adapter-softpc/include/mvdm/APISTRUC.INC"	"e3b0c44298fc1c149afbf4c8996fb92427ae41e4649b934ca495991b7852b855"	"declaration-candidate"	"ADAPTER-IF-002"	"replace-with-exact-opennt-mirror-declaration"	"T275 S3 declaration audit"	"original declaration topology now lives in opennt-mvdm-host"
"adapter-softpc/include/mvdm/BOP.INC"	"a3705f225c47e53dc4e106c7362366477f2f06c33cb9bf52515ca1299556f669"	"declaration-candidate"	"ADAPTER-IF-002"	"replace-with-exact-opennt-mirror-declaration"	"T275 S3 declaration audit"	"original declaration topology now lives in opennt-mvdm-host"
"adapter-softpc/include/mvdm/cmdsvc.h"	"c22d682422e2ac3200bdae808a5309b57a7a0402df2a3aa6199502d911ff6624"	"declaration-candidate"	"ADAPTER-IF-002"	"replace-with-exact-opennt-mirror-declaration"	"T275 S3 declaration audit"	"original declaration topology now lives in opennt-mvdm-host"
"adapter-softpc/include/mvdm/CMDSVC.INC"	"7643746ceec383536ca3ea2cfc4400ac94c8c7a34bd266b09258cfcb337441c6"	"declaration-candidate"	"ADAPTER-IF-002"	"replace-with-exact-opennt-mirror-declaration"	"T275 S3 declaration audit"	"original declaration topology now lives in opennt-mvdm-host"
"adapter-softpc/include/mvdm/curdir.h"	"8fb302f406591989abe2cf93880a84a100e694be745e42d79ce674503c5e6f9f"	"declaration-candidate"	"ADAPTER-IF-002"	"replace-with-exact-opennt-mirror-declaration"	"T275 S3 declaration audit"	"original declaration topology now lives in opennt-mvdm-host"
"adapter-softpc/include/mvdm/CURDIR.INC"	"8490c9aa0702bc17b6f73483837159934aa8c8f353df5402b71812ea87d63762"	"declaration-candidate"	"ADAPTER-IF-002"	"replace-with-exact-opennt-mirror-declaration"	"T275 S3 declaration audit"	"original declaration topology now lives in opennt-mvdm-host"
"adapter-softpc/include/mvdm/dbgexp.h"	"a915256a7a3796424ba8eb7ea2a257864a3986633752c870fe34762f3737ce95"	"declaration-candidate"	"ADAPTER-IF-002"	"replace-with-exact-opennt-mirror-declaration"	"T275 S3 declaration audit"	"original declaration topology now lives in opennt-mvdm-host"
"adapter-softpc/include/mvdm/dbginfo.h"	"eb63d7148716751592d41942924876b0a8d797a934785ab21b3202bfc436cf1b"	"declaration-candidate"	"ADAPTER-IF-002"	"replace-with-exact-opennt-mirror-declaration"	"T275 S3 declaration audit"	"original declaration topology now lives in opennt-mvdm-host"
"adapter-softpc/include/mvdm/dbgsvc.h"	"4bc3b1d40ea167e6a15a18a746bfcd79a4023248c0621f6c8e27b2c9ad684a43"	"declaration-candidate"	"ADAPTER-IF-002"	"replace-with-exact-opennt-mirror-declaration"	"T275 S3 declaration audit"	"original declaration topology now lives in opennt-mvdm-host"
"adapter-softpc/include/mvdm/DBGSVC.INC"	"296a6387cfe02445e6c8d43f9f68e1fd4dfbd9d654de3ba6460dee54f6dfc171"	"declaration-candidate"	"ADAPTER-IF-002"	"replace-with-exact-opennt-mirror-declaration"	"T275 S3 declaration audit"	"original declaration topology now lives in opennt-mvdm-host"
"adapter-softpc/include/mvdm/dossvc.h"	"82b5135e78bd3010128bd5dd54978b0e00aec0073f0a7e6b547cbe8dff08a91c"	"declaration-candidate"	"ADAPTER-IF-002"	"replace-with-exact-opennt-mirror-declaration"	"T275 S3 declaration audit"	"original declaration topology now lives in opennt-mvdm-host"
"adapter-softpc/include/mvdm/DOSSVC.INC"	"07c4676c9a44418c5a0175acc7a09c251bde892b0a838381edeee26e49c9faf3"	"declaration-candidate"	"ADAPTER-IF-002"	"replace-with-exact-opennt-mirror-declaration"	"T275 S3 declaration audit"	"original declaration topology now lives in opennt-mvdm-host"
"adapter-softpc/include/mvdm/doswow.h"	"10cb9dc735fd62300a003877ec2099581dadd650c95e2446f4c446dabd24c7fb"	"declaration-candidate"	"ADAPTER-IF-002"	"replace-with-exact-opennt-mirror-declaration"	"T275 S3 declaration audit"	"original declaration topology now lives in opennt-mvdm-host"
"adapter-softpc/include/mvdm/DOSWOW.INC"	"d6bd8a52bff2980dacab518da8f2330da5bb978e6c07d1846662078da49444fb"	"declaration-candidate"	"ADAPTER-IF-002"	"replace-with-exact-opennt-mirror-declaration"	"T275 S3 declaration audit"	"original declaration topology now lives in opennt-mvdm-host"
"adapter-softpc/include/mvdm/DPMI.INC"	"9e1ee5a80452668b6ec2e5fcdd0ed2686fddff26da7ff03bab63d0d3c08ee381"	"declaration-candidate"	"ADAPTER-IF-002"	"replace-with-exact-opennt-mirror-declaration"	"T275 S3 declaration audit"	"original declaration topology now lives in opennt-mvdm-host"
"adapter-softpc/include/mvdm/enumapis.h"	"4b7cba46d0e5fc067fa7cab5d47ba1d3eb46b22964aec881288cb9ef8f68718a"	"declaration-candidate"	"ADAPTER-IF-002"	"replace-with-exact-opennt-mirror-declaration"	"T275 S3 declaration audit"	"original declaration topology now lives in opennt-mvdm-host"
"adapter-softpc/include/mvdm/ENUMAPIS.INC"	"2c0712fd64213997b99b8fada9e8a253547efc7937dd0e7cae3469cd6ff580db"	"declaration-candidate"	"ADAPTER-IF-002"	"replace-with-exact-opennt-mirror-declaration"	"T275 S3 declaration audit"	"original declaration topology now lives in opennt-mvdm-host"
"adapter-softpc/include/mvdm/exterr.h"	"b2ac4a77324abed1774e2cd8f2a88276e45b63f2321ba4579b499f36846aeb54"	"declaration-candidate"	"ADAPTER-IF-002"	"replace-with-exact-opennt-mirror-declaration"	"T275 S3 declaration audit"	"original declaration topology now lives in opennt-mvdm-host"
"adapter-softpc/include/mvdm/intapi.h"	"7f93f3c00d10b3fa2045cf7f34e9751272e2e403dc2dcbf950ed4160aeba63a5"	"declaration-candidate"	"ADAPTER-IF-002"	"replace-with-exact-opennt-mirror-declaration"	"T275 S3 declaration audit"	"original declaration topology now lives in opennt-mvdm-host"
"adapter-softpc/include/mvdm/intmac.inc"	"2980d43394c76f17966aa9aa2775b2fc7b87e093ab94e1249b9fbc1295f83485"	"declaration-candidate"	"ADAPTER-IF-002"	"replace-with-exact-opennt-mirror-declaration"	"T275 S3 declaration audit"	"original declaration topology now lives in opennt-mvdm-host"
"adapter-softpc/include/mvdm/makefile"	"22619f4bdd9be2f377ab919997527aa9797dfdb0e10d5082ebf424cddf7280d9"	"supporting-reference"	"REFERENCE"	"retain-as-reference-only"	"docs/etc or source provenance"	"not an adapter ABI input"
"adapter-softpc/include/mvdm/memapi.h"	"0e72109252dbec2a9c79b54d28d0c2bda0967644dd9d1d1d2d789e8fd8aa8c99"	"declaration-candidate"	"ADAPTER-IF-002"	"replace-with-exact-opennt-mirror-declaration"	"T275 S3 declaration audit"	"original declaration topology now lives in opennt-mvdm-host"
"adapter-softpc/include/mvdm/monregs.h"	"8b8baaa697b4dea31fa51b4699a496d9d48673825ba3ab60869611df8ec092fb"	"declaration-candidate"	"ADAPTER-IF-002"	"replace-with-exact-opennt-mirror-declaration"	"T275 S3 declaration audit"	"original declaration topology now lives in opennt-mvdm-host"
"adapter-softpc/include/mvdm/mvdm.h"	"193ea3cc46ba1870883bbe682438221d54742357b4f617d759bc7e6d4723dd3f"	"declaration-candidate"	"ADAPTER-IF-002"	"replace-with-exact-opennt-mirror-declaration"	"T275 S3 declaration audit"	"original declaration topology now lives in opennt-mvdm-host"
"adapter-softpc/include/mvdm/MVDM.INC"	"514ce47685c836b3518242601f863befda40a47d472eac988780a678226794ed"	"declaration-candidate"	"ADAPTER-IF-002"	"replace-with-exact-opennt-mirror-declaration"	"T275 S3 declaration audit"	"original declaration topology now lives in opennt-mvdm-host"
"adapter-softpc/include/mvdm/netb.h"	"b2c047364573bf22ac28a507509942c5a4ba27b20523f3f30e87f5a7f8145872"	"declaration-candidate"	"ADAPTER-IF-002"	"replace-with-exact-opennt-mirror-declaration"	"T275 S3 declaration audit"	"original declaration topology now lives in opennt-mvdm-host"
"adapter-softpc/include/mvdm/oemuni.h"	"26c8509048272de86ed1b93f5af837434e90d8ecbc8a878d915c419be2d2bafb"	"declaration-candidate"	"ADAPTER-IF-002"	"replace-with-exact-opennt-mirror-declaration"	"T275 S3 declaration audit"	"original declaration topology now lives in opennt-mvdm-host"
"adapter-softpc/include/mvdm/rdrexp.h"	"5a40a916b423d7758625f9e82ea938c0334e71710cb491c91d373aff44f9a098"	"declaration-candidate"	"ADAPTER-IF-002"	"replace-with-exact-opennt-mirror-declaration"	"T275 S3 declaration audit"	"original declaration topology now lives in opennt-mvdm-host"
"adapter-softpc/include/mvdm/rdrsvc.h"	"c8bc9db22634adb5e3dc85d30f721e602ff1c6a28221958587d0804f8e96e45e"	"declaration-candidate"	"ADAPTER-IF-002"	"replace-with-exact-opennt-mirror-declaration"	"T275 S3 declaration audit"	"original declaration topology now lives in opennt-mvdm-host"
"adapter-softpc/include/mvdm/RDRSVC.INC"	"2c85bce46d4e9655fdf5c3bd18ace18b57d79160d9d85d1aefaa5cfb02c143ce"	"declaration-candidate"	"ADAPTER-IF-002"	"replace-with-exact-opennt-mirror-declaration"	"T275 S3 declaration audit"	"original declaration topology now lives in opennt-mvdm-host"
"adapter-softpc/include/mvdm/sharewow.h"	"6773774b049eed89820cf10c2354b95537e7d67c8e700566da14658dfa3a84a8"	"declaration-candidate"	"ADAPTER-IF-002"	"replace-with-exact-opennt-mirror-declaration"	"T275 S3 declaration audit"	"original declaration topology now lives in opennt-mvdm-host"
"adapter-softpc/include/mvdm/softpc.h"	"1e6fbd5f67aa04749d7896bd0109fe45daa22e691839d1261bbc3f039924bd9b"	"declaration-candidate"	"ADAPTER-IF-002"	"replace-with-exact-opennt-mirror-declaration"	"T275 S3 declaration audit"	"original declaration topology now lives in opennt-mvdm-host"
"adapter-softpc/include/mvdm/SOFTPC.INC"	"525702d6bc5a320a1b112dee068ddfff32f23a62d64f1b177bf2f0295975ded7"	"declaration-candidate"	"ADAPTER-IF-002"	"replace-with-exact-opennt-mirror-declaration"	"T275 S3 declaration audit"	"original declaration topology now lives in opennt-mvdm-host"
"adapter-softpc/include/mvdm/suballoc.h"	"98263eed4c261650c4b9c9b23f09f2ef19b31a0b1eb5c805d4c672ee85ded85c"	"declaration-candidate"	"ADAPTER-IF-002"	"replace-with-exact-opennt-mirror-declaration"	"T275 S3 declaration audit"	"original declaration topology now lives in opennt-mvdm-host"
"adapter-softpc/include/mvdm/tdb16.h"	"68f617f6edc76573d618ae2966887f0df4ea678b0b199f7347693d2ef11949eb"	"declaration-candidate"	"ADAPTER-IF-002"	"replace-with-exact-opennt-mirror-declaration"	"T275 S3 declaration audit"	"original declaration topology now lives in opennt-mvdm-host"
"adapter-softpc/include/mvdm/TDB16.INC"	"f8b245f5906d05d02cb4492698fbce84aadc381829ed438aa48461cb49eb0715"	"declaration-candidate"	"ADAPTER-IF-002"	"replace-with-exact-opennt-mirror-declaration"	"T275 S3 declaration audit"	"original declaration topology now lives in opennt-mvdm-host"
"adapter-softpc/include/mvdm/v86def.h"	"5bc822b487f5f1a236e6be8e107af5832fd680e026cf7231e0ae61e13595937e"	"declaration-candidate"	"ADAPTER-IF-002"	"replace-with-exact-opennt-mirror-declaration"	"T275 S3 declaration audit"	"original declaration topology now lives in opennt-mvdm-host"
"adapter-softpc/include/mvdm/vdmredir.h"	"2462271dd22683738e60b4154bd891a8dfc679d4c34b9f75b23ecf91523add2d"	"declaration-candidate"	"ADAPTER-IF-002"	"replace-with-exact-opennt-mirror-declaration"	"T275 S3 declaration audit"	"original declaration topology now lives in opennt-mvdm-host"
"adapter-softpc/include/mvdm/vdmtib.h"	"0cc304b64119b47d34ad34071dc4187a2fa2c47d53ae33e26d5a196045f1681b"	"declaration-candidate"	"ADAPTER-IF-002"	"replace-with-exact-opennt-mirror-declaration"	"T275 S3 declaration audit"	"original declaration topology now lives in opennt-mvdm-host"
"adapter-softpc/include/mvdm/VDMTIB.INC"	"0ad51b2faa863f5885f9b1326b24f8038d3bee01c04af11b059b4ca98c254661"	"declaration-candidate"	"ADAPTER-IF-002"	"replace-with-exact-opennt-mirror-declaration"	"T275 S3 declaration audit"	"original declaration topology now lives in opennt-mvdm-host"
"adapter-softpc/include/mvdm/VDMTIB.INC.old"	"675ceec6e626a6c05a1bae513d3712a1c216bffbe483fec6b86e06b17e8f11d7"	"supporting-reference"	"REFERENCE"	"retain-as-reference-only"	"docs/etc or source provenance"	"not an adapter ABI input"
"adapter-softpc/include/mvdm/vint.h"	"e88cc5f8624a4a899095a4f1794c697754c71aeb7e480d20d51fd6a976d612d1"	"declaration-candidate"	"ADAPTER-IF-002"	"replace-with-exact-opennt-mirror-declaration"	"T275 S3 declaration audit"	"original declaration topology now lives in opennt-mvdm-host"
"adapter-softpc/include/mvdm/VINT.INC"	"2ba06b3eea9a8ec96236d96ff7d996274b3feb5ac456524d6a9e8bd6a44541c7"	"declaration-candidate"	"ADAPTER-IF-002"	"replace-with-exact-opennt-mirror-declaration"	"T275 S3 declaration audit"	"original declaration topology now lives in opennt-mvdm-host"
"adapter-softpc/include/mvdm/vrdefld.h"	"e15089bf59f6f69fb39c2bc35d79d40da4b5ad2c9ed9401e955607ff5692b9ba"	"declaration-candidate"	"ADAPTER-IF-002"	"replace-with-exact-opennt-mirror-declaration"	"T275 S3 declaration audit"	"original declaration topology now lives in opennt-mvdm-host"
"adapter-softpc/include/mvdm/VRDEFLD.INC"	"8a1a7d7bd9c7c14739a469da3ea25ade85da77354ead01886780963119edb843"	"declaration-candidate"	"ADAPTER-IF-002"	"replace-with-exact-opennt-mirror-declaration"	"T275 S3 declaration audit"	"original declaration topology now lives in opennt-mvdm-host"
"adapter-softpc/include/mvdm/vrdlctab.h"	"bb57645d83b7285f14632914ee44d64f34b3c129b18fc59505b98c141a9cba2d"	"declaration-candidate"	"ADAPTER-IF-002"	"replace-with-exact-opennt-mirror-declaration"	"T275 S3 declaration audit"	"original declaration topology now lives in opennt-mvdm-host"
"adapter-softpc/include/mvdm/VRDLCTAB.INC"	"9c0c853347ff8cffc7d729eee61ae856f26bc21de466ca7237dbf5d825e12c09"	"declaration-candidate"	"ADAPTER-IF-002"	"replace-with-exact-opennt-mirror-declaration"	"T275 S3 declaration audit"	"original declaration topology now lives in opennt-mvdm-host"
"adapter-softpc/include/mvdm/vrinit.h"	"13fa0aa17ea85c2e9d0a48ffa72626c46cc1c53decad3dc4edcbdd1fa7034939"	"declaration-candidate"	"ADAPTER-IF-002"	"replace-with-exact-opennt-mirror-declaration"	"T275 S3 declaration audit"	"original declaration topology now lives in opennt-mvdm-host"
"adapter-softpc/include/mvdm/vrmisc.h"	"6dc036cec6c090484a85b21bd9fb51a7ebd263ce4186150f8d7ea1ba70598475"	"declaration-candidate"	"ADAPTER-IF-002"	"replace-with-exact-opennt-mirror-declaration"	"T275 S3 declaration audit"	"original declaration topology now lives in opennt-mvdm-host"
"adapter-softpc/include/mvdm/vrmslot.h"	"e3d8c1536f579ffe5751a2567ad24a662a76f7926a4ded696ac3c990fdcfc661"	"declaration-candidate"	"ADAPTER-IF-002"	"replace-with-exact-opennt-mirror-declaration"	"T275 S3 declaration audit"	"original declaration topology now lives in opennt-mvdm-host"
"adapter-softpc/include/mvdm/vrnetapi.h"	"fc1888ed1f18406fcb42c683dc414b22c08815e749576db9fa86afc60b416445"	"declaration-candidate"	"ADAPTER-IF-002"	"replace-with-exact-opennt-mirror-declaration"	"T275 S3 declaration audit"	"original declaration topology now lives in opennt-mvdm-host"
"adapter-softpc/include/mvdm/vrremote.h"	"e2214353d522aa44fb3bb2b2cd0918d51f5fc0a300e3643bb53090842d3d1819"	"declaration-candidate"	"ADAPTER-IF-002"	"replace-with-exact-opennt-mirror-declaration"	"T275 S3 declaration audit"	"original declaration topology now lives in opennt-mvdm-host"
"adapter-softpc/include/mvdm/wow.h"	"64663c13abaefccd99533352e08fb28efc66032c94a1780bff73be4f4cdbf70b"	"declaration-candidate"	"ADAPTER-IF-002"	"replace-with-exact-opennt-mirror-declaration"	"T275 S3 declaration audit"	"original declaration topology now lives in opennt-mvdm-host"
"adapter-softpc/include/mvdm/WOW.INC"	"87c5a5a1a3f34873b9bb27ba21eef73a576589229a205ec6dec32ca8e8b5aebc"	"declaration-candidate"	"ADAPTER-IF-002"	"replace-with-exact-opennt-mirror-declaration"	"T275 S3 declaration audit"	"original declaration topology now lives in opennt-mvdm-host"
"adapter-softpc/include/mvdm/wowclip.h"	"c4649db7307c225fc168444db32b31f700d33c06d2741c26579b5eed3a0cd75a"	"declaration-candidate"	"ADAPTER-IF-002"	"replace-with-exact-opennt-mirror-declaration"	"T275 S3 declaration audit"	"original declaration topology now lives in opennt-mvdm-host"
"adapter-softpc/include/mvdm/wowcmdlg.h"	"bd464ea1d43a71077f515db474a4156f2bd3a4f9dc90136b8f36ea427128d75f"	"declaration-candidate"	"ADAPTER-IF-002"	"replace-with-exact-opennt-mirror-declaration"	"T275 S3 declaration audit"	"original declaration topology now lives in opennt-mvdm-host"
"adapter-softpc/include/mvdm/WOWCMDLG.INC"	"19ce7bb243b18b97631949e8780e288bc702d320bcb01460c93754efa6813175"	"declaration-candidate"	"ADAPTER-IF-002"	"replace-with-exact-opennt-mirror-declaration"	"T275 S3 declaration audit"	"original declaration topology now lives in opennt-mvdm-host"
"adapter-softpc/include/mvdm/wowcmpat.h"	"0d0bab4df27031fdc35a39e7d3eb704b7f77ec25d981a215e30fb218aac9ee92"	"declaration-candidate"	"ADAPTER-IF-002"	"replace-with-exact-opennt-mirror-declaration"	"T275 S3 declaration audit"	"original declaration topology now lives in opennt-mvdm-host"
"adapter-softpc/include/mvdm/WOWCMPAT.INC"	"20cbcaadbd408c557c9116db02c889579d105d8a0b84816e8257d980a1987650"	"declaration-candidate"	"ADAPTER-IF-002"	"replace-with-exact-opennt-mirror-declaration"	"T275 S3 declaration audit"	"original declaration topology now lives in opennt-mvdm-host"
"adapter-softpc/include/mvdm/wowcomm.h"	"47b045ec54bafb663c390c85c08474793bc9f42b6c8a099cea82b3994e00fe21"	"declaration-candidate"	"ADAPTER-IF-002"	"replace-with-exact-opennt-mirror-declaration"	"T275 S3 declaration audit"	"original declaration topology now lives in opennt-mvdm-host"
"adapter-softpc/include/mvdm/wowddeml.h"	"8cd9627dd0af77790fd4c046c69f52c2a04fbf816166c8369033e65ae341e292"	"declaration-candidate"	"ADAPTER-IF-002"	"replace-with-exact-opennt-mirror-declaration"	"T275 S3 declaration audit"	"original declaration topology now lives in opennt-mvdm-host"
"adapter-softpc/include/mvdm/wowexp.h"	"9808ea87febfaf78ebb5cdfb2da68ac1c9795c6c19dd67c37a0e33ee95d6eb94"	"declaration-candidate"	"ADAPTER-IF-002"	"replace-with-exact-opennt-mirror-declaration"	"T275 S3 declaration audit"	"original declaration topology now lives in opennt-mvdm-host"
"adapter-softpc/include/mvdm/wowfax.h"	"f1b406590db7031c01c6eb7ecb80fe859bd89296ee2fec7b7618b77bda22bcd7"	"declaration-candidate"	"ADAPTER-IF-002"	"replace-with-exact-opennt-mirror-declaration"	"T275 S3 declaration audit"	"original declaration topology now lives in opennt-mvdm-host"
"adapter-softpc/include/mvdm/wowgdi.h"	"474b263b337b1b3724b0a154c5ff3ad7689eab54906bc4e327272dda04f0c8f8"	"declaration-candidate"	"ADAPTER-IF-002"	"replace-with-exact-opennt-mirror-declaration"	"T275 S3 declaration audit"	"original declaration topology now lives in opennt-mvdm-host"
"adapter-softpc/include/mvdm/WOWGDI.INC"	"5b6c2f8a7400862fdf65f35fc9c60e0e4185ed7a306579c1af41febf258aac52"	"declaration-candidate"	"ADAPTER-IF-002"	"replace-with-exact-opennt-mirror-declaration"	"T275 S3 declaration audit"	"original declaration topology now lives in opennt-mvdm-host"
"adapter-softpc/include/mvdm/wowinfo.h"	"a0a125eedf4138d353fea1f97316331fd5a8acfb82dbd80d7abfe5dedf350026"	"declaration-candidate"	"ADAPTER-IF-002"	"replace-with-exact-opennt-mirror-declaration"	"T275 S3 declaration audit"	"original declaration topology now lives in opennt-mvdm-host"
"adapter-softpc/include/mvdm/wowint.h"	"33449c2765f597b7ccde3ed61c45f35e72730fbaefc073a065c423a4ff716030"	"declaration-candidate"	"ADAPTER-IF-002"	"replace-with-exact-opennt-mirror-declaration"	"T275 S3 declaration audit"	"original declaration topology now lives in opennt-mvdm-host"
"adapter-softpc/include/mvdm/wowkbd.h"	"ecff4d47c62f462aa0cea48d5cb0c8c0b658e33d89dbb6f47899df2228a414cf"	"declaration-candidate"	"ADAPTER-IF-002"	"replace-with-exact-opennt-mirror-declaration"	"T275 S3 declaration audit"	"original declaration topology now lives in opennt-mvdm-host"
"adapter-softpc/include/mvdm/WOWKBD.INC"	"638e7096a7b69117e8400f3f96232a18691292b41d2ca63873d61f248a7d6f79"	"declaration-candidate"	"ADAPTER-IF-002"	"replace-with-exact-opennt-mirror-declaration"	"T275 S3 declaration audit"	"original declaration topology now lives in opennt-mvdm-host"
"adapter-softpc/include/mvdm/wowkrn.h"	"8d9fbb2c3b74c21588eaa7541513db0e3181e41caa0d6a38d2395ae27c01b8cf"	"declaration-candidate"	"ADAPTER-IF-002"	"replace-with-exact-opennt-mirror-declaration"	"T275 S3 declaration audit"	"original declaration topology now lives in opennt-mvdm-host"
"adapter-softpc/include/mvdm/WOWKRN.INC"	"3e0347b0d75ef2fac49cbf6c3b29e45ec71459807554143bc3251cac53479433"	"declaration-candidate"	"ADAPTER-IF-002"	"replace-with-exact-opennt-mirror-declaration"	"T275 S3 declaration audit"	"original declaration topology now lives in opennt-mvdm-host"
"adapter-softpc/include/mvdm/wowmmcb.h"	"c4135b71b57c210150d6083b6eb179ac256e164a1b58a475b4c4f9395dc3cf89"	"declaration-candidate"	"ADAPTER-IF-002"	"replace-with-exact-opennt-mirror-declaration"	"T275 S3 declaration audit"	"original declaration topology now lives in opennt-mvdm-host"
"adapter-softpc/include/mvdm/WOWMMCB.INC"	"0ba724bb298b3abfc0ac49248b02ca78887f0025c4bc6b8eff2079555c583be5"	"declaration-candidate"	"ADAPTER-IF-002"	"replace-with-exact-opennt-mirror-declaration"	"T275 S3 declaration audit"	"original declaration topology now lives in opennt-mvdm-host"
"adapter-softpc/include/mvdm/wowmmed.h"	"3087001d8496874b6f4cc3bd2934005c52bba5143ca6c80a8d6397483823a976"	"declaration-candidate"	"ADAPTER-IF-002"	"replace-with-exact-opennt-mirror-declaration"	"T275 S3 declaration audit"	"original declaration topology now lives in opennt-mvdm-host"
"adapter-softpc/include/mvdm/WOWMMED.INC"	"e2f65fbb12742ba27620ece28aeb6fa2136fc7ecf86cc16a1fbea7b7ab1ebf32"	"declaration-candidate"	"ADAPTER-IF-002"	"replace-with-exact-opennt-mirror-declaration"	"T275 S3 declaration audit"	"original declaration topology now lives in opennt-mvdm-host"
"adapter-softpc/include/mvdm/WOWNT32.INC"	"3f0df9fe5bae1f2022e6e0a346e35fa67eeb16482d6a37d66336aa150e9c9d2c"	"declaration-candidate"	"ADAPTER-IF-002"	"replace-with-exact-opennt-mirror-declaration"	"T275 S3 declaration audit"	"original declaration topology now lives in opennt-mvdm-host"
"adapter-softpc/include/mvdm/wowshell.h"	"cb1add79d3093adc0df9e433be4060b17fec4e0bcc4cde5081b1d405be22c2ad"	"declaration-candidate"	"ADAPTER-IF-002"	"replace-with-exact-opennt-mirror-declaration"	"T275 S3 declaration audit"	"original declaration topology now lives in opennt-mvdm-host"
"adapter-softpc/include/mvdm/WOWSHELL.INC"	"151845a03d19d5e41194e37b03e38038a150313c843d32b26ee8bd70105c3deb"	"declaration-candidate"	"ADAPTER-IF-002"	"replace-with-exact-opennt-mirror-declaration"	"T275 S3 declaration audit"	"original declaration topology now lives in opennt-mvdm-host"
"adapter-softpc/include/mvdm/wowsnd.h"	"87bab485ec593e87f046942c83a533094997c836ddc72d9dd2c3094dd632860e"	"declaration-candidate"	"ADAPTER-IF-002"	"replace-with-exact-opennt-mirror-declaration"	"T275 S3 declaration audit"	"original declaration topology now lives in opennt-mvdm-host"
"adapter-softpc/include/mvdm/WOWSND.INC"	"b483aef8a93769e6efbc02d955ebb0f79017b2e879214d01ad3c6bd9296563ac"	"declaration-candidate"	"ADAPTER-IF-002"	"replace-with-exact-opennt-mirror-declaration"	"T275 S3 declaration audit"	"original declaration topology now lives in opennt-mvdm-host"
"adapter-softpc/include/mvdm/wowth.h"	"18522e7009325558f9cd77b26b734cfc51768b7eb642e6f83e9d51128ea64f7a"	"declaration-candidate"	"ADAPTER-IF-002"	"replace-with-exact-opennt-mirror-declaration"	"T275 S3 declaration audit"	"original declaration topology now lives in opennt-mvdm-host"
"adapter-softpc/include/mvdm/WOWTH.INC"	"ce4a1be01d6467c251510ff60b65e5000912e8198ca87fcb7ae70f834721f882"	"declaration-candidate"	"ADAPTER-IF-002"	"replace-with-exact-opennt-mirror-declaration"	"T275 S3 declaration audit"	"original declaration topology now lives in opennt-mvdm-host"
"adapter-softpc/include/mvdm/wowusr.h"	"02938ac7dd2356cf551044b892658b90d52ea2476a0eed4c974e955e54482469"	"declaration-candidate"	"ADAPTER-IF-002"	"replace-with-exact-opennt-mirror-declaration"	"T275 S3 declaration audit"	"original declaration topology now lives in opennt-mvdm-host"
"adapter-softpc/include/mvdm/WOWUSR.INC"	"88e6535db84c9ccac703e406a9a25c92158068abc2edd00cce0164f0ef10f3e1"	"declaration-candidate"	"ADAPTER-IF-002"	"replace-with-exact-opennt-mirror-declaration"	"T275 S3 declaration audit"	"original declaration topology now lives in opennt-mvdm-host"
"adapter-softpc/include/mvdm/wowwsock.h"	"60f14934e48f82016e03974f76517477a0c65f3abe94d2520477ff81c518a468"	"declaration-candidate"	"ADAPTER-IF-002"	"replace-with-exact-opennt-mirror-declaration"	"T275 S3 declaration audit"	"original declaration topology now lives in opennt-mvdm-host"
"adapter-softpc/include/mvdm/WOWWSOCK.INC"	"43c5359bc06ed04661fe2c61d1c3f719a12f1cec07a39535f1cdb5a03f26f7fd"	"declaration-candidate"	"ADAPTER-IF-002"	"replace-with-exact-opennt-mirror-declaration"	"T275 S3 declaration audit"	"original declaration topology now lives in opennt-mvdm-host"
"adapter-softpc/include/mvdm/x86def.h"	"f5d8ab04433599401682b0e4f7ae45104b8c5195168cb12201d8278f1549f38d"	"declaration-candidate"	"ADAPTER-IF-002"	"replace-with-exact-opennt-mirror-declaration"	"T275 S3 declaration audit"	"original declaration topology now lives in opennt-mvdm-host"
"adapter-softpc/include/mvdm/XMSSVC.INC"	"430de6a636d6f8b3d94ed7ae36c6bb663e14a6f3dd59df236d395564840a63db"	"declaration-candidate"	"ADAPTER-IF-002"	"replace-with-exact-opennt-mirror-declaration"	"T275 S3 declaration audit"	"original declaration topology now lives in opennt-mvdm-host"
"adapter-softpc/include/softpc.new/base/inc/acc_efi.h"	"1223e330518775a04b49d913c8fbdff86d2eec0c8308218640d7fa9215c72142"	"declaration-candidate"	"ADAPTER-IF-002"	"replace-with-exact-opennt-mirror-declaration"	"T275 S3 declaration audit"	"original declaration topology now lives in opennt-mvdm-host"
"adapter-softpc/include/softpc.new/base/inc/base_def.h"	"084991cfc23dc79529cc67a43488ec114be882fb62a9f95b879e1b6995f7afae"	"declaration-candidate"	"ADAPTER-IF-002"	"replace-with-exact-opennt-mirror-declaration"	"T275 S3 declaration audit"	"original declaration topology now lives in opennt-mvdm-host"
"adapter-softpc/include/softpc.new/base/inc/bios.h"	"a181e9ddddf9cbeeff03b63f733d282455b2f21b578c6c9cf772bf726b41d064"	"declaration-candidate"	"ADAPTER-IF-002"	"replace-with-exact-opennt-mirror-declaration"	"T275 S3 declaration audit"	"original declaration topology now lives in opennt-mvdm-host"
"adapter-softpc/include/softpc.new/base/inc/build_id.h"	"ada95c82073f9c2a2b8a1f2f88a6631b2c0807d938fb0bf6dda9b83345717f50"	"declaration-candidate"	"ADAPTER-IF-002"	"replace-with-exact-opennt-mirror-declaration"	"T275 S3 declaration audit"	"original declaration topology now lives in opennt-mvdm-host"
"adapter-softpc/include/softpc.new/base/inc/cdrom.h"	"9da2a1531ac1eb2e0d2d9b57ec7e85328fd6402a83a3e562494b175f27101569"	"declaration-candidate"	"ADAPTER-IF-002"	"replace-with-exact-opennt-mirror-declaration"	"T275 S3 declaration audit"	"original declaration topology now lives in opennt-mvdm-host"
"adapter-softpc/include/softpc.new/base/inc/cdrom_fn.h"	"50376ae1cb7e4ff4ddb8ac8bd4af2e74c9ae3c86246c93e3380befb1fb65ea99"	"declaration-candidate"	"ADAPTER-IF-002"	"replace-with-exact-opennt-mirror-declaration"	"T275 S3 declaration audit"	"original declaration topology now lives in opennt-mvdm-host"
"adapter-softpc/include/softpc.new/base/inc/cga.h"	"683848966f4b5cb5667b9ae0ae140d9e08adcb62060bc77695db844c34b71b0b"	"declaration-candidate"	"ADAPTER-IF-002"	"replace-with-exact-opennt-mirror-declaration"	"T275 S3 declaration audit"	"original declaration topology now lives in opennt-mvdm-host"
"adapter-softpc/include/softpc.new/base/inc/chkmallc.h"	"a73066eace8bb5104696355c34d741205779cb53472595b58812798210d513e7"	"declaration-candidate"	"ADAPTER-IF-002"	"replace-with-exact-opennt-mirror-declaration"	"T275 S3 declaration audit"	"original declaration topology now lives in opennt-mvdm-host"
"adapter-softpc/include/softpc.new/base/inc/ckmalloc.h"	"49d55eba11bc663e678544a40536d1a799261c1cf67eb25b779a8c23465c81e3"	"declaration-candidate"	"ADAPTER-IF-002"	"replace-with-exact-opennt-mirror-declaration"	"T275 S3 declaration audit"	"original declaration topology now lives in opennt-mvdm-host"
"adapter-softpc/include/softpc.new/base/inc/cmos.h"	"ef4dae92c641b3dbeb7aaab67c3f49e1da9d01d2473d2b96fbece0121b235f99"	"declaration-candidate"	"ADAPTER-IF-002"	"replace-with-exact-opennt-mirror-declaration"	"T275 S3 declaration audit"	"original declaration topology now lives in opennt-mvdm-host"
"adapter-softpc/include/softpc.new/base/inc/cmosbios.h"	"ecd73c3bcc3b6dced9c22b04e9acbb524ab20c3d5ce96bf464e5e6af9fd19ee3"	"declaration-candidate"	"ADAPTER-IF-002"	"replace-with-exact-opennt-mirror-declaration"	"T275 S3 declaration audit"	"original declaration topology now lives in opennt-mvdm-host"
"adapter-softpc/include/softpc.new/base/inc/cntlbop.h"	"b14316fbd29fee3d582cd88c0b869e46ea01c41964fc1a4bfca87742db2a09cb"	"declaration-candidate"	"ADAPTER-IF-002"	"replace-with-exact-opennt-mirror-declaration"	"T275 S3 declaration audit"	"original declaration topology now lives in opennt-mvdm-host"
"adapter-softpc/include/softpc.new/base/inc/config.h"	"6c12b5c1bd7102c46d3e5b86795dcce8610e7b9adaead907ba031e9f9bf40034"	"declaration-candidate"	"ADAPTER-IF-002"	"replace-with-exact-opennt-mirror-declaration"	"T275 S3 declaration audit"	"original declaration topology now lives in opennt-mvdm-host"
"adapter-softpc/include/softpc.new/base/inc/cpu.h"	"c368cceafa5739f4592ecc1e62e4f6d02b788b0772dbd0a8f7e09c8c7c1cecbe"	"declaration-candidate"	"ADAPTER-IF-002"	"replace-with-exact-opennt-mirror-declaration"	"T275 S3 declaration audit"	"original declaration topology now lives in opennt-mvdm-host"
"adapter-softpc/include/softpc.new/base/inc/cpu_vid.h"	"f7b5efebebd8bf8c6ad5c56adb74c8217490b2b92f113b1e850401fd5f029500"	"declaration-candidate"	"ADAPTER-IF-002"	"replace-with-exact-opennt-mirror-declaration"	"T275 S3 declaration audit"	"original declaration topology now lives in opennt-mvdm-host"
"adapter-softpc/include/softpc.new/base/inc/cpu2.h"	"7e9cb73f825974421128e93c90a0096ad10518b6f48e47824e4b5d140638d216"	"declaration-candidate"	"ADAPTER-IF-002"	"replace-with-exact-opennt-mirror-declaration"	"T275 S3 declaration audit"	"original declaration topology now lives in opennt-mvdm-host"
"adapter-softpc/include/softpc.new/base/inc/cpu3.h"	"ad167e9ff54476da9bc31c724d284073fb5c8796aa4417c66524aecb9e33bc0a"	"declaration-candidate"	"ADAPTER-IF-002"	"replace-with-exact-opennt-mirror-declaration"	"T275 S3 declaration audit"	"original declaration topology now lives in opennt-mvdm-host"
"adapter-softpc/include/softpc.new/base/inc/cpu4.h"	"c1296168c866527a931bfa4b7cefe21f54acc96a6f242b0a60d6cdba4cdba725"	"declaration-candidate"	"ADAPTER-IF-002"	"replace-with-exact-opennt-mirror-declaration"	"T275 S3 declaration audit"	"original declaration topology now lives in opennt-mvdm-host"
"adapter-softpc/include/softpc.new/base/inc/d_inst.h"	"5c26efcce64e3a2bd0f6d64ca53775e6c6a4f016873e15cbfda98148439edfa3"	"declaration-candidate"	"ADAPTER-IF-002"	"replace-with-exact-opennt-mirror-declaration"	"T275 S3 declaration audit"	"original declaration topology now lives in opennt-mvdm-host"
"adapter-softpc/include/softpc.new/base/inc/d_oper.h"	"035d342c10eeed78180ed8881ef14b32477e93a12ce1c2cb35381554f598e90f"	"declaration-candidate"	"ADAPTER-IF-002"	"replace-with-exact-opennt-mirror-declaration"	"T275 S3 declaration audit"	"original declaration topology now lives in opennt-mvdm-host"
"adapter-softpc/include/softpc.new/base/inc/dasm.h"	"bb18cfba18fc1f8379feef143161e3e62462354cb101a95ac5e8f6e434c0dbe0"	"declaration-candidate"	"ADAPTER-IF-002"	"replace-with-exact-opennt-mirror-declaration"	"T275 S3 declaration audit"	"original declaration topology now lives in opennt-mvdm-host"
"adapter-softpc/include/softpc.new/base/inc/debug.h"	"59246b3c18bf6dfcd79b4e61bf961bc0382800deb4d968c198ceb415c284f21b"	"declaration-candidate"	"ADAPTER-IF-002"	"replace-with-exact-opennt-mirror-declaration"	"T275 S3 declaration audit"	"original declaration topology now lives in opennt-mvdm-host"
"adapter-softpc/include/softpc.new/base/inc/decode.h"	"d9ecc3cc6097818f6ab37478612778163fc1b647cf76c3159f30978534dab027"	"declaration-candidate"	"ADAPTER-IF-002"	"replace-with-exact-opennt-mirror-declaration"	"T275 S3 declaration audit"	"original declaration topology now lives in opennt-mvdm-host"
"adapter-softpc/include/softpc.new/base/inc/dfa.h"	"c34cb343b608e1cb0cbb53f8ea0f5f4f50289d7565dd5bc36bb02fd963b0d309"	"declaration-candidate"	"ADAPTER-IF-002"	"replace-with-exact-opennt-mirror-declaration"	"T275 S3 declaration audit"	"original declaration topology now lives in opennt-mvdm-host"
"adapter-softpc/include/softpc.new/base/inc/disk_geo.h"	"64b7624561a3ffab03e207f1e5174380c1c5e3481ed1a64e1af6ea4dd6500a35"	"declaration-candidate"	"ADAPTER-IF-002"	"replace-with-exact-opennt-mirror-declaration"	"T275 S3 declaration audit"	"original declaration topology now lives in opennt-mvdm-host"
"adapter-softpc/include/softpc.new/base/inc/dma.h"	"d69831cddb3de18bebe1532c659608b404686374324b3eeebed5607e15a774e4"	"declaration-candidate"	"ADAPTER-IF-002"	"replace-with-exact-opennt-mirror-declaration"	"T275 S3 declaration audit"	"original declaration topology now lives in opennt-mvdm-host"
"adapter-softpc/include/softpc.new/base/inc/dpmi.h"	"147472a572fe13d6a11307c28ef023b79b495087290b1c8124367b04f4891b46"	"declaration-candidate"	"ADAPTER-IF-002"	"replace-with-exact-opennt-mirror-declaration"	"T275 S3 declaration audit"	"original declaration topology now lives in opennt-mvdm-host"
"adapter-softpc/include/softpc.new/base/inc/dsktrace.h"	"3fcd4e9fa35ce109914cc48c66eaf9008a58cc71a2a238526f5aa5ebc7d2f121"	"declaration-candidate"	"ADAPTER-IF-002"	"replace-with-exact-opennt-mirror-declaration"	"T275 S3 declaration audit"	"original declaration topology now lives in opennt-mvdm-host"
"adapter-softpc/include/softpc.new/base/inc/dterm.h"	"925bbcd354ab9d78adb54057a0bb57822725b0b48d76e3db6824601def09f5af"	"declaration-candidate"	"ADAPTER-IF-002"	"replace-with-exact-opennt-mirror-declaration"	"T275 S3 declaration audit"	"original declaration topology now lives in opennt-mvdm-host"
"adapter-softpc/include/softpc.new/base/inc/egacpu.h"	"4a53a9d1c7fb984deb2c5b0fd629442ee8a35272ad90323624d55daa65886194"	"declaration-candidate"	"ADAPTER-IF-002"	"replace-with-exact-opennt-mirror-declaration"	"T275 S3 declaration audit"	"original declaration topology now lives in opennt-mvdm-host"
"adapter-softpc/include/softpc.new/base/inc/egagraph.h"	"20c58d8fb126135214410b44cda85a9fb57c7644088e820ce979ad37e7681a39"	"declaration-candidate"	"ADAPTER-IF-002"	"replace-with-exact-opennt-mirror-declaration"	"T275 S3 declaration audit"	"original declaration topology now lives in opennt-mvdm-host"
"adapter-softpc/include/softpc.new/base/inc/egamode.h"	"4540cc635760eb4a4ecd785672596a65e3d43f4e41ca27d8e2396762eac1c7a7"	"declaration-candidate"	"ADAPTER-IF-002"	"replace-with-exact-opennt-mirror-declaration"	"T275 S3 declaration audit"	"original declaration topology now lives in opennt-mvdm-host"
"adapter-softpc/include/softpc.new/base/inc/egaports.h"	"9258473bc4f8c375852c51ea8d7eb71a0163e503bd371f779b78eeb6227146af"	"declaration-candidate"	"ADAPTER-IF-002"	"replace-with-exact-opennt-mirror-declaration"	"T275 S3 declaration audit"	"original declaration topology now lives in opennt-mvdm-host"
"adapter-softpc/include/softpc.new/base/inc/egaread.h"	"d7a32e28259b5c25146a9e83feeae102be6815d937209a23c5ccf292aa1c0dac"	"declaration-candidate"	"ADAPTER-IF-002"	"replace-with-exact-opennt-mirror-declaration"	"T275 S3 declaration audit"	"original declaration topology now lives in opennt-mvdm-host"
"adapter-softpc/include/softpc.new/base/inc/egatrace.h"	"b7ea3a46cbf438275e2eddb68aaf7d9b744ea2a1b60e123fce833ab85b553e87"	"declaration-candidate"	"ADAPTER-IF-002"	"replace-with-exact-opennt-mirror-declaration"	"T275 S3 declaration audit"	"original declaration topology now lives in opennt-mvdm-host"
"adapter-softpc/include/softpc.new/base/inc/egavideo.h"	"5b47f5e3566927332de3c3f9474ba3595151758c0a8ff8fd6c9cc860f2f8e6cd"	"declaration-candidate"	"ADAPTER-IF-002"	"replace-with-exact-opennt-mirror-declaration"	"T275 S3 declaration audit"	"original declaration topology now lives in opennt-mvdm-host"
"adapter-softpc/include/softpc.new/base/inc/emm.h"	"d92cc144f50e60de5042f76c67574a3fdc22b0ad38411d92d1459d4a02b17789"	"declaration-candidate"	"ADAPTER-IF-002"	"replace-with-exact-opennt-mirror-declaration"	"T275 S3 declaration audit"	"original declaration topology now lives in opennt-mvdm-host"
"adapter-softpc/include/softpc.new/base/inc/equip.h"	"9530d21a819d9e3ff63d9fd8173f2c0df049cc48aa9ee49a740bad6db921e8aa"	"declaration-candidate"	"ADAPTER-IF-002"	"replace-with-exact-opennt-mirror-declaration"	"T275 S3 declaration audit"	"original declaration topology now lives in opennt-mvdm-host"
"adapter-softpc/include/softpc.new/base/inc/error.h"	"1adf0532f1ef298d7491e01714624e394ea795a308695bc1b05376a9b16ca7a3"	"declaration-candidate"	"ADAPTER-IF-002"	"replace-with-exact-opennt-mirror-declaration"	"T275 S3 declaration audit"	"original declaration topology now lives in opennt-mvdm-host"
"adapter-softpc/include/softpc.new/base/inc/fdisk.h"	"ab53ed73a6f2caf33d84a6011eff8ac1b098372e3e4012c3dfa6c4ad90a78386"	"declaration-candidate"	"ADAPTER-IF-002"	"replace-with-exact-opennt-mirror-declaration"	"T275 S3 declaration audit"	"original declaration topology now lives in opennt-mvdm-host"
"adapter-softpc/include/softpc.new/base/inc/fla.h"	"8c4947414bf23f36a15455ae03031d8ac907d4b55569f5e114790c45820f2f9e"	"declaration-candidate"	"ADAPTER-IF-002"	"replace-with-exact-opennt-mirror-declaration"	"T275 S3 declaration audit"	"original declaration topology now lives in opennt-mvdm-host"
"adapter-softpc/include/softpc.new/base/inc/flexlmif.h"	"ba27db4f84cc7707fe35cf96c3c8f0d99ad22adb99dfc755f5ddfe750b34d0e6"	"declaration-candidate"	"ADAPTER-IF-002"	"replace-with-exact-opennt-mirror-declaration"	"T275 S3 declaration audit"	"original declaration topology now lives in opennt-mvdm-host"
"adapter-softpc/include/softpc.new/base/inc/floppy.h"	"500e1a6e48950dc2c184a70c39b9606723133c6ab06affac898da89e24fbaca8"	"declaration-candidate"	"ADAPTER-IF-002"	"replace-with-exact-opennt-mirror-declaration"	"T275 S3 declaration audit"	"original declaration topology now lives in opennt-mvdm-host"
"adapter-softpc/include/softpc.new/base/inc/ga_defs.h"	"853220f9c349fe6c9ca3a0c05a21cc7ea3e97b5e8f8f65cbb846890f87d500b3"	"declaration-candidate"	"ADAPTER-IF-002"	"replace-with-exact-opennt-mirror-declaration"	"T275 S3 declaration audit"	"original declaration topology now lives in opennt-mvdm-host"
"adapter-softpc/include/softpc.new/base/inc/ga_mark.h"	"ef6896bc3d419ec7cd6c4946ebfc8862fef20b30ffb8bdd0e291aa9f95799a9d"	"declaration-candidate"	"ADAPTER-IF-002"	"replace-with-exact-opennt-mirror-declaration"	"T275 S3 declaration audit"	"original declaration topology now lives in opennt-mvdm-host"
"adapter-softpc/include/softpc.new/base/inc/gendrvr.h"	"f6750f0da3fab360f5348981440747be5dc612ce81eabec6913557f59b5f0185"	"declaration-candidate"	"ADAPTER-IF-002"	"replace-with-exact-opennt-mirror-declaration"	"T275 S3 declaration audit"	"original declaration topology now lives in opennt-mvdm-host"
"adapter-softpc/include/softpc.new/base/inc/get_env.h"	"d8a5457cbb151b35aa588c2e93a517b3f71f606aa7522bea3e3bffa4c10944f5"	"declaration-candidate"	"ADAPTER-IF-002"	"replace-with-exact-opennt-mirror-declaration"	"T275 S3 declaration audit"	"original declaration topology now lives in opennt-mvdm-host"
"adapter-softpc/include/softpc.new/base/inc/getptis.h"	"e3d1d37fcc3b148e5e27c041ea9c14609a5a5b98d76a23b90d76a0a7a057102c"	"declaration-candidate"	"ADAPTER-IF-002"	"replace-with-exact-opennt-mirror-declaration"	"T275 S3 declaration audit"	"original declaration topology now lives in opennt-mvdm-host"
"adapter-softpc/include/softpc.new/base/inc/gfi.h"	"ae7b3dc66f9d618a841068e0e730c79751a7e496e223cf1d01ef0c4505e54a9d"	"declaration-candidate"	"ADAPTER-IF-002"	"replace-with-exact-opennt-mirror-declaration"	"T275 S3 declaration audit"	"original declaration topology now lives in opennt-mvdm-host"
"adapter-softpc/include/softpc.new/base/inc/gfiempty.h"	"2990b990982a7381bb75662cf11c2378b958a912d188b4544d88be93cf9e6d0d"	"declaration-candidate"	"ADAPTER-IF-002"	"replace-with-exact-opennt-mirror-declaration"	"T275 S3 declaration audit"	"original declaration topology now lives in opennt-mvdm-host"
"adapter-softpc/include/softpc.new/base/inc/gfirflop.h"	"c5e342d391610160cb0a5b01ed49e4ef0778dcefcbe6261fac78fcb858581957"	"declaration-candidate"	"ADAPTER-IF-002"	"replace-with-exact-opennt-mirror-declaration"	"T275 S3 declaration audit"	"original declaration topology now lives in opennt-mvdm-host"
"adapter-softpc/include/softpc.new/base/inc/gfisflop.h"	"43fc7ed066c97d1c0264e08b6bcb1b3a8445f000d5a2132dcc415ebf1b0c88c4"	"declaration-candidate"	"ADAPTER-IF-002"	"replace-with-exact-opennt-mirror-declaration"	"T275 S3 declaration audit"	"original declaration topology now lives in opennt-mvdm-host"
"adapter-softpc/include/softpc.new/base/inc/gfitest.h"	"a6c81d867eeced198c856c04e95f5606b10281149d22e39a1c6d21083b0cd75a"	"declaration-candidate"	"ADAPTER-IF-002"	"replace-with-exact-opennt-mirror-declaration"	"T275 S3 declaration audit"	"original declaration topology now lives in opennt-mvdm-host"
"adapter-softpc/include/softpc.new/base/inc/gfx_upd.h"	"a8577d81b26da6831e8d5dd496e41ebd40a947c3d641c39c77304d509ba2be61"	"declaration-candidate"	"ADAPTER-IF-002"	"replace-with-exact-opennt-mirror-declaration"	"T275 S3 declaration audit"	"original declaration topology now lives in opennt-mvdm-host"
"adapter-softpc/include/softpc.new/base/inc/gisp_sas.h"	"2413fd0f1b4a4d9cb0238a4c811d088d2d0d1b0c0eaa423956400bd8256558e3"	"declaration-candidate"	"ADAPTER-IF-002"	"replace-with-exact-opennt-mirror-declaration"	"T275 S3 declaration audit"	"original declaration topology now lives in opennt-mvdm-host"
"adapter-softpc/include/softpc.new/base/inc/gispsvga.h"	"27cf2b856a23d0fb84e1162959043377dade1414d063349acaf952cf741bf60e"	"declaration-candidate"	"ADAPTER-IF-002"	"replace-with-exact-opennt-mirror-declaration"	"T275 S3 declaration audit"	"original declaration topology now lives in opennt-mvdm-host"
"adapter-softpc/include/softpc.new/base/inc/gmi.h"	"f1a15d96d876ba67ee8a60a6cf163351ace81fe32b22d7120b72101012ca2285"	"declaration-candidate"	"ADAPTER-IF-002"	"replace-with-exact-opennt-mirror-declaration"	"T275 S3 declaration audit"	"original declaration topology now lives in opennt-mvdm-host"
"adapter-softpc/include/softpc.new/base/inc/gore.h"	"ef1880d39bc72f79dae1b4a14103e99765cfb78968304142388a83e0ab3049f2"	"declaration-candidate"	"ADAPTER-IF-002"	"replace-with-exact-opennt-mirror-declaration"	"T275 S3 declaration audit"	"original declaration topology now lives in opennt-mvdm-host"
"adapter-softpc/include/softpc.new/base/inc/gvi.h"	"c4dfbf2bb2d6e8d79e9fd607f6ab50b149a5edb2768b25d2475002e2e9940716"	"declaration-candidate"	"ADAPTER-IF-002"	"replace-with-exact-opennt-mirror-declaration"	"T275 S3 declaration audit"	"original declaration topology now lives in opennt-mvdm-host"
"adapter-softpc/include/softpc.new/base/inc/harness.h"	"353bec829d0c72688de573f98949fd054930fcc97e589e68fbea8ee0699f29b5"	"declaration-candidate"	"ADAPTER-IF-002"	"replace-with-exact-opennt-mirror-declaration"	"T275 S3 declaration audit"	"original declaration topology now lives in opennt-mvdm-host"
"adapter-softpc/include/softpc.new/base/inc/haw.h"	"275a5fe153a3c54c2b1dacbbfc55466ee8c5b716a2bc92f53bab2e232bd9ab64"	"declaration-candidate"	"ADAPTER-IF-002"	"replace-with-exact-opennt-mirror-declaration"	"T275 S3 declaration audit"	"original declaration topology now lives in opennt-mvdm-host"
"adapter-softpc/include/softpc.new/base/inc/herc.h"	"79a9022310c6f37f6d2edbe05281d1edfd226e99b09a043b27b216ae1a084eb5"	"declaration-candidate"	"ADAPTER-IF-002"	"replace-with-exact-opennt-mirror-declaration"	"T275 S3 declaration audit"	"original declaration topology now lives in opennt-mvdm-host"
"adapter-softpc/include/softpc.new/base/inc/hfx.h"	"88f2ba15861dbb20e502b88b650c37aa3f5a569368665105b24c11e89b6bb758"	"declaration-candidate"	"ADAPTER-IF-002"	"replace-with-exact-opennt-mirror-declaration"	"T275 S3 declaration audit"	"original declaration topology now lives in opennt-mvdm-host"
"adapter-softpc/include/softpc.new/base/inc/hg_cpu.h"	"8e00125bee953744afd8dfc827b970f98e44adb0448bd1de97ebdc1671697d06"	"declaration-candidate"	"ADAPTER-IF-002"	"replace-with-exact-opennt-mirror-declaration"	"T275 S3 declaration audit"	"original declaration topology now lives in opennt-mvdm-host"
"adapter-softpc/include/softpc.new/base/inc/hg_sas.h"	"8ee2f4d5f08c78e1e25f5cd3aaf1fda95c7a5833449f9100c9236c9b63368344"	"declaration-candidate"	"ADAPTER-IF-002"	"replace-with-exact-opennt-mirror-declaration"	"T275 S3 declaration audit"	"original declaration topology now lives in opennt-mvdm-host"
"adapter-softpc/include/softpc.new/base/inc/hg_stat.h"	"b628d6dd29dbf4b1f039f0362922ade1dc1e4588c5271b95f45a7addd080e9ea"	"declaration-candidate"	"ADAPTER-IF-002"	"replace-with-exact-opennt-mirror-declaration"	"T275 S3 declaration audit"	"original declaration topology now lives in opennt-mvdm-host"
"adapter-softpc/include/softpc.new/base/inc/host.h"	"854b241a3f9da0436749c1c37cb0cdf312ea8e3a83b64ac5bb85152ac98ed693"	"declaration-candidate"	"ADAPTER-IF-002"	"replace-with-exact-opennt-mirror-declaration"	"T275 S3 declaration audit"	"original declaration topology now lives in opennt-mvdm-host"
"adapter-softpc/include/softpc.new/base/inc/host_cfg.h"	"b51660d37cc8249d10c74800eea996836c807e108ba627bbaf799078ae9098f6"	"declaration-candidate"	"ADAPTER-IF-002"	"replace-with-exact-opennt-mirror-declaration"	"T275 S3 declaration audit"	"original declaration topology now lives in opennt-mvdm-host"
"adapter-softpc/include/softpc.new/base/inc/host_com.h"	"d7085b215a923dc8df3a9dd44bdc3739d3035ac2fe8978f282b6a3cafd97b68b"	"declaration-candidate"	"ADAPTER-IF-002"	"replace-with-exact-opennt-mirror-declaration"	"T275 S3 declaration audit"	"original declaration topology now lives in opennt-mvdm-host"
"adapter-softpc/include/softpc.new/base/inc/host_fio.h"	"28c33ad38e38f45a0b66268b8f4f90c6269f0a0fbf428c78063b6bee2e4af388"	"declaration-candidate"	"ADAPTER-IF-002"	"replace-with-exact-opennt-mirror-declaration"	"T275 S3 declaration audit"	"original declaration topology now lives in opennt-mvdm-host"
"adapter-softpc/include/softpc.new/base/inc/host_gwi.h"	"c8ba2cd7ec941fbfd4a601845c098bb78ec589bab1ac94cad74e1f9c7ffc4c0d"	"declaration-candidate"	"ADAPTER-IF-002"	"replace-with-exact-opennt-mirror-declaration"	"T275 S3 declaration audit"	"original declaration topology now lives in opennt-mvdm-host"
"adapter-softpc/include/softpc.new/base/inc/host_hun.h"	"b2ef5f35b0828ada5881db818e59d7578dfa080e2321aa98f0bb6f315aef3936"	"declaration-candidate"	"ADAPTER-IF-002"	"replace-with-exact-opennt-mirror-declaration"	"T275 S3 declaration audit"	"original declaration topology now lives in opennt-mvdm-host"
"adapter-softpc/include/softpc.new/base/inc/host_lpt.h"	"8fdfe8fbd8e8dd4a9746a50851410a051f640365e3d59d9ed8024dfb397da820"	"declaration-candidate"	"ADAPTER-IF-002"	"replace-with-exact-opennt-mirror-declaration"	"T275 S3 declaration audit"	"original declaration topology now lives in opennt-mvdm-host"
"adapter-softpc/include/softpc.new/base/inc/host_msw.h"	"cf1ec4ebdc5ea03737bb97c8d0f5d82f52158e02927edb65e0e0eee5f9da4636"	"declaration-candidate"	"ADAPTER-IF-002"	"replace-with-exact-opennt-mirror-declaration"	"T275 S3 declaration audit"	"original declaration topology now lives in opennt-mvdm-host"
"adapter-softpc/include/softpc.new/base/inc/host_nls.h"	"59a01bea1d8b7960f22093a61b4e0b1554393406b339dd182ef5dff5b9e88bfc"	"declaration-candidate"	"ADAPTER-IF-002"	"replace-with-exact-opennt-mirror-declaration"	"T275 S3 declaration audit"	"original declaration topology now lives in opennt-mvdm-host"
"adapter-softpc/include/softpc.new/base/inc/host_pth.h"	"82a1cb3e1d14f3561f048a82967c5129048146778db3bc79881c28a95df98d95"	"declaration-candidate"	"ADAPTER-IF-002"	"replace-with-exact-opennt-mirror-declaration"	"T275 S3 declaration audit"	"original declaration topology now lives in opennt-mvdm-host"
"adapter-softpc/include/softpc.new/base/inc/host_sas.h"	"42f3e8b6a7ad9f4628ae35cd133b6747a19b840c0d3ead23d2d1567874c4e717"	"declaration-candidate"	"ADAPTER-IF-002"	"replace-with-exact-opennt-mirror-declaration"	"T275 S3 declaration audit"	"original declaration topology now lives in opennt-mvdm-host"
"adapter-softpc/include/softpc.new/base/inc/host_sig.h"	"c3090a8b6b8f9f270d8d4276b88c4b5157c928a38b27ec79cccef4186d6a108b"	"declaration-candidate"	"ADAPTER-IF-002"	"replace-with-exact-opennt-mirror-declaration"	"T275 S3 declaration audit"	"original declaration topology now lives in opennt-mvdm-host"
"adapter-softpc/include/softpc.new/base/inc/host_str.h"	"6f4937cffde44e3db9ccf0950fcd13b8a5bcf871cbaca778650853d746294e95"	"declaration-candidate"	"ADAPTER-IF-002"	"replace-with-exact-opennt-mirror-declaration"	"T275 S3 declaration audit"	"original declaration topology now lives in opennt-mvdm-host"
"adapter-softpc/include/softpc.new/base/inc/host_uis.h"	"929e79db4ec85a73286a04100c74415091bf7ce3f9ee890e374edeae47c103df"	"declaration-candidate"	"ADAPTER-IF-002"	"replace-with-exact-opennt-mirror-declaration"	"T275 S3 declaration audit"	"original declaration topology now lives in opennt-mvdm-host"
"adapter-softpc/include/softpc.new/base/inc/hosthunt.h"	"2af5ffe292725c250f8ce2df821b4c8b9996d89958f144dcacd8d405ca633fe2"	"declaration-candidate"	"ADAPTER-IF-002"	"replace-with-exact-opennt-mirror-declaration"	"T275 S3 declaration audit"	"original declaration topology now lives in opennt-mvdm-host"
"adapter-softpc/include/softpc.new/base/inc/hunter.h"	"92958f20ad0e03e8423eb190f0793813e02a752b1820e94aff01049573475edf"	"declaration-candidate"	"ADAPTER-IF-002"	"replace-with-exact-opennt-mirror-declaration"	"T275 S3 declaration audit"	"original declaration topology now lives in opennt-mvdm-host"
"adapter-softpc/include/softpc.new/base/inc/hwvga.h"	"5230bef1d6b5773f92fa6fe1f4c9d7b19e05c171be1491e9cab52016ab820b72"	"declaration-candidate"	"ADAPTER-IF-002"	"replace-with-exact-opennt-mirror-declaration"	"T275 S3 declaration audit"	"original declaration topology now lives in opennt-mvdm-host"
"adapter-softpc/include/softpc.new/base/inc/ica.h"	"5a28ccc583c85122b62a1cdbf6357fdea62b64c714f4fe12089e1c9ef9d6537a"	"declaration-candidate"	"ADAPTER-IF-002"	"replace-with-exact-opennt-mirror-declaration"	"T275 S3 declaration audit"	"original declaration topology now lives in opennt-mvdm-host"
"adapter-softpc/include/softpc.new/base/inc/idetect.h"	"b1b14373174f23549bafb75d01052e5f3f4d92b1d81305a8ed038b59354bdf55"	"declaration-candidate"	"ADAPTER-IF-002"	"replace-with-exact-opennt-mirror-declaration"	"T275 S3 declaration audit"	"original declaration topology now lives in opennt-mvdm-host"
"adapter-softpc/include/softpc.new/base/inc/ios.h"	"ae58169de7aa969000f7cf4374d3d850b55d352c3d4c6edcf52dec0e985620a4"	"declaration-candidate"	"ADAPTER-IF-002"	"replace-with-exact-opennt-mirror-declaration"	"T275 S3 declaration audit"	"original declaration topology now lives in opennt-mvdm-host"
"adapter-softpc/include/softpc.new/base/inc/ipx.h"	"def98422d6628b7d6936a6d0628b29b9c94a6d805decc56d621f089130f2cdcf"	"declaration-candidate"	"ADAPTER-IF-002"	"replace-with-exact-opennt-mirror-declaration"	"T275 S3 declaration audit"	"original declaration topology now lives in opennt-mvdm-host"
"adapter-softpc/include/softpc.new/base/inc/j_c_lang.h"	"1c0727f420986a3cde9992af5cf3c4c7b084029f3a3a4c04ad7549e7b01235a4"	"declaration-candidate"	"ADAPTER-IF-002"	"replace-with-exact-opennt-mirror-declaration"	"T275 S3 declaration audit"	"original declaration topology now lives in opennt-mvdm-host"
"adapter-softpc/include/softpc.new/base/inc/jcgensyn.h"	"6f207de257898856faa00baf78e381b15303e3ff57900af0ca4f651015cdbe15"	"declaration-candidate"	"ADAPTER-IF-002"	"replace-with-exact-opennt-mirror-declaration"	"T275 S3 declaration audit"	"original declaration topology now lives in opennt-mvdm-host"
"adapter-softpc/include/softpc.new/base/inc/jformate.h"	"49c0cd38a4a2da229e784768d5e10ed831d3abce76bd119cddb154dae293ada5"	"declaration-candidate"	"ADAPTER-IF-002"	"replace-with-exact-opennt-mirror-declaration"	"T275 S3 declaration audit"	"original declaration topology now lives in opennt-mvdm-host"
"adapter-softpc/include/softpc.new/base/inc/keyba.h"	"619a9be301eb3a4ca8632d2f2459413e8285c4796e3de35e20aba2488aa7a0b9"	"declaration-candidate"	"ADAPTER-IF-002"	"replace-with-exact-opennt-mirror-declaration"	"T275 S3 declaration audit"	"original declaration topology now lives in opennt-mvdm-host"
"adapter-softpc/include/softpc.new/base/inc/keyboard.h"	"1fe1d02140170eef068a61e8feec7f2e6bafc2d235ca6d2b345f898827f8ad9e"	"declaration-candidate"	"ADAPTER-IF-002"	"replace-with-exact-opennt-mirror-declaration"	"T275 S3 declaration audit"	"original declaration topology now lives in opennt-mvdm-host"
"adapter-softpc/include/softpc.new/base/inc/keycaps.h"	"aeeafe559ee28ae484897740af13b51de2105e5b17a1d3bae78a01d7bb6514e2"	"declaration-candidate"	"ADAPTER-IF-002"	"replace-with-exact-opennt-mirror-declaration"	"T275 S3 declaration audit"	"original declaration topology now lives in opennt-mvdm-host"
"adapter-softpc/include/softpc.new/base/inc/kybdmtx.h"	"04a7c5cfcbc08fcaef296feb55edcf779d616ba7fd0ab8fc8110ed2442a03c37"	"declaration-candidate"	"ADAPTER-IF-002"	"replace-with-exact-opennt-mirror-declaration"	"T275 S3 declaration audit"	"original declaration topology now lives in opennt-mvdm-host"
"adapter-softpc/include/softpc.new/base/inc/lm_attr.h"	"f0daa6a32aff8415e2921b57012752535e40751ac1a88b1f371a82e1ad4763f6"	"declaration-candidate"	"ADAPTER-IF-002"	"replace-with-exact-opennt-mirror-declaration"	"T275 S3 declaration audit"	"original declaration topology now lives in opennt-mvdm-host"
"adapter-softpc/include/softpc.new/base/inc/lm_clien.h"	"dcf42ddb359e55b9368c5d4e4b8f7a4ed075af40e26328b0434e3565406a8c6b"	"declaration-candidate"	"ADAPTER-IF-002"	"replace-with-exact-opennt-mirror-declaration"	"T275 S3 declaration audit"	"original declaration topology now lives in opennt-mvdm-host"
"adapter-softpc/include/softpc.new/base/inc/lm_code.h"	"981cee8585698990b8d7c69f3fd256a01219c2033fa81830c4b6887e33545f2f"	"declaration-candidate"	"ADAPTER-IF-002"	"replace-with-exact-opennt-mirror-declaration"	"T275 S3 declaration audit"	"original declaration topology now lives in opennt-mvdm-host"
"adapter-softpc/include/softpc.new/base/inc/loader.h"	"c195ab5835bc1f5fda5d84e4539c9adece36417ffc5663fb5b789f971eb6bae3"	"declaration-candidate"	"ADAPTER-IF-002"	"replace-with-exact-opennt-mirror-declaration"	"T275 S3 declaration audit"	"original declaration topology now lives in opennt-mvdm-host"
"adapter-softpc/include/softpc.new/base/inc/lock.h"	"bfca88d9c901515a44ea12290d10da19bdbcfb66227cc497aaf78d93950a022d"	"declaration-candidate"	"ADAPTER-IF-002"	"replace-with-exact-opennt-mirror-declaration"	"T275 S3 declaration audit"	"original declaration topology now lives in opennt-mvdm-host"
"adapter-softpc/include/softpc.new/base/inc/low_intp.h"	"71f6bbc11d7020b985a36ae68419ec42f6779b897be564771de00ede350fb644"	"declaration-candidate"	"ADAPTER-IF-002"	"replace-with-exact-opennt-mirror-declaration"	"T275 S3 declaration audit"	"original declaration topology now lives in opennt-mvdm-host"
"adapter-softpc/include/softpc.new/base/inc/lq2500.h"	"87deb2b8504ff62f7d05464a4a6c26924117c213e34b77bb47b3f091fc86c296"	"declaration-candidate"	"ADAPTER-IF-002"	"replace-with-exact-opennt-mirror-declaration"	"T275 S3 declaration audit"	"original declaration topology now lives in opennt-mvdm-host"
"adapter-softpc/include/softpc.new/base/inc/m_errorp.h"	"ca61755977b972853bda02c4f659554e14efd7b7abab238f0b30e51dbd9b3d66"	"declaration-candidate"	"ADAPTER-IF-002"	"replace-with-exact-opennt-mirror-declaration"	"T275 S3 declaration audit"	"original declaration topology now lives in opennt-mvdm-host"
"adapter-softpc/include/softpc.new/base/inc/m_fs.h"	"b6206bbaab8b425286721c07e1c7082dfdc0e3ff103d7d753420bcb7ef2f398e"	"declaration-candidate"	"ADAPTER-IF-002"	"replace-with-exact-opennt-mirror-declaration"	"T275 S3 declaration audit"	"original declaration topology now lives in opennt-mvdm-host"
"adapter-softpc/include/softpc.new/base/inc/m_keybdp.h"	"a02fa7b65c939ad128b4776aed4f2e3fb64d3376d9145cbe3dd79e5a7d12d8a9"	"declaration-candidate"	"ADAPTER-IF-002"	"replace-with-exact-opennt-mirror-declaration"	"T275 S3 declaration audit"	"original declaration topology now lives in opennt-mvdm-host"
"adapter-softpc/include/softpc.new/base/inc/m_lpcmp.h"	"157ac9a370fc9c2e7586dbea939d39c6f0ca1ef32f91f1f2a26e441fa9fb4628"	"declaration-candidate"	"ADAPTER-IF-002"	"replace-with-exact-opennt-mirror-declaration"	"T275 S3 declaration audit"	"original declaration topology now lives in opennt-mvdm-host"
"adapter-softpc/include/softpc.new/base/inc/make_dis.h"	"e052f7d27ec858eb4bd7164c7bfda179dbea7080541756d82b719c632521e759"	"declaration-candidate"	"ADAPTER-IF-002"	"replace-with-exact-opennt-mirror-declaration"	"T275 S3 declaration audit"	"original declaration topology now lives in opennt-mvdm-host"
"adapter-softpc/include/softpc.new/base/inc/mark_ima.h"	"9af24af31e9c5da70bb8c25fe0aca758815fa186c185282e754535839b6e80f8"	"declaration-candidate"	"ADAPTER-IF-002"	"replace-with-exact-opennt-mirror-declaration"	"T275 S3 declaration audit"	"original declaration topology now lives in opennt-mvdm-host"
"adapter-softpc/include/softpc.new/base/inc/mda.h"	"751acb35ec7364ee370077bc909c6a4cf2d4472d18e3259e29f43c7665079a52"	"declaration-candidate"	"ADAPTER-IF-002"	"replace-with-exact-opennt-mirror-declaration"	"T275 S3 declaration audit"	"original declaration topology now lives in opennt-mvdm-host"
"adapter-softpc/include/softpc.new/base/inc/mouse.h"	"f63c726698057991eeff3b172c4b4bdd7e5948e00bffe15782c37293a21132ce"	"declaration-candidate"	"ADAPTER-IF-002"	"replace-with-exact-opennt-mirror-declaration"	"T275 S3 declaration audit"	"original declaration topology now lives in opennt-mvdm-host"
"adapter-softpc/include/softpc.new/base/inc/mouse_io.h"	"6387d3317faaa0ab35c3652abc52283601a996bcb0f3019234a2cdb246a6662a"	"declaration-candidate"	"ADAPTER-IF-002"	"replace-with-exact-opennt-mirror-declaration"	"T275 S3 declaration audit"	"original declaration topology now lives in opennt-mvdm-host"
"adapter-softpc/include/softpc.new/base/inc/mouse16b.h"	"ef535eea17068630110026351373b0e5514ae2464a92474633dbe8140318b250"	"declaration-candidate"	"ADAPTER-IF-002"	"replace-with-exact-opennt-mirror-declaration"	"T275 S3 declaration audit"	"original declaration topology now lives in opennt-mvdm-host"
"adapter-softpc/include/softpc.new/base/inc/ms_windo.h"	"f76510e61219069b0864434a6920a8639c4f7d2905d0ab9df22e0663ed27e52d"	"declaration-candidate"	"ADAPTER-IF-002"	"replace-with-exact-opennt-mirror-declaration"	"T275 S3 declaration audit"	"original declaration topology now lives in opennt-mvdm-host"
"adapter-softpc/include/softpc.new/base/inc/msw_dbg.h"	"3726b678c5bd4e98484c423b685b178d28c074625ce1de934d946f07021848e7"	"declaration-candidate"	"ADAPTER-IF-002"	"replace-with-exact-opennt-mirror-declaration"	"T275 S3 declaration audit"	"original declaration topology now lives in opennt-mvdm-host"
"adapter-softpc/include/softpc.new/base/inc/msw_keyb.h"	"e39f2af151f2f67f17610d2834254a3cf7063f51ed6faf3e90c25ef799847785"	"declaration-candidate"	"ADAPTER-IF-002"	"replace-with-exact-opennt-mirror-declaration"	"T275 S3 declaration audit"	"original declaration topology now lives in opennt-mvdm-host"
"adapter-softpc/include/softpc.new/base/inc/msw_snd.h"	"3cb956d90427a1212e64c08bee246cf11c261545d5ac2d7f5764a8d7d27fb7dc"	"declaration-candidate"	"ADAPTER-IF-002"	"replace-with-exact-opennt-mirror-declaration"	"T275 S3 declaration audit"	"original declaration topology now lives in opennt-mvdm-host"
"adapter-softpc/include/softpc.new/base/inc/novell.h"	"4fb1d6008cbaea0c3b36985743ec00bbf0441fa3aeea1fbefb17c6a598a0bcbf"	"declaration-candidate"	"ADAPTER-IF-002"	"replace-with-exact-opennt-mirror-declaration"	"T275 S3 declaration audit"	"original declaration topology now lives in opennt-mvdm-host"
"adapter-softpc/include/softpc.new/base/inc/ppi.h"	"7967ae65e76cb00e58f350e87cd115b6ed7a97c81ff96e3b528f9740d3378612"	"declaration-candidate"	"ADAPTER-IF-002"	"replace-with-exact-opennt-mirror-declaration"	"T275 S3 declaration audit"	"original declaration topology now lives in opennt-mvdm-host"
"adapter-softpc/include/softpc.new/base/inc/printer.h"	"c4c064dd442805e2942a799d8c90b46d6f26e4fbe5bba58799f53bbbebb42092"	"declaration-candidate"	"ADAPTER-IF-002"	"replace-with-exact-opennt-mirror-declaration"	"T275 S3 declaration audit"	"original declaration topology now lives in opennt-mvdm-host"
"adapter-softpc/include/softpc.new/base/inc/profile.h"	"67a8fc100d29da9b908f2fb4f8b437963bb64193732279a6c31751895e86d14d"	"declaration-candidate"	"ADAPTER-IF-002"	"replace-with-exact-opennt-mirror-declaration"	"T275 S3 declaration audit"	"original declaration topology now lives in opennt-mvdm-host"
"adapter-softpc/include/softpc.new/base/inc/quick_ev.h"	"c59fec315058b2cc03394d02d9c3756350357f7eb8cb48a541e56aae1b7939a2"	"declaration-candidate"	"ADAPTER-IF-002"	"replace-with-exact-opennt-mirror-declaration"	"T275 S3 declaration audit"	"original declaration topology now lives in opennt-mvdm-host"
"adapter-softpc/include/softpc.new/base/inc/rom.h"	"2075310f9ca8a1a94d9606cd79af36328615412b6912e17f50e2b46081685a5a"	"declaration-candidate"	"ADAPTER-IF-002"	"replace-with-exact-opennt-mirror-declaration"	"T275 S3 declaration audit"	"original declaration topology now lives in opennt-mvdm-host"
"adapter-softpc/include/softpc.new/base/inc/rommap.h"	"ff6e61f520e51ee7f64b8ee96bf55ecb2e634f9dc139ced165fcc06ab7baeb05"	"declaration-candidate"	"ADAPTER-IF-002"	"replace-with-exact-opennt-mirror-declaration"	"T275 S3 declaration audit"	"original declaration topology now lives in opennt-mvdm-host"
"adapter-softpc/include/softpc.new/base/inc/rs232.h"	"80ddf84cdde4d7e5544210a489a103b2850a38f9f3a285199eb07ac8de4e7779"	"declaration-candidate"	"ADAPTER-IF-002"	"replace-with-exact-opennt-mirror-declaration"	"T275 S3 declaration audit"	"original declaration topology now lives in opennt-mvdm-host"
"adapter-softpc/include/softpc.new/base/inc/rtc_bios.h"	"ef200bc2174e6bda4010095c1e7615e55a57eeaaa6a7f37f2484afa435414f13"	"declaration-candidate"	"ADAPTER-IF-002"	"replace-with-exact-opennt-mirror-declaration"	"T275 S3 declaration audit"	"original declaration topology now lives in opennt-mvdm-host"
"adapter-softpc/include/softpc.new/base/inc/sas.h"	"63832958d3a6b9ef2f9f209e5ada4af8067fab3b5cdb6f317c5663cbd2b5f2ef"	"declaration-candidate"	"ADAPTER-IF-002"	"replace-with-exact-opennt-mirror-declaration"	"T275 S3 declaration audit"	"original declaration topology now lives in opennt-mvdm-host"
"adapter-softpc/include/softpc.new/base/inc/sasp.h"	"fb0a92f22363b461916789c31bc6f254611d705ea3f4db0a42cd5421ed7febf4"	"declaration-candidate"	"ADAPTER-IF-002"	"replace-with-exact-opennt-mirror-declaration"	"T275 S3 declaration audit"	"original declaration topology now lives in opennt-mvdm-host"
"adapter-softpc/include/softpc.new/base/inc/smeg.h"	"a5437ed7c7fcee1dc3b67304cbeec0a0c949c5770f53406b6b8a0f594ba3b136"	"declaration-candidate"	"ADAPTER-IF-002"	"replace-with-exact-opennt-mirror-declaration"	"T275 S3 declaration audit"	"original declaration topology now lives in opennt-mvdm-host"
"adapter-softpc/include/softpc.new/base/inc/smeg_hea.h"	"ca784c2c076245462181acb61ad44dd89e92d26beef4227864152a50f9d5a47d"	"declaration-candidate"	"ADAPTER-IF-002"	"replace-with-exact-opennt-mirror-declaration"	"T275 S3 declaration audit"	"original declaration topology now lives in opennt-mvdm-host"
"adapter-softpc/include/softpc.new/base/inc/spc_icon.h"	"0f49f06c62860a0d5d9b0c645d148cf00416c341c3c82a7ec307349657781eea"	"declaration-candidate"	"ADAPTER-IF-002"	"replace-with-exact-opennt-mirror-declaration"	"T275 S3 declaration audit"	"original declaration topology now lives in opennt-mvdm-host"
"adapter-softpc/include/softpc.new/base/inc/spcfile.h"	"f66a4e556950df5f302a18068f30eb871747af4609793435024b312b08780b6e"	"declaration-candidate"	"ADAPTER-IF-002"	"replace-with-exact-opennt-mirror-declaration"	"T275 S3 declaration audit"	"original declaration topology now lives in opennt-mvdm-host"
"adapter-softpc/include/softpc.new/base/inc/standard.h"	"4828e8fdb81f7d6d4d1d13f5adad76fe40fa80732a1fa19c94197d1b804595c2"	"declaration-candidate"	"ADAPTER-IF-002"	"replace-with-exact-opennt-mirror-declaration"	"T275 S3 declaration audit"	"original declaration topology now lives in opennt-mvdm-host"
"adapter-softpc/include/softpc.new/base/inc/suplib.h"	"012bcdd28b9d105a6d4bf9c01bbdfa8ccf855910cb00119ba7b1c45884237f7f"	"declaration-candidate"	"ADAPTER-IF-002"	"replace-with-exact-opennt-mirror-declaration"	"T275 S3 declaration audit"	"original declaration topology now lives in opennt-mvdm-host"
"adapter-softpc/include/softpc.new/base/inc/swinhelp.h"	"df7d0d15f908e554d41a119ef947a744861ae5b29fec9b4204eea687f9743717"	"declaration-candidate"	"ADAPTER-IF-002"	"replace-with-exact-opennt-mirror-declaration"	"T275 S3 declaration audit"	"original declaration topology now lives in opennt-mvdm-host"
"adapter-softpc/include/softpc.new/base/inc/swinmgre.h"	"303ca6566369a686647b246c859b4aa39260acefd9da38ae00cf28396e3e93fe"	"declaration-candidate"	"ADAPTER-IF-002"	"replace-with-exact-opennt-mirror-declaration"	"T275 S3 declaration audit"	"original declaration topology now lives in opennt-mvdm-host"
"adapter-softpc/include/softpc.new/base/inc/tape_io.h"	"cca3e19561b62ecebe674f180faf6d0760f581433563e84711dc742d871fb309"	"declaration-candidate"	"ADAPTER-IF-002"	"replace-with-exact-opennt-mirror-declaration"	"T275 S3 declaration audit"	"original declaration topology now lives in opennt-mvdm-host"
"adapter-softpc/include/softpc.new/base/inc/tcpip.h"	"9aeffc3eb1280b20eaa859ef2b36e1fef23c8bb2fe3b7f60a3018150754aa8a7"	"declaration-candidate"	"ADAPTER-IF-002"	"replace-with-exact-opennt-mirror-declaration"	"T275 S3 declaration audit"	"original declaration topology now lives in opennt-mvdm-host"
"adapter-softpc/include/softpc.new/base/inc/timer.h"	"b5704cc3ec76cd4dc010eeecc07e4c78ff76428266f6719cf34a65c9dd4b1f2d"	"declaration-candidate"	"ADAPTER-IF-002"	"replace-with-exact-opennt-mirror-declaration"	"T275 S3 declaration audit"	"original declaration topology now lives in opennt-mvdm-host"
"adapter-softpc/include/softpc.new/base/inc/timestmp.h"	"b7f26a48bc185445a4a30bdc3cc3db597dc706b0148b34ea97be7f29c273edf1"	"declaration-candidate"	"ADAPTER-IF-002"	"replace-with-exact-opennt-mirror-declaration"	"T275 S3 declaration audit"	"original declaration topology now lives in opennt-mvdm-host"
"adapter-softpc/include/softpc.new/base/inc/timeval.h"	"49ab8b88c971a9da3d0cadc974f04f6c329aef23c25efd8bfd7e3d50b1a8dfc0"	"declaration-candidate"	"ADAPTER-IF-002"	"replace-with-exact-opennt-mirror-declaration"	"T275 S3 declaration audit"	"original declaration topology now lives in opennt-mvdm-host"
"adapter-softpc/include/softpc.new/base/inc/tmstrobe.h"	"218c4f4841da5180d2140c1179a555dd4b33bdfebf04fe76b3a0f245e17f6ca4"	"declaration-candidate"	"ADAPTER-IF-002"	"replace-with-exact-opennt-mirror-declaration"	"T275 S3 declaration audit"	"original declaration topology now lives in opennt-mvdm-host"
"adapter-softpc/include/softpc.new/base/inc/trace.h"	"d70092a47d833c0ec3d859ebe7963feb374f5f0abb9288a03f9ffea7198b275f"	"declaration-candidate"	"ADAPTER-IF-002"	"replace-with-exact-opennt-mirror-declaration"	"T275 S3 declaration audit"	"original declaration topology now lives in opennt-mvdm-host"
"adapter-softpc/include/softpc.new/base/inc/tredltr.h"	"0fac7a13402da75950b2f701e3700442cf21a2fc73686301566ed3f9035fc952"	"declaration-candidate"	"ADAPTER-IF-002"	"replace-with-exact-opennt-mirror-declaration"	"T275 S3 declaration audit"	"original declaration topology now lives in opennt-mvdm-host"
"adapter-softpc/include/softpc.new/base/inc/umb.h"	"2461d7f74c3317a98d1456c238ad2f14bcdb2cbcd189d39836f24a353893e4b3"	"declaration-candidate"	"ADAPTER-IF-002"	"replace-with-exact-opennt-mirror-declaration"	"T275 S3 declaration audit"	"original declaration topology now lives in opennt-mvdm-host"
"adapter-softpc/include/softpc.new/base/inc/unix_asy.h"	"ef87c2c6eb2300a4339846a80334687828fd184b20a274f568f87446157dbfc0"	"declaration-candidate"	"ADAPTER-IF-002"	"replace-with-exact-opennt-mirror-declaration"	"T275 S3 declaration audit"	"original declaration topology now lives in opennt-mvdm-host"
"adapter-softpc/include/softpc.new/base/inc/unix_cnf.h"	"1db2d689864893264a6c40445525840a6047213caea4945a646fc59cc41d9019"	"declaration-candidate"	"ADAPTER-IF-002"	"replace-with-exact-opennt-mirror-declaration"	"T275 S3 declaration audit"	"original declaration topology now lives in opennt-mvdm-host"
"adapter-softpc/include/softpc.new/base/inc/unix_loc.h"	"3bd6197388c1ef0ba79b9c44b5bc8b064d3f105234f8179682d4f41eda9187cd"	"declaration-candidate"	"ADAPTER-IF-002"	"replace-with-exact-opennt-mirror-declaration"	"T275 S3 declaration audit"	"original declaration topology now lives in opennt-mvdm-host"
"adapter-softpc/include/softpc.new/base/inc/vga_dac.h"	"e4509e5d47e5f4297846206005b225561bf53ee5552a03ed4a9649eb9a955594"	"declaration-candidate"	"ADAPTER-IF-002"	"replace-with-exact-opennt-mirror-declaration"	"T275 S3 declaration audit"	"original declaration topology now lives in opennt-mvdm-host"
"adapter-softpc/include/softpc.new/base/inc/vgaports.h"	"7d2c9ceadd144ea014757549ab83e8ff8e28b6e92c11f0cd379119d07c0bd2f2"	"declaration-candidate"	"ADAPTER-IF-002"	"replace-with-exact-opennt-mirror-declaration"	"T275 S3 declaration audit"	"original declaration topology now lives in opennt-mvdm-host"
"adapter-softpc/include/softpc.new/base/inc/vgastate.h"	"bfff3b82a50c1ac89d1beb0195cffd7e4fb82a90715c25d279fd8aa8bd77580c"	"declaration-candidate"	"ADAPTER-IF-002"	"replace-with-exact-opennt-mirror-declaration"	"T275 S3 declaration audit"	"original declaration topology now lives in opennt-mvdm-host"
"adapter-softpc/include/softpc.new/base/inc/video.h"	"3e701855e34a3ba9834c84ab39da5350ff375195aacea0d79692fba24e2b1059"	"declaration-candidate"	"ADAPTER-IF-002"	"replace-with-exact-opennt-mirror-declaration"	"T275 S3 declaration audit"	"original declaration topology now lives in opennt-mvdm-host"
"adapter-softpc/include/softpc.new/base/inc/virtual.h"	"d4576f40b4c22a3f83bbb76cd07db800275c0c61154983966b67ea3aafbba976"	"declaration-candidate"	"ADAPTER-IF-002"	"replace-with-exact-opennt-mirror-declaration"	"T275 S3 declaration audit"	"original declaration topology now lives in opennt-mvdm-host"
"adapter-softpc/include/softpc.new/base/inc/winfiles.h"	"f307fc3f4039b70639a9403ff07bfc8c44a1d14baac5df8f51ce7ab69d27a4b7"	"declaration-candidate"	"ADAPTER-IF-002"	"replace-with-exact-opennt-mirror-declaration"	"T275 S3 declaration audit"	"original declaration topology now lives in opennt-mvdm-host"
"adapter-softpc/include/softpc.new/base/inc/winhelp.h"	"8ef3d5e1f7848239ea7c45eea43098088a78a632d7803ca86c299cd553ae81d6"	"declaration-candidate"	"ADAPTER-IF-002"	"replace-with-exact-opennt-mirror-declaration"	"T275 S3 declaration audit"	"original declaration topology now lives in opennt-mvdm-host"
"adapter-softpc/include/softpc.new/base/inc/worm.h"	"d49a3112a511c092090753bf4b65c714785a049f09f312f0a78006a91531dc61"	"declaration-candidate"	"ADAPTER-IF-002"	"replace-with-exact-opennt-mirror-declaration"	"T275 S3 declaration audit"	"original declaration topology now lives in opennt-mvdm-host"
"adapter-softpc/include/softpc.new/base/inc/xt.h"	"c5b376f59d45ddb6ca36aa66e96e095203a261b125bd6a34247d6c88e98cb111"	"declaration-candidate"	"ADAPTER-IF-002"	"replace-with-exact-opennt-mirror-declaration"	"T275 S3 declaration audit"	"original declaration topology now lives in opennt-mvdm-host"
"adapter-softpc/include/softpc.new/base/inc/yoda.h"	"9488860e836e9b4fb17ec69558bc65ce1a8afb99286f62e6092759c959569fc1"	"declaration-candidate"	"ADAPTER-IF-002"	"replace-with-exact-opennt-mirror-declaration"	"T275 S3 declaration audit"	"original declaration topology now lives in opennt-mvdm-host"
"adapter-softpc/include/softpc.new/host/inc/cfpu_def.h"	"fe3bb4a06759e1cbef74bff327661f9649c92fb2490cdc751bc625a8170d3d4f"	"declaration-candidate"	"ADAPTER-IF-002"	"replace-with-exact-opennt-mirror-declaration"	"T275 S3 declaration audit"	"original declaration topology now lives in opennt-mvdm-host"
"adapter-softpc/include/softpc.new/host/inc/dfa.gi"	"e3b0c44298fc1c149afbf4c8996fb92427ae41e4649b934ca495991b7852b855"	"supporting-reference"	"REFERENCE"	"retain-as-reference-only"	"docs/etc or source provenance"	"not an adapter ABI input"
"adapter-softpc/include/softpc.new/host/inc/error.h"	"40953fbb22a9c6a5bff875414e4dd6822340ec4a2501edec79415573fea16ab3"	"declaration-candidate"	"ADAPTER-IF-002"	"replace-with-exact-opennt-mirror-declaration"	"T275 S3 declaration audit"	"original declaration topology now lives in opennt-mvdm-host"
"adapter-softpc/include/softpc.new/host/inc/host.h"	"0192cafb4e0e9a42a83a409503f12e3f0e9f7abfe8619eb4ce7dfec36e938b94"	"declaration-candidate"	"ADAPTER-IF-002"	"replace-with-exact-opennt-mirror-declaration"	"T275 S3 declaration audit"	"original declaration topology now lives in opennt-mvdm-host"
"adapter-softpc/include/softpc.new/host/inc/host_bop.h"	"3ab20d68c49dca4e7d8190c3fdc687b85012fe8c97678bed026a2fa21a07b0aa"	"declaration-candidate"	"ADAPTER-IF-002"	"replace-with-exact-opennt-mirror-declaration"	"T275 S3 declaration audit"	"original declaration topology now lives in opennt-mvdm-host"
"adapter-softpc/include/softpc.new/host/inc/host_cpu.h"	"e79dd6aa79d24e37ad8390c8879abf3436674ee101037f0e09415148a938ac95"	"declaration-candidate"	"ADAPTER-IF-002"	"replace-with-exact-opennt-mirror-declaration"	"T275 S3 declaration audit"	"original declaration topology now lives in opennt-mvdm-host"
"adapter-softpc/include/softpc.new/host/inc/host_def.h"	"480c35aa09b40d75d82fe0e1fe3e6cb0f981e573549ea2e193e8a62be4816d10"	"declaration-candidate"	"ADAPTER-IF-002"	"replace-with-exact-opennt-mirror-declaration"	"T275 S3 declaration audit"	"original declaration topology now lives in opennt-mvdm-host"
"adapter-softpc/include/softpc.new/host/inc/host_emm.h"	"312ec4dc503633fe7d57acf0327f2a51d10a62dc955fa9b0f933ffc83bda785c"	"declaration-candidate"	"ADAPTER-IF-002"	"replace-with-exact-opennt-mirror-declaration"	"T275 S3 declaration audit"	"original declaration topology now lives in opennt-mvdm-host"
"adapter-softpc/include/softpc.new/host/inc/host_gen.h"	"d86cd3c505d643531dafaa548e66fbb42ba13c37e3c632a214a69b4f2f86f557"	"declaration-candidate"	"ADAPTER-IF-002"	"replace-with-exact-opennt-mirror-declaration"	"T275 S3 declaration audit"	"original declaration topology now lives in opennt-mvdm-host"
"adapter-softpc/include/softpc.new/host/inc/host_gfx.h"	"cd3bbfc35d47737b392ad7db4e1d8652157695158f645ec56f08aeb8288947e3"	"declaration-candidate"	"ADAPTER-IF-002"	"replace-with-exact-opennt-mirror-declaration"	"T275 S3 declaration audit"	"original declaration topology now lives in opennt-mvdm-host"
"adapter-softpc/include/softpc.new/host/inc/host_hfx.h"	"48a9b2bf6c4439301182aa118fe42afb8aafaa20146b2597021af162f2465f85"	"declaration-candidate"	"ADAPTER-IF-002"	"replace-with-exact-opennt-mirror-declaration"	"T275 S3 declaration audit"	"original declaration topology now lives in opennt-mvdm-host"
"adapter-softpc/include/softpc.new/host/inc/host_inc.h"	"c78271903a7a00e13a8756b47f25a91993ab962c39c5fb89435783ee3d411efe"	"declaration-candidate"	"ADAPTER-IF-002"	"replace-with-exact-opennt-mirror-declaration"	"T275 S3 declaration audit"	"original declaration topology now lives in opennt-mvdm-host"
"adapter-softpc/include/softpc.new/host/inc/host_qev.h"	"615b5fd2935a485aff2120a5455ceb558ab4c6baeb4806570d12eedc682980b5"	"declaration-candidate"	"ADAPTER-IF-002"	"replace-with-exact-opennt-mirror-declaration"	"T275 S3 declaration audit"	"original declaration topology now lives in opennt-mvdm-host"
"adapter-softpc/include/softpc.new/host/inc/host_rrr.h"	"a849bf3b9c08d83ca3e21a386c6a45042494df82eeb28e4c8d0de3d7f14972ac"	"declaration-candidate"	"ADAPTER-IF-002"	"replace-with-exact-opennt-mirror-declaration"	"T275 S3 declaration audit"	"original declaration topology now lives in opennt-mvdm-host"
"adapter-softpc/include/softpc.new/host/inc/host_trc.h"	"81c80fa61476745303c3cc7753c85ca876f2b33e269aca8d96db779135f7791f"	"declaration-candidate"	"ADAPTER-IF-002"	"replace-with-exact-opennt-mirror-declaration"	"T275 S3 declaration audit"	"original declaration topology now lives in opennt-mvdm-host"
"adapter-softpc/include/softpc.new/host/inc/hostgrph.h"	"de614afaf98aba14ba184f6ce8381b17c20a244f9f96f823ea60b713861b26e4"	"declaration-candidate"	"ADAPTER-IF-002"	"replace-with-exact-opennt-mirror-declaration"	"T275 S3 declaration audit"	"original declaration topology now lives in opennt-mvdm-host"
"adapter-softpc/include/softpc.new/host/inc/hostsync.h"	"5a5a76337928c44407fecda48514ae50d18198ee1c7cef41f5c8fac9ead4329b"	"declaration-candidate"	"ADAPTER-IF-002"	"replace-with-exact-opennt-mirror-declaration"	"T275 S3 declaration audit"	"original declaration topology now lives in opennt-mvdm-host"
"adapter-softpc/include/softpc.new/host/inc/hosttyps.h"	"d41a82b33dc8c8dc3056de79f553b334a3d1b905c8da218e1d5ee1465df4e36a"	"declaration-candidate"	"ADAPTER-IF-002"	"replace-with-exact-opennt-mirror-declaration"	"T275 S3 declaration audit"	"original declaration topology now lives in opennt-mvdm-host"
"adapter-softpc/include/softpc.new/host/inc/hstsystm.h"	"b6d4b43341231d108828f30e22a22c9e3672459693b88e4e2b8b7f2a7a719ad7"	"declaration-candidate"	"ADAPTER-IF-002"	"replace-with-exact-opennt-mirror-declaration"	"T275 S3 declaration audit"	"original declaration topology now lives in opennt-mvdm-host"
"adapter-softpc/include/softpc.new/host/inc/insignia.h"	"26ed468f31ea44c8069300f150e5eefef3ba21c12eb2f2f68cca95bcc6f3ba02"	"declaration-candidate"	"ADAPTER-IF-002"	"replace-with-exact-opennt-mirror-declaration"	"T275 S3 declaration audit"	"original declaration topology now lives in opennt-mvdm-host"
"adapter-softpc/include/softpc.new/host/inc/kybdcpu.gi"	"e3b0c44298fc1c149afbf4c8996fb92427ae41e4649b934ca495991b7852b855"	"supporting-reference"	"REFERENCE"	"retain-as-reference-only"	"docs/etc or source provenance"	"not an adapter ABI input"
"adapter-softpc/include/softpc.new/host/inc/monregs.h"	"af51be97b6926835f02d78143bd54463500e94710e088e4be15e9ab5d81690ba"	"declaration-candidate"	"ADAPTER-IF-002"	"replace-with-exact-opennt-mirror-declaration"	"T275 S3 declaration audit"	"original declaration topology now lives in opennt-mvdm-host"
"adapter-softpc/include/softpc.new/host/inc/monsim32.h"	"f088d30fc6d00830849912f7c9c1135afa0d21f729d95fe72c9d9a11aca010c6"	"declaration-candidate"	"ADAPTER-IF-002"	"replace-with-exact-opennt-mirror-declaration"	"T275 S3 declaration audit"	"original declaration topology now lives in opennt-mvdm-host"
"adapter-softpc/include/softpc.new/host/inc/nt_cga.h"	"8e92a1b59d9737f1753ccba9f22d17af6c6a3dd2f518a414957123afb69ce57e"	"declaration-candidate"	"ADAPTER-IF-002"	"replace-with-exact-opennt-mirror-declaration"	"T275 S3 declaration audit"	"original declaration topology now lives in opennt-mvdm-host"
"adapter-softpc/include/softpc.new/host/inc/nt_cgalt.h"	"d2257e6ea428f4dcc19bf7b86c8c3c5029446acef194516cf553e0957a36b09a"	"declaration-candidate"	"ADAPTER-IF-002"	"replace-with-exact-opennt-mirror-declaration"	"T275 S3 declaration audit"	"original declaration topology now lives in opennt-mvdm-host"
"adapter-softpc/include/softpc.new/host/inc/nt_com.h"	"203bf4bcfa6ddd5ff89cad3743fd99251df19838dd9e8bfcbf549a2e23dd4298"	"declaration-candidate"	"ADAPTER-IF-002"	"replace-with-exact-opennt-mirror-declaration"	"T275 S3 declaration audit"	"original declaration topology now lives in opennt-mvdm-host"
"adapter-softpc/include/softpc.new/host/inc/nt_conf.h"	"42f541dfe879bacae812471b725ec9e1ff12dc5d172f8277e77e5642f15dd848"	"declaration-candidate"	"ADAPTER-IF-002"	"replace-with-exact-opennt-mirror-declaration"	"T275 S3 declaration audit"	"original declaration topology now lives in opennt-mvdm-host"
"adapter-softpc/include/softpc.new/host/inc/nt_det.h"	"839be6a786ad7de62c13cda1548e19eacd9a9ab6ace95e207d1009caf4502326"	"declaration-candidate"	"ADAPTER-IF-002"	"replace-with-exact-opennt-mirror-declaration"	"T275 S3 declaration audit"	"original declaration topology now lives in opennt-mvdm-host"
"adapter-softpc/include/softpc.new/host/inc/nt_ega.h"	"d60c53fef1c7403cfb534c45bae48a9524ea4dd218adc48b68f7183b35461e7e"	"declaration-candidate"	"ADAPTER-IF-002"	"replace-with-exact-opennt-mirror-declaration"	"T275 S3 declaration audit"	"original declaration topology now lives in opennt-mvdm-host"
"adapter-softpc/include/softpc.new/host/inc/nt_egalt.h"	"8b2fda045350ff2747e9ff9da471acde3d8e1b2cd76beaf4d97746a45926a5f4"	"declaration-candidate"	"ADAPTER-IF-002"	"replace-with-exact-opennt-mirror-declaration"	"T275 S3 declaration audit"	"original declaration topology now lives in opennt-mvdm-host"
"adapter-softpc/include/softpc.new/host/inc/nt_eoi.h"	"57ae39f20535e93b451e83a0e54e6e45f43512e12d99ae3ffc6a58e4f1ada8e3"	"declaration-candidate"	"ADAPTER-IF-002"	"replace-with-exact-opennt-mirror-declaration"	"T275 S3 declaration audit"	"original declaration topology now lives in opennt-mvdm-host"
"adapter-softpc/include/softpc.new/host/inc/nt_event.h"	"f4353f69708952f3bdc0f0d26db0f667eda34abf04f8694d1af059a649f76969"	"declaration-candidate"	"ADAPTER-IF-002"	"replace-with-exact-opennt-mirror-declaration"	"T275 S3 declaration audit"	"original declaration topology now lives in opennt-mvdm-host"
"adapter-softpc/include/softpc.new/host/inc/nt_extra.h"	"a422d528074b6a16b5a09e2b2df2d83f3f8ba4c5729e368cd0acc64c0bebbd96"	"declaration-candidate"	"ADAPTER-IF-002"	"replace-with-exact-opennt-mirror-declaration"	"T275 S3 declaration audit"	"original declaration topology now lives in opennt-mvdm-host"
"adapter-softpc/include/softpc.new/host/inc/nt_fdisk.h"	"d681eb7fc45dedcc5501cb43516a8e9d1c7d94d6f70ebbf72517364134fe1c87"	"declaration-candidate"	"ADAPTER-IF-002"	"replace-with-exact-opennt-mirror-declaration"	"T275 S3 declaration audit"	"original declaration topology now lives in opennt-mvdm-host"
"adapter-softpc/include/softpc.new/host/inc/nt_fulsc.h"	"733fe8aaef56e9febc5e2f35ac03057918df2bf75173779870e2b07dc673e1d0"	"declaration-candidate"	"ADAPTER-IF-002"	"replace-with-exact-opennt-mirror-declaration"	"T275 S3 declaration audit"	"original declaration topology now lives in opennt-mvdm-host"
"adapter-softpc/include/softpc.new/host/inc/nt_getxx.h"	"b7adbf0d1f261f852f78179e757fb1ed8004db8ea6711ddf1fc4d5bb19819c46"	"declaration-candidate"	"ADAPTER-IF-002"	"replace-with-exact-opennt-mirror-declaration"	"T275 S3 declaration audit"	"original declaration topology now lives in opennt-mvdm-host"
"adapter-softpc/include/softpc.new/host/inc/nt_graph.h"	"f23f9cf86756ca99f3204d505baa1d1197446851065f1849814647f5c4cdc6f3"	"declaration-candidate"	"ADAPTER-IF-002"	"replace-with-exact-opennt-mirror-declaration"	"T275 S3 declaration audit"	"original declaration topology now lives in opennt-mvdm-host"
"adapter-softpc/include/softpc.new/host/inc/nt_hunt.h"	"bfe7f5fdad083744001220f808025b2da24d6768d2b242768de9cac9447d9462"	"declaration-candidate"	"ADAPTER-IF-002"	"replace-with-exact-opennt-mirror-declaration"	"T275 S3 declaration audit"	"original declaration topology now lives in opennt-mvdm-host"
"adapter-softpc/include/softpc.new/host/inc/nt_inthk.h"	"463f0daebc4d196dc1e108289cf10a8c3e3580efc1cf96ca880af30acbc4e632"	"declaration-candidate"	"ADAPTER-IF-002"	"replace-with-exact-opennt-mirror-declaration"	"T275 S3 declaration audit"	"original declaration topology now lives in opennt-mvdm-host"
"adapter-softpc/include/softpc.new/host/inc/nt_mem.h"	"3bc1805a7d900f3b4a4718dafdb130f9fa089ef29b3839ec62be9fe7851c7e3d"	"declaration-candidate"	"ADAPTER-IF-002"	"replace-with-exact-opennt-mirror-declaration"	"T275 S3 declaration audit"	"original declaration topology now lives in opennt-mvdm-host"
"adapter-softpc/include/softpc.new/host/inc/nt_mon.h"	"c55c392d342b5dbef7c5c692d5f7c4d06486e9cf1597fe8a1b4a166e61bdc804"	"declaration-candidate"	"ADAPTER-IF-002"	"replace-with-exact-opennt-mirror-declaration"	"T275 S3 declaration audit"	"original declaration topology now lives in opennt-mvdm-host"
"adapter-softpc/include/softpc.new/host/inc/nt_mouse.h"	"bb80ed237120b9def63e41f25bbbe19d6e89512944270eb492b2d4c11546e2aa"	"declaration-candidate"	"ADAPTER-IF-002"	"replace-with-exact-opennt-mirror-declaration"	"T275 S3 declaration audit"	"original declaration topology now lives in opennt-mvdm-host"
"adapter-softpc/include/softpc.new/host/inc/nt_paint.h"	"1a04bb94c25ef5dfe4c890442262d0b3162f0a9e0b7bd89c53df12a63aff506f"	"declaration-candidate"	"ADAPTER-IF-002"	"replace-with-exact-opennt-mirror-declaration"	"T275 S3 declaration audit"	"original declaration topology now lives in opennt-mvdm-host"
"adapter-softpc/include/softpc.new/host/inc/nt_reset.h"	"91e93365fc76a16fea422918dc0bfb32499f27cd9c84998268a9368eb367c7f3"	"declaration-candidate"	"ADAPTER-IF-002"	"replace-with-exact-opennt-mirror-declaration"	"T275 S3 declaration audit"	"original declaration topology now lives in opennt-mvdm-host"
"adapter-softpc/include/softpc.new/host/inc/nt_smenu.h"	"811068f48a8b312a7096c4261a20d09d2629c3b15a00857342c48c2fdc09b9b4"	"declaration-candidate"	"ADAPTER-IF-002"	"replace-with-exact-opennt-mirror-declaration"	"T275 S3 declaration audit"	"original declaration topology now lives in opennt-mvdm-host"
"adapter-softpc/include/softpc.new/host/inc/nt_thred.h"	"9907ef3c8a402afda59dd15d25ddc0ba02eed85ebabc73f108dbf448382fc695"	"declaration-candidate"	"ADAPTER-IF-002"	"replace-with-exact-opennt-mirror-declaration"	"T275 S3 declaration audit"	"original declaration topology now lives in opennt-mvdm-host"
"adapter-softpc/include/softpc.new/host/inc/nt_timer.h"	"647d2d1963a32b4406f646afc12f928d53004d38c1df74b2644c9efa1a4f9455"	"declaration-candidate"	"ADAPTER-IF-002"	"replace-with-exact-opennt-mirror-declaration"	"T275 S3 declaration audit"	"original declaration topology now lives in opennt-mvdm-host"
"adapter-softpc/include/softpc.new/host/inc/nt_vddp.h"	"92c8ea5d3764c20679f9c58d77e316c65f092cca2913114e47d590ecfb459912"	"declaration-candidate"	"ADAPTER-IF-002"	"replace-with-exact-opennt-mirror-declaration"	"T275 S3 declaration audit"	"original declaration topology now lives in opennt-mvdm-host"
"adapter-softpc/include/softpc.new/host/inc/ntcheese.h"	"c10f8e844e9d57f33abf5b57092ef0ce2dae35e9e8c4b642c3be5312b264ca3e"	"declaration-candidate"	"ADAPTER-IF-002"	"replace-with-exact-opennt-mirror-declaration"	"T275 S3 declaration audit"	"original declaration topology now lives in opennt-mvdm-host"
"adapter-softpc/include/softpc.new/host/inc/sdos_ddi.h"	"773c32c4ef82eb9e8efca54447e3c26a2679dd2556c12c5998a2200e736d1639"	"declaration-candidate"	"ADAPTER-IF-002"	"replace-with-exact-opennt-mirror-declaration"	"T275 S3 declaration audit"	"original declaration topology now lives in opennt-mvdm-host"
"adapter-softpc/include/softpc.new/host/inc/sim32.h"	"eeb9a654e53b5934850a6e7fa86fc67b1576ac9f1b9262d87acb5eed42c2fd98"	"declaration-candidate"	"ADAPTER-IF-002"	"replace-with-exact-opennt-mirror-declaration"	"T275 S3 declaration audit"	"original declaration topology now lives in opennt-mvdm-host"
"adapter-softpc/include/softpc.new/host/inc/winsigni.h"	"54088b4dcd3e1255852d94eb4beec3dafdfb9f915d20a810624b62179db2c44a"	"declaration-candidate"	"ADAPTER-IF-002"	"replace-with-exact-opennt-mirror-declaration"	"T275 S3 declaration audit"	"original declaration topology now lives in opennt-mvdm-host"
"adapter-softpc/include/softpc.new/host/inc/xmsexp.h"	"4aee7f4219c89043dfd1e5d3c139999524806cefa6e507ebffecd63d9a543072"	"declaration-candidate"	"ADAPTER-IF-002"	"replace-with-exact-opennt-mirror-declaration"	"T275 S3 declaration audit"	"original declaration topology now lives in opennt-mvdm-host"
"adapter-softpc/instruction_history.cc"	"59b6edf481741a3d981337b76f14619d78de5a57b41ffe5da38614922d265add"	"implementation-candidate"	"ADAPTER-IF-006"	"retire"	"documentation-only"	"project observation has no original adapter caller"
"adapter-softpc/instruction_history.h"	"d887a0033bb5fb85a3053d87cdf3160b4a6a90d0a698353ee0aa944f8c18b4a9"	"declaration-candidate"	"ADAPTER-IF-006"	"retire"	"documentation-only"	"project observation has no original adapter caller"
"adapter-softpc/instruction_window_abi.c"	"d11656e4c2a2d27bde4b1cf27f87b797c0e5b9df737f0a11f587e1503fe8199e"	"implementation-candidate"	"ADAPTER-IF-006"	"retire"	"documentation-only"	"project observation has no original adapter caller"
"adapter-softpc/instruction_window_abi.h"	"a346e8889ea0738a178623281d7b55eae89af7f9513d40f8bf80d8b1309e0177"	"declaration-candidate"	"ADAPTER-IF-006"	"retire"	"documentation-only"	"project observation has no original adapter caller"
"adapter-softpc/interrupt_return_observation.cc"	"1dca953d520d17500c994e94a957bc41f674c3212dfe99a24c66234d52a4ffd4"	"implementation-candidate"	"ADAPTER-IF-006"	"retire"	"documentation-only"	"project observation has no original adapter caller"
"adapter-softpc/interrupt_return_observation.h"	"9879b568dcfd04bc615895eca554ac8fbe90421841fce93d04e79ae87aa4d5a8"	"declaration-candidate"	"ADAPTER-IF-006"	"retire"	"documentation-only"	"project observation has no original adapter caller"
"adapter-softpc/interrupt06_provider.c"	"cd717baab4dc3ed743dc41215121a4dac77f1c60eacb740bd8d4755d79e54218"	"implementation-candidate"	"ADAPTER-IF-005"	"defer"	"machine/VDD/debugger packages"	"device-specific semantics do not belong in generic facade"
"adapter-softpc/interrupt06_provider.h"	"5dd48bbe7a8ab453852335e859779a7e95ff23878ffac99d30f19b87b6d9c3aa"	"declaration-candidate"	"ADAPTER-IF-005"	"defer"	"machine/VDD/debugger packages"	"device-specific semantics do not belong in generic facade"
"adapter-softpc/ivt_watch.cc"	"f3c35e190d7786277abc9c91fbf072a44459ea2ba48512e8ef652ca61ef9d736"	"implementation-candidate"	"ADAPTER-IF-006"	"retire"	"documentation-only"	"project observation has no original adapter caller"
"adapter-softpc/ivt_watch.h"	"1c43744cf582a82e414df7b2138461e33cf759e86cc5a523ccf036a9289f5530"	"declaration-candidate"	"ADAPTER-IF-006"	"retire"	"documentation-only"	"project observation has no original adapter caller"
"adapter-softpc/machine_composition.c"	"73fea6139ef3475cff006b664b33f19c6197f7e27fd499be40f946e8422ff74f"	"implementation-candidate"	"ADAPTER-IF-003"	"retire"	"adapter-bochs only"	"old machine shell is not a same-shaped SoftPC facade"
"adapter-softpc/machine_composition.h"	"74687f67fe01bac8ceb99d64e7c61ee24bc000f0b8b035d5f0b7460e93f20a58"	"declaration-candidate"	"ADAPTER-IF-003"	"retire"	"adapter-bochs only"	"old machine shell is not a same-shaped SoftPC facade"
"adapter-softpc/machine_engine.c"	"902892a5fce905e306573aa288f041c4b3509a962cf0b2fbe1f31012eb7de50b"	"implementation-candidate"	"ADAPTER-IF-003"	"retire"	"adapter-bochs only"	"old machine shell is not a same-shaped SoftPC facade"
"adapter-softpc/machine_engine.h"	"19a2780e8424732fea208e2033a6bbd1f7015d1d12b92696be20d2b875e610a0"	"declaration-candidate"	"ADAPTER-IF-003"	"retire"	"adapter-bochs only"	"old machine shell is not a same-shaped SoftPC facade"
"adapter-softpc/machine_profile_abi.c"	"fa112df89008573b5f16a0b5294187376511fd6f9a7f6f822f6ecb829d008825"	"implementation-candidate"	"ADAPTER-IF-003"	"retire"	"adapter-bochs only"	"old machine shell is not a same-shaped SoftPC facade"
"adapter-softpc/machine_profile_abi.h"	"0abe1255b81fdeb691b4f874f849eb4602ed4b95fb6de41011f854cfa1bc42cf"	"declaration-candidate"	"ADAPTER-IF-003"	"retire"	"adapter-bochs only"	"old machine shell is not a same-shaped SoftPC facade"
"adapter-softpc/machine_stage.cc"	"7fd4724e3aaea0d524b8650bb8cebdf0acc1238a81bd12928417a6f3cf077142"	"implementation-candidate"	"ADAPTER-IF-003"	"retire"	"adapter-bochs only"	"old machine shell is not a same-shaped SoftPC facade"
"adapter-softpc/machine_stage.h"	"1483718cc63abba543e4f652009ae5a5d8583c14cfac146cb301d58439fbbcea"	"declaration-candidate"	"ADAPTER-IF-003"	"retire"	"adapter-bochs only"	"old machine shell is not a same-shaped SoftPC facade"
"adapter-softpc/mechanical_action.cc"	"d60d3860b9f75cbbaa13c52519a92f8d19871b743f314639606cc1843139345c"	"implementation-candidate"	"ADAPTER-IF-001"	"migrate"	"T275 S2"	"typed BOP result/completion mechanics belong with transport, not SoftPC facade"
"adapter-softpc/mechanical_action.h"	"1fb951a07e95ebdd4c6858ed302769e8994662c578e64cfc11d57f929c17da8f"	"declaration-candidate"	"ADAPTER-IF-001"	"migrate"	"T275 S2"	"typed BOP result/completion mechanics belong with transport"
"adapter-softpc/multi_write_abi.c"	"0a3a48c43d4b4181182d6bb62185bbd247abeb7854c38edaff9455c088d6a32d"	"implementation-candidate"	"ADAPTER-IF-001"	"migrate"	"T275 S2"	"typed BOP result/completion mechanics belong with transport, not SoftPC facade"
"adapter-softpc/multi_write_abi.h"	"8c6d39d2bbd96f9021401b52dfcaf8e90d9e3b388a4ada411f3802a55ebda5b7"	"declaration-candidate"	"ADAPTER-IF-001"	"migrate"	"T275 S2"	"typed BOP result/completion mechanics belong with transport"
"adapter-softpc/multi_write_transaction.c"	"0f8bcb18ad2d537e468a18909fd2d5beafc43d856ca521747abe5836675ab96a"	"implementation-candidate"	"ADAPTER-IF-001"	"migrate"	"T275 S2"	"typed BOP result/completion mechanics belong with transport, not SoftPC facade"
"adapter-softpc/multi_write_transaction.h"	"a9df6f7f6e8c3a3745f4b6c1787d2b5ce5ace50c27a76e60a8b23cda9c439bc2"	"declaration-candidate"	"ADAPTER-IF-001"	"migrate"	"T275 S2"	"typed BOP result/completion mechanics belong with transport"
"adapter-softpc/observation_transaction_abi.c"	"b6b9dd18948dd6bea32dc5616f732508d836273359a397f1f75a19bed93cb98f"	"implementation-candidate"	"ADAPTER-IF-006"	"retire"	"documentation-only"	"project observation has no original adapter caller"
"adapter-softpc/observation_transaction_abi.h"	"de3dbc4178a63c4b6103209ad90a03ef798a5abed1535aac2220ac00609f6049"	"declaration-candidate"	"ADAPTER-IF-006"	"retire"	"documentation-only"	"project observation has no original adapter caller"
"adapter-softpc/opennt_xms_softpc_facade.c"	"bf6245df4c3e4a4c284fc4038405769e1b8791e92d7bd582169e4849c2c1e089"	"implementation-candidate"	"ADAPTER-IF-004"	"defer"	"XMS owner package"	"XMS machine semantics remain source-owner-specific"
"adapter-softpc/opennt_xms_softpc_facade.h"	"2001af09906f50c810fc3ddee9efce08531acd3b535caf4b4190eda20f4c10e5"	"declaration-candidate"	"ADAPTER-IF-004"	"defer"	"XMS owner package"	"XMS machine semantics remain source-owner-specific"
"adapter-softpc/ordinary_ram_reservation.cc"	"710922c06baebf500c06c887fb8d96426d4d811e4f4ccd79bacef6f3d1669774"	"implementation-candidate"	"ADAPTER-IF-004"	"defer"	"XMS owner package"	"XMS machine semantics remain source-owner-specific"
"adapter-softpc/ordinary_ram_reservation.h"	"24381b56e5b2487c5f6909fbaa4a3db81eb582ff61aa76e0d6b0b0972d2548a7"	"declaration-candidate"	"ADAPTER-IF-004"	"defer"	"XMS owner package"	"XMS machine semantics remain source-owner-specific"
"adapter-softpc/pending_action.c"	"db92e739b4419487cb76f5c2411f099e677a6b2eb29a6daee6d24ff50d928443"	"implementation-candidate"	"ADAPTER-IF-001"	"migrate"	"T275 S2"	"typed BOP result/completion mechanics belong with transport, not SoftPC facade"
"adapter-softpc/pending_action.h"	"1eaf1a44185aef0d7ad79a2f1d99a2b4aad38bd111d6b311058e85d6909018da"	"declaration-candidate"	"ADAPTER-IF-001"	"migrate"	"T275 S2"	"typed BOP result/completion mechanics belong with transport"
"adapter-softpc/physical_irq.cc"	"c298b3d0e90be45ef363652f1378a26f7321b769c35a7b84fff9482de1dd52b1"	"implementation-candidate"	"ADAPTER-IF-005"	"defer"	"machine/VDD/debugger packages"	"device-specific semantics do not belong in generic facade"
"adapter-softpc/physical_irq.h"	"2f1229ff0c779ccf6504355af044464c32d68248d347633e927f0e1071c0a143"	"declaration-candidate"	"ADAPTER-IF-005"	"defer"	"machine/VDD/debugger packages"	"device-specific semantics do not belong in generic facade"
"adapter-softpc/physical_write_observation.cc"	"daec264e6524d5373c999177d1b4d2cde13becda37e396b2a16e358e0732b762"	"implementation-candidate"	"ADAPTER-IF-006"	"retire"	"documentation-only"	"project observation has no original adapter caller"
"adapter-softpc/physical_write_observation.h"	"386deebdb69d456e9ebfa636da6555105ae6628c1c1db0182a5b9f4d9dd2d8f6"	"declaration-candidate"	"ADAPTER-IF-006"	"retire"	"documentation-only"	"project observation has no original adapter caller"
"adapter-softpc/port_action.cc"	"e696e1ade615434c5877edbb0a06782ebe39f025175f5f72f950976c76a8c6de"	"implementation-candidate"	"ADAPTER-IF-005"	"defer"	"machine/VDD/debugger packages"	"device-specific semantics do not belong in generic facade"
"adapter-softpc/port_action.h"	"7b87ad9f85f95c164a07e149e8a4e455674c55fec9b62575cf15a0f686a43dc0"	"declaration-candidate"	"ADAPTER-IF-005"	"defer"	"machine/VDD/debugger packages"	"device-specific semantics do not belong in generic facade"
"adapter-softpc/protected_range_action.cc"	"1c35f2aeba679b8671f4ea1835d1647f0c4e52601ed6a9b76500428b0d8b3bff"	"implementation-candidate"	"ADAPTER-IF-002"	"retire"	"session or owner package"	"duplicate manager or narrow project helper, not original same-shaped facade"
"adapter-softpc/protected_range_action.h"	"01718ba79b262c784226f9b5fd001c260679492a4d4d9673a3855bfdcaa37e4b"	"declaration-candidate"	"ADAPTER-IF-002"	"retire"	"session or owner package"	"duplicate manager or narrow project helper"
"adapter-softpc/README.md"	"33856b6a48be814bb6f83a6777402ae344f9666ef081fc6780d718fc46395ac4"	"supporting-reference"	"REFERENCE"	"retain-as-reference-only"	"docs/etc or source provenance"	"not an adapter ABI input"
"adapter-softpc/segment_access_observation.cc"	"18ad1999ed2ef608c611bee6dbc51d51ff745f03951bac7b2e0abdce50aeae35"	"implementation-candidate"	"ADAPTER-IF-006"	"retire"	"documentation-only"	"project observation has no original adapter caller"
"adapter-softpc/segment_access_observation.h"	"340da097f84c124d30e1d72057728d4663a3dff9cbaf28fe10495f6e3c0aa35c"	"declaration-candidate"	"ADAPTER-IF-006"	"retire"	"documentation-only"	"project observation has no original adapter caller"
"adapter-softpc/session_resource_abi.c"	"64b3ef619b5a48abc85d9bf856d360896cc2532a5cb97a3167c7c9fb721e3e31"	"implementation-candidate"	"ADAPTER-IF-002"	"split-recover"	"T275 S3"	"bounded register/SAS mapping facade, using session-owned mapping instances"
"adapter-softpc/session_resource_abi.h"	"f508fdd309bf9a39c5fbcaa7ee2df43df7c9cd161ff4e57808cd99a6c00dc7f8"	"declaration-candidate"	"ADAPTER-IF-002"	"split-recover"	"T275 S3"	"bounded register/SAS mapping facade"
"adapter-softpc/softpc_emm_unavailable_shim.c"	"814c7a2b23ceef5645a8f7d5178cf4af07acad35ae35fb001bc3053b8c9933fd"	"implementation-candidate"	"ADAPTER-IF-004"	"defer"	"XMS owner package"	"XMS machine semantics remain source-owner-specific"
"adapter-softpc/softpc_emm_unavailable_shim.h"	"016fb7a4a89d88efe2619647039d320f31ef116f662837c6a45c7a6842944aa4"	"declaration-candidate"	"ADAPTER-IF-004"	"defer"	"XMS owner package"	"XMS machine semantics remain source-owner-specific"
"adapter-softpc/softpc_int15_watch_shim.h"	"78892aa52afbfe83a9ad780e31815d911a8d3e16f42bc09e6b94138c656852c3"	"declaration-candidate"	"ADAPTER-IF-005"	"defer"	"machine/VDD/debugger packages"	"device-specific semantics do not belong in generic facade"
"adapter-softpc/softpc_memory_size_shim.c"	"86e150a5b2ab93b71aca4a249ff3d3cd4b83599675d9c68501ef05289b0037ad"	"implementation-candidate"	"ADAPTER-IF-004"	"defer"	"XMS owner package"	"XMS machine semantics remain source-owner-specific"
"adapter-softpc/softpc_memory_size_shim.h"	"84402aa463bc9453e2f0fba3967d23fddbae604cd34208a72573252026f920ea"	"declaration-candidate"	"ADAPTER-IF-004"	"defer"	"XMS owner package"	"XMS machine semantics remain source-owner-specific"
"adapter-softpc/softpc_mouse_vector_shim.c"	"ae64df324d11a8a8ffd0966019d1429ded68499bcd151b489dc3a63780ed8f62"	"implementation-candidate"	"ADAPTER-IF-005"	"defer"	"machine/VDD/debugger packages"	"device-specific semantics do not belong in generic facade"
"adapter-softpc/softpc_mouse_vector_shim.h"	"b3e350c11f12c66fac74451cb8d1ad32fbbaf42d937dfe366fa7f2f39dede7a9"	"declaration-candidate"	"ADAPTER-IF-005"	"defer"	"machine/VDD/debugger packages"	"device-specific semantics do not belong in generic facade"
"adapter-softpc/softpc_printer_openclose_shim.c"	"49a2c4e82053d01f7eaeb63c0accd4966f463cd53b32ce86be76d18be097085b"	"implementation-candidate"	"ADAPTER-IF-005"	"defer"	"machine/VDD/debugger packages"	"device-specific semantics do not belong in generic facade"
"adapter-softpc/softpc_printer_openclose_shim.h"	"15ffdfb85d9ef281c580395422459ee4de1df467b538e19363e0fe3725cf2006"	"declaration-candidate"	"ADAPTER-IF-005"	"defer"	"machine/VDD/debugger packages"	"device-specific semantics do not belong in generic facade"
"adapter-softpc/softpc_tape_io_shim.c"	"8830f57e6fa4ce4d61c2eb0d75d159a3ffdefcb21ee073d0cda26f1e645c6886"	"implementation-candidate"	"ADAPTER-IF-005"	"defer"	"machine/VDD/debugger packages"	"device-specific semantics do not belong in generic facade"
"adapter-softpc/softpc_tape_io_shim.h"	"fe2f6bc0da8994e576f96b0ac2e01111f22003122261d3600ad78a0b748f8ccb"	"declaration-candidate"	"ADAPTER-IF-005"	"defer"	"machine/VDD/debugger packages"	"device-specific semantics do not belong in generic facade"
"adapter-softpc/software_interrupt_observation.cc"	"301045e1faf7ba1af10366087cc7845f81400b20a668722db5445a87b6d25ec6"	"implementation-candidate"	"ADAPTER-IF-006"	"retire"	"documentation-only"	"project observation has no original adapter caller"
"adapter-softpc/software_interrupt_observation.h"	"b8373e2691760b103f1ba2da8c5f1f46ee87e4574e5dfca2ed57e2189a27d3e9"	"declaration-candidate"	"ADAPTER-IF-006"	"retire"	"documentation-only"	"project observation has no original adapter caller"
"adapter-softpc/spckbd_handoff_shim.c"	"4b5c627c5a6874a36559ebadc55baf4e465ceb251ea27ac1e7e7a2360fe348f9"	"implementation-candidate"	"ADAPTER-IF-005"	"defer"	"machine/VDD/debugger packages"	"device-specific semantics do not belong in generic facade"
"adapter-softpc/spckbd_handoff_shim.h"	"e9628c17b6047074e4027be7eb03d4c4cfa9e326600a715c9e89be9dbe91cec7"	"declaration-candidate"	"ADAPTER-IF-005"	"defer"	"machine/VDD/debugger packages"	"device-specific semantics do not belong in generic facade"
"adapter-win32/facade/demfile_create_observation.c"	"27b6725d513a0e8d1595042a0b011fa80ac27de947410b70d6e0dcf14cc2b923"	"implementation-candidate"	"ADAPTER-IF-007"	"retire"	"documentation-only"	"project diagnostic is not an original Win32 facade"
"adapter-win32/facade/demfile_create_observation.h"	"317882b13ea7dea9aac211107c020e784b625fa72ff766e86b54874ec99bde39"	"declaration-candidate"	"ADAPTER-IF-007"	"compare-then-recover-if-required-by-S4"	"T275 S4"	"retain only exact declaration closure of an admitted source-shaped facade"
"adapter-win32/facade/opennt_command_oem_facade.c"	"53d51ecc08ade215fd5985fe3ce45543ae1e7a30acd3403d55b9a5979ae08443"	"implementation-candidate"	"ADAPTER-IF-008"	"recover-if-reached"	"T275 S4"	"retain only named source-shaped public-Win32 facade"
"adapter-win32/facade/opennt_command_oem_facade.h"	"3b7c14520f30f9a6310d3ebc4dbf8f3c0c86d3614283316cdd918af39d3abd1b"	"declaration-candidate"	"ADAPTER-IF-008"	"compare-then-recover-if-required-by-S4"	"T275 S4"	"retain only exact declaration closure of an admitted source-shaped facade"
"adapter-win32/facade/opennt_dem_file_oem_facade.c"	"c349bbcbfaaba2fbea771b0a1361df45f49b86c9fa4b5e8e3f60b80b671ad300"	"implementation-candidate"	"ADAPTER-IF-007"	"recover-if-reached"	"T275 S4"	"retain only named source-shaped public-Win32 facade"
"adapter-win32/facade/opennt_dem_gset_facade.c"	"4df7fd4586fbbd2312b86323ca9b10b3fe497fff46bd50685a35d228d3d4fb6e"	"implementation-candidate"	"ADAPTER-IF-007"	"recover-if-reached"	"T275 S4"	"retain only named source-shaped public-Win32 facade"
"adapter-win32/facade/opennt_dem_oem_facade.c"	"14fb300de5645d9e18d186885889c9e13643f5515e4fbd2eef67956df05a4cd2"	"implementation-candidate"	"ADAPTER-IF-007"	"recover-if-reached"	"T275 S4"	"retain only named source-shaped public-Win32 facade"
"adapter-win32/facade/opennt_dem_search_facade.c"	"8270d3dd3d91fec5c6901317e8468a78a0fb56d8abc7a6cda571f46049623033"	"implementation-candidate"	"ADAPTER-IF-007"	"recover-if-reached"	"T275 S4"	"retain only named source-shaped public-Win32 facade"
"adapter-win32/facade/opennt_error_dialog_facade.c"	"16d4561ec7fc67b4b32def1639c2d30cbfa1678cf23f721849ad590a83b60a70"	"implementation-candidate"	"ADAPTER-IF-009"	"recover-if-reached"	"T275 S4"	"retain only named source-shaped public-Win32 facade"
"adapter-win32/facade/opennt_error_dialog_facade.h"	"e8dd49d00aa2c347a859da55aeed528f7ad738582e7963682c13f2966c6495ca"	"declaration-candidate"	"ADAPTER-IF-009"	"compare-then-recover-if-required-by-S4"	"T275 S4"	"retain only exact declaration closure of an admitted source-shaped facade"
"adapter-win32/facade/opennt_pif_oem_facade.c"	"22a056f481b6da2b1fbc33bd4aba5e88ee7e9646a1e0fecf2c5ebe3450376e95"	"implementation-candidate"	"ADAPTER-IF-007"	"recover-if-reached"	"T275 S4"	"retain only named source-shaped public-Win32 facade"
"adapter-win32/facade/opennt_rtl_compat.c"	"01ba8697f4212c32e0d94174efb4eeccffc599eae37f3ba09f9c9b23b3e91190"	"implementation-candidate"	"ADAPTER-IF-008"	"recover-if-reached"	"T275 S4"	"retain only named source-shaped public-Win32 facade"
"adapter-win32/facade/opennt_rtl_compat.h"	"c5efeaa035b2e2557c8a4397c920177bc01a86222318f6d63fdb0050c7019149"	"declaration-candidate"	"ADAPTER-IF-008"	"compare-then-recover-if-required-by-S4"	"T275 S4"	"retain only exact declaration closure of an admitted source-shaped facade"
"adapter-win32/facade/opennt_vdm_api_facade.c"	"9d58f1151fe11aa248b6cb4e59796c18eb78a7cc120967b9baab1f1c257a9097"	"implementation-candidate"	"ADAPTER-IF-008"	"recover-if-reached"	"T275 S4"	"retain only named source-shaped public-Win32 facade"
"adapter-win32/facade/opennt_vdm_api_facade.h"	"e222f370b82434b808cf42b3510bf95a89f6a02db7718a3fc0db5fde4645d533"	"declaration-candidate"	"ADAPTER-IF-008"	"compare-then-recover-if-required-by-S4"	"T275 S4"	"retain only exact declaration closure of an admitted source-shaped facade"
"adapter-win32/include/compiler/CpuInt_c.h"	"b171b9bb51bf810c5e9f839a88a79a6f1eb66c37c4128069fe3e7972da849ede"	"declaration-candidate"	"ADAPTER-IF-007"	"compare-then-recover-if-required-by-S4"	"T275 S4"	"retain only exact declaration closure of an admitted source-shaped facade"
"adapter-win32/include/compiler/debug.h"	"04917aecd0acc461b4212f7e8c9429a71f2b69e1f904814a6a037fdd490c01a6"	"declaration-candidate"	"ADAPTER-IF-007"	"compare-then-recover-if-required-by-S4"	"T275 S4"	"retain only exact declaration closure of an admitted source-shaped facade"
"adapter-win32/include/compiler/nt.h"	"d021b13662680fe4a52bfd12abf45f1090cefb4122b4eccb9e887e36b293fb19"	"declaration-candidate"	"ADAPTER-IF-007"	"compare-then-recover-if-required-by-S4"	"T275 S4"	"retain only exact declaration closure of an admitted source-shaped facade"
"adapter-win32/include/compiler/nt_mon.h"	"de2c499a8d0e11fa6706b79d2f7726d54fc5abc197b0f0444b36f598a3bb1ec5"	"declaration-candidate"	"ADAPTER-IF-007"	"compare-then-recover-if-required-by-S4"	"T275 S4"	"retain only exact declaration closure of an admitted source-shaped facade"
"adapter-win32/include/compiler/ntrtl.h"	"04ab9a6e6813107c482629de9c832cf0192022b1a6ad9f45eade941764ea6c3e"	"declaration-candidate"	"ADAPTER-IF-008"	"compare-then-recover-if-required-by-S4"	"T275 S4"	"retain only exact declaration closure of an admitted source-shaped facade"
"adapter-win32/include/compiler/nturtl.h"	"cf849b0ac8999fdff2773caa6a08d34dcecd70684a9b631594b719fb70826927"	"declaration-candidate"	"ADAPTER-IF-008"	"compare-then-recover-if-required-by-S4"	"T275 S4"	"retain only exact declaration closure of an admitted source-shaped facade"
"adapter-win32/include/compiler/opennt_ccpu_sim32_x86_abi_compat.h"	"654fcc866a85663dd0529529ad07e7a58bfda4213015c99d745c35d639214f6b"	"declaration-candidate"	"ADAPTER-IF-007"	"compare-then-recover-if-required-by-S4"	"T275 S4"	"retain only exact declaration closure of an admitted source-shaped facade"
"adapter-win32/include/compiler/opennt_dbg_seh_spelling.h"	"336ef5a3e6a18cdbad5ae177603e6a122866dfc9333fe3a1d5cb94dec669e16e"	"declaration-candidate"	"ADAPTER-IF-007"	"compare-then-recover-if-required-by-S4"	"T275 S4"	"retain only exact declaration closure of an admitted source-shaped facade"
"adapter-win32/include/compiler/opennt_dem_ntdecl_compat.h"	"70bd14a13de098179fa3e6b1221cecb3b5963a548f16da966d323e3979157ca8"	"declaration-candidate"	"ADAPTER-IF-007"	"compare-then-recover-if-required-by-S4"	"T275 S4"	"retain only exact declaration closure of an admitted source-shaped facade"
"adapter-win32/include/compiler/opennt_disk_ntddstor_compat.h"	"50bde8fe9f88aac2a48d711e6a324c7daffe3cc0afd625ab529ee7e2eb3fff7f"	"declaration-candidate"	"ADAPTER-IF-007"	"compare-then-recover-if-required-by-S4"	"T275 S4"	"retain only exact declaration closure of an admitted source-shaped facade"
"adapter-win32/include/compiler/opennt_dpmi32_native_preamble.h"	"e26ea15388f714b77b193d740a5e6769de0d9dcd9a5b254e1da696fe06d2cbe6"	"declaration-candidate"	"ADAPTER-IF-007"	"compare-then-recover-if-required-by-S4"	"T275 S4"	"retain only exact declaration closure of an admitted source-shaped facade"
"adapter-win32/include/compiler/opennt_host_native_io_compat.h"	"d9e2571cf6a845f753768c0b0f709ec6d0178f23f1f36836ba35b661a362be7a"	"declaration-candidate"	"ADAPTER-IF-007"	"compare-then-recover-if-required-by-S4"	"T275 S4"	"retain only exact declaration closure of an admitted source-shaped facade"
"adapter-win32/include/compiler/opennt_nt_unix_crt_compat.h"	"b6037bb23355e8b18a27effae49a86d04ec24880587d2f33242f1b4e9cd77943"	"declaration-candidate"	"ADAPTER-IF-007"	"compare-then-recover-if-required-by-S4"	"T275 S4"	"retain only exact declaration closure of an admitted source-shaped facade"
"adapter-win32/include/compiler/opennt_sdk_compat.h"	"d89391fe92f58ee355e1526d397675ff12955ccbce0931b53f42a3c31c545a51"	"declaration-candidate"	"ADAPTER-IF-007"	"compare-then-recover-if-required-by-S4"	"T275 S4"	"retain only exact declaration closure of an admitted source-shaped facade"
"adapter-win32/include/compiler/opennt_seh_compat.h"	"217fe02c4ed8c2b8e3c557a3ffb5de6926f172e0bc2c298a7b6e69c913a72c73"	"declaration-candidate"	"ADAPTER-IF-007"	"compare-then-recover-if-required-by-S4"	"T275 S4"	"retain only exact declaration closure of an admitted source-shaped facade"
"adapter-win32/include/compiler/opennt_stage_crt_preamble.h"	"4417465f71eeb50b8f54092702aabec0e763342f7804e3cbf25f124e4af8a65a"	"declaration-candidate"	"ADAPTER-IF-007"	"compare-then-recover-if-required-by-S4"	"T275 S4"	"retain only exact declaration closure of an admitted source-shaped facade"
"adapter-win32/include/compiler/opennt_stage_preamble.h"	"bd5582079fd62f308f6c19dcb5f9e29c82d6bc6d775f7400f6a2fabdf908d196"	"declaration-candidate"	"ADAPTER-IF-007"	"compare-then-recover-if-required-by-S4"	"T275 S4"	"retain only exact declaration closure of an admitted source-shaped facade"
"adapter-win32/include/compiler/opennt_system_nt_time_compat.h"	"1e2587f9ed3ce2e46bd0023ba1943ce8ec7cbcd7857407a0763d8d782a6246cb"	"declaration-candidate"	"ADAPTER-IF-007"	"compare-then-recover-if-required-by-S4"	"T275 S4"	"retain only exact declaration closure of an admitted source-shaped facade"
"adapter-win32/include/compiler/sas4gen.h"	"23518dddd97d6fefd718c0331cbf26159935148df9e1f2116f08dfa307955a7c"	"declaration-candidate"	"ADAPTER-IF-007"	"compare-then-recover-if-required-by-S4"	"T275 S4"	"retain only exact declaration closure of an admitted source-shaped facade"
"adapter-win32/include/compiler/vdm.h"	"2f752bb3509da479a1ccc99be0015c1b46b0be89dc3ddd0c6c13ecf4dd0bfb38"	"declaration-candidate"	"ADAPTER-IF-007"	"compare-then-recover-if-required-by-S4"	"T275 S4"	"retain only exact declaration closure of an admitted source-shaped facade"
"adapter-win32/include/compiler/vdmtib.h"	"96b38b7d5fd7bd9a88a48ad4b27a8a9605fd76391bd5fda0d62e4e34115e2cc6"	"declaration-candidate"	"ADAPTER-IF-008"	"compare-then-recover-if-required-by-S4"	"T275 S4"	"retain only exact declaration closure of an admitted source-shaped facade"
"adapter-win32/include/compiler/winbasep.h"	"c07851ab3d53f37dc0cc5b2e07a43dc862995e9605825ccb7969dde5fed08b15"	"declaration-candidate"	"ADAPTER-IF-007"	"compare-then-recover-if-required-by-S4"	"T275 S4"	"retain only exact declaration closure of an admitted source-shaped facade"
"adapter-win32/include/opennt-api/conapi.h"	"1a78135501f91ac2a004cb68c5831c626e907481afc62970eb97747d16485de2"	"declaration-candidate"	"ADAPTER-IF-007"	"compare-then-recover-if-required-by-S4"	"T275 S4"	"retain only exact declaration closure of an admitted source-shaped facade"
"adapter-win32/include/opennt-api/opennt_dem_file_oem_facade.h"	"e478d51bbd6ee4122dedd8250f418bf76baf4f1e0928da3b2c43ceda56814d6f"	"declaration-candidate"	"ADAPTER-IF-007"	"compare-then-recover-if-required-by-S4"	"T275 S4"	"retain only exact declaration closure of an admitted source-shaped facade"
"adapter-win32/include/opennt-api/opennt_dem_gset_facade.h"	"25b5e4d87ca82610ea30ecb13b25b50b5e92b03f6b4d73a2c40dba186da256de"	"declaration-candidate"	"ADAPTER-IF-007"	"compare-then-recover-if-required-by-S4"	"T275 S4"	"retain only exact declaration closure of an admitted source-shaped facade"
"adapter-win32/include/opennt-api/opennt_dem_oem_facade.h"	"964f96edb2b85323444f3362e5e4d9f525f059b044da8346955578256ae89f78"	"declaration-candidate"	"ADAPTER-IF-007"	"compare-then-recover-if-required-by-S4"	"T275 S4"	"retain only exact declaration closure of an admitted source-shaped facade"
"adapter-win32/include/opennt-api/opennt_dem_search_facade.h"	"232a375080a4abbd0e4bc0797e84300f4573920736af6bd559342225adccffea"	"declaration-candidate"	"ADAPTER-IF-007"	"compare-then-recover-if-required-by-S4"	"T275 S4"	"retain only exact declaration closure of an admitted source-shaped facade"
"adapter-win32/include/opennt-api/opennt_pif_oem_facade.h"	"8339f0d87ce9711d8e778ec31714e9cf18ab773c7c4bd943c10d19fbd7d5383b"	"declaration-candidate"	"ADAPTER-IF-007"	"compare-then-recover-if-required-by-S4"	"T275 S4"	"retain only exact declaration closure of an admitted source-shaped facade"
"adapter-win32/include/opennt-api/opennt_rtl_types.h"	"59c8d2450551b8abc2585547bcf62937fedecc55de2f5be3c42675643ba4f128"	"declaration-candidate"	"ADAPTER-IF-008"	"compare-then-recover-if-required-by-S4"	"T275 S4"	"retain only exact declaration closure of an admitted source-shaped facade"
"adapter-win32/include/opennt-api/pif.h"	"224f6bdf5cfa15a37d95f97e24c30d37d947d5f7f5199d50aeab65b39d150c55"	"declaration-candidate"	"ADAPTER-IF-007"	"compare-then-recover-if-required-by-S4"	"T275 S4"	"retain only exact declaration closure of an admitted source-shaped facade"
"adapter-win32/include/opennt-api/pmvdm.h"	"d9bc8a4e975f9d2bc1aef89d8e8854f2dc8ad8fac53b49d6f4998bccafd4afc8"	"declaration-candidate"	"ADAPTER-IF-007"	"compare-then-recover-if-required-by-S4"	"T275 S4"	"retain only exact declaration closure of an admitted source-shaped facade"
"adapter-win32/include/opennt-api/winconp.h"	"26b1b3cff877ee2802aeff0eeab04f1daf7127e63279bcaa990c8b4f97384f2d"	"declaration-candidate"	"ADAPTER-IF-007"	"compare-then-recover-if-required-by-S4"	"T275 S4"	"retain only exact declaration closure of an admitted source-shaped facade"
"adapter-win32/include/opennt-api/winuserp.h"	"b2838ae608353a14659b85c2be290034a6bb02dee9ac078e82c298f2f9b9b513"	"declaration-candidate"	"ADAPTER-IF-007"	"compare-then-recover-if-required-by-S4"	"T275 S4"	"retain only exact declaration closure of an admitted source-shaped facade"
"adapter-win32/README.md"	"20e4904acfb28c3927e3c6822448c075a81ca8be76c62c277f01c30292947054"	"supporting-reference"	"REFERENCE"	"retain-as-reference-only"	"docs/etc or source provenance"	"not an adapter ABI input"
