candidate_id	caller_definition_id	caller_source_path	caller_source_sha256	caller_source_line	caller_symbol	callee_spelling	call_form	boundary
"MVDM-SECOND-CANDIDATE-000001"	"MVDM-FIRST-DEFINITION-000001"	"base/mvdm/dos/command/cmdredir.c"	"a403f15ba9ec33af85ab38aaa7c4fea301016c4bb09a1ccbd3adee71a07dcc49"	"31"	"cmdCheckCopyForRedirection"	"ASSERT"	"direct-named-call"	"T294 records direct outgoing expression only; a later degree may inspect the callee body"
"MVDM-SECOND-CANDIDATE-000002"	"MVDM-FIRST-DEFINITION-000001"	"base/mvdm/dos/command/cmdredir.c"	"a403f15ba9ec33af85ab38aaa7c4fea301016c4bb09a1ccbd3adee71a07dcc49"	"55"	"cmdCheckCopyForRedirection"	"EnterCriticalSection"	"direct-named-call"	"T294 records direct outgoing expression only; a later degree may inspect the callee body"
"MVDM-SECOND-CANDIDATE-000003"	"MVDM-FIRST-DEFINITION-000001"	"base/mvdm/dos/command/cmdredir.c"	"a403f15ba9ec33af85ab38aaa7c4fea301016c4bb09a1ccbd3adee71a07dcc49"	"57"	"cmdCheckCopyForRedirection"	"WaitForSingleObject"	"direct-named-call"	"T294 records direct outgoing expression only; a later degree may inspect the callee body"
"MVDM-SECOND-CANDIDATE-000004"	"MVDM-FIRST-DEFINITION-000001"	"base/mvdm/dos/command/cmdredir.c"	"a403f15ba9ec33af85ab38aaa7c4fea301016c4bb09a1ccbd3adee71a07dcc49"	"58"	"cmdCheckCopyForRedirection"	"TerminateThread"	"direct-named-call"	"T294 records direct outgoing expression only; a later degree may inspect the callee body"
"MVDM-SECOND-CANDIDATE-000005"	"MVDM-FIRST-DEFINITION-000001"	"base/mvdm/dos/command/cmdredir.c"	"a403f15ba9ec33af85ab38aaa7c4fea301016c4bb09a1ccbd3adee71a07dcc49"	"59"	"cmdCheckCopyForRedirection"	"WaitForSingleObject"	"direct-named-call"	"T294 records direct outgoing expression only; a later degree may inspect the callee body"
"MVDM-SECOND-CANDIDATE-000006"	"MVDM-FIRST-DEFINITION-000001"	"base/mvdm/dos/command/cmdredir.c"	"a403f15ba9ec33af85ab38aaa7c4fea301016c4bb09a1ccbd3adee71a07dcc49"	"61"	"cmdCheckCopyForRedirection"	"LeaveCriticalSection"	"direct-named-call"	"T294 records direct outgoing expression only; a later degree may inspect the callee body"
"MVDM-SECOND-CANDIDATE-000007"	"MVDM-FIRST-DEFINITION-000001"	"base/mvdm/dos/command/cmdredir.c"	"a403f15ba9ec33af85ab38aaa7c4fea301016c4bb09a1ccbd3adee71a07dcc49"	"62"	"cmdCheckCopyForRedirection"	"CloseHandle"	"direct-named-call"	"T294 records direct outgoing expression only; a later degree may inspect the callee body"
"MVDM-SECOND-CANDIDATE-000008"	"MVDM-FIRST-DEFINITION-000001"	"base/mvdm/dos/command/cmdredir.c"	"a403f15ba9ec33af85ab38aaa7c4fea301016c4bb09a1ccbd3adee71a07dcc49"	"63"	"cmdCheckCopyForRedirection"	"CloseHandle"	"direct-named-call"	"T294 records direct outgoing expression only; a later degree may inspect the callee body"
"MVDM-SECOND-CANDIDATE-000009"	"MVDM-FIRST-DEFINITION-000001"	"base/mvdm/dos/command/cmdredir.c"	"a403f15ba9ec33af85ab38aaa7c4fea301016c4bb09a1ccbd3adee71a07dcc49"	"64"	"cmdCheckCopyForRedirection"	"CloseHandle"	"direct-named-call"	"T294 records direct outgoing expression only; a later degree may inspect the callee body"
"MVDM-SECOND-CANDIDATE-000010"	"MVDM-FIRST-DEFINITION-000001"	"base/mvdm/dos/command/cmdredir.c"	"a403f15ba9ec33af85ab38aaa7c4fea301016c4bb09a1ccbd3adee71a07dcc49"	"65"	"cmdCheckCopyForRedirection"	"CloseHandle"	"direct-named-call"	"T294 records direct outgoing expression only; a later degree may inspect the callee body"
"MVDM-SECOND-CANDIDATE-000011"	"MVDM-FIRST-DEFINITION-000001"	"base/mvdm/dos/command/cmdredir.c"	"a403f15ba9ec33af85ab38aaa7c4fea301016c4bb09a1ccbd3adee71a07dcc49"	"66"	"cmdCheckCopyForRedirection"	"DeleteCriticalSection"	"direct-named-call"	"T294 records direct outgoing expression only; a later degree may inspect the callee body"
"MVDM-SECOND-CANDIDATE-000012"	"MVDM-FIRST-DEFINITION-000001"	"base/mvdm/dos/command/cmdredir.c"	"a403f15ba9ec33af85ab38aaa7c4fea301016c4bb09a1ccbd3adee71a07dcc49"	"67"	"cmdCheckCopyForRedirection"	"DeleteFile"	"direct-named-call"	"T294 records direct outgoing expression only; a later degree may inspect the callee body"
"MVDM-SECOND-CANDIDATE-000013"	"MVDM-FIRST-DEFINITION-000001"	"base/mvdm/dos/command/cmdredir.c"	"a403f15ba9ec33af85ab38aaa7c4fea301016c4bb09a1ccbd3adee71a07dcc49"	"68"	"cmdCheckCopyForRedirection"	"free"	"direct-named-call"	"T294 records direct outgoing expression only; a later degree may inspect the callee body"
"MVDM-SECOND-CANDIDATE-000014"	"MVDM-FIRST-DEFINITION-000001"	"base/mvdm/dos/command/cmdredir.c"	"a403f15ba9ec33af85ab38aaa7c4fea301016c4bb09a1ccbd3adee71a07dcc49"	"69"	"cmdCheckCopyForRedirection"	"free"	"direct-named-call"	"T294 records direct outgoing expression only; a later degree may inspect the callee body"
"MVDM-SECOND-CANDIDATE-000015"	"MVDM-FIRST-DEFINITION-000001"	"base/mvdm/dos/command/cmdredir.c"	"a403f15ba9ec33af85ab38aaa7c4fea301016c4bb09a1ccbd3adee71a07dcc49"	"78"	"cmdCheckCopyForRedirection"	"SetEvent"	"direct-named-call"	"T294 records direct outgoing expression only; a later degree may inspect the callee body"
"MVDM-SECOND-CANDIDATE-000016"	"MVDM-FIRST-DEFINITION-000001"	"base/mvdm/dos/command/cmdredir.c"	"a403f15ba9ec33af85ab38aaa7c4fea301016c4bb09a1ccbd3adee71a07dcc49"	"86"	"cmdCheckCopyForRedirection"	"WaitForSingleObject"	"direct-named-call"	"T294 records direct outgoing expression only; a later degree may inspect the callee body"
"MVDM-SECOND-CANDIDATE-000017"	"MVDM-FIRST-DEFINITION-000001"	"base/mvdm/dos/command/cmdredir.c"	"a403f15ba9ec33af85ab38aaa7c4fea301016c4bb09a1ccbd3adee71a07dcc49"	"87"	"cmdCheckCopyForRedirection"	"CloseHandle"	"direct-named-call"	"T294 records direct outgoing expression only; a later degree may inspect the callee body"
"MVDM-SECOND-CANDIDATE-000018"	"MVDM-FIRST-DEFINITION-000001"	"base/mvdm/dos/command/cmdredir.c"	"a403f15ba9ec33af85ab38aaa7c4fea301016c4bb09a1ccbd3adee71a07dcc49"	"90"	"cmdCheckCopyForRedirection"	"SetEvent"	"direct-named-call"	"T294 records direct outgoing expression only; a later degree may inspect the callee body"
"MVDM-SECOND-CANDIDATE-000019"	"MVDM-FIRST-DEFINITION-000001"	"base/mvdm/dos/command/cmdredir.c"	"a403f15ba9ec33af85ab38aaa7c4fea301016c4bb09a1ccbd3adee71a07dcc49"	"91"	"cmdCheckCopyForRedirection"	"WaitForSingleObject"	"direct-named-call"	"T294 records direct outgoing expression only; a later degree may inspect the callee body"
"MVDM-SECOND-CANDIDATE-000020"	"MVDM-FIRST-DEFINITION-000001"	"base/mvdm/dos/command/cmdredir.c"	"a403f15ba9ec33af85ab38aaa7c4fea301016c4bb09a1ccbd3adee71a07dcc49"	"92"	"cmdCheckCopyForRedirection"	"CloseHandle"	"direct-named-call"	"T294 records direct outgoing expression only; a later degree may inspect the callee body"
"MVDM-SECOND-CANDIDATE-000021"	"MVDM-FIRST-DEFINITION-000001"	"base/mvdm/dos/command/cmdredir.c"	"a403f15ba9ec33af85ab38aaa7c4fea301016c4bb09a1ccbd3adee71a07dcc49"	"94"	"cmdCheckCopyForRedirection"	"free"	"direct-named-call"	"T294 records direct outgoing expression only; a later degree may inspect the callee body"
"MVDM-SECOND-CANDIDATE-000022"	"MVDM-FIRST-DEFINITION-000002"	"base/mvdm/dos/command/cmdredir.c"	"a403f15ba9ec33af85ab38aaa7c4fea301016c4bb09a1ccbd3adee71a07dcc49"	"110"	"cmdCreateTempFile"	"malloc"	"direct-named-call"	"T294 records direct outgoing expression only; a later degree may inspect the callee body"
"MVDM-SECOND-CANDIDATE-000023"	"MVDM-FIRST-DEFINITION-000002"	"base/mvdm/dos/command/cmdredir.c"	"a403f15ba9ec33af85ab38aaa7c4fea301016c4bb09a1ccbd3adee71a07dcc49"	"115"	"cmdCreateTempFile"	"GetTempPath"	"direct-named-call"	"T294 records direct outgoing expression only; a later degree may inspect the callee body"
"MVDM-SECOND-CANDIDATE-000024"	"MVDM-FIRST-DEFINITION-000002"	"base/mvdm/dos/command/cmdredir.c"	"a403f15ba9ec33af85ab38aaa7c4fea301016c4bb09a1ccbd3adee71a07dcc49"	"118"	"cmdCreateTempFile"	"free"	"direct-named-call"	"T294 records direct outgoing expression only; a later degree may inspect the callee body"
"MVDM-SECOND-CANDIDATE-000025"	"MVDM-FIRST-DEFINITION-000002"	"base/mvdm/dos/command/cmdredir.c"	"a403f15ba9ec33af85ab38aaa7c4fea301016c4bb09a1ccbd3adee71a07dcc49"	"123"	"cmdCreateTempFile"	"free"	"direct-named-call"	"T294 records direct outgoing expression only; a later degree may inspect the callee body"
"MVDM-SECOND-CANDIDATE-000026"	"MVDM-FIRST-DEFINITION-000002"	"base/mvdm/dos/command/cmdredir.c"	"a403f15ba9ec33af85ab38aaa7c4fea301016c4bb09a1ccbd3adee71a07dcc49"	"128"	"cmdCreateTempFile"	"malloc"	"direct-named-call"	"T294 records direct outgoing expression only; a later degree may inspect the callee body"
"MVDM-SECOND-CANDIDATE-000027"	"MVDM-FIRST-DEFINITION-000002"	"base/mvdm/dos/command/cmdredir.c"	"a403f15ba9ec33af85ab38aaa7c4fea301016c4bb09a1ccbd3adee71a07dcc49"	"129"	"cmdCreateTempFile"	"free"	"direct-named-call"	"T294 records direct outgoing expression only; a later degree may inspect the callee body"
"MVDM-SECOND-CANDIDATE-000028"	"MVDM-FIRST-DEFINITION-000002"	"base/mvdm/dos/command/cmdredir.c"	"a403f15ba9ec33af85ab38aaa7c4fea301016c4bb09a1ccbd3adee71a07dcc49"	"134"	"cmdCreateTempFile"	"GetTempFileName"	"direct-named-call"	"T294 records direct outgoing expression only; a later degree may inspect the callee body"
"MVDM-SECOND-CANDIDATE-000029"	"MVDM-FIRST-DEFINITION-000002"	"base/mvdm/dos/command/cmdredir.c"	"a403f15ba9ec33af85ab38aaa7c4fea301016c4bb09a1ccbd3adee71a07dcc49"	"137"	"cmdCreateTempFile"	"GetWindowsDirectory"	"direct-named-call"	"T294 records direct outgoing expression only; a later degree may inspect the callee body"
"MVDM-SECOND-CANDIDATE-000030"	"MVDM-FIRST-DEFINITION-000002"	"base/mvdm/dos/command/cmdredir.c"	"a403f15ba9ec33af85ab38aaa7c4fea301016c4bb09a1ccbd3adee71a07dcc49"	"139"	"cmdCreateTempFile"	"strcpy"	"direct-named-call"	"T294 records direct outgoing expression only; a later degree may inspect the callee body"
"MVDM-SECOND-CANDIDATE-000031"	"MVDM-FIRST-DEFINITION-000002"	"base/mvdm/dos/command/cmdredir.c"	"a403f15ba9ec33af85ab38aaa7c4fea301016c4bb09a1ccbd3adee71a07dcc49"	"142"	"cmdCreateTempFile"	"GetTempFileName"	"direct-named-call"	"T294 records direct outgoing expression only; a later degree may inspect the callee body"
"MVDM-SECOND-CANDIDATE-000032"	"MVDM-FIRST-DEFINITION-000002"	"base/mvdm/dos/command/cmdredir.c"	"a403f15ba9ec33af85ab38aaa7c4fea301016c4bb09a1ccbd3adee71a07dcc49"	"154"	"cmdCreateTempFile"	"CreateFile"	"direct-named-call"	"T294 records direct outgoing expression only; a later degree may inspect the callee body"
"MVDM-SECOND-CANDIDATE-000033"	"MVDM-FIRST-DEFINITION-000002"	"base/mvdm/dos/command/cmdredir.c"	"a403f15ba9ec33af85ab38aaa7c4fea301016c4bb09a1ccbd3adee71a07dcc49"	"161"	"cmdCreateTempFile"	"free"	"direct-named-call"	"T294 records direct outgoing expression only; a later degree may inspect the callee body"
"MVDM-SECOND-CANDIDATE-000034"	"MVDM-FIRST-DEFINITION-000002"	"base/mvdm/dos/command/cmdredir.c"	"a403f15ba9ec33af85ab38aaa7c4fea301016c4bb09a1ccbd3adee71a07dcc49"	"162"	"cmdCreateTempFile"	"free"	"direct-named-call"	"T294 records direct outgoing expression only; a later degree may inspect the callee body"
"MVDM-SECOND-CANDIDATE-000035"	"MVDM-FIRST-DEFINITION-000002"	"base/mvdm/dos/command/cmdredir.c"	"a403f15ba9ec33af85ab38aaa7c4fea301016c4bb09a1ccbd3adee71a07dcc49"	"168"	"cmdCreateTempFile"	"free"	"direct-named-call"	"T294 records direct outgoing expression only; a later degree may inspect the callee body"
"MVDM-SECOND-CANDIDATE-000036"	"MVDM-FIRST-DEFINITION-000003"	"base/mvdm/dos/command/cmd.c"	"9d0a773fcc8d7765b0fe3fe3750b5c9a29a596362f78a221161318fd83cc0262"	"30"	"CMDInit"	"GetSystemDirectory"	"direct-named-call"	"T294 records direct outgoing expression only; a later degree may inspect the callee body"
"MVDM-SECOND-CANDIDATE-000037"	"MVDM-FIRST-DEFINITION-000004"	"base/mvdm/oemuni/file.c"	"a3184eb571d6822577b52849e2da3955689899ecc6dfd9df100ff3f3636be5df"	"698"	"CreateDirectoryOem"	"NtCurrentTeb"	"direct-named-call"	"T294 records direct outgoing expression only; a later degree may inspect the callee body"
"MVDM-SECOND-CANDIDATE-000038"	"MVDM-FIRST-DEFINITION-000004"	"base/mvdm/oemuni/file.c"	"a3184eb571d6822577b52849e2da3955689899ecc6dfd9df100ff3f3636be5df"	"699"	"CreateDirectoryOem"	"InitOemString"	"direct-named-call"	"T294 records direct outgoing expression only; a later degree may inspect the callee body"
"MVDM-SECOND-CANDIDATE-000039"	"MVDM-FIRST-DEFINITION-000004"	"base/mvdm/oemuni/file.c"	"a3184eb571d6822577b52849e2da3955689899ecc6dfd9df100ff3f3636be5df"	"700"	"CreateDirectoryOem"	"RtlOemStringToUnicodeString"	"direct-named-call"	"T294 records direct outgoing expression only; a later degree may inspect the callee body"
"MVDM-SECOND-CANDIDATE-000040"	"MVDM-FIRST-DEFINITION-000004"	"base/mvdm/oemuni/file.c"	"a3184eb571d6822577b52849e2da3955689899ecc6dfd9df100ff3f3636be5df"	"701"	"CreateDirectoryOem"	"NT_SUCCESS"	"direct-named-call"	"T294 records direct outgoing expression only; a later degree may inspect the callee body"
"MVDM-SECOND-CANDIDATE-000041"	"MVDM-FIRST-DEFINITION-000004"	"base/mvdm/oemuni/file.c"	"a3184eb571d6822577b52849e2da3955689899ecc6dfd9df100ff3f3636be5df"	"703"	"CreateDirectoryOem"	"SetLastError"	"direct-named-call"	"T294 records direct outgoing expression only; a later degree may inspect the callee body"
"MVDM-SECOND-CANDIDATE-000042"	"MVDM-FIRST-DEFINITION-000004"	"base/mvdm/oemuni/file.c"	"a3184eb571d6822577b52849e2da3955689899ecc6dfd9df100ff3f3636be5df"	"706"	"CreateDirectoryOem"	"BaseSetLastNTError"	"direct-named-call"	"T294 records direct outgoing expression only; a later degree may inspect the callee body"
"MVDM-SECOND-CANDIDATE-000043"	"MVDM-FIRST-DEFINITION-000004"	"base/mvdm/oemuni/file.c"	"a3184eb571d6822577b52849e2da3955689899ecc6dfd9df100ff3f3636be5df"	"710"	"CreateDirectoryOem"	"CreateDirectoryW"	"direct-named-call"	"T294 records direct outgoing expression only; a later degree may inspect the callee body"
"MVDM-SECOND-CANDIDATE-000044"	"MVDM-FIRST-DEFINITION-000005"	"base/mvdm/oemuni/file.c"	"a3184eb571d6822577b52849e2da3955689899ecc6dfd9df100ff3f3636be5df"	"85"	"CreateFileOem"	"NtCurrentTeb"	"direct-named-call"	"T294 records direct outgoing expression only; a later degree may inspect the callee body"
"MVDM-SECOND-CANDIDATE-000045"	"MVDM-FIRST-DEFINITION-000005"	"base/mvdm/oemuni/file.c"	"a3184eb571d6822577b52849e2da3955689899ecc6dfd9df100ff3f3636be5df"	"86"	"CreateFileOem"	"InitOemString"	"direct-named-call"	"T294 records direct outgoing expression only; a later degree may inspect the callee body"
"MVDM-SECOND-CANDIDATE-000046"	"MVDM-FIRST-DEFINITION-000005"	"base/mvdm/oemuni/file.c"	"a3184eb571d6822577b52849e2da3955689899ecc6dfd9df100ff3f3636be5df"	"87"	"CreateFileOem"	"RtlOemStringToUnicodeString"	"direct-named-call"	"T294 records direct outgoing expression only; a later degree may inspect the callee body"
"MVDM-SECOND-CANDIDATE-000047"	"MVDM-FIRST-DEFINITION-000005"	"base/mvdm/oemuni/file.c"	"a3184eb571d6822577b52849e2da3955689899ecc6dfd9df100ff3f3636be5df"	"88"	"CreateFileOem"	"NT_SUCCESS"	"direct-named-call"	"T294 records direct outgoing expression only; a later degree may inspect the callee body"
"MVDM-SECOND-CANDIDATE-000048"	"MVDM-FIRST-DEFINITION-000005"	"base/mvdm/oemuni/file.c"	"a3184eb571d6822577b52849e2da3955689899ecc6dfd9df100ff3f3636be5df"	"90"	"CreateFileOem"	"SetLastError"	"direct-named-call"	"T294 records direct outgoing expression only; a later degree may inspect the callee body"
"MVDM-SECOND-CANDIDATE-000049"	"MVDM-FIRST-DEFINITION-000005"	"base/mvdm/oemuni/file.c"	"a3184eb571d6822577b52849e2da3955689899ecc6dfd9df100ff3f3636be5df"	"93"	"CreateFileOem"	"BaseSetLastNTError"	"direct-named-call"	"T294 records direct outgoing expression only; a later degree may inspect the callee body"
"MVDM-SECOND-CANDIDATE-000050"	"MVDM-FIRST-DEFINITION-000005"	"base/mvdm/oemuni/file.c"	"a3184eb571d6822577b52849e2da3955689899ecc6dfd9df100ff3f3636be5df"	"104"	"CreateFileOem"	"CreateFileW"	"direct-named-call"	"T294 records direct outgoing expression only; a later degree may inspect the callee body"
"MVDM-SECOND-CANDIDATE-000051"	"MVDM-FIRST-DEFINITION-000005"	"base/mvdm/oemuni/file.c"	"a3184eb571d6822577b52849e2da3955689899ecc6dfd9df100ff3f3636be5df"	"124"	"CreateFileOem"	"CreateFileW"	"direct-named-call"	"T294 records direct outgoing expression only; a later degree may inspect the callee body"
"MVDM-SECOND-CANDIDATE-000052"	"MVDM-FIRST-DEFINITION-000006"	"base/mvdm/oemuni/file.c"	"a3184eb571d6822577b52849e2da3955689899ecc6dfd9df100ff3f3636be5df"	"236"	"DeleteFileOem"	"NtCurrentTeb"	"direct-named-call"	"T294 records direct outgoing expression only; a later degree may inspect the callee body"
"MVDM-SECOND-CANDIDATE-000053"	"MVDM-FIRST-DEFINITION-000006"	"base/mvdm/oemuni/file.c"	"a3184eb571d6822577b52849e2da3955689899ecc6dfd9df100ff3f3636be5df"	"237"	"DeleteFileOem"	"InitOemString"	"direct-named-call"	"T294 records direct outgoing expression only; a later degree may inspect the callee body"
"MVDM-SECOND-CANDIDATE-000054"	"MVDM-FIRST-DEFINITION-000006"	"base/mvdm/oemuni/file.c"	"a3184eb571d6822577b52849e2da3955689899ecc6dfd9df100ff3f3636be5df"	"238"	"DeleteFileOem"	"RtlOemStringToUnicodeString"	"direct-named-call"	"T294 records direct outgoing expression only; a later degree may inspect the callee body"
"MVDM-SECOND-CANDIDATE-000055"	"MVDM-FIRST-DEFINITION-000006"	"base/mvdm/oemuni/file.c"	"a3184eb571d6822577b52849e2da3955689899ecc6dfd9df100ff3f3636be5df"	"239"	"DeleteFileOem"	"NT_SUCCESS"	"direct-named-call"	"T294 records direct outgoing expression only; a later degree may inspect the callee body"
"MVDM-SECOND-CANDIDATE-000056"	"MVDM-FIRST-DEFINITION-000006"	"base/mvdm/oemuni/file.c"	"a3184eb571d6822577b52849e2da3955689899ecc6dfd9df100ff3f3636be5df"	"241"	"DeleteFileOem"	"SetLastError"	"direct-named-call"	"T294 records direct outgoing expression only; a later degree may inspect the callee body"
"MVDM-SECOND-CANDIDATE-000057"	"MVDM-FIRST-DEFINITION-000006"	"base/mvdm/oemuni/file.c"	"a3184eb571d6822577b52849e2da3955689899ecc6dfd9df100ff3f3636be5df"	"244"	"DeleteFileOem"	"BaseSetLastNTError"	"direct-named-call"	"T294 records direct outgoing expression only; a later degree may inspect the callee body"
"MVDM-SECOND-CANDIDATE-000058"	"MVDM-FIRST-DEFINITION-000006"	"base/mvdm/oemuni/file.c"	"a3184eb571d6822577b52849e2da3955689899ecc6dfd9df100ff3f3636be5df"	"248"	"DeleteFileOem"	"DeleteFileW"	"direct-named-call"	"T294 records direct outgoing expression only; a later degree may inspect the callee body"
"MVDM-SECOND-CANDIDATE-000059"	"MVDM-FIRST-DEFINITION-000007"	"base/mvdm/dos/dem/demfile.c"	"701c7ce94b6317f23d73d847c681338ddb522d0216cf6373713e542c34236620"	"604"	"demCreateCommon"	"GetVDMAddr"	"direct-named-call"	"T294 records direct outgoing expression only; a later degree may inspect the callee body"
"MVDM-SECOND-CANDIDATE-000060"	"MVDM-FIRST-DEFINITION-000007"	"base/mvdm/dos/dem/demfile.c"	"701c7ce94b6317f23d73d847c681338ddb522d0216cf6373713e542c34236620"	"604"	"demCreateCommon"	"getDS"	"direct-named-call"	"T294 records direct outgoing expression only; a later degree may inspect the callee body"
"MVDM-SECOND-CANDIDATE-000061"	"MVDM-FIRST-DEFINITION-000007"	"base/mvdm/dos/dem/demfile.c"	"701c7ce94b6317f23d73d847c681338ddb522d0216cf6373713e542c34236620"	"604"	"demCreateCommon"	"getSI"	"direct-named-call"	"T294 records direct outgoing expression only; a later degree may inspect the callee body"
"MVDM-SECOND-CANDIDATE-000062"	"MVDM-FIRST-DEFINITION-000007"	"base/mvdm/dos/dem/demfile.c"	"701c7ce94b6317f23d73d847c681338ddb522d0216cf6373713e542c34236620"	"605"	"demCreateCommon"	"getCX"	"direct-named-call"	"T294 records direct outgoing expression only; a later degree may inspect the callee body"
"MVDM-SECOND-CANDIDATE-000063"	"MVDM-FIRST-DEFINITION-000007"	"base/mvdm/dos/dem/demfile.c"	"701c7ce94b6317f23d73d847c681338ddb522d0216cf6373713e542c34236620"	"615"	"demCreateCommon"	"setCF"	"direct-named-call"	"T294 records direct outgoing expression only; a later degree may inspect the callee body"
"MVDM-SECOND-CANDIDATE-000064"	"MVDM-FIRST-DEFINITION-000007"	"base/mvdm/dos/dem/demfile.c"	"701c7ce94b6317f23d73d847c681338ddb522d0216cf6373713e542c34236620"	"616"	"demCreateCommon"	"setAX"	"direct-named-call"	"T294 records direct outgoing expression only; a later degree may inspect the callee body"
"MVDM-SECOND-CANDIDATE-000065"	"MVDM-FIRST-DEFINITION-000007"	"base/mvdm/dos/dem/demfile.c"	"701c7ce94b6317f23d73d847c681338ddb522d0216cf6373713e542c34236620"	"619"	"demCreateCommon"	"setAX"	"direct-named-call"	"T294 records direct outgoing expression only; a later degree may inspect the callee body"
"MVDM-SECOND-CANDIDATE-000066"	"MVDM-FIRST-DEFINITION-000007"	"base/mvdm/dos/dem/demfile.c"	"701c7ce94b6317f23d73d847c681338ddb522d0216cf6373713e542c34236620"	"620"	"demCreateCommon"	"setBP"	"direct-named-call"	"T294 records direct outgoing expression only; a later degree may inspect the callee body"
"MVDM-SECOND-CANDIDATE-000067"	"MVDM-FIRST-DEFINITION-000007"	"base/mvdm/dos/dem/demfile.c"	"701c7ce94b6317f23d73d847c681338ddb522d0216cf6373713e542c34236620"	"621"	"demCreateCommon"	"setCF"	"direct-named-call"	"T294 records direct outgoing expression only; a later degree may inspect the callee body"
"MVDM-SECOND-CANDIDATE-000068"	"MVDM-FIRST-DEFINITION-000007"	"base/mvdm/dos/dem/demfile.c"	"701c7ce94b6317f23d73d847c681338ddb522d0216cf6373713e542c34236620"	"628"	"demCreateCommon"	"sprintf"	"direct-named-call"	"T294 records direct outgoing expression only; a later degree may inspect the callee body"
"MVDM-SECOND-CANDIDATE-000069"	"MVDM-FIRST-DEFINITION-000007"	"base/mvdm/dos/dem/demfile.c"	"701c7ce94b6317f23d73d847c681338ddb522d0216cf6373713e542c34236620"	"677"	"demCreateCommon"	"strrchr"	"direct-named-call"	"T294 records direct outgoing expression only; a later degree may inspect the callee body"
"MVDM-SECOND-CANDIDATE-000070"	"MVDM-FIRST-DEFINITION-000007"	"base/mvdm/dos/dem/demfile.c"	"701c7ce94b6317f23d73d847c681338ddb522d0216cf6373713e542c34236620"	"680"	"demCreateCommon"	"_strcmpi"	"direct-named-call"	"T294 records direct outgoing expression only; a later degree may inspect the callee body"
"MVDM-SECOND-CANDIDATE-000071"	"MVDM-FIRST-DEFINITION-000007"	"base/mvdm/dos/dem/demfile.c"	"701c7ce94b6317f23d73d847c681338ddb522d0216cf6373713e542c34236620"	"681"	"demCreateCommon"	"_strcmpi"	"direct-named-call"	"T294 records direct outgoing expression only; a later degree may inspect the callee body"
"MVDM-SECOND-CANDIDATE-000072"	"MVDM-FIRST-DEFINITION-000007"	"base/mvdm/dos/dem/demfile.c"	"701c7ce94b6317f23d73d847c681338ddb522d0216cf6373713e542c34236620"	"682"	"demCreateCommon"	"_strcmpi"	"direct-named-call"	"T294 records direct outgoing expression only; a later degree may inspect the callee body"
"MVDM-SECOND-CANDIDATE-000073"	"MVDM-FIRST-DEFINITION-000007"	"base/mvdm/dos/dem/demfile.c"	"701c7ce94b6317f23d73d847c681338ddb522d0216cf6373713e542c34236620"	"685"	"demCreateCommon"	"PostMessage"	"direct-named-call"	"T294 records direct outgoing expression only; a later degree may inspect the callee body"
"MVDM-SECOND-CANDIDATE-000074"	"MVDM-FIRST-DEFINITION-000007"	"base/mvdm/dos/dem/demfile.c"	"701c7ce94b6317f23d73d847c681338ddb522d0216cf6373713e542c34236620"	"693"	"demCreateCommon"	"_strcmpi"	"direct-named-call"	"T294 records direct outgoing expression only; a later degree may inspect the callee body"
"MVDM-SECOND-CANDIDATE-000075"	"MVDM-FIRST-DEFINITION-000007"	"base/mvdm/dos/dem/demfile.c"	"701c7ce94b6317f23d73d847c681338ddb522d0216cf6373713e542c34236620"	"695"	"demCreateCommon"	"RtlZeroMemory"	"direct-named-call"	"T294 records direct outgoing expression only; a later degree may inspect the callee body"
"MVDM-SECOND-CANDIDATE-000076"	"MVDM-FIRST-DEFINITION-000007"	"base/mvdm/dos/dem/demfile.c"	"701c7ce94b6317f23d73d847c681338ddb522d0216cf6373713e542c34236620"	"696"	"demCreateCommon"	"RtlCopyMemory"	"direct-named-call"	"T294 records direct outgoing expression only; a later degree may inspect the callee body"
"MVDM-SECOND-CANDIDATE-000077"	"MVDM-FIRST-DEFINITION-000007"	"base/mvdm/dos/dem/demfile.c"	"701c7ce94b6317f23d73d847c681338ddb522d0216cf6373713e542c34236620"	"697"	"demCreateCommon"	"strcat"	"direct-named-call"	"T294 records direct outgoing expression only; a later degree may inspect the callee body"
"MVDM-SECOND-CANDIDATE-000078"	"MVDM-FIRST-DEFINITION-000007"	"base/mvdm/dos/dem/demfile.c"	"701c7ce94b6317f23d73d847c681338ddb522d0216cf6373713e542c34236620"	"699"	"demCreateCommon"	"PostMessage"	"direct-named-call"	"T294 records direct outgoing expression only; a later degree may inspect the callee body"
"MVDM-SECOND-CANDIDATE-000079"	"MVDM-FIRST-DEFINITION-000007"	"base/mvdm/dos/dem/demfile.c"	"701c7ce94b6317f23d73d847c681338ddb522d0216cf6373713e542c34236620"	"714"	"demCreateCommon"	"GetFileSize"	"direct-named-call"	"T294 records direct outgoing expression only; a later degree may inspect the callee body"
"MVDM-SECOND-CANDIDATE-000080"	"MVDM-FIRST-DEFINITION-000007"	"base/mvdm/dos/dem/demfile.c"	"701c7ce94b6317f23d73d847c681338ddb522d0216cf6373713e542c34236620"	"715"	"demCreateCommon"	"CloseHandle"	"direct-named-call"	"T294 records direct outgoing expression only; a later degree may inspect the callee body"
"MVDM-SECOND-CANDIDATE-000081"	"MVDM-FIRST-DEFINITION-000007"	"base/mvdm/dos/dem/demfile.c"	"701c7ce94b6317f23d73d847c681338ddb522d0216cf6373713e542c34236620"	"719"	"demCreateCommon"	"setCX"	"direct-named-call"	"T294 records direct outgoing expression only; a later degree may inspect the callee body"
"MVDM-SECOND-CANDIDATE-000082"	"MVDM-FIRST-DEFINITION-000007"	"base/mvdm/dos/dem/demfile.c"	"701c7ce94b6317f23d73d847c681338ddb522d0216cf6373713e542c34236620"	"720"	"demCreateCommon"	"setBX"	"direct-named-call"	"T294 records direct outgoing expression only; a later degree may inspect the callee body"
"MVDM-SECOND-CANDIDATE-000083"	"MVDM-FIRST-DEFINITION-000007"	"base/mvdm/dos/dem/demfile.c"	"701c7ce94b6317f23d73d847c681338ddb522d0216cf6373713e542c34236620"	"721"	"demCreateCommon"	"setBP"	"direct-named-call"	"T294 records direct outgoing expression only; a later degree may inspect the callee body"
"MVDM-SECOND-CANDIDATE-000084"	"MVDM-FIRST-DEFINITION-000007"	"base/mvdm/dos/dem/demfile.c"	"701c7ce94b6317f23d73d847c681338ddb522d0216cf6373713e542c34236620"	"722"	"demCreateCommon"	"setAX"	"direct-named-call"	"T294 records direct outgoing expression only; a later degree may inspect the callee body"
"MVDM-SECOND-CANDIDATE-000085"	"MVDM-FIRST-DEFINITION-000007"	"base/mvdm/dos/dem/demfile.c"	"701c7ce94b6317f23d73d847c681338ddb522d0216cf6373713e542c34236620"	"723"	"demCreateCommon"	"setCF"	"direct-named-call"	"T294 records direct outgoing expression only; a later degree may inspect the callee body"
"MVDM-SECOND-CANDIDATE-000086"	"MVDM-FIRST-DEFINITION-000008"	"base/mvdm/dos/dem/demfcb.c"	"2705fe134a825c3fbcb11594cf1aa23e858438a43d1de0c03e010930f921c670"	"735"	"demGetMiscInfo"	"GetFileTime"	"direct-named-call"	"T294 records direct outgoing expression only; a later degree may inspect the callee body"
"MVDM-SECOND-CANDIDATE-000087"	"MVDM-FIRST-DEFINITION-000008"	"base/mvdm/dos/dem/demfcb.c"	"2705fe134a825c3fbcb11594cf1aa23e858438a43d1de0c03e010930f921c670"	"736"	"demGetMiscInfo"	"demPrintMsg"	"direct-named-call"	"T294 records direct outgoing expression only; a later degree may inspect the callee body"
"MVDM-SECOND-CANDIDATE-000088"	"MVDM-FIRST-DEFINITION-000008"	"base/mvdm/dos/dem/demfcb.c"	"2705fe134a825c3fbcb11594cf1aa23e858438a43d1de0c03e010930f921c670"	"737"	"demGetMiscInfo"	"ASSERT"	"direct-named-call"	"T294 records direct outgoing expression only; a later degree may inspect the callee body"
"MVDM-SECOND-CANDIDATE-000089"	"MVDM-FIRST-DEFINITION-000008"	"base/mvdm/dos/dem/demfcb.c"	"2705fe134a825c3fbcb11594cf1aa23e858438a43d1de0c03e010930f921c670"	"739"	"demGetMiscInfo"	"CloseHandle"	"direct-named-call"	"T294 records direct outgoing expression only; a later degree may inspect the callee body"
"MVDM-SECOND-CANDIDATE-000090"	"MVDM-FIRST-DEFINITION-000008"	"base/mvdm/dos/dem/demfcb.c"	"2705fe134a825c3fbcb11594cf1aa23e858438a43d1de0c03e010930f921c670"	"743"	"demGetMiscInfo"	"FileTimeToLocalFileTime"	"direct-named-call"	"T294 records direct outgoing expression only; a later degree may inspect the callee body"
"MVDM-SECOND-CANDIDATE-000091"	"MVDM-FIRST-DEFINITION-000008"	"base/mvdm/dos/dem/demfcb.c"	"2705fe134a825c3fbcb11594cf1aa23e858438a43d1de0c03e010930f921c670"	"745"	"demGetMiscInfo"	"FileTimeToDosDateTime"	"direct-named-call"	"T294 records direct outgoing expression only; a later degree may inspect the callee body"
"MVDM-SECOND-CANDIDATE-000092"	"MVDM-FIRST-DEFINITION-000008"	"base/mvdm/dos/dem/demfcb.c"	"2705fe134a825c3fbcb11594cf1aa23e858438a43d1de0c03e010930f921c670"	"748"	"demGetMiscInfo"	"demPrintMsg"	"direct-named-call"	"T294 records direct outgoing expression only; a later degree may inspect the callee body"
"MVDM-SECOND-CANDIDATE-000093"	"MVDM-FIRST-DEFINITION-000008"	"base/mvdm/dos/dem/demfcb.c"	"2705fe134a825c3fbcb11594cf1aa23e858438a43d1de0c03e010930f921c670"	"749"	"demGetMiscInfo"	"ASSERT"	"direct-named-call"	"T294 records direct outgoing expression only; a later degree may inspect the callee body"
"MVDM-SECOND-CANDIDATE-000094"	"MVDM-FIRST-DEFINITION-000008"	"base/mvdm/dos/dem/demfcb.c"	"2705fe134a825c3fbcb11594cf1aa23e858438a43d1de0c03e010930f921c670"	"754"	"demGetMiscInfo"	"GetFileSize"	"direct-named-call"	"T294 records direct outgoing expression only; a later degree may inspect the callee body"
"MVDM-SECOND-CANDIDATE-000095"	"MVDM-FIRST-DEFINITION-000008"	"base/mvdm/dos/dem/demfcb.c"	"2705fe134a825c3fbcb11594cf1aa23e858438a43d1de0c03e010930f921c670"	"755"	"demGetMiscInfo"	"demPrintMsg"	"direct-named-call"	"T294 records direct outgoing expression only; a later degree may inspect the callee body"
"MVDM-SECOND-CANDIDATE-000096"	"MVDM-FIRST-DEFINITION-000008"	"base/mvdm/dos/dem/demfcb.c"	"2705fe134a825c3fbcb11594cf1aa23e858438a43d1de0c03e010930f921c670"	"756"	"demGetMiscInfo"	"ASSERT"	"direct-named-call"	"T294 records direct outgoing expression only; a later degree may inspect the callee body"
"MVDM-SECOND-CANDIDATE-000097"	"MVDM-FIRST-DEFINITION-000008"	"base/mvdm/dos/dem/demfcb.c"	"2705fe134a825c3fbcb11594cf1aa23e858438a43d1de0c03e010930f921c670"	"762"	"demGetMiscInfo"	"demPrintMsg"	"direct-named-call"	"T294 records direct outgoing expression only; a later degree may inspect the callee body"
"MVDM-SECOND-CANDIDATE-000098"	"MVDM-FIRST-DEFINITION-000008"	"base/mvdm/dos/dem/demfcb.c"	"2705fe134a825c3fbcb11594cf1aa23e858438a43d1de0c03e010930f921c670"	"763"	"demGetMiscInfo"	"ASSERT"	"direct-named-call"	"T294 records direct outgoing expression only; a later degree may inspect the callee body"
"MVDM-SECOND-CANDIDATE-000099"	"MVDM-FIRST-DEFINITION-000009"	"base/win32/client/vdm.c"	"3f03d0dbb08e0163f2d9cf415daad0981e42e1b1855f6f48a3b59022b7374173"	"767"	"ExitVDM"	"NtCurrentPeb"	"direct-named-call"	"T294 records direct outgoing expression only; a later degree may inspect the callee body"
"MVDM-SECOND-CANDIDATE-000100"	"MVDM-FIRST-DEFINITION-000009"	"base/win32/client/vdm.c"	"3f03d0dbb08e0163f2d9cf415daad0981e42e1b1855f6f48a3b59022b7374173"	"772"	"ExitVDM"	"CsrClientCallServer"	"direct-named-call"	"T294 records direct outgoing expression only; a later degree may inspect the callee body"
"MVDM-SECOND-CANDIDATE-000101"	"MVDM-FIRST-DEFINITION-000009"	"base/win32/client/vdm.c"	"3f03d0dbb08e0163f2d9cf415daad0981e42e1b1855f6f48a3b59022b7374173"	"775"	"ExitVDM"	"CSR_MAKE_API_NUMBER"	"direct-named-call"	"T294 records direct outgoing expression only; a later degree may inspect the callee body"
"MVDM-SECOND-CANDIDATE-000102"	"MVDM-FIRST-DEFINITION-000009"	"base/win32/client/vdm.c"	"3f03d0dbb08e0163f2d9cf415daad0981e42e1b1855f6f48a3b59022b7374173"	"780"	"ExitVDM"	"NT_SUCCESS"	"direct-named-call"	"T294 records direct outgoing expression only; a later degree may inspect the callee body"
"MVDM-SECOND-CANDIDATE-000103"	"MVDM-FIRST-DEFINITION-000009"	"base/win32/client/vdm.c"	"3f03d0dbb08e0163f2d9cf415daad0981e42e1b1855f6f48a3b59022b7374173"	"781"	"ExitVDM"	"NtClose"	"direct-named-call"	"T294 records direct outgoing expression only; a later degree may inspect the callee body"
"MVDM-SECOND-CANDIDATE-000104"	"MVDM-FIRST-DEFINITION-000010"	"base/mvdm/oemuni/process.c"	"38c9125f9f3c43f32f696616e565e63b8f056da7ec264d980a5e5278cc640468"	"769"	"ExpandEnvironmentStringsOem"	"ARGUMENT_PRESENT"	"direct-named-call"	"T294 records direct outgoing expression only; a later degree may inspect the callee body"
"MVDM-SECOND-CANDIDATE-000105"	"MVDM-FIRST-DEFINITION-000010"	"base/mvdm/oemuni/process.c"	"38c9125f9f3c43f32f696616e565e63b8f056da7ec264d980a5e5278cc640468"	"770"	"ExpandEnvironmentStringsOem"	"SetLastError"	"direct-named-call"	"T294 records direct outgoing expression only; a later degree may inspect the callee body"
"MVDM-SECOND-CANDIDATE-000106"	"MVDM-FIRST-DEFINITION-000010"	"base/mvdm/oemuni/process.c"	"38c9125f9f3c43f32f696616e565e63b8f056da7ec264d980a5e5278cc640468"	"779"	"ExpandEnvironmentStringsOem"	"InitOemString"	"direct-named-call"	"T294 records direct outgoing expression only; a later degree may inspect the callee body"
"MVDM-SECOND-CANDIDATE-000107"	"MVDM-FIRST-DEFINITION-000010"	"base/mvdm/oemuni/process.c"	"38c9125f9f3c43f32f696616e565e63b8f056da7ec264d980a5e5278cc640468"	"780"	"ExpandEnvironmentStringsOem"	"RtlOemStringToUnicodeString"	"direct-named-call"	"T294 records direct outgoing expression only; a later degree may inspect the callee body"
"MVDM-SECOND-CANDIDATE-000108"	"MVDM-FIRST-DEFINITION-000010"	"base/mvdm/oemuni/process.c"	"38c9125f9f3c43f32f696616e565e63b8f056da7ec264d980a5e5278cc640468"	"781"	"ExpandEnvironmentStringsOem"	"NT_SUCCESS"	"direct-named-call"	"T294 records direct outgoing expression only; a later degree may inspect the callee body"
"MVDM-SECOND-CANDIDATE-000109"	"MVDM-FIRST-DEFINITION-000010"	"base/mvdm/oemuni/process.c"	"38c9125f9f3c43f32f696616e565e63b8f056da7ec264d980a5e5278cc640468"	"783"	"ExpandEnvironmentStringsOem"	"SetLastError"	"direct-named-call"	"T294 records direct outgoing expression only; a later degree may inspect the callee body"
"MVDM-SECOND-CANDIDATE-000110"	"MVDM-FIRST-DEFINITION-000010"	"base/mvdm/oemuni/process.c"	"38c9125f9f3c43f32f696616e565e63b8f056da7ec264d980a5e5278cc640468"	"786"	"ExpandEnvironmentStringsOem"	"BaseSetLastNTError"	"direct-named-call"	"T294 records direct outgoing expression only; a later degree may inspect the callee body"
"MVDM-SECOND-CANDIDATE-000111"	"MVDM-FIRST-DEFINITION-000010"	"base/mvdm/oemuni/process.c"	"38c9125f9f3c43f32f696616e565e63b8f056da7ec264d980a5e5278cc640468"	"791"	"ExpandEnvironmentStringsOem"	"RtlUnicodeStringToAnsiString"	"direct-named-call"	"T294 records direct outgoing expression only; a later degree may inspect the callee body"
"MVDM-SECOND-CANDIDATE-000112"	"MVDM-FIRST-DEFINITION-000010"	"base/mvdm/oemuni/process.c"	"38c9125f9f3c43f32f696616e565e63b8f056da7ec264d980a5e5278cc640468"	"792"	"ExpandEnvironmentStringsOem"	"NT_SUCCESS"	"direct-named-call"	"T294 records direct outgoing expression only; a later degree may inspect the callee body"
"MVDM-SECOND-CANDIDATE-000113"	"MVDM-FIRST-DEFINITION-000010"	"base/mvdm/oemuni/process.c"	"38c9125f9f3c43f32f696616e565e63b8f056da7ec264d980a5e5278cc640468"	"793"	"ExpandEnvironmentStringsOem"	"BaseSetLastNTError"	"direct-named-call"	"T294 records direct outgoing expression only; a later degree may inspect the callee body"
"MVDM-SECOND-CANDIDATE-000114"	"MVDM-FIRST-DEFINITION-000010"	"base/mvdm/oemuni/process.c"	"38c9125f9f3c43f32f696616e565e63b8f056da7ec264d980a5e5278cc640468"	"796"	"ExpandEnvironmentStringsOem"	"RtlFreeUnicodeString"	"direct-named-call"	"T294 records direct outgoing expression only; a later degree may inspect the callee body"
"MVDM-SECOND-CANDIDATE-000115"	"MVDM-FIRST-DEFINITION-000010"	"base/mvdm/oemuni/process.c"	"38c9125f9f3c43f32f696616e565e63b8f056da7ec264d980a5e5278cc640468"	"799"	"ExpandEnvironmentStringsOem"	"ExpandEnvironmentStrings"	"direct-named-call"	"T294 records direct outgoing expression only; a later degree may inspect the callee body"
"MVDM-SECOND-CANDIDATE-000116"	"MVDM-FIRST-DEFINITION-000010"	"base/mvdm/oemuni/process.c"	"38c9125f9f3c43f32f696616e565e63b8f056da7ec264d980a5e5278cc640468"	"804"	"ExpandEnvironmentStringsOem"	"RtlInitString"	"direct-named-call"	"T294 records direct outgoing expression only; a later degree may inspect the callee body"
"MVDM-SECOND-CANDIDATE-000117"	"MVDM-FIRST-DEFINITION-000010"	"base/mvdm/oemuni/process.c"	"38c9125f9f3c43f32f696616e565e63b8f056da7ec264d980a5e5278cc640468"	"805"	"ExpandEnvironmentStringsOem"	"RtlAnsiStringToUnicodeString"	"direct-named-call"	"T294 records direct outgoing expression only; a later degree may inspect the callee body"
"MVDM-SECOND-CANDIDATE-000118"	"MVDM-FIRST-DEFINITION-000010"	"base/mvdm/oemuni/process.c"	"38c9125f9f3c43f32f696616e565e63b8f056da7ec264d980a5e5278cc640468"	"806"	"ExpandEnvironmentStringsOem"	"NT_SUCCESS"	"direct-named-call"	"T294 records direct outgoing expression only; a later degree may inspect the callee body"
"MVDM-SECOND-CANDIDATE-000119"	"MVDM-FIRST-DEFINITION-000010"	"base/mvdm/oemuni/process.c"	"38c9125f9f3c43f32f696616e565e63b8f056da7ec264d980a5e5278cc640468"	"808"	"ExpandEnvironmentStringsOem"	"SetLastError"	"direct-named-call"	"T294 records direct outgoing expression only; a later degree may inspect the callee body"
"MVDM-SECOND-CANDIDATE-000120"	"MVDM-FIRST-DEFINITION-000010"	"base/mvdm/oemuni/process.c"	"38c9125f9f3c43f32f696616e565e63b8f056da7ec264d980a5e5278cc640468"	"811"	"ExpandEnvironmentStringsOem"	"BaseSetLastNTError"	"direct-named-call"	"T294 records direct outgoing expression only; a later degree may inspect the callee body"
"MVDM-SECOND-CANDIDATE-000121"	"MVDM-FIRST-DEFINITION-000010"	"base/mvdm/oemuni/process.c"	"38c9125f9f3c43f32f696616e565e63b8f056da7ec264d980a5e5278cc640468"	"815"	"ExpandEnvironmentStringsOem"	"RtlUnicodeStringToOemString"	"direct-named-call"	"T294 records direct outgoing expression only; a later degree may inspect the callee body"
"MVDM-SECOND-CANDIDATE-000122"	"MVDM-FIRST-DEFINITION-000010"	"base/mvdm/oemuni/process.c"	"38c9125f9f3c43f32f696616e565e63b8f056da7ec264d980a5e5278cc640468"	"816"	"ExpandEnvironmentStringsOem"	"NT_SUCCESS"	"direct-named-call"	"T294 records direct outgoing expression only; a later degree may inspect the callee body"
"MVDM-SECOND-CANDIDATE-000123"	"MVDM-FIRST-DEFINITION-000010"	"base/mvdm/oemuni/process.c"	"38c9125f9f3c43f32f696616e565e63b8f056da7ec264d980a5e5278cc640468"	"817"	"ExpandEnvironmentStringsOem"	"BaseSetLastNTError"	"direct-named-call"	"T294 records direct outgoing expression only; a later degree may inspect the callee body"
"MVDM-SECOND-CANDIDATE-000124"	"MVDM-FIRST-DEFINITION-000010"	"base/mvdm/oemuni/process.c"	"38c9125f9f3c43f32f696616e565e63b8f056da7ec264d980a5e5278cc640468"	"826"	"ExpandEnvironmentStringsOem"	"RtlFreeUnicodeString"	"direct-named-call"	"T294 records direct outgoing expression only; a later degree may inspect the callee body"
"MVDM-SECOND-CANDIDATE-000125"	"MVDM-FIRST-DEFINITION-000010"	"base/mvdm/oemuni/process.c"	"38c9125f9f3c43f32f696616e565e63b8f056da7ec264d980a5e5278cc640468"	"830"	"ExpandEnvironmentStringsOem"	"RtlFreeAnsiString"	"direct-named-call"	"T294 records direct outgoing expression only; a later degree may inspect the callee body"
"MVDM-SECOND-CANDIDATE-000126"	"MVDM-FIRST-DEFINITION-000010"	"base/mvdm/oemuni/process.c"	"38c9125f9f3c43f32f696616e565e63b8f056da7ec264d980a5e5278cc640468"	"834"	"ExpandEnvironmentStringsOem"	"RtlFreeAnsiString"	"direct-named-call"	"T294 records direct outgoing expression only; a later degree may inspect the callee body"
"MVDM-SECOND-CANDIDATE-000127"	"MVDM-FIRST-DEFINITION-000011"	"base/mvdm/oemuni/file.c"	"a3184eb571d6822577b52849e2da3955689899ecc6dfd9df100ff3f3636be5df"	"398"	"FindFirstFileOem"	"NtCurrentTeb"	"direct-named-call"	"T294 records direct outgoing expression only; a later degree may inspect the callee body"
"MVDM-SECOND-CANDIDATE-000128"	"MVDM-FIRST-DEFINITION-000011"	"base/mvdm/oemuni/file.c"	"a3184eb571d6822577b52849e2da3955689899ecc6dfd9df100ff3f3636be5df"	"399"	"FindFirstFileOem"	"InitOemString"	"direct-named-call"	"T294 records direct outgoing expression only; a later degree may inspect the callee body"
"MVDM-SECOND-CANDIDATE-000129"	"MVDM-FIRST-DEFINITION-000011"	"base/mvdm/oemuni/file.c"	"a3184eb571d6822577b52849e2da3955689899ecc6dfd9df100ff3f3636be5df"	"400"	"FindFirstFileOem"	"RtlOemStringToUnicodeString"	"direct-named-call"	"T294 records direct outgoing expression only; a later degree may inspect the callee body"
"MVDM-SECOND-CANDIDATE-000130"	"MVDM-FIRST-DEFINITION-000011"	"base/mvdm/oemuni/file.c"	"a3184eb571d6822577b52849e2da3955689899ecc6dfd9df100ff3f3636be5df"	"401"	"FindFirstFileOem"	"NT_SUCCESS"	"direct-named-call"	"T294 records direct outgoing expression only; a later degree may inspect the callee body"
"MVDM-SECOND-CANDIDATE-000131"	"MVDM-FIRST-DEFINITION-000011"	"base/mvdm/oemuni/file.c"	"a3184eb571d6822577b52849e2da3955689899ecc6dfd9df100ff3f3636be5df"	"403"	"FindFirstFileOem"	"SetLastError"	"direct-named-call"	"T294 records direct outgoing expression only; a later degree may inspect the callee body"
"MVDM-SECOND-CANDIDATE-000132"	"MVDM-FIRST-DEFINITION-000011"	"base/mvdm/oemuni/file.c"	"a3184eb571d6822577b52849e2da3955689899ecc6dfd9df100ff3f3636be5df"	"406"	"FindFirstFileOem"	"BaseSetLastNTError"	"direct-named-call"	"T294 records direct outgoing expression only; a later degree may inspect the callee body"
"MVDM-SECOND-CANDIDATE-000133"	"MVDM-FIRST-DEFINITION-000011"	"base/mvdm/oemuni/file.c"	"a3184eb571d6822577b52849e2da3955689899ecc6dfd9df100ff3f3636be5df"	"410"	"FindFirstFileOem"	"FindFirstFileW"	"direct-named-call"	"T294 records direct outgoing expression only; a later degree may inspect the callee body"
"MVDM-SECOND-CANDIDATE-000134"	"MVDM-FIRST-DEFINITION-000011"	"base/mvdm/oemuni/file.c"	"a3184eb571d6822577b52849e2da3955689899ecc6dfd9df100ff3f3636be5df"	"414"	"FindFirstFileOem"	"RtlMoveMemory"	"direct-named-call"	"T294 records direct outgoing expression only; a later degree may inspect the callee body"
"MVDM-SECOND-CANDIDATE-000135"	"MVDM-FIRST-DEFINITION-000011"	"base/mvdm/oemuni/file.c"	"a3184eb571d6822577b52849e2da3955689899ecc6dfd9df100ff3f3636be5df"	"419"	"FindFirstFileOem"	"RtlInitUnicodeString"	"direct-named-call"	"T294 records direct outgoing expression only; a later degree may inspect the callee body"
"MVDM-SECOND-CANDIDATE-000136"	"MVDM-FIRST-DEFINITION-000011"	"base/mvdm/oemuni/file.c"	"a3184eb571d6822577b52849e2da3955689899ecc6dfd9df100ff3f3636be5df"	"422"	"FindFirstFileOem"	"RtlUnicodeStringToOemString"	"direct-named-call"	"T294 records direct outgoing expression only; a later degree may inspect the callee body"
"MVDM-SECOND-CANDIDATE-000137"	"MVDM-FIRST-DEFINITION-000011"	"base/mvdm/oemuni/file.c"	"a3184eb571d6822577b52849e2da3955689899ecc6dfd9df100ff3f3636be5df"	"423"	"FindFirstFileOem"	"NT_SUCCESS"	"direct-named-call"	"T294 records direct outgoing expression only; a later degree may inspect the callee body"
"MVDM-SECOND-CANDIDATE-000138"	"MVDM-FIRST-DEFINITION-000011"	"base/mvdm/oemuni/file.c"	"a3184eb571d6822577b52849e2da3955689899ecc6dfd9df100ff3f3636be5df"	"424"	"FindFirstFileOem"	"RtlInitUnicodeString"	"direct-named-call"	"T294 records direct outgoing expression only; a later degree may inspect the callee body"
"MVDM-SECOND-CANDIDATE-000139"	"MVDM-FIRST-DEFINITION-000011"	"base/mvdm/oemuni/file.c"	"a3184eb571d6822577b52849e2da3955689899ecc6dfd9df100ff3f3636be5df"	"427"	"FindFirstFileOem"	"RtlUnicodeStringToOemString"	"direct-named-call"	"T294 records direct outgoing expression only; a later degree may inspect the callee body"
"MVDM-SECOND-CANDIDATE-000140"	"MVDM-FIRST-DEFINITION-000011"	"base/mvdm/oemuni/file.c"	"a3184eb571d6822577b52849e2da3955689899ecc6dfd9df100ff3f3636be5df"	"429"	"FindFirstFileOem"	"NT_SUCCESS"	"direct-named-call"	"T294 records direct outgoing expression only; a later degree may inspect the callee body"
"MVDM-SECOND-CANDIDATE-000141"	"MVDM-FIRST-DEFINITION-000011"	"base/mvdm/oemuni/file.c"	"a3184eb571d6822577b52849e2da3955689899ecc6dfd9df100ff3f3636be5df"	"430"	"FindFirstFileOem"	"FindClose"	"direct-named-call"	"T294 records direct outgoing expression only; a later degree may inspect the callee body"
"MVDM-SECOND-CANDIDATE-000142"	"MVDM-FIRST-DEFINITION-000011"	"base/mvdm/oemuni/file.c"	"a3184eb571d6822577b52849e2da3955689899ecc6dfd9df100ff3f3636be5df"	"431"	"FindFirstFileOem"	"BaseSetLastNTError"	"direct-named-call"	"T294 records direct outgoing expression only; a later degree may inspect the callee body"
"MVDM-SECOND-CANDIDATE-000143"	"MVDM-FIRST-DEFINITION-000012"	"base/mvdm/oemuni/file.c"	"a3184eb571d6822577b52849e2da3955689899ecc6dfd9df100ff3f3636be5df"	"463"	"FindNextFileOem"	"FindNextFileW"	"direct-named-call"	"T294 records direct outgoing expression only; a later degree may inspect the callee body"
"MVDM-SECOND-CANDIDATE-000144"	"MVDM-FIRST-DEFINITION-000012"	"base/mvdm/oemuni/file.c"	"a3184eb571d6822577b52849e2da3955689899ecc6dfd9df100ff3f3636be5df"	"467"	"FindNextFileOem"	"RtlMoveMemory"	"direct-named-call"	"T294 records direct outgoing expression only; a later degree may inspect the callee body"
"MVDM-SECOND-CANDIDATE-000145"	"MVDM-FIRST-DEFINITION-000012"	"base/mvdm/oemuni/file.c"	"a3184eb571d6822577b52849e2da3955689899ecc6dfd9df100ff3f3636be5df"	"472"	"FindNextFileOem"	"RtlInitUnicodeString"	"direct-named-call"	"T294 records direct outgoing expression only; a later degree may inspect the callee body"
"MVDM-SECOND-CANDIDATE-000146"	"MVDM-FIRST-DEFINITION-000012"	"base/mvdm/oemuni/file.c"	"a3184eb571d6822577b52849e2da3955689899ecc6dfd9df100ff3f3636be5df"	"475"	"FindNextFileOem"	"RtlUnicodeStringToOemString"	"direct-named-call"	"T294 records direct outgoing expression only; a later degree may inspect the callee body"
"MVDM-SECOND-CANDIDATE-000147"	"MVDM-FIRST-DEFINITION-000012"	"base/mvdm/oemuni/file.c"	"a3184eb571d6822577b52849e2da3955689899ecc6dfd9df100ff3f3636be5df"	"476"	"FindNextFileOem"	"NT_SUCCESS"	"direct-named-call"	"T294 records direct outgoing expression only; a later degree may inspect the callee body"
"MVDM-SECOND-CANDIDATE-000148"	"MVDM-FIRST-DEFINITION-000012"	"base/mvdm/oemuni/file.c"	"a3184eb571d6822577b52849e2da3955689899ecc6dfd9df100ff3f3636be5df"	"477"	"FindNextFileOem"	"RtlInitUnicodeString"	"direct-named-call"	"T294 records direct outgoing expression only; a later degree may inspect the callee body"
"MVDM-SECOND-CANDIDATE-000149"	"MVDM-FIRST-DEFINITION-000012"	"base/mvdm/oemuni/file.c"	"a3184eb571d6822577b52849e2da3955689899ecc6dfd9df100ff3f3636be5df"	"480"	"FindNextFileOem"	"RtlUnicodeStringToOemString"	"direct-named-call"	"T294 records direct outgoing expression only; a later degree may inspect the callee body"
"MVDM-SECOND-CANDIDATE-000150"	"MVDM-FIRST-DEFINITION-000012"	"base/mvdm/oemuni/file.c"	"a3184eb571d6822577b52849e2da3955689899ecc6dfd9df100ff3f3636be5df"	"482"	"FindNextFileOem"	"NT_SUCCESS"	"direct-named-call"	"T294 records direct outgoing expression only; a later degree may inspect the callee body"
"MVDM-SECOND-CANDIDATE-000151"	"MVDM-FIRST-DEFINITION-000012"	"base/mvdm/oemuni/file.c"	"a3184eb571d6822577b52849e2da3955689899ecc6dfd9df100ff3f3636be5df"	"483"	"FindNextFileOem"	"BaseSetLastNTError"	"direct-named-call"	"T294 records direct outgoing expression only; a later degree may inspect the callee body"
"MVDM-SECOND-CANDIDATE-000152"	"MVDM-FIRST-DEFINITION-000013"	"base/mvdm/oemuni/file.c"	"a3184eb571d6822577b52849e2da3955689899ecc6dfd9df100ff3f3636be5df"	"1069"	"GetComputerNameOem"	"RtlAllocateHeap"	"direct-named-call"	"T294 records direct outgoing expression only; a later degree may inspect the callee body"
"MVDM-SECOND-CANDIDATE-000153"	"MVDM-FIRST-DEFINITION-000013"	"base/mvdm/oemuni/file.c"	"a3184eb571d6822577b52849e2da3955689899ecc6dfd9df100ff3f3636be5df"	"1069"	"GetComputerNameOem"	"RtlProcessHeap"	"direct-named-call"	"T294 records direct outgoing expression only; a later degree may inspect the callee body"
"MVDM-SECOND-CANDIDATE-000154"	"MVDM-FIRST-DEFINITION-000013"	"base/mvdm/oemuni/file.c"	"a3184eb571d6822577b52849e2da3955689899ecc6dfd9df100ff3f3636be5df"	"1071"	"GetComputerNameOem"	"SetLastError"	"direct-named-call"	"T294 records direct outgoing expression only; a later degree may inspect the callee body"
"MVDM-SECOND-CANDIDATE-000155"	"MVDM-FIRST-DEFINITION-000013"	"base/mvdm/oemuni/file.c"	"a3184eb571d6822577b52849e2da3955689899ecc6dfd9df100ff3f3636be5df"	"1087"	"GetComputerNameOem"	"GetComputerNameW"	"direct-named-call"	"T294 records direct outgoing expression only; a later degree may inspect the callee body"
"MVDM-SECOND-CANDIDATE-000156"	"MVDM-FIRST-DEFINITION-000013"	"base/mvdm/oemuni/file.c"	"a3184eb571d6822577b52849e2da3955689899ecc6dfd9df100ff3f3636be5df"	"1088"	"GetComputerNameOem"	"RtlFreeHeap"	"direct-named-call"	"T294 records direct outgoing expression only; a later degree may inspect the callee body"
"MVDM-SECOND-CANDIDATE-000157"	"MVDM-FIRST-DEFINITION-000013"	"base/mvdm/oemuni/file.c"	"a3184eb571d6822577b52849e2da3955689899ecc6dfd9df100ff3f3636be5df"	"1088"	"GetComputerNameOem"	"RtlProcessHeap"	"direct-named-call"	"T294 records direct outgoing expression only; a later degree may inspect the callee body"
"MVDM-SECOND-CANDIDATE-000158"	"MVDM-FIRST-DEFINITION-000013"	"base/mvdm/oemuni/file.c"	"a3184eb571d6822577b52849e2da3955689899ecc6dfd9df100ff3f3636be5df"	"1096"	"GetComputerNameOem"	"RtlInitUnicodeString"	"direct-named-call"	"T294 records direct outgoing expression only; a later degree may inspect the callee body"
"MVDM-SECOND-CANDIDATE-000159"	"MVDM-FIRST-DEFINITION-000013"	"base/mvdm/oemuni/file.c"	"a3184eb571d6822577b52849e2da3955689899ecc6dfd9df100ff3f3636be5df"	"1097"	"GetComputerNameOem"	"RtlUnicodeStringToOemString"	"direct-named-call"	"T294 records direct outgoing expression only; a later degree may inspect the callee body"
"MVDM-SECOND-CANDIDATE-000160"	"MVDM-FIRST-DEFINITION-000013"	"base/mvdm/oemuni/file.c"	"a3184eb571d6822577b52849e2da3955689899ecc6dfd9df100ff3f3636be5df"	"1100"	"GetComputerNameOem"	"RtlFreeHeap"	"direct-named-call"	"T294 records direct outgoing expression only; a later degree may inspect the callee body"
"MVDM-SECOND-CANDIDATE-000161"	"MVDM-FIRST-DEFINITION-000013"	"base/mvdm/oemuni/file.c"	"a3184eb571d6822577b52849e2da3955689899ecc6dfd9df100ff3f3636be5df"	"1100"	"GetComputerNameOem"	"RtlProcessHeap"	"direct-named-call"	"T294 records direct outgoing expression only; a later degree may inspect the callee body"
"MVDM-SECOND-CANDIDATE-000162"	"MVDM-FIRST-DEFINITION-000014"	"base/mvdm/oemuni/file.c"	"a3184eb571d6822577b52849e2da3955689899ecc6dfd9df100ff3f3636be5df"	"605"	"GetCurrentDirectoryOem"	"NtCurrentTeb"	"direct-named-call"	"T294 records direct outgoing expression only; a later degree may inspect the callee body"
"MVDM-SECOND-CANDIDATE-000163"	"MVDM-FIRST-DEFINITION-000014"	"base/mvdm/oemuni/file.c"	"a3184eb571d6822577b52849e2da3955689899ecc6dfd9df100ff3f3636be5df"	"606"	"GetCurrentDirectoryOem"	"RtlGetCurrentDirectory_U"	"direct-named-call"	"T294 records direct outgoing expression only; a later degree may inspect the callee body"
"MVDM-SECOND-CANDIDATE-000164"	"MVDM-FIRST-DEFINITION-000014"	"base/mvdm/oemuni/file.c"	"a3184eb571d6822577b52849e2da3955689899ecc6dfd9df100ff3f3636be5df"	"614"	"GetCurrentDirectoryOem"	"RtlUnicodeStringToOemString"	"direct-named-call"	"T294 records direct outgoing expression only; a later degree may inspect the callee body"
"MVDM-SECOND-CANDIDATE-000165"	"MVDM-FIRST-DEFINITION-000014"	"base/mvdm/oemuni/file.c"	"a3184eb571d6822577b52849e2da3955689899ecc6dfd9df100ff3f3636be5df"	"615"	"GetCurrentDirectoryOem"	"NT_SUCCESS"	"direct-named-call"	"T294 records direct outgoing expression only; a later degree may inspect the callee body"
"MVDM-SECOND-CANDIDATE-000166"	"MVDM-FIRST-DEFINITION-000014"	"base/mvdm/oemuni/file.c"	"a3184eb571d6822577b52849e2da3955689899ecc6dfd9df100ff3f3636be5df"	"616"	"GetCurrentDirectoryOem"	"BaseSetLastNTError"	"direct-named-call"	"T294 records direct outgoing expression only; a later degree may inspect the callee body"
"MVDM-SECOND-CANDIDATE-000167"	"MVDM-FIRST-DEFINITION-000015"	"base/mvdm/oemuni/file.c"	"a3184eb571d6822577b52849e2da3955689899ecc6dfd9df100ff3f3636be5df"	"818"	"GetDiskFreeSpaceOem"	"NtCurrentTeb"	"direct-named-call"	"T294 records direct outgoing expression only; a later degree may inspect the callee body"
"MVDM-SECOND-CANDIDATE-000168"	"MVDM-FIRST-DEFINITION-000015"	"base/mvdm/oemuni/file.c"	"a3184eb571d6822577b52849e2da3955689899ecc6dfd9df100ff3f3636be5df"	"819"	"GetDiskFreeSpaceOem"	"InitOemString"	"direct-named-call"	"T294 records direct outgoing expression only; a later degree may inspect the callee body"
"MVDM-SECOND-CANDIDATE-000169"	"MVDM-FIRST-DEFINITION-000015"	"base/mvdm/oemuni/file.c"	"a3184eb571d6822577b52849e2da3955689899ecc6dfd9df100ff3f3636be5df"	"821"	"GetDiskFreeSpaceOem"	"ARGUMENT_PRESENT"	"direct-named-call"	"T294 records direct outgoing expression only; a later degree may inspect the callee body"
"MVDM-SECOND-CANDIDATE-000170"	"MVDM-FIRST-DEFINITION-000015"	"base/mvdm/oemuni/file.c"	"a3184eb571d6822577b52849e2da3955689899ecc6dfd9df100ff3f3636be5df"	"823"	"GetDiskFreeSpaceOem"	"RtlOemStringToUnicodeString"	"direct-named-call"	"T294 records direct outgoing expression only; a later degree may inspect the callee body"
"MVDM-SECOND-CANDIDATE-000171"	"MVDM-FIRST-DEFINITION-000015"	"base/mvdm/oemuni/file.c"	"a3184eb571d6822577b52849e2da3955689899ecc6dfd9df100ff3f3636be5df"	"824"	"GetDiskFreeSpaceOem"	"NT_SUCCESS"	"direct-named-call"	"T294 records direct outgoing expression only; a later degree may inspect the callee body"
"MVDM-SECOND-CANDIDATE-000172"	"MVDM-FIRST-DEFINITION-000015"	"base/mvdm/oemuni/file.c"	"a3184eb571d6822577b52849e2da3955689899ecc6dfd9df100ff3f3636be5df"	"826"	"GetDiskFreeSpaceOem"	"SetLastError"	"direct-named-call"	"T294 records direct outgoing expression only; a later degree may inspect the callee body"
"MVDM-SECOND-CANDIDATE-000173"	"MVDM-FIRST-DEFINITION-000015"	"base/mvdm/oemuni/file.c"	"a3184eb571d6822577b52849e2da3955689899ecc6dfd9df100ff3f3636be5df"	"829"	"GetDiskFreeSpaceOem"	"BaseSetLastNTError"	"direct-named-call"	"T294 records direct outgoing expression only; a later degree may inspect the callee body"
"MVDM-SECOND-CANDIDATE-000174"	"MVDM-FIRST-DEFINITION-000015"	"base/mvdm/oemuni/file.c"	"a3184eb571d6822577b52849e2da3955689899ecc6dfd9df100ff3f3636be5df"	"833"	"GetDiskFreeSpaceOem"	"GetDiskFreeSpaceW"	"direct-named-call"	"T294 records direct outgoing expression only; a later degree may inspect the callee body"
"MVDM-SECOND-CANDIDATE-000175"	"MVDM-FIRST-DEFINITION-000016"	"base/mvdm/oemuni/file.c"	"a3184eb571d6822577b52849e2da3955689899ecc6dfd9df100ff3f3636be5df"	"773"	"GetDriveTypeOem"	"NtCurrentTeb"	"direct-named-call"	"T294 records direct outgoing expression only; a later degree may inspect the callee body"
"MVDM-SECOND-CANDIDATE-000176"	"MVDM-FIRST-DEFINITION-000016"	"base/mvdm/oemuni/file.c"	"a3184eb571d6822577b52849e2da3955689899ecc6dfd9df100ff3f3636be5df"	"774"	"GetDriveTypeOem"	"InitOemString"	"direct-named-call"	"T294 records direct outgoing expression only; a later degree may inspect the callee body"
"MVDM-SECOND-CANDIDATE-000177"	"MVDM-FIRST-DEFINITION-000016"	"base/mvdm/oemuni/file.c"	"a3184eb571d6822577b52849e2da3955689899ecc6dfd9df100ff3f3636be5df"	"776"	"GetDriveTypeOem"	"ARGUMENT_PRESENT"	"direct-named-call"	"T294 records direct outgoing expression only; a later degree may inspect the callee body"
"MVDM-SECOND-CANDIDATE-000178"	"MVDM-FIRST-DEFINITION-000016"	"base/mvdm/oemuni/file.c"	"a3184eb571d6822577b52849e2da3955689899ecc6dfd9df100ff3f3636be5df"	"779"	"GetDriveTypeOem"	"RtlOemStringToUnicodeString"	"direct-named-call"	"T294 records direct outgoing expression only; a later degree may inspect the callee body"
"MVDM-SECOND-CANDIDATE-000179"	"MVDM-FIRST-DEFINITION-000016"	"base/mvdm/oemuni/file.c"	"a3184eb571d6822577b52849e2da3955689899ecc6dfd9df100ff3f3636be5df"	"780"	"GetDriveTypeOem"	"NT_SUCCESS"	"direct-named-call"	"T294 records direct outgoing expression only; a later degree may inspect the callee body"
"MVDM-SECOND-CANDIDATE-000180"	"MVDM-FIRST-DEFINITION-000016"	"base/mvdm/oemuni/file.c"	"a3184eb571d6822577b52849e2da3955689899ecc6dfd9df100ff3f3636be5df"	"782"	"GetDriveTypeOem"	"SetLastError"	"direct-named-call"	"T294 records direct outgoing expression only; a later degree may inspect the callee body"
"MVDM-SECOND-CANDIDATE-000181"	"MVDM-FIRST-DEFINITION-000016"	"base/mvdm/oemuni/file.c"	"a3184eb571d6822577b52849e2da3955689899ecc6dfd9df100ff3f3636be5df"	"785"	"GetDriveTypeOem"	"BaseSetLastNTError"	"direct-named-call"	"T294 records direct outgoing expression only; a later degree may inspect the callee body"
"MVDM-SECOND-CANDIDATE-000182"	"MVDM-FIRST-DEFINITION-000016"	"base/mvdm/oemuni/file.c"	"a3184eb571d6822577b52849e2da3955689899ecc6dfd9df100ff3f3636be5df"	"789"	"GetDriveTypeOem"	"GetDriveTypeW"	"direct-named-call"	"T294 records direct outgoing expression only; a later degree may inspect the callee body"
"MVDM-SECOND-CANDIDATE-000183"	"MVDM-FIRST-DEFINITION-000017"	"base/mvdm/oemuni/process.c"	"38c9125f9f3c43f32f696616e565e63b8f056da7ec264d980a5e5278cc640468"	"587"	"GetEnvironmentVariableOem"	"InitOemString"	"direct-named-call"	"T294 records direct outgoing expression only; a later degree may inspect the callee body"
"MVDM-SECOND-CANDIDATE-000184"	"MVDM-FIRST-DEFINITION-000017"	"base/mvdm/oemuni/process.c"	"38c9125f9f3c43f32f696616e565e63b8f056da7ec264d980a5e5278cc640468"	"588"	"GetEnvironmentVariableOem"	"RtlOemStringToUnicodeString"	"direct-named-call"	"T294 records direct outgoing expression only; a later degree may inspect the callee body"
"MVDM-SECOND-CANDIDATE-000185"	"MVDM-FIRST-DEFINITION-000017"	"base/mvdm/oemuni/process.c"	"38c9125f9f3c43f32f696616e565e63b8f056da7ec264d980a5e5278cc640468"	"589"	"GetEnvironmentVariableOem"	"NT_SUCCESS"	"direct-named-call"	"T294 records direct outgoing expression only; a later degree may inspect the callee body"
"MVDM-SECOND-CANDIDATE-000186"	"MVDM-FIRST-DEFINITION-000017"	"base/mvdm/oemuni/process.c"	"38c9125f9f3c43f32f696616e565e63b8f056da7ec264d980a5e5278cc640468"	"591"	"GetEnvironmentVariableOem"	"SetLastError"	"direct-named-call"	"T294 records direct outgoing expression only; a later degree may inspect the callee body"
"MVDM-SECOND-CANDIDATE-000187"	"MVDM-FIRST-DEFINITION-000017"	"base/mvdm/oemuni/process.c"	"38c9125f9f3c43f32f696616e565e63b8f056da7ec264d980a5e5278cc640468"	"594"	"GetEnvironmentVariableOem"	"BaseSetLastNTError"	"direct-named-call"	"T294 records direct outgoing expression only; a later degree may inspect the callee body"
"MVDM-SECOND-CANDIDATE-000188"	"MVDM-FIRST-DEFINITION-000017"	"base/mvdm/oemuni/process.c"	"38c9125f9f3c43f32f696616e565e63b8f056da7ec264d980a5e5278cc640468"	"599"	"GetEnvironmentVariableOem"	"RtlUnicodeStringToAnsiString"	"direct-named-call"	"T294 records direct outgoing expression only; a later degree may inspect the callee body"
"MVDM-SECOND-CANDIDATE-000189"	"MVDM-FIRST-DEFINITION-000017"	"base/mvdm/oemuni/process.c"	"38c9125f9f3c43f32f696616e565e63b8f056da7ec264d980a5e5278cc640468"	"600"	"GetEnvironmentVariableOem"	"NT_SUCCESS"	"direct-named-call"	"T294 records direct outgoing expression only; a later degree may inspect the callee body"
"MVDM-SECOND-CANDIDATE-000190"	"MVDM-FIRST-DEFINITION-000017"	"base/mvdm/oemuni/process.c"	"38c9125f9f3c43f32f696616e565e63b8f056da7ec264d980a5e5278cc640468"	"601"	"GetEnvironmentVariableOem"	"BaseSetLastNTError"	"direct-named-call"	"T294 records direct outgoing expression only; a later degree may inspect the callee body"
"MVDM-SECOND-CANDIDATE-000191"	"MVDM-FIRST-DEFINITION-000017"	"base/mvdm/oemuni/process.c"	"38c9125f9f3c43f32f696616e565e63b8f056da7ec264d980a5e5278cc640468"	"607"	"GetEnvironmentVariableOem"	"RtlAllocateHeap"	"direct-named-call"	"T294 records direct outgoing expression only; a later degree may inspect the callee body"
"MVDM-SECOND-CANDIDATE-000192"	"MVDM-FIRST-DEFINITION-000017"	"base/mvdm/oemuni/process.c"	"38c9125f9f3c43f32f696616e565e63b8f056da7ec264d980a5e5278cc640468"	"607"	"GetEnvironmentVariableOem"	"RtlProcessHeap"	"direct-named-call"	"T294 records direct outgoing expression only; a later degree may inspect the callee body"
"MVDM-SECOND-CANDIDATE-000193"	"MVDM-FIRST-DEFINITION-000017"	"base/mvdm/oemuni/process.c"	"38c9125f9f3c43f32f696616e565e63b8f056da7ec264d980a5e5278cc640468"	"609"	"GetEnvironmentVariableOem"	"BaseSetLastNTError"	"direct-named-call"	"T294 records direct outgoing expression only; a later degree may inspect the callee body"
"MVDM-SECOND-CANDIDATE-000194"	"MVDM-FIRST-DEFINITION-000017"	"base/mvdm/oemuni/process.c"	"38c9125f9f3c43f32f696616e565e63b8f056da7ec264d980a5e5278cc640468"	"613"	"GetEnvironmentVariableOem"	"GetEnvironmentVariableA"	"direct-named-call"	"T294 records direct outgoing expression only; a later degree may inspect the callee body"
"MVDM-SECOND-CANDIDATE-000195"	"MVDM-FIRST-DEFINITION-000017"	"base/mvdm/oemuni/process.c"	"38c9125f9f3c43f32f696616e565e63b8f056da7ec264d980a5e5278cc640468"	"620"	"GetEnvironmentVariableOem"	"RtlFreeUnicodeString"	"direct-named-call"	"T294 records direct outgoing expression only; a later degree may inspect the callee body"
"MVDM-SECOND-CANDIDATE-000196"	"MVDM-FIRST-DEFINITION-000017"	"base/mvdm/oemuni/process.c"	"38c9125f9f3c43f32f696616e565e63b8f056da7ec264d980a5e5278cc640468"	"622"	"GetEnvironmentVariableOem"	"RtlAnsiStringToUnicodeString"	"direct-named-call"	"T294 records direct outgoing expression only; a later degree may inspect the callee body"
"MVDM-SECOND-CANDIDATE-000197"	"MVDM-FIRST-DEFINITION-000017"	"base/mvdm/oemuni/process.c"	"38c9125f9f3c43f32f696616e565e63b8f056da7ec264d980a5e5278cc640468"	"623"	"GetEnvironmentVariableOem"	"NT_SUCCESS"	"direct-named-call"	"T294 records direct outgoing expression only; a later degree may inspect the callee body"
"MVDM-SECOND-CANDIDATE-000198"	"MVDM-FIRST-DEFINITION-000017"	"base/mvdm/oemuni/process.c"	"38c9125f9f3c43f32f696616e565e63b8f056da7ec264d980a5e5278cc640468"	"624"	"GetEnvironmentVariableOem"	"BaseSetLastNTError"	"direct-named-call"	"T294 records direct outgoing expression only; a later degree may inspect the callee body"
"MVDM-SECOND-CANDIDATE-000199"	"MVDM-FIRST-DEFINITION-000017"	"base/mvdm/oemuni/process.c"	"38c9125f9f3c43f32f696616e565e63b8f056da7ec264d980a5e5278cc640468"	"630"	"GetEnvironmentVariableOem"	"RtlUnicodeStringToOemString"	"direct-named-call"	"T294 records direct outgoing expression only; a later degree may inspect the callee body"
"MVDM-SECOND-CANDIDATE-000200"	"MVDM-FIRST-DEFINITION-000017"	"base/mvdm/oemuni/process.c"	"38c9125f9f3c43f32f696616e565e63b8f056da7ec264d980a5e5278cc640468"	"631"	"GetEnvironmentVariableOem"	"NT_SUCCESS"	"direct-named-call"	"T294 records direct outgoing expression only; a later degree may inspect the callee body"
"MVDM-SECOND-CANDIDATE-000201"	"MVDM-FIRST-DEFINITION-000017"	"base/mvdm/oemuni/process.c"	"38c9125f9f3c43f32f696616e565e63b8f056da7ec264d980a5e5278cc640468"	"632"	"GetEnvironmentVariableOem"	"BaseSetLastNTError"	"direct-named-call"	"T294 records direct outgoing expression only; a later degree may inspect the callee body"
"MVDM-SECOND-CANDIDATE-000202"	"MVDM-FIRST-DEFINITION-000017"	"base/mvdm/oemuni/process.c"	"38c9125f9f3c43f32f696616e565e63b8f056da7ec264d980a5e5278cc640468"	"641"	"GetEnvironmentVariableOem"	"RtlFreeUnicodeString"	"direct-named-call"	"T294 records direct outgoing expression only; a later degree may inspect the callee body"
"MVDM-SECOND-CANDIDATE-000203"	"MVDM-FIRST-DEFINITION-000017"	"base/mvdm/oemuni/process.c"	"38c9125f9f3c43f32f696616e565e63b8f056da7ec264d980a5e5278cc640468"	"645"	"GetEnvironmentVariableOem"	"RtlFreeAnsiString"	"direct-named-call"	"T294 records direct outgoing expression only; a later degree may inspect the callee body"
"MVDM-SECOND-CANDIDATE-000204"	"MVDM-FIRST-DEFINITION-000017"	"base/mvdm/oemuni/process.c"	"38c9125f9f3c43f32f696616e565e63b8f056da7ec264d980a5e5278cc640468"	"649"	"GetEnvironmentVariableOem"	"RtlFreeHeap"	"direct-named-call"	"T294 records direct outgoing expression only; a later degree may inspect the callee body"
"MVDM-SECOND-CANDIDATE-000205"	"MVDM-FIRST-DEFINITION-000017"	"base/mvdm/oemuni/process.c"	"38c9125f9f3c43f32f696616e565e63b8f056da7ec264d980a5e5278cc640468"	"649"	"GetEnvironmentVariableOem"	"RtlProcessHeap"	"direct-named-call"	"T294 records direct outgoing expression only; a later degree may inspect the callee body"
"MVDM-SECOND-CANDIDATE-000206"	"MVDM-FIRST-DEFINITION-000018"	"base/mvdm/oemuni/file.c"	"a3184eb571d6822577b52849e2da3955689899ecc6dfd9df100ff3f3636be5df"	"200"	"GetFileAttributesOem"	"NtCurrentTeb"	"direct-named-call"	"T294 records direct outgoing expression only; a later degree may inspect the callee body"
"MVDM-SECOND-CANDIDATE-000207"	"MVDM-FIRST-DEFINITION-000018"	"base/mvdm/oemuni/file.c"	"a3184eb571d6822577b52849e2da3955689899ecc6dfd9df100ff3f3636be5df"	"201"	"GetFileAttributesOem"	"RtlInitAnsiString"	"direct-named-call"	"T294 records direct outgoing expression only; a later degree may inspect the callee body"
"MVDM-SECOND-CANDIDATE-000208"	"MVDM-FIRST-DEFINITION-000018"	"base/mvdm/oemuni/file.c"	"a3184eb571d6822577b52849e2da3955689899ecc6dfd9df100ff3f3636be5df"	"202"	"GetFileAttributesOem"	"RtlOemStringToUnicodeString"	"direct-named-call"	"T294 records direct outgoing expression only; a later degree may inspect the callee body"
"MVDM-SECOND-CANDIDATE-000209"	"MVDM-FIRST-DEFINITION-000018"	"base/mvdm/oemuni/file.c"	"a3184eb571d6822577b52849e2da3955689899ecc6dfd9df100ff3f3636be5df"	"203"	"GetFileAttributesOem"	"NT_SUCCESS"	"direct-named-call"	"T294 records direct outgoing expression only; a later degree may inspect the callee body"
"MVDM-SECOND-CANDIDATE-000210"	"MVDM-FIRST-DEFINITION-000018"	"base/mvdm/oemuni/file.c"	"a3184eb571d6822577b52849e2da3955689899ecc6dfd9df100ff3f3636be5df"	"205"	"GetFileAttributesOem"	"SetLastError"	"direct-named-call"	"T294 records direct outgoing expression only; a later degree may inspect the callee body"
"MVDM-SECOND-CANDIDATE-000211"	"MVDM-FIRST-DEFINITION-000018"	"base/mvdm/oemuni/file.c"	"a3184eb571d6822577b52849e2da3955689899ecc6dfd9df100ff3f3636be5df"	"208"	"GetFileAttributesOem"	"BaseSetLastNTError"	"direct-named-call"	"T294 records direct outgoing expression only; a later degree may inspect the callee body"
"MVDM-SECOND-CANDIDATE-000212"	"MVDM-FIRST-DEFINITION-000018"	"base/mvdm/oemuni/file.c"	"a3184eb571d6822577b52849e2da3955689899ecc6dfd9df100ff3f3636be5df"	"212"	"GetFileAttributesOem"	"GetFileAttributesW"	"direct-named-call"	"T294 records direct outgoing expression only; a later degree may inspect the callee body"
"MVDM-SECOND-CANDIDATE-000213"	"MVDM-FIRST-DEFINITION-000019"	"base/mvdm/oemuni/file.c"	"a3184eb571d6822577b52849e2da3955689899ecc6dfd9df100ff3f3636be5df"	"521"	"GetFullPathNameOem"	"ARGUMENT_PRESENT"	"direct-named-call"	"T294 records direct outgoing expression only; a later degree may inspect the callee body"
"MVDM-SECOND-CANDIDATE-000214"	"MVDM-FIRST-DEFINITION-000019"	"base/mvdm/oemuni/file.c"	"a3184eb571d6822577b52849e2da3955689899ecc6dfd9df100ff3f3636be5df"	"528"	"GetFullPathNameOem"	"RtlInitString"	"direct-named-call"	"T294 records direct outgoing expression only; a later degree may inspect the callee body"
"MVDM-SECOND-CANDIDATE-000215"	"MVDM-FIRST-DEFINITION-000019"	"base/mvdm/oemuni/file.c"	"a3184eb571d6822577b52849e2da3955689899ecc6dfd9df100ff3f3636be5df"	"529"	"GetFullPathNameOem"	"RtlOemStringToUnicodeString"	"direct-named-call"	"T294 records direct outgoing expression only; a later degree may inspect the callee body"
"MVDM-SECOND-CANDIDATE-000216"	"MVDM-FIRST-DEFINITION-000019"	"base/mvdm/oemuni/file.c"	"a3184eb571d6822577b52849e2da3955689899ecc6dfd9df100ff3f3636be5df"	"530"	"GetFullPathNameOem"	"NT_SUCCESS"	"direct-named-call"	"T294 records direct outgoing expression only; a later degree may inspect the callee body"
"MVDM-SECOND-CANDIDATE-000217"	"MVDM-FIRST-DEFINITION-000019"	"base/mvdm/oemuni/file.c"	"a3184eb571d6822577b52849e2da3955689899ecc6dfd9df100ff3f3636be5df"	"531"	"GetFullPathNameOem"	"RtlFreeUnicodeString"	"direct-named-call"	"T294 records direct outgoing expression only; a later degree may inspect the callee body"
"MVDM-SECOND-CANDIDATE-000218"	"MVDM-FIRST-DEFINITION-000019"	"base/mvdm/oemuni/file.c"	"a3184eb571d6822577b52849e2da3955689899ecc6dfd9df100ff3f3636be5df"	"532"	"GetFullPathNameOem"	"BaseSetLastNTError"	"direct-named-call"	"T294 records direct outgoing expression only; a later degree may inspect the callee body"
"MVDM-SECOND-CANDIDATE-000219"	"MVDM-FIRST-DEFINITION-000019"	"base/mvdm/oemuni/file.c"	"a3184eb571d6822577b52849e2da3955689899ecc6dfd9df100ff3f3636be5df"	"536"	"GetFullPathNameOem"	"RtlAllocateHeap"	"direct-named-call"	"T294 records direct outgoing expression only; a later degree may inspect the callee body"
"MVDM-SECOND-CANDIDATE-000220"	"MVDM-FIRST-DEFINITION-000019"	"base/mvdm/oemuni/file.c"	"a3184eb571d6822577b52849e2da3955689899ecc6dfd9df100ff3f3636be5df"	"536"	"GetFullPathNameOem"	"RtlProcessHeap"	"direct-named-call"	"T294 records direct outgoing expression only; a later degree may inspect the callee body"
"MVDM-SECOND-CANDIDATE-000221"	"MVDM-FIRST-DEFINITION-000019"	"base/mvdm/oemuni/file.c"	"a3184eb571d6822577b52849e2da3955689899ecc6dfd9df100ff3f3636be5df"	"538"	"GetFullPathNameOem"	"RtlFreeUnicodeString"	"direct-named-call"	"T294 records direct outgoing expression only; a later degree may inspect the callee body"
"MVDM-SECOND-CANDIDATE-000222"	"MVDM-FIRST-DEFINITION-000019"	"base/mvdm/oemuni/file.c"	"a3184eb571d6822577b52849e2da3955689899ecc6dfd9df100ff3f3636be5df"	"539"	"GetFullPathNameOem"	"BaseSetLastNTError"	"direct-named-call"	"T294 records direct outgoing expression only; a later degree may inspect the callee body"
"MVDM-SECOND-CANDIDATE-000223"	"MVDM-FIRST-DEFINITION-000019"	"base/mvdm/oemuni/file.c"	"a3184eb571d6822577b52849e2da3955689899ecc6dfd9df100ff3f3636be5df"	"543"	"GetFullPathNameOem"	"RtlGetFullPathName_U"	"direct-named-call"	"T294 records direct outgoing expression only; a later degree may inspect the callee body"
"MVDM-SECOND-CANDIDATE-000224"	"MVDM-FIRST-DEFINITION-000019"	"base/mvdm/oemuni/file.c"	"a3184eb571d6822577b52849e2da3955689899ecc6dfd9df100ff3f3636be5df"	"551"	"GetFullPathNameOem"	"RtlInitUnicodeString"	"direct-named-call"	"T294 records direct outgoing expression only; a later degree may inspect the callee body"
"MVDM-SECOND-CANDIDATE-000225"	"MVDM-FIRST-DEFINITION-000019"	"base/mvdm/oemuni/file.c"	"a3184eb571d6822577b52849e2da3955689899ecc6dfd9df100ff3f3636be5df"	"552"	"GetFullPathNameOem"	"RtlUnicodeStringToOemString"	"direct-named-call"	"T294 records direct outgoing expression only; a later degree may inspect the callee body"
"MVDM-SECOND-CANDIDATE-000226"	"MVDM-FIRST-DEFINITION-000019"	"base/mvdm/oemuni/file.c"	"a3184eb571d6822577b52849e2da3955689899ecc6dfd9df100ff3f3636be5df"	"553"	"GetFullPathNameOem"	"NT_SUCCESS"	"direct-named-call"	"T294 records direct outgoing expression only; a later degree may inspect the callee body"
"MVDM-SECOND-CANDIDATE-000227"	"MVDM-FIRST-DEFINITION-000019"	"base/mvdm/oemuni/file.c"	"a3184eb571d6822577b52849e2da3955689899ecc6dfd9df100ff3f3636be5df"	"554"	"GetFullPathNameOem"	"RtlMoveMemory"	"direct-named-call"	"T294 records direct outgoing expression only; a later degree may inspect the callee body"
"MVDM-SECOND-CANDIDATE-000228"	"MVDM-FIRST-DEFINITION-000019"	"base/mvdm/oemuni/file.c"	"a3184eb571d6822577b52849e2da3955689899ecc6dfd9df100ff3f3636be5df"	"555"	"GetFullPathNameOem"	"RtlFreeOemString"	"direct-named-call"	"T294 records direct outgoing expression only; a later degree may inspect the callee body"
"MVDM-SECOND-CANDIDATE-000229"	"MVDM-FIRST-DEFINITION-000019"	"base/mvdm/oemuni/file.c"	"a3184eb571d6822577b52849e2da3955689899ecc6dfd9df100ff3f3636be5df"	"557"	"GetFullPathNameOem"	"ARGUMENT_PRESENT"	"direct-named-call"	"T294 records direct outgoing expression only; a later degree may inspect the callee body"
"MVDM-SECOND-CANDIDATE-000230"	"MVDM-FIRST-DEFINITION-000019"	"base/mvdm/oemuni/file.c"	"a3184eb571d6822577b52849e2da3955689899ecc6dfd9df100ff3f3636be5df"	"568"	"GetFullPathNameOem"	"BaseSetLastNTError"	"direct-named-call"	"T294 records direct outgoing expression only; a later degree may inspect the callee body"
"MVDM-SECOND-CANDIDATE-000231"	"MVDM-FIRST-DEFINITION-000019"	"base/mvdm/oemuni/file.c"	"a3184eb571d6822577b52849e2da3955689899ecc6dfd9df100ff3f3636be5df"	"577"	"GetFullPathNameOem"	"RtlFreeUnicodeString"	"direct-named-call"	"T294 records direct outgoing expression only; a later degree may inspect the callee body"
"MVDM-SECOND-CANDIDATE-000232"	"MVDM-FIRST-DEFINITION-000019"	"base/mvdm/oemuni/file.c"	"a3184eb571d6822577b52849e2da3955689899ecc6dfd9df100ff3f3636be5df"	"578"	"GetFullPathNameOem"	"RtlFreeHeap"	"direct-named-call"	"T294 records direct outgoing expression only; a later degree may inspect the callee body"
"MVDM-SECOND-CANDIDATE-000233"	"MVDM-FIRST-DEFINITION-000019"	"base/mvdm/oemuni/file.c"	"a3184eb571d6822577b52849e2da3955689899ecc6dfd9df100ff3f3636be5df"	"578"	"GetFullPathNameOem"	"RtlProcessHeap"	"direct-named-call"	"T294 records direct outgoing expression only; a later degree may inspect the callee body"
"MVDM-SECOND-CANDIDATE-000234"	"MVDM-FIRST-DEFINITION-000020"	"base/win32/client/vdm.c"	"3f03d0dbb08e0163f2d9cf415daad0981e42e1b1855f6f48a3b59022b7374173"	"380"	"GetNextVDMCommand"	"CsrClientCallServer"	"direct-named-call"	"T294 records direct outgoing expression only; a later degree may inspect the callee body"
"MVDM-SECOND-CANDIDATE-000235"	"MVDM-FIRST-DEFINITION-000020"	"base/win32/client/vdm.c"	"3f03d0dbb08e0163f2d9cf415daad0981e42e1b1855f6f48a3b59022b7374173"	"383"	"GetNextVDMCommand"	"CSR_MAKE_API_NUMBER"	"direct-named-call"	"T294 records direct outgoing expression only; a later degree may inspect the callee body"
"MVDM-SECOND-CANDIDATE-000236"	"MVDM-FIRST-DEFINITION-000020"	"base/win32/client/vdm.c"	"3f03d0dbb08e0163f2d9cf415daad0981e42e1b1855f6f48a3b59022b7374173"	"389"	"GetNextVDMCommand"	"NT_SUCCESS"	"direct-named-call"	"T294 records direct outgoing expression only; a later degree may inspect the callee body"
"MVDM-SECOND-CANDIDATE-000237"	"MVDM-FIRST-DEFINITION-000020"	"base/win32/client/vdm.c"	"3f03d0dbb08e0163f2d9cf415daad0981e42e1b1855f6f48a3b59022b7374173"	"393"	"GetNextVDMCommand"	"BaseSetLastNTError"	"direct-named-call"	"T294 records direct outgoing expression only; a later degree may inspect the callee body"
"MVDM-SECOND-CANDIDATE-000238"	"MVDM-FIRST-DEFINITION-000020"	"base/win32/client/vdm.c"	"3f03d0dbb08e0163f2d9cf415daad0981e42e1b1855f6f48a3b59022b7374173"	"403"	"GetNextVDMCommand"	"NtCurrentPeb"	"direct-named-call"	"T294 records direct outgoing expression only; a later degree may inspect the callee body"
"MVDM-SECOND-CANDIDATE-000239"	"MVDM-FIRST-DEFINITION-000020"	"base/win32/client/vdm.c"	"3f03d0dbb08e0163f2d9cf415daad0981e42e1b1855f6f48a3b59022b7374173"	"405"	"GetNextVDMCommand"	"CsrClientCallServer"	"direct-named-call"	"T294 records direct outgoing expression only; a later degree may inspect the callee body"
"MVDM-SECOND-CANDIDATE-000240"	"MVDM-FIRST-DEFINITION-000020"	"base/win32/client/vdm.c"	"3f03d0dbb08e0163f2d9cf415daad0981e42e1b1855f6f48a3b59022b7374173"	"408"	"GetNextVDMCommand"	"CSR_MAKE_API_NUMBER"	"direct-named-call"	"T294 records direct outgoing expression only; a later degree may inspect the callee body"
"MVDM-SECOND-CANDIDATE-000241"	"MVDM-FIRST-DEFINITION-000020"	"base/win32/client/vdm.c"	"3f03d0dbb08e0163f2d9cf415daad0981e42e1b1855f6f48a3b59022b7374173"	"413"	"GetNextVDMCommand"	"NT_SUCCESS"	"direct-named-call"	"T294 records direct outgoing expression only; a later degree may inspect the callee body"
"MVDM-SECOND-CANDIDATE-000242"	"MVDM-FIRST-DEFINITION-000020"	"base/win32/client/vdm.c"	"3f03d0dbb08e0163f2d9cf415daad0981e42e1b1855f6f48a3b59022b7374173"	"417"	"GetNextVDMCommand"	"BaseSetLastNTError"	"direct-named-call"	"T294 records direct outgoing expression only; a later degree may inspect the callee body"
"MVDM-SECOND-CANDIDATE-000243"	"MVDM-FIRST-DEFINITION-000020"	"base/win32/client/vdm.c"	"3f03d0dbb08e0163f2d9cf415daad0981e42e1b1855f6f48a3b59022b7374173"	"427"	"GetNextVDMCommand"	"NtCurrentPeb"	"direct-named-call"	"T294 records direct outgoing expression only; a later degree may inspect the callee body"
"MVDM-SECOND-CANDIDATE-000244"	"MVDM-FIRST-DEFINITION-000020"	"base/win32/client/vdm.c"	"3f03d0dbb08e0163f2d9cf415daad0981e42e1b1855f6f48a3b59022b7374173"	"447"	"GetNextVDMCommand"	"ROUND_UP"	"direct-named-call"	"T294 records direct outgoing expression only; a later degree may inspect the callee body"
"MVDM-SECOND-CANDIDATE-000245"	"MVDM-FIRST-DEFINITION-000020"	"base/win32/client/vdm.c"	"3f03d0dbb08e0163f2d9cf415daad0981e42e1b1855f6f48a3b59022b7374173"	"451"	"GetNextVDMCommand"	"ROUND_UP"	"direct-named-call"	"T294 records direct outgoing expression only; a later degree may inspect the callee body"
"MVDM-SECOND-CANDIDATE-000246"	"MVDM-FIRST-DEFINITION-000020"	"base/win32/client/vdm.c"	"3f03d0dbb08e0163f2d9cf415daad0981e42e1b1855f6f48a3b59022b7374173"	"456"	"GetNextVDMCommand"	"ROUND_UP"	"direct-named-call"	"T294 records direct outgoing expression only; a later degree may inspect the callee body"
"MVDM-SECOND-CANDIDATE-000247"	"MVDM-FIRST-DEFINITION-000020"	"base/win32/client/vdm.c"	"3f03d0dbb08e0163f2d9cf415daad0981e42e1b1855f6f48a3b59022b7374173"	"461"	"GetNextVDMCommand"	"ROUND_UP"	"direct-named-call"	"T294 records direct outgoing expression only; a later degree may inspect the callee body"
"MVDM-SECOND-CANDIDATE-000248"	"MVDM-FIRST-DEFINITION-000020"	"base/win32/client/vdm.c"	"3f03d0dbb08e0163f2d9cf415daad0981e42e1b1855f6f48a3b59022b7374173"	"468"	"GetNextVDMCommand"	"ROUND_UP"	"direct-named-call"	"T294 records direct outgoing expression only; a later degree may inspect the callee body"
"MVDM-SECOND-CANDIDATE-000249"	"MVDM-FIRST-DEFINITION-000020"	"base/win32/client/vdm.c"	"3f03d0dbb08e0163f2d9cf415daad0981e42e1b1855f6f48a3b59022b7374173"	"474"	"GetNextVDMCommand"	"ROUND_UP"	"direct-named-call"	"T294 records direct outgoing expression only; a later degree may inspect the callee body"
"MVDM-SECOND-CANDIDATE-000250"	"MVDM-FIRST-DEFINITION-000020"	"base/win32/client/vdm.c"	"3f03d0dbb08e0163f2d9cf415daad0981e42e1b1855f6f48a3b59022b7374173"	"481"	"GetNextVDMCommand"	"ROUND_UP"	"direct-named-call"	"T294 records direct outgoing expression only; a later degree may inspect the callee body"
"MVDM-SECOND-CANDIDATE-000251"	"MVDM-FIRST-DEFINITION-000020"	"base/win32/client/vdm.c"	"3f03d0dbb08e0163f2d9cf415daad0981e42e1b1855f6f48a3b59022b7374173"	"488"	"GetNextVDMCommand"	"ROUND_UP"	"direct-named-call"	"T294 records direct outgoing expression only; a later degree may inspect the callee body"
"MVDM-SECOND-CANDIDATE-000252"	"MVDM-FIRST-DEFINITION-000020"	"base/win32/client/vdm.c"	"3f03d0dbb08e0163f2d9cf415daad0981e42e1b1855f6f48a3b59022b7374173"	"495"	"GetNextVDMCommand"	"ROUND_UP"	"direct-named-call"	"T294 records direct outgoing expression only; a later degree may inspect the callee body"
"MVDM-SECOND-CANDIDATE-000253"	"MVDM-FIRST-DEFINITION-000020"	"base/win32/client/vdm.c"	"3f03d0dbb08e0163f2d9cf415daad0981e42e1b1855f6f48a3b59022b7374173"	"499"	"GetNextVDMCommand"	"CsrAllocateCaptureBuffer"	"direct-named-call"	"T294 records direct outgoing expression only; a later degree may inspect the callee body"
"MVDM-SECOND-CANDIDATE-000254"	"MVDM-FIRST-DEFINITION-000020"	"base/win32/client/vdm.c"	"3f03d0dbb08e0163f2d9cf415daad0981e42e1b1855f6f48a3b59022b7374173"	"501"	"GetNextVDMCommand"	"BaseSetLastNTError"	"direct-named-call"	"T294 records direct outgoing expression only; a later degree may inspect the callee body"
"MVDM-SECOND-CANDIDATE-000255"	"MVDM-FIRST-DEFINITION-000020"	"base/win32/client/vdm.c"	"3f03d0dbb08e0163f2d9cf415daad0981e42e1b1855f6f48a3b59022b7374173"	"506"	"GetNextVDMCommand"	"CsrAllocateMessagePointer"	"direct-named-call"	"T294 records direct outgoing expression only; a later degree may inspect the callee body"
"MVDM-SECOND-CANDIDATE-000256"	"MVDM-FIRST-DEFINITION-000020"	"base/win32/client/vdm.c"	"3f03d0dbb08e0163f2d9cf415daad0981e42e1b1855f6f48a3b59022b7374173"	"517"	"GetNextVDMCommand"	"CsrAllocateMessagePointer"	"direct-named-call"	"T294 records direct outgoing expression only; a later degree may inspect the callee body"
"MVDM-SECOND-CANDIDATE-000257"	"MVDM-FIRST-DEFINITION-000020"	"base/win32/client/vdm.c"	"3f03d0dbb08e0163f2d9cf415daad0981e42e1b1855f6f48a3b59022b7374173"	"527"	"GetNextVDMCommand"	"CsrAllocateMessagePointer"	"direct-named-call"	"T294 records direct outgoing expression only; a later degree may inspect the callee body"
"MVDM-SECOND-CANDIDATE-000258"	"MVDM-FIRST-DEFINITION-000020"	"base/win32/client/vdm.c"	"3f03d0dbb08e0163f2d9cf415daad0981e42e1b1855f6f48a3b59022b7374173"	"538"	"GetNextVDMCommand"	"CsrAllocateMessagePointer"	"direct-named-call"	"T294 records direct outgoing expression only; a later degree may inspect the callee body"
"MVDM-SECOND-CANDIDATE-000259"	"MVDM-FIRST-DEFINITION-000020"	"base/win32/client/vdm.c"	"3f03d0dbb08e0163f2d9cf415daad0981e42e1b1855f6f48a3b59022b7374173"	"548"	"GetNextVDMCommand"	"CsrAllocateMessagePointer"	"direct-named-call"	"T294 records direct outgoing expression only; a later degree may inspect the callee body"
"MVDM-SECOND-CANDIDATE-000260"	"MVDM-FIRST-DEFINITION-000020"	"base/win32/client/vdm.c"	"3f03d0dbb08e0163f2d9cf415daad0981e42e1b1855f6f48a3b59022b7374173"	"556"	"GetNextVDMCommand"	"CsrAllocateMessagePointer"	"direct-named-call"	"T294 records direct outgoing expression only; a later degree may inspect the callee body"
"MVDM-SECOND-CANDIDATE-000261"	"MVDM-FIRST-DEFINITION-000020"	"base/win32/client/vdm.c"	"3f03d0dbb08e0163f2d9cf415daad0981e42e1b1855f6f48a3b59022b7374173"	"562"	"GetNextVDMCommand"	"CsrAllocateMessagePointer"	"direct-named-call"	"T294 records direct outgoing expression only; a later degree may inspect the callee body"
"MVDM-SECOND-CANDIDATE-000262"	"MVDM-FIRST-DEFINITION-000020"	"base/win32/client/vdm.c"	"3f03d0dbb08e0163f2d9cf415daad0981e42e1b1855f6f48a3b59022b7374173"	"570"	"GetNextVDMCommand"	"CsrAllocateMessagePointer"	"direct-named-call"	"T294 records direct outgoing expression only; a later degree may inspect the callee body"
"MVDM-SECOND-CANDIDATE-000263"	"MVDM-FIRST-DEFINITION-000020"	"base/win32/client/vdm.c"	"3f03d0dbb08e0163f2d9cf415daad0981e42e1b1855f6f48a3b59022b7374173"	"578"	"GetNextVDMCommand"	"CsrAllocateMessagePointer"	"direct-named-call"	"T294 records direct outgoing expression only; a later degree may inspect the callee body"
"MVDM-SECOND-CANDIDATE-000264"	"MVDM-FIRST-DEFINITION-000020"	"base/win32/client/vdm.c"	"3f03d0dbb08e0163f2d9cf415daad0981e42e1b1855f6f48a3b59022b7374173"	"586"	"GetNextVDMCommand"	"CsrClientCallServer"	"direct-named-call"	"T294 records direct outgoing expression only; a later degree may inspect the callee body"
"MVDM-SECOND-CANDIDATE-000265"	"MVDM-FIRST-DEFINITION-000020"	"base/win32/client/vdm.c"	"3f03d0dbb08e0163f2d9cf415daad0981e42e1b1855f6f48a3b59022b7374173"	"589"	"GetNextVDMCommand"	"CSR_MAKE_API_NUMBER"	"direct-named-call"	"T294 records direct outgoing expression only; a later degree may inspect the callee body"
"MVDM-SECOND-CANDIDATE-000266"	"MVDM-FIRST-DEFINITION-000020"	"base/win32/client/vdm.c"	"3f03d0dbb08e0163f2d9cf415daad0981e42e1b1855f6f48a3b59022b7374173"	"596"	"GetNextVDMCommand"	"NtWaitForSingleObject"	"direct-named-call"	"T294 records direct outgoing expression only; a later degree may inspect the callee body"
"MVDM-SECOND-CANDIDATE-000267"	"MVDM-FIRST-DEFINITION-000020"	"base/win32/client/vdm.c"	"3f03d0dbb08e0163f2d9cf415daad0981e42e1b1855f6f48a3b59022b7374173"	"598"	"GetNextVDMCommand"	"BaseSetLastNTError"	"direct-named-call"	"T294 records direct outgoing expression only; a later degree may inspect the callee body"
"MVDM-SECOND-CANDIDATE-000268"	"MVDM-FIRST-DEFINITION-000020"	"base/win32/client/vdm.c"	"3f03d0dbb08e0163f2d9cf415daad0981e42e1b1855f6f48a3b59022b7374173"	"608"	"GetNextVDMCommand"	"NT_SUCCESS"	"direct-named-call"	"T294 records direct outgoing expression only; a later degree may inspect the callee body"
"MVDM-SECOND-CANDIDATE-000269"	"MVDM-FIRST-DEFINITION-000020"	"base/win32/client/vdm.c"	"3f03d0dbb08e0163f2d9cf415daad0981e42e1b1855f6f48a3b59022b7374173"	"613"	"GetNextVDMCommand"	"NT_SUCCESS"	"direct-named-call"	"T294 records direct outgoing expression only; a later degree may inspect the callee body"
"MVDM-SECOND-CANDIDATE-000270"	"MVDM-FIRST-DEFINITION-000020"	"base/win32/client/vdm.c"	"3f03d0dbb08e0163f2d9cf415daad0981e42e1b1855f6f48a3b59022b7374173"	"635"	"GetNextVDMCommand"	"CsrFreeCaptureBuffer"	"direct-named-call"	"T294 records direct outgoing expression only; a later degree may inspect the callee body"
"MVDM-SECOND-CANDIDATE-000271"	"MVDM-FIRST-DEFINITION-000020"	"base/win32/client/vdm.c"	"3f03d0dbb08e0163f2d9cf415daad0981e42e1b1855f6f48a3b59022b7374173"	"636"	"GetNextVDMCommand"	"BaseSetLastNTError"	"direct-named-call"	"T294 records direct outgoing expression only; a later degree may inspect the callee body"
"MVDM-SECOND-CANDIDATE-000272"	"MVDM-FIRST-DEFINITION-000020"	"base/win32/client/vdm.c"	"3f03d0dbb08e0163f2d9cf415daad0981e42e1b1855f6f48a3b59022b7374173"	"644"	"GetNextVDMCommand"	"RtlMoveMemory"	"direct-named-call"	"T294 records direct outgoing expression only; a later degree may inspect the callee body"
"MVDM-SECOND-CANDIDATE-000273"	"MVDM-FIRST-DEFINITION-000020"	"base/win32/client/vdm.c"	"3f03d0dbb08e0163f2d9cf415daad0981e42e1b1855f6f48a3b59022b7374173"	"650"	"GetNextVDMCommand"	"RtlMoveMemory"	"direct-named-call"	"T294 records direct outgoing expression only; a later degree may inspect the callee body"
"MVDM-SECOND-CANDIDATE-000274"	"MVDM-FIRST-DEFINITION-000020"	"base/win32/client/vdm.c"	"3f03d0dbb08e0163f2d9cf415daad0981e42e1b1855f6f48a3b59022b7374173"	"655"	"GetNextVDMCommand"	"RtlMoveMemory"	"direct-named-call"	"T294 records direct outgoing expression only; a later degree may inspect the callee body"
"MVDM-SECOND-CANDIDATE-000275"	"MVDM-FIRST-DEFINITION-000020"	"base/win32/client/vdm.c"	"3f03d0dbb08e0163f2d9cf415daad0981e42e1b1855f6f48a3b59022b7374173"	"661"	"GetNextVDMCommand"	"RtlMoveMemory"	"direct-named-call"	"T294 records direct outgoing expression only; a later degree may inspect the callee body"
"MVDM-SECOND-CANDIDATE-000276"	"MVDM-FIRST-DEFINITION-000020"	"base/win32/client/vdm.c"	"3f03d0dbb08e0163f2d9cf415daad0981e42e1b1855f6f48a3b59022b7374173"	"667"	"GetNextVDMCommand"	"RtlMoveMemory"	"direct-named-call"	"T294 records direct outgoing expression only; a later degree may inspect the callee body"
"MVDM-SECOND-CANDIDATE-000277"	"MVDM-FIRST-DEFINITION-000020"	"base/win32/client/vdm.c"	"3f03d0dbb08e0163f2d9cf415daad0981e42e1b1855f6f48a3b59022b7374173"	"672"	"GetNextVDMCommand"	"RtlMoveMemory"	"direct-named-call"	"T294 records direct outgoing expression only; a later degree may inspect the callee body"
"MVDM-SECOND-CANDIDATE-000278"	"MVDM-FIRST-DEFINITION-000020"	"base/win32/client/vdm.c"	"3f03d0dbb08e0163f2d9cf415daad0981e42e1b1855f6f48a3b59022b7374173"	"677"	"GetNextVDMCommand"	"RtlMoveMemory"	"direct-named-call"	"T294 records direct outgoing expression only; a later degree may inspect the callee body"
"MVDM-SECOND-CANDIDATE-000279"	"MVDM-FIRST-DEFINITION-000020"	"base/win32/client/vdm.c"	"3f03d0dbb08e0163f2d9cf415daad0981e42e1b1855f6f48a3b59022b7374173"	"685"	"GetNextVDMCommand"	"RtlMoveMemory"	"direct-named-call"	"T294 records direct outgoing expression only; a later degree may inspect the callee body"
"MVDM-SECOND-CANDIDATE-000280"	"MVDM-FIRST-DEFINITION-000020"	"base/win32/client/vdm.c"	"3f03d0dbb08e0163f2d9cf415daad0981e42e1b1855f6f48a3b59022b7374173"	"692"	"GetNextVDMCommand"	"RtlMoveMemory"	"direct-named-call"	"T294 records direct outgoing expression only; a later degree may inspect the callee body"
"MVDM-SECOND-CANDIDATE-000281"	"MVDM-FIRST-DEFINITION-000020"	"base/win32/client/vdm.c"	"3f03d0dbb08e0163f2d9cf415daad0981e42e1b1855f6f48a3b59022b7374173"	"719"	"GetNextVDMCommand"	"CsrFreeCaptureBuffer"	"direct-named-call"	"T294 records direct outgoing expression only; a later degree may inspect the callee body"
"MVDM-SECOND-CANDIDATE-000282"	"MVDM-FIRST-DEFINITION-000020"	"base/win32/client/vdm.c"	"3f03d0dbb08e0163f2d9cf415daad0981e42e1b1855f6f48a3b59022b7374173"	"723"	"GetNextVDMCommand"	"BaseSetLastNTError"	"direct-named-call"	"T294 records direct outgoing expression only; a later degree may inspect the callee body"
"MVDM-SECOND-CANDIDATE-000283"	"MVDM-FIRST-DEFINITION-000020"	"base/win32/client/vdm.c"	"3f03d0dbb08e0163f2d9cf415daad0981e42e1b1855f6f48a3b59022b7374173"	"723"	"GetNextVDMCommand"	"GetExceptionCode"	"direct-named-call"	"T294 records direct outgoing expression only; a later degree may inspect the callee body"
"MVDM-SECOND-CANDIDATE-000284"	"MVDM-FIRST-DEFINITION-000020"	"base/win32/client/vdm.c"	"3f03d0dbb08e0163f2d9cf415daad0981e42e1b1855f6f48a3b59022b7374173"	"724"	"GetNextVDMCommand"	"CsrFreeCaptureBuffer"	"direct-named-call"	"T294 records direct outgoing expression only; a later degree may inspect the callee body"
"MVDM-SECOND-CANDIDATE-000285"	"MVDM-FIRST-DEFINITION-000021"	"base/win32/client/vdm.c"	"3f03d0dbb08e0163f2d9cf415daad0981e42e1b1855f6f48a3b59022b7374173"	"2547"	"GetShortPathNameA"	"SetLastError"	"direct-named-call"	"T294 records direct outgoing expression only; a later degree may inspect the callee body"
"MVDM-SECOND-CANDIDATE-000286"	"MVDM-FIRST-DEFINITION-000021"	"base/win32/client/vdm.c"	"3f03d0dbb08e0163f2d9cf415daad0981e42e1b1855f6f48a3b59022b7374173"	"2551"	"GetShortPathNameA"	"RtlInitAnsiString"	"direct-named-call"	"T294 records direct outgoing expression only; a later degree may inspect the callee body"
"MVDM-SECOND-CANDIDATE-000287"	"MVDM-FIRST-DEFINITION-000021"	"base/win32/client/vdm.c"	"3f03d0dbb08e0163f2d9cf415daad0981e42e1b1855f6f48a3b59022b7374173"	"2552"	"GetShortPathNameA"	"Basep8BitStringToUnicodeString"	"direct-named-call"	"T294 records direct outgoing expression only; a later degree may inspect the callee body"
"MVDM-SECOND-CANDIDATE-000288"	"MVDM-FIRST-DEFINITION-000021"	"base/win32/client/vdm.c"	"3f03d0dbb08e0163f2d9cf415daad0981e42e1b1855f6f48a3b59022b7374173"	"2556"	"GetShortPathNameA"	"NT_SUCCESS"	"direct-named-call"	"T294 records direct outgoing expression only; a later degree may inspect the callee body"
"MVDM-SECOND-CANDIDATE-000289"	"MVDM-FIRST-DEFINITION-000021"	"base/win32/client/vdm.c"	"3f03d0dbb08e0163f2d9cf415daad0981e42e1b1855f6f48a3b59022b7374173"	"2557"	"GetShortPathNameA"	"BaseSetLastNTError"	"direct-named-call"	"T294 records direct outgoing expression only; a later degree may inspect the callee body"
"MVDM-SECOND-CANDIDATE-000290"	"MVDM-FIRST-DEFINITION-000021"	"base/win32/client/vdm.c"	"3f03d0dbb08e0163f2d9cf415daad0981e42e1b1855f6f48a3b59022b7374173"	"2560"	"GetShortPathNameA"	"ARGUMENT_PRESENT"	"direct-named-call"	"T294 records direct outgoing expression only; a later degree may inspect the callee body"
"MVDM-SECOND-CANDIDATE-000291"	"MVDM-FIRST-DEFINITION-000021"	"base/win32/client/vdm.c"	"3f03d0dbb08e0163f2d9cf415daad0981e42e1b1855f6f48a3b59022b7374173"	"2561"	"GetShortPathNameA"	"RtlAllocateHeap"	"direct-named-call"	"T294 records direct outgoing expression only; a later degree may inspect the callee body"
"MVDM-SECOND-CANDIDATE-000292"	"MVDM-FIRST-DEFINITION-000021"	"base/win32/client/vdm.c"	"3f03d0dbb08e0163f2d9cf415daad0981e42e1b1855f6f48a3b59022b7374173"	"2561"	"GetShortPathNameA"	"RtlProcessHeap"	"direct-named-call"	"T294 records direct outgoing expression only; a later degree may inspect the callee body"
"MVDM-SECOND-CANDIDATE-000293"	"MVDM-FIRST-DEFINITION-000021"	"base/win32/client/vdm.c"	"3f03d0dbb08e0163f2d9cf415daad0981e42e1b1855f6f48a3b59022b7374173"	"2561"	"GetShortPathNameA"	"MAKE_TAG"	"direct-named-call"	"T294 records direct outgoing expression only; a later degree may inspect the callee body"
"MVDM-SECOND-CANDIDATE-000294"	"MVDM-FIRST-DEFINITION-000021"	"base/win32/client/vdm.c"	"3f03d0dbb08e0163f2d9cf415daad0981e42e1b1855f6f48a3b59022b7374173"	"2565"	"GetShortPathNameA"	"SetLastError"	"direct-named-call"	"T294 records direct outgoing expression only; a later degree may inspect the callee body"
"MVDM-SECOND-CANDIDATE-000295"	"MVDM-FIRST-DEFINITION-000021"	"base/win32/client/vdm.c"	"3f03d0dbb08e0163f2d9cf415daad0981e42e1b1855f6f48a3b59022b7374173"	"2573"	"GetShortPathNameA"	"GetShortPathNameW"	"direct-named-call"	"T294 records direct outgoing expression only; a later degree may inspect the callee body"
"MVDM-SECOND-CANDIDATE-000296"	"MVDM-FIRST-DEFINITION-000021"	"base/win32/client/vdm.c"	"3f03d0dbb08e0163f2d9cf415daad0981e42e1b1855f6f48a3b59022b7374173"	"2578"	"GetShortPathNameA"	"ARGUMENT_PRESENT"	"direct-named-call"	"T294 records direct outgoing expression only; a later degree may inspect the callee body"
"MVDM-SECOND-CANDIDATE-000297"	"MVDM-FIRST-DEFINITION-000021"	"base/win32/client/vdm.c"	"3f03d0dbb08e0163f2d9cf415daad0981e42e1b1855f6f48a3b59022b7374173"	"2584"	"GetShortPathNameA"	"BasepUnicodeStringTo8BitString"	"direct-named-call"	"T294 records direct outgoing expression only; a later degree may inspect the callee body"
"MVDM-SECOND-CANDIDATE-000298"	"MVDM-FIRST-DEFINITION-000021"	"base/win32/client/vdm.c"	"3f03d0dbb08e0163f2d9cf415daad0981e42e1b1855f6f48a3b59022b7374173"	"2588"	"GetShortPathNameA"	"NT_SUCCESS"	"direct-named-call"	"T294 records direct outgoing expression only; a later degree may inspect the callee body"
"MVDM-SECOND-CANDIDATE-000299"	"MVDM-FIRST-DEFINITION-000021"	"base/win32/client/vdm.c"	"3f03d0dbb08e0163f2d9cf415daad0981e42e1b1855f6f48a3b59022b7374173"	"2589"	"GetShortPathNameA"	"BaseSetLastNTError"	"direct-named-call"	"T294 records direct outgoing expression only; a later degree may inspect the callee body"
"MVDM-SECOND-CANDIDATE-000300"	"MVDM-FIRST-DEFINITION-000021"	"base/win32/client/vdm.c"	"3f03d0dbb08e0163f2d9cf415daad0981e42e1b1855f6f48a3b59022b7374173"	"2599"	"GetShortPathNameA"	"RtlFreeUnicodeString"	"direct-named-call"	"T294 records direct outgoing expression only; a later degree may inspect the callee body"
"MVDM-SECOND-CANDIDATE-000301"	"MVDM-FIRST-DEFINITION-000021"	"base/win32/client/vdm.c"	"3f03d0dbb08e0163f2d9cf415daad0981e42e1b1855f6f48a3b59022b7374173"	"2600"	"GetShortPathNameA"	"RtlFreeHeap"	"direct-named-call"	"T294 records direct outgoing expression only; a later degree may inspect the callee body"
"MVDM-SECOND-CANDIDATE-000302"	"MVDM-FIRST-DEFINITION-000021"	"base/win32/client/vdm.c"	"3f03d0dbb08e0163f2d9cf415daad0981e42e1b1855f6f48a3b59022b7374173"	"2600"	"GetShortPathNameA"	"RtlProcessHeap"	"direct-named-call"	"T294 records direct outgoing expression only; a later degree may inspect the callee body"
"MVDM-SECOND-CANDIDATE-000303"	"MVDM-FIRST-DEFINITION-000022"	"base/mvdm/oemuni/process.c"	"38c9125f9f3c43f32f696616e565e63b8f056da7ec264d980a5e5278cc640468"	"864"	"GetShortPathNameOem"	"SetLastError"	"direct-named-call"	"T294 records direct outgoing expression only; a later degree may inspect the callee body"
"MVDM-SECOND-CANDIDATE-000304"	"MVDM-FIRST-DEFINITION-000022"	"base/mvdm/oemuni/process.c"	"38c9125f9f3c43f32f696616e565e63b8f056da7ec264d980a5e5278cc640468"	"868"	"GetShortPathNameOem"	"InitOemString"	"direct-named-call"	"T294 records direct outgoing expression only; a later degree may inspect the callee body"
"MVDM-SECOND-CANDIDATE-000305"	"MVDM-FIRST-DEFINITION-000022"	"base/mvdm/oemuni/process.c"	"38c9125f9f3c43f32f696616e565e63b8f056da7ec264d980a5e5278cc640468"	"869"	"GetShortPathNameOem"	"RtlOemStringToUnicodeString"	"direct-named-call"	"T294 records direct outgoing expression only; a later degree may inspect the callee body"
"MVDM-SECOND-CANDIDATE-000306"	"MVDM-FIRST-DEFINITION-000022"	"base/mvdm/oemuni/process.c"	"38c9125f9f3c43f32f696616e565e63b8f056da7ec264d980a5e5278cc640468"	"873"	"GetShortPathNameOem"	"NT_SUCCESS"	"direct-named-call"	"T294 records direct outgoing expression only; a later degree may inspect the callee body"
"MVDM-SECOND-CANDIDATE-000307"	"MVDM-FIRST-DEFINITION-000022"	"base/mvdm/oemuni/process.c"	"38c9125f9f3c43f32f696616e565e63b8f056da7ec264d980a5e5278cc640468"	"874"	"GetShortPathNameOem"	"BaseSetLastNTError"	"direct-named-call"	"T294 records direct outgoing expression only; a later degree may inspect the callee body"
"MVDM-SECOND-CANDIDATE-000308"	"MVDM-FIRST-DEFINITION-000022"	"base/mvdm/oemuni/process.c"	"38c9125f9f3c43f32f696616e565e63b8f056da7ec264d980a5e5278cc640468"	"877"	"GetShortPathNameOem"	"ARGUMENT_PRESENT"	"direct-named-call"	"T294 records direct outgoing expression only; a later degree may inspect the callee body"
"MVDM-SECOND-CANDIDATE-000309"	"MVDM-FIRST-DEFINITION-000022"	"base/mvdm/oemuni/process.c"	"38c9125f9f3c43f32f696616e565e63b8f056da7ec264d980a5e5278cc640468"	"878"	"GetShortPathNameOem"	"RtlAllocateHeap"	"direct-named-call"	"T294 records direct outgoing expression only; a later degree may inspect the callee body"
"MVDM-SECOND-CANDIDATE-000310"	"MVDM-FIRST-DEFINITION-000022"	"base/mvdm/oemuni/process.c"	"38c9125f9f3c43f32f696616e565e63b8f056da7ec264d980a5e5278cc640468"	"878"	"GetShortPathNameOem"	"RtlProcessHeap"	"direct-named-call"	"T294 records direct outgoing expression only; a later degree may inspect the callee body"
"MVDM-SECOND-CANDIDATE-000311"	"MVDM-FIRST-DEFINITION-000022"	"base/mvdm/oemuni/process.c"	"38c9125f9f3c43f32f696616e565e63b8f056da7ec264d980a5e5278cc640468"	"882"	"GetShortPathNameOem"	"SetLastError"	"direct-named-call"	"T294 records direct outgoing expression only; a later degree may inspect the callee body"
"MVDM-SECOND-CANDIDATE-000312"	"MVDM-FIRST-DEFINITION-000022"	"base/mvdm/oemuni/process.c"	"38c9125f9f3c43f32f696616e565e63b8f056da7ec264d980a5e5278cc640468"	"890"	"GetShortPathNameOem"	"GetShortPathNameW"	"direct-named-call"	"T294 records direct outgoing expression only; a later degree may inspect the callee body"
"MVDM-SECOND-CANDIDATE-000313"	"MVDM-FIRST-DEFINITION-000022"	"base/mvdm/oemuni/process.c"	"38c9125f9f3c43f32f696616e565e63b8f056da7ec264d980a5e5278cc640468"	"895"	"GetShortPathNameOem"	"ARGUMENT_PRESENT"	"direct-named-call"	"T294 records direct outgoing expression only; a later degree may inspect the callee body"
"MVDM-SECOND-CANDIDATE-000314"	"MVDM-FIRST-DEFINITION-000022"	"base/mvdm/oemuni/process.c"	"38c9125f9f3c43f32f696616e565e63b8f056da7ec264d980a5e5278cc640468"	"900"	"GetShortPathNameOem"	"RtlUnicodeStringToOemString"	"direct-named-call"	"T294 records direct outgoing expression only; a later degree may inspect the callee body"
"MVDM-SECOND-CANDIDATE-000315"	"MVDM-FIRST-DEFINITION-000022"	"base/mvdm/oemuni/process.c"	"38c9125f9f3c43f32f696616e565e63b8f056da7ec264d980a5e5278cc640468"	"904"	"GetShortPathNameOem"	"NT_SUCCESS"	"direct-named-call"	"T294 records direct outgoing expression only; a later degree may inspect the callee body"
"MVDM-SECOND-CANDIDATE-000316"	"MVDM-FIRST-DEFINITION-000022"	"base/mvdm/oemuni/process.c"	"38c9125f9f3c43f32f696616e565e63b8f056da7ec264d980a5e5278cc640468"	"905"	"GetShortPathNameOem"	"BaseSetLastNTError"	"direct-named-call"	"T294 records direct outgoing expression only; a later degree may inspect the callee body"
"MVDM-SECOND-CANDIDATE-000317"	"MVDM-FIRST-DEFINITION-000022"	"base/mvdm/oemuni/process.c"	"38c9125f9f3c43f32f696616e565e63b8f056da7ec264d980a5e5278cc640468"	"912"	"GetShortPathNameOem"	"RtlFreeUnicodeString"	"direct-named-call"	"T294 records direct outgoing expression only; a later degree may inspect the callee body"
"MVDM-SECOND-CANDIDATE-000318"	"MVDM-FIRST-DEFINITION-000022"	"base/mvdm/oemuni/process.c"	"38c9125f9f3c43f32f696616e565e63b8f056da7ec264d980a5e5278cc640468"	"913"	"GetShortPathNameOem"	"RtlFreeHeap"	"direct-named-call"	"T294 records direct outgoing expression only; a later degree may inspect the callee body"
"MVDM-SECOND-CANDIDATE-000319"	"MVDM-FIRST-DEFINITION-000022"	"base/mvdm/oemuni/process.c"	"38c9125f9f3c43f32f696616e565e63b8f056da7ec264d980a5e5278cc640468"	"913"	"GetShortPathNameOem"	"RtlProcessHeap"	"direct-named-call"	"T294 records direct outgoing expression only; a later degree may inspect the callee body"
"MVDM-SECOND-CANDIDATE-000320"	"MVDM-FIRST-DEFINITION-000023"	"base/mvdm/oemuni/process.c"	"38c9125f9f3c43f32f696616e565e63b8f056da7ec264d980a5e5278cc640468"	"318"	"GetTempFileNameOem"	"NtCurrentTeb"	"direct-named-call"	"T294 records direct outgoing expression only; a later degree may inspect the callee body"
"MVDM-SECOND-CANDIDATE-000321"	"MVDM-FIRST-DEFINITION-000023"	"base/mvdm/oemuni/process.c"	"38c9125f9f3c43f32f696616e565e63b8f056da7ec264d980a5e5278cc640468"	"320"	"GetTempFileNameOem"	"InitOemString"	"direct-named-call"	"T294 records direct outgoing expression only; a later degree may inspect the callee body"
"MVDM-SECOND-CANDIDATE-000322"	"MVDM-FIRST-DEFINITION-000023"	"base/mvdm/oemuni/process.c"	"38c9125f9f3c43f32f696616e565e63b8f056da7ec264d980a5e5278cc640468"	"321"	"GetTempFileNameOem"	"RtlOemStringToUnicodeString"	"direct-named-call"	"T294 records direct outgoing expression only; a later degree may inspect the callee body"
"MVDM-SECOND-CANDIDATE-000323"	"MVDM-FIRST-DEFINITION-000023"	"base/mvdm/oemuni/process.c"	"38c9125f9f3c43f32f696616e565e63b8f056da7ec264d980a5e5278cc640468"	"322"	"GetTempFileNameOem"	"NT_SUCCESS"	"direct-named-call"	"T294 records direct outgoing expression only; a later degree may inspect the callee body"
"MVDM-SECOND-CANDIDATE-000324"	"MVDM-FIRST-DEFINITION-000023"	"base/mvdm/oemuni/process.c"	"38c9125f9f3c43f32f696616e565e63b8f056da7ec264d980a5e5278cc640468"	"324"	"GetTempFileNameOem"	"SetLastError"	"direct-named-call"	"T294 records direct outgoing expression only; a later degree may inspect the callee body"
"MVDM-SECOND-CANDIDATE-000325"	"MVDM-FIRST-DEFINITION-000023"	"base/mvdm/oemuni/process.c"	"38c9125f9f3c43f32f696616e565e63b8f056da7ec264d980a5e5278cc640468"	"327"	"GetTempFileNameOem"	"BaseSetLastNTError"	"direct-named-call"	"T294 records direct outgoing expression only; a later degree may inspect the callee body"
"MVDM-SECOND-CANDIDATE-000326"	"MVDM-FIRST-DEFINITION-000023"	"base/mvdm/oemuni/process.c"	"38c9125f9f3c43f32f696616e565e63b8f056da7ec264d980a5e5278cc640468"	"332"	"GetTempFileNameOem"	"InitOemString"	"direct-named-call"	"T294 records direct outgoing expression only; a later degree may inspect the callee body"
"MVDM-SECOND-CANDIDATE-000327"	"MVDM-FIRST-DEFINITION-000023"	"base/mvdm/oemuni/process.c"	"38c9125f9f3c43f32f696616e565e63b8f056da7ec264d980a5e5278cc640468"	"333"	"GetTempFileNameOem"	"RtlOemStringToUnicodeString"	"direct-named-call"	"T294 records direct outgoing expression only; a later degree may inspect the callee body"
"MVDM-SECOND-CANDIDATE-000328"	"MVDM-FIRST-DEFINITION-000023"	"base/mvdm/oemuni/process.c"	"38c9125f9f3c43f32f696616e565e63b8f056da7ec264d980a5e5278cc640468"	"334"	"GetTempFileNameOem"	"NT_SUCCESS"	"direct-named-call"	"T294 records direct outgoing expression only; a later degree may inspect the callee body"
"MVDM-SECOND-CANDIDATE-000329"	"MVDM-FIRST-DEFINITION-000023"	"base/mvdm/oemuni/process.c"	"38c9125f9f3c43f32f696616e565e63b8f056da7ec264d980a5e5278cc640468"	"335"	"GetTempFileNameOem"	"BaseSetLastNTError"	"direct-named-call"	"T294 records direct outgoing expression only; a later degree may inspect the callee body"
"MVDM-SECOND-CANDIDATE-000330"	"MVDM-FIRST-DEFINITION-000023"	"base/mvdm/oemuni/process.c"	"38c9125f9f3c43f32f696616e565e63b8f056da7ec264d980a5e5278cc640468"	"339"	"GetTempFileNameOem"	"RtlAllocateHeap"	"direct-named-call"	"T294 records direct outgoing expression only; a later degree may inspect the callee body"
"MVDM-SECOND-CANDIDATE-000331"	"MVDM-FIRST-DEFINITION-000023"	"base/mvdm/oemuni/process.c"	"38c9125f9f3c43f32f696616e565e63b8f056da7ec264d980a5e5278cc640468"	"339"	"GetTempFileNameOem"	"RtlProcessHeap"	"direct-named-call"	"T294 records direct outgoing expression only; a later degree may inspect the callee body"
"MVDM-SECOND-CANDIDATE-000332"	"MVDM-FIRST-DEFINITION-000023"	"base/mvdm/oemuni/process.c"	"38c9125f9f3c43f32f696616e565e63b8f056da7ec264d980a5e5278cc640468"	"341"	"GetTempFileNameOem"	"SetLastError"	"direct-named-call"	"T294 records direct outgoing expression only; a later degree may inspect the callee body"
"MVDM-SECOND-CANDIDATE-000333"	"MVDM-FIRST-DEFINITION-000023"	"base/mvdm/oemuni/process.c"	"38c9125f9f3c43f32f696616e565e63b8f056da7ec264d980a5e5278cc640468"	"342"	"GetTempFileNameOem"	"RtlFreeUnicodeString"	"direct-named-call"	"T294 records direct outgoing expression only; a later degree may inspect the callee body"
"MVDM-SECOND-CANDIDATE-000334"	"MVDM-FIRST-DEFINITION-000023"	"base/mvdm/oemuni/process.c"	"38c9125f9f3c43f32f696616e565e63b8f056da7ec264d980a5e5278cc640468"	"346"	"GetTempFileNameOem"	"GetTempFileNameW"	"direct-named-call"	"T294 records direct outgoing expression only; a later degree may inspect the callee body"
"MVDM-SECOND-CANDIDATE-000335"	"MVDM-FIRST-DEFINITION-000023"	"base/mvdm/oemuni/process.c"	"38c9125f9f3c43f32f696616e565e63b8f056da7ec264d980a5e5278cc640468"	"353"	"GetTempFileNameOem"	"RtlInitUnicodeString"	"direct-named-call"	"T294 records direct outgoing expression only; a later degree may inspect the callee body"
"MVDM-SECOND-CANDIDATE-000336"	"MVDM-FIRST-DEFINITION-000023"	"base/mvdm/oemuni/process.c"	"38c9125f9f3c43f32f696616e565e63b8f056da7ec264d980a5e5278cc640468"	"356"	"GetTempFileNameOem"	"RtlUnicodeStringToOemString"	"direct-named-call"	"T294 records direct outgoing expression only; a later degree may inspect the callee body"
"MVDM-SECOND-CANDIDATE-000337"	"MVDM-FIRST-DEFINITION-000023"	"base/mvdm/oemuni/process.c"	"38c9125f9f3c43f32f696616e565e63b8f056da7ec264d980a5e5278cc640468"	"357"	"GetTempFileNameOem"	"NT_SUCCESS"	"direct-named-call"	"T294 records direct outgoing expression only; a later degree may inspect the callee body"
"MVDM-SECOND-CANDIDATE-000338"	"MVDM-FIRST-DEFINITION-000023"	"base/mvdm/oemuni/process.c"	"38c9125f9f3c43f32f696616e565e63b8f056da7ec264d980a5e5278cc640468"	"358"	"GetTempFileNameOem"	"BaseSetLastNTError"	"direct-named-call"	"T294 records direct outgoing expression only; a later degree may inspect the callee body"
"MVDM-SECOND-CANDIDATE-000339"	"MVDM-FIRST-DEFINITION-000023"	"base/mvdm/oemuni/process.c"	"38c9125f9f3c43f32f696616e565e63b8f056da7ec264d980a5e5278cc640468"	"362"	"GetTempFileNameOem"	"RtlFreeUnicodeString"	"direct-named-call"	"T294 records direct outgoing expression only; a later degree may inspect the callee body"
"MVDM-SECOND-CANDIDATE-000340"	"MVDM-FIRST-DEFINITION-000023"	"base/mvdm/oemuni/process.c"	"38c9125f9f3c43f32f696616e565e63b8f056da7ec264d980a5e5278cc640468"	"363"	"GetTempFileNameOem"	"RtlFreeHeap"	"direct-named-call"	"T294 records direct outgoing expression only; a later degree may inspect the callee body"
"MVDM-SECOND-CANDIDATE-000341"	"MVDM-FIRST-DEFINITION-000023"	"base/mvdm/oemuni/process.c"	"38c9125f9f3c43f32f696616e565e63b8f056da7ec264d980a5e5278cc640468"	"363"	"GetTempFileNameOem"	"RtlProcessHeap"	"direct-named-call"	"T294 records direct outgoing expression only; a later degree may inspect the callee body"
"MVDM-SECOND-CANDIDATE-000342"	"MVDM-FIRST-DEFINITION-000024"	"base/win32/client/datetime.c"	"554cec9e236885367b8c791f611b29556657327a840c374293161493431e3b36"	"393"	"GetTickCount"	"NtGetTickCount"	"direct-named-call"	"T294 records direct outgoing expression only; a later degree may inspect the callee body"
"MVDM-SECOND-CANDIDATE-000343"	"MVDM-FIRST-DEFINITION-000025"	"base/mvdm/oemuni/file.c"	"a3184eb571d6822577b52849e2da3955689899ecc6dfd9df100ff3f3636be5df"	"876"	"GetVolumeInformationOem"	"NtCurrentTeb"	"direct-named-call"	"T294 records direct outgoing expression only; a later degree may inspect the callee body"
"MVDM-SECOND-CANDIDATE-000344"	"MVDM-FIRST-DEFINITION-000025"	"base/mvdm/oemuni/file.c"	"a3184eb571d6822577b52849e2da3955689899ecc6dfd9df100ff3f3636be5df"	"877"	"GetVolumeInformationOem"	"InitOemString"	"direct-named-call"	"T294 records direct outgoing expression only; a later degree may inspect the callee body"
"MVDM-SECOND-CANDIDATE-000345"	"MVDM-FIRST-DEFINITION-000025"	"base/mvdm/oemuni/file.c"	"a3184eb571d6822577b52849e2da3955689899ecc6dfd9df100ff3f3636be5df"	"879"	"GetVolumeInformationOem"	"ARGUMENT_PRESENT"	"direct-named-call"	"T294 records direct outgoing expression only; a later degree may inspect the callee body"
"MVDM-SECOND-CANDIDATE-000346"	"MVDM-FIRST-DEFINITION-000025"	"base/mvdm/oemuni/file.c"	"a3184eb571d6822577b52849e2da3955689899ecc6dfd9df100ff3f3636be5df"	"882"	"GetVolumeInformationOem"	"RtlOemStringToUnicodeString"	"direct-named-call"	"T294 records direct outgoing expression only; a later degree may inspect the callee body"
"MVDM-SECOND-CANDIDATE-000347"	"MVDM-FIRST-DEFINITION-000025"	"base/mvdm/oemuni/file.c"	"a3184eb571d6822577b52849e2da3955689899ecc6dfd9df100ff3f3636be5df"	"883"	"GetVolumeInformationOem"	"NT_SUCCESS"	"direct-named-call"	"T294 records direct outgoing expression only; a later degree may inspect the callee body"
"MVDM-SECOND-CANDIDATE-000348"	"MVDM-FIRST-DEFINITION-000025"	"base/mvdm/oemuni/file.c"	"a3184eb571d6822577b52849e2da3955689899ecc6dfd9df100ff3f3636be5df"	"885"	"GetVolumeInformationOem"	"SetLastError"	"direct-named-call"	"T294 records direct outgoing expression only; a later degree may inspect the callee body"
"MVDM-SECOND-CANDIDATE-000349"	"MVDM-FIRST-DEFINITION-000025"	"base/mvdm/oemuni/file.c"	"a3184eb571d6822577b52849e2da3955689899ecc6dfd9df100ff3f3636be5df"	"888"	"GetVolumeInformationOem"	"BaseSetLastNTError"	"direct-named-call"	"T294 records direct outgoing expression only; a later degree may inspect the callee body"
"MVDM-SECOND-CANDIDATE-000350"	"MVDM-FIRST-DEFINITION-000025"	"base/mvdm/oemuni/file.c"	"a3184eb571d6822577b52849e2da3955689899ecc6dfd9df100ff3f3636be5df"	"903"	"GetVolumeInformationOem"	"ARGUMENT_PRESENT"	"direct-named-call"	"T294 records direct outgoing expression only; a later degree may inspect the callee body"
"MVDM-SECOND-CANDIDATE-000351"	"MVDM-FIRST-DEFINITION-000025"	"base/mvdm/oemuni/file.c"	"a3184eb571d6822577b52849e2da3955689899ecc6dfd9df100ff3f3636be5df"	"905"	"GetVolumeInformationOem"	"RtlAllocateHeap"	"direct-named-call"	"T294 records direct outgoing expression only; a later degree may inspect the callee body"
"MVDM-SECOND-CANDIDATE-000352"	"MVDM-FIRST-DEFINITION-000025"	"base/mvdm/oemuni/file.c"	"a3184eb571d6822577b52849e2da3955689899ecc6dfd9df100ff3f3636be5df"	"906"	"GetVolumeInformationOem"	"RtlProcessHeap"	"direct-named-call"	"T294 records direct outgoing expression only; a later degree may inspect the callee body"
"MVDM-SECOND-CANDIDATE-000353"	"MVDM-FIRST-DEFINITION-000025"	"base/mvdm/oemuni/file.c"	"a3184eb571d6822577b52849e2da3955689899ecc6dfd9df100ff3f3636be5df"	"911"	"GetVolumeInformationOem"	"SetLastError"	"direct-named-call"	"T294 records direct outgoing expression only; a later degree may inspect the callee body"
"MVDM-SECOND-CANDIDATE-000354"	"MVDM-FIRST-DEFINITION-000025"	"base/mvdm/oemuni/file.c"	"a3184eb571d6822577b52849e2da3955689899ecc6dfd9df100ff3f3636be5df"	"916"	"GetVolumeInformationOem"	"ARGUMENT_PRESENT"	"direct-named-call"	"T294 records direct outgoing expression only; a later degree may inspect the callee body"
"MVDM-SECOND-CANDIDATE-000355"	"MVDM-FIRST-DEFINITION-000025"	"base/mvdm/oemuni/file.c"	"a3184eb571d6822577b52849e2da3955689899ecc6dfd9df100ff3f3636be5df"	"918"	"GetVolumeInformationOem"	"RtlAllocateHeap"	"direct-named-call"	"T294 records direct outgoing expression only; a later degree may inspect the callee body"
"MVDM-SECOND-CANDIDATE-000356"	"MVDM-FIRST-DEFINITION-000025"	"base/mvdm/oemuni/file.c"	"a3184eb571d6822577b52849e2da3955689899ecc6dfd9df100ff3f3636be5df"	"919"	"GetVolumeInformationOem"	"RtlProcessHeap"	"direct-named-call"	"T294 records direct outgoing expression only; a later degree may inspect the callee body"
"MVDM-SECOND-CANDIDATE-000357"	"MVDM-FIRST-DEFINITION-000025"	"base/mvdm/oemuni/file.c"	"a3184eb571d6822577b52849e2da3955689899ecc6dfd9df100ff3f3636be5df"	"924"	"GetVolumeInformationOem"	"SetLastError"	"direct-named-call"	"T294 records direct outgoing expression only; a later degree may inspect the callee body"
"MVDM-SECOND-CANDIDATE-000358"	"MVDM-FIRST-DEFINITION-000025"	"base/mvdm/oemuni/file.c"	"a3184eb571d6822577b52849e2da3955689899ecc6dfd9df100ff3f3636be5df"	"929"	"GetVolumeInformationOem"	"GetVolumeInformationW"	"direct-named-call"	"T294 records direct outgoing expression only; a later degree may inspect the callee body"
"MVDM-SECOND-CANDIDATE-000359"	"MVDM-FIRST-DEFINITION-000025"	"base/mvdm/oemuni/file.c"	"a3184eb571d6822577b52849e2da3955689899ecc6dfd9df100ff3f3636be5df"	"942"	"GetVolumeInformationOem"	"ARGUMENT_PRESENT"	"direct-named-call"	"T294 records direct outgoing expression only; a later degree may inspect the callee body"
"MVDM-SECOND-CANDIDATE-000360"	"MVDM-FIRST-DEFINITION-000025"	"base/mvdm/oemuni/file.c"	"a3184eb571d6822577b52849e2da3955689899ecc6dfd9df100ff3f3636be5df"	"943"	"GetVolumeInformationOem"	"RtlInitUnicodeString"	"direct-named-call"	"T294 records direct outgoing expression only; a later degree may inspect the callee body"
"MVDM-SECOND-CANDIDATE-000361"	"MVDM-FIRST-DEFINITION-000025"	"base/mvdm/oemuni/file.c"	"a3184eb571d6822577b52849e2da3955689899ecc6dfd9df100ff3f3636be5df"	"948"	"GetVolumeInformationOem"	"RtlUnicodeStringToOemString"	"direct-named-call"	"T294 records direct outgoing expression only; a later degree may inspect the callee body"
"MVDM-SECOND-CANDIDATE-000362"	"MVDM-FIRST-DEFINITION-000025"	"base/mvdm/oemuni/file.c"	"a3184eb571d6822577b52849e2da3955689899ecc6dfd9df100ff3f3636be5df"	"954"	"GetVolumeInformationOem"	"NT_SUCCESS"	"direct-named-call"	"T294 records direct outgoing expression only; a later degree may inspect the callee body"
"MVDM-SECOND-CANDIDATE-000363"	"MVDM-FIRST-DEFINITION-000025"	"base/mvdm/oemuni/file.c"	"a3184eb571d6822577b52849e2da3955689899ecc6dfd9df100ff3f3636be5df"	"955"	"GetVolumeInformationOem"	"BaseSetLastNTError"	"direct-named-call"	"T294 records direct outgoing expression only; a later degree may inspect the callee body"
"MVDM-SECOND-CANDIDATE-000364"	"MVDM-FIRST-DEFINITION-000025"	"base/mvdm/oemuni/file.c"	"a3184eb571d6822577b52849e2da3955689899ecc6dfd9df100ff3f3636be5df"	"960"	"GetVolumeInformationOem"	"ARGUMENT_PRESENT"	"direct-named-call"	"T294 records direct outgoing expression only; a later degree may inspect the callee body"
"MVDM-SECOND-CANDIDATE-000365"	"MVDM-FIRST-DEFINITION-000025"	"base/mvdm/oemuni/file.c"	"a3184eb571d6822577b52849e2da3955689899ecc6dfd9df100ff3f3636be5df"	"961"	"GetVolumeInformationOem"	"RtlInitUnicodeString"	"direct-named-call"	"T294 records direct outgoing expression only; a later degree may inspect the callee body"
"MVDM-SECOND-CANDIDATE-000366"	"MVDM-FIRST-DEFINITION-000025"	"base/mvdm/oemuni/file.c"	"a3184eb571d6822577b52849e2da3955689899ecc6dfd9df100ff3f3636be5df"	"966"	"GetVolumeInformationOem"	"RtlUnicodeStringToOemString"	"direct-named-call"	"T294 records direct outgoing expression only; a later degree may inspect the callee body"
"MVDM-SECOND-CANDIDATE-000367"	"MVDM-FIRST-DEFINITION-000025"	"base/mvdm/oemuni/file.c"	"a3184eb571d6822577b52849e2da3955689899ecc6dfd9df100ff3f3636be5df"	"972"	"GetVolumeInformationOem"	"NT_SUCCESS"	"direct-named-call"	"T294 records direct outgoing expression only; a later degree may inspect the callee body"
"MVDM-SECOND-CANDIDATE-000368"	"MVDM-FIRST-DEFINITION-000025"	"base/mvdm/oemuni/file.c"	"a3184eb571d6822577b52849e2da3955689899ecc6dfd9df100ff3f3636be5df"	"973"	"GetVolumeInformationOem"	"BaseSetLastNTError"	"direct-named-call"	"T294 records direct outgoing expression only; a later degree may inspect the callee body"
"MVDM-SECOND-CANDIDATE-000369"	"MVDM-FIRST-DEFINITION-000025"	"base/mvdm/oemuni/file.c"	"a3184eb571d6822577b52849e2da3955689899ecc6dfd9df100ff3f3636be5df"	"981"	"GetVolumeInformationOem"	"RtlFreeHeap"	"direct-named-call"	"T294 records direct outgoing expression only; a later degree may inspect the callee body"
"MVDM-SECOND-CANDIDATE-000370"	"MVDM-FIRST-DEFINITION-000025"	"base/mvdm/oemuni/file.c"	"a3184eb571d6822577b52849e2da3955689899ecc6dfd9df100ff3f3636be5df"	"981"	"GetVolumeInformationOem"	"RtlProcessHeap"	"direct-named-call"	"T294 records direct outgoing expression only; a later degree may inspect the callee body"
"MVDM-SECOND-CANDIDATE-000371"	"MVDM-FIRST-DEFINITION-000025"	"base/mvdm/oemuni/file.c"	"a3184eb571d6822577b52849e2da3955689899ecc6dfd9df100ff3f3636be5df"	"984"	"GetVolumeInformationOem"	"RtlFreeHeap"	"direct-named-call"	"T294 records direct outgoing expression only; a later degree may inspect the callee body"
"MVDM-SECOND-CANDIDATE-000372"	"MVDM-FIRST-DEFINITION-000025"	"base/mvdm/oemuni/file.c"	"a3184eb571d6822577b52849e2da3955689899ecc6dfd9df100ff3f3636be5df"	"984"	"GetVolumeInformationOem"	"RtlProcessHeap"	"direct-named-call"	"T294 records direct outgoing expression only; a later degree may inspect the callee body"
"MVDM-SECOND-CANDIDATE-000373"	"MVDM-FIRST-DEFINITION-000026"	"base/mvdm/softpc.new/host/src/stf_conf.c"	"dd83e6774b349f81b02abb625df4fdcfe943647144bf054422f9f671d1bf05f4"	"386"	"host_runtime_inquire"	"host_error"	"direct-named-call"	"T294 records direct outgoing expression only; a later degree may inspect the callee body"
"MVDM-SECOND-CANDIDATE-000374"	"MVDM-FIRST-DEFINITION-000027"	"base/mvdm/softpc.new/host/src/stf_conf.c"	"dd83e6774b349f81b02abb625df4fdcfe943647144bf054422f9f671d1bf05f4"	"489"	"host_runtime_set"	"host_error"	"direct-named-call"	"T294 records direct outgoing expression only; a later degree may inspect the callee body"
"MVDM-SECOND-CANDIDATE-000375"	"MVDM-FIRST-DEFINITION-000029"	"base/mvdm/wow32/wow32.c"	"1dfe9900e6da3bf0e2984c3df42bdd155b177cfe7707bb24e1324037147d292a"	"1117"	"IsW32WorkerException"	"W32SetExceptionContext"	"direct-named-call"	"T294 records direct outgoing expression only; a later degree may inspect the callee body"
"MVDM-SECOND-CANDIDATE-000376"	"MVDM-FIRST-DEFINITION-000030"	"base/mvdm/softpc.new/base/keymouse/keybd_io.c"	"c17523f12f895eb144b38692f4d91dc97d539106a8d3e4b8cf23bc4338cd4896"	"1918"	"kb_setup_vectors"	"getDS"	"direct-named-call"	"T294 records direct outgoing expression only; a later degree may inspect the callee body"
"MVDM-SECOND-CANDIDATE-000377"	"MVDM-FIRST-DEFINITION-000030"	"base/mvdm/softpc.new/base/keymouse/keybd_io.c"	"c17523f12f895eb144b38692f4d91dc97d539106a8d3e4b8cf23bc4338cd4896"	"1919"	"kb_setup_vectors"	"effective_addr"	"direct-named-call"	"T294 records direct outgoing expression only; a later degree may inspect the callee body"
"MVDM-SECOND-CANDIDATE-000378"	"MVDM-FIRST-DEFINITION-000030"	"base/mvdm/softpc.new/base/keymouse/keybd_io.c"	"c17523f12f895eb144b38692f4d91dc97d539106a8d3e4b8cf23bc4338cd4896"	"1919"	"kb_setup_vectors"	"getCS"	"direct-named-call"	"T294 records direct outgoing expression only; a later degree may inspect the callee body"
"MVDM-SECOND-CANDIDATE-000379"	"MVDM-FIRST-DEFINITION-000030"	"base/mvdm/softpc.new/base/keymouse/keybd_io.c"	"c17523f12f895eb144b38692f4d91dc97d539106a8d3e4b8cf23bc4338cd4896"	"1919"	"kb_setup_vectors"	"getSI"	"direct-named-call"	"T294 records direct outgoing expression only; a later degree may inspect the callee body"
"MVDM-SECOND-CANDIDATE-000380"	"MVDM-FIRST-DEFINITION-000030"	"base/mvdm/softpc.new/base/keymouse/keybd_io.c"	"c17523f12f895eb144b38692f4d91dc97d539106a8d3e4b8cf23bc4338cd4896"	"1922"	"kb_setup_vectors"	"sas_loadw"	"direct-named-call"	"T294 records direct outgoing expression only; a later degree may inspect the callee body"
"MVDM-SECOND-CANDIDATE-000381"	"MVDM-FIRST-DEFINITION-000030"	"base/mvdm/softpc.new/base/keymouse/keybd_io.c"	"c17523f12f895eb144b38692f4d91dc97d539106a8d3e4b8cf23bc4338cd4896"	"1970"	"kb_setup_vectors"	"sas_store_no_check"	"direct-named-call"	"T294 records direct outgoing expression only; a later degree may inspect the callee body"
"MVDM-SECOND-CANDIDATE-000382"	"MVDM-FIRST-DEFINITION-000030"	"base/mvdm/softpc.new/base/keymouse/keybd_io.c"	"c17523f12f895eb144b38692f4d91dc97d539106a8d3e4b8cf23bc4338cd4896"	"1970"	"kb_setup_vectors"	"getNtScreenState"	"direct-named-call"	"T294 records direct outgoing expression only; a later degree may inspect the callee body"
"MVDM-SECOND-CANDIDATE-000383"	"MVDM-FIRST-DEFINITION-000030"	"base/mvdm/softpc.new/base/keymouse/keybd_io.c"	"c17523f12f895eb144b38692f4d91dc97d539106a8d3e4b8cf23bc4338cd4896"	"1975"	"kb_setup_vectors"	"printer_setup_table"	"direct-named-call"	"T294 records direct outgoing expression only; a later degree may inspect the callee body"
"MVDM-SECOND-CANDIDATE-000384"	"MVDM-FIRST-DEFINITION-000030"	"base/mvdm/softpc.new/base/keymouse/keybd_io.c"	"c17523f12f895eb144b38692f4d91dc97d539106a8d3e4b8cf23bc4338cd4896"	"1975"	"kb_setup_vectors"	"effective_addr"	"direct-named-call"	"T294 records direct outgoing expression only; a later degree may inspect the callee body"
"MVDM-SECOND-CANDIDATE-000385"	"MVDM-FIRST-DEFINITION-000030"	"base/mvdm/softpc.new/base/keymouse/keybd_io.c"	"c17523f12f895eb144b38692f4d91dc97d539106a8d3e4b8cf23bc4338cd4896"	"1993"	"kb_setup_vectors"	"effective_addr"	"direct-named-call"	"T294 records direct outgoing expression only; a later degree may inspect the callee body"
"MVDM-SECOND-CANDIDATE-000386"	"MVDM-FIRST-DEFINITION-000030"	"base/mvdm/softpc.new/base/keymouse/keybd_io.c"	"c17523f12f895eb144b38692f4d91dc97d539106a8d3e4b8cf23bc4338cd4896"	"1994"	"kb_setup_vectors"	"effective_addr"	"direct-named-call"	"T294 records direct outgoing expression only; a later degree may inspect the callee body"
"MVDM-SECOND-CANDIDATE-000387"	"MVDM-FIRST-DEFINITION-000030"	"base/mvdm/softpc.new/base/keymouse/keybd_io.c"	"c17523f12f895eb144b38692f4d91dc97d539106a8d3e4b8cf23bc4338cd4896"	"1995"	"kb_setup_vectors"	"effective_addr"	"direct-named-call"	"T294 records direct outgoing expression only; a later degree may inspect the callee body"
"MVDM-SECOND-CANDIDATE-000388"	"MVDM-FIRST-DEFINITION-000030"	"base/mvdm/softpc.new/base/keymouse/keybd_io.c"	"c17523f12f895eb144b38692f4d91dc97d539106a8d3e4b8cf23bc4338cd4896"	"1997"	"kb_setup_vectors"	"getAX"	"direct-named-call"	"T294 records direct outgoing expression only; a later degree may inspect the callee body"
"MVDM-SECOND-CANDIDATE-000389"	"MVDM-FIRST-DEFINITION-000030"	"base/mvdm/softpc.new/base/keymouse/keybd_io.c"	"c17523f12f895eb144b38692f4d91dc97d539106a8d3e4b8cf23bc4338cd4896"	"1998"	"kb_setup_vectors"	"always_trace0"	"direct-named-call"	"T294 records direct outgoing expression only; a later degree may inspect the callee body"
"MVDM-SECOND-CANDIDATE-000390"	"MVDM-FIRST-DEFINITION-000030"	"base/mvdm/softpc.new/base/keymouse/keybd_io.c"	"c17523f12f895eb144b38692f4d91dc97d539106a8d3e4b8cf23bc4338cd4896"	"2007"	"kb_setup_vectors"	"sas_loadw"	"direct-named-call"	"T294 records direct outgoing expression only; a later degree may inspect the callee body"
"MVDM-SECOND-CANDIDATE-000391"	"MVDM-FIRST-DEFINITION-000030"	"base/mvdm/softpc.new/base/keymouse/keybd_io.c"	"c17523f12f895eb144b38692f4d91dc97d539106a8d3e4b8cf23bc4338cd4896"	"2008"	"kb_setup_vectors"	"sas_loadw"	"direct-named-call"	"T294 records direct outgoing expression only; a later degree may inspect the callee body"
"MVDM-SECOND-CANDIDATE-000392"	"MVDM-FIRST-DEFINITION-000030"	"base/mvdm/softpc.new/base/keymouse/keybd_io.c"	"c17523f12f895eb144b38692f4d91dc97d539106a8d3e4b8cf23bc4338cd4896"	"2011"	"kb_setup_vectors"	"sas_loadw"	"direct-named-call"	"T294 records direct outgoing expression only; a later degree may inspect the callee body"
"MVDM-SECOND-CANDIDATE-000393"	"MVDM-FIRST-DEFINITION-000030"	"base/mvdm/softpc.new/base/keymouse/keybd_io.c"	"c17523f12f895eb144b38692f4d91dc97d539106a8d3e4b8cf23bc4338cd4896"	"2012"	"kb_setup_vectors"	"sas_loadw"	"direct-named-call"	"T294 records direct outgoing expression only; a later degree may inspect the callee body"
"MVDM-SECOND-CANDIDATE-000394"	"MVDM-FIRST-DEFINITION-000030"	"base/mvdm/softpc.new/base/keymouse/keybd_io.c"	"c17523f12f895eb144b38692f4d91dc97d539106a8d3e4b8cf23bc4338cd4896"	"2013"	"kb_setup_vectors"	"sas_loadw"	"direct-named-call"	"T294 records direct outgoing expression only; a later degree may inspect the callee body"
"MVDM-SECOND-CANDIDATE-000395"	"MVDM-FIRST-DEFINITION-000030"	"base/mvdm/softpc.new/base/keymouse/keybd_io.c"	"c17523f12f895eb144b38692f4d91dc97d539106a8d3e4b8cf23bc4338cd4896"	"2014"	"kb_setup_vectors"	"sas_loadw"	"direct-named-call"	"T294 records direct outgoing expression only; a later degree may inspect the callee body"
"MVDM-SECOND-CANDIDATE-000396"	"MVDM-FIRST-DEFINITION-000030"	"base/mvdm/softpc.new/base/keymouse/keybd_io.c"	"c17523f12f895eb144b38692f4d91dc97d539106a8d3e4b8cf23bc4338cd4896"	"2016"	"kb_setup_vectors"	"sas_loadw"	"direct-named-call"	"T294 records direct outgoing expression only; a later degree may inspect the callee body"
"MVDM-SECOND-CANDIDATE-000397"	"MVDM-FIRST-DEFINITION-000030"	"base/mvdm/softpc.new/base/keymouse/keybd_io.c"	"c17523f12f895eb144b38692f4d91dc97d539106a8d3e4b8cf23bc4338cd4896"	"2017"	"kb_setup_vectors"	"sas_loadw"	"direct-named-call"	"T294 records direct outgoing expression only; a later degree may inspect the callee body"
"MVDM-SECOND-CANDIDATE-000398"	"MVDM-FIRST-DEFINITION-000030"	"base/mvdm/softpc.new/base/keymouse/keybd_io.c"	"c17523f12f895eb144b38692f4d91dc97d539106a8d3e4b8cf23bc4338cd4896"	"2020"	"kb_setup_vectors"	"sas_loadw"	"direct-named-call"	"T294 records direct outgoing expression only; a later degree may inspect the callee body"
"MVDM-SECOND-CANDIDATE-000399"	"MVDM-FIRST-DEFINITION-000030"	"base/mvdm/softpc.new/base/keymouse/keybd_io.c"	"c17523f12f895eb144b38692f4d91dc97d539106a8d3e4b8cf23bc4338cd4896"	"2021"	"kb_setup_vectors"	"sas_loadw"	"direct-named-call"	"T294 records direct outgoing expression only; a later degree may inspect the callee body"
"MVDM-SECOND-CANDIDATE-000400"	"MVDM-FIRST-DEFINITION-000030"	"base/mvdm/softpc.new/base/keymouse/keybd_io.c"	"c17523f12f895eb144b38692f4d91dc97d539106a8d3e4b8cf23bc4338cd4896"	"2022"	"kb_setup_vectors"	"effective_addr"	"direct-named-call"	"T294 records direct outgoing expression only; a later degree may inspect the callee body"
"MVDM-SECOND-CANDIDATE-000401"	"MVDM-FIRST-DEFINITION-000030"	"base/mvdm/softpc.new/base/keymouse/keybd_io.c"	"c17523f12f895eb144b38692f4d91dc97d539106a8d3e4b8cf23bc4338cd4896"	"2026"	"kb_setup_vectors"	"sas_loadw"	"direct-named-call"	"T294 records direct outgoing expression only; a later degree may inspect the callee body"
"MVDM-SECOND-CANDIDATE-000402"	"MVDM-FIRST-DEFINITION-000030"	"base/mvdm/softpc.new/base/keymouse/keybd_io.c"	"c17523f12f895eb144b38692f4d91dc97d539106a8d3e4b8cf23bc4338cd4896"	"2027"	"kb_setup_vectors"	"sas_loadw"	"direct-named-call"	"T294 records direct outgoing expression only; a later degree may inspect the callee body"
"MVDM-SECOND-CANDIDATE-000403"	"MVDM-FIRST-DEFINITION-000031"	"base/mvdm/softpc.new/base/keymouse/keyba.c"	"d3326210be154866924ca99f1e44e0a76e9a912e15975305804f6b59c4cf7953"	"2793"	"KbdResume"	"KbdIntDelay"	"direct-named-call"	"T294 records direct outgoing expression only; a later degree may inspect the callee body"
"MVDM-SECOND-CANDIDATE-000404"	"MVDM-FIRST-DEFINITION-000032"	"base/mvdm/softpc.new/base/keymouse/keyba.c"	"d3326210be154866924ca99f1e44e0a76e9a912e15975305804f6b59c4cf7953"	"1114"	"keys_in_6805_buff"	"Reset6805and8042"	"direct-named-call"	"T294 records direct outgoing expression only; a later degree may inspect the callee body"
"MVDM-SECOND-CANDIDATE-000405"	"MVDM-FIRST-DEFINITION-000033"	"base/mvdm/oemuni/file.c"	"a3184eb571d6822577b52849e2da3955689899ecc6dfd9df100ff3f3636be5df"	"338"	"MoveFileExOem"	"NtCurrentTeb"	"direct-named-call"	"T294 records direct outgoing expression only; a later degree may inspect the callee body"
"MVDM-SECOND-CANDIDATE-000406"	"MVDM-FIRST-DEFINITION-000033"	"base/mvdm/oemuni/file.c"	"a3184eb571d6822577b52849e2da3955689899ecc6dfd9df100ff3f3636be5df"	"339"	"MoveFileExOem"	"InitOemString"	"direct-named-call"	"T294 records direct outgoing expression only; a later degree may inspect the callee body"
"MVDM-SECOND-CANDIDATE-000407"	"MVDM-FIRST-DEFINITION-000033"	"base/mvdm/oemuni/file.c"	"a3184eb571d6822577b52849e2da3955689899ecc6dfd9df100ff3f3636be5df"	"340"	"MoveFileExOem"	"RtlOemStringToUnicodeString"	"direct-named-call"	"T294 records direct outgoing expression only; a later degree may inspect the callee body"
"MVDM-SECOND-CANDIDATE-000408"	"MVDM-FIRST-DEFINITION-000033"	"base/mvdm/oemuni/file.c"	"a3184eb571d6822577b52849e2da3955689899ecc6dfd9df100ff3f3636be5df"	"341"	"MoveFileExOem"	"NT_SUCCESS"	"direct-named-call"	"T294 records direct outgoing expression only; a later degree may inspect the callee body"
"MVDM-SECOND-CANDIDATE-000409"	"MVDM-FIRST-DEFINITION-000033"	"base/mvdm/oemuni/file.c"	"a3184eb571d6822577b52849e2da3955689899ecc6dfd9df100ff3f3636be5df"	"343"	"MoveFileExOem"	"SetLastError"	"direct-named-call"	"T294 records direct outgoing expression only; a later degree may inspect the callee body"
"MVDM-SECOND-CANDIDATE-000410"	"MVDM-FIRST-DEFINITION-000033"	"base/mvdm/oemuni/file.c"	"a3184eb571d6822577b52849e2da3955689899ecc6dfd9df100ff3f3636be5df"	"346"	"MoveFileExOem"	"BaseSetLastNTError"	"direct-named-call"	"T294 records direct outgoing expression only; a later degree may inspect the callee body"
"MVDM-SECOND-CANDIDATE-000411"	"MVDM-FIRST-DEFINITION-000033"	"base/mvdm/oemuni/file.c"	"a3184eb571d6822577b52849e2da3955689899ecc6dfd9df100ff3f3636be5df"	"351"	"MoveFileExOem"	"ARGUMENT_PRESENT"	"direct-named-call"	"T294 records direct outgoing expression only; a later degree may inspect the callee body"
"MVDM-SECOND-CANDIDATE-000412"	"MVDM-FIRST-DEFINITION-000033"	"base/mvdm/oemuni/file.c"	"a3184eb571d6822577b52849e2da3955689899ecc6dfd9df100ff3f3636be5df"	"352"	"MoveFileExOem"	"InitOemString"	"direct-named-call"	"T294 records direct outgoing expression only; a later degree may inspect the callee body"
"MVDM-SECOND-CANDIDATE-000413"	"MVDM-FIRST-DEFINITION-000033"	"base/mvdm/oemuni/file.c"	"a3184eb571d6822577b52849e2da3955689899ecc6dfd9df100ff3f3636be5df"	"353"	"MoveFileExOem"	"RtlOemStringToUnicodeString"	"direct-named-call"	"T294 records direct outgoing expression only; a later degree may inspect the callee body"
"MVDM-SECOND-CANDIDATE-000414"	"MVDM-FIRST-DEFINITION-000033"	"base/mvdm/oemuni/file.c"	"a3184eb571d6822577b52849e2da3955689899ecc6dfd9df100ff3f3636be5df"	"354"	"MoveFileExOem"	"NT_SUCCESS"	"direct-named-call"	"T294 records direct outgoing expression only; a later degree may inspect the callee body"
"MVDM-SECOND-CANDIDATE-000415"	"MVDM-FIRST-DEFINITION-000033"	"base/mvdm/oemuni/file.c"	"a3184eb571d6822577b52849e2da3955689899ecc6dfd9df100ff3f3636be5df"	"355"	"MoveFileExOem"	"BaseSetLastNTError"	"direct-named-call"	"T294 records direct outgoing expression only; a later degree may inspect the callee body"
"MVDM-SECOND-CANDIDATE-000416"	"MVDM-FIRST-DEFINITION-000033"	"base/mvdm/oemuni/file.c"	"a3184eb571d6822577b52849e2da3955689899ecc6dfd9df100ff3f3636be5df"	"363"	"MoveFileExOem"	"MoveFileExW"	"direct-named-call"	"T294 records direct outgoing expression only; a later degree may inspect the callee body"
"MVDM-SECOND-CANDIDATE-000417"	"MVDM-FIRST-DEFINITION-000033"	"base/mvdm/oemuni/file.c"	"a3184eb571d6822577b52849e2da3955689899ecc6dfd9df100ff3f3636be5df"	"368"	"MoveFileExOem"	"RtlFreeUnicodeString"	"direct-named-call"	"T294 records direct outgoing expression only; a later degree may inspect the callee body"
"MVDM-SECOND-CANDIDATE-000418"	"MVDM-FIRST-DEFINITION-000034"	"base/mvdm/oemuni/file.c"	"a3184eb571d6822577b52849e2da3955689899ecc6dfd9df100ff3f3636be5df"	"277"	"MoveFileOem"	"NtCurrentTeb"	"direct-named-call"	"T294 records direct outgoing expression only; a later degree may inspect the callee body"
"MVDM-SECOND-CANDIDATE-000419"	"MVDM-FIRST-DEFINITION-000034"	"base/mvdm/oemuni/file.c"	"a3184eb571d6822577b52849e2da3955689899ecc6dfd9df100ff3f3636be5df"	"278"	"MoveFileOem"	"InitOemString"	"direct-named-call"	"T294 records direct outgoing expression only; a later degree may inspect the callee body"
"MVDM-SECOND-CANDIDATE-000420"	"MVDM-FIRST-DEFINITION-000034"	"base/mvdm/oemuni/file.c"	"a3184eb571d6822577b52849e2da3955689899ecc6dfd9df100ff3f3636be5df"	"279"	"MoveFileOem"	"RtlOemStringToUnicodeString"	"direct-named-call"	"T294 records direct outgoing expression only; a later degree may inspect the callee body"
"MVDM-SECOND-CANDIDATE-000421"	"MVDM-FIRST-DEFINITION-000034"	"base/mvdm/oemuni/file.c"	"a3184eb571d6822577b52849e2da3955689899ecc6dfd9df100ff3f3636be5df"	"280"	"MoveFileOem"	"NT_SUCCESS"	"direct-named-call"	"T294 records direct outgoing expression only; a later degree may inspect the callee body"
"MVDM-SECOND-CANDIDATE-000422"	"MVDM-FIRST-DEFINITION-000034"	"base/mvdm/oemuni/file.c"	"a3184eb571d6822577b52849e2da3955689899ecc6dfd9df100ff3f3636be5df"	"282"	"MoveFileOem"	"SetLastError"	"direct-named-call"	"T294 records direct outgoing expression only; a later degree may inspect the callee body"
"MVDM-SECOND-CANDIDATE-000423"	"MVDM-FIRST-DEFINITION-000034"	"base/mvdm/oemuni/file.c"	"a3184eb571d6822577b52849e2da3955689899ecc6dfd9df100ff3f3636be5df"	"285"	"MoveFileOem"	"BaseSetLastNTError"	"direct-named-call"	"T294 records direct outgoing expression only; a later degree may inspect the callee body"
"MVDM-SECOND-CANDIDATE-000424"	"MVDM-FIRST-DEFINITION-000034"	"base/mvdm/oemuni/file.c"	"a3184eb571d6822577b52849e2da3955689899ecc6dfd9df100ff3f3636be5df"	"290"	"MoveFileOem"	"ARGUMENT_PRESENT"	"direct-named-call"	"T294 records direct outgoing expression only; a later degree may inspect the callee body"
"MVDM-SECOND-CANDIDATE-000425"	"MVDM-FIRST-DEFINITION-000034"	"base/mvdm/oemuni/file.c"	"a3184eb571d6822577b52849e2da3955689899ecc6dfd9df100ff3f3636be5df"	"291"	"MoveFileOem"	"InitOemString"	"direct-named-call"	"T294 records direct outgoing expression only; a later degree may inspect the callee body"
"MVDM-SECOND-CANDIDATE-000426"	"MVDM-FIRST-DEFINITION-000034"	"base/mvdm/oemuni/file.c"	"a3184eb571d6822577b52849e2da3955689899ecc6dfd9df100ff3f3636be5df"	"292"	"MoveFileOem"	"RtlOemStringToUnicodeString"	"direct-named-call"	"T294 records direct outgoing expression only; a later degree may inspect the callee body"
"MVDM-SECOND-CANDIDATE-000427"	"MVDM-FIRST-DEFINITION-000034"	"base/mvdm/oemuni/file.c"	"a3184eb571d6822577b52849e2da3955689899ecc6dfd9df100ff3f3636be5df"	"293"	"MoveFileOem"	"NT_SUCCESS"	"direct-named-call"	"T294 records direct outgoing expression only; a later degree may inspect the callee body"
"MVDM-SECOND-CANDIDATE-000428"	"MVDM-FIRST-DEFINITION-000034"	"base/mvdm/oemuni/file.c"	"a3184eb571d6822577b52849e2da3955689899ecc6dfd9df100ff3f3636be5df"	"294"	"MoveFileOem"	"BaseSetLastNTError"	"direct-named-call"	"T294 records direct outgoing expression only; a later degree may inspect the callee body"
"MVDM-SECOND-CANDIDATE-000429"	"MVDM-FIRST-DEFINITION-000034"	"base/mvdm/oemuni/file.c"	"a3184eb571d6822577b52849e2da3955689899ecc6dfd9df100ff3f3636be5df"	"302"	"MoveFileOem"	"MoveFileExW"	"direct-named-call"	"T294 records direct outgoing expression only; a later degree may inspect the callee body"
"MVDM-SECOND-CANDIDATE-000430"	"MVDM-FIRST-DEFINITION-000034"	"base/mvdm/oemuni/file.c"	"a3184eb571d6822577b52849e2da3955689899ecc6dfd9df100ff3f3636be5df"	"307"	"MoveFileOem"	"RtlFreeUnicodeString"	"direct-named-call"	"T294 records direct outgoing expression only; a later degree may inspect the callee body"
"MVDM-SECOND-CANDIDATE-000431"	"MVDM-FIRST-DEFINITION-000035"	"base/mvdm/oemuni/file.c"	"a3184eb571d6822577b52849e2da3955689899ecc6dfd9df100ff3f3636be5df"	"1020"	"OutputDebugStringOem"	"InitOemString"	"direct-named-call"	"T294 records direct outgoing expression only; a later degree may inspect the callee body"
"MVDM-SECOND-CANDIDATE-000432"	"MVDM-FIRST-DEFINITION-000035"	"base/mvdm/oemuni/file.c"	"a3184eb571d6822577b52849e2da3955689899ecc6dfd9df100ff3f3636be5df"	"1021"	"OutputDebugStringOem"	"RtlOemStringToUnicodeString"	"direct-named-call"	"T294 records direct outgoing expression only; a later degree may inspect the callee body"
"MVDM-SECOND-CANDIDATE-000433"	"MVDM-FIRST-DEFINITION-000035"	"base/mvdm/oemuni/file.c"	"a3184eb571d6822577b52849e2da3955689899ecc6dfd9df100ff3f3636be5df"	"1022"	"OutputDebugStringOem"	"NT_SUCCESS"	"direct-named-call"	"T294 records direct outgoing expression only; a later degree may inspect the callee body"
"MVDM-SECOND-CANDIDATE-000434"	"MVDM-FIRST-DEFINITION-000035"	"base/mvdm/oemuni/file.c"	"a3184eb571d6822577b52849e2da3955689899ecc6dfd9df100ff3f3636be5df"	"1026"	"OutputDebugStringOem"	"RtlUnicodeStringToAnsiString"	"direct-named-call"	"T294 records direct outgoing expression only; a later degree may inspect the callee body"
"MVDM-SECOND-CANDIDATE-000435"	"MVDM-FIRST-DEFINITION-000035"	"base/mvdm/oemuni/file.c"	"a3184eb571d6822577b52849e2da3955689899ecc6dfd9df100ff3f3636be5df"	"1027"	"OutputDebugStringOem"	"NT_SUCCESS"	"direct-named-call"	"T294 records direct outgoing expression only; a later degree may inspect the callee body"
"MVDM-SECOND-CANDIDATE-000436"	"MVDM-FIRST-DEFINITION-000035"	"base/mvdm/oemuni/file.c"	"a3184eb571d6822577b52849e2da3955689899ecc6dfd9df100ff3f3636be5df"	"1031"	"OutputDebugStringOem"	"OutputDebugStringA"	"direct-named-call"	"T294 records direct outgoing expression only; a later degree may inspect the callee body"
"MVDM-SECOND-CANDIDATE-000437"	"MVDM-FIRST-DEFINITION-000035"	"base/mvdm/oemuni/file.c"	"a3184eb571d6822577b52849e2da3955689899ecc6dfd9df100ff3f3636be5df"	"1037"	"OutputDebugStringOem"	"RtlFreeUnicodeString"	"direct-named-call"	"T294 records direct outgoing expression only; a later degree may inspect the callee body"
"MVDM-SECOND-CANDIDATE-000438"	"MVDM-FIRST-DEFINITION-000035"	"base/mvdm/oemuni/file.c"	"a3184eb571d6822577b52849e2da3955689899ecc6dfd9df100ff3f3636be5df"	"1040"	"OutputDebugStringOem"	"RtlFreeAnsiString"	"direct-named-call"	"T294 records direct outgoing expression only; a later degree may inspect the callee body"
"MVDM-SECOND-CANDIDATE-000439"	"MVDM-FIRST-DEFINITION-000036"	"base/mvdm/softpc.new/base/keymouse/keyba.c"	"d3326210be154866924ca99f1e44e0a76e9a912e15975305804f6b59c4cf7953"	"1441"	"RaiseAllDownKeys"	"host_key_up"	"direct-named-call"	"T294 records direct outgoing expression only; a later degree may inspect the callee body"
"MVDM-SECOND-CANDIDATE-000440"	"MVDM-FIRST-DEFINITION-000037"	"base/win32/client/vdm.c"	"3f03d0dbb08e0163f2d9cf415daad0981e42e1b1855f6f48a3b59022b7374173"	"1040"	"RegisterWowExec"	"CsrClientCallServer"	"direct-named-call"	"T294 records direct outgoing expression only; a later degree may inspect the callee body"
"MVDM-SECOND-CANDIDATE-000441"	"MVDM-FIRST-DEFINITION-000037"	"base/win32/client/vdm.c"	"3f03d0dbb08e0163f2d9cf415daad0981e42e1b1855f6f48a3b59022b7374173"	"1042"	"RegisterWowExec"	"CSR_MAKE_API_NUMBER"	"direct-named-call"	"T294 records direct outgoing expression only; a later degree may inspect the callee body"
"MVDM-SECOND-CANDIDATE-000442"	"MVDM-FIRST-DEFINITION-000038"	"base/mvdm/oemuni/file.c"	"a3184eb571d6822577b52849e2da3955689899ecc6dfd9df100ff3f3636be5df"	"735"	"RemoveDirectoryOem"	"NtCurrentTeb"	"direct-named-call"	"T294 records direct outgoing expression only; a later degree may inspect the callee body"
"MVDM-SECOND-CANDIDATE-000443"	"MVDM-FIRST-DEFINITION-000038"	"base/mvdm/oemuni/file.c"	"a3184eb571d6822577b52849e2da3955689899ecc6dfd9df100ff3f3636be5df"	"736"	"RemoveDirectoryOem"	"InitOemString"	"direct-named-call"	"T294 records direct outgoing expression only; a later degree may inspect the callee body"
"MVDM-SECOND-CANDIDATE-000444"	"MVDM-FIRST-DEFINITION-000038"	"base/mvdm/oemuni/file.c"	"a3184eb571d6822577b52849e2da3955689899ecc6dfd9df100ff3f3636be5df"	"737"	"RemoveDirectoryOem"	"RtlOemStringToUnicodeString"	"direct-named-call"	"T294 records direct outgoing expression only; a later degree may inspect the callee body"
"MVDM-SECOND-CANDIDATE-000445"	"MVDM-FIRST-DEFINITION-000038"	"base/mvdm/oemuni/file.c"	"a3184eb571d6822577b52849e2da3955689899ecc6dfd9df100ff3f3636be5df"	"738"	"RemoveDirectoryOem"	"NT_SUCCESS"	"direct-named-call"	"T294 records direct outgoing expression only; a later degree may inspect the callee body"
"MVDM-SECOND-CANDIDATE-000446"	"MVDM-FIRST-DEFINITION-000038"	"base/mvdm/oemuni/file.c"	"a3184eb571d6822577b52849e2da3955689899ecc6dfd9df100ff3f3636be5df"	"740"	"RemoveDirectoryOem"	"SetLastError"	"direct-named-call"	"T294 records direct outgoing expression only; a later degree may inspect the callee body"
"MVDM-SECOND-CANDIDATE-000447"	"MVDM-FIRST-DEFINITION-000038"	"base/mvdm/oemuni/file.c"	"a3184eb571d6822577b52849e2da3955689899ecc6dfd9df100ff3f3636be5df"	"743"	"RemoveDirectoryOem"	"BaseSetLastNTError"	"direct-named-call"	"T294 records direct outgoing expression only; a later degree may inspect the callee body"
"MVDM-SECOND-CANDIDATE-000448"	"MVDM-FIRST-DEFINITION-000038"	"base/mvdm/oemuni/file.c"	"a3184eb571d6822577b52849e2da3955689899ecc6dfd9df100ff3f3636be5df"	"747"	"RemoveDirectoryOem"	"RemoveDirectoryW"	"direct-named-call"	"T294 records direct outgoing expression only; a later degree may inspect the callee body"
"MVDM-SECOND-CANDIDATE-000449"	"MVDM-FIRST-DEFINITION-000039"	"base/mvdm/oemuni/file.c"	"a3184eb571d6822577b52849e2da3955689899ecc6dfd9df100ff3f3636be5df"	"1125"	"RemoveFontResourceOem"	"NtCurrentTeb"	"direct-named-call"	"T294 records direct outgoing expression only; a later degree may inspect the callee body"
"MVDM-SECOND-CANDIDATE-000450"	"MVDM-FIRST-DEFINITION-000039"	"base/mvdm/oemuni/file.c"	"a3184eb571d6822577b52849e2da3955689899ecc6dfd9df100ff3f3636be5df"	"1126"	"RemoveFontResourceOem"	"InitOemString"	"direct-named-call"	"T294 records direct outgoing expression only; a later degree may inspect the callee body"
"MVDM-SECOND-CANDIDATE-000451"	"MVDM-FIRST-DEFINITION-000039"	"base/mvdm/oemuni/file.c"	"a3184eb571d6822577b52849e2da3955689899ecc6dfd9df100ff3f3636be5df"	"1127"	"RemoveFontResourceOem"	"RtlOemStringToUnicodeString"	"direct-named-call"	"T294 records direct outgoing expression only; a later degree may inspect the callee body"
"MVDM-SECOND-CANDIDATE-000452"	"MVDM-FIRST-DEFINITION-000039"	"base/mvdm/oemuni/file.c"	"a3184eb571d6822577b52849e2da3955689899ecc6dfd9df100ff3f3636be5df"	"1128"	"RemoveFontResourceOem"	"NT_SUCCESS"	"direct-named-call"	"T294 records direct outgoing expression only; a later degree may inspect the callee body"
"MVDM-SECOND-CANDIDATE-000453"	"MVDM-FIRST-DEFINITION-000039"	"base/mvdm/oemuni/file.c"	"a3184eb571d6822577b52849e2da3955689899ecc6dfd9df100ff3f3636be5df"	"1130"	"RemoveFontResourceOem"	"SetLastError"	"direct-named-call"	"T294 records direct outgoing expression only; a later degree may inspect the callee body"
"MVDM-SECOND-CANDIDATE-000454"	"MVDM-FIRST-DEFINITION-000039"	"base/mvdm/oemuni/file.c"	"a3184eb571d6822577b52849e2da3955689899ecc6dfd9df100ff3f3636be5df"	"1133"	"RemoveFontResourceOem"	"BaseSetLastNTError"	"direct-named-call"	"T294 records direct outgoing expression only; a later degree may inspect the callee body"
"MVDM-SECOND-CANDIDATE-000455"	"MVDM-FIRST-DEFINITION-000039"	"base/mvdm/oemuni/file.c"	"a3184eb571d6822577b52849e2da3955689899ecc6dfd9df100ff3f3636be5df"	"1137"	"RemoveFontResourceOem"	"RemoveFontResourceW"	"direct-named-call"	"T294 records direct outgoing expression only; a later degree may inspect the callee body"
"MVDM-SECOND-CANDIDATE-000456"	"MVDM-FIRST-DEFINITION-000040"	"base/mvdm/suballoc/suballoc.c"	"b06496e16d551f2bbac37d896b61857c6569eda8c98fb3d26dbf574e594148e0"	"228"	"SAAllocate"	"ASSERT_SUBALLOC"	"direct-named-call"	"T294 records direct outgoing expression only; a later degree may inspect the callee body"
"MVDM-SECOND-CANDIDATE-000457"	"MVDM-FIRST-DEFINITION-000040"	"base/mvdm/suballoc/suballoc.c"	"b06496e16d551f2bbac37d896b61857c6569eda8c98fb3d26dbf574e594148e0"	"233"	"SAAllocate"	"ALLOC_ROUND"	"direct-named-call"	"T294 records direct outgoing expression only; a later degree may inspect the callee body"
"MVDM-SECOND-CANDIDATE-000458"	"MVDM-FIRST-DEFINITION-000040"	"base/mvdm/suballoc/suballoc.c"	"b06496e16d551f2bbac37d896b61857c6569eda8c98fb3d26dbf574e594148e0"	"248"	"SAAllocate"	"GET_BIT_FROM_CHAR_ARRAY"	"direct-named-call"	"T294 records direct outgoing expression only; a later degree may inspect the callee body"
"MVDM-SECOND-CANDIDATE-000459"	"MVDM-FIRST-DEFINITION-000040"	"base/mvdm/suballoc/suballoc.c"	"b06496e16d551f2bbac37d896b61857c6569eda8c98fb3d26dbf574e594148e0"	"276"	"SAAllocate"	"GET_BIT_FROM_CHAR_ARRAY"	"direct-named-call"	"T294 records direct outgoing expression only; a later degree may inspect the callee body"
"MVDM-SECOND-CANDIDATE-000460"	"MVDM-FIRST-DEFINITION-000040"	"base/mvdm/suballoc/suballoc.c"	"b06496e16d551f2bbac37d896b61857c6569eda8c98fb3d26dbf574e594148e0"	"313"	"SAAllocate"	"AllocateChunkAt"	"direct-named-call"	"T294 records direct outgoing expression only; a later degree may inspect the callee body"
"MVDM-SECOND-CANDIDATE-000461"	"MVDM-FIRST-DEFINITION-000040"	"base/mvdm/suballoc/suballoc.c"	"b06496e16d551f2bbac37d896b61857c6569eda8c98fb3d26dbf574e594148e0"	"324"	"SAAllocate"	"BLOCK_INDEX_TO_ADDRESS"	"direct-named-call"	"T294 records direct outgoing expression only; a later degree may inspect the callee body"
"MVDM-SECOND-CANDIDATE-000462"	"MVDM-FIRST-DEFINITION-000040"	"base/mvdm/suballoc/suballoc.c"	"b06496e16d551f2bbac37d896b61857c6569eda8c98fb3d26dbf574e594148e0"	"326"	"SAAllocate"	"ASSERT"	"direct-named-call"	"T294 records direct outgoing expression only; a later degree may inspect the callee body"
"MVDM-SECOND-CANDIDATE-000463"	"MVDM-FIRST-DEFINITION-000040"	"base/mvdm/suballoc/suballoc.c"	"b06496e16d551f2bbac37d896b61857c6569eda8c98fb3d26dbf574e594148e0"	"333"	"SAAllocate"	"sprintf"	"direct-named-call"	"T294 records direct outgoing expression only; a later degree may inspect the callee body"
"MVDM-SECOND-CANDIDATE-000464"	"MVDM-FIRST-DEFINITION-000040"	"base/mvdm/suballoc/suballoc.c"	"b06496e16d551f2bbac37d896b61857c6569eda8c98fb3d26dbf574e594148e0"	"334"	"SAAllocate"	"OutputDebugString"	"direct-named-call"	"T294 records direct outgoing expression only; a later degree may inspect the callee body"
"MVDM-SECOND-CANDIDATE-000465"	"MVDM-FIRST-DEFINITION-000041"	"base/mvdm/suballoc/suballoc.c"	"b06496e16d551f2bbac37d896b61857c6569eda8c98fb3d26dbf574e594148e0"	"383"	"SAFree"	"ASSERT_SUBALLOC"	"direct-named-call"	"T294 records direct outgoing expression only; a later degree may inspect the callee body"
"MVDM-SECOND-CANDIDATE-000466"	"MVDM-FIRST-DEFINITION-000041"	"base/mvdm/suballoc/suballoc.c"	"b06496e16d551f2bbac37d896b61857c6569eda8c98fb3d26dbf574e594148e0"	"400"	"SAFree"	"ADDRESS_TO_BLOCK_INDEX"	"direct-named-call"	"T294 records direct outgoing expression only; a later degree may inspect the callee body"
"MVDM-SECOND-CANDIDATE-000467"	"MVDM-FIRST-DEFINITION-000041"	"base/mvdm/suballoc/suballoc.c"	"b06496e16d551f2bbac37d896b61857c6569eda8c98fb3d26dbf574e594148e0"	"405"	"SAFree"	"ALLOC_ROUND"	"direct-named-call"	"T294 records direct outgoing expression only; a later degree may inspect the callee body"
"MVDM-SECOND-CANDIDATE-000468"	"MVDM-FIRST-DEFINITION-000041"	"base/mvdm/suballoc/suballoc.c"	"b06496e16d551f2bbac37d896b61857c6569eda8c98fb3d26dbf574e594148e0"	"407"	"SAFree"	"FreeChunk"	"direct-named-call"	"T294 records direct outgoing expression only; a later degree may inspect the callee body"
"MVDM-SECOND-CANDIDATE-000469"	"MVDM-FIRST-DEFINITION-000042"	"base/mvdm/suballoc/suballoc.c"	"b06496e16d551f2bbac37d896b61857c6569eda8c98fb3d26dbf574e594148e0"	"73"	"SAInitialize"	"ASSERT"	"direct-named-call"	"T294 records direct outgoing expression only; a later degree may inspect the callee body"
"MVDM-SECOND-CANDIDATE-000470"	"MVDM-FIRST-DEFINITION-000042"	"base/mvdm/suballoc/suballoc.c"	"b06496e16d551f2bbac37d896b61857c6569eda8c98fb3d26dbf574e594148e0"	"85"	"SAInitialize"	"malloc"	"direct-named-call"	"T294 records direct outgoing expression only; a later degree may inspect the callee body"
"MVDM-SECOND-CANDIDATE-000471"	"MVDM-FIRST-DEFINITION-000042"	"base/mvdm/suballoc/suballoc.c"	"b06496e16d551f2bbac37d896b61857c6569eda8c98fb3d26dbf574e594148e0"	"94"	"SAInitialize"	"RtlZeroMemory"	"direct-named-call"	"T294 records direct outgoing expression only; a later degree may inspect the callee body"
"MVDM-SECOND-CANDIDATE-000472"	"MVDM-FIRST-DEFINITION-000042"	"base/mvdm/suballoc/suballoc.c"	"b06496e16d551f2bbac37d896b61857c6569eda8c98fb3d26dbf574e594148e0"	"96"	"SAInitialize"	"INIT_SUBALLOC_SIGNATURE"	"direct-named-call"	"T294 records direct outgoing expression only; a later degree may inspect the callee body"
"MVDM-SECOND-CANDIDATE-000473"	"MVDM-FIRST-DEFINITION-000043"	"base/mvdm/suballoc/suballoc.c"	"b06496e16d551f2bbac37d896b61857c6569eda8c98fb3d26dbf574e594148e0"	"145"	"SAQueryFree"	"ASSERT_SUBALLOC"	"direct-named-call"	"T294 records direct outgoing expression only; a later degree may inspect the callee body"
"MVDM-SECOND-CANDIDATE-000474"	"MVDM-FIRST-DEFINITION-000043"	"base/mvdm/suballoc/suballoc.c"	"b06496e16d551f2bbac37d896b61857c6569eda8c98fb3d26dbf574e594148e0"	"158"	"SAQueryFree"	"GET_BIT_FROM_CHAR_ARRAY"	"direct-named-call"	"T294 records direct outgoing expression only; a later degree may inspect the callee body"
"MVDM-SECOND-CANDIDATE-000475"	"MVDM-FIRST-DEFINITION-000043"	"base/mvdm/suballoc/suballoc.c"	"b06496e16d551f2bbac37d896b61857c6569eda8c98fb3d26dbf574e594148e0"	"174"	"SAQueryFree"	"GET_BIT_FROM_CHAR_ARRAY"	"direct-named-call"	"T294 records direct outgoing expression only; a later degree may inspect the callee body"
"MVDM-SECOND-CANDIDATE-000476"	"MVDM-FIRST-DEFINITION-000044"	"base/mvdm/suballoc/suballoc.c"	"b06496e16d551f2bbac37d896b61857c6569eda8c98fb3d26dbf574e594148e0"	"474"	"SAReallocate"	"ASSERT_SUBALLOC"	"direct-named-call"	"T294 records direct outgoing expression only; a later degree may inspect the callee body"
"MVDM-SECOND-CANDIDATE-000477"	"MVDM-FIRST-DEFINITION-000044"	"base/mvdm/suballoc/suballoc.c"	"b06496e16d551f2bbac37d896b61857c6569eda8c98fb3d26dbf574e594148e0"	"479"	"SAReallocate"	"ALLOC_ROUND"	"direct-named-call"	"T294 records direct outgoing expression only; a later degree may inspect the callee body"
"MVDM-SECOND-CANDIDATE-000478"	"MVDM-FIRST-DEFINITION-000044"	"base/mvdm/suballoc/suballoc.c"	"b06496e16d551f2bbac37d896b61857c6569eda8c98fb3d26dbf574e594148e0"	"480"	"SAReallocate"	"ALLOC_ROUND"	"direct-named-call"	"T294 records direct outgoing expression only; a later degree may inspect the callee body"
"MVDM-SECOND-CANDIDATE-000479"	"MVDM-FIRST-DEFINITION-000044"	"base/mvdm/suballoc/suballoc.c"	"b06496e16d551f2bbac37d896b61857c6569eda8c98fb3d26dbf574e594148e0"	"481"	"SAReallocate"	"ADDRESS_TO_BLOCK_INDEX"	"direct-named-call"	"T294 records direct outgoing expression only; a later degree may inspect the callee body"
"MVDM-SECOND-CANDIDATE-000480"	"MVDM-FIRST-DEFINITION-000044"	"base/mvdm/suballoc/suballoc.c"	"b06496e16d551f2bbac37d896b61857c6569eda8c98fb3d26dbf574e594148e0"	"503"	"SAReallocate"	"FreeChunk"	"direct-named-call"	"T294 records direct outgoing expression only; a later degree may inspect the callee body"
"MVDM-SECOND-CANDIDATE-000481"	"MVDM-FIRST-DEFINITION-000044"	"base/mvdm/suballoc/suballoc.c"	"b06496e16d551f2bbac37d896b61857c6569eda8c98fb3d26dbf574e594148e0"	"522"	"SAReallocate"	"AllocateChunkAt"	"direct-named-call"	"T294 records direct outgoing expression only; a later degree may inspect the callee body"
"MVDM-SECOND-CANDIDATE-000482"	"MVDM-FIRST-DEFINITION-000044"	"base/mvdm/suballoc/suballoc.c"	"b06496e16d551f2bbac37d896b61857c6569eda8c98fb3d26dbf574e594148e0"	"540"	"SAReallocate"	"AllocateChunkAt"	"direct-named-call"	"T294 records direct outgoing expression only; a later degree may inspect the callee body"
"MVDM-SECOND-CANDIDATE-000483"	"MVDM-FIRST-DEFINITION-000044"	"base/mvdm/suballoc/suballoc.c"	"b06496e16d551f2bbac37d896b61857c6569eda8c98fb3d26dbf574e594148e0"	"558"	"SAReallocate"	"MoveMemRoutine"	"direct-named-call"	"T294 records direct outgoing expression only; a later degree may inspect the callee body"
"MVDM-SECOND-CANDIDATE-000484"	"MVDM-FIRST-DEFINITION-000044"	"base/mvdm/suballoc/suballoc.c"	"b06496e16d551f2bbac37d896b61857c6569eda8c98fb3d26dbf574e594148e0"	"559"	"SAReallocate"	"BLOCK_INDEX_TO_ADDRESS"	"direct-named-call"	"T294 records direct outgoing expression only; a later degree may inspect the callee body"
"MVDM-SECOND-CANDIDATE-000485"	"MVDM-FIRST-DEFINITION-000044"	"base/mvdm/suballoc/suballoc.c"	"b06496e16d551f2bbac37d896b61857c6569eda8c98fb3d26dbf574e594148e0"	"567"	"SAReallocate"	"BLOCK_INDEX_TO_ADDRESS"	"direct-named-call"	"T294 records direct outgoing expression only; a later degree may inspect the callee body"
"MVDM-SECOND-CANDIDATE-000486"	"MVDM-FIRST-DEFINITION-000044"	"base/mvdm/suballoc/suballoc.c"	"b06496e16d551f2bbac37d896b61857c6569eda8c98fb3d26dbf574e594148e0"	"591"	"SAReallocate"	"MoveMemRoutine"	"direct-named-call"	"T294 records direct outgoing expression only; a later degree may inspect the callee body"
"MVDM-SECOND-CANDIDATE-000487"	"MVDM-FIRST-DEFINITION-000045"	"base/mvdm/oemuni/process.c"	"38c9125f9f3c43f32f696616e565e63b8f056da7ec264d980a5e5278cc640468"	"147"	"SearchPathOem"	"ARGUMENT_PRESENT"	"direct-named-call"	"T294 records direct outgoing expression only; a later degree may inspect the callee body"
"MVDM-SECOND-CANDIDATE-000488"	"MVDM-FIRST-DEFINITION-000045"	"base/mvdm/oemuni/process.c"	"38c9125f9f3c43f32f696616e565e63b8f056da7ec264d980a5e5278cc640468"	"154"	"SearchPathOem"	"NtCurrentTeb"	"direct-named-call"	"T294 records direct outgoing expression only; a later degree may inspect the callee body"
"MVDM-SECOND-CANDIDATE-000489"	"MVDM-FIRST-DEFINITION-000045"	"base/mvdm/oemuni/process.c"	"38c9125f9f3c43f32f696616e565e63b8f056da7ec264d980a5e5278cc640468"	"155"	"SearchPathOem"	"InitOemString"	"direct-named-call"	"T294 records direct outgoing expression only; a later degree may inspect the callee body"
"MVDM-SECOND-CANDIDATE-000490"	"MVDM-FIRST-DEFINITION-000045"	"base/mvdm/oemuni/process.c"	"38c9125f9f3c43f32f696616e565e63b8f056da7ec264d980a5e5278cc640468"	"157"	"SearchPathOem"	"RtlOemStringToUnicodeString"	"direct-named-call"	"T294 records direct outgoing expression only; a later degree may inspect the callee body"
"MVDM-SECOND-CANDIDATE-000491"	"MVDM-FIRST-DEFINITION-000045"	"base/mvdm/oemuni/process.c"	"38c9125f9f3c43f32f696616e565e63b8f056da7ec264d980a5e5278cc640468"	"158"	"SearchPathOem"	"NT_SUCCESS"	"direct-named-call"	"T294 records direct outgoing expression only; a later degree may inspect the callee body"
"MVDM-SECOND-CANDIDATE-000492"	"MVDM-FIRST-DEFINITION-000045"	"base/mvdm/oemuni/process.c"	"38c9125f9f3c43f32f696616e565e63b8f056da7ec264d980a5e5278cc640468"	"160"	"SearchPathOem"	"SetLastError"	"direct-named-call"	"T294 records direct outgoing expression only; a later degree may inspect the callee body"
"MVDM-SECOND-CANDIDATE-000493"	"MVDM-FIRST-DEFINITION-000045"	"base/mvdm/oemuni/process.c"	"38c9125f9f3c43f32f696616e565e63b8f056da7ec264d980a5e5278cc640468"	"163"	"SearchPathOem"	"BaseSetLastNTError"	"direct-named-call"	"T294 records direct outgoing expression only; a later degree may inspect the callee body"
"MVDM-SECOND-CANDIDATE-000494"	"MVDM-FIRST-DEFINITION-000045"	"base/mvdm/oemuni/process.c"	"38c9125f9f3c43f32f696616e565e63b8f056da7ec264d980a5e5278cc640468"	"168"	"SearchPathOem"	"ARGUMENT_PRESENT"	"direct-named-call"	"T294 records direct outgoing expression only; a later degree may inspect the callee body"
"MVDM-SECOND-CANDIDATE-000495"	"MVDM-FIRST-DEFINITION-000045"	"base/mvdm/oemuni/process.c"	"38c9125f9f3c43f32f696616e565e63b8f056da7ec264d980a5e5278cc640468"	"169"	"SearchPathOem"	"InitOemString"	"direct-named-call"	"T294 records direct outgoing expression only; a later degree may inspect the callee body"
"MVDM-SECOND-CANDIDATE-000496"	"MVDM-FIRST-DEFINITION-000045"	"base/mvdm/oemuni/process.c"	"38c9125f9f3c43f32f696616e565e63b8f056da7ec264d980a5e5278cc640468"	"170"	"SearchPathOem"	"RtlOemStringToUnicodeString"	"direct-named-call"	"T294 records direct outgoing expression only; a later degree may inspect the callee body"
"MVDM-SECOND-CANDIDATE-000497"	"MVDM-FIRST-DEFINITION-000045"	"base/mvdm/oemuni/process.c"	"38c9125f9f3c43f32f696616e565e63b8f056da7ec264d980a5e5278cc640468"	"171"	"SearchPathOem"	"NT_SUCCESS"	"direct-named-call"	"T294 records direct outgoing expression only; a later degree may inspect the callee body"
"MVDM-SECOND-CANDIDATE-000498"	"MVDM-FIRST-DEFINITION-000045"	"base/mvdm/oemuni/process.c"	"38c9125f9f3c43f32f696616e565e63b8f056da7ec264d980a5e5278cc640468"	"172"	"SearchPathOem"	"BaseSetLastNTError"	"direct-named-call"	"T294 records direct outgoing expression only; a later degree may inspect the callee body"
"MVDM-SECOND-CANDIDATE-000499"	"MVDM-FIRST-DEFINITION-000045"	"base/mvdm/oemuni/process.c"	"38c9125f9f3c43f32f696616e565e63b8f056da7ec264d980a5e5278cc640468"	"180"	"SearchPathOem"	"ARGUMENT_PRESENT"	"direct-named-call"	"T294 records direct outgoing expression only; a later degree may inspect the callee body"
"MVDM-SECOND-CANDIDATE-000500"	"MVDM-FIRST-DEFINITION-000045"	"base/mvdm/oemuni/process.c"	"38c9125f9f3c43f32f696616e565e63b8f056da7ec264d980a5e5278cc640468"	"181"	"SearchPathOem"	"InitOemString"	"direct-named-call"	"T294 records direct outgoing expression only; a later degree may inspect the callee body"
"MVDM-SECOND-CANDIDATE-000501"	"MVDM-FIRST-DEFINITION-000045"	"base/mvdm/oemuni/process.c"	"38c9125f9f3c43f32f696616e565e63b8f056da7ec264d980a5e5278cc640468"	"182"	"SearchPathOem"	"RtlOemStringToUnicodeString"	"direct-named-call"	"T294 records direct outgoing expression only; a later degree may inspect the callee body"
"MVDM-SECOND-CANDIDATE-000502"	"MVDM-FIRST-DEFINITION-000045"	"base/mvdm/oemuni/process.c"	"38c9125f9f3c43f32f696616e565e63b8f056da7ec264d980a5e5278cc640468"	"183"	"SearchPathOem"	"NT_SUCCESS"	"direct-named-call"	"T294 records direct outgoing expression only; a later degree may inspect the callee body"
"MVDM-SECOND-CANDIDATE-000503"	"MVDM-FIRST-DEFINITION-000045"	"base/mvdm/oemuni/process.c"	"38c9125f9f3c43f32f696616e565e63b8f056da7ec264d980a5e5278cc640468"	"184"	"SearchPathOem"	"ARGUMENT_PRESENT"	"direct-named-call"	"T294 records direct outgoing expression only; a later degree may inspect the callee body"
"MVDM-SECOND-CANDIDATE-000504"	"MVDM-FIRST-DEFINITION-000045"	"base/mvdm/oemuni/process.c"	"38c9125f9f3c43f32f696616e565e63b8f056da7ec264d980a5e5278cc640468"	"185"	"SearchPathOem"	"RtlFreeUnicodeString"	"direct-named-call"	"T294 records direct outgoing expression only; a later degree may inspect the callee body"
"MVDM-SECOND-CANDIDATE-000505"	"MVDM-FIRST-DEFINITION-000045"	"base/mvdm/oemuni/process.c"	"38c9125f9f3c43f32f696616e565e63b8f056da7ec264d980a5e5278cc640468"	"187"	"SearchPathOem"	"BaseSetLastNTError"	"direct-named-call"	"T294 records direct outgoing expression only; a later degree may inspect the callee body"
"MVDM-SECOND-CANDIDATE-000506"	"MVDM-FIRST-DEFINITION-000045"	"base/mvdm/oemuni/process.c"	"38c9125f9f3c43f32f696616e565e63b8f056da7ec264d980a5e5278cc640468"	"195"	"SearchPathOem"	"RtlAllocateHeap"	"direct-named-call"	"T294 records direct outgoing expression only; a later degree may inspect the callee body"
"MVDM-SECOND-CANDIDATE-000507"	"MVDM-FIRST-DEFINITION-000045"	"base/mvdm/oemuni/process.c"	"38c9125f9f3c43f32f696616e565e63b8f056da7ec264d980a5e5278cc640468"	"195"	"SearchPathOem"	"RtlProcessHeap"	"direct-named-call"	"T294 records direct outgoing expression only; a later degree may inspect the callee body"
"MVDM-SECOND-CANDIDATE-000508"	"MVDM-FIRST-DEFINITION-000045"	"base/mvdm/oemuni/process.c"	"38c9125f9f3c43f32f696616e565e63b8f056da7ec264d980a5e5278cc640468"	"197"	"SearchPathOem"	"BaseSetLastNTError"	"direct-named-call"	"T294 records direct outgoing expression only; a later degree may inspect the callee body"
"MVDM-SECOND-CANDIDATE-000509"	"MVDM-FIRST-DEFINITION-000045"	"base/mvdm/oemuni/process.c"	"38c9125f9f3c43f32f696616e565e63b8f056da7ec264d980a5e5278cc640468"	"200"	"SearchPathOem"	"SearchPathW"	"direct-named-call"	"T294 records direct outgoing expression only; a later degree may inspect the callee body"
"MVDM-SECOND-CANDIDATE-000510"	"MVDM-FIRST-DEFINITION-000045"	"base/mvdm/oemuni/process.c"	"38c9125f9f3c43f32f696616e565e63b8f056da7ec264d980a5e5278cc640468"	"209"	"SearchPathOem"	"RtlInitUnicodeString"	"direct-named-call"	"T294 records direct outgoing expression only; a later degree may inspect the callee body"
"MVDM-SECOND-CANDIDATE-000511"	"MVDM-FIRST-DEFINITION-000045"	"base/mvdm/oemuni/process.c"	"38c9125f9f3c43f32f696616e565e63b8f056da7ec264d980a5e5278cc640468"	"212"	"SearchPathOem"	"RtlUnicodeStringToOemString"	"direct-named-call"	"T294 records direct outgoing expression only; a later degree may inspect the callee body"
"MVDM-SECOND-CANDIDATE-000512"	"MVDM-FIRST-DEFINITION-000045"	"base/mvdm/oemuni/process.c"	"38c9125f9f3c43f32f696616e565e63b8f056da7ec264d980a5e5278cc640468"	"213"	"SearchPathOem"	"NT_SUCCESS"	"direct-named-call"	"T294 records direct outgoing expression only; a later degree may inspect the callee body"
"MVDM-SECOND-CANDIDATE-000513"	"MVDM-FIRST-DEFINITION-000045"	"base/mvdm/oemuni/process.c"	"38c9125f9f3c43f32f696616e565e63b8f056da7ec264d980a5e5278cc640468"	"214"	"SearchPathOem"	"BaseSetLastNTError"	"direct-named-call"	"T294 records direct outgoing expression only; a later degree may inspect the callee body"
"MVDM-SECOND-CANDIDATE-000514"	"MVDM-FIRST-DEFINITION-000045"	"base/mvdm/oemuni/process.c"	"38c9125f9f3c43f32f696616e565e63b8f056da7ec264d980a5e5278cc640468"	"218"	"SearchPathOem"	"ARGUMENT_PRESENT"	"direct-named-call"	"T294 records direct outgoing expression only; a later degree may inspect the callee body"
"MVDM-SECOND-CANDIDATE-000515"	"MVDM-FIRST-DEFINITION-000045"	"base/mvdm/oemuni/process.c"	"38c9125f9f3c43f32f696616e565e63b8f056da7ec264d980a5e5278cc640468"	"230"	"SearchPathOem"	"RtlFreeHeap"	"direct-named-call"	"T294 records direct outgoing expression only; a later degree may inspect the callee body"
"MVDM-SECOND-CANDIDATE-000516"	"MVDM-FIRST-DEFINITION-000045"	"base/mvdm/oemuni/process.c"	"38c9125f9f3c43f32f696616e565e63b8f056da7ec264d980a5e5278cc640468"	"230"	"SearchPathOem"	"RtlProcessHeap"	"direct-named-call"	"T294 records direct outgoing expression only; a later degree may inspect the callee body"
"MVDM-SECOND-CANDIDATE-000517"	"MVDM-FIRST-DEFINITION-000045"	"base/mvdm/oemuni/process.c"	"38c9125f9f3c43f32f696616e565e63b8f056da7ec264d980a5e5278cc640468"	"232"	"SearchPathOem"	"ARGUMENT_PRESENT"	"direct-named-call"	"T294 records direct outgoing expression only; a later degree may inspect the callee body"
"MVDM-SECOND-CANDIDATE-000518"	"MVDM-FIRST-DEFINITION-000045"	"base/mvdm/oemuni/process.c"	"38c9125f9f3c43f32f696616e565e63b8f056da7ec264d980a5e5278cc640468"	"233"	"SearchPathOem"	"RtlFreeUnicodeString"	"direct-named-call"	"T294 records direct outgoing expression only; a later degree may inspect the callee body"
"MVDM-SECOND-CANDIDATE-000519"	"MVDM-FIRST-DEFINITION-000045"	"base/mvdm/oemuni/process.c"	"38c9125f9f3c43f32f696616e565e63b8f056da7ec264d980a5e5278cc640468"	"236"	"SearchPathOem"	"ARGUMENT_PRESENT"	"direct-named-call"	"T294 records direct outgoing expression only; a later degree may inspect the callee body"
"MVDM-SECOND-CANDIDATE-000520"	"MVDM-FIRST-DEFINITION-000045"	"base/mvdm/oemuni/process.c"	"38c9125f9f3c43f32f696616e565e63b8f056da7ec264d980a5e5278cc640468"	"237"	"SearchPathOem"	"RtlFreeUnicodeString"	"direct-named-call"	"T294 records direct outgoing expression only; a later degree may inspect the callee body"
"MVDM-SECOND-CANDIDATE-000521"	"MVDM-FIRST-DEFINITION-000046"	"base/mvdm/oemuni/file.c"	"a3184eb571d6822577b52849e2da3955689899ecc6dfd9df100ff3f3636be5df"	"653"	"SetCurrentDirectoryOem"	"NtCurrentTeb"	"direct-named-call"	"T294 records direct outgoing expression only; a later degree may inspect the callee body"
"MVDM-SECOND-CANDIDATE-000522"	"MVDM-FIRST-DEFINITION-000046"	"base/mvdm/oemuni/file.c"	"a3184eb571d6822577b52849e2da3955689899ecc6dfd9df100ff3f3636be5df"	"654"	"SetCurrentDirectoryOem"	"InitOemString"	"direct-named-call"	"T294 records direct outgoing expression only; a later degree may inspect the callee body"
"MVDM-SECOND-CANDIDATE-000523"	"MVDM-FIRST-DEFINITION-000046"	"base/mvdm/oemuni/file.c"	"a3184eb571d6822577b52849e2da3955689899ecc6dfd9df100ff3f3636be5df"	"655"	"SetCurrentDirectoryOem"	"RtlOemStringToUnicodeString"	"direct-named-call"	"T294 records direct outgoing expression only; a later degree may inspect the callee body"
"MVDM-SECOND-CANDIDATE-000524"	"MVDM-FIRST-DEFINITION-000046"	"base/mvdm/oemuni/file.c"	"a3184eb571d6822577b52849e2da3955689899ecc6dfd9df100ff3f3636be5df"	"656"	"SetCurrentDirectoryOem"	"NT_SUCCESS"	"direct-named-call"	"T294 records direct outgoing expression only; a later degree may inspect the callee body"
"MVDM-SECOND-CANDIDATE-000525"	"MVDM-FIRST-DEFINITION-000046"	"base/mvdm/oemuni/file.c"	"a3184eb571d6822577b52849e2da3955689899ecc6dfd9df100ff3f3636be5df"	"658"	"SetCurrentDirectoryOem"	"SetLastError"	"direct-named-call"	"T294 records direct outgoing expression only; a later degree may inspect the callee body"
"MVDM-SECOND-CANDIDATE-000526"	"MVDM-FIRST-DEFINITION-000046"	"base/mvdm/oemuni/file.c"	"a3184eb571d6822577b52849e2da3955689899ecc6dfd9df100ff3f3636be5df"	"661"	"SetCurrentDirectoryOem"	"BaseSetLastNTError"	"direct-named-call"	"T294 records direct outgoing expression only; a later degree may inspect the callee body"
"MVDM-SECOND-CANDIDATE-000527"	"MVDM-FIRST-DEFINITION-000046"	"base/mvdm/oemuni/file.c"	"a3184eb571d6822577b52849e2da3955689899ecc6dfd9df100ff3f3636be5df"	"666"	"SetCurrentDirectoryOem"	"CheckForSameCurdir"	"direct-named-call"	"T294 records direct outgoing expression only; a later degree may inspect the callee body"
"MVDM-SECOND-CANDIDATE-000528"	"MVDM-FIRST-DEFINITION-000046"	"base/mvdm/oemuni/file.c"	"a3184eb571d6822577b52849e2da3955689899ecc6dfd9df100ff3f3636be5df"	"667"	"SetCurrentDirectoryOem"	"RtlSetCurrentDirectory_U"	"direct-named-call"	"T294 records direct outgoing expression only; a later degree may inspect the callee body"
"MVDM-SECOND-CANDIDATE-000529"	"MVDM-FIRST-DEFINITION-000046"	"base/mvdm/oemuni/file.c"	"a3184eb571d6822577b52849e2da3955689899ecc6dfd9df100ff3f3636be5df"	"668"	"SetCurrentDirectoryOem"	"NT_SUCCESS"	"direct-named-call"	"T294 records direct outgoing expression only; a later degree may inspect the callee body"
"MVDM-SECOND-CANDIDATE-000530"	"MVDM-FIRST-DEFINITION-000046"	"base/mvdm/oemuni/file.c"	"a3184eb571d6822577b52849e2da3955689899ecc6dfd9df100ff3f3636be5df"	"669"	"SetCurrentDirectoryOem"	"BaseSetLastNTError"	"direct-named-call"	"T294 records direct outgoing expression only; a later degree may inspect the callee body"
"MVDM-SECOND-CANDIDATE-000531"	"MVDM-FIRST-DEFINITION-000047"	"base/mvdm/oemuni/process.c"	"38c9125f9f3c43f32f696616e565e63b8f056da7ec264d980a5e5278cc640468"	"683"	"SetEnvironmentVariableOem"	"InitOemString"	"direct-named-call"	"T294 records direct outgoing expression only; a later degree may inspect the callee body"
"MVDM-SECOND-CANDIDATE-000532"	"MVDM-FIRST-DEFINITION-000047"	"base/mvdm/oemuni/process.c"	"38c9125f9f3c43f32f696616e565e63b8f056da7ec264d980a5e5278cc640468"	"684"	"SetEnvironmentVariableOem"	"RtlOemStringToUnicodeString"	"direct-named-call"	"T294 records direct outgoing expression only; a later degree may inspect the callee body"
"MVDM-SECOND-CANDIDATE-000533"	"MVDM-FIRST-DEFINITION-000047"	"base/mvdm/oemuni/process.c"	"38c9125f9f3c43f32f696616e565e63b8f056da7ec264d980a5e5278cc640468"	"685"	"SetEnvironmentVariableOem"	"NT_SUCCESS"	"direct-named-call"	"T294 records direct outgoing expression only; a later degree may inspect the callee body"
"MVDM-SECOND-CANDIDATE-000534"	"MVDM-FIRST-DEFINITION-000047"	"base/mvdm/oemuni/process.c"	"38c9125f9f3c43f32f696616e565e63b8f056da7ec264d980a5e5278cc640468"	"687"	"SetEnvironmentVariableOem"	"SetLastError"	"direct-named-call"	"T294 records direct outgoing expression only; a later degree may inspect the callee body"
"MVDM-SECOND-CANDIDATE-000535"	"MVDM-FIRST-DEFINITION-000047"	"base/mvdm/oemuni/process.c"	"38c9125f9f3c43f32f696616e565e63b8f056da7ec264d980a5e5278cc640468"	"690"	"SetEnvironmentVariableOem"	"BaseSetLastNTError"	"direct-named-call"	"T294 records direct outgoing expression only; a later degree may inspect the callee body"
"MVDM-SECOND-CANDIDATE-000536"	"MVDM-FIRST-DEFINITION-000047"	"base/mvdm/oemuni/process.c"	"38c9125f9f3c43f32f696616e565e63b8f056da7ec264d980a5e5278cc640468"	"695"	"SetEnvironmentVariableOem"	"RtlUnicodeStringToAnsiString"	"direct-named-call"	"T294 records direct outgoing expression only; a later degree may inspect the callee body"
"MVDM-SECOND-CANDIDATE-000537"	"MVDM-FIRST-DEFINITION-000047"	"base/mvdm/oemuni/process.c"	"38c9125f9f3c43f32f696616e565e63b8f056da7ec264d980a5e5278cc640468"	"696"	"SetEnvironmentVariableOem"	"NT_SUCCESS"	"direct-named-call"	"T294 records direct outgoing expression only; a later degree may inspect the callee body"
"MVDM-SECOND-CANDIDATE-000538"	"MVDM-FIRST-DEFINITION-000047"	"base/mvdm/oemuni/process.c"	"38c9125f9f3c43f32f696616e565e63b8f056da7ec264d980a5e5278cc640468"	"697"	"SetEnvironmentVariableOem"	"BaseSetLastNTError"	"direct-named-call"	"T294 records direct outgoing expression only; a later degree may inspect the callee body"
"MVDM-SECOND-CANDIDATE-000539"	"MVDM-FIRST-DEFINITION-000047"	"base/mvdm/oemuni/process.c"	"38c9125f9f3c43f32f696616e565e63b8f056da7ec264d980a5e5278cc640468"	"700"	"SetEnvironmentVariableOem"	"RtlFreeUnicodeString"	"direct-named-call"	"T294 records direct outgoing expression only; a later degree may inspect the callee body"
"MVDM-SECOND-CANDIDATE-000540"	"MVDM-FIRST-DEFINITION-000047"	"base/mvdm/oemuni/process.c"	"38c9125f9f3c43f32f696616e565e63b8f056da7ec264d980a5e5278cc640468"	"703"	"SetEnvironmentVariableOem"	"ARGUMENT_PRESENT"	"direct-named-call"	"T294 records direct outgoing expression only; a later degree may inspect the callee body"
"MVDM-SECOND-CANDIDATE-000541"	"MVDM-FIRST-DEFINITION-000047"	"base/mvdm/oemuni/process.c"	"38c9125f9f3c43f32f696616e565e63b8f056da7ec264d980a5e5278cc640468"	"704"	"SetEnvironmentVariableOem"	"InitOemString"	"direct-named-call"	"T294 records direct outgoing expression only; a later degree may inspect the callee body"
"MVDM-SECOND-CANDIDATE-000542"	"MVDM-FIRST-DEFINITION-000047"	"base/mvdm/oemuni/process.c"	"38c9125f9f3c43f32f696616e565e63b8f056da7ec264d980a5e5278cc640468"	"705"	"SetEnvironmentVariableOem"	"RtlOemStringToUnicodeString"	"direct-named-call"	"T294 records direct outgoing expression only; a later degree may inspect the callee body"
"MVDM-SECOND-CANDIDATE-000543"	"MVDM-FIRST-DEFINITION-000047"	"base/mvdm/oemuni/process.c"	"38c9125f9f3c43f32f696616e565e63b8f056da7ec264d980a5e5278cc640468"	"706"	"SetEnvironmentVariableOem"	"NT_SUCCESS"	"direct-named-call"	"T294 records direct outgoing expression only; a later degree may inspect the callee body"
"MVDM-SECOND-CANDIDATE-000544"	"MVDM-FIRST-DEFINITION-000047"	"base/mvdm/oemuni/process.c"	"38c9125f9f3c43f32f696616e565e63b8f056da7ec264d980a5e5278cc640468"	"708"	"SetEnvironmentVariableOem"	"SetLastError"	"direct-named-call"	"T294 records direct outgoing expression only; a later degree may inspect the callee body"
"MVDM-SECOND-CANDIDATE-000545"	"MVDM-FIRST-DEFINITION-000047"	"base/mvdm/oemuni/process.c"	"38c9125f9f3c43f32f696616e565e63b8f056da7ec264d980a5e5278cc640468"	"711"	"SetEnvironmentVariableOem"	"BaseSetLastNTError"	"direct-named-call"	"T294 records direct outgoing expression only; a later degree may inspect the callee body"
"MVDM-SECOND-CANDIDATE-000546"	"MVDM-FIRST-DEFINITION-000047"	"base/mvdm/oemuni/process.c"	"38c9125f9f3c43f32f696616e565e63b8f056da7ec264d980a5e5278cc640468"	"716"	"SetEnvironmentVariableOem"	"RtlUnicodeStringToAnsiString"	"direct-named-call"	"T294 records direct outgoing expression only; a later degree may inspect the callee body"
"MVDM-SECOND-CANDIDATE-000547"	"MVDM-FIRST-DEFINITION-000047"	"base/mvdm/oemuni/process.c"	"38c9125f9f3c43f32f696616e565e63b8f056da7ec264d980a5e5278cc640468"	"717"	"SetEnvironmentVariableOem"	"NT_SUCCESS"	"direct-named-call"	"T294 records direct outgoing expression only; a later degree may inspect the callee body"
"MVDM-SECOND-CANDIDATE-000548"	"MVDM-FIRST-DEFINITION-000047"	"base/mvdm/oemuni/process.c"	"38c9125f9f3c43f32f696616e565e63b8f056da7ec264d980a5e5278cc640468"	"718"	"SetEnvironmentVariableOem"	"BaseSetLastNTError"	"direct-named-call"	"T294 records direct outgoing expression only; a later degree may inspect the callee body"
"MVDM-SECOND-CANDIDATE-000549"	"MVDM-FIRST-DEFINITION-000047"	"base/mvdm/oemuni/process.c"	"38c9125f9f3c43f32f696616e565e63b8f056da7ec264d980a5e5278cc640468"	"724"	"SetEnvironmentVariableOem"	"SetEnvironmentVariableA"	"direct-named-call"	"T294 records direct outgoing expression only; a later degree may inspect the callee body"
"MVDM-SECOND-CANDIDATE-000550"	"MVDM-FIRST-DEFINITION-000047"	"base/mvdm/oemuni/process.c"	"38c9125f9f3c43f32f696616e565e63b8f056da7ec264d980a5e5278cc640468"	"731"	"SetEnvironmentVariableOem"	"RtlFreeUnicodeString"	"direct-named-call"	"T294 records direct outgoing expression only; a later degree may inspect the callee body"
"MVDM-SECOND-CANDIDATE-000551"	"MVDM-FIRST-DEFINITION-000047"	"base/mvdm/oemuni/process.c"	"38c9125f9f3c43f32f696616e565e63b8f056da7ec264d980a5e5278cc640468"	"735"	"SetEnvironmentVariableOem"	"RtlFreeAnsiString"	"direct-named-call"	"T294 records direct outgoing expression only; a later degree may inspect the callee body"
"MVDM-SECOND-CANDIDATE-000552"	"MVDM-FIRST-DEFINITION-000047"	"base/mvdm/oemuni/process.c"	"38c9125f9f3c43f32f696616e565e63b8f056da7ec264d980a5e5278cc640468"	"739"	"SetEnvironmentVariableOem"	"RtlFreeAnsiString"	"direct-named-call"	"T294 records direct outgoing expression only; a later degree may inspect the callee body"
"MVDM-SECOND-CANDIDATE-000553"	"MVDM-FIRST-DEFINITION-000048"	"base/mvdm/oemuni/file.c"	"a3184eb571d6822577b52849e2da3955689899ecc6dfd9df100ff3f3636be5df"	"159"	"SetFileAttributesOem"	"NtCurrentTeb"	"direct-named-call"	"T294 records direct outgoing expression only; a later degree may inspect the callee body"
"MVDM-SECOND-CANDIDATE-000554"	"MVDM-FIRST-DEFINITION-000048"	"base/mvdm/oemuni/file.c"	"a3184eb571d6822577b52849e2da3955689899ecc6dfd9df100ff3f3636be5df"	"160"	"SetFileAttributesOem"	"InitOemString"	"direct-named-call"	"T294 records direct outgoing expression only; a later degree may inspect the callee body"
"MVDM-SECOND-CANDIDATE-000555"	"MVDM-FIRST-DEFINITION-000048"	"base/mvdm/oemuni/file.c"	"a3184eb571d6822577b52849e2da3955689899ecc6dfd9df100ff3f3636be5df"	"161"	"SetFileAttributesOem"	"RtlOemStringToUnicodeString"	"direct-named-call"	"T294 records direct outgoing expression only; a later degree may inspect the callee body"
"MVDM-SECOND-CANDIDATE-000556"	"MVDM-FIRST-DEFINITION-000048"	"base/mvdm/oemuni/file.c"	"a3184eb571d6822577b52849e2da3955689899ecc6dfd9df100ff3f3636be5df"	"162"	"SetFileAttributesOem"	"NT_SUCCESS"	"direct-named-call"	"T294 records direct outgoing expression only; a later degree may inspect the callee body"
"MVDM-SECOND-CANDIDATE-000557"	"MVDM-FIRST-DEFINITION-000048"	"base/mvdm/oemuni/file.c"	"a3184eb571d6822577b52849e2da3955689899ecc6dfd9df100ff3f3636be5df"	"164"	"SetFileAttributesOem"	"SetLastError"	"direct-named-call"	"T294 records direct outgoing expression only; a later degree may inspect the callee body"
"MVDM-SECOND-CANDIDATE-000558"	"MVDM-FIRST-DEFINITION-000048"	"base/mvdm/oemuni/file.c"	"a3184eb571d6822577b52849e2da3955689899ecc6dfd9df100ff3f3636be5df"	"167"	"SetFileAttributesOem"	"BaseSetLastNTError"	"direct-named-call"	"T294 records direct outgoing expression only; a later degree may inspect the callee body"
"MVDM-SECOND-CANDIDATE-000559"	"MVDM-FIRST-DEFINITION-000048"	"base/mvdm/oemuni/file.c"	"a3184eb571d6822577b52849e2da3955689899ecc6dfd9df100ff3f3636be5df"	"171"	"SetFileAttributesOem"	"SetFileAttributesW"	"direct-named-call"	"T294 records direct outgoing expression only; a later degree may inspect the callee body"
"MVDM-SECOND-CANDIDATE-000560"	"MVDM-FIRST-DEFINITION-000049"	"base/win32/client/vdm.c"	"3f03d0dbb08e0163f2d9cf415daad0981e42e1b1855f6f48a3b59022b7374173"	"814"	"SetVDMCurrentDirectories"	"NtCurrentPeb"	"direct-named-call"	"T294 records direct outgoing expression only; a later degree may inspect the callee body"
"MVDM-SECOND-CANDIDATE-000561"	"MVDM-FIRST-DEFINITION-000049"	"base/win32/client/vdm.c"	"3f03d0dbb08e0163f2d9cf415daad0981e42e1b1855f6f48a3b59022b7374173"	"817"	"SetVDMCurrentDirectories"	"BaseSetLastNTError"	"direct-named-call"	"T294 records direct outgoing expression only; a later degree may inspect the callee body"
"MVDM-SECOND-CANDIDATE-000562"	"MVDM-FIRST-DEFINITION-000049"	"base/win32/client/vdm.c"	"3f03d0dbb08e0163f2d9cf415daad0981e42e1b1855f6f48a3b59022b7374173"	"823"	"SetVDMCurrentDirectories"	"CsrAllocateCaptureBuffer"	"direct-named-call"	"T294 records direct outgoing expression only; a later degree may inspect the callee body"
"MVDM-SECOND-CANDIDATE-000563"	"MVDM-FIRST-DEFINITION-000049"	"base/win32/client/vdm.c"	"3f03d0dbb08e0163f2d9cf415daad0981e42e1b1855f6f48a3b59022b7374173"	"825"	"SetVDMCurrentDirectories"	"BaseSetLastNTError"	"direct-named-call"	"T294 records direct outgoing expression only; a later degree may inspect the callee body"
"MVDM-SECOND-CANDIDATE-000564"	"MVDM-FIRST-DEFINITION-000049"	"base/win32/client/vdm.c"	"3f03d0dbb08e0163f2d9cf415daad0981e42e1b1855f6f48a3b59022b7374173"	"829"	"SetVDMCurrentDirectories"	"CsrAllocateMessagePointer"	"direct-named-call"	"T294 records direct outgoing expression only; a later degree may inspect the callee body"
"MVDM-SECOND-CANDIDATE-000565"	"MVDM-FIRST-DEFINITION-000049"	"base/win32/client/vdm.c"	"3f03d0dbb08e0163f2d9cf415daad0981e42e1b1855f6f48a3b59022b7374173"	"836"	"SetVDMCurrentDirectories"	"RtlMoveMemory"	"direct-named-call"	"T294 records direct outgoing expression only; a later degree may inspect the callee body"
"MVDM-SECOND-CANDIDATE-000566"	"MVDM-FIRST-DEFINITION-000049"	"base/win32/client/vdm.c"	"3f03d0dbb08e0163f2d9cf415daad0981e42e1b1855f6f48a3b59022b7374173"	"839"	"SetVDMCurrentDirectories"	"BaseSetLastNTError"	"direct-named-call"	"T294 records direct outgoing expression only; a later degree may inspect the callee body"
"MVDM-SECOND-CANDIDATE-000567"	"MVDM-FIRST-DEFINITION-000049"	"base/win32/client/vdm.c"	"3f03d0dbb08e0163f2d9cf415daad0981e42e1b1855f6f48a3b59022b7374173"	"839"	"SetVDMCurrentDirectories"	"GetExceptionCode"	"direct-named-call"	"T294 records direct outgoing expression only; a later degree may inspect the callee body"
"MVDM-SECOND-CANDIDATE-000568"	"MVDM-FIRST-DEFINITION-000049"	"base/win32/client/vdm.c"	"3f03d0dbb08e0163f2d9cf415daad0981e42e1b1855f6f48a3b59022b7374173"	"840"	"SetVDMCurrentDirectories"	"CsrFreeCaptureBuffer"	"direct-named-call"	"T294 records direct outgoing expression only; a later degree may inspect the callee body"
"MVDM-SECOND-CANDIDATE-000569"	"MVDM-FIRST-DEFINITION-000049"	"base/win32/client/vdm.c"	"3f03d0dbb08e0163f2d9cf415daad0981e42e1b1855f6f48a3b59022b7374173"	"843"	"SetVDMCurrentDirectories"	"CsrClientCallServer"	"direct-named-call"	"T294 records direct outgoing expression only; a later degree may inspect the callee body"
"MVDM-SECOND-CANDIDATE-000570"	"MVDM-FIRST-DEFINITION-000049"	"base/win32/client/vdm.c"	"3f03d0dbb08e0163f2d9cf415daad0981e42e1b1855f6f48a3b59022b7374173"	"846"	"SetVDMCurrentDirectories"	"CSR_MAKE_API_NUMBER"	"direct-named-call"	"T294 records direct outgoing expression only; a later degree may inspect the callee body"
"MVDM-SECOND-CANDIDATE-000571"	"MVDM-FIRST-DEFINITION-000049"	"base/win32/client/vdm.c"	"3f03d0dbb08e0163f2d9cf415daad0981e42e1b1855f6f48a3b59022b7374173"	"851"	"SetVDMCurrentDirectories"	"CsrFreeCaptureBuffer"	"direct-named-call"	"T294 records direct outgoing expression only; a later degree may inspect the callee body"
"MVDM-SECOND-CANDIDATE-000572"	"MVDM-FIRST-DEFINITION-000049"	"base/win32/client/vdm.c"	"3f03d0dbb08e0163f2d9cf415daad0981e42e1b1855f6f48a3b59022b7374173"	"853"	"SetVDMCurrentDirectories"	"NT_SUCCESS"	"direct-named-call"	"T294 records direct outgoing expression only; a later degree may inspect the callee body"
"MVDM-SECOND-CANDIDATE-000573"	"MVDM-FIRST-DEFINITION-000049"	"base/win32/client/vdm.c"	"3f03d0dbb08e0163f2d9cf415daad0981e42e1b1855f6f48a3b59022b7374173"	"853"	"SetVDMCurrentDirectories"	"NT_SUCCESS"	"direct-named-call"	"T294 records direct outgoing expression only; a later degree may inspect the callee body"
"MVDM-SECOND-CANDIDATE-000574"	"MVDM-FIRST-DEFINITION-000049"	"base/win32/client/vdm.c"	"3f03d0dbb08e0163f2d9cf415daad0981e42e1b1855f6f48a3b59022b7374173"	"854"	"SetVDMCurrentDirectories"	"BaseSetLastNTError"	"direct-named-call"	"T294 records direct outgoing expression only; a later degree may inspect the callee body"
"MVDM-SECOND-CANDIDATE-000575"	"MVDM-FIRST-DEFINITION-000050"	"base/mvdm/softpc.new/base/keymouse/keybd_io.c"	"c17523f12f895eb144b38692f4d91dc97d539106a8d3e4b8cf23bc4338cd4896"	"2046"	"UpdateKbdInt15"	"sas_loadw"	"direct-named-call"	"T294 records direct outgoing expression only; a later degree may inspect the callee body"
"MVDM-SECOND-CANDIDATE-000576"	"MVDM-FIRST-DEFINITION-000050"	"base/mvdm/softpc.new/base/keymouse/keybd_io.c"	"c17523f12f895eb144b38692f4d91dc97d539106a8d3e4b8cf23bc4338cd4896"	"2047"	"UpdateKbdInt15"	"sas_loadw"	"direct-named-call"	"T294 records direct outgoing expression only; a later degree may inspect the callee body"
"MVDM-SECOND-CANDIDATE-000577"	"MVDM-FIRST-DEFINITION-000051"	"base/mvdm/dos/dem/demfile.c"	"701c7ce94b6317f23d73d847c681338ddb522d0216cf6373713e542c34236620"	"922"	"VDDAllocateDosHandle"	"Sim32GetVDMPointer"	"direct-named-call"	"T294 records direct outgoing expression only; a later degree may inspect the callee body"
"MVDM-SECOND-CANDIDATE-000578"	"MVDM-FIRST-DEFINITION-000051"	"base/mvdm/dos/dem/demfile.c"	"701c7ce94b6317f23d73d847c681338ddb522d0216cf6373713e542c34236620"	"923"	"VDDAllocateDosHandle"	"Sim32GetVDMPointer"	"direct-named-call"	"T294 records direct outgoing expression only; a later degree may inspect the callee body"
"MVDM-SECOND-CANDIDATE-000579"	"MVDM-FIRST-DEFINITION-000051"	"base/mvdm/dos/dem/demfile.c"	"701c7ce94b6317f23d73d847c681338ddb522d0216cf6373713e542c34236620"	"952"	"VDDAllocateDosHandle"	"RtlZeroMemory"	"direct-named-call"	"T294 records direct outgoing expression only; a later degree may inspect the callee body"
"MVDM-SECOND-CANDIDATE-000580"	"MVDM-FIRST-DEFINITION-000053"	"base/mvdm/dos/dem/demfile.c"	"701c7ce94b6317f23d73d847c681338ddb522d0216cf6373713e542c34236620"	"1114"	"VDDRetrieveNtHandle"	"Sim32GetVDMPointer"	"direct-named-call"	"T294 records direct outgoing expression only; a later degree may inspect the callee body"
"MVDM-SECOND-CANDIDATE-000581"	"MVDM-FIRST-DEFINITION-000053"	"base/mvdm/dos/dem/demfile.c"	"701c7ce94b6317f23d73d847c681338ddb522d0216cf6373713e542c34236620"	"1122"	"VDDRetrieveNtHandle"	"Sim32GetVDMPointer"	"direct-named-call"	"T294 records direct outgoing expression only; a later degree may inspect the callee body"
"MVDM-SECOND-CANDIDATE-000582"	"MVDM-FIRST-DEFINITION-000053"	"base/mvdm/dos/dem/demfile.c"	"701c7ce94b6317f23d73d847c681338ddb522d0216cf6373713e542c34236620"	"1139"	"VDDRetrieveNtHandle"	"Sim32GetVDMPointer"	"direct-named-call"	"T294 records direct outgoing expression only; a later degree may inspect the callee body"
