raw_candidate_id	callee_spelling	canonical_resolution	canonical_group_keys	canonical_raw_definition_ids	boundary
"MVDM-FIRST-CANDIDATE-000001"	"ReadProcessMemory"	"remains-first-degree-external-interface"	""	""	"No canonical zero-degree function name matches this direct callee spelling."
"MVDM-FIRST-CANDIDATE-000002"	"WriteProcessMemory"	"remains-first-degree-external-interface"	""	""	"No canonical zero-degree function name matches this direct callee spelling."
"MVDM-FIRST-CANDIDATE-000003"	"NtGetContextThread"	"remains-first-degree-external-interface"	""	""	"No canonical zero-degree function name matches this direct callee spelling."
"MVDM-FIRST-CANDIDATE-000004"	"NtQueryInformationThread"	"remains-first-degree-external-interface"	""	""	"No canonical zero-degree function name matches this direct callee spelling."
"MVDM-FIRST-CANDIDATE-000005"	"NtQueryInformationProcess"	"remains-first-degree-external-interface"	""	""	"No canonical zero-degree function name matches this direct callee spelling."
"MVDM-FIRST-CANDIDATE-000006"	"RaiseException"	"remains-first-degree-external-interface"	""	""	"No canonical zero-degree function name matches this direct callee spelling."
"MVDM-FIRST-CANDIDATE-000007"	"SetErrorMode"	"remains-first-degree-external-interface"	""	""	"No canonical zero-degree function name matches this direct callee spelling."
"MVDM-FIRST-CANDIDATE-000008"	"RaiseException"	"remains-first-degree-external-interface"	""	""	"No canonical zero-degree function name matches this direct callee spelling."
"MVDM-FIRST-CANDIDATE-000009"	"SetErrorMode"	"remains-first-degree-external-interface"	""	""	"No canonical zero-degree function name matches this direct callee spelling."
"MVDM-FIRST-CANDIDATE-000010"	"RtlInitAnsiString"	"remains-first-degree-external-interface"	""	""	"No canonical zero-degree function name matches this direct callee spelling."
"MVDM-FIRST-CANDIDATE-000011"	"RtlAnsiStringToUnicodeString"	"remains-first-degree-external-interface"	""	""	"No canonical zero-degree function name matches this direct callee spelling."
"MVDM-FIRST-CANDIDATE-000012"	"RtlUnicodeStringToOemString"	"remains-first-degree-external-interface"	""	""	"No canonical zero-degree function name matches this direct callee spelling."
"MVDM-FIRST-CANDIDATE-000013"	"RtlFreeUnicodeString"	"remains-first-degree-external-interface"	""	""	"No canonical zero-degree function name matches this direct callee spelling."
"MVDM-FIRST-CANDIDATE-000014"	"RtlInitAnsiString"	"remains-first-degree-external-interface"	""	""	"No canonical zero-degree function name matches this direct callee spelling."
"MVDM-FIRST-CANDIDATE-000015"	"RtlAnsiStringToUnicodeString"	"remains-first-degree-external-interface"	""	""	"No canonical zero-degree function name matches this direct callee spelling."
"MVDM-FIRST-CANDIDATE-000016"	"RtlUnicodeStringToOemString"	"remains-first-degree-external-interface"	""	""	"No canonical zero-degree function name matches this direct callee spelling."
"MVDM-FIRST-CANDIDATE-000017"	"RtlFreeUnicodeString"	"remains-first-degree-external-interface"	""	""	"No canonical zero-degree function name matches this direct callee spelling."
"MVDM-FIRST-CANDIDATE-000018"	"GetShortPathNameA"	"remains-first-degree-external-interface"	""	""	"No canonical zero-degree function name matches this direct callee spelling."
"MVDM-FIRST-CANDIDATE-000019"	"GetFileSize"	"remains-first-degree-external-interface"	""	""	"No canonical zero-degree function name matches this direct callee spelling."
"MVDM-FIRST-CANDIDATE-000020"	"GetShortPathNameA"	"remains-first-degree-external-interface"	""	""	"No canonical zero-degree function name matches this direct callee spelling."
"MVDM-FIRST-CANDIDATE-000021"	"strtoul"	"remains-first-degree-external-interface"	""	""	"No canonical zero-degree function name matches this direct callee spelling."
"MVDM-FIRST-CANDIDATE-000022"	"GetOEMCP"	"remains-first-degree-external-interface"	""	""	"No canonical zero-degree function name matches this direct callee spelling."
"MVDM-FIRST-CANDIDATE-000023"	"SetEndOfFile"	"remains-first-degree-external-interface"	""	""	"No canonical zero-degree function name matches this direct callee spelling."
"MVDM-FIRST-CANDIDATE-000024"	"GetEnvironmentStringsW"	"remains-first-degree-external-interface"	""	""	"No canonical zero-degree function name matches this direct callee spelling."
"MVDM-FIRST-CANDIDATE-000025"	"RtlCreateEnvironment"	"remains-first-degree-external-interface"	""	""	"No canonical zero-degree function name matches this direct callee spelling."
"MVDM-FIRST-CANDIDATE-000026"	"wcschr"	"remains-first-degree-external-interface"	""	""	"No canonical zero-degree function name matches this direct callee spelling."
"MVDM-FIRST-CANDIDATE-000027"	"RtlSetEnvironmentVariable"	"remains-first-degree-external-interface"	""	""	"No canonical zero-degree function name matches this direct callee spelling."
"MVDM-FIRST-CANDIDATE-000028"	"RtlDestroyEnvironment"	"remains-first-degree-external-interface"	""	""	"No canonical zero-degree function name matches this direct callee spelling."
"MVDM-FIRST-CANDIDATE-000029"	"_wcsnicmp"	"remains-first-degree-external-interface"	""	""	"No canonical zero-degree function name matches this direct callee spelling."
"MVDM-FIRST-CANDIDATE-000030"	"RtlSetEnvironmentVariable"	"remains-first-degree-external-interface"	""	""	"No canonical zero-degree function name matches this direct callee spelling."
"MVDM-FIRST-CANDIDATE-000031"	"RtlDestroyEnvironment"	"remains-first-degree-external-interface"	""	""	"No canonical zero-degree function name matches this direct callee spelling."
"MVDM-FIRST-CANDIDATE-000032"	"RtlInitString"	"remains-first-degree-external-interface"	""	""	"No canonical zero-degree function name matches this direct callee spelling."
"MVDM-FIRST-CANDIDATE-000033"	"RtlOemStringToUnicodeString"	"remains-first-degree-external-interface"	""	""	"No canonical zero-degree function name matches this direct callee spelling."
"MVDM-FIRST-CANDIDATE-000034"	"RtlDestroyEnvironment"	"remains-first-degree-external-interface"	""	""	"No canonical zero-degree function name matches this direct callee spelling."
"MVDM-FIRST-CANDIDATE-000035"	"wcschr"	"remains-first-degree-external-interface"	""	""	"No canonical zero-degree function name matches this direct callee spelling."
"MVDM-FIRST-CANDIDATE-000036"	"RtlSetEnvironmentVariable"	"remains-first-degree-external-interface"	""	""	"No canonical zero-degree function name matches this direct callee spelling."
"MVDM-FIRST-CANDIDATE-000037"	"RtlFreeUnicodeString"	"remains-first-degree-external-interface"	""	""	"No canonical zero-degree function name matches this direct callee spelling."
"MVDM-FIRST-CANDIDATE-000038"	"RtlDestroyEnvironment"	"remains-first-degree-external-interface"	""	""	"No canonical zero-degree function name matches this direct callee spelling."
"MVDM-FIRST-CANDIDATE-000039"	"RtlUnicodeStringToAnsiString"	"remains-first-degree-external-interface"	""	""	"No canonical zero-degree function name matches this direct callee spelling."
"MVDM-FIRST-CANDIDATE-000040"	"RtlDestroyEnvironment"	"remains-first-degree-external-interface"	""	""	"No canonical zero-degree function name matches this direct callee spelling."
"MVDM-FIRST-CANDIDATE-000041"	"GetEnvironmentVariableOem"	"remains-first-degree-external-interface"	""	""	"No canonical zero-degree function name matches this direct callee spelling."
"MVDM-FIRST-CANDIDATE-000042"	"RtlInitString"	"remains-first-degree-external-interface"	""	""	"No canonical zero-degree function name matches this direct callee spelling."
"MVDM-FIRST-CANDIDATE-000043"	"RtlOemStringToUnicodeString"	"remains-first-degree-external-interface"	""	""	"No canonical zero-degree function name matches this direct callee spelling."
"MVDM-FIRST-CANDIDATE-000044"	"RtlUnicodeStringToAnsiString"	"remains-first-degree-external-interface"	""	""	"No canonical zero-degree function name matches this direct callee spelling."
"MVDM-FIRST-CANDIDATE-000045"	"RtlNtStatusToDosError"	"remains-first-degree-external-interface"	""	""	"No canonical zero-degree function name matches this direct callee spelling."
"MVDM-FIRST-CANDIDATE-000046"	"RtlFreeUnicodeString"	"remains-first-degree-external-interface"	""	""	"No canonical zero-degree function name matches this direct callee spelling."
"MVDM-FIRST-CANDIDATE-000047"	"RtlFreeAnsiString"	"remains-first-degree-external-interface"	""	""	"No canonical zero-degree function name matches this direct callee spelling."
"MVDM-FIRST-CANDIDATE-000048"	"GetNextVDMCommand"	"remains-first-degree-external-interface"	""	""	"No canonical zero-degree function name matches this direct callee spelling."
"MVDM-FIRST-CANDIDATE-000049"	"SetStdHandle"	"remains-first-degree-external-interface"	""	""	"No canonical zero-degree function name matches this direct callee spelling."
"MVDM-FIRST-CANDIDATE-000050"	"SetStdHandle"	"remains-first-degree-external-interface"	""	""	"No canonical zero-degree function name matches this direct callee spelling."
"MVDM-FIRST-CANDIDATE-000051"	"SetStdHandle"	"remains-first-degree-external-interface"	""	""	"No canonical zero-degree function name matches this direct callee spelling."
"MVDM-FIRST-CANDIDATE-000052"	"RtlInitString"	"remains-first-degree-external-interface"	""	""	"No canonical zero-degree function name matches this direct callee spelling."
"MVDM-FIRST-CANDIDATE-000053"	"RtlOemStringToUnicodeString"	"remains-first-degree-external-interface"	""	""	"No canonical zero-degree function name matches this direct callee spelling."
"MVDM-FIRST-CANDIDATE-000054"	"RtlUnicodeStringToAnsiString"	"remains-first-degree-external-interface"	""	""	"No canonical zero-degree function name matches this direct callee spelling."
"MVDM-FIRST-CANDIDATE-000055"	"RtlFreeUnicodeString"	"remains-first-degree-external-interface"	""	""	"No canonical zero-degree function name matches this direct callee spelling."
"MVDM-FIRST-CANDIDATE-000056"	"RtlNtStatusToDosError"	"remains-first-degree-external-interface"	""	""	"No canonical zero-degree function name matches this direct callee spelling."
"MVDM-FIRST-CANDIDATE-000057"	"SetStdHandle"	"remains-first-degree-external-interface"	""	""	"No canonical zero-degree function name matches this direct callee spelling."
"MVDM-FIRST-CANDIDATE-000058"	"SetStdHandle"	"remains-first-degree-external-interface"	""	""	"No canonical zero-degree function name matches this direct callee spelling."
"MVDM-FIRST-CANDIDATE-000059"	"SetStdHandle"	"remains-first-degree-external-interface"	""	""	"No canonical zero-degree function name matches this direct callee spelling."
"MVDM-FIRST-CANDIDATE-000060"	"ResumeThread"	"remains-first-degree-external-interface"	""	""	"No canonical zero-degree function name matches this direct callee spelling."
"MVDM-FIRST-CANDIDATE-000061"	"GetExitCodeProcess"	"remains-first-degree-external-interface"	""	""	"No canonical zero-degree function name matches this direct callee spelling."
"MVDM-FIRST-CANDIDATE-000062"	"RtlFreeAnsiString"	"remains-first-degree-external-interface"	""	""	"No canonical zero-degree function name matches this direct callee spelling."
"MVDM-FIRST-CANDIDATE-000063"	"GetNextVDMCommand"	"remains-first-degree-external-interface"	""	""	"No canonical zero-degree function name matches this direct callee spelling."
"MVDM-FIRST-CANDIDATE-000064"	"ExitThread"	"remains-first-degree-external-interface"	""	""	"No canonical zero-degree function name matches this direct callee spelling."
"MVDM-FIRST-CANDIDATE-000065"	"CreateThread"	"remains-first-degree-external-interface"	""	""	"No canonical zero-degree function name matches this direct callee spelling."
"MVDM-FIRST-CANDIDATE-000066"	"GetNextVDMCommand"	"remains-first-degree-external-interface"	""	""	"No canonical zero-degree function name matches this direct callee spelling."
"MVDM-FIRST-CANDIDATE-000067"	"GetNextVDMCommand"	"remains-first-degree-external-interface"	""	""	"No canonical zero-degree function name matches this direct callee spelling."
"MVDM-FIRST-CANDIDATE-000068"	"GetConsoleCP"	"remains-first-degree-external-interface"	""	""	"No canonical zero-degree function name matches this direct callee spelling."
"MVDM-FIRST-CANDIDATE-000069"	"GetConsoleTitleA"	"remains-first-degree-external-interface"	""	""	"No canonical zero-degree function name matches this direct callee spelling."
"MVDM-FIRST-CANDIDATE-000070"	"SetConsoleTitleA"	"remains-first-degree-external-interface"	""	""	"No canonical zero-degree function name matches this direct callee spelling."
"MVDM-FIRST-CANDIDATE-000071"	"GetNextVDMCommand"	"remains-first-degree-external-interface"	""	""	"No canonical zero-degree function name matches this direct callee spelling."
"MVDM-FIRST-CANDIDATE-000072"	"GetNextVDMCommand"	"remains-first-degree-external-interface"	""	""	"No canonical zero-degree function name matches this direct callee spelling."
"MVDM-FIRST-CANDIDATE-000073"	"GetNextVDMCommand"	"remains-first-degree-external-interface"	""	""	"No canonical zero-degree function name matches this direct callee spelling."
"MVDM-FIRST-CANDIDATE-000074"	"GetDriveTypeOem"	"remains-first-degree-external-interface"	""	""	"No canonical zero-degree function name matches this direct callee spelling."
"MVDM-FIRST-CANDIDATE-000075"	"SetEnvironmentVariableOem"	"remains-first-degree-external-interface"	""	""	"No canonical zero-degree function name matches this direct callee spelling."
"MVDM-FIRST-CANDIDATE-000076"	"GetEnvironmentVariableOem"	"remains-first-degree-external-interface"	""	""	"No canonical zero-degree function name matches this direct callee spelling."
"MVDM-FIRST-CANDIDATE-000077"	"SetEnvironmentVariableOem"	"remains-first-degree-external-interface"	""	""	"No canonical zero-degree function name matches this direct callee spelling."
"MVDM-FIRST-CANDIDATE-000078"	"GetDriveTypeOem"	"remains-first-degree-external-interface"	""	""	"No canonical zero-degree function name matches this direct callee spelling."
"MVDM-FIRST-CANDIDATE-000079"	"SetVDMCurrentDirectories"	"remains-first-degree-external-interface"	""	""	"No canonical zero-degree function name matches this direct callee spelling."
"MVDM-FIRST-CANDIDATE-000080"	"GetFullPathNameOem"	"remains-first-degree-external-interface"	""	""	"No canonical zero-degree function name matches this direct callee spelling."
"MVDM-FIRST-CANDIDATE-000081"	"GetFileAttributesOem"	"remains-first-degree-external-interface"	""	""	"No canonical zero-degree function name matches this direct callee spelling."
"MVDM-FIRST-CANDIDATE-000082"	"GetShortPathNameOem"	"remains-first-degree-external-interface"	""	""	"No canonical zero-degree function name matches this direct callee spelling."
"MVDM-FIRST-CANDIDATE-000083"	"SetEnvironmentVariableOem"	"remains-first-degree-external-interface"	""	""	"No canonical zero-degree function name matches this direct callee spelling."
"MVDM-FIRST-CANDIDATE-000084"	"SetCurrentDirectoryOem"	"remains-first-degree-external-interface"	""	""	"No canonical zero-degree function name matches this direct callee spelling."
"MVDM-FIRST-CANDIDATE-000085"	"SearchPathOem"	"remains-first-degree-external-interface"	""	""	"No canonical zero-degree function name matches this direct callee spelling."
"MVDM-FIRST-CANDIDATE-000086"	"SearchPathOem"	"remains-first-degree-external-interface"	""	""	"No canonical zero-degree function name matches this direct callee spelling."
"MVDM-FIRST-CANDIDATE-000087"	"GetFileAttributesOem"	"remains-first-degree-external-interface"	""	""	"No canonical zero-degree function name matches this direct callee spelling."
"MVDM-FIRST-CANDIDATE-000088"	"GetShortPathNameOem"	"remains-first-degree-external-interface"	""	""	"No canonical zero-degree function name matches this direct callee spelling."
"MVDM-FIRST-CANDIDATE-000089"	"SetEvent"	"remains-first-degree-external-interface"	""	""	"No canonical zero-degree function name matches this direct callee spelling."
"MVDM-FIRST-CANDIDATE-000090"	"SetEvent"	"remains-first-degree-external-interface"	""	""	"No canonical zero-degree function name matches this direct callee spelling."
"MVDM-FIRST-CANDIDATE-000091"	"GetFileType"	"remains-first-degree-external-interface"	""	""	"No canonical zero-degree function name matches this direct callee spelling."
"MVDM-FIRST-CANDIDATE-000092"	"GetFileType"	"remains-first-degree-external-interface"	""	""	"No canonical zero-degree function name matches this direct callee spelling."
"MVDM-FIRST-CANDIDATE-000093"	"GetFileType"	"remains-first-degree-external-interface"	""	""	"No canonical zero-degree function name matches this direct callee spelling."
"MVDM-FIRST-CANDIDATE-000094"	"CreateThread"	"remains-first-degree-external-interface"	""	""	"No canonical zero-degree function name matches this direct callee spelling."
"MVDM-FIRST-CANDIDATE-000095"	"ExitThread"	"remains-first-degree-external-interface"	""	""	"No canonical zero-degree function name matches this direct callee spelling."
"MVDM-FIRST-CANDIDATE-000096"	"CreateThread"	"remains-first-degree-external-interface"	""	""	"No canonical zero-degree function name matches this direct callee spelling."
"MVDM-FIRST-CANDIDATE-000097"	"SetEvent"	"remains-first-degree-external-interface"	""	""	"No canonical zero-degree function name matches this direct callee spelling."
"MVDM-FIRST-CANDIDATE-000098"	"ExitThread"	"remains-first-degree-external-interface"	""	""	"No canonical zero-degree function name matches this direct callee spelling."
"MVDM-FIRST-CANDIDATE-000099"	"SetErrorMode"	"remains-first-degree-external-interface"	""	""	"No canonical zero-degree function name matches this direct callee spelling."
"MVDM-FIRST-CANDIDATE-000100"	"OutputDebugStringOem"	"remains-first-degree-external-interface"	""	""	"No canonical zero-degree function name matches this direct callee spelling."
"MVDM-FIRST-CANDIDATE-000101"	"OutputDebugStringOem"	"remains-first-degree-external-interface"	""	""	"No canonical zero-degree function name matches this direct callee spelling."
"MVDM-FIRST-CANDIDATE-000102"	"OutputDebugStringOem"	"remains-first-degree-external-interface"	""	""	"No canonical zero-degree function name matches this direct callee spelling."
"MVDM-FIRST-CANDIDATE-000103"	"OutputDebugStringOem"	"remains-first-degree-external-interface"	""	""	"No canonical zero-degree function name matches this direct callee spelling."
"MVDM-FIRST-CANDIDATE-000104"	"OutputDebugStringOem"	"remains-first-degree-external-interface"	""	""	"No canonical zero-degree function name matches this direct callee spelling."
"MVDM-FIRST-CANDIDATE-000105"	"OutputDebugStringOem"	"remains-first-degree-external-interface"	""	""	"No canonical zero-degree function name matches this direct callee spelling."
"MVDM-FIRST-CANDIDATE-000106"	"OutputDebugStringOem"	"remains-first-degree-external-interface"	""	""	"No canonical zero-degree function name matches this direct callee spelling."
"MVDM-FIRST-CANDIDATE-000107"	"OutputDebugStringOem"	"remains-first-degree-external-interface"	""	""	"No canonical zero-degree function name matches this direct callee spelling."
"MVDM-FIRST-CANDIDATE-000108"	"CreateDirectoryOem"	"remains-first-degree-external-interface"	""	""	"No canonical zero-degree function name matches this direct callee spelling."
"MVDM-FIRST-CANDIDATE-000109"	"RemoveDirectoryOem"	"remains-first-degree-external-interface"	""	""	"No canonical zero-degree function name matches this direct callee spelling."
"MVDM-FIRST-CANDIDATE-000110"	"GetFileAttributesOem"	"remains-first-degree-external-interface"	""	""	"No canonical zero-degree function name matches this direct callee spelling."
"MVDM-FIRST-CANDIDATE-000111"	"GetFileAttributesOem"	"remains-first-degree-external-interface"	""	""	"No canonical zero-degree function name matches this direct callee spelling."
"MVDM-FIRST-CANDIDATE-000112"	"SetEnvironmentVariableOem"	"remains-first-degree-external-interface"	""	""	"No canonical zero-degree function name matches this direct callee spelling."
"MVDM-FIRST-CANDIDATE-000113"	"SetCurrentDirectoryOem"	"remains-first-degree-external-interface"	""	""	"No canonical zero-degree function name matches this direct callee spelling."
"MVDM-FIRST-CANDIDATE-000114"	"SetEnvironmentVariableOem"	"remains-first-degree-external-interface"	""	""	"No canonical zero-degree function name matches this direct callee spelling."
"MVDM-FIRST-CANDIDATE-000115"	"OutputDebugStringOem"	"remains-first-degree-external-interface"	""	""	"No canonical zero-degree function name matches this direct callee spelling."
"MVDM-FIRST-CANDIDATE-000116"	"OutputDebugStringOem"	"remains-first-degree-external-interface"	""	""	"No canonical zero-degree function name matches this direct callee spelling."
"MVDM-FIRST-CANDIDATE-000117"	"OutputDebugStringOem"	"remains-first-degree-external-interface"	""	""	"No canonical zero-degree function name matches this direct callee spelling."
"MVDM-FIRST-CANDIDATE-000118"	"OutputDebugStringOem"	"remains-first-degree-external-interface"	""	""	"No canonical zero-degree function name matches this direct callee spelling."
"MVDM-FIRST-CANDIDATE-000119"	"OutputDebugStringOem"	"remains-first-degree-external-interface"	""	""	"No canonical zero-degree function name matches this direct callee spelling."
"MVDM-FIRST-CANDIDATE-000120"	"OutputDebugStringOem"	"remains-first-degree-external-interface"	""	""	"No canonical zero-degree function name matches this direct callee spelling."
"MVDM-FIRST-CANDIDATE-000121"	"OutputDebugStringOem"	"remains-first-degree-external-interface"	""	""	"No canonical zero-degree function name matches this direct callee spelling."
"MVDM-FIRST-CANDIDATE-000122"	"OutputDebugStringOem"	"remains-first-degree-external-interface"	""	""	"No canonical zero-degree function name matches this direct callee spelling."
"MVDM-FIRST-CANDIDATE-000123"	"OutputDebugStringOem"	"remains-first-degree-external-interface"	""	""	"No canonical zero-degree function name matches this direct callee spelling."
"MVDM-FIRST-CANDIDATE-000124"	"OutputDebugStringOem"	"remains-first-degree-external-interface"	""	""	"No canonical zero-degree function name matches this direct callee spelling."
"MVDM-FIRST-CANDIDATE-000125"	"OutputDebugStringOem"	"remains-first-degree-external-interface"	""	""	"No canonical zero-degree function name matches this direct callee spelling."
"MVDM-FIRST-CANDIDATE-000126"	"OutputDebugStringOem"	"remains-first-degree-external-interface"	""	""	"No canonical zero-degree function name matches this direct callee spelling."
"MVDM-FIRST-CANDIDATE-000127"	"NtQueryVolumeInformationFile"	"remains-first-degree-external-interface"	""	""	"No canonical zero-degree function name matches this direct callee spelling."
"MVDM-FIRST-CANDIDATE-000128"	"NtQueryObject"	"remains-first-degree-external-interface"	""	""	"No canonical zero-degree function name matches this direct callee spelling."
"MVDM-FIRST-CANDIDATE-000129"	"RtlUnicodeStringToAnsiString"	"remains-first-degree-external-interface"	""	""	"No canonical zero-degree function name matches this direct callee spelling."
"MVDM-FIRST-CANDIDATE-000130"	"RtlFreeAnsiString"	"remains-first-degree-external-interface"	""	""	"No canonical zero-degree function name matches this direct callee spelling."
"MVDM-FIRST-CANDIDATE-000131"	"RtlAppendUnicodeToString"	"remains-first-degree-external-interface"	""	""	"No canonical zero-degree function name matches this direct callee spelling."
"MVDM-FIRST-CANDIDATE-000132"	"NtOpenSymbolicLinkObject"	"remains-first-degree-external-interface"	""	""	"No canonical zero-degree function name matches this direct callee spelling."
"MVDM-FIRST-CANDIDATE-000133"	"NtQuerySymbolicLinkObject"	"remains-first-degree-external-interface"	""	""	"No canonical zero-degree function name matches this direct callee spelling."
"MVDM-FIRST-CANDIDATE-000134"	"NtClose"	"remains-first-degree-external-interface"	""	""	"No canonical zero-degree function name matches this direct callee spelling."
"MVDM-FIRST-CANDIDATE-000135"	"RtlAppendUnicodeToString"	"remains-first-degree-external-interface"	""	""	"No canonical zero-degree function name matches this direct callee spelling."
"MVDM-FIRST-CANDIDATE-000136"	"RtlEqualUnicodeString"	"remains-first-degree-external-interface"	""	""	"No canonical zero-degree function name matches this direct callee spelling."
"MVDM-FIRST-CANDIDATE-000137"	"FindFirstFileOem"	"remains-first-degree-external-interface"	""	""	"No canonical zero-degree function name matches this direct callee spelling."
"MVDM-FIRST-CANDIDATE-000138"	"SetFileAttributesOem"	"remains-first-degree-external-interface"	""	""	"No canonical zero-degree function name matches this direct callee spelling."
"MVDM-FIRST-CANDIDATE-000139"	"DeleteFileOem"	"remains-first-degree-external-interface"	""	""	"No canonical zero-degree function name matches this direct callee spelling."
"MVDM-FIRST-CANDIDATE-000140"	"FindNextFileOem"	"remains-first-degree-external-interface"	""	""	"No canonical zero-degree function name matches this direct callee spelling."
"MVDM-FIRST-CANDIDATE-000141"	"FindClose"	"remains-first-degree-external-interface"	""	""	"No canonical zero-degree function name matches this direct callee spelling."
"MVDM-FIRST-CANDIDATE-000142"	"FindFirstFileOem"	"remains-first-degree-external-interface"	""	""	"No canonical zero-degree function name matches this direct callee spelling."
"MVDM-FIRST-CANDIDATE-000143"	"FindClose"	"remains-first-degree-external-interface"	""	""	"No canonical zero-degree function name matches this direct callee spelling."
"MVDM-FIRST-CANDIDATE-000144"	"MoveFileOem"	"remains-first-degree-external-interface"	""	""	"No canonical zero-degree function name matches this direct callee spelling."
"MVDM-FIRST-CANDIDATE-000145"	"FindClose"	"remains-first-degree-external-interface"	""	""	"No canonical zero-degree function name matches this direct callee spelling."
"MVDM-FIRST-CANDIDATE-000146"	"FindNextFileOem"	"remains-first-degree-external-interface"	""	""	"No canonical zero-degree function name matches this direct callee spelling."
"MVDM-FIRST-CANDIDATE-000147"	"FindClose"	"remains-first-degree-external-interface"	""	""	"No canonical zero-degree function name matches this direct callee spelling."
"MVDM-FIRST-CANDIDATE-000148"	"GetLocalTime"	"remains-first-degree-external-interface"	""	""	"No canonical zero-degree function name matches this direct callee spelling."
"MVDM-FIRST-CANDIDATE-000149"	"GetFileSize"	"remains-first-degree-external-interface"	""	""	"No canonical zero-degree function name matches this direct callee spelling."
"MVDM-FIRST-CANDIDATE-000150"	"CreateFileOem"	"remains-first-degree-external-interface"	""	""	"No canonical zero-degree function name matches this direct callee spelling."
"MVDM-FIRST-CANDIDATE-000151"	"GetFileAttributesOem"	"remains-first-degree-external-interface"	""	""	"No canonical zero-degree function name matches this direct callee spelling."
"MVDM-FIRST-CANDIDATE-000152"	"CreateFileOem"	"remains-first-degree-external-interface"	""	""	"No canonical zero-degree function name matches this direct callee spelling."
"MVDM-FIRST-CANDIDATE-000153"	"GetFileTime"	"remains-first-degree-external-interface"	""	""	"No canonical zero-degree function name matches this direct callee spelling."
"MVDM-FIRST-CANDIDATE-000154"	"FileTimeToLocalFileTime"	"remains-first-degree-external-interface"	""	""	"No canonical zero-degree function name matches this direct callee spelling."
"MVDM-FIRST-CANDIDATE-000155"	"GetFileSize"	"remains-first-degree-external-interface"	""	""	"No canonical zero-degree function name matches this direct callee spelling."
"MVDM-FIRST-CANDIDATE-000156"	"OutputDebugStringOem"	"remains-first-degree-external-interface"	""	""	"No canonical zero-degree function name matches this direct callee spelling."
"MVDM-FIRST-CANDIDATE-000157"	"CreateFileOem"	"remains-first-degree-external-interface"	""	""	"No canonical zero-degree function name matches this direct callee spelling."
"MVDM-FIRST-CANDIDATE-000158"	"GetFileSize"	"remains-first-degree-external-interface"	""	""	"No canonical zero-degree function name matches this direct callee spelling."
"MVDM-FIRST-CANDIDATE-000159"	"OutputDebugStringOem"	"remains-first-degree-external-interface"	""	""	"No canonical zero-degree function name matches this direct callee spelling."
"MVDM-FIRST-CANDIDATE-000160"	"DeleteFileOem"	"remains-first-degree-external-interface"	""	""	"No canonical zero-degree function name matches this direct callee spelling."
"MVDM-FIRST-CANDIDATE-000161"	"OutputDebugStringOem"	"remains-first-degree-external-interface"	""	""	"No canonical zero-degree function name matches this direct callee spelling."
"MVDM-FIRST-CANDIDATE-000162"	"GetFileAttributesOem"	"remains-first-degree-external-interface"	""	""	"No canonical zero-degree function name matches this direct callee spelling."
"MVDM-FIRST-CANDIDATE-000163"	"SetFileAttributesOem"	"remains-first-degree-external-interface"	""	""	"No canonical zero-degree function name matches this direct callee spelling."
"MVDM-FIRST-CANDIDATE-000164"	"OutputDebugStringOem"	"remains-first-degree-external-interface"	""	""	"No canonical zero-degree function name matches this direct callee spelling."
"MVDM-FIRST-CANDIDATE-000165"	"MoveFileOem"	"remains-first-degree-external-interface"	""	""	"No canonical zero-degree function name matches this direct callee spelling."
"MVDM-FIRST-CANDIDATE-000166"	"OutputDebugStringOem"	"remains-first-degree-external-interface"	""	""	"No canonical zero-degree function name matches this direct callee spelling."
"MVDM-FIRST-CANDIDATE-000167"	"CreateFileOem"	"remains-first-degree-external-interface"	""	""	"No canonical zero-degree function name matches this direct callee spelling."
"MVDM-FIRST-CANDIDATE-000168"	"RemoveFontResourceOem"	"remains-first-degree-external-interface"	""	""	"No canonical zero-degree function name matches this direct callee spelling."
"MVDM-FIRST-CANDIDATE-000169"	"RemoveFontResourceOem"	"remains-first-degree-external-interface"	""	""	"No canonical zero-degree function name matches this direct callee spelling."
"MVDM-FIRST-CANDIDATE-000170"	"GetFileSize"	"remains-first-degree-external-interface"	""	""	"No canonical zero-degree function name matches this direct callee spelling."
"MVDM-FIRST-CANDIDATE-000171"	"GetVolumeInformationOem"	"remains-first-degree-external-interface"	""	""	"No canonical zero-degree function name matches this direct callee spelling."
"MVDM-FIRST-CANDIDATE-000172"	"OutputDebugStringOem"	"remains-first-degree-external-interface"	""	""	"No canonical zero-degree function name matches this direct callee spelling."
"MVDM-FIRST-CANDIDATE-000173"	"CreateFileOem"	"remains-first-degree-external-interface"	""	""	"No canonical zero-degree function name matches this direct callee spelling."
"MVDM-FIRST-CANDIDATE-000174"	"SetCurrentDirectoryOem"	"remains-first-degree-external-interface"	""	""	"No canonical zero-degree function name matches this direct callee spelling."
"MVDM-FIRST-CANDIDATE-000175"	"RtlOemStringToUnicodeString"	"remains-first-degree-external-interface"	""	""	"No canonical zero-degree function name matches this direct callee spelling."
"MVDM-FIRST-CANDIDATE-000176"	"RtlDosPathNameToNtPathName_U"	"remains-first-degree-external-interface"	""	""	"No canonical zero-degree function name matches this direct callee spelling."
"MVDM-FIRST-CANDIDATE-000177"	"NtOpenFile"	"remains-first-degree-external-interface"	""	""	"No canonical zero-degree function name matches this direct callee spelling."
"MVDM-FIRST-CANDIDATE-000178"	"NtQueryVolumeInformationFile"	"remains-first-degree-external-interface"	""	""	"No canonical zero-degree function name matches this direct callee spelling."
"MVDM-FIRST-CANDIDATE-000179"	"NtClose"	"remains-first-degree-external-interface"	""	""	"No canonical zero-degree function name matches this direct callee spelling."
"MVDM-FIRST-CANDIDATE-000180"	"GetDriveTypeOem"	"remains-first-degree-external-interface"	""	""	"No canonical zero-degree function name matches this direct callee spelling."
"MVDM-FIRST-CANDIDATE-000181"	"GetLocalTime"	"remains-first-degree-external-interface"	""	""	"No canonical zero-degree function name matches this direct callee spelling."
"MVDM-FIRST-CANDIDATE-000182"	"GetLocalTime"	"remains-first-degree-external-interface"	""	""	"No canonical zero-degree function name matches this direct callee spelling."
"MVDM-FIRST-CANDIDATE-000183"	"GetLocalTime"	"remains-first-degree-external-interface"	""	""	"No canonical zero-degree function name matches this direct callee spelling."
"MVDM-FIRST-CANDIDATE-000184"	"SetLocalTime"	"remains-first-degree-external-interface"	""	""	"No canonical zero-degree function name matches this direct callee spelling."
"MVDM-FIRST-CANDIDATE-000185"	"GetLocalTime"	"remains-first-degree-external-interface"	""	""	"No canonical zero-degree function name matches this direct callee spelling."
"MVDM-FIRST-CANDIDATE-000186"	"SetLocalTime"	"remains-first-degree-external-interface"	""	""	"No canonical zero-degree function name matches this direct callee spelling."
"MVDM-FIRST-CANDIDATE-000187"	"GetVolumeInformationOem"	"remains-first-degree-external-interface"	""	""	"No canonical zero-degree function name matches this direct callee spelling."
"MVDM-FIRST-CANDIDATE-000188"	"GetComputerNameOem"	"remains-first-degree-external-interface"	""	""	"No canonical zero-degree function name matches this direct callee spelling."
"MVDM-FIRST-CANDIDATE-000189"	"GetDiskFreeSpaceOem"	"remains-first-degree-external-interface"	""	""	"No canonical zero-degree function name matches this direct callee spelling."
"MVDM-FIRST-CANDIDATE-000190"	"SetEndOfFile"	"remains-first-degree-external-interface"	""	""	"No canonical zero-degree function name matches this direct callee spelling."
"MVDM-FIRST-CANDIDATE-000191"	"GetFileTime"	"remains-first-degree-external-interface"	""	""	"No canonical zero-degree function name matches this direct callee spelling."
"MVDM-FIRST-CANDIDATE-000192"	"GetSystemTime"	"remains-first-degree-external-interface"	""	""	"No canonical zero-degree function name matches this direct callee spelling."
"MVDM-FIRST-CANDIDATE-000193"	"SystemTimeToFileTime"	"remains-first-degree-external-interface"	""	""	"No canonical zero-degree function name matches this direct callee spelling."
"MVDM-FIRST-CANDIDATE-000194"	"FileTimeToLocalFileTime"	"remains-first-degree-external-interface"	""	""	"No canonical zero-degree function name matches this direct callee spelling."
"MVDM-FIRST-CANDIDATE-000195"	"LocalFileTimeToFileTime"	"remains-first-degree-external-interface"	""	""	"No canonical zero-degree function name matches this direct callee spelling."
"MVDM-FIRST-CANDIDATE-000196"	"SetFileTime"	"remains-first-degree-external-interface"	""	""	"No canonical zero-degree function name matches this direct callee spelling."
"MVDM-FIRST-CANDIDATE-000197"	"FlushFileBuffers"	"remains-first-degree-external-interface"	""	""	"No canonical zero-degree function name matches this direct callee spelling."
"MVDM-FIRST-CANDIDATE-000198"	"OutputDebugStringOem"	"remains-first-degree-external-interface"	""	""	"No canonical zero-degree function name matches this direct callee spelling."
"MVDM-FIRST-CANDIDATE-000199"	"GetFileSize"	"remains-first-degree-external-interface"	""	""	"No canonical zero-degree function name matches this direct callee spelling."
"MVDM-FIRST-CANDIDATE-000200"	"GetFileSize"	"remains-first-degree-external-interface"	""	""	"No canonical zero-degree function name matches this direct callee spelling."
"MVDM-FIRST-CANDIDATE-000201"	"GetDriveTypeOem"	"remains-first-degree-external-interface"	""	""	"No canonical zero-degree function name matches this direct callee spelling."
"MVDM-FIRST-CANDIDATE-000202"	"DeviceIoControl"	"remains-first-degree-external-interface"	""	""	"No canonical zero-degree function name matches this direct callee spelling."
"MVDM-FIRST-CANDIDATE-000203"	"SetVolumeLabelA"	"remains-first-degree-external-interface"	""	""	"No canonical zero-degree function name matches this direct callee spelling."
"MVDM-FIRST-CANDIDATE-000204"	"SetVolumeLabelA"	"remains-first-degree-external-interface"	""	""	"No canonical zero-degree function name matches this direct callee spelling."
"MVDM-FIRST-CANDIDATE-000205"	"LockFile"	"remains-first-degree-external-interface"	""	""	"No canonical zero-degree function name matches this direct callee spelling."
"MVDM-FIRST-CANDIDATE-000206"	"UnlockFile"	"remains-first-degree-external-interface"	""	""	"No canonical zero-degree function name matches this direct callee spelling."
"MVDM-FIRST-CANDIDATE-000207"	"CreateFileOem"	"remains-first-degree-external-interface"	""	""	"No canonical zero-degree function name matches this direct callee spelling."
"MVDM-FIRST-CANDIDATE-000208"	"OutputDebugStringOem"	"remains-first-degree-external-interface"	""	""	"No canonical zero-degree function name matches this direct callee spelling."
"MVDM-FIRST-CANDIDATE-000209"	"OutputDebugStringOem"	"remains-first-degree-external-interface"	""	""	"No canonical zero-degree function name matches this direct callee spelling."
"MVDM-FIRST-CANDIDATE-000210"	"OutputDebugStringOem"	"remains-first-degree-external-interface"	""	""	"No canonical zero-degree function name matches this direct callee spelling."
"MVDM-FIRST-CANDIDATE-000211"	"OutputDebugStringOem"	"remains-first-degree-external-interface"	""	""	"No canonical zero-degree function name matches this direct callee spelling."
"MVDM-FIRST-CANDIDATE-000212"	"OutputDebugStringOem"	"remains-first-degree-external-interface"	""	""	"No canonical zero-degree function name matches this direct callee spelling."
"MVDM-FIRST-CANDIDATE-000213"	"OutputDebugStringOem"	"remains-first-degree-external-interface"	""	""	"No canonical zero-degree function name matches this direct callee spelling."
"MVDM-FIRST-CANDIDATE-000214"	"DbgPrompt"	"remains-first-degree-external-interface"	""	""	"No canonical zero-degree function name matches this direct callee spelling."
"MVDM-FIRST-CANDIDATE-000215"	"GetFullPathNameOem"	"remains-first-degree-external-interface"	""	""	"No canonical zero-degree function name matches this direct callee spelling."
"MVDM-FIRST-CANDIDATE-000216"	"OutputDebugStringOem"	"remains-first-degree-external-interface"	""	""	"No canonical zero-degree function name matches this direct callee spelling."
"MVDM-FIRST-CANDIDATE-000217"	"NtQueryInformationProcess"	"remains-first-degree-external-interface"	""	""	"No canonical zero-degree function name matches this direct callee spelling."
"MVDM-FIRST-CANDIDATE-000218"	"OutputDebugStringOem"	"remains-first-degree-external-interface"	""	""	"No canonical zero-degree function name matches this direct callee spelling."
"MVDM-FIRST-CANDIDATE-000219"	"OutputDebugStringOem"	"remains-first-degree-external-interface"	""	""	"No canonical zero-degree function name matches this direct callee spelling."
"MVDM-FIRST-CANDIDATE-000220"	"OutputDebugStringOem"	"remains-first-degree-external-interface"	""	""	"No canonical zero-degree function name matches this direct callee spelling."
"MVDM-FIRST-CANDIDATE-000221"	"RtlInitString"	"remains-first-degree-external-interface"	""	""	"No canonical zero-degree function name matches this direct callee spelling."
"MVDM-FIRST-CANDIDATE-000222"	"RtlOemStringToUnicodeString"	"remains-first-degree-external-interface"	""	""	"No canonical zero-degree function name matches this direct callee spelling."
"MVDM-FIRST-CANDIDATE-000223"	"RtlNtStatusToDosError"	"remains-first-degree-external-interface"	""	""	"No canonical zero-degree function name matches this direct callee spelling."
"MVDM-FIRST-CANDIDATE-000224"	"OutputDebugStringOem"	"remains-first-degree-external-interface"	""	""	"No canonical zero-degree function name matches this direct callee spelling."
"MVDM-FIRST-CANDIDATE-000225"	"OutputDebugStringOem"	"remains-first-degree-external-interface"	""	""	"No canonical zero-degree function name matches this direct callee spelling."
"MVDM-FIRST-CANDIDATE-000226"	"OutputDebugStringOem"	"remains-first-degree-external-interface"	""	""	"No canonical zero-degree function name matches this direct callee spelling."
"MVDM-FIRST-CANDIDATE-000227"	"RtlFreeUnicodeString"	"remains-first-degree-external-interface"	""	""	"No canonical zero-degree function name matches this direct callee spelling."
"MVDM-FIRST-CANDIDATE-000228"	"RtlFreeUnicodeString"	"remains-first-degree-external-interface"	""	""	"No canonical zero-degree function name matches this direct callee spelling."
"MVDM-FIRST-CANDIDATE-000229"	"RtlNtStatusToDosError"	"remains-first-degree-external-interface"	""	""	"No canonical zero-degree function name matches this direct callee spelling."
"MVDM-FIRST-CANDIDATE-000230"	"NtClose"	"remains-first-degree-external-interface"	""	""	"No canonical zero-degree function name matches this direct callee spelling."
"MVDM-FIRST-CANDIDATE-000231"	"RtlDosPathNameToNtPathName_U"	"remains-first-degree-external-interface"	""	""	"No canonical zero-degree function name matches this direct callee spelling."
"MVDM-FIRST-CANDIDATE-000232"	"RtlCreateUnicodeString"	"remains-first-degree-external-interface"	""	""	"No canonical zero-degree function name matches this direct callee spelling."
"MVDM-FIRST-CANDIDATE-000233"	"NtOpenFile"	"remains-first-degree-external-interface"	""	""	"No canonical zero-degree function name matches this direct callee spelling."
"MVDM-FIRST-CANDIDATE-000234"	"OutputDebugStringOem"	"remains-first-degree-external-interface"	""	""	"No canonical zero-degree function name matches this direct callee spelling."
"MVDM-FIRST-CANDIDATE-000235"	"NtQueryDirectoryFile"	"remains-first-degree-external-interface"	""	""	"No canonical zero-degree function name matches this direct callee spelling."
"MVDM-FIRST-CANDIDATE-000236"	"OutputDebugStringOem"	"remains-first-degree-external-interface"	""	""	"No canonical zero-degree function name matches this direct callee spelling."
"MVDM-FIRST-CANDIDATE-000237"	"RtlFreeUnicodeString"	"remains-first-degree-external-interface"	""	""	"No canonical zero-degree function name matches this direct callee spelling."
"MVDM-FIRST-CANDIDATE-000238"	"RtlFreeUnicodeString"	"remains-first-degree-external-interface"	""	""	"No canonical zero-degree function name matches this direct callee spelling."
"MVDM-FIRST-CANDIDATE-000239"	"NtClose"	"remains-first-degree-external-interface"	""	""	"No canonical zero-degree function name matches this direct callee spelling."
"MVDM-FIRST-CANDIDATE-000240"	"RtlCompareUnicodeString"	"remains-first-degree-external-interface"	""	""	"No canonical zero-degree function name matches this direct callee spelling."
"MVDM-FIRST-CANDIDATE-000241"	"RtlCompareUnicodeString"	"remains-first-degree-external-interface"	""	""	"No canonical zero-degree function name matches this direct callee spelling."
"MVDM-FIRST-CANDIDATE-000242"	"NtVdmControl"	"remains-first-degree-external-interface"	""	""	"No canonical zero-degree function name matches this direct callee spelling."
"MVDM-FIRST-CANDIDATE-000243"	"NtQueryDirectoryFile"	"remains-first-degree-external-interface"	""	""	"No canonical zero-degree function name matches this direct callee spelling."
"MVDM-FIRST-CANDIDATE-000244"	"OutputDebugStringOem"	"remains-first-degree-external-interface"	""	""	"No canonical zero-degree function name matches this direct callee spelling."
"MVDM-FIRST-CANDIDATE-000245"	"RtlCompareUnicodeString"	"remains-first-degree-external-interface"	""	""	"No canonical zero-degree function name matches this direct callee spelling."
"MVDM-FIRST-CANDIDATE-000246"	"NtQueryDirectoryFile"	"remains-first-degree-external-interface"	""	""	"No canonical zero-degree function name matches this direct callee spelling."
"MVDM-FIRST-CANDIDATE-000247"	"OutputDebugStringOem"	"remains-first-degree-external-interface"	""	""	"No canonical zero-degree function name matches this direct callee spelling."
"MVDM-FIRST-CANDIDATE-000248"	"NtQueryDirectoryFile"	"remains-first-degree-external-interface"	""	""	"No canonical zero-degree function name matches this direct callee spelling."
"MVDM-FIRST-CANDIDATE-000249"	"OutputDebugStringOem"	"remains-first-degree-external-interface"	""	""	"No canonical zero-degree function name matches this direct callee spelling."
"MVDM-FIRST-CANDIDATE-000250"	"RtlIsNameLegalDOS8Dot3"	"remains-first-degree-external-interface"	""	""	"No canonical zero-degree function name matches this direct callee spelling."
"MVDM-FIRST-CANDIDATE-000251"	"RtlUpcaseUnicodeStringToCountedOemString"	"remains-first-degree-external-interface"	""	""	"No canonical zero-degree function name matches this direct callee spelling."
"MVDM-FIRST-CANDIDATE-000252"	"RtlIsDosDeviceName_U"	"remains-first-degree-external-interface"	""	""	"No canonical zero-degree function name matches this direct callee spelling."
"MVDM-FIRST-CANDIDATE-000253"	"GetVolumeInformationOem"	"remains-first-degree-external-interface"	""	""	"No canonical zero-degree function name matches this direct callee spelling."
"MVDM-FIRST-CANDIDATE-000254"	"GetVolumeInformationOem"	"remains-first-degree-external-interface"	""	""	"No canonical zero-degree function name matches this direct callee spelling."
"MVDM-FIRST-CANDIDATE-000255"	"OutputDebugStringOem"	"remains-first-degree-external-interface"	""	""	"No canonical zero-degree function name matches this direct callee spelling."
"MVDM-FIRST-CANDIDATE-000256"	"_strnset"	"remains-first-degree-external-interface"	""	""	"No canonical zero-degree function name matches this direct callee spelling."
"MVDM-FIRST-CANDIDATE-000257"	"_strnset"	"remains-first-degree-external-interface"	""	""	"No canonical zero-degree function name matches this direct callee spelling."
"MVDM-FIRST-CANDIDATE-000258"	"FileTimeToLocalFileTime"	"remains-first-degree-external-interface"	""	""	"No canonical zero-degree function name matches this direct callee spelling."
"MVDM-FIRST-CANDIDATE-000259"	"FileTimeToLocalFileTime"	"remains-first-degree-external-interface"	""	""	"No canonical zero-degree function name matches this direct callee spelling."
"MVDM-FIRST-CANDIDATE-000260"	"OutputDebugStringOem"	"remains-first-degree-external-interface"	""	""	"No canonical zero-degree function name matches this direct callee spelling."
"MVDM-FIRST-CANDIDATE-000261"	"NtClose"	"remains-first-degree-external-interface"	""	""	"No canonical zero-degree function name matches this direct callee spelling."
"MVDM-FIRST-CANDIDATE-000262"	"RtlFreeUnicodeString"	"remains-first-degree-external-interface"	""	""	"No canonical zero-degree function name matches this direct callee spelling."
"MVDM-FIRST-CANDIDATE-000263"	"RtlFreeUnicodeString"	"remains-first-degree-external-interface"	""	""	"No canonical zero-degree function name matches this direct callee spelling."
"MVDM-FIRST-CANDIDATE-000264"	"NtVdmControl"	"remains-first-degree-external-interface"	""	""	"No canonical zero-degree function name matches this direct callee spelling."
"MVDM-FIRST-CANDIDATE-000265"	"SAAllocate"	"remains-first-degree-external-interface"	""	""	"No canonical zero-degree function name matches this direct callee spelling."
"MVDM-FIRST-CANDIDATE-000266"	"SAFree"	"remains-first-degree-external-interface"	""	""	"No canonical zero-degree function name matches this direct callee spelling."
"MVDM-FIRST-CANDIDATE-000267"	"SAReallocate"	"remains-first-degree-external-interface"	""	""	"No canonical zero-degree function name matches this direct callee spelling."
"MVDM-FIRST-CANDIDATE-000268"	"SAQueryFree"	"remains-first-degree-external-interface"	""	""	"No canonical zero-degree function name matches this direct callee spelling."
"MVDM-FIRST-CANDIDATE-000269"	"GlobalMemoryStatus"	"remains-first-degree-external-interface"	""	""	"No canonical zero-degree function name matches this direct callee spelling."
"MVDM-FIRST-CANDIDATE-000270"	"NtSetLdtEntries"	"remains-first-degree-external-interface"	""	""	"No canonical zero-degree function name matches this direct callee spelling."
"MVDM-FIRST-CANDIDATE-000271"	"NtSetInformationProcess"	"remains-first-degree-external-interface"	""	""	"No canonical zero-degree function name matches this direct callee spelling."
"MVDM-FIRST-CANDIDATE-000272"	"GetFastBopEntryAddress"	"remains-first-degree-external-interface"	""	""	"No canonical zero-degree function name matches this direct callee spelling."
"MVDM-FIRST-CANDIDATE-000273"	"NtAllocateVirtualMemory"	"remains-first-degree-external-interface"	""	""	"No canonical zero-degree function name matches this direct callee spelling."
"MVDM-FIRST-CANDIDATE-000274"	"NtFreeVirtualMemory"	"remains-first-degree-external-interface"	""	""	"No canonical zero-degree function name matches this direct callee spelling."
"MVDM-FIRST-CANDIDATE-000275"	"NtAllocateVirtualMemory"	"remains-first-degree-external-interface"	""	""	"No canonical zero-degree function name matches this direct callee spelling."
"MVDM-FIRST-CANDIDATE-000276"	"NtFreeVirtualMemory"	"remains-first-degree-external-interface"	""	""	"No canonical zero-degree function name matches this direct callee spelling."
"MVDM-FIRST-CANDIDATE-000277"	"GlobalMemoryStatus"	"remains-first-degree-external-interface"	""	""	"No canonical zero-degree function name matches this direct callee spelling."
"MVDM-FIRST-CANDIDATE-000278"	"RtlCharToInteger"	"remains-first-degree-external-interface"	""	""	"No canonical zero-degree function name matches this direct callee spelling."
"MVDM-FIRST-CANDIDATE-000279"	"EngDebugPrint"	"remains-first-degree-external-interface"	""	""	"No canonical zero-degree function name matches this direct callee spelling."
"MVDM-FIRST-CANDIDATE-000280"	"EngAllocMem"	"remains-first-degree-external-interface"	""	""	"No canonical zero-degree function name matches this direct callee spelling."
"MVDM-FIRST-CANDIDATE-000281"	"EngFreeMem"	"remains-first-degree-external-interface"	""	""	"No canonical zero-degree function name matches this direct callee spelling."
"MVDM-FIRST-CANDIDATE-000282"	"EngCreatePalette"	"remains-first-degree-external-interface"	""	""	"No canonical zero-degree function name matches this direct callee spelling."
"MVDM-FIRST-CANDIDATE-000283"	"EngDeletePalette"	"remains-first-degree-external-interface"	""	""	"No canonical zero-degree function name matches this direct callee spelling."
"MVDM-FIRST-CANDIDATE-000284"	"EngFreeMem"	"remains-first-degree-external-interface"	""	""	"No canonical zero-degree function name matches this direct callee spelling."
"MVDM-FIRST-CANDIDATE-000285"	"EngCreateBitmap"	"remains-first-degree-external-interface"	""	""	"No canonical zero-degree function name matches this direct callee spelling."
"MVDM-FIRST-CANDIDATE-000286"	"EngAssociateSurface"	"remains-first-degree-external-interface"	""	""	"No canonical zero-degree function name matches this direct callee spelling."
"MVDM-FIRST-CANDIDATE-000287"	"EngDeleteSurface"	"remains-first-degree-external-interface"	""	""	"No canonical zero-degree function name matches this direct callee spelling."
"MVDM-FIRST-CANDIDATE-000288"	"EngEraseSurface"	"remains-first-degree-external-interface"	""	""	"No canonical zero-degree function name matches this direct callee spelling."
"MVDM-FIRST-CANDIDATE-000289"	"FlushFileBuffers"	"remains-first-degree-external-interface"	""	""	"No canonical zero-degree function name matches this direct callee spelling."
"MVDM-FIRST-CANDIDATE-000290"	"WaitForInputIdle"	"remains-first-degree-external-interface"	""	""	"No canonical zero-degree function name matches this direct callee spelling."
"MVDM-FIRST-CANDIDATE-000291"	"wcscpy"	"remains-first-degree-external-interface"	""	""	"No canonical zero-degree function name matches this direct callee spelling."
"MVDM-FIRST-CANDIDATE-000292"	"wcstok"	"remains-first-degree-external-interface"	""	""	"No canonical zero-degree function name matches this direct callee spelling."
"MVDM-FIRST-CANDIDATE-000293"	"wcstok"	"remains-first-degree-external-interface"	""	""	"No canonical zero-degree function name matches this direct callee spelling."
"MVDM-FIRST-CANDIDATE-000294"	"GetWindowLongA"	"remains-first-degree-external-interface"	""	""	"No canonical zero-degree function name matches this direct callee spelling."
"MVDM-FIRST-CANDIDATE-000295"	"GetFaxDataMapName"	"remains-first-degree-external-interface"	""	""	"No canonical zero-degree function name matches this direct callee spelling."
"MVDM-FIRST-CANDIDATE-000296"	"pfnComPropSheet"	"remains-first-degree-external-interface"	""	""	"No canonical zero-degree function name matches this direct callee spelling."
"MVDM-FIRST-CANDIDATE-000297"	"pfnComPropSheet"	"remains-first-degree-external-interface"	""	""	"No canonical zero-degree function name matches this direct callee spelling."
"MVDM-FIRST-CANDIDATE-000298"	"pfnComPropSheet"	"remains-first-degree-external-interface"	""	""	"No canonical zero-degree function name matches this direct callee spelling."
"MVDM-FIRST-CANDIDATE-000299"	"wcscpy"	"remains-first-degree-external-interface"	""	""	"No canonical zero-degree function name matches this direct callee spelling."
"MVDM-FIRST-CANDIDATE-000300"	"wcscat"	"remains-first-degree-external-interface"	""	""	"No canonical zero-degree function name matches this direct callee spelling."
"MVDM-FIRST-CANDIDATE-000301"	"wcscat"	"remains-first-degree-external-interface"	""	""	"No canonical zero-degree function name matches this direct callee spelling."
"MVDM-FIRST-CANDIDATE-000302"	"FindClose"	"remains-first-degree-external-interface"	""	""	"No canonical zero-degree function name matches this direct callee spelling."
"MVDM-FIRST-CANDIDATE-000303"	"CompareFileTime"	"remains-first-degree-external-interface"	""	""	"No canonical zero-degree function name matches this direct callee spelling."
"MVDM-FIRST-CANDIDATE-000304"	"CompareFileTime"	"remains-first-degree-external-interface"	""	""	"No canonical zero-degree function name matches this direct callee spelling."
"MVDM-FIRST-CANDIDATE-000305"	"wcsrchr"	"remains-first-degree-external-interface"	""	""	"No canonical zero-degree function name matches this direct callee spelling."
"MVDM-FIRST-CANDIDATE-000306"	"DisableThreadLibraryCalls"	"remains-first-degree-external-interface"	""	""	"No canonical zero-degree function name matches this direct callee spelling."
"MVDM-FIRST-CANDIDATE-000307"	"GetCurrentThreadId"	"remains-first-degree-external-interface"	""	""	"No canonical zero-degree function name matches this direct callee spelling."
"MVDM-FIRST-CANDIDATE-000308"	"GetWindowThreadProcessId"	"remains-first-degree-external-interface"	""	""	"No canonical zero-degree function name matches this direct callee spelling."
"MVDM-FIRST-CANDIDATE-000309"	"GetWindowThreadProcessId"	"remains-first-degree-external-interface"	""	""	"No canonical zero-degree function name matches this direct callee spelling."
"MVDM-FIRST-CANDIDATE-000310"	"GetWindowThreadProcessId"	"remains-first-degree-external-interface"	""	""	"No canonical zero-degree function name matches this direct callee spelling."
"MVDM-FIRST-CANDIDATE-000311"	"GetWindowThreadProcessId"	"remains-first-degree-external-interface"	""	""	"No canonical zero-degree function name matches this direct callee spelling."
"MVDM-FIRST-CANDIDATE-000312"	"ReadProcessMemory"	"remains-first-degree-external-interface"	""	""	"No canonical zero-degree function name matches this direct callee spelling."
"MVDM-FIRST-CANDIDATE-000313"	"WriteProcessMemory"	"remains-first-degree-external-interface"	""	""	"No canonical zero-degree function name matches this direct callee spelling."
"MVDM-FIRST-CANDIDATE-000314"	"NtDeviceIoControlFile"	"remains-first-degree-external-interface"	""	""	"No canonical zero-degree function name matches this direct callee spelling."
"MVDM-FIRST-CANDIDATE-000315"	"RtlInitString"	"remains-first-degree-external-interface"	""	""	"No canonical zero-degree function name matches this direct callee spelling."
"MVDM-FIRST-CANDIDATE-000316"	"GetAcpuNpxRegisters"	"remains-first-degree-external-interface"	""	""	"No canonical zero-degree function name matches this direct callee spelling."
"MVDM-FIRST-CANDIDATE-000317"	"GetVideolatches"	"remains-first-degree-external-interface"	""	""	"No canonical zero-degree function name matches this direct callee spelling."
"MVDM-FIRST-CANDIDATE-000318"	"SetVideolatches"	"remains-first-degree-external-interface"	""	""	"No canonical zero-degree function name matches this direct callee spelling."
"MVDM-FIRST-CANDIDATE-000319"	"SfdelayUSecs"	"remains-first-degree-external-interface"	""	""	"No canonical zero-degree function name matches this direct callee spelling."
"MVDM-FIRST-CANDIDATE-000320"	"SfsasTouchBop"	"remains-first-degree-external-interface"	""	""	"No canonical zero-degree function name matches this direct callee spelling."
"MVDM-FIRST-CANDIDATE-000321"	"SfscatterGatherSasTouch"	"remains-first-degree-external-interface"	""	""	"No canonical zero-degree function name matches this direct callee spelling."
"MVDM-FIRST-CANDIDATE-000322"	"EDL_fast_bop"	"remains-first-degree-external-interface"	""	""	"No canonical zero-degree function name matches this direct callee spelling."
"MVDM-FIRST-CANDIDATE-000323"	"VectorBase8259Slave"	"remains-first-degree-external-interface"	""	""	"No canonical zero-degree function name matches this direct callee spelling."
"MVDM-FIRST-CANDIDATE-000324"	"IgnoringThisSynchPoint"	"remains-first-degree-external-interface"	""	""	"No canonical zero-degree function name matches this direct callee spelling."
"MVDM-FIRST-CANDIDATE-000325"	"sf_debug_char_waiting"	"remains-first-degree-external-interface"	""	""	"No canonical zero-degree function name matches this direct callee spelling."
"MVDM-FIRST-CANDIDATE-000326"	"set_flags_ignore"	"remains-first-degree-external-interface"	""	""	"No canonical zero-degree function name matches this direct callee spelling."
"MVDM-FIRST-CANDIDATE-000327"	"set_flags_ignore"	"remains-first-degree-external-interface"	""	""	"No canonical zero-degree function name matches this direct callee spelling."
"MVDM-FIRST-CANDIDATE-000328"	"cannot_phy_write_byte"	"remains-first-degree-external-interface"	""	""	"No canonical zero-degree function name matches this direct callee spelling."
"MVDM-FIRST-CANDIDATE-000329"	"cannot_phy_write_dword"	"remains-first-degree-external-interface"	""	""	"No canonical zero-degree function name matches this direct callee spelling."
"MVDM-FIRST-CANDIDATE-000330"	"cannot_phy_write_word"	"remains-first-degree-external-interface"	""	""	"No canonical zero-degree function name matches this direct callee spelling."
"MVDM-FIRST-CANDIDATE-000331"	"cannot_phy_write_byte"	"remains-first-degree-external-interface"	""	""	"No canonical zero-degree function name matches this direct callee spelling."
"MVDM-FIRST-CANDIDATE-000332"	"cannot_phy_write_dword"	"remains-first-degree-external-interface"	""	""	"No canonical zero-degree function name matches this direct callee spelling."
"MVDM-FIRST-CANDIDATE-000333"	"cannot_phy_write_word"	"remains-first-degree-external-interface"	""	""	"No canonical zero-degree function name matches this direct callee spelling."
"MVDM-FIRST-CANDIDATE-000334"	"pig_fault_write"	"remains-first-degree-external-interface"	""	""	"No canonical zero-degree function name matches this direct callee spelling."
"MVDM-FIRST-CANDIDATE-000335"	"pig_fault_write"	"remains-first-degree-external-interface"	""	""	"No canonical zero-degree function name matches this direct callee spelling."
"MVDM-FIRST-CANDIDATE-000336"	"pig_fault_write"	"remains-first-degree-external-interface"	""	""	"No canonical zero-degree function name matches this direct callee spelling."
"MVDM-FIRST-CANDIDATE-000337"	"ignore_page_accessed"	"remains-first-degree-external-interface"	""	""	"No canonical zero-degree function name matches this direct callee spelling."
"MVDM-FIRST-CANDIDATE-000338"	"cannot_phy_write_byte"	"remains-first-degree-external-interface"	""	""	"No canonical zero-degree function name matches this direct callee spelling."
"MVDM-FIRST-CANDIDATE-000339"	"cannot_phy_write_byte"	"remains-first-degree-external-interface"	""	""	"No canonical zero-degree function name matches this direct callee spelling."
"MVDM-FIRST-CANDIDATE-000340"	"cannot_phy_write_byte"	"remains-first-degree-external-interface"	""	""	"No canonical zero-degree function name matches this direct callee spelling."
"MVDM-FIRST-CANDIDATE-000341"	"ignore_page_accessed"	"remains-first-degree-external-interface"	""	""	"No canonical zero-degree function name matches this direct callee spelling."
"MVDM-FIRST-CANDIDATE-000342"	"cannot_phy_write_byte"	"remains-first-degree-external-interface"	""	""	"No canonical zero-degree function name matches this direct callee spelling."
"MVDM-FIRST-CANDIDATE-000343"	"cannot_phy_write_byte"	"remains-first-degree-external-interface"	""	""	"No canonical zero-degree function name matches this direct callee spelling."
"MVDM-FIRST-CANDIDATE-000344"	"SasPtrToPhysAddrByte"	"remains-first-degree-external-interface"	""	""	"No canonical zero-degree function name matches this direct callee spelling."
"MVDM-FIRST-CANDIDATE-000345"	"strtol"	"remains-first-degree-external-interface"	""	""	"No canonical zero-degree function name matches this direct callee spelling."
"MVDM-FIRST-CANDIDATE-000346"	"strtol"	"remains-first-degree-external-interface"	""	""	"No canonical zero-degree function name matches this direct callee spelling."
"MVDM-FIRST-CANDIDATE-000347"	"Sas_w_at"	"remains-first-degree-external-interface"	""	""	"No canonical zero-degree function name matches this direct callee spelling."
"MVDM-FIRST-CANDIDATE-000348"	"floor"	"remains-first-degree-external-interface"	""	""	"No canonical zero-degree function name matches this direct callee spelling."
"MVDM-FIRST-CANDIDATE-000349"	"ceil"	"remains-first-degree-external-interface"	""	""	"No canonical zero-degree function name matches this direct callee spelling."
"MVDM-FIRST-CANDIDATE-000350"	"floor"	"remains-first-degree-external-interface"	""	""	"No canonical zero-degree function name matches this direct callee spelling."
"MVDM-FIRST-CANDIDATE-000351"	"floor"	"remains-first-degree-external-interface"	""	""	"No canonical zero-degree function name matches this direct callee spelling."
"MVDM-FIRST-CANDIDATE-000352"	"ceil"	"remains-first-degree-external-interface"	""	""	"No canonical zero-degree function name matches this direct callee spelling."
"MVDM-FIRST-CANDIDATE-000353"	"floor"	"remains-first-degree-external-interface"	""	""	"No canonical zero-degree function name matches this direct callee spelling."
"MVDM-FIRST-CANDIDATE-000354"	"floor"	"remains-first-degree-external-interface"	""	""	"No canonical zero-degree function name matches this direct callee spelling."
"MVDM-FIRST-CANDIDATE-000355"	"ceil"	"remains-first-degree-external-interface"	""	""	"No canonical zero-degree function name matches this direct callee spelling."
"MVDM-FIRST-CANDIDATE-000356"	"ceil"	"remains-first-degree-external-interface"	""	""	"No canonical zero-degree function name matches this direct callee spelling."
"MVDM-FIRST-CANDIDATE-000357"	"floor"	"remains-first-degree-external-interface"	""	""	"No canonical zero-degree function name matches this direct callee spelling."
"MVDM-FIRST-CANDIDATE-000358"	"SFMalloc"	"remains-first-degree-external-interface"	""	""	"No canonical zero-degree function name matches this direct callee spelling."
"MVDM-FIRST-CANDIDATE-000359"	"pow"	"remains-first-degree-external-interface"	""	""	"No canonical zero-degree function name matches this direct callee spelling."
"MVDM-FIRST-CANDIDATE-000360"	"pow"	"remains-first-degree-external-interface"	""	""	"No canonical zero-degree function name matches this direct callee spelling."
"MVDM-FIRST-CANDIDATE-000361"	"fabs"	"remains-first-degree-external-interface"	""	""	"No canonical zero-degree function name matches this direct callee spelling."
"MVDM-FIRST-CANDIDATE-000362"	"cos"	"remains-first-degree-external-interface"	""	""	"No canonical zero-degree function name matches this direct callee spelling."
"MVDM-FIRST-CANDIDATE-000363"	"cos"	"remains-first-degree-external-interface"	""	""	"No canonical zero-degree function name matches this direct callee spelling."
"MVDM-FIRST-CANDIDATE-000364"	"atan2"	"remains-first-degree-external-interface"	""	""	"No canonical zero-degree function name matches this direct callee spelling."
"MVDM-FIRST-CANDIDATE-000365"	"atan2"	"remains-first-degree-external-interface"	""	""	"No canonical zero-degree function name matches this direct callee spelling."
"MVDM-FIRST-CANDIDATE-000366"	"tan"	"remains-first-degree-external-interface"	""	""	"No canonical zero-degree function name matches this direct callee spelling."
"MVDM-FIRST-CANDIDATE-000367"	"tan"	"remains-first-degree-external-interface"	""	""	"No canonical zero-degree function name matches this direct callee spelling."
"MVDM-FIRST-CANDIDATE-000368"	"floor"	"remains-first-degree-external-interface"	""	""	"No canonical zero-degree function name matches this direct callee spelling."
"MVDM-FIRST-CANDIDATE-000369"	"ceil"	"remains-first-degree-external-interface"	""	""	"No canonical zero-degree function name matches this direct callee spelling."
"MVDM-FIRST-CANDIDATE-000370"	"pow"	"remains-first-degree-external-interface"	""	""	"No canonical zero-degree function name matches this direct callee spelling."
"MVDM-FIRST-CANDIDATE-000371"	"sin"	"remains-first-degree-external-interface"	""	""	"No canonical zero-degree function name matches this direct callee spelling."
"MVDM-FIRST-CANDIDATE-000372"	"sin"	"remains-first-degree-external-interface"	""	""	"No canonical zero-degree function name matches this direct callee spelling."
"MVDM-FIRST-CANDIDATE-000373"	"cos"	"remains-first-degree-external-interface"	""	""	"No canonical zero-degree function name matches this direct callee spelling."
"MVDM-FIRST-CANDIDATE-000374"	"sin"	"remains-first-degree-external-interface"	""	""	"No canonical zero-degree function name matches this direct callee spelling."
"MVDM-FIRST-CANDIDATE-000375"	"cos"	"remains-first-degree-external-interface"	""	""	"No canonical zero-degree function name matches this direct callee spelling."
"MVDM-FIRST-CANDIDATE-000376"	"sin"	"remains-first-degree-external-interface"	""	""	"No canonical zero-degree function name matches this direct callee spelling."
"MVDM-FIRST-CANDIDATE-000377"	"sqrt"	"remains-first-degree-external-interface"	""	""	"No canonical zero-degree function name matches this direct callee spelling."
"MVDM-FIRST-CANDIDATE-000378"	"sqrt"	"remains-first-degree-external-interface"	""	""	"No canonical zero-degree function name matches this direct callee spelling."
"MVDM-FIRST-CANDIDATE-000379"	"double_switch_to"	"remains-first-degree-external-interface"	""	""	"No canonical zero-degree function name matches this direct callee spelling."
"MVDM-FIRST-CANDIDATE-000380"	"double_switch_to"	"remains-first-degree-external-interface"	""	""	"No canonical zero-degree function name matches this direct callee spelling."
"MVDM-FIRST-CANDIDATE-000381"	"TlsAlloc"	"remains-first-degree-external-interface"	""	""	"No canonical zero-degree function name matches this direct callee spelling."
"MVDM-FIRST-CANDIDATE-000382"	"GetCurrentThreadId"	"remains-first-degree-external-interface"	""	""	"No canonical zero-degree function name matches this direct callee spelling."
"MVDM-FIRST-CANDIDATE-000383"	"GetCurrentThreadId"	"remains-first-degree-external-interface"	""	""	"No canonical zero-degree function name matches this direct callee spelling."
"MVDM-FIRST-CANDIDATE-000384"	"GetCurrentThreadId"	"remains-first-degree-external-interface"	""	""	"No canonical zero-degree function name matches this direct callee spelling."
"MVDM-FIRST-CANDIDATE-000385"	"TlsSetValue"	"remains-first-degree-external-interface"	""	""	"No canonical zero-degree function name matches this direct callee spelling."
"MVDM-FIRST-CANDIDATE-000386"	"GetCurrentThreadId"	"remains-first-degree-external-interface"	""	""	"No canonical zero-degree function name matches this direct callee spelling."
"MVDM-FIRST-CANDIDATE-000387"	"GetCurrentThreadId"	"remains-first-degree-external-interface"	""	""	"No canonical zero-degree function name matches this direct callee spelling."
"MVDM-FIRST-CANDIDATE-000388"	"TlsGetValue"	"remains-first-degree-external-interface"	""	""	"No canonical zero-degree function name matches this direct callee spelling."
"MVDM-FIRST-CANDIDATE-000389"	"GetCurrentThreadId"	"remains-first-degree-external-interface"	""	""	"No canonical zero-degree function name matches this direct callee spelling."
"MVDM-FIRST-CANDIDATE-000390"	"GetCurrentThreadId"	"remains-first-degree-external-interface"	""	""	"No canonical zero-degree function name matches this direct callee spelling."
"MVDM-FIRST-CANDIDATE-000391"	"GetCurrentThreadId"	"remains-first-degree-external-interface"	""	""	"No canonical zero-degree function name matches this direct callee spelling."
"MVDM-FIRST-CANDIDATE-000392"	"GetCurrentThreadId"	"remains-first-degree-external-interface"	""	""	"No canonical zero-degree function name matches this direct callee spelling."
"MVDM-FIRST-CANDIDATE-000393"	"GetCurrentThreadId"	"remains-first-degree-external-interface"	""	""	"No canonical zero-degree function name matches this direct callee spelling."
"MVDM-FIRST-CANDIDATE-000394"	"TlsGetValue"	"remains-first-degree-external-interface"	""	""	"No canonical zero-degree function name matches this direct callee spelling."
"MVDM-FIRST-CANDIDATE-000395"	"GetCurrentThreadId"	"remains-first-degree-external-interface"	""	""	"No canonical zero-degree function name matches this direct callee spelling."
"MVDM-FIRST-CANDIDATE-000396"	"GetCurrentThreadId"	"remains-first-degree-external-interface"	""	""	"No canonical zero-degree function name matches this direct callee spelling."
"MVDM-FIRST-CANDIDATE-000397"	"TlsGetValue"	"remains-first-degree-external-interface"	""	""	"No canonical zero-degree function name matches this direct callee spelling."
"MVDM-FIRST-CANDIDATE-000398"	"GetCurrentThreadId"	"remains-first-degree-external-interface"	""	""	"No canonical zero-degree function name matches this direct callee spelling."
"MVDM-FIRST-CANDIDATE-000399"	"GetCurrentThreadId"	"remains-first-degree-external-interface"	""	""	"No canonical zero-degree function name matches this direct callee spelling."
"MVDM-FIRST-CANDIDATE-000400"	"TlsGetValue"	"remains-first-degree-external-interface"	""	""	"No canonical zero-degree function name matches this direct callee spelling."
"MVDM-FIRST-CANDIDATE-000401"	"GetCurrentThreadId"	"remains-first-degree-external-interface"	""	""	"No canonical zero-degree function name matches this direct callee spelling."
"MVDM-FIRST-CANDIDATE-000402"	"GetCurrentThreadId"	"remains-first-degree-external-interface"	""	""	"No canonical zero-degree function name matches this direct callee spelling."
"MVDM-FIRST-CANDIDATE-000403"	"TlsGetValue"	"remains-first-degree-external-interface"	""	""	"No canonical zero-degree function name matches this direct callee spelling."
"MVDM-FIRST-CANDIDATE-000404"	"GetCurrentThreadId"	"remains-first-degree-external-interface"	""	""	"No canonical zero-degree function name matches this direct callee spelling."
"MVDM-FIRST-CANDIDATE-000405"	"hg_add_comms_cb"	"remains-first-degree-external-interface"	""	""	"No canonical zero-degree function name matches this direct callee spelling."
"MVDM-FIRST-CANDIDATE-000406"	"is_hooked"	"remains-first-degree-external-interface"	""	""	"No canonical zero-degree function name matches this direct callee spelling."
"MVDM-FIRST-CANDIDATE-000407"	"hg_add_comms_cb"	"remains-first-degree-external-interface"	""	""	"No canonical zero-degree function name matches this direct callee spelling."
"MVDM-FIRST-CANDIDATE-000408"	"Ica_enable_hooking"	"remains-first-degree-external-interface"	""	""	"No canonical zero-degree function name matches this direct callee spelling."
"MVDM-FIRST-CANDIDATE-000409"	"Ica_enable_hooking"	"remains-first-degree-external-interface"	""	""	"No canonical zero-degree function name matches this direct callee spelling."
"MVDM-FIRST-CANDIDATE-000410"	"host_com_disable_autoflush"	"remains-first-degree-external-interface"	""	""	"No canonical zero-degree function name matches this direct callee spelling."
"MVDM-FIRST-CANDIDATE-000411"	"host_com_enable_autoflush"	"remains-first-degree-external-interface"	""	""	"No canonical zero-degree function name matches this direct callee spelling."
"MVDM-FIRST-CANDIDATE-000412"	"scanf"	"remains-first-degree-external-interface"	""	""	"No canonical zero-degree function name matches this direct callee spelling."
"MVDM-FIRST-CANDIDATE-000413"	"scanf"	"remains-first-degree-external-interface"	""	""	"No canonical zero-degree function name matches this direct callee spelling."
"MVDM-FIRST-CANDIDATE-000414"	"scanf"	"remains-first-degree-external-interface"	""	""	"No canonical zero-degree function name matches this direct callee spelling."
"MVDM-FIRST-CANDIDATE-000415"	"scanf"	"remains-first-degree-external-interface"	""	""	"No canonical zero-degree function name matches this direct callee spelling."
"MVDM-FIRST-CANDIDATE-000416"	"scanf"	"remains-first-degree-external-interface"	""	""	"No canonical zero-degree function name matches this direct callee spelling."
"MVDM-FIRST-CANDIDATE-000417"	"scanf"	"remains-first-degree-external-interface"	""	""	"No canonical zero-degree function name matches this direct callee spelling."
"MVDM-FIRST-CANDIDATE-000418"	"fscanf"	"remains-first-degree-external-interface"	""	""	"No canonical zero-degree function name matches this direct callee spelling."
"MVDM-FIRST-CANDIDATE-000419"	"scanf"	"remains-first-degree-external-interface"	""	""	"No canonical zero-degree function name matches this direct callee spelling."
"MVDM-FIRST-CANDIDATE-000420"	"scanf"	"remains-first-degree-external-interface"	""	""	"No canonical zero-degree function name matches this direct callee spelling."
"MVDM-FIRST-CANDIDATE-000421"	"host_print_doc"	"remains-first-degree-external-interface"	""	""	"No canonical zero-degree function name matches this direct callee spelling."
"MVDM-FIRST-CANDIDATE-000422"	"host_lpt_disable_autoflush"	"remains-first-degree-external-interface"	""	""	"No canonical zero-degree function name matches this direct callee spelling."
"MVDM-FIRST-CANDIDATE-000423"	"host_lpt_enable_autoflush"	"remains-first-degree-external-interface"	""	""	"No canonical zero-degree function name matches this direct callee spelling."
"MVDM-FIRST-CANDIDATE-000424"	"b_write"	"remains-first-degree-external-interface"	""	""	"No canonical zero-degree function name matches this direct callee spelling."
"MVDM-FIRST-CANDIDATE-000425"	"w_write"	"remains-first-degree-external-interface"	""	""	"No canonical zero-degree function name matches this direct callee spelling."
"MVDM-FIRST-CANDIDATE-000426"	"b_write"	"remains-first-degree-external-interface"	""	""	"No canonical zero-degree function name matches this direct callee spelling."
"MVDM-FIRST-CANDIDATE-000427"	"w_write"	"remains-first-degree-external-interface"	""	""	"No canonical zero-degree function name matches this direct callee spelling."
"MVDM-FIRST-CANDIDATE-000428"	"IUH"	"remains-first-degree-external-interface"	""	""	"No canonical zero-degree function name matches this direct callee spelling."
"MVDM-FIRST-CANDIDATE-000429"	"IUH"	"remains-first-degree-external-interface"	""	""	"No canonical zero-degree function name matches this direct callee spelling."
"MVDM-FIRST-CANDIDATE-000430"	"IUH"	"remains-first-degree-external-interface"	""	""	"No canonical zero-degree function name matches this direct callee spelling."
"MVDM-FIRST-CANDIDATE-000431"	"IUH"	"remains-first-degree-external-interface"	""	""	"No canonical zero-degree function name matches this direct callee spelling."
"MVDM-FIRST-CANDIDATE-000432"	"IUH"	"remains-first-degree-external-interface"	""	""	"No canonical zero-degree function name matches this direct callee spelling."
"MVDM-FIRST-CANDIDATE-000433"	"IUH"	"remains-first-degree-external-interface"	""	""	"No canonical zero-degree function name matches this direct callee spelling."
"MVDM-FIRST-CANDIDATE-000434"	"IUH"	"remains-first-degree-external-interface"	""	""	"No canonical zero-degree function name matches this direct callee spelling."
"MVDM-FIRST-CANDIDATE-000435"	"IUH"	"remains-first-degree-external-interface"	""	""	"No canonical zero-degree function name matches this direct callee spelling."
"MVDM-FIRST-CANDIDATE-000436"	"IUH"	"remains-first-degree-external-interface"	""	""	"No canonical zero-degree function name matches this direct callee spelling."
"MVDM-FIRST-CANDIDATE-000437"	"IUH"	"remains-first-degree-external-interface"	""	""	"No canonical zero-degree function name matches this direct callee spelling."
"MVDM-FIRST-CANDIDATE-000438"	"IUH"	"remains-first-degree-external-interface"	""	""	"No canonical zero-degree function name matches this direct callee spelling."
"MVDM-FIRST-CANDIDATE-000439"	"IUH"	"remains-first-degree-external-interface"	""	""	"No canonical zero-degree function name matches this direct callee spelling."
"MVDM-FIRST-CANDIDATE-000440"	"IUH"	"remains-first-degree-external-interface"	""	""	"No canonical zero-degree function name matches this direct callee spelling."
"MVDM-FIRST-CANDIDATE-000441"	"IUH"	"remains-first-degree-external-interface"	""	""	"No canonical zero-degree function name matches this direct callee spelling."
"MVDM-FIRST-CANDIDATE-000442"	"IUH"	"remains-first-degree-external-interface"	""	""	"No canonical zero-degree function name matches this direct callee spelling."
"MVDM-FIRST-CANDIDATE-000443"	"IUH"	"remains-first-degree-external-interface"	""	""	"No canonical zero-degree function name matches this direct callee spelling."
"MVDM-FIRST-CANDIDATE-000444"	"IUH"	"remains-first-degree-external-interface"	""	""	"No canonical zero-degree function name matches this direct callee spelling."
"MVDM-FIRST-CANDIDATE-000445"	"IUH"	"remains-first-degree-external-interface"	""	""	"No canonical zero-degree function name matches this direct callee spelling."
"MVDM-FIRST-CANDIDATE-000446"	"IUH"	"remains-first-degree-external-interface"	""	""	"No canonical zero-degree function name matches this direct callee spelling."
"MVDM-FIRST-CANDIDATE-000447"	"IUH"	"remains-first-degree-external-interface"	""	""	"No canonical zero-degree function name matches this direct callee spelling."
"MVDM-FIRST-CANDIDATE-000448"	"IUH"	"remains-first-degree-external-interface"	""	""	"No canonical zero-degree function name matches this direct callee spelling."
"MVDM-FIRST-CANDIDATE-000449"	"IUH"	"remains-first-degree-external-interface"	""	""	"No canonical zero-degree function name matches this direct callee spelling."
"MVDM-FIRST-CANDIDATE-000450"	"IUH"	"remains-first-degree-external-interface"	""	""	"No canonical zero-degree function name matches this direct callee spelling."
"MVDM-FIRST-CANDIDATE-000451"	"IUH"	"remains-first-degree-external-interface"	""	""	"No canonical zero-degree function name matches this direct callee spelling."
"MVDM-FIRST-CANDIDATE-000452"	"IUH"	"remains-first-degree-external-interface"	""	""	"No canonical zero-degree function name matches this direct callee spelling."
"MVDM-FIRST-CANDIDATE-000453"	"IUH"	"remains-first-degree-external-interface"	""	""	"No canonical zero-degree function name matches this direct callee spelling."
"MVDM-FIRST-CANDIDATE-000454"	"IUH"	"remains-first-degree-external-interface"	""	""	"No canonical zero-degree function name matches this direct callee spelling."
"MVDM-FIRST-CANDIDATE-000455"	"IUH"	"remains-first-degree-external-interface"	""	""	"No canonical zero-degree function name matches this direct callee spelling."
"MVDM-FIRST-CANDIDATE-000456"	"IUH"	"remains-first-degree-external-interface"	""	""	"No canonical zero-degree function name matches this direct callee spelling."
"MVDM-FIRST-CANDIDATE-000457"	"IUH"	"remains-first-degree-external-interface"	""	""	"No canonical zero-degree function name matches this direct callee spelling."
"MVDM-FIRST-CANDIDATE-000458"	"IUH"	"remains-first-degree-external-interface"	""	""	"No canonical zero-degree function name matches this direct callee spelling."
"MVDM-FIRST-CANDIDATE-000459"	"IUH"	"remains-first-degree-external-interface"	""	""	"No canonical zero-degree function name matches this direct callee spelling."
"MVDM-FIRST-CANDIDATE-000460"	"IUH"	"remains-first-degree-external-interface"	""	""	"No canonical zero-degree function name matches this direct callee spelling."
"MVDM-FIRST-CANDIDATE-000461"	"IUH"	"remains-first-degree-external-interface"	""	""	"No canonical zero-degree function name matches this direct callee spelling."
"MVDM-FIRST-CANDIDATE-000462"	"IUH"	"remains-first-degree-external-interface"	""	""	"No canonical zero-degree function name matches this direct callee spelling."
"MVDM-FIRST-CANDIDATE-000463"	"IUH"	"remains-first-degree-external-interface"	""	""	"No canonical zero-degree function name matches this direct callee spelling."
"MVDM-FIRST-CANDIDATE-000464"	"IUH"	"remains-first-degree-external-interface"	""	""	"No canonical zero-degree function name matches this direct callee spelling."
"MVDM-FIRST-CANDIDATE-000465"	"IUH"	"remains-first-degree-external-interface"	""	""	"No canonical zero-degree function name matches this direct callee spelling."
"MVDM-FIRST-CANDIDATE-000466"	"IUH"	"remains-first-degree-external-interface"	""	""	"No canonical zero-degree function name matches this direct callee spelling."
"MVDM-FIRST-CANDIDATE-000467"	"IUH"	"remains-first-degree-external-interface"	""	""	"No canonical zero-degree function name matches this direct callee spelling."
"MVDM-FIRST-CANDIDATE-000468"	"IUH"	"remains-first-degree-external-interface"	""	""	"No canonical zero-degree function name matches this direct callee spelling."
"MVDM-FIRST-CANDIDATE-000469"	"IUH"	"remains-first-degree-external-interface"	""	""	"No canonical zero-degree function name matches this direct callee spelling."
"MVDM-FIRST-CANDIDATE-000470"	"IUH"	"remains-first-degree-external-interface"	""	""	"No canonical zero-degree function name matches this direct callee spelling."
"MVDM-FIRST-CANDIDATE-000471"	"IUH"	"remains-first-degree-external-interface"	""	""	"No canonical zero-degree function name matches this direct callee spelling."
"MVDM-FIRST-CANDIDATE-000472"	"IUH"	"remains-first-degree-external-interface"	""	""	"No canonical zero-degree function name matches this direct callee spelling."
"MVDM-FIRST-CANDIDATE-000473"	"IUH"	"remains-first-degree-external-interface"	""	""	"No canonical zero-degree function name matches this direct callee spelling."
"MVDM-FIRST-CANDIDATE-000474"	"IUH"	"remains-first-degree-external-interface"	""	""	"No canonical zero-degree function name matches this direct callee spelling."
"MVDM-FIRST-CANDIDATE-000475"	"IUH"	"remains-first-degree-external-interface"	""	""	"No canonical zero-degree function name matches this direct callee spelling."
"MVDM-FIRST-CANDIDATE-000476"	"IUH"	"remains-first-degree-external-interface"	""	""	"No canonical zero-degree function name matches this direct callee spelling."
"MVDM-FIRST-CANDIDATE-000477"	"IUH"	"remains-first-degree-external-interface"	""	""	"No canonical zero-degree function name matches this direct callee spelling."
"MVDM-FIRST-CANDIDATE-000478"	"IUH"	"remains-first-degree-external-interface"	""	""	"No canonical zero-degree function name matches this direct callee spelling."
"MVDM-FIRST-CANDIDATE-000479"	"IUH"	"remains-first-degree-external-interface"	""	""	"No canonical zero-degree function name matches this direct callee spelling."
"MVDM-FIRST-CANDIDATE-000480"	"IUH"	"remains-first-degree-external-interface"	""	""	"No canonical zero-degree function name matches this direct callee spelling."
"MVDM-FIRST-CANDIDATE-000481"	"IUH"	"remains-first-degree-external-interface"	""	""	"No canonical zero-degree function name matches this direct callee spelling."
"MVDM-FIRST-CANDIDATE-000482"	"IUH"	"remains-first-degree-external-interface"	""	""	"No canonical zero-degree function name matches this direct callee spelling."
"MVDM-FIRST-CANDIDATE-000483"	"IUH"	"remains-first-degree-external-interface"	""	""	"No canonical zero-degree function name matches this direct callee spelling."
"MVDM-FIRST-CANDIDATE-000484"	"IUH"	"remains-first-degree-external-interface"	""	""	"No canonical zero-degree function name matches this direct callee spelling."
"MVDM-FIRST-CANDIDATE-000485"	"IUH"	"remains-first-degree-external-interface"	""	""	"No canonical zero-degree function name matches this direct callee spelling."
"MVDM-FIRST-CANDIDATE-000486"	"IUH"	"remains-first-degree-external-interface"	""	""	"No canonical zero-degree function name matches this direct callee spelling."
"MVDM-FIRST-CANDIDATE-000487"	"IUH"	"remains-first-degree-external-interface"	""	""	"No canonical zero-degree function name matches this direct callee spelling."
"MVDM-FIRST-CANDIDATE-000488"	"IUH"	"remains-first-degree-external-interface"	""	""	"No canonical zero-degree function name matches this direct callee spelling."
"MVDM-FIRST-CANDIDATE-000489"	"IUH"	"remains-first-degree-external-interface"	""	""	"No canonical zero-degree function name matches this direct callee spelling."
"MVDM-FIRST-CANDIDATE-000490"	"IUH"	"remains-first-degree-external-interface"	""	""	"No canonical zero-degree function name matches this direct callee spelling."
"MVDM-FIRST-CANDIDATE-000491"	"IUH"	"remains-first-degree-external-interface"	""	""	"No canonical zero-degree function name matches this direct callee spelling."
"MVDM-FIRST-CANDIDATE-000492"	"IUH"	"remains-first-degree-external-interface"	""	""	"No canonical zero-degree function name matches this direct callee spelling."
"MVDM-FIRST-CANDIDATE-000493"	"IUH"	"remains-first-degree-external-interface"	""	""	"No canonical zero-degree function name matches this direct callee spelling."
"MVDM-FIRST-CANDIDATE-000494"	"IUH"	"remains-first-degree-external-interface"	""	""	"No canonical zero-degree function name matches this direct callee spelling."
"MVDM-FIRST-CANDIDATE-000495"	"IUH"	"remains-first-degree-external-interface"	""	""	"No canonical zero-degree function name matches this direct callee spelling."
"MVDM-FIRST-CANDIDATE-000496"	"IUH"	"remains-first-degree-external-interface"	""	""	"No canonical zero-degree function name matches this direct callee spelling."
"MVDM-FIRST-CANDIDATE-000497"	"IUH"	"remains-first-degree-external-interface"	""	""	"No canonical zero-degree function name matches this direct callee spelling."
"MVDM-FIRST-CANDIDATE-000498"	"IUH"	"remains-first-degree-external-interface"	""	""	"No canonical zero-degree function name matches this direct callee spelling."
"MVDM-FIRST-CANDIDATE-000499"	"IUH"	"remains-first-degree-external-interface"	""	""	"No canonical zero-degree function name matches this direct callee spelling."
"MVDM-FIRST-CANDIDATE-000500"	"IUH"	"remains-first-degree-external-interface"	""	""	"No canonical zero-degree function name matches this direct callee spelling."
"MVDM-FIRST-CANDIDATE-000501"	"IUH"	"remains-first-degree-external-interface"	""	""	"No canonical zero-degree function name matches this direct callee spelling."
"MVDM-FIRST-CANDIDATE-000502"	"IUH"	"remains-first-degree-external-interface"	""	""	"No canonical zero-degree function name matches this direct callee spelling."
"MVDM-FIRST-CANDIDATE-000503"	"IUH"	"remains-first-degree-external-interface"	""	""	"No canonical zero-degree function name matches this direct callee spelling."
"MVDM-FIRST-CANDIDATE-000504"	"IUH"	"remains-first-degree-external-interface"	""	""	"No canonical zero-degree function name matches this direct callee spelling."
"MVDM-FIRST-CANDIDATE-000505"	"IUH"	"remains-first-degree-external-interface"	""	""	"No canonical zero-degree function name matches this direct callee spelling."
"MVDM-FIRST-CANDIDATE-000506"	"IUH"	"remains-first-degree-external-interface"	""	""	"No canonical zero-degree function name matches this direct callee spelling."
"MVDM-FIRST-CANDIDATE-000507"	"IUH"	"remains-first-degree-external-interface"	""	""	"No canonical zero-degree function name matches this direct callee spelling."
"MVDM-FIRST-CANDIDATE-000508"	"IUH"	"remains-first-degree-external-interface"	""	""	"No canonical zero-degree function name matches this direct callee spelling."
"MVDM-FIRST-CANDIDATE-000509"	"IUH"	"remains-first-degree-external-interface"	""	""	"No canonical zero-degree function name matches this direct callee spelling."
"MVDM-FIRST-CANDIDATE-000510"	"IUH"	"remains-first-degree-external-interface"	""	""	"No canonical zero-degree function name matches this direct callee spelling."
"MVDM-FIRST-CANDIDATE-000511"	"IUH"	"remains-first-degree-external-interface"	""	""	"No canonical zero-degree function name matches this direct callee spelling."
"MVDM-FIRST-CANDIDATE-000512"	"IUH"	"remains-first-degree-external-interface"	""	""	"No canonical zero-degree function name matches this direct callee spelling."
"MVDM-FIRST-CANDIDATE-000513"	"IUH"	"remains-first-degree-external-interface"	""	""	"No canonical zero-degree function name matches this direct callee spelling."
"MVDM-FIRST-CANDIDATE-000514"	"IUH"	"remains-first-degree-external-interface"	""	""	"No canonical zero-degree function name matches this direct callee spelling."
"MVDM-FIRST-CANDIDATE-000515"	"IUH"	"remains-first-degree-external-interface"	""	""	"No canonical zero-degree function name matches this direct callee spelling."
"MVDM-FIRST-CANDIDATE-000516"	"IUH"	"remains-first-degree-external-interface"	""	""	"No canonical zero-degree function name matches this direct callee spelling."
"MVDM-FIRST-CANDIDATE-000517"	"IUH"	"remains-first-degree-external-interface"	""	""	"No canonical zero-degree function name matches this direct callee spelling."
"MVDM-FIRST-CANDIDATE-000518"	"IUH"	"remains-first-degree-external-interface"	""	""	"No canonical zero-degree function name matches this direct callee spelling."
"MVDM-FIRST-CANDIDATE-000519"	"IUH"	"remains-first-degree-external-interface"	""	""	"No canonical zero-degree function name matches this direct callee spelling."
"MVDM-FIRST-CANDIDATE-000520"	"IUH"	"remains-first-degree-external-interface"	""	""	"No canonical zero-degree function name matches this direct callee spelling."
"MVDM-FIRST-CANDIDATE-000521"	"IUH"	"remains-first-degree-external-interface"	""	""	"No canonical zero-degree function name matches this direct callee spelling."
"MVDM-FIRST-CANDIDATE-000522"	"IUH"	"remains-first-degree-external-interface"	""	""	"No canonical zero-degree function name matches this direct callee spelling."
"MVDM-FIRST-CANDIDATE-000523"	"IUH"	"remains-first-degree-external-interface"	""	""	"No canonical zero-degree function name matches this direct callee spelling."
"MVDM-FIRST-CANDIDATE-000524"	"IUH"	"remains-first-degree-external-interface"	""	""	"No canonical zero-degree function name matches this direct callee spelling."
"MVDM-FIRST-CANDIDATE-000525"	"IUH"	"remains-first-degree-external-interface"	""	""	"No canonical zero-degree function name matches this direct callee spelling."
"MVDM-FIRST-CANDIDATE-000526"	"IUH"	"remains-first-degree-external-interface"	""	""	"No canonical zero-degree function name matches this direct callee spelling."
"MVDM-FIRST-CANDIDATE-000527"	"IUH"	"remains-first-degree-external-interface"	""	""	"No canonical zero-degree function name matches this direct callee spelling."
"MVDM-FIRST-CANDIDATE-000528"	"IUH"	"remains-first-degree-external-interface"	""	""	"No canonical zero-degree function name matches this direct callee spelling."
"MVDM-FIRST-CANDIDATE-000529"	"IUH"	"remains-first-degree-external-interface"	""	""	"No canonical zero-degree function name matches this direct callee spelling."
"MVDM-FIRST-CANDIDATE-000530"	"IUH"	"remains-first-degree-external-interface"	""	""	"No canonical zero-degree function name matches this direct callee spelling."
"MVDM-FIRST-CANDIDATE-000531"	"IUH"	"remains-first-degree-external-interface"	""	""	"No canonical zero-degree function name matches this direct callee spelling."
"MVDM-FIRST-CANDIDATE-000532"	"IUH"	"remains-first-degree-external-interface"	""	""	"No canonical zero-degree function name matches this direct callee spelling."
"MVDM-FIRST-CANDIDATE-000533"	"IUH"	"remains-first-degree-external-interface"	""	""	"No canonical zero-degree function name matches this direct callee spelling."
"MVDM-FIRST-CANDIDATE-000534"	"IUH"	"remains-first-degree-external-interface"	""	""	"No canonical zero-degree function name matches this direct callee spelling."
"MVDM-FIRST-CANDIDATE-000535"	"IUH"	"remains-first-degree-external-interface"	""	""	"No canonical zero-degree function name matches this direct callee spelling."
"MVDM-FIRST-CANDIDATE-000536"	"IUH"	"remains-first-degree-external-interface"	""	""	"No canonical zero-degree function name matches this direct callee spelling."
"MVDM-FIRST-CANDIDATE-000537"	"IUH"	"remains-first-degree-external-interface"	""	""	"No canonical zero-degree function name matches this direct callee spelling."
"MVDM-FIRST-CANDIDATE-000538"	"IUH"	"remains-first-degree-external-interface"	""	""	"No canonical zero-degree function name matches this direct callee spelling."
"MVDM-FIRST-CANDIDATE-000539"	"IUH"	"remains-first-degree-external-interface"	""	""	"No canonical zero-degree function name matches this direct callee spelling."
"MVDM-FIRST-CANDIDATE-000540"	"IUH"	"remains-first-degree-external-interface"	""	""	"No canonical zero-degree function name matches this direct callee spelling."
"MVDM-FIRST-CANDIDATE-000541"	"IUH"	"remains-first-degree-external-interface"	""	""	"No canonical zero-degree function name matches this direct callee spelling."
"MVDM-FIRST-CANDIDATE-000542"	"IUH"	"remains-first-degree-external-interface"	""	""	"No canonical zero-degree function name matches this direct callee spelling."
"MVDM-FIRST-CANDIDATE-000543"	"IUH"	"remains-first-degree-external-interface"	""	""	"No canonical zero-degree function name matches this direct callee spelling."
"MVDM-FIRST-CANDIDATE-000544"	"IUH"	"remains-first-degree-external-interface"	""	""	"No canonical zero-degree function name matches this direct callee spelling."
"MVDM-FIRST-CANDIDATE-000545"	"IUH"	"remains-first-degree-external-interface"	""	""	"No canonical zero-degree function name matches this direct callee spelling."
"MVDM-FIRST-CANDIDATE-000546"	"IUH"	"remains-first-degree-external-interface"	""	""	"No canonical zero-degree function name matches this direct callee spelling."
"MVDM-FIRST-CANDIDATE-000547"	"IUH"	"remains-first-degree-external-interface"	""	""	"No canonical zero-degree function name matches this direct callee spelling."
"MVDM-FIRST-CANDIDATE-000548"	"IUH"	"remains-first-degree-external-interface"	""	""	"No canonical zero-degree function name matches this direct callee spelling."
"MVDM-FIRST-CANDIDATE-000549"	"IUH"	"remains-first-degree-external-interface"	""	""	"No canonical zero-degree function name matches this direct callee spelling."
"MVDM-FIRST-CANDIDATE-000550"	"IUH"	"remains-first-degree-external-interface"	""	""	"No canonical zero-degree function name matches this direct callee spelling."
"MVDM-FIRST-CANDIDATE-000551"	"IUH"	"remains-first-degree-external-interface"	""	""	"No canonical zero-degree function name matches this direct callee spelling."
"MVDM-FIRST-CANDIDATE-000552"	"IUH"	"remains-first-degree-external-interface"	""	""	"No canonical zero-degree function name matches this direct callee spelling."
"MVDM-FIRST-CANDIDATE-000553"	"IUH"	"remains-first-degree-external-interface"	""	""	"No canonical zero-degree function name matches this direct callee spelling."
"MVDM-FIRST-CANDIDATE-000554"	"IUH"	"remains-first-degree-external-interface"	""	""	"No canonical zero-degree function name matches this direct callee spelling."
"MVDM-FIRST-CANDIDATE-000555"	"IUH"	"remains-first-degree-external-interface"	""	""	"No canonical zero-degree function name matches this direct callee spelling."
"MVDM-FIRST-CANDIDATE-000556"	"IUH"	"remains-first-degree-external-interface"	""	""	"No canonical zero-degree function name matches this direct callee spelling."
"MVDM-FIRST-CANDIDATE-000557"	"IUH"	"remains-first-degree-external-interface"	""	""	"No canonical zero-degree function name matches this direct callee spelling."
"MVDM-FIRST-CANDIDATE-000558"	"IUH"	"remains-first-degree-external-interface"	""	""	"No canonical zero-degree function name matches this direct callee spelling."
"MVDM-FIRST-CANDIDATE-000559"	"IUH"	"remains-first-degree-external-interface"	""	""	"No canonical zero-degree function name matches this direct callee spelling."
"MVDM-FIRST-CANDIDATE-000560"	"IUH"	"remains-first-degree-external-interface"	""	""	"No canonical zero-degree function name matches this direct callee spelling."
"MVDM-FIRST-CANDIDATE-000561"	"IUH"	"remains-first-degree-external-interface"	""	""	"No canonical zero-degree function name matches this direct callee spelling."
"MVDM-FIRST-CANDIDATE-000562"	"IUH"	"remains-first-degree-external-interface"	""	""	"No canonical zero-degree function name matches this direct callee spelling."
"MVDM-FIRST-CANDIDATE-000563"	"IUH"	"remains-first-degree-external-interface"	""	""	"No canonical zero-degree function name matches this direct callee spelling."
"MVDM-FIRST-CANDIDATE-000564"	"IUH"	"remains-first-degree-external-interface"	""	""	"No canonical zero-degree function name matches this direct callee spelling."
"MVDM-FIRST-CANDIDATE-000565"	"IUH"	"remains-first-degree-external-interface"	""	""	"No canonical zero-degree function name matches this direct callee spelling."
"MVDM-FIRST-CANDIDATE-000566"	"IUH"	"remains-first-degree-external-interface"	""	""	"No canonical zero-degree function name matches this direct callee spelling."
"MVDM-FIRST-CANDIDATE-000567"	"IUH"	"remains-first-degree-external-interface"	""	""	"No canonical zero-degree function name matches this direct callee spelling."
"MVDM-FIRST-CANDIDATE-000568"	"IUH"	"remains-first-degree-external-interface"	""	""	"No canonical zero-degree function name matches this direct callee spelling."
"MVDM-FIRST-CANDIDATE-000569"	"IUH"	"remains-first-degree-external-interface"	""	""	"No canonical zero-degree function name matches this direct callee spelling."
"MVDM-FIRST-CANDIDATE-000570"	"IUH"	"remains-first-degree-external-interface"	""	""	"No canonical zero-degree function name matches this direct callee spelling."
"MVDM-FIRST-CANDIDATE-000571"	"IUH"	"remains-first-degree-external-interface"	""	""	"No canonical zero-degree function name matches this direct callee spelling."
"MVDM-FIRST-CANDIDATE-000572"	"IUH"	"remains-first-degree-external-interface"	""	""	"No canonical zero-degree function name matches this direct callee spelling."
"MVDM-FIRST-CANDIDATE-000573"	"IUH"	"remains-first-degree-external-interface"	""	""	"No canonical zero-degree function name matches this direct callee spelling."
"MVDM-FIRST-CANDIDATE-000574"	"IUH"	"remains-first-degree-external-interface"	""	""	"No canonical zero-degree function name matches this direct callee spelling."
"MVDM-FIRST-CANDIDATE-000575"	"IUH"	"remains-first-degree-external-interface"	""	""	"No canonical zero-degree function name matches this direct callee spelling."
"MVDM-FIRST-CANDIDATE-000576"	"IUH"	"remains-first-degree-external-interface"	""	""	"No canonical zero-degree function name matches this direct callee spelling."
"MVDM-FIRST-CANDIDATE-000577"	"IUH"	"remains-first-degree-external-interface"	""	""	"No canonical zero-degree function name matches this direct callee spelling."
"MVDM-FIRST-CANDIDATE-000578"	"IUH"	"remains-first-degree-external-interface"	""	""	"No canonical zero-degree function name matches this direct callee spelling."
"MVDM-FIRST-CANDIDATE-000579"	"IUH"	"remains-first-degree-external-interface"	""	""	"No canonical zero-degree function name matches this direct callee spelling."
"MVDM-FIRST-CANDIDATE-000580"	"IUH"	"remains-first-degree-external-interface"	""	""	"No canonical zero-degree function name matches this direct callee spelling."
"MVDM-FIRST-CANDIDATE-000581"	"IUH"	"remains-first-degree-external-interface"	""	""	"No canonical zero-degree function name matches this direct callee spelling."
"MVDM-FIRST-CANDIDATE-000582"	"IUH"	"remains-first-degree-external-interface"	""	""	"No canonical zero-degree function name matches this direct callee spelling."
"MVDM-FIRST-CANDIDATE-000583"	"IUH"	"remains-first-degree-external-interface"	""	""	"No canonical zero-degree function name matches this direct callee spelling."
"MVDM-FIRST-CANDIDATE-000584"	"IUH"	"remains-first-degree-external-interface"	""	""	"No canonical zero-degree function name matches this direct callee spelling."
"MVDM-FIRST-CANDIDATE-000585"	"IUH"	"remains-first-degree-external-interface"	""	""	"No canonical zero-degree function name matches this direct callee spelling."
"MVDM-FIRST-CANDIDATE-000586"	"IUH"	"remains-first-degree-external-interface"	""	""	"No canonical zero-degree function name matches this direct callee spelling."
"MVDM-FIRST-CANDIDATE-000587"	"IUH"	"remains-first-degree-external-interface"	""	""	"No canonical zero-degree function name matches this direct callee spelling."
"MVDM-FIRST-CANDIDATE-000588"	"IUH"	"remains-first-degree-external-interface"	""	""	"No canonical zero-degree function name matches this direct callee spelling."
"MVDM-FIRST-CANDIDATE-000589"	"IUH"	"remains-first-degree-external-interface"	""	""	"No canonical zero-degree function name matches this direct callee spelling."
"MVDM-FIRST-CANDIDATE-000590"	"IUH"	"remains-first-degree-external-interface"	""	""	"No canonical zero-degree function name matches this direct callee spelling."
"MVDM-FIRST-CANDIDATE-000591"	"IUH"	"remains-first-degree-external-interface"	""	""	"No canonical zero-degree function name matches this direct callee spelling."
"MVDM-FIRST-CANDIDATE-000592"	"IUH"	"remains-first-degree-external-interface"	""	""	"No canonical zero-degree function name matches this direct callee spelling."
"MVDM-FIRST-CANDIDATE-000593"	"IUH"	"remains-first-degree-external-interface"	""	""	"No canonical zero-degree function name matches this direct callee spelling."
"MVDM-FIRST-CANDIDATE-000594"	"IUH"	"remains-first-degree-external-interface"	""	""	"No canonical zero-degree function name matches this direct callee spelling."
"MVDM-FIRST-CANDIDATE-000595"	"IUH"	"remains-first-degree-external-interface"	""	""	"No canonical zero-degree function name matches this direct callee spelling."
"MVDM-FIRST-CANDIDATE-000596"	"IUH"	"remains-first-degree-external-interface"	""	""	"No canonical zero-degree function name matches this direct callee spelling."
"MVDM-FIRST-CANDIDATE-000597"	"IUH"	"remains-first-degree-external-interface"	""	""	"No canonical zero-degree function name matches this direct callee spelling."
"MVDM-FIRST-CANDIDATE-000598"	"IUH"	"remains-first-degree-external-interface"	""	""	"No canonical zero-degree function name matches this direct callee spelling."
"MVDM-FIRST-CANDIDATE-000599"	"IUH"	"remains-first-degree-external-interface"	""	""	"No canonical zero-degree function name matches this direct callee spelling."
"MVDM-FIRST-CANDIDATE-000600"	"IUH"	"remains-first-degree-external-interface"	""	""	"No canonical zero-degree function name matches this direct callee spelling."
"MVDM-FIRST-CANDIDATE-000601"	"IUH"	"remains-first-degree-external-interface"	""	""	"No canonical zero-degree function name matches this direct callee spelling."
"MVDM-FIRST-CANDIDATE-000602"	"IUH"	"remains-first-degree-external-interface"	""	""	"No canonical zero-degree function name matches this direct callee spelling."
"MVDM-FIRST-CANDIDATE-000603"	"IUH"	"remains-first-degree-external-interface"	""	""	"No canonical zero-degree function name matches this direct callee spelling."
"MVDM-FIRST-CANDIDATE-000604"	"IUH"	"remains-first-degree-external-interface"	""	""	"No canonical zero-degree function name matches this direct callee spelling."
"MVDM-FIRST-CANDIDATE-000605"	"IUH"	"remains-first-degree-external-interface"	""	""	"No canonical zero-degree function name matches this direct callee spelling."
"MVDM-FIRST-CANDIDATE-000606"	"IUH"	"remains-first-degree-external-interface"	""	""	"No canonical zero-degree function name matches this direct callee spelling."
"MVDM-FIRST-CANDIDATE-000607"	"IUH"	"remains-first-degree-external-interface"	""	""	"No canonical zero-degree function name matches this direct callee spelling."
"MVDM-FIRST-CANDIDATE-000608"	"IUH"	"remains-first-degree-external-interface"	""	""	"No canonical zero-degree function name matches this direct callee spelling."
"MVDM-FIRST-CANDIDATE-000609"	"IUH"	"remains-first-degree-external-interface"	""	""	"No canonical zero-degree function name matches this direct callee spelling."
"MVDM-FIRST-CANDIDATE-000610"	"IUH"	"remains-first-degree-external-interface"	""	""	"No canonical zero-degree function name matches this direct callee spelling."
"MVDM-FIRST-CANDIDATE-000611"	"IUH"	"remains-first-degree-external-interface"	""	""	"No canonical zero-degree function name matches this direct callee spelling."
"MVDM-FIRST-CANDIDATE-000612"	"IUH"	"remains-first-degree-external-interface"	""	""	"No canonical zero-degree function name matches this direct callee spelling."
"MVDM-FIRST-CANDIDATE-000613"	"IUH"	"remains-first-degree-external-interface"	""	""	"No canonical zero-degree function name matches this direct callee spelling."
"MVDM-FIRST-CANDIDATE-000614"	"IUH"	"remains-first-degree-external-interface"	""	""	"No canonical zero-degree function name matches this direct callee spelling."
"MVDM-FIRST-CANDIDATE-000615"	"IUH"	"remains-first-degree-external-interface"	""	""	"No canonical zero-degree function name matches this direct callee spelling."
"MVDM-FIRST-CANDIDATE-000616"	"IUH"	"remains-first-degree-external-interface"	""	""	"No canonical zero-degree function name matches this direct callee spelling."
"MVDM-FIRST-CANDIDATE-000617"	"IUH"	"remains-first-degree-external-interface"	""	""	"No canonical zero-degree function name matches this direct callee spelling."
"MVDM-FIRST-CANDIDATE-000618"	"IUH"	"remains-first-degree-external-interface"	""	""	"No canonical zero-degree function name matches this direct callee spelling."
"MVDM-FIRST-CANDIDATE-000619"	"IUH"	"remains-first-degree-external-interface"	""	""	"No canonical zero-degree function name matches this direct callee spelling."
"MVDM-FIRST-CANDIDATE-000620"	"IUH"	"remains-first-degree-external-interface"	""	""	"No canonical zero-degree function name matches this direct callee spelling."
"MVDM-FIRST-CANDIDATE-000621"	"IUH"	"remains-first-degree-external-interface"	""	""	"No canonical zero-degree function name matches this direct callee spelling."
"MVDM-FIRST-CANDIDATE-000622"	"IUH"	"remains-first-degree-external-interface"	""	""	"No canonical zero-degree function name matches this direct callee spelling."
"MVDM-FIRST-CANDIDATE-000623"	"IUH"	"remains-first-degree-external-interface"	""	""	"No canonical zero-degree function name matches this direct callee spelling."
"MVDM-FIRST-CANDIDATE-000624"	"IUH"	"remains-first-degree-external-interface"	""	""	"No canonical zero-degree function name matches this direct callee spelling."
"MVDM-FIRST-CANDIDATE-000625"	"IUH"	"remains-first-degree-external-interface"	""	""	"No canonical zero-degree function name matches this direct callee spelling."
"MVDM-FIRST-CANDIDATE-000626"	"IUH"	"remains-first-degree-external-interface"	""	""	"No canonical zero-degree function name matches this direct callee spelling."
"MVDM-FIRST-CANDIDATE-000627"	"IUH"	"remains-first-degree-external-interface"	""	""	"No canonical zero-degree function name matches this direct callee spelling."
"MVDM-FIRST-CANDIDATE-000628"	"IUH"	"remains-first-degree-external-interface"	""	""	"No canonical zero-degree function name matches this direct callee spelling."
"MVDM-FIRST-CANDIDATE-000629"	"IUH"	"remains-first-degree-external-interface"	""	""	"No canonical zero-degree function name matches this direct callee spelling."
"MVDM-FIRST-CANDIDATE-000630"	"IUH"	"remains-first-degree-external-interface"	""	""	"No canonical zero-degree function name matches this direct callee spelling."
"MVDM-FIRST-CANDIDATE-000631"	"IUH"	"remains-first-degree-external-interface"	""	""	"No canonical zero-degree function name matches this direct callee spelling."
"MVDM-FIRST-CANDIDATE-000632"	"IUH"	"remains-first-degree-external-interface"	""	""	"No canonical zero-degree function name matches this direct callee spelling."
"MVDM-FIRST-CANDIDATE-000633"	"IUH"	"remains-first-degree-external-interface"	""	""	"No canonical zero-degree function name matches this direct callee spelling."
"MVDM-FIRST-CANDIDATE-000634"	"IUH"	"remains-first-degree-external-interface"	""	""	"No canonical zero-degree function name matches this direct callee spelling."
"MVDM-FIRST-CANDIDATE-000635"	"IUH"	"remains-first-degree-external-interface"	""	""	"No canonical zero-degree function name matches this direct callee spelling."
"MVDM-FIRST-CANDIDATE-000636"	"IUH"	"remains-first-degree-external-interface"	""	""	"No canonical zero-degree function name matches this direct callee spelling."
"MVDM-FIRST-CANDIDATE-000637"	"IUH"	"remains-first-degree-external-interface"	""	""	"No canonical zero-degree function name matches this direct callee spelling."
"MVDM-FIRST-CANDIDATE-000638"	"IUH"	"remains-first-degree-external-interface"	""	""	"No canonical zero-degree function name matches this direct callee spelling."
"MVDM-FIRST-CANDIDATE-000639"	"IUH"	"remains-first-degree-external-interface"	""	""	"No canonical zero-degree function name matches this direct callee spelling."
"MVDM-FIRST-CANDIDATE-000640"	"IUH"	"remains-first-degree-external-interface"	""	""	"No canonical zero-degree function name matches this direct callee spelling."
"MVDM-FIRST-CANDIDATE-000641"	"IUH"	"remains-first-degree-external-interface"	""	""	"No canonical zero-degree function name matches this direct callee spelling."
"MVDM-FIRST-CANDIDATE-000642"	"IUH"	"remains-first-degree-external-interface"	""	""	"No canonical zero-degree function name matches this direct callee spelling."
"MVDM-FIRST-CANDIDATE-000643"	"IUH"	"remains-first-degree-external-interface"	""	""	"No canonical zero-degree function name matches this direct callee spelling."
"MVDM-FIRST-CANDIDATE-000644"	"IUH"	"remains-first-degree-external-interface"	""	""	"No canonical zero-degree function name matches this direct callee spelling."
"MVDM-FIRST-CANDIDATE-000645"	"IUH"	"remains-first-degree-external-interface"	""	""	"No canonical zero-degree function name matches this direct callee spelling."
"MVDM-FIRST-CANDIDATE-000646"	"IUH"	"remains-first-degree-external-interface"	""	""	"No canonical zero-degree function name matches this direct callee spelling."
"MVDM-FIRST-CANDIDATE-000647"	"IUH"	"remains-first-degree-external-interface"	""	""	"No canonical zero-degree function name matches this direct callee spelling."
"MVDM-FIRST-CANDIDATE-000648"	"IUH"	"remains-first-degree-external-interface"	""	""	"No canonical zero-degree function name matches this direct callee spelling."
"MVDM-FIRST-CANDIDATE-000649"	"IUH"	"remains-first-degree-external-interface"	""	""	"No canonical zero-degree function name matches this direct callee spelling."
"MVDM-FIRST-CANDIDATE-000650"	"IUH"	"remains-first-degree-external-interface"	""	""	"No canonical zero-degree function name matches this direct callee spelling."
"MVDM-FIRST-CANDIDATE-000651"	"IUH"	"remains-first-degree-external-interface"	""	""	"No canonical zero-degree function name matches this direct callee spelling."
"MVDM-FIRST-CANDIDATE-000652"	"IUH"	"remains-first-degree-external-interface"	""	""	"No canonical zero-degree function name matches this direct callee spelling."
"MVDM-FIRST-CANDIDATE-000653"	"IUH"	"remains-first-degree-external-interface"	""	""	"No canonical zero-degree function name matches this direct callee spelling."
"MVDM-FIRST-CANDIDATE-000654"	"IUH"	"remains-first-degree-external-interface"	""	""	"No canonical zero-degree function name matches this direct callee spelling."
"MVDM-FIRST-CANDIDATE-000655"	"IUH"	"remains-first-degree-external-interface"	""	""	"No canonical zero-degree function name matches this direct callee spelling."
"MVDM-FIRST-CANDIDATE-000656"	"IUH"	"remains-first-degree-external-interface"	""	""	"No canonical zero-degree function name matches this direct callee spelling."
"MVDM-FIRST-CANDIDATE-000657"	"IUH"	"remains-first-degree-external-interface"	""	""	"No canonical zero-degree function name matches this direct callee spelling."
"MVDM-FIRST-CANDIDATE-000658"	"IUH"	"remains-first-degree-external-interface"	""	""	"No canonical zero-degree function name matches this direct callee spelling."
"MVDM-FIRST-CANDIDATE-000659"	"IUH"	"remains-first-degree-external-interface"	""	""	"No canonical zero-degree function name matches this direct callee spelling."
"MVDM-FIRST-CANDIDATE-000660"	"IUH"	"remains-first-degree-external-interface"	""	""	"No canonical zero-degree function name matches this direct callee spelling."
"MVDM-FIRST-CANDIDATE-000661"	"IUH"	"remains-first-degree-external-interface"	""	""	"No canonical zero-degree function name matches this direct callee spelling."
"MVDM-FIRST-CANDIDATE-000662"	"IUH"	"remains-first-degree-external-interface"	""	""	"No canonical zero-degree function name matches this direct callee spelling."
"MVDM-FIRST-CANDIDATE-000663"	"IUH"	"remains-first-degree-external-interface"	""	""	"No canonical zero-degree function name matches this direct callee spelling."
"MVDM-FIRST-CANDIDATE-000664"	"IUH"	"remains-first-degree-external-interface"	""	""	"No canonical zero-degree function name matches this direct callee spelling."
"MVDM-FIRST-CANDIDATE-000665"	"IUH"	"remains-first-degree-external-interface"	""	""	"No canonical zero-degree function name matches this direct callee spelling."
"MVDM-FIRST-CANDIDATE-000666"	"IUH"	"remains-first-degree-external-interface"	""	""	"No canonical zero-degree function name matches this direct callee spelling."
"MVDM-FIRST-CANDIDATE-000667"	"IUH"	"remains-first-degree-external-interface"	""	""	"No canonical zero-degree function name matches this direct callee spelling."
"MVDM-FIRST-CANDIDATE-000668"	"IUH"	"remains-first-degree-external-interface"	""	""	"No canonical zero-degree function name matches this direct callee spelling."
"MVDM-FIRST-CANDIDATE-000669"	"IUH"	"remains-first-degree-external-interface"	""	""	"No canonical zero-degree function name matches this direct callee spelling."
"MVDM-FIRST-CANDIDATE-000670"	"IUH"	"remains-first-degree-external-interface"	""	""	"No canonical zero-degree function name matches this direct callee spelling."
"MVDM-FIRST-CANDIDATE-000671"	"IUH"	"remains-first-degree-external-interface"	""	""	"No canonical zero-degree function name matches this direct callee spelling."
"MVDM-FIRST-CANDIDATE-000672"	"IUH"	"remains-first-degree-external-interface"	""	""	"No canonical zero-degree function name matches this direct callee spelling."
"MVDM-FIRST-CANDIDATE-000673"	"IUH"	"remains-first-degree-external-interface"	""	""	"No canonical zero-degree function name matches this direct callee spelling."
"MVDM-FIRST-CANDIDATE-000674"	"IUH"	"remains-first-degree-external-interface"	""	""	"No canonical zero-degree function name matches this direct callee spelling."
"MVDM-FIRST-CANDIDATE-000675"	"IUH"	"remains-first-degree-external-interface"	""	""	"No canonical zero-degree function name matches this direct callee spelling."
"MVDM-FIRST-CANDIDATE-000676"	"IUH"	"remains-first-degree-external-interface"	""	""	"No canonical zero-degree function name matches this direct callee spelling."
"MVDM-FIRST-CANDIDATE-000677"	"IUH"	"remains-first-degree-external-interface"	""	""	"No canonical zero-degree function name matches this direct callee spelling."
"MVDM-FIRST-CANDIDATE-000678"	"IUH"	"remains-first-degree-external-interface"	""	""	"No canonical zero-degree function name matches this direct callee spelling."
"MVDM-FIRST-CANDIDATE-000679"	"IUH"	"remains-first-degree-external-interface"	""	""	"No canonical zero-degree function name matches this direct callee spelling."
"MVDM-FIRST-CANDIDATE-000680"	"IUH"	"remains-first-degree-external-interface"	""	""	"No canonical zero-degree function name matches this direct callee spelling."
"MVDM-FIRST-CANDIDATE-000681"	"IUH"	"remains-first-degree-external-interface"	""	""	"No canonical zero-degree function name matches this direct callee spelling."
"MVDM-FIRST-CANDIDATE-000682"	"IUH"	"remains-first-degree-external-interface"	""	""	"No canonical zero-degree function name matches this direct callee spelling."
"MVDM-FIRST-CANDIDATE-000683"	"IUH"	"remains-first-degree-external-interface"	""	""	"No canonical zero-degree function name matches this direct callee spelling."
"MVDM-FIRST-CANDIDATE-000684"	"IUH"	"remains-first-degree-external-interface"	""	""	"No canonical zero-degree function name matches this direct callee spelling."
"MVDM-FIRST-CANDIDATE-000685"	"IUH"	"remains-first-degree-external-interface"	""	""	"No canonical zero-degree function name matches this direct callee spelling."
"MVDM-FIRST-CANDIDATE-000686"	"IUH"	"remains-first-degree-external-interface"	""	""	"No canonical zero-degree function name matches this direct callee spelling."
"MVDM-FIRST-CANDIDATE-000687"	"IUH"	"remains-first-degree-external-interface"	""	""	"No canonical zero-degree function name matches this direct callee spelling."
"MVDM-FIRST-CANDIDATE-000688"	"IUH"	"remains-first-degree-external-interface"	""	""	"No canonical zero-degree function name matches this direct callee spelling."
"MVDM-FIRST-CANDIDATE-000689"	"IUH"	"remains-first-degree-external-interface"	""	""	"No canonical zero-degree function name matches this direct callee spelling."
"MVDM-FIRST-CANDIDATE-000690"	"IUH"	"remains-first-degree-external-interface"	""	""	"No canonical zero-degree function name matches this direct callee spelling."
"MVDM-FIRST-CANDIDATE-000691"	"IUH"	"remains-first-degree-external-interface"	""	""	"No canonical zero-degree function name matches this direct callee spelling."
"MVDM-FIRST-CANDIDATE-000692"	"IUH"	"remains-first-degree-external-interface"	""	""	"No canonical zero-degree function name matches this direct callee spelling."
"MVDM-FIRST-CANDIDATE-000693"	"IUH"	"remains-first-degree-external-interface"	""	""	"No canonical zero-degree function name matches this direct callee spelling."
"MVDM-FIRST-CANDIDATE-000694"	"IUH"	"remains-first-degree-external-interface"	""	""	"No canonical zero-degree function name matches this direct callee spelling."
"MVDM-FIRST-CANDIDATE-000695"	"IUH"	"remains-first-degree-external-interface"	""	""	"No canonical zero-degree function name matches this direct callee spelling."
"MVDM-FIRST-CANDIDATE-000696"	"IUH"	"remains-first-degree-external-interface"	""	""	"No canonical zero-degree function name matches this direct callee spelling."
"MVDM-FIRST-CANDIDATE-000697"	"IUH"	"remains-first-degree-external-interface"	""	""	"No canonical zero-degree function name matches this direct callee spelling."
"MVDM-FIRST-CANDIDATE-000698"	"IUH"	"remains-first-degree-external-interface"	""	""	"No canonical zero-degree function name matches this direct callee spelling."
"MVDM-FIRST-CANDIDATE-000699"	"IUH"	"remains-first-degree-external-interface"	""	""	"No canonical zero-degree function name matches this direct callee spelling."
"MVDM-FIRST-CANDIDATE-000700"	"IUH"	"remains-first-degree-external-interface"	""	""	"No canonical zero-degree function name matches this direct callee spelling."
"MVDM-FIRST-CANDIDATE-000701"	"IUH"	"remains-first-degree-external-interface"	""	""	"No canonical zero-degree function name matches this direct callee spelling."
"MVDM-FIRST-CANDIDATE-000702"	"IUH"	"remains-first-degree-external-interface"	""	""	"No canonical zero-degree function name matches this direct callee spelling."
"MVDM-FIRST-CANDIDATE-000703"	"IUH"	"remains-first-degree-external-interface"	""	""	"No canonical zero-degree function name matches this direct callee spelling."
"MVDM-FIRST-CANDIDATE-000704"	"IUH"	"remains-first-degree-external-interface"	""	""	"No canonical zero-degree function name matches this direct callee spelling."
"MVDM-FIRST-CANDIDATE-000705"	"IUH"	"remains-first-degree-external-interface"	""	""	"No canonical zero-degree function name matches this direct callee spelling."
"MVDM-FIRST-CANDIDATE-000706"	"IUH"	"remains-first-degree-external-interface"	""	""	"No canonical zero-degree function name matches this direct callee spelling."
"MVDM-FIRST-CANDIDATE-000707"	"IUH"	"remains-first-degree-external-interface"	""	""	"No canonical zero-degree function name matches this direct callee spelling."
"MVDM-FIRST-CANDIDATE-000708"	"IUH"	"remains-first-degree-external-interface"	""	""	"No canonical zero-degree function name matches this direct callee spelling."
"MVDM-FIRST-CANDIDATE-000709"	"IUH"	"remains-first-degree-external-interface"	""	""	"No canonical zero-degree function name matches this direct callee spelling."
"MVDM-FIRST-CANDIDATE-000710"	"IUH"	"remains-first-degree-external-interface"	""	""	"No canonical zero-degree function name matches this direct callee spelling."
"MVDM-FIRST-CANDIDATE-000711"	"IUH"	"remains-first-degree-external-interface"	""	""	"No canonical zero-degree function name matches this direct callee spelling."
"MVDM-FIRST-CANDIDATE-000712"	"IUH"	"remains-first-degree-external-interface"	""	""	"No canonical zero-degree function name matches this direct callee spelling."
"MVDM-FIRST-CANDIDATE-000713"	"IUH"	"remains-first-degree-external-interface"	""	""	"No canonical zero-degree function name matches this direct callee spelling."
"MVDM-FIRST-CANDIDATE-000714"	"IUH"	"remains-first-degree-external-interface"	""	""	"No canonical zero-degree function name matches this direct callee spelling."
"MVDM-FIRST-CANDIDATE-000715"	"IUH"	"remains-first-degree-external-interface"	""	""	"No canonical zero-degree function name matches this direct callee spelling."
"MVDM-FIRST-CANDIDATE-000716"	"IUH"	"remains-first-degree-external-interface"	""	""	"No canonical zero-degree function name matches this direct callee spelling."
"MVDM-FIRST-CANDIDATE-000717"	"IUH"	"remains-first-degree-external-interface"	""	""	"No canonical zero-degree function name matches this direct callee spelling."
"MVDM-FIRST-CANDIDATE-000718"	"IUH"	"remains-first-degree-external-interface"	""	""	"No canonical zero-degree function name matches this direct callee spelling."
"MVDM-FIRST-CANDIDATE-000719"	"IUH"	"remains-first-degree-external-interface"	""	""	"No canonical zero-degree function name matches this direct callee spelling."
"MVDM-FIRST-CANDIDATE-000720"	"IUH"	"remains-first-degree-external-interface"	""	""	"No canonical zero-degree function name matches this direct callee spelling."
"MVDM-FIRST-CANDIDATE-000721"	"IUH"	"remains-first-degree-external-interface"	""	""	"No canonical zero-degree function name matches this direct callee spelling."
"MVDM-FIRST-CANDIDATE-000722"	"IUH"	"remains-first-degree-external-interface"	""	""	"No canonical zero-degree function name matches this direct callee spelling."
"MVDM-FIRST-CANDIDATE-000723"	"IUH"	"remains-first-degree-external-interface"	""	""	"No canonical zero-degree function name matches this direct callee spelling."
"MVDM-FIRST-CANDIDATE-000724"	"IUH"	"remains-first-degree-external-interface"	""	""	"No canonical zero-degree function name matches this direct callee spelling."
"MVDM-FIRST-CANDIDATE-000725"	"IUH"	"remains-first-degree-external-interface"	""	""	"No canonical zero-degree function name matches this direct callee spelling."
"MVDM-FIRST-CANDIDATE-000726"	"IUH"	"remains-first-degree-external-interface"	""	""	"No canonical zero-degree function name matches this direct callee spelling."
"MVDM-FIRST-CANDIDATE-000727"	"IUH"	"remains-first-degree-external-interface"	""	""	"No canonical zero-degree function name matches this direct callee spelling."
"MVDM-FIRST-CANDIDATE-000728"	"IUH"	"remains-first-degree-external-interface"	""	""	"No canonical zero-degree function name matches this direct callee spelling."
"MVDM-FIRST-CANDIDATE-000729"	"IUH"	"remains-first-degree-external-interface"	""	""	"No canonical zero-degree function name matches this direct callee spelling."
"MVDM-FIRST-CANDIDATE-000730"	"IUH"	"remains-first-degree-external-interface"	""	""	"No canonical zero-degree function name matches this direct callee spelling."
"MVDM-FIRST-CANDIDATE-000731"	"IUH"	"remains-first-degree-external-interface"	""	""	"No canonical zero-degree function name matches this direct callee spelling."
"MVDM-FIRST-CANDIDATE-000732"	"IUH"	"remains-first-degree-external-interface"	""	""	"No canonical zero-degree function name matches this direct callee spelling."
"MVDM-FIRST-CANDIDATE-000733"	"IUH"	"remains-first-degree-external-interface"	""	""	"No canonical zero-degree function name matches this direct callee spelling."
"MVDM-FIRST-CANDIDATE-000734"	"IUH"	"remains-first-degree-external-interface"	""	""	"No canonical zero-degree function name matches this direct callee spelling."
"MVDM-FIRST-CANDIDATE-000735"	"IUH"	"remains-first-degree-external-interface"	""	""	"No canonical zero-degree function name matches this direct callee spelling."
"MVDM-FIRST-CANDIDATE-000736"	"IUH"	"remains-first-degree-external-interface"	""	""	"No canonical zero-degree function name matches this direct callee spelling."
"MVDM-FIRST-CANDIDATE-000737"	"IUH"	"remains-first-degree-external-interface"	""	""	"No canonical zero-degree function name matches this direct callee spelling."
"MVDM-FIRST-CANDIDATE-000738"	"IUH"	"remains-first-degree-external-interface"	""	""	"No canonical zero-degree function name matches this direct callee spelling."
"MVDM-FIRST-CANDIDATE-000739"	"IUH"	"remains-first-degree-external-interface"	""	""	"No canonical zero-degree function name matches this direct callee spelling."
"MVDM-FIRST-CANDIDATE-000740"	"IUH"	"remains-first-degree-external-interface"	""	""	"No canonical zero-degree function name matches this direct callee spelling."
"MVDM-FIRST-CANDIDATE-000741"	"IUH"	"remains-first-degree-external-interface"	""	""	"No canonical zero-degree function name matches this direct callee spelling."
"MVDM-FIRST-CANDIDATE-000742"	"IUH"	"remains-first-degree-external-interface"	""	""	"No canonical zero-degree function name matches this direct callee spelling."
"MVDM-FIRST-CANDIDATE-000743"	"IUH"	"remains-first-degree-external-interface"	""	""	"No canonical zero-degree function name matches this direct callee spelling."
"MVDM-FIRST-CANDIDATE-000744"	"IUH"	"remains-first-degree-external-interface"	""	""	"No canonical zero-degree function name matches this direct callee spelling."
"MVDM-FIRST-CANDIDATE-000745"	"IUH"	"remains-first-degree-external-interface"	""	""	"No canonical zero-degree function name matches this direct callee spelling."
"MVDM-FIRST-CANDIDATE-000746"	"IUH"	"remains-first-degree-external-interface"	""	""	"No canonical zero-degree function name matches this direct callee spelling."
"MVDM-FIRST-CANDIDATE-000747"	"IUH"	"remains-first-degree-external-interface"	""	""	"No canonical zero-degree function name matches this direct callee spelling."
"MVDM-FIRST-CANDIDATE-000748"	"IUH"	"remains-first-degree-external-interface"	""	""	"No canonical zero-degree function name matches this direct callee spelling."
"MVDM-FIRST-CANDIDATE-000749"	"IUH"	"remains-first-degree-external-interface"	""	""	"No canonical zero-degree function name matches this direct callee spelling."
"MVDM-FIRST-CANDIDATE-000750"	"IUH"	"remains-first-degree-external-interface"	""	""	"No canonical zero-degree function name matches this direct callee spelling."
"MVDM-FIRST-CANDIDATE-000751"	"IUH"	"remains-first-degree-external-interface"	""	""	"No canonical zero-degree function name matches this direct callee spelling."
"MVDM-FIRST-CANDIDATE-000752"	"IUH"	"remains-first-degree-external-interface"	""	""	"No canonical zero-degree function name matches this direct callee spelling."
"MVDM-FIRST-CANDIDATE-000753"	"IUH"	"remains-first-degree-external-interface"	""	""	"No canonical zero-degree function name matches this direct callee spelling."
"MVDM-FIRST-CANDIDATE-000754"	"IUH"	"remains-first-degree-external-interface"	""	""	"No canonical zero-degree function name matches this direct callee spelling."
"MVDM-FIRST-CANDIDATE-000755"	"IUH"	"remains-first-degree-external-interface"	""	""	"No canonical zero-degree function name matches this direct callee spelling."
"MVDM-FIRST-CANDIDATE-000756"	"IUH"	"remains-first-degree-external-interface"	""	""	"No canonical zero-degree function name matches this direct callee spelling."
"MVDM-FIRST-CANDIDATE-000757"	"IUH"	"remains-first-degree-external-interface"	""	""	"No canonical zero-degree function name matches this direct callee spelling."
"MVDM-FIRST-CANDIDATE-000758"	"IUH"	"remains-first-degree-external-interface"	""	""	"No canonical zero-degree function name matches this direct callee spelling."
"MVDM-FIRST-CANDIDATE-000759"	"IUH"	"remains-first-degree-external-interface"	""	""	"No canonical zero-degree function name matches this direct callee spelling."
"MVDM-FIRST-CANDIDATE-000760"	"IUH"	"remains-first-degree-external-interface"	""	""	"No canonical zero-degree function name matches this direct callee spelling."
"MVDM-FIRST-CANDIDATE-000761"	"IUH"	"remains-first-degree-external-interface"	""	""	"No canonical zero-degree function name matches this direct callee spelling."
"MVDM-FIRST-CANDIDATE-000762"	"IUH"	"remains-first-degree-external-interface"	""	""	"No canonical zero-degree function name matches this direct callee spelling."
"MVDM-FIRST-CANDIDATE-000763"	"IUH"	"remains-first-degree-external-interface"	""	""	"No canonical zero-degree function name matches this direct callee spelling."
"MVDM-FIRST-CANDIDATE-000764"	"IUH"	"remains-first-degree-external-interface"	""	""	"No canonical zero-degree function name matches this direct callee spelling."
"MVDM-FIRST-CANDIDATE-000765"	"IUH"	"remains-first-degree-external-interface"	""	""	"No canonical zero-degree function name matches this direct callee spelling."
"MVDM-FIRST-CANDIDATE-000766"	"IUH"	"remains-first-degree-external-interface"	""	""	"No canonical zero-degree function name matches this direct callee spelling."
"MVDM-FIRST-CANDIDATE-000767"	"IUH"	"remains-first-degree-external-interface"	""	""	"No canonical zero-degree function name matches this direct callee spelling."
"MVDM-FIRST-CANDIDATE-000768"	"IUH"	"remains-first-degree-external-interface"	""	""	"No canonical zero-degree function name matches this direct callee spelling."
"MVDM-FIRST-CANDIDATE-000769"	"IUH"	"remains-first-degree-external-interface"	""	""	"No canonical zero-degree function name matches this direct callee spelling."
"MVDM-FIRST-CANDIDATE-000770"	"IUH"	"remains-first-degree-external-interface"	""	""	"No canonical zero-degree function name matches this direct callee spelling."
"MVDM-FIRST-CANDIDATE-000771"	"IUH"	"remains-first-degree-external-interface"	""	""	"No canonical zero-degree function name matches this direct callee spelling."
"MVDM-FIRST-CANDIDATE-000772"	"IUH"	"remains-first-degree-external-interface"	""	""	"No canonical zero-degree function name matches this direct callee spelling."
"MVDM-FIRST-CANDIDATE-000773"	"IUH"	"remains-first-degree-external-interface"	""	""	"No canonical zero-degree function name matches this direct callee spelling."
"MVDM-FIRST-CANDIDATE-000774"	"IUH"	"remains-first-degree-external-interface"	""	""	"No canonical zero-degree function name matches this direct callee spelling."
"MVDM-FIRST-CANDIDATE-000775"	"IUH"	"remains-first-degree-external-interface"	""	""	"No canonical zero-degree function name matches this direct callee spelling."
"MVDM-FIRST-CANDIDATE-000776"	"IUH"	"remains-first-degree-external-interface"	""	""	"No canonical zero-degree function name matches this direct callee spelling."
"MVDM-FIRST-CANDIDATE-000777"	"IUH"	"remains-first-degree-external-interface"	""	""	"No canonical zero-degree function name matches this direct callee spelling."
"MVDM-FIRST-CANDIDATE-000778"	"IUH"	"remains-first-degree-external-interface"	""	""	"No canonical zero-degree function name matches this direct callee spelling."
"MVDM-FIRST-CANDIDATE-000779"	"IUH"	"remains-first-degree-external-interface"	""	""	"No canonical zero-degree function name matches this direct callee spelling."
"MVDM-FIRST-CANDIDATE-000780"	"IUH"	"remains-first-degree-external-interface"	""	""	"No canonical zero-degree function name matches this direct callee spelling."
"MVDM-FIRST-CANDIDATE-000781"	"IUH"	"remains-first-degree-external-interface"	""	""	"No canonical zero-degree function name matches this direct callee spelling."
"MVDM-FIRST-CANDIDATE-000782"	"IUH"	"remains-first-degree-external-interface"	""	""	"No canonical zero-degree function name matches this direct callee spelling."
"MVDM-FIRST-CANDIDATE-000783"	"IUH"	"remains-first-degree-external-interface"	""	""	"No canonical zero-degree function name matches this direct callee spelling."
"MVDM-FIRST-CANDIDATE-000784"	"IUH"	"remains-first-degree-external-interface"	""	""	"No canonical zero-degree function name matches this direct callee spelling."
"MVDM-FIRST-CANDIDATE-000785"	"IUH"	"remains-first-degree-external-interface"	""	""	"No canonical zero-degree function name matches this direct callee spelling."
"MVDM-FIRST-CANDIDATE-000786"	"IUH"	"remains-first-degree-external-interface"	""	""	"No canonical zero-degree function name matches this direct callee spelling."
"MVDM-FIRST-CANDIDATE-000787"	"IUH"	"remains-first-degree-external-interface"	""	""	"No canonical zero-degree function name matches this direct callee spelling."
"MVDM-FIRST-CANDIDATE-000788"	"IUH"	"remains-first-degree-external-interface"	""	""	"No canonical zero-degree function name matches this direct callee spelling."
"MVDM-FIRST-CANDIDATE-000789"	"IUH"	"remains-first-degree-external-interface"	""	""	"No canonical zero-degree function name matches this direct callee spelling."
"MVDM-FIRST-CANDIDATE-000790"	"IUH"	"remains-first-degree-external-interface"	""	""	"No canonical zero-degree function name matches this direct callee spelling."
"MVDM-FIRST-CANDIDATE-000791"	"IUH"	"remains-first-degree-external-interface"	""	""	"No canonical zero-degree function name matches this direct callee spelling."
"MVDM-FIRST-CANDIDATE-000792"	"IUH"	"remains-first-degree-external-interface"	""	""	"No canonical zero-degree function name matches this direct callee spelling."
"MVDM-FIRST-CANDIDATE-000793"	"IUH"	"remains-first-degree-external-interface"	""	""	"No canonical zero-degree function name matches this direct callee spelling."
"MVDM-FIRST-CANDIDATE-000794"	"IUH"	"remains-first-degree-external-interface"	""	""	"No canonical zero-degree function name matches this direct callee spelling."
"MVDM-FIRST-CANDIDATE-000795"	"IUH"	"remains-first-degree-external-interface"	""	""	"No canonical zero-degree function name matches this direct callee spelling."
"MVDM-FIRST-CANDIDATE-000796"	"IUH"	"remains-first-degree-external-interface"	""	""	"No canonical zero-degree function name matches this direct callee spelling."
"MVDM-FIRST-CANDIDATE-000797"	"IUH"	"remains-first-degree-external-interface"	""	""	"No canonical zero-degree function name matches this direct callee spelling."
"MVDM-FIRST-CANDIDATE-000798"	"IUH"	"remains-first-degree-external-interface"	""	""	"No canonical zero-degree function name matches this direct callee spelling."
"MVDM-FIRST-CANDIDATE-000799"	"IUH"	"remains-first-degree-external-interface"	""	""	"No canonical zero-degree function name matches this direct callee spelling."
"MVDM-FIRST-CANDIDATE-000800"	"IUH"	"remains-first-degree-external-interface"	""	""	"No canonical zero-degree function name matches this direct callee spelling."
"MVDM-FIRST-CANDIDATE-000801"	"IUH"	"remains-first-degree-external-interface"	""	""	"No canonical zero-degree function name matches this direct callee spelling."
"MVDM-FIRST-CANDIDATE-000802"	"IUH"	"remains-first-degree-external-interface"	""	""	"No canonical zero-degree function name matches this direct callee spelling."
"MVDM-FIRST-CANDIDATE-000803"	"IUH"	"remains-first-degree-external-interface"	""	""	"No canonical zero-degree function name matches this direct callee spelling."
"MVDM-FIRST-CANDIDATE-000804"	"IUH"	"remains-first-degree-external-interface"	""	""	"No canonical zero-degree function name matches this direct callee spelling."
"MVDM-FIRST-CANDIDATE-000805"	"IUH"	"remains-first-degree-external-interface"	""	""	"No canonical zero-degree function name matches this direct callee spelling."
"MVDM-FIRST-CANDIDATE-000806"	"IUH"	"remains-first-degree-external-interface"	""	""	"No canonical zero-degree function name matches this direct callee spelling."
"MVDM-FIRST-CANDIDATE-000807"	"IUH"	"remains-first-degree-external-interface"	""	""	"No canonical zero-degree function name matches this direct callee spelling."
"MVDM-FIRST-CANDIDATE-000808"	"IUH"	"remains-first-degree-external-interface"	""	""	"No canonical zero-degree function name matches this direct callee spelling."
"MVDM-FIRST-CANDIDATE-000809"	"IUH"	"remains-first-degree-external-interface"	""	""	"No canonical zero-degree function name matches this direct callee spelling."
"MVDM-FIRST-CANDIDATE-000810"	"IUH"	"remains-first-degree-external-interface"	""	""	"No canonical zero-degree function name matches this direct callee spelling."
"MVDM-FIRST-CANDIDATE-000811"	"IUH"	"remains-first-degree-external-interface"	""	""	"No canonical zero-degree function name matches this direct callee spelling."
"MVDM-FIRST-CANDIDATE-000812"	"IUH"	"remains-first-degree-external-interface"	""	""	"No canonical zero-degree function name matches this direct callee spelling."
"MVDM-FIRST-CANDIDATE-000813"	"IUH"	"remains-first-degree-external-interface"	""	""	"No canonical zero-degree function name matches this direct callee spelling."
"MVDM-FIRST-CANDIDATE-000814"	"IUH"	"remains-first-degree-external-interface"	""	""	"No canonical zero-degree function name matches this direct callee spelling."
"MVDM-FIRST-CANDIDATE-000815"	"IUH"	"remains-first-degree-external-interface"	""	""	"No canonical zero-degree function name matches this direct callee spelling."
"MVDM-FIRST-CANDIDATE-000816"	"IUH"	"remains-first-degree-external-interface"	""	""	"No canonical zero-degree function name matches this direct callee spelling."
"MVDM-FIRST-CANDIDATE-000817"	"IUH"	"remains-first-degree-external-interface"	""	""	"No canonical zero-degree function name matches this direct callee spelling."
"MVDM-FIRST-CANDIDATE-000818"	"IUH"	"remains-first-degree-external-interface"	""	""	"No canonical zero-degree function name matches this direct callee spelling."
"MVDM-FIRST-CANDIDATE-000819"	"IUH"	"remains-first-degree-external-interface"	""	""	"No canonical zero-degree function name matches this direct callee spelling."
"MVDM-FIRST-CANDIDATE-000820"	"IUH"	"remains-first-degree-external-interface"	""	""	"No canonical zero-degree function name matches this direct callee spelling."
"MVDM-FIRST-CANDIDATE-000821"	"IUH"	"remains-first-degree-external-interface"	""	""	"No canonical zero-degree function name matches this direct callee spelling."
"MVDM-FIRST-CANDIDATE-000822"	"IUH"	"remains-first-degree-external-interface"	""	""	"No canonical zero-degree function name matches this direct callee spelling."
"MVDM-FIRST-CANDIDATE-000823"	"IUH"	"remains-first-degree-external-interface"	""	""	"No canonical zero-degree function name matches this direct callee spelling."
"MVDM-FIRST-CANDIDATE-000824"	"IUH"	"remains-first-degree-external-interface"	""	""	"No canonical zero-degree function name matches this direct callee spelling."
"MVDM-FIRST-CANDIDATE-000825"	"IUH"	"remains-first-degree-external-interface"	""	""	"No canonical zero-degree function name matches this direct callee spelling."
"MVDM-FIRST-CANDIDATE-000826"	"IUH"	"remains-first-degree-external-interface"	""	""	"No canonical zero-degree function name matches this direct callee spelling."
"MVDM-FIRST-CANDIDATE-000827"	"IUH"	"remains-first-degree-external-interface"	""	""	"No canonical zero-degree function name matches this direct callee spelling."
"MVDM-FIRST-CANDIDATE-000828"	"IUH"	"remains-first-degree-external-interface"	""	""	"No canonical zero-degree function name matches this direct callee spelling."
"MVDM-FIRST-CANDIDATE-000829"	"IUH"	"remains-first-degree-external-interface"	""	""	"No canonical zero-degree function name matches this direct callee spelling."
"MVDM-FIRST-CANDIDATE-000830"	"IUH"	"remains-first-degree-external-interface"	""	""	"No canonical zero-degree function name matches this direct callee spelling."
"MVDM-FIRST-CANDIDATE-000831"	"IUH"	"remains-first-degree-external-interface"	""	""	"No canonical zero-degree function name matches this direct callee spelling."
"MVDM-FIRST-CANDIDATE-000832"	"IUH"	"remains-first-degree-external-interface"	""	""	"No canonical zero-degree function name matches this direct callee spelling."
"MVDM-FIRST-CANDIDATE-000833"	"IUH"	"remains-first-degree-external-interface"	""	""	"No canonical zero-degree function name matches this direct callee spelling."
"MVDM-FIRST-CANDIDATE-000834"	"IUH"	"remains-first-degree-external-interface"	""	""	"No canonical zero-degree function name matches this direct callee spelling."
"MVDM-FIRST-CANDIDATE-000835"	"IUH"	"remains-first-degree-external-interface"	""	""	"No canonical zero-degree function name matches this direct callee spelling."
"MVDM-FIRST-CANDIDATE-000836"	"IUH"	"remains-first-degree-external-interface"	""	""	"No canonical zero-degree function name matches this direct callee spelling."
"MVDM-FIRST-CANDIDATE-000837"	"IUH"	"remains-first-degree-external-interface"	""	""	"No canonical zero-degree function name matches this direct callee spelling."
"MVDM-FIRST-CANDIDATE-000838"	"IUH"	"remains-first-degree-external-interface"	""	""	"No canonical zero-degree function name matches this direct callee spelling."
"MVDM-FIRST-CANDIDATE-000839"	"IUH"	"remains-first-degree-external-interface"	""	""	"No canonical zero-degree function name matches this direct callee spelling."
"MVDM-FIRST-CANDIDATE-000840"	"IUH"	"remains-first-degree-external-interface"	""	""	"No canonical zero-degree function name matches this direct callee spelling."
"MVDM-FIRST-CANDIDATE-000841"	"IUH"	"remains-first-degree-external-interface"	""	""	"No canonical zero-degree function name matches this direct callee spelling."
"MVDM-FIRST-CANDIDATE-000842"	"IUH"	"remains-first-degree-external-interface"	""	""	"No canonical zero-degree function name matches this direct callee spelling."
"MVDM-FIRST-CANDIDATE-000843"	"IUH"	"remains-first-degree-external-interface"	""	""	"No canonical zero-degree function name matches this direct callee spelling."
"MVDM-FIRST-CANDIDATE-000844"	"IUH"	"remains-first-degree-external-interface"	""	""	"No canonical zero-degree function name matches this direct callee spelling."
"MVDM-FIRST-CANDIDATE-000845"	"IUH"	"remains-first-degree-external-interface"	""	""	"No canonical zero-degree function name matches this direct callee spelling."
"MVDM-FIRST-CANDIDATE-000846"	"IUH"	"remains-first-degree-external-interface"	""	""	"No canonical zero-degree function name matches this direct callee spelling."
"MVDM-FIRST-CANDIDATE-000847"	"IUH"	"remains-first-degree-external-interface"	""	""	"No canonical zero-degree function name matches this direct callee spelling."
"MVDM-FIRST-CANDIDATE-000848"	"IUH"	"remains-first-degree-external-interface"	""	""	"No canonical zero-degree function name matches this direct callee spelling."
"MVDM-FIRST-CANDIDATE-000849"	"IUH"	"remains-first-degree-external-interface"	""	""	"No canonical zero-degree function name matches this direct callee spelling."
"MVDM-FIRST-CANDIDATE-000850"	"IUH"	"remains-first-degree-external-interface"	""	""	"No canonical zero-degree function name matches this direct callee spelling."
"MVDM-FIRST-CANDIDATE-000851"	"IUH"	"remains-first-degree-external-interface"	""	""	"No canonical zero-degree function name matches this direct callee spelling."
"MVDM-FIRST-CANDIDATE-000852"	"IUH"	"remains-first-degree-external-interface"	""	""	"No canonical zero-degree function name matches this direct callee spelling."
"MVDM-FIRST-CANDIDATE-000853"	"IUH"	"remains-first-degree-external-interface"	""	""	"No canonical zero-degree function name matches this direct callee spelling."
"MVDM-FIRST-CANDIDATE-000854"	"IUH"	"remains-first-degree-external-interface"	""	""	"No canonical zero-degree function name matches this direct callee spelling."
"MVDM-FIRST-CANDIDATE-000855"	"IUH"	"remains-first-degree-external-interface"	""	""	"No canonical zero-degree function name matches this direct callee spelling."
"MVDM-FIRST-CANDIDATE-000856"	"IUH"	"remains-first-degree-external-interface"	""	""	"No canonical zero-degree function name matches this direct callee spelling."
"MVDM-FIRST-CANDIDATE-000857"	"IUH"	"remains-first-degree-external-interface"	""	""	"No canonical zero-degree function name matches this direct callee spelling."
"MVDM-FIRST-CANDIDATE-000858"	"IUH"	"remains-first-degree-external-interface"	""	""	"No canonical zero-degree function name matches this direct callee spelling."
"MVDM-FIRST-CANDIDATE-000859"	"IUH"	"remains-first-degree-external-interface"	""	""	"No canonical zero-degree function name matches this direct callee spelling."
"MVDM-FIRST-CANDIDATE-000860"	"IUH"	"remains-first-degree-external-interface"	""	""	"No canonical zero-degree function name matches this direct callee spelling."
"MVDM-FIRST-CANDIDATE-000861"	"IUH"	"remains-first-degree-external-interface"	""	""	"No canonical zero-degree function name matches this direct callee spelling."
"MVDM-FIRST-CANDIDATE-000862"	"IUH"	"remains-first-degree-external-interface"	""	""	"No canonical zero-degree function name matches this direct callee spelling."
"MVDM-FIRST-CANDIDATE-000863"	"IUH"	"remains-first-degree-external-interface"	""	""	"No canonical zero-degree function name matches this direct callee spelling."
"MVDM-FIRST-CANDIDATE-000864"	"IUH"	"remains-first-degree-external-interface"	""	""	"No canonical zero-degree function name matches this direct callee spelling."
"MVDM-FIRST-CANDIDATE-000865"	"IUH"	"remains-first-degree-external-interface"	""	""	"No canonical zero-degree function name matches this direct callee spelling."
"MVDM-FIRST-CANDIDATE-000866"	"IUH"	"remains-first-degree-external-interface"	""	""	"No canonical zero-degree function name matches this direct callee spelling."
"MVDM-FIRST-CANDIDATE-000867"	"IUH"	"remains-first-degree-external-interface"	""	""	"No canonical zero-degree function name matches this direct callee spelling."
"MVDM-FIRST-CANDIDATE-000868"	"IUH"	"remains-first-degree-external-interface"	""	""	"No canonical zero-degree function name matches this direct callee spelling."
"MVDM-FIRST-CANDIDATE-000869"	"IUH"	"remains-first-degree-external-interface"	""	""	"No canonical zero-degree function name matches this direct callee spelling."
"MVDM-FIRST-CANDIDATE-000870"	"IUH"	"remains-first-degree-external-interface"	""	""	"No canonical zero-degree function name matches this direct callee spelling."
"MVDM-FIRST-CANDIDATE-000871"	"IUH"	"remains-first-degree-external-interface"	""	""	"No canonical zero-degree function name matches this direct callee spelling."
"MVDM-FIRST-CANDIDATE-000872"	"IUH"	"remains-first-degree-external-interface"	""	""	"No canonical zero-degree function name matches this direct callee spelling."
"MVDM-FIRST-CANDIDATE-000873"	"IUH"	"remains-first-degree-external-interface"	""	""	"No canonical zero-degree function name matches this direct callee spelling."
"MVDM-FIRST-CANDIDATE-000874"	"IUH"	"remains-first-degree-external-interface"	""	""	"No canonical zero-degree function name matches this direct callee spelling."
"MVDM-FIRST-CANDIDATE-000875"	"IUH"	"remains-first-degree-external-interface"	""	""	"No canonical zero-degree function name matches this direct callee spelling."
"MVDM-FIRST-CANDIDATE-000876"	"IUH"	"remains-first-degree-external-interface"	""	""	"No canonical zero-degree function name matches this direct callee spelling."
"MVDM-FIRST-CANDIDATE-000877"	"IUH"	"remains-first-degree-external-interface"	""	""	"No canonical zero-degree function name matches this direct callee spelling."
"MVDM-FIRST-CANDIDATE-000878"	"IUH"	"remains-first-degree-external-interface"	""	""	"No canonical zero-degree function name matches this direct callee spelling."
"MVDM-FIRST-CANDIDATE-000879"	"IUH"	"remains-first-degree-external-interface"	""	""	"No canonical zero-degree function name matches this direct callee spelling."
"MVDM-FIRST-CANDIDATE-000880"	"IUH"	"remains-first-degree-external-interface"	""	""	"No canonical zero-degree function name matches this direct callee spelling."
"MVDM-FIRST-CANDIDATE-000881"	"IUH"	"remains-first-degree-external-interface"	""	""	"No canonical zero-degree function name matches this direct callee spelling."
"MVDM-FIRST-CANDIDATE-000882"	"IUH"	"remains-first-degree-external-interface"	""	""	"No canonical zero-degree function name matches this direct callee spelling."
"MVDM-FIRST-CANDIDATE-000883"	"IUH"	"remains-first-degree-external-interface"	""	""	"No canonical zero-degree function name matches this direct callee spelling."
"MVDM-FIRST-CANDIDATE-000884"	"IUH"	"remains-first-degree-external-interface"	""	""	"No canonical zero-degree function name matches this direct callee spelling."
"MVDM-FIRST-CANDIDATE-000885"	"IUH"	"remains-first-degree-external-interface"	""	""	"No canonical zero-degree function name matches this direct callee spelling."
"MVDM-FIRST-CANDIDATE-000886"	"IUH"	"remains-first-degree-external-interface"	""	""	"No canonical zero-degree function name matches this direct callee spelling."
"MVDM-FIRST-CANDIDATE-000887"	"IUH"	"remains-first-degree-external-interface"	""	""	"No canonical zero-degree function name matches this direct callee spelling."
"MVDM-FIRST-CANDIDATE-000888"	"IUH"	"remains-first-degree-external-interface"	""	""	"No canonical zero-degree function name matches this direct callee spelling."
"MVDM-FIRST-CANDIDATE-000889"	"IUH"	"remains-first-degree-external-interface"	""	""	"No canonical zero-degree function name matches this direct callee spelling."
"MVDM-FIRST-CANDIDATE-000890"	"IUH"	"remains-first-degree-external-interface"	""	""	"No canonical zero-degree function name matches this direct callee spelling."
"MVDM-FIRST-CANDIDATE-000891"	"IUH"	"remains-first-degree-external-interface"	""	""	"No canonical zero-degree function name matches this direct callee spelling."
"MVDM-FIRST-CANDIDATE-000892"	"IUH"	"remains-first-degree-external-interface"	""	""	"No canonical zero-degree function name matches this direct callee spelling."
"MVDM-FIRST-CANDIDATE-000893"	"IUH"	"remains-first-degree-external-interface"	""	""	"No canonical zero-degree function name matches this direct callee spelling."
"MVDM-FIRST-CANDIDATE-000894"	"IUH"	"remains-first-degree-external-interface"	""	""	"No canonical zero-degree function name matches this direct callee spelling."
"MVDM-FIRST-CANDIDATE-000895"	"IUH"	"remains-first-degree-external-interface"	""	""	"No canonical zero-degree function name matches this direct callee spelling."
"MVDM-FIRST-CANDIDATE-000896"	"IUH"	"remains-first-degree-external-interface"	""	""	"No canonical zero-degree function name matches this direct callee spelling."
"MVDM-FIRST-CANDIDATE-000897"	"IUH"	"remains-first-degree-external-interface"	""	""	"No canonical zero-degree function name matches this direct callee spelling."
"MVDM-FIRST-CANDIDATE-000898"	"IUH"	"remains-first-degree-external-interface"	""	""	"No canonical zero-degree function name matches this direct callee spelling."
"MVDM-FIRST-CANDIDATE-000899"	"IUH"	"remains-first-degree-external-interface"	""	""	"No canonical zero-degree function name matches this direct callee spelling."
"MVDM-FIRST-CANDIDATE-000900"	"IUH"	"remains-first-degree-external-interface"	""	""	"No canonical zero-degree function name matches this direct callee spelling."
"MVDM-FIRST-CANDIDATE-000901"	"IUH"	"remains-first-degree-external-interface"	""	""	"No canonical zero-degree function name matches this direct callee spelling."
"MVDM-FIRST-CANDIDATE-000902"	"IUH"	"remains-first-degree-external-interface"	""	""	"No canonical zero-degree function name matches this direct callee spelling."
"MVDM-FIRST-CANDIDATE-000903"	"IUH"	"remains-first-degree-external-interface"	""	""	"No canonical zero-degree function name matches this direct callee spelling."
"MVDM-FIRST-CANDIDATE-000904"	"IUH"	"remains-first-degree-external-interface"	""	""	"No canonical zero-degree function name matches this direct callee spelling."
"MVDM-FIRST-CANDIDATE-000905"	"IUH"	"remains-first-degree-external-interface"	""	""	"No canonical zero-degree function name matches this direct callee spelling."
"MVDM-FIRST-CANDIDATE-000906"	"IUH"	"remains-first-degree-external-interface"	""	""	"No canonical zero-degree function name matches this direct callee spelling."
"MVDM-FIRST-CANDIDATE-000907"	"IUH"	"remains-first-degree-external-interface"	""	""	"No canonical zero-degree function name matches this direct callee spelling."
"MVDM-FIRST-CANDIDATE-000908"	"IUH"	"remains-first-degree-external-interface"	""	""	"No canonical zero-degree function name matches this direct callee spelling."
"MVDM-FIRST-CANDIDATE-000909"	"IUH"	"remains-first-degree-external-interface"	""	""	"No canonical zero-degree function name matches this direct callee spelling."
"MVDM-FIRST-CANDIDATE-000910"	"IUH"	"remains-first-degree-external-interface"	""	""	"No canonical zero-degree function name matches this direct callee spelling."
"MVDM-FIRST-CANDIDATE-000911"	"IUH"	"remains-first-degree-external-interface"	""	""	"No canonical zero-degree function name matches this direct callee spelling."
"MVDM-FIRST-CANDIDATE-000912"	"IUH"	"remains-first-degree-external-interface"	""	""	"No canonical zero-degree function name matches this direct callee spelling."
"MVDM-FIRST-CANDIDATE-000913"	"IUH"	"remains-first-degree-external-interface"	""	""	"No canonical zero-degree function name matches this direct callee spelling."
"MVDM-FIRST-CANDIDATE-000914"	"IUH"	"remains-first-degree-external-interface"	""	""	"No canonical zero-degree function name matches this direct callee spelling."
"MVDM-FIRST-CANDIDATE-000915"	"IUH"	"remains-first-degree-external-interface"	""	""	"No canonical zero-degree function name matches this direct callee spelling."
"MVDM-FIRST-CANDIDATE-000916"	"IUH"	"remains-first-degree-external-interface"	""	""	"No canonical zero-degree function name matches this direct callee spelling."
"MVDM-FIRST-CANDIDATE-000917"	"IUH"	"remains-first-degree-external-interface"	""	""	"No canonical zero-degree function name matches this direct callee spelling."
"MVDM-FIRST-CANDIDATE-000918"	"IUH"	"remains-first-degree-external-interface"	""	""	"No canonical zero-degree function name matches this direct callee spelling."
"MVDM-FIRST-CANDIDATE-000919"	"IUH"	"remains-first-degree-external-interface"	""	""	"No canonical zero-degree function name matches this direct callee spelling."
"MVDM-FIRST-CANDIDATE-000920"	"IUH"	"remains-first-degree-external-interface"	""	""	"No canonical zero-degree function name matches this direct callee spelling."
"MVDM-FIRST-CANDIDATE-000921"	"IUH"	"remains-first-degree-external-interface"	""	""	"No canonical zero-degree function name matches this direct callee spelling."
"MVDM-FIRST-CANDIDATE-000922"	"IUH"	"remains-first-degree-external-interface"	""	""	"No canonical zero-degree function name matches this direct callee spelling."
"MVDM-FIRST-CANDIDATE-000923"	"IUH"	"remains-first-degree-external-interface"	""	""	"No canonical zero-degree function name matches this direct callee spelling."
"MVDM-FIRST-CANDIDATE-000924"	"IUH"	"remains-first-degree-external-interface"	""	""	"No canonical zero-degree function name matches this direct callee spelling."
"MVDM-FIRST-CANDIDATE-000925"	"IUH"	"remains-first-degree-external-interface"	""	""	"No canonical zero-degree function name matches this direct callee spelling."
"MVDM-FIRST-CANDIDATE-000926"	"IUH"	"remains-first-degree-external-interface"	""	""	"No canonical zero-degree function name matches this direct callee spelling."
"MVDM-FIRST-CANDIDATE-000927"	"IUH"	"remains-first-degree-external-interface"	""	""	"No canonical zero-degree function name matches this direct callee spelling."
"MVDM-FIRST-CANDIDATE-000928"	"IUH"	"remains-first-degree-external-interface"	""	""	"No canonical zero-degree function name matches this direct callee spelling."
"MVDM-FIRST-CANDIDATE-000929"	"IUH"	"remains-first-degree-external-interface"	""	""	"No canonical zero-degree function name matches this direct callee spelling."
"MVDM-FIRST-CANDIDATE-000930"	"IUH"	"remains-first-degree-external-interface"	""	""	"No canonical zero-degree function name matches this direct callee spelling."
"MVDM-FIRST-CANDIDATE-000931"	"IUH"	"remains-first-degree-external-interface"	""	""	"No canonical zero-degree function name matches this direct callee spelling."
"MVDM-FIRST-CANDIDATE-000932"	"IUH"	"remains-first-degree-external-interface"	""	""	"No canonical zero-degree function name matches this direct callee spelling."
"MVDM-FIRST-CANDIDATE-000933"	"IUH"	"remains-first-degree-external-interface"	""	""	"No canonical zero-degree function name matches this direct callee spelling."
"MVDM-FIRST-CANDIDATE-000934"	"IUH"	"remains-first-degree-external-interface"	""	""	"No canonical zero-degree function name matches this direct callee spelling."
"MVDM-FIRST-CANDIDATE-000935"	"IUH"	"remains-first-degree-external-interface"	""	""	"No canonical zero-degree function name matches this direct callee spelling."
"MVDM-FIRST-CANDIDATE-000936"	"IUH"	"remains-first-degree-external-interface"	""	""	"No canonical zero-degree function name matches this direct callee spelling."
"MVDM-FIRST-CANDIDATE-000937"	"IUH"	"remains-first-degree-external-interface"	""	""	"No canonical zero-degree function name matches this direct callee spelling."
"MVDM-FIRST-CANDIDATE-000938"	"IUH"	"remains-first-degree-external-interface"	""	""	"No canonical zero-degree function name matches this direct callee spelling."
"MVDM-FIRST-CANDIDATE-000939"	"IUH"	"remains-first-degree-external-interface"	""	""	"No canonical zero-degree function name matches this direct callee spelling."
"MVDM-FIRST-CANDIDATE-000940"	"IUH"	"remains-first-degree-external-interface"	""	""	"No canonical zero-degree function name matches this direct callee spelling."
"MVDM-FIRST-CANDIDATE-000941"	"IUH"	"remains-first-degree-external-interface"	""	""	"No canonical zero-degree function name matches this direct callee spelling."
"MVDM-FIRST-CANDIDATE-000942"	"IUH"	"remains-first-degree-external-interface"	""	""	"No canonical zero-degree function name matches this direct callee spelling."
"MVDM-FIRST-CANDIDATE-000943"	"IUH"	"remains-first-degree-external-interface"	""	""	"No canonical zero-degree function name matches this direct callee spelling."
"MVDM-FIRST-CANDIDATE-000944"	"IUH"	"remains-first-degree-external-interface"	""	""	"No canonical zero-degree function name matches this direct callee spelling."
"MVDM-FIRST-CANDIDATE-000945"	"IUH"	"remains-first-degree-external-interface"	""	""	"No canonical zero-degree function name matches this direct callee spelling."
"MVDM-FIRST-CANDIDATE-000946"	"IUH"	"remains-first-degree-external-interface"	""	""	"No canonical zero-degree function name matches this direct callee spelling."
"MVDM-FIRST-CANDIDATE-000947"	"IUH"	"remains-first-degree-external-interface"	""	""	"No canonical zero-degree function name matches this direct callee spelling."
"MVDM-FIRST-CANDIDATE-000948"	"IUH"	"remains-first-degree-external-interface"	""	""	"No canonical zero-degree function name matches this direct callee spelling."
"MVDM-FIRST-CANDIDATE-000949"	"IUH"	"remains-first-degree-external-interface"	""	""	"No canonical zero-degree function name matches this direct callee spelling."
"MVDM-FIRST-CANDIDATE-000950"	"IUH"	"remains-first-degree-external-interface"	""	""	"No canonical zero-degree function name matches this direct callee spelling."
"MVDM-FIRST-CANDIDATE-000951"	"IUH"	"remains-first-degree-external-interface"	""	""	"No canonical zero-degree function name matches this direct callee spelling."
"MVDM-FIRST-CANDIDATE-000952"	"IUH"	"remains-first-degree-external-interface"	""	""	"No canonical zero-degree function name matches this direct callee spelling."
"MVDM-FIRST-CANDIDATE-000953"	"IUH"	"remains-first-degree-external-interface"	""	""	"No canonical zero-degree function name matches this direct callee spelling."
"MVDM-FIRST-CANDIDATE-000954"	"IUH"	"remains-first-degree-external-interface"	""	""	"No canonical zero-degree function name matches this direct callee spelling."
"MVDM-FIRST-CANDIDATE-000955"	"IUH"	"remains-first-degree-external-interface"	""	""	"No canonical zero-degree function name matches this direct callee spelling."
"MVDM-FIRST-CANDIDATE-000956"	"IUH"	"remains-first-degree-external-interface"	""	""	"No canonical zero-degree function name matches this direct callee spelling."
"MVDM-FIRST-CANDIDATE-000957"	"IUH"	"remains-first-degree-external-interface"	""	""	"No canonical zero-degree function name matches this direct callee spelling."
"MVDM-FIRST-CANDIDATE-000958"	"IUH"	"remains-first-degree-external-interface"	""	""	"No canonical zero-degree function name matches this direct callee spelling."
"MVDM-FIRST-CANDIDATE-000959"	"IUH"	"remains-first-degree-external-interface"	""	""	"No canonical zero-degree function name matches this direct callee spelling."
"MVDM-FIRST-CANDIDATE-000960"	"IUH"	"remains-first-degree-external-interface"	""	""	"No canonical zero-degree function name matches this direct callee spelling."
"MVDM-FIRST-CANDIDATE-000961"	"IUH"	"remains-first-degree-external-interface"	""	""	"No canonical zero-degree function name matches this direct callee spelling."
"MVDM-FIRST-CANDIDATE-000962"	"IUH"	"remains-first-degree-external-interface"	""	""	"No canonical zero-degree function name matches this direct callee spelling."
"MVDM-FIRST-CANDIDATE-000963"	"IUH"	"remains-first-degree-external-interface"	""	""	"No canonical zero-degree function name matches this direct callee spelling."
"MVDM-FIRST-CANDIDATE-000964"	"IUH"	"remains-first-degree-external-interface"	""	""	"No canonical zero-degree function name matches this direct callee spelling."
"MVDM-FIRST-CANDIDATE-000965"	"IUH"	"remains-first-degree-external-interface"	""	""	"No canonical zero-degree function name matches this direct callee spelling."
"MVDM-FIRST-CANDIDATE-000966"	"IUH"	"remains-first-degree-external-interface"	""	""	"No canonical zero-degree function name matches this direct callee spelling."
"MVDM-FIRST-CANDIDATE-000967"	"IUH"	"remains-first-degree-external-interface"	""	""	"No canonical zero-degree function name matches this direct callee spelling."
"MVDM-FIRST-CANDIDATE-000968"	"IUH"	"remains-first-degree-external-interface"	""	""	"No canonical zero-degree function name matches this direct callee spelling."
"MVDM-FIRST-CANDIDATE-000969"	"IUH"	"remains-first-degree-external-interface"	""	""	"No canonical zero-degree function name matches this direct callee spelling."
"MVDM-FIRST-CANDIDATE-000970"	"IUH"	"remains-first-degree-external-interface"	""	""	"No canonical zero-degree function name matches this direct callee spelling."
"MVDM-FIRST-CANDIDATE-000971"	"IUH"	"remains-first-degree-external-interface"	""	""	"No canonical zero-degree function name matches this direct callee spelling."
"MVDM-FIRST-CANDIDATE-000972"	"IUH"	"remains-first-degree-external-interface"	""	""	"No canonical zero-degree function name matches this direct callee spelling."
"MVDM-FIRST-CANDIDATE-000973"	"IUH"	"remains-first-degree-external-interface"	""	""	"No canonical zero-degree function name matches this direct callee spelling."
"MVDM-FIRST-CANDIDATE-000974"	"IUH"	"remains-first-degree-external-interface"	""	""	"No canonical zero-degree function name matches this direct callee spelling."
"MVDM-FIRST-CANDIDATE-000975"	"IUH"	"remains-first-degree-external-interface"	""	""	"No canonical zero-degree function name matches this direct callee spelling."
"MVDM-FIRST-CANDIDATE-000976"	"IUH"	"remains-first-degree-external-interface"	""	""	"No canonical zero-degree function name matches this direct callee spelling."
"MVDM-FIRST-CANDIDATE-000977"	"IUH"	"remains-first-degree-external-interface"	""	""	"No canonical zero-degree function name matches this direct callee spelling."
"MVDM-FIRST-CANDIDATE-000978"	"IUH"	"remains-first-degree-external-interface"	""	""	"No canonical zero-degree function name matches this direct callee spelling."
"MVDM-FIRST-CANDIDATE-000979"	"IUH"	"remains-first-degree-external-interface"	""	""	"No canonical zero-degree function name matches this direct callee spelling."
"MVDM-FIRST-CANDIDATE-000980"	"IUH"	"remains-first-degree-external-interface"	""	""	"No canonical zero-degree function name matches this direct callee spelling."
"MVDM-FIRST-CANDIDATE-000981"	"IUH"	"remains-first-degree-external-interface"	""	""	"No canonical zero-degree function name matches this direct callee spelling."
"MVDM-FIRST-CANDIDATE-000982"	"IUH"	"remains-first-degree-external-interface"	""	""	"No canonical zero-degree function name matches this direct callee spelling."
"MVDM-FIRST-CANDIDATE-000983"	"IUH"	"remains-first-degree-external-interface"	""	""	"No canonical zero-degree function name matches this direct callee spelling."
"MVDM-FIRST-CANDIDATE-000984"	"IUH"	"remains-first-degree-external-interface"	""	""	"No canonical zero-degree function name matches this direct callee spelling."
"MVDM-FIRST-CANDIDATE-000985"	"IUH"	"remains-first-degree-external-interface"	""	""	"No canonical zero-degree function name matches this direct callee spelling."
"MVDM-FIRST-CANDIDATE-000986"	"IUH"	"remains-first-degree-external-interface"	""	""	"No canonical zero-degree function name matches this direct callee spelling."
"MVDM-FIRST-CANDIDATE-000987"	"IUH"	"remains-first-degree-external-interface"	""	""	"No canonical zero-degree function name matches this direct callee spelling."
"MVDM-FIRST-CANDIDATE-000988"	"IUH"	"remains-first-degree-external-interface"	""	""	"No canonical zero-degree function name matches this direct callee spelling."
"MVDM-FIRST-CANDIDATE-000989"	"IUH"	"remains-first-degree-external-interface"	""	""	"No canonical zero-degree function name matches this direct callee spelling."
"MVDM-FIRST-CANDIDATE-000990"	"IUH"	"remains-first-degree-external-interface"	""	""	"No canonical zero-degree function name matches this direct callee spelling."
"MVDM-FIRST-CANDIDATE-000991"	"IUH"	"remains-first-degree-external-interface"	""	""	"No canonical zero-degree function name matches this direct callee spelling."
"MVDM-FIRST-CANDIDATE-000992"	"IUH"	"remains-first-degree-external-interface"	""	""	"No canonical zero-degree function name matches this direct callee spelling."
"MVDM-FIRST-CANDIDATE-000993"	"IUH"	"remains-first-degree-external-interface"	""	""	"No canonical zero-degree function name matches this direct callee spelling."
"MVDM-FIRST-CANDIDATE-000994"	"IUH"	"remains-first-degree-external-interface"	""	""	"No canonical zero-degree function name matches this direct callee spelling."
"MVDM-FIRST-CANDIDATE-000995"	"Sas_hw_at"	"remains-first-degree-external-interface"	""	""	"No canonical zero-degree function name matches this direct callee spelling."
"MVDM-FIRST-CANDIDATE-000996"	"byte_at"	"remains-first-degree-external-interface"	""	""	"No canonical zero-degree function name matches this direct callee spelling."
"MVDM-FIRST-CANDIDATE-000997"	"byte_at"	"remains-first-degree-external-interface"	""	""	"No canonical zero-degree function name matches this direct callee spelling."
"MVDM-FIRST-CANDIDATE-000998"	"byte_at"	"remains-first-degree-external-interface"	""	""	"No canonical zero-degree function name matches this direct callee spelling."
"MVDM-FIRST-CANDIDATE-000999"	"byte_at"	"remains-first-degree-external-interface"	""	""	"No canonical zero-degree function name matches this direct callee spelling."
"MVDM-FIRST-CANDIDATE-001000"	"byte_at"	"remains-first-degree-external-interface"	""	""	"No canonical zero-degree function name matches this direct callee spelling."
"MVDM-FIRST-CANDIDATE-001001"	"byte_at"	"remains-first-degree-external-interface"	""	""	"No canonical zero-degree function name matches this direct callee spelling."
"MVDM-FIRST-CANDIDATE-001002"	"byte_at"	"remains-first-degree-external-interface"	""	""	"No canonical zero-degree function name matches this direct callee spelling."
"MVDM-FIRST-CANDIDATE-001003"	"byte_at"	"remains-first-degree-external-interface"	""	""	"No canonical zero-degree function name matches this direct callee spelling."
"MVDM-FIRST-CANDIDATE-001004"	"bop_name"	"remains-first-degree-external-interface"	""	""	"No canonical zero-degree function name matches this direct callee spelling."
"MVDM-FIRST-CANDIDATE-001005"	"byte_at"	"remains-first-degree-external-interface"	""	""	"No canonical zero-degree function name matches this direct callee spelling."
"MVDM-FIRST-CANDIDATE-001006"	"dump_execed"	"remains-first-degree-external-interface"	""	""	"No canonical zero-degree function name matches this direct callee spelling."
"MVDM-FIRST-CANDIDATE-001007"	"strspn"	"remains-first-degree-external-interface"	""	""	"No canonical zero-degree function name matches this direct callee spelling."
"MVDM-FIRST-CANDIDATE-001008"	"HostProfUSecs"	"remains-first-degree-external-interface"	""	""	"No canonical zero-degree function name matches this direct callee spelling."
"MVDM-FIRST-CANDIDATE-001009"	"HostTimestampDiff"	"remains-first-degree-external-interface"	""	""	"No canonical zero-degree function name matches this direct callee spelling."
"MVDM-FIRST-CANDIDATE-001010"	"HostProfInitName"	"remains-first-degree-external-interface"	""	""	"No canonical zero-degree function name matches this direct callee spelling."
"MVDM-FIRST-CANDIDATE-001011"	"host_realloc"	"remains-first-degree-external-interface"	""	""	"No canonical zero-degree function name matches this direct callee spelling."
"MVDM-FIRST-CANDIDATE-001012"	"host_realloc"	"remains-first-degree-external-interface"	""	""	"No canonical zero-degree function name matches this direct callee spelling."
"MVDM-FIRST-CANDIDATE-001013"	"HostTimestampDiff"	"remains-first-degree-external-interface"	""	""	"No canonical zero-degree function name matches this direct callee spelling."
"MVDM-FIRST-CANDIDATE-001014"	"HostProfUSecs"	"remains-first-degree-external-interface"	""	""	"No canonical zero-degree function name matches this direct callee spelling."
"MVDM-FIRST-CANDIDATE-001015"	"HostTimestampDiff"	"remains-first-degree-external-interface"	""	""	"No canonical zero-degree function name matches this direct callee spelling."
"MVDM-FIRST-CANDIDATE-001016"	"HostProfUSecs"	"remains-first-degree-external-interface"	""	""	"No canonical zero-degree function name matches this direct callee spelling."
"MVDM-FIRST-CANDIDATE-001017"	"HostWriteTimestamp"	"remains-first-degree-external-interface"	""	""	"No canonical zero-degree function name matches this direct callee spelling."
"MVDM-FIRST-CANDIDATE-001018"	"HostTimestampDiff"	"remains-first-degree-external-interface"	""	""	"No canonical zero-degree function name matches this direct callee spelling."
"MVDM-FIRST-CANDIDATE-001019"	"HostSlipTimestamp"	"remains-first-degree-external-interface"	""	""	"No canonical zero-degree function name matches this direct callee spelling."
"MVDM-FIRST-CANDIDATE-001020"	"host_realloc"	"remains-first-degree-external-interface"	""	""	"No canonical zero-degree function name matches this direct callee spelling."
"MVDM-FIRST-CANDIDATE-001021"	"host_realloc"	"remains-first-degree-external-interface"	""	""	"No canonical zero-degree function name matches this direct callee spelling."
"MVDM-FIRST-CANDIDATE-001022"	"HostProfInitName"	"remains-first-degree-external-interface"	""	""	"No canonical zero-degree function name matches this direct callee spelling."
"MVDM-FIRST-CANDIDATE-001023"	"HostProfHook"	"remains-first-degree-external-interface"	""	""	"No canonical zero-degree function name matches this direct callee spelling."
"MVDM-FIRST-CANDIDATE-001024"	"HostWriteTimestamp"	"remains-first-degree-external-interface"	""	""	"No canonical zero-degree function name matches this direct callee spelling."
"MVDM-FIRST-CANDIDATE-001025"	"HostProfArgHook"	"remains-first-degree-external-interface"	""	""	"No canonical zero-degree function name matches this direct callee spelling."
"MVDM-FIRST-CANDIDATE-001026"	"HostWriteTimestamp"	"remains-first-degree-external-interface"	""	""	"No canonical zero-degree function name matches this direct callee spelling."
"MVDM-FIRST-CANDIDATE-001027"	"HostWriteTimestamp"	"remains-first-degree-external-interface"	""	""	"No canonical zero-degree function name matches this direct callee spelling."
"MVDM-FIRST-CANDIDATE-001028"	"HostWriteTimestamp"	"remains-first-degree-external-interface"	""	""	"No canonical zero-degree function name matches this direct callee spelling."
"MVDM-FIRST-CANDIDATE-001029"	"HostAddTimestamps"	"remains-first-degree-external-interface"	""	""	"No canonical zero-degree function name matches this direct callee spelling."
"MVDM-FIRST-CANDIDATE-001030"	"HostTimestampDiff"	"remains-first-degree-external-interface"	""	""	"No canonical zero-degree function name matches this direct callee spelling."
"MVDM-FIRST-CANDIDATE-001031"	"time"	"remains-first-degree-external-interface"	""	""	"No canonical zero-degree function name matches this direct callee spelling."
"MVDM-FIRST-CANDIDATE-001032"	"ctime"	"remains-first-degree-external-interface"	""	""	"No canonical zero-degree function name matches this direct callee spelling."
"MVDM-FIRST-CANDIDATE-001033"	"clock"	"remains-first-degree-external-interface"	""	""	"No canonical zero-degree function name matches this direct callee spelling."
"MVDM-FIRST-CANDIDATE-001034"	"times"	"remains-first-degree-external-interface"	""	""	"No canonical zero-degree function name matches this direct callee spelling."
"MVDM-FIRST-CANDIDATE-001035"	"HostPrintTimestamp"	"remains-first-degree-external-interface"	""	""	"No canonical zero-degree function name matches this direct callee spelling."
"MVDM-FIRST-CANDIDATE-001036"	"GetSadInfo"	"remains-first-degree-external-interface"	""	""	"No canonical zero-degree function name matches this direct callee spelling."
"MVDM-FIRST-CANDIDATE-001037"	"HostWriteTimestamp"	"remains-first-degree-external-interface"	""	""	"No canonical zero-degree function name matches this direct callee spelling."
"MVDM-FIRST-CANDIDATE-001038"	"HostProfInit"	"remains-first-degree-external-interface"	""	""	"No canonical zero-degree function name matches this direct callee spelling."
"MVDM-FIRST-CANDIDATE-001039"	"time"	"remains-first-degree-external-interface"	""	""	"No canonical zero-degree function name matches this direct callee spelling."
"MVDM-FIRST-CANDIDATE-001040"	"ctime"	"remains-first-degree-external-interface"	""	""	"No canonical zero-degree function name matches this direct callee spelling."
"MVDM-FIRST-CANDIDATE-001041"	"sysconf"	"remains-first-degree-external-interface"	""	""	"No canonical zero-degree function name matches this direct callee spelling."
"MVDM-FIRST-CANDIDATE-001042"	"EnterDebug"	"remains-first-degree-external-interface"	""	""	"No canonical zero-degree function name matches this direct callee spelling."
"MVDM-FIRST-CANDIDATE-001043"	"LeaveDebug"	"remains-first-degree-external-interface"	""	""	"No canonical zero-degree function name matches this direct callee spelling."
"MVDM-FIRST-CANDIDATE-001044"	"a_getNpxStatusReg"	"remains-first-degree-external-interface"	""	""	"No canonical zero-degree function name matches this direct callee spelling."
"MVDM-FIRST-CANDIDATE-001045"	"a_getNpxControlReg"	"remains-first-degree-external-interface"	""	""	"No canonical zero-degree function name matches this direct callee spelling."
"MVDM-FIRST-CANDIDATE-001046"	"a_getNpxStatusReg"	"remains-first-degree-external-interface"	""	""	"No canonical zero-degree function name matches this direct callee spelling."
"MVDM-FIRST-CANDIDATE-001047"	"a_getNpxTagwordReg"	"remains-first-degree-external-interface"	""	""	"No canonical zero-degree function name matches this direct callee spelling."
"MVDM-FIRST-CANDIDATE-001048"	"a_getNpxStackReg"	"remains-first-degree-external-interface"	""	""	"No canonical zero-degree function name matches this direct callee spelling."
"MVDM-FIRST-CANDIDATE-001049"	"Nano_slow_yoda"	"remains-first-degree-external-interface"	""	""	"No canonical zero-degree function name matches this direct callee spelling."
"MVDM-FIRST-CANDIDATE-001050"	"sigblock"	"remains-first-degree-external-interface"	""	""	"No canonical zero-degree function name matches this direct callee spelling."
"MVDM-FIRST-CANDIDATE-001051"	"sigblock"	"remains-first-degree-external-interface"	""	""	"No canonical zero-degree function name matches this direct callee spelling."
"MVDM-FIRST-CANDIDATE-001052"	"sigsetmask"	"remains-first-degree-external-interface"	""	""	"No canonical zero-degree function name matches this direct callee spelling."
"MVDM-FIRST-CANDIDATE-001053"	"Hg_print_stats"	"remains-first-degree-external-interface"	""	""	"No canonical zero-degree function name matches this direct callee spelling."
"MVDM-FIRST-CANDIDATE-001054"	"Hg_clear_stats"	"remains-first-degree-external-interface"	""	""	"No canonical zero-degree function name matches this direct callee spelling."
"MVDM-FIRST-CANDIDATE-001055"	"do_slow"	"canonical-zero-definition-after-macro-normalization"	"linkable:do_slow"	"MVDM-ZERO-DEFINITION-007093"	"Raw T295 first-degree record is preserved; source-defined macro-name normalization proves this callee is zero degree."
"MVDM-FIRST-CANDIDATE-001056"	"do_fast"	"canonical-zero-definition-after-macro-normalization"	"linkable:do_fast"	"MVDM-ZERO-DEFINITION-007092"	"Raw T295 first-degree record is preserved; source-defined macro-name normalization proves this callee is zero degree."
"MVDM-FIRST-CANDIDATE-001057"	"rand"	"remains-first-degree-external-interface"	""	""	"No canonical zero-degree function name matches this direct callee spelling."
"MVDM-FIRST-CANDIDATE-001058"	"set_dpmi_severity"	"remains-first-degree-external-interface"	""	""	"No canonical zero-degree function name matches this direct callee spelling."
"MVDM-FIRST-CANDIDATE-001059"	"strtol"	"remains-first-degree-external-interface"	""	""	"No canonical zero-degree function name matches this direct callee spelling."
"MVDM-FIRST-CANDIDATE-001060"	"strtol"	"remains-first-degree-external-interface"	""	""	"No canonical zero-degree function name matches this direct callee spelling."
"MVDM-FIRST-CANDIDATE-001061"	"strtol"	"remains-first-degree-external-interface"	""	""	"No canonical zero-degree function name matches this direct callee spelling."
"MVDM-FIRST-CANDIDATE-001062"	"strtol"	"remains-first-degree-external-interface"	""	""	"No canonical zero-degree function name matches this direct callee spelling."
"MVDM-FIRST-CANDIDATE-001063"	"strtol"	"remains-first-degree-external-interface"	""	""	"No canonical zero-degree function name matches this direct callee spelling."
"MVDM-FIRST-CANDIDATE-001064"	"set_data_break_words"	"remains-first-degree-external-interface"	""	""	"No canonical zero-degree function name matches this direct callee spelling."
"MVDM-FIRST-CANDIDATE-001065"	"set_host_address_break"	"remains-first-degree-external-interface"	""	""	"No canonical zero-degree function name matches this direct callee spelling."
"MVDM-FIRST-CANDIDATE-001066"	"strtol"	"remains-first-degree-external-interface"	""	""	"No canonical zero-degree function name matches this direct callee spelling."
"MVDM-FIRST-CANDIDATE-001067"	"Sas_hw_at"	"remains-first-degree-external-interface"	""	""	"No canonical zero-degree function name matches this direct callee spelling."
"MVDM-FIRST-CANDIDATE-001068"	"FmDebug"	"remains-first-degree-external-interface"	""	""	"No canonical zero-degree function name matches this direct callee spelling."
"MVDM-FIRST-CANDIDATE-001069"	"IU32"	"remains-first-degree-external-interface"	""	""	"No canonical zero-degree function name matches this direct callee spelling."
"MVDM-FIRST-CANDIDATE-001070"	"get_offset_val"	"remains-first-degree-external-interface"	""	""	"No canonical zero-degree function name matches this direct callee spelling."
"MVDM-FIRST-CANDIDATE-001071"	"get_segreg_val"	"remains-first-degree-external-interface"	""	""	"No canonical zero-degree function name matches this direct callee spelling."
"MVDM-FIRST-CANDIDATE-001072"	"get_offset_val"	"remains-first-degree-external-interface"	""	""	"No canonical zero-degree function name matches this direct callee spelling."
"MVDM-FIRST-CANDIDATE-001073"	"get_segreg_val"	"remains-first-degree-external-interface"	""	""	"No canonical zero-degree function name matches this direct callee spelling."
"MVDM-FIRST-CANDIDATE-001074"	"get_segreg_val"	"remains-first-degree-external-interface"	""	""	"No canonical zero-degree function name matches this direct callee spelling."
"MVDM-FIRST-CANDIDATE-001075"	"GetSadInfo"	"remains-first-degree-external-interface"	""	""	"No canonical zero-degree function name matches this direct callee spelling."
"MVDM-FIRST-CANDIDATE-001076"	"EnterDebug"	"remains-first-degree-external-interface"	""	""	"No canonical zero-degree function name matches this direct callee spelling."
"MVDM-FIRST-CANDIDATE-001077"	"DisableEE"	"remains-first-degree-external-interface"	""	""	"No canonical zero-degree function name matches this direct callee spelling."
"MVDM-FIRST-CANDIDATE-001078"	"srand"	"remains-first-degree-external-interface"	""	""	"No canonical zero-degree function name matches this direct callee spelling."
"MVDM-FIRST-CANDIDATE-001079"	"time"	"remains-first-degree-external-interface"	""	""	"No canonical zero-degree function name matches this direct callee spelling."
"MVDM-FIRST-CANDIDATE-001080"	"RestoreEE"	"remains-first-degree-external-interface"	""	""	"No canonical zero-degree function name matches this direct callee spelling."
"MVDM-FIRST-CANDIDATE-001081"	"LeaveDebug"	"remains-first-degree-external-interface"	""	""	"No canonical zero-degree function name matches this direct callee spelling."
"MVDM-FIRST-CANDIDATE-001082"	"EnterDebug"	"remains-first-degree-external-interface"	""	""	"No canonical zero-degree function name matches this direct callee spelling."
"MVDM-FIRST-CANDIDATE-001083"	"LeaveDebug"	"remains-first-degree-external-interface"	""	""	"No canonical zero-degree function name matches this direct callee spelling."
"MVDM-FIRST-CANDIDATE-001084"	"host_suspend_filter_process"	"remains-first-degree-external-interface"	""	""	"No canonical zero-degree function name matches this direct callee spelling."
"MVDM-FIRST-CANDIDATE-001085"	"host_resume_filter_process"	"remains-first-degree-external-interface"	""	""	"No canonical zero-degree function name matches this direct callee spelling."
"MVDM-FIRST-CANDIDATE-001086"	"host_kill_filter_process"	"remains-first-degree-external-interface"	""	""	"No canonical zero-degree function name matches this direct callee spelling."
"MVDM-FIRST-CANDIDATE-001087"	"HostWordToIntelWord"	"remains-first-degree-external-interface"	""	""	"No canonical zero-degree function name matches this direct callee spelling."
"MVDM-FIRST-CANDIDATE-001088"	"host_write_enable"	"remains-first-degree-external-interface"	""	""	"No canonical zero-degree function name matches this direct callee spelling."
"MVDM-FIRST-CANDIDATE-001089"	"host_write_protect"	"remains-first-degree-external-interface"	""	""	"No canonical zero-degree function name matches this direct callee spelling."
"MVDM-FIRST-CANDIDATE-001090"	"host_write_enable"	"remains-first-degree-external-interface"	""	""	"No canonical zero-degree function name matches this direct callee spelling."
"MVDM-FIRST-CANDIDATE-001091"	"host_write_protect"	"remains-first-degree-external-interface"	""	""	"No canonical zero-degree function name matches this direct callee spelling."
"MVDM-FIRST-CANDIDATE-001092"	"host_write_enable"	"remains-first-degree-external-interface"	""	""	"No canonical zero-degree function name matches this direct callee spelling."
"MVDM-FIRST-CANDIDATE-001093"	"host_write_protect"	"remains-first-degree-external-interface"	""	""	"No canonical zero-degree function name matches this direct callee spelling."
"MVDM-FIRST-CANDIDATE-001094"	"host_write_enable"	"remains-first-degree-external-interface"	""	""	"No canonical zero-degree function name matches this direct callee spelling."
"MVDM-FIRST-CANDIDATE-001095"	"host_write_protect"	"remains-first-degree-external-interface"	""	""	"No canonical zero-degree function name matches this direct callee spelling."
"MVDM-FIRST-CANDIDATE-001096"	"host_fdisk_close"	"remains-first-degree-external-interface"	""	""	"No canonical zero-degree function name matches this direct callee spelling."
"MVDM-FIRST-CANDIDATE-001097"	"cmos_read"	"remains-first-degree-external-interface"	""	""	"No canonical zero-degree function name matches this direct callee spelling."
"MVDM-FIRST-CANDIDATE-001098"	"cmos_read"	"remains-first-degree-external-interface"	""	""	"No canonical zero-degree function name matches this direct callee spelling."
"MVDM-FIRST-CANDIDATE-001099"	"FieldFloppyInterrupts"	"remains-first-degree-external-interface"	""	""	"No canonical zero-degree function name matches this direct callee spelling."
"MVDM-FIRST-CANDIDATE-001100"	"host_slave_port_validate"	"remains-first-degree-external-interface"	""	""	"No canonical zero-degree function name matches this direct callee spelling."
"MVDM-FIRST-CANDIDATE-001101"	"host_rpc_action"	"remains-first-degree-external-interface"	""	""	"No canonical zero-degree function name matches this direct callee spelling."
"MVDM-FIRST-CANDIDATE-001102"	"host_rpc_action"	"remains-first-degree-external-interface"	""	""	"No canonical zero-degree function name matches this direct callee spelling."
"MVDM-FIRST-CANDIDATE-001103"	"host_rpc_action"	"remains-first-degree-external-interface"	""	""	"No canonical zero-degree function name matches this direct callee spelling."
"MVDM-FIRST-CANDIDATE-001104"	"host_rpc_action"	"remains-first-degree-external-interface"	""	""	"No canonical zero-degree function name matches this direct callee spelling."
"MVDM-FIRST-CANDIDATE-001105"	"host_rpc_reset"	"remains-first-degree-external-interface"	""	""	"No canonical zero-degree function name matches this direct callee spelling."
"MVDM-FIRST-CANDIDATE-001106"	"host_rpc_action"	"remains-first-degree-external-interface"	""	""	"No canonical zero-degree function name matches this direct callee spelling."
"MVDM-FIRST-CANDIDATE-001107"	"host_rpc_action"	"remains-first-degree-external-interface"	""	""	"No canonical zero-degree function name matches this direct callee spelling."
"MVDM-FIRST-CANDIDATE-001108"	"host_rpc_action"	"remains-first-degree-external-interface"	""	""	"No canonical zero-degree function name matches this direct callee spelling."
"MVDM-FIRST-CANDIDATE-001109"	"host_rpc_action"	"remains-first-degree-external-interface"	""	""	"No canonical zero-degree function name matches this direct callee spelling."
"MVDM-FIRST-CANDIDATE-001110"	"host_rpc_action"	"remains-first-degree-external-interface"	""	""	"No canonical zero-degree function name matches this direct callee spelling."
"MVDM-FIRST-CANDIDATE-001111"	"host_rpc_action"	"remains-first-degree-external-interface"	""	""	"No canonical zero-degree function name matches this direct callee spelling."
"MVDM-FIRST-CANDIDATE-001112"	"host_rpc_action"	"remains-first-degree-external-interface"	""	""	"No canonical zero-degree function name matches this direct callee spelling."
"MVDM-FIRST-CANDIDATE-001113"	"host_rpc_action"	"remains-first-degree-external-interface"	""	""	"No canonical zero-degree function name matches this direct callee spelling."
"MVDM-FIRST-CANDIDATE-001114"	"host_rpc_action"	"remains-first-degree-external-interface"	""	""	"No canonical zero-degree function name matches this direct callee spelling."
"MVDM-FIRST-CANDIDATE-001115"	"host_rpc_action"	"remains-first-degree-external-interface"	""	""	"No canonical zero-degree function name matches this direct callee spelling."
"MVDM-FIRST-CANDIDATE-001116"	"host_rpc_action"	"remains-first-degree-external-interface"	""	""	"No canonical zero-degree function name matches this direct callee spelling."
"MVDM-FIRST-CANDIDATE-001117"	"host_rpc_action"	"remains-first-degree-external-interface"	""	""	"No canonical zero-degree function name matches this direct callee spelling."
"MVDM-FIRST-CANDIDATE-001118"	"host_rpc_close"	"remains-first-degree-external-interface"	""	""	"No canonical zero-degree function name matches this direct callee spelling."
"MVDM-FIRST-CANDIDATE-001119"	"host_rpc_open"	"remains-first-degree-external-interface"	""	""	"No canonical zero-degree function name matches this direct callee spelling."
"MVDM-FIRST-CANDIDATE-001120"	"host_rpc_reset"	"remains-first-degree-external-interface"	""	""	"No canonical zero-degree function name matches this direct callee spelling."
"MVDM-FIRST-CANDIDATE-001121"	"host_rpc_close"	"remains-first-degree-external-interface"	""	""	"No canonical zero-degree function name matches this direct callee spelling."
"MVDM-FIRST-CANDIDATE-001122"	"host_rpc_close"	"remains-first-degree-external-interface"	""	""	"No canonical zero-degree function name matches this direct callee spelling."
"MVDM-FIRST-CANDIDATE-001123"	"host_rpc_close"	"remains-first-degree-external-interface"	""	""	"No canonical zero-degree function name matches this direct callee spelling."
"MVDM-FIRST-CANDIDATE-001124"	"reset_emm_funcs"	"remains-first-degree-external-interface"	""	""	"No canonical zero-degree function name matches this direct callee spelling."
"MVDM-FIRST-CANDIDATE-001125"	"strtol"	"remains-first-degree-external-interface"	""	""	"No canonical zero-degree function name matches this direct callee spelling."
"MVDM-FIRST-CANDIDATE-001126"	"host_init_uid"	"remains-first-degree-external-interface"	""	""	"No canonical zero-degree function name matches this direct callee spelling."
"MVDM-FIRST-CANDIDATE-001127"	"setupEnv"	"remains-first-degree-external-interface"	""	""	"No canonical zero-degree function name matches this direct callee spelling."
"MVDM-FIRST-CANDIDATE-001128"	"ProcCommonCommLineArgs"	"remains-first-degree-external-interface"	""	""	"No canonical zero-degree function name matches this direct callee spelling."
"MVDM-FIRST-CANDIDATE-001129"	"host_validate_swin_integrity"	"remains-first-degree-external-interface"	""	""	"No canonical zero-degree function name matches this direct callee spelling."
"MVDM-FIRST-CANDIDATE-001130"	"parse_lc_options"	"remains-first-degree-external-interface"	""	""	"No canonical zero-degree function name matches this direct callee spelling."
"MVDM-FIRST-CANDIDATE-001131"	"gispROMInit"	"remains-first-degree-external-interface"	""	""	"No canonical zero-degree function name matches this direct callee spelling."
"MVDM-FIRST-CANDIDATE-001132"	"setupHwVGAGlobals"	"remains-first-degree-external-interface"	""	""	"No canonical zero-degree function name matches this direct callee spelling."
"MVDM-FIRST-CANDIDATE-001133"	"host_susp_q_init"	"remains-first-degree-external-interface"	""	""	"No canonical zero-degree function name matches this direct callee spelling."
"MVDM-FIRST-CANDIDATE-001134"	"hfx_driver_initialisation"	"remains-first-degree-external-interface"	""	""	"No canonical zero-degree function name matches this direct callee spelling."
"MVDM-FIRST-CANDIDATE-001135"	"mouse_driver_initialisation"	"remains-first-degree-external-interface"	""	""	"No canonical zero-degree function name matches this direct callee spelling."
"MVDM-FIRST-CANDIDATE-001136"	"WinTerm"	"remains-first-degree-external-interface"	""	""	"No canonical zero-degree function name matches this direct callee spelling."
"MVDM-FIRST-CANDIDATE-001137"	"sb_term"	"remains-first-degree-external-interface"	""	""	"No canonical zero-degree function name matches this direct callee spelling."
"MVDM-FIRST-CANDIDATE-001138"	"hostIsFullScreen"	"remains-first-degree-external-interface"	""	""	"No canonical zero-degree function name matches this direct callee spelling."
"MVDM-FIRST-CANDIDATE-001139"	"disableFullScreenVideo"	"remains-first-degree-external-interface"	""	""	"No canonical zero-degree function name matches this direct callee spelling."
"MVDM-FIRST-CANDIDATE-001140"	"host_timer_shutdown"	"remains-first-degree-external-interface"	""	""	"No canonical zero-degree function name matches this direct callee spelling."
"MVDM-FIRST-CANDIDATE-001141"	"net_term"	"remains-first-degree-external-interface"	""	""	"No canonical zero-degree function name matches this direct callee spelling."
"MVDM-FIRST-CANDIDATE-001142"	"cmos_read"	"remains-first-degree-external-interface"	""	""	"No canonical zero-degree function name matches this direct callee spelling."
"MVDM-FIRST-CANDIDATE-001143"	"cmos_read"	"remains-first-degree-external-interface"	""	""	"No canonical zero-degree function name matches this direct callee spelling."
"MVDM-FIRST-CANDIDATE-001144"	"cmos_read"	"remains-first-degree-external-interface"	""	""	"No canonical zero-degree function name matches this direct callee spelling."
"MVDM-FIRST-CANDIDATE-001145"	"cmos_read"	"remains-first-degree-external-interface"	""	""	"No canonical zero-degree function name matches this direct callee spelling."
"MVDM-FIRST-CANDIDATE-001146"	"cmos_write"	"remains-first-degree-external-interface"	""	""	"No canonical zero-degree function name matches this direct callee spelling."
"MVDM-FIRST-CANDIDATE-001147"	"cmos_write"	"remains-first-degree-external-interface"	""	""	"No canonical zero-degree function name matches this direct callee spelling."
"MVDM-FIRST-CANDIDATE-001148"	"cmos_read"	"remains-first-degree-external-interface"	""	""	"No canonical zero-degree function name matches this direct callee spelling."
"MVDM-FIRST-CANDIDATE-001149"	"cmos_read"	"remains-first-degree-external-interface"	""	""	"No canonical zero-degree function name matches this direct callee spelling."
"MVDM-FIRST-CANDIDATE-001150"	"cmos_write"	"remains-first-degree-external-interface"	""	""	"No canonical zero-degree function name matches this direct callee spelling."
"MVDM-FIRST-CANDIDATE-001151"	"cmos_write"	"remains-first-degree-external-interface"	""	""	"No canonical zero-degree function name matches this direct callee spelling."
"MVDM-FIRST-CANDIDATE-001152"	"cmos_write"	"remains-first-degree-external-interface"	""	""	"No canonical zero-degree function name matches this direct callee spelling."
"MVDM-FIRST-CANDIDATE-001153"	"cmos_read"	"remains-first-degree-external-interface"	""	""	"No canonical zero-degree function name matches this direct callee spelling."
"MVDM-FIRST-CANDIDATE-001154"	"cmos_write"	"remains-first-degree-external-interface"	""	""	"No canonical zero-degree function name matches this direct callee spelling."
"MVDM-FIRST-CANDIDATE-001155"	"cmos_read"	"remains-first-degree-external-interface"	""	""	"No canonical zero-degree function name matches this direct callee spelling."
"MVDM-FIRST-CANDIDATE-001156"	"cmos_read"	"remains-first-degree-external-interface"	""	""	"No canonical zero-degree function name matches this direct callee spelling."
"MVDM-FIRST-CANDIDATE-001157"	"cmos_read"	"remains-first-degree-external-interface"	""	""	"No canonical zero-degree function name matches this direct callee spelling."
"MVDM-FIRST-CANDIDATE-001158"	"cmos_read"	"remains-first-degree-external-interface"	""	""	"No canonical zero-degree function name matches this direct callee spelling."
"MVDM-FIRST-CANDIDATE-001159"	"cmos_write"	"remains-first-degree-external-interface"	""	""	"No canonical zero-degree function name matches this direct callee spelling."
"MVDM-FIRST-CANDIDATE-001160"	"cmos_write"	"remains-first-degree-external-interface"	""	""	"No canonical zero-degree function name matches this direct callee spelling."
"MVDM-FIRST-CANDIDATE-001161"	"cmos_read"	"remains-first-degree-external-interface"	""	""	"No canonical zero-degree function name matches this direct callee spelling."
"MVDM-FIRST-CANDIDATE-001162"	"cmos_read"	"remains-first-degree-external-interface"	""	""	"No canonical zero-degree function name matches this direct callee spelling."
"MVDM-FIRST-CANDIDATE-001163"	"cmos_write"	"remains-first-degree-external-interface"	""	""	"No canonical zero-degree function name matches this direct callee spelling."
"MVDM-FIRST-CANDIDATE-001164"	"cmos_write"	"remains-first-degree-external-interface"	""	""	"No canonical zero-degree function name matches this direct callee spelling."
"MVDM-FIRST-CANDIDATE-001165"	"cmos_write"	"remains-first-degree-external-interface"	""	""	"No canonical zero-degree function name matches this direct callee spelling."
"MVDM-FIRST-CANDIDATE-001166"	"cmos_write"	"remains-first-degree-external-interface"	""	""	"No canonical zero-degree function name matches this direct callee spelling."
"MVDM-FIRST-CANDIDATE-001167"	"cmos_write"	"remains-first-degree-external-interface"	""	""	"No canonical zero-degree function name matches this direct callee spelling."
"MVDM-FIRST-CANDIDATE-001168"	"cmos_read"	"remains-first-degree-external-interface"	""	""	"No canonical zero-degree function name matches this direct callee spelling."
"MVDM-FIRST-CANDIDATE-001169"	"cmos_write"	"remains-first-degree-external-interface"	""	""	"No canonical zero-degree function name matches this direct callee spelling."
"MVDM-FIRST-CANDIDATE-001170"	"cmos_read"	"remains-first-degree-external-interface"	""	""	"No canonical zero-degree function name matches this direct callee spelling."
"MVDM-FIRST-CANDIDATE-001171"	"cmos_write"	"remains-first-degree-external-interface"	""	""	"No canonical zero-degree function name matches this direct callee spelling."
"MVDM-FIRST-CANDIDATE-001172"	"cmos_write"	"remains-first-degree-external-interface"	""	""	"No canonical zero-degree function name matches this direct callee spelling."
"MVDM-FIRST-CANDIDATE-001173"	"cmos_read"	"remains-first-degree-external-interface"	""	""	"No canonical zero-degree function name matches this direct callee spelling."
"MVDM-FIRST-CANDIDATE-001174"	"cmos_read"	"remains-first-degree-external-interface"	""	""	"No canonical zero-degree function name matches this direct callee spelling."
"MVDM-FIRST-CANDIDATE-001175"	"cmos_write"	"remains-first-degree-external-interface"	""	""	"No canonical zero-degree function name matches this direct callee spelling."
"MVDM-FIRST-CANDIDATE-001176"	"cmos_write"	"remains-first-degree-external-interface"	""	""	"No canonical zero-degree function name matches this direct callee spelling."
"MVDM-FIRST-CANDIDATE-001177"	"cmos_write"	"remains-first-degree-external-interface"	""	""	"No canonical zero-degree function name matches this direct callee spelling."
"MVDM-FIRST-CANDIDATE-001178"	"cmos_read"	"remains-first-degree-external-interface"	""	""	"No canonical zero-degree function name matches this direct callee spelling."
"MVDM-FIRST-CANDIDATE-001179"	"cmos_write"	"remains-first-degree-external-interface"	""	""	"No canonical zero-degree function name matches this direct callee spelling."
"MVDM-FIRST-CANDIDATE-001180"	"cmos_read"	"remains-first-degree-external-interface"	""	""	"No canonical zero-degree function name matches this direct callee spelling."
"MVDM-FIRST-CANDIDATE-001181"	"cmos_write"	"remains-first-degree-external-interface"	""	""	"No canonical zero-degree function name matches this direct callee spelling."
"MVDM-FIRST-CANDIDATE-001182"	"cmos_read"	"remains-first-degree-external-interface"	""	""	"No canonical zero-degree function name matches this direct callee spelling."
"MVDM-FIRST-CANDIDATE-001183"	"GetTickCount"	"remains-first-degree-external-interface"	""	""	"No canonical zero-degree function name matches this direct callee spelling."
"MVDM-FIRST-CANDIDATE-001184"	"set_tod"	"remains-first-degree-external-interface"	""	""	"No canonical zero-degree function name matches this direct callee spelling."
"MVDM-FIRST-CANDIDATE-001185"	"config_get"	"remains-first-degree-external-interface"	""	""	"No canonical zero-degree function name matches this direct callee spelling."
"MVDM-FIRST-CANDIDATE-001186"	"config_put"	"remains-first-degree-external-interface"	""	""	"No canonical zero-degree function name matches this direct callee spelling."
"MVDM-FIRST-CANDIDATE-001187"	"GetTickCount"	"remains-first-degree-external-interface"	""	""	"No canonical zero-degree function name matches this direct callee spelling."
"MVDM-FIRST-CANDIDATE-001188"	"GetTickCount"	"remains-first-degree-external-interface"	""	""	"No canonical zero-degree function name matches this direct callee spelling."
"MVDM-FIRST-CANDIDATE-001189"	"RtlTimeFieldsToTime"	"remains-first-degree-external-interface"	""	""	"No canonical zero-degree function name matches this direct callee spelling."
"MVDM-FIRST-CANDIDATE-001190"	"RtlTimeToTimeFields"	"remains-first-degree-external-interface"	""	""	"No canonical zero-degree function name matches this direct callee spelling."
"MVDM-FIRST-CANDIDATE-001191"	"GetLocalTime"	"remains-first-degree-external-interface"	""	""	"No canonical zero-degree function name matches this direct callee spelling."
"MVDM-FIRST-CANDIDATE-001192"	"smeg_set"	"remains-first-degree-external-interface"	""	""	"No canonical zero-degree function name matches this direct callee spelling."
"MVDM-FIRST-CANDIDATE-001193"	"smeg_clear"	"remains-first-degree-external-interface"	""	""	"No canonical zero-degree function name matches this direct callee spelling."
"MVDM-FIRST-CANDIDATE-001194"	"AddToTraceXBuffer"	"remains-first-degree-external-interface"	""	""	"No canonical zero-degree function name matches this direct callee spelling."
"MVDM-FIRST-CANDIDATE-001195"	"SFMalloc"	"remains-first-degree-external-interface"	""	""	"No canonical zero-degree function name matches this direct callee spelling."
"MVDM-FIRST-CANDIDATE-001196"	"FmDebug"	"remains-first-degree-external-interface"	""	""	"No canonical zero-degree function name matches this direct callee spelling."
"MVDM-FIRST-CANDIDATE-001197"	"host_q_write_timestamp"	"remains-first-degree-external-interface"	""	""	"No canonical zero-degree function name matches this direct callee spelling."
"MVDM-FIRST-CANDIDATE-001198"	"host_q_write_timestamp"	"remains-first-degree-external-interface"	""	""	"No canonical zero-degree function name matches this direct callee spelling."
"MVDM-FIRST-CANDIDATE-001199"	"host_q_write_timestamp"	"remains-first-degree-external-interface"	""	""	"No canonical zero-degree function name matches this direct callee spelling."
"MVDM-FIRST-CANDIDATE-001200"	"host_q_timestamp_diff"	"remains-first-degree-external-interface"	""	""	"No canonical zero-degree function name matches this direct callee spelling."
"MVDM-FIRST-CANDIDATE-001201"	"host_q_write_timestamp"	"remains-first-degree-external-interface"	""	""	"No canonical zero-degree function name matches this direct callee spelling."
"MVDM-FIRST-CANDIDATE-001202"	"host_q_write_timestamp"	"remains-first-degree-external-interface"	""	""	"No canonical zero-degree function name matches this direct callee spelling."
"MVDM-FIRST-CANDIDATE-001203"	"host_q_timestamp_diff"	"remains-first-degree-external-interface"	""	""	"No canonical zero-degree function name matches this direct callee spelling."
"MVDM-FIRST-CANDIDATE-001204"	"host_q_write_timestamp"	"remains-first-degree-external-interface"	""	""	"No canonical zero-degree function name matches this direct callee spelling."
"MVDM-FIRST-CANDIDATE-001205"	"host_q_write_timestamp"	"remains-first-degree-external-interface"	""	""	"No canonical zero-degree function name matches this direct callee spelling."
"MVDM-FIRST-CANDIDATE-001206"	"host_q_timestamp_diff"	"remains-first-degree-external-interface"	""	""	"No canonical zero-degree function name matches this direct callee spelling."
"MVDM-FIRST-CANDIDATE-001207"	"host_q_write_timestamp"	"remains-first-degree-external-interface"	""	""	"No canonical zero-degree function name matches this direct callee spelling."
"MVDM-FIRST-CANDIDATE-001208"	"host_q_write_timestamp"	"remains-first-degree-external-interface"	""	""	"No canonical zero-degree function name matches this direct callee spelling."
"MVDM-FIRST-CANDIDATE-001209"	"mapHostROMs"	"remains-first-degree-external-interface"	""	""	"No canonical zero-degree function name matches this direct callee spelling."
"MVDM-FIRST-CANDIDATE-001210"	"else"	"remains-first-degree-external-interface"	""	""	"No canonical zero-degree function name matches this direct callee spelling."
"MVDM-FIRST-CANDIDATE-001211"	"HostPendingTimerInt"	"remains-first-degree-external-interface"	""	""	"No canonical zero-degree function name matches this direct callee spelling."
"MVDM-FIRST-CANDIDATE-001212"	"Ica_enable_hooking"	"remains-first-degree-external-interface"	""	""	"No canonical zero-degree function name matches this direct callee spelling."
"MVDM-FIRST-CANDIDATE-001213"	"Ica_enable_hooking"	"remains-first-degree-external-interface"	""	""	"No canonical zero-degree function name matches this direct callee spelling."
"MVDM-FIRST-CANDIDATE-001214"	"HostResetTimerInts"	"remains-first-degree-external-interface"	""	""	"No canonical zero-degree function name matches this direct callee spelling."
"MVDM-FIRST-CANDIDATE-001215"	"do_hunter"	"remains-first-degree-external-interface"	""	""	"No canonical zero-degree function name matches this direct callee spelling."
"MVDM-FIRST-CANDIDATE-001216"	"CRTC_REG"	"remains-first-degree-external-interface"	""	""	"No canonical zero-degree function name matches this direct callee spelling."
"MVDM-FIRST-CANDIDATE-001217"	"CRTC_REG"	"remains-first-degree-external-interface"	""	""	"No canonical zero-degree function name matches this direct callee spelling."
"MVDM-FIRST-CANDIDATE-001218"	"CRTC_REG"	"remains-first-degree-external-interface"	""	""	"No canonical zero-degree function name matches this direct callee spelling."
"MVDM-FIRST-CANDIDATE-001219"	"CRTC_REG"	"remains-first-degree-external-interface"	""	""	"No canonical zero-degree function name matches this direct callee spelling."
"MVDM-FIRST-CANDIDATE-001220"	"Cpu_set_vid_wrt_ptrs"	"remains-first-degree-external-interface"	""	""	"No canonical zero-degree function name matches this direct callee spelling."
"MVDM-FIRST-CANDIDATE-001221"	"Cpu_set_vid_rd_ptrs"	"remains-first-degree-external-interface"	""	""	"No canonical zero-degree function name matches this direct callee spelling."
"MVDM-FIRST-CANDIDATE-001222"	"Cpu_set_vid_wrt_ptrs"	"remains-first-degree-external-interface"	""	""	"No canonical zero-degree function name matches this direct callee spelling."
"MVDM-FIRST-CANDIDATE-001223"	"Cpu_set_vid_rd_ptrs"	"remains-first-degree-external-interface"	""	""	"No canonical zero-degree function name matches this direct callee spelling."
"MVDM-FIRST-CANDIDATE-001224"	"Cpu_set_vid_wrt_ptrs"	"remains-first-degree-external-interface"	""	""	"No canonical zero-degree function name matches this direct callee spelling."
"MVDM-FIRST-CANDIDATE-001225"	"Cpu_set_vid_rd_ptrs"	"remains-first-degree-external-interface"	""	""	"No canonical zero-degree function name matches this direct callee spelling."
"MVDM-FIRST-CANDIDATE-001226"	"Cpu_set_vid_rd_ptrs"	"remains-first-degree-external-interface"	""	""	"No canonical zero-degree function name matches this direct callee spelling."
"MVDM-FIRST-CANDIDATE-001227"	"Cpu_set_vid_rd_ptrs"	"remains-first-degree-external-interface"	""	""	"No canonical zero-degree function name matches this direct callee spelling."
"MVDM-FIRST-CANDIDATE-001228"	"Cpu_set_vid_rd_ptrs"	"remains-first-degree-external-interface"	""	""	"No canonical zero-degree function name matches this direct callee spelling."
"MVDM-FIRST-CANDIDATE-001229"	"Cpu_set_vid_rd_ptrs"	"remains-first-degree-external-interface"	""	""	"No canonical zero-degree function name matches this direct callee spelling."
"MVDM-FIRST-CANDIDATE-001230"	"hostIsFullScreen"	"remains-first-degree-external-interface"	""	""	"No canonical zero-degree function name matches this direct callee spelling."
"MVDM-FIRST-CANDIDATE-001231"	"loadFontToVGA"	"remains-first-degree-external-interface"	""	""	"No canonical zero-degree function name matches this direct callee spelling."
"MVDM-FIRST-CANDIDATE-001232"	"loadFontToEmulation"	"remains-first-degree-external-interface"	""	""	"No canonical zero-degree function name matches this direct callee spelling."
"MVDM-FIRST-CANDIDATE-001233"	"vga_card_w_ch_set"	"remains-first-degree-external-interface"	""	""	"No canonical zero-degree function name matches this direct callee spelling."
"MVDM-FIRST-CANDIDATE-001234"	"vga_card_w_ch_xor"	"remains-first-degree-external-interface"	""	""	"No canonical zero-degree function name matches this direct callee spelling."
"MVDM-FIRST-CANDIDATE-001235"	"videoModeIs"	"remains-first-degree-external-interface"	""	""	"No canonical zero-degree function name matches this direct callee spelling."
"MVDM-FIRST-CANDIDATE-001236"	"hostEasyMode"	"remains-first-degree-external-interface"	""	""	"No canonical zero-degree function name matches this direct callee spelling."
"MVDM-FIRST-CANDIDATE-001237"	"host_mswin_disable"	"remains-first-degree-external-interface"	""	""	"No canonical zero-degree function name matches this direct callee spelling."
"MVDM-FIRST-CANDIDATE-001238"	"host_mswin_disable"	"remains-first-degree-external-interface"	""	""	"No canonical zero-degree function name matches this direct callee spelling."
"MVDM-FIRST-CANDIDATE-001239"	"mouse_video_mode_changed"	"remains-first-degree-external-interface"	""	""	"No canonical zero-degree function name matches this direct callee spelling."
"MVDM-FIRST-CANDIDATE-001240"	"else"	"remains-first-degree-external-interface"	""	""	"No canonical zero-degree function name matches this direct callee spelling."
"MVDM-FIRST-CANDIDATE-001241"	"vga_card_w_dot"	"remains-first-degree-external-interface"	""	""	"No canonical zero-degree function name matches this direct callee spelling."
"MVDM-FIRST-CANDIDATE-001242"	"vga_card_scroll_up"	"remains-first-degree-external-interface"	""	""	"No canonical zero-degree function name matches this direct callee spelling."
"MVDM-FIRST-CANDIDATE-001243"	"vga_card_scroll_down"	"remains-first-degree-external-interface"	""	""	"No canonical zero-degree function name matches this direct callee spelling."
"MVDM-FIRST-CANDIDATE-001244"	"vga_card_read_ch"	"remains-first-degree-external-interface"	""	""	"No canonical zero-degree function name matches this direct callee spelling."
"MVDM-FIRST-CANDIDATE-001245"	"vga_card_read_dot"	"remains-first-degree-external-interface"	""	""	"No canonical zero-degree function name matches this direct callee spelling."
"MVDM-FIRST-CANDIDATE-001246"	"vga_card_read_dot"	"remains-first-degree-external-interface"	""	""	"No canonical zero-degree function name matches this direct callee spelling."
"MVDM-FIRST-CANDIDATE-001247"	"Cpu_set_vid_wrt_ptrs"	"remains-first-degree-external-interface"	""	""	"No canonical zero-degree function name matches this direct callee spelling."
"MVDM-FIRST-CANDIDATE-001248"	"Cpu_set_vid_wrt_ptrs"	"remains-first-degree-external-interface"	""	""	"No canonical zero-degree function name matches this direct callee spelling."
"MVDM-FIRST-CANDIDATE-001249"	"Cpu_set_vid_wrt_ptrs"	"remains-first-degree-external-interface"	""	""	"No canonical zero-degree function name matches this direct callee spelling."
"MVDM-FIRST-CANDIDATE-001250"	"mark_byte"	"remains-first-degree-external-interface"	""	""	"No canonical zero-degree function name matches this direct callee spelling."
"MVDM-FIRST-CANDIDATE-001251"	"mark_word"	"remains-first-degree-external-interface"	""	""	"No canonical zero-degree function name matches this direct callee spelling."
"MVDM-FIRST-CANDIDATE-001252"	"mark_fill"	"remains-first-degree-external-interface"	""	""	"No canonical zero-degree function name matches this direct callee spelling."
"MVDM-FIRST-CANDIDATE-001253"	"mark_fill"	"remains-first-degree-external-interface"	""	""	"No canonical zero-degree function name matches this direct callee spelling."
"MVDM-FIRST-CANDIDATE-001254"	"mark_string"	"remains-first-degree-external-interface"	""	""	"No canonical zero-degree function name matches this direct callee spelling."
"MVDM-FIRST-CANDIDATE-001255"	"mark_string"	"remains-first-degree-external-interface"	""	""	"No canonical zero-degree function name matches this direct callee spelling."
"MVDM-FIRST-CANDIDATE-001256"	"mark_byte"	"remains-first-degree-external-interface"	""	""	"No canonical zero-degree function name matches this direct callee spelling."
"MVDM-FIRST-CANDIDATE-001257"	"mark_word"	"remains-first-degree-external-interface"	""	""	"No canonical zero-degree function name matches this direct callee spelling."
"MVDM-FIRST-CANDIDATE-001258"	"mark_fill"	"remains-first-degree-external-interface"	""	""	"No canonical zero-degree function name matches this direct callee spelling."
"MVDM-FIRST-CANDIDATE-001259"	"mark_wfill"	"remains-first-degree-external-interface"	""	""	"No canonical zero-degree function name matches this direct callee spelling."
"MVDM-FIRST-CANDIDATE-001260"	"mark_string"	"remains-first-degree-external-interface"	""	""	"No canonical zero-degree function name matches this direct callee spelling."
"MVDM-FIRST-CANDIDATE-001261"	"else"	"remains-first-degree-external-interface"	""	""	"No canonical zero-degree function name matches this direct callee spelling."
"MVDM-FIRST-CANDIDATE-001262"	"else"	"remains-first-degree-external-interface"	""	""	"No canonical zero-degree function name matches this direct callee spelling."
"MVDM-FIRST-CANDIDATE-001263"	"reset_gore_ptrs"	"remains-first-degree-external-interface"	""	""	"No canonical zero-degree function name matches this direct callee spelling."
"MVDM-FIRST-CANDIDATE-001264"	"vga_card_place_cursor"	"remains-first-degree-external-interface"	""	""	"No canonical zero-degree function name matches this direct callee spelling."
"MVDM-FIRST-CANDIDATE-001265"	"mda_term"	"remains-first-degree-external-interface"	""	""	"No canonical zero-degree function name matches this direct callee spelling."
"MVDM-FIRST-CANDIDATE-001266"	"herc_term"	"remains-first-degree-external-interface"	""	""	"No canonical zero-degree function name matches this direct callee spelling."
"MVDM-FIRST-CANDIDATE-001267"	"init_gore_update"	"remains-first-degree-external-interface"	""	""	"No canonical zero-degree function name matches this direct callee spelling."
"MVDM-FIRST-CANDIDATE-001268"	"mda_init"	"remains-first-degree-external-interface"	""	""	"No canonical zero-degree function name matches this direct callee spelling."
"MVDM-FIRST-CANDIDATE-001269"	"herc_init"	"remains-first-degree-external-interface"	""	""	"No canonical zero-degree function name matches this direct callee spelling."
"MVDM-FIRST-CANDIDATE-001270"	"mda_term"	"remains-first-degree-external-interface"	""	""	"No canonical zero-degree function name matches this direct callee spelling."
"MVDM-FIRST-CANDIDATE-001271"	"herc_term"	"remains-first-degree-external-interface"	""	""	"No canonical zero-degree function name matches this direct callee spelling."
"MVDM-FIRST-CANDIDATE-001272"	"term_gore_update"	"remains-first-degree-external-interface"	""	""	"No canonical zero-degree function name matches this direct callee spelling."
"MVDM-FIRST-CANDIDATE-001273"	"Cpu_set_vid_wrt_ptrs"	"remains-first-degree-external-interface"	""	""	"No canonical zero-degree function name matches this direct callee spelling."
"MVDM-FIRST-CANDIDATE-001274"	"host_get_count_ms"	"remains-first-degree-external-interface"	""	""	"No canonical zero-degree function name matches this direct callee spelling."
"MVDM-FIRST-CANDIDATE-001275"	"host_get_time_ms"	"remains-first-degree-external-interface"	""	""	"No canonical zero-degree function name matches this direct callee spelling."
"MVDM-FIRST-CANDIDATE-001276"	"host_load_vga_dac"	"remains-first-degree-external-interface"	""	""	"No canonical zero-degree function name matches this direct callee spelling."
"MVDM-FIRST-CANDIDATE-001277"	"host_dump_vga_dac"	"remains-first-degree-external-interface"	""	""	"No canonical zero-degree function name matches this direct callee spelling."
"MVDM-FIRST-CANDIDATE-001278"	"memcpy_16"	"remains-first-degree-external-interface"	""	""	"No canonical zero-degree function name matches this direct callee spelling."
"MVDM-FIRST-CANDIDATE-001279"	"memset_16"	"remains-first-degree-external-interface"	""	""	"No canonical zero-degree function name matches this direct callee spelling."
"MVDM-FIRST-CANDIDATE-001280"	"memcpy_16"	"remains-first-degree-external-interface"	""	""	"No canonical zero-degree function name matches this direct callee spelling."
"MVDM-FIRST-CANDIDATE-001281"	"memset_16"	"remains-first-degree-external-interface"	""	""	"No canonical zero-degree function name matches this direct callee spelling."
"MVDM-FIRST-CANDIDATE-001282"	"else"	"remains-first-degree-external-interface"	""	""	"No canonical zero-degree function name matches this direct callee spelling."
"MVDM-FIRST-CANDIDATE-001283"	"else"	"remains-first-degree-external-interface"	""	""	"No canonical zero-degree function name matches this direct callee spelling."
"MVDM-FIRST-CANDIDATE-001284"	"else"	"remains-first-degree-external-interface"	""	""	"No canonical zero-degree function name matches this direct callee spelling."
"MVDM-FIRST-CANDIDATE-001285"	"int_addr"	"remains-first-degree-external-interface"	""	""	"No canonical zero-degree function name matches this direct callee spelling."
"MVDM-FIRST-CANDIDATE-001286"	"init_herc_globals"	"remains-first-degree-external-interface"	""	""	"No canonical zero-degree function name matches this direct callee spelling."
"MVDM-FIRST-CANDIDATE-001287"	"strtoul"	"remains-first-degree-external-interface"	""	""	"No canonical zero-degree function name matches this direct callee spelling."
"MVDM-FIRST-CANDIDATE-001288"	"GetFileSize"	"remains-first-degree-external-interface"	""	""	"No canonical zero-degree function name matches this direct callee spelling."
"MVDM-FIRST-CANDIDATE-001289"	"SetConsoleCtrlHandler"	"remains-first-degree-external-interface"	""	""	"No canonical zero-degree function name matches this direct callee spelling."
"MVDM-FIRST-CANDIDATE-001290"	"ConnectNamedPipe"	"remains-first-degree-external-interface"	""	""	"No canonical zero-degree function name matches this direct callee spelling."
"MVDM-FIRST-CANDIDATE-001291"	"DisconnectNamedPipe"	"remains-first-degree-external-interface"	""	""	"No canonical zero-degree function name matches this direct callee spelling."
"MVDM-FIRST-CANDIDATE-001292"	"SetEvent"	"remains-first-degree-external-interface"	""	""	"No canonical zero-degree function name matches this direct callee spelling."
"MVDM-FIRST-CANDIDATE-001293"	"SetConsoleKeyShortcuts"	"remains-first-degree-external-interface"	""	""	"No canonical zero-degree function name matches this direct callee spelling."
"MVDM-FIRST-CANDIDATE-001294"	"GetConsoleDisplayMode"	"remains-first-degree-external-interface"	""	""	"No canonical zero-degree function name matches this direct callee spelling."
"MVDM-FIRST-CANDIDATE-001295"	"SetConsoleDisplayMode"	"remains-first-degree-external-interface"	""	""	"No canonical zero-degree function name matches this direct callee spelling."
"MVDM-FIRST-CANDIDATE-001296"	"SetConsoleDisplayMode"	"remains-first-degree-external-interface"	""	""	"No canonical zero-degree function name matches this direct callee spelling."
"MVDM-FIRST-CANDIDATE-001297"	"SetConsoleKeyShortcuts"	"remains-first-degree-external-interface"	""	""	"No canonical zero-degree function name matches this direct callee spelling."
"MVDM-FIRST-CANDIDATE-001298"	"SetConsoleKeyShortcuts"	"remains-first-degree-external-interface"	""	""	"No canonical zero-degree function name matches this direct callee spelling."
"MVDM-FIRST-CANDIDATE-001299"	"host_config_init"	"remains-first-degree-external-interface"	""	""	"No canonical zero-degree function name matches this direct callee spelling."
"MVDM-FIRST-CANDIDATE-001300"	"GetCurrentThreadId"	"remains-first-degree-external-interface"	""	""	"No canonical zero-degree function name matches this direct callee spelling."
"MVDM-FIRST-CANDIDATE-001301"	"GetNextVDMCommand"	"remains-first-degree-external-interface"	""	""	"No canonical zero-degree function name matches this direct callee spelling."
"MVDM-FIRST-CANDIDATE-001302"	"strtol"	"remains-first-degree-external-interface"	""	""	"No canonical zero-degree function name matches this direct callee spelling."
"MVDM-FIRST-CANDIDATE-001303"	"GetThreadContext"	"remains-first-degree-external-interface"	""	""	"No canonical zero-degree function name matches this direct callee spelling."
"MVDM-FIRST-CANDIDATE-001304"	"GlobalMemoryStatus"	"remains-first-degree-external-interface"	""	""	"No canonical zero-degree function name matches this direct callee spelling."
"MVDM-FIRST-CANDIDATE-001305"	"NtFlushInstructionCache"	"remains-first-degree-external-interface"	""	""	"No canonical zero-degree function name matches this direct callee spelling."
"MVDM-FIRST-CANDIDATE-001306"	"DbgPrompt"	"remains-first-degree-external-interface"	""	""	"No canonical zero-degree function name matches this direct callee spelling."
"MVDM-FIRST-CANDIDATE-001307"	"DbgPrompt"	"remains-first-degree-external-interface"	""	""	"No canonical zero-degree function name matches this direct callee spelling."
"MVDM-FIRST-CANDIDATE-001308"	"DbgPrompt"	"remains-first-degree-external-interface"	""	""	"No canonical zero-degree function name matches this direct callee spelling."
"MVDM-FIRST-CANDIDATE-001309"	"FreeLibrary"	"remains-first-degree-external-interface"	""	""	"No canonical zero-degree function name matches this direct callee spelling."
"MVDM-FIRST-CANDIDATE-001310"	"FreeLibrary"	"remains-first-degree-external-interface"	""	""	"No canonical zero-degree function name matches this direct callee spelling."
"MVDM-FIRST-CANDIDATE-001311"	"FreeLibrary"	"remains-first-degree-external-interface"	""	""	"No canonical zero-degree function name matches this direct callee spelling."
"MVDM-FIRST-CANDIDATE-001312"	"FreeLibrary"	"remains-first-degree-external-interface"	""	""	"No canonical zero-degree function name matches this direct callee spelling."
"MVDM-FIRST-CANDIDATE-001313"	"FreeLibrary"	"remains-first-degree-external-interface"	""	""	"No canonical zero-degree function name matches this direct callee spelling."
"MVDM-FIRST-CANDIDATE-001314"	"kb_setup_vectors"	"remains-first-degree-external-interface"	""	""	"No canonical zero-degree function name matches this direct callee spelling."
"MVDM-FIRST-CANDIDATE-001315"	"kb_setup_vectors"	"remains-first-degree-external-interface"	""	""	"No canonical zero-degree function name matches this direct callee spelling."
"MVDM-FIRST-CANDIDATE-001316"	"FreeLibrary"	"remains-first-degree-external-interface"	""	""	"No canonical zero-degree function name matches this direct callee spelling."
"MVDM-FIRST-CANDIDATE-001317"	"FreeLibrary"	"remains-first-degree-external-interface"	""	""	"No canonical zero-degree function name matches this direct callee spelling."
"MVDM-FIRST-CANDIDATE-001318"	"FreeLibrary"	"remains-first-degree-external-interface"	""	""	"No canonical zero-degree function name matches this direct callee spelling."
"MVDM-FIRST-CANDIDATE-001319"	"FreeLibrary"	"remains-first-degree-external-interface"	""	""	"No canonical zero-degree function name matches this direct callee spelling."
"MVDM-FIRST-CANDIDATE-001320"	"FreeLibrary"	"remains-first-degree-external-interface"	""	""	"No canonical zero-degree function name matches this direct callee spelling."
"MVDM-FIRST-CANDIDATE-001321"	"InvalidateConsoleDIBits"	"remains-first-degree-external-interface"	""	""	"No canonical zero-degree function name matches this direct callee spelling."
"MVDM-FIRST-CANDIDATE-001322"	"InvalidateConsoleDIBits"	"remains-first-degree-external-interface"	""	""	"No canonical zero-degree function name matches this direct callee spelling."
"MVDM-FIRST-CANDIDATE-001323"	"InvalidateConsoleDIBits"	"remains-first-degree-external-interface"	""	""	"No canonical zero-degree function name matches this direct callee spelling."
"MVDM-FIRST-CANDIDATE-001324"	"InvalidateConsoleDIBits"	"remains-first-degree-external-interface"	""	""	"No canonical zero-degree function name matches this direct callee spelling."
"MVDM-FIRST-CANDIDATE-001325"	"InvalidateConsoleDIBits"	"remains-first-degree-external-interface"	""	""	"No canonical zero-degree function name matches this direct callee spelling."
"MVDM-FIRST-CANDIDATE-001326"	"InvalidateConsoleDIBits"	"remains-first-degree-external-interface"	""	""	"No canonical zero-degree function name matches this direct callee spelling."
"MVDM-FIRST-CANDIDATE-001327"	"InvalidateConsoleDIBits"	"remains-first-degree-external-interface"	""	""	"No canonical zero-degree function name matches this direct callee spelling."
"MVDM-FIRST-CANDIDATE-001328"	"InvalidateConsoleDIBits"	"remains-first-degree-external-interface"	""	""	"No canonical zero-degree function name matches this direct callee spelling."
"MVDM-FIRST-CANDIDATE-001329"	"InvalidateConsoleDIBits"	"remains-first-degree-external-interface"	""	""	"No canonical zero-degree function name matches this direct callee spelling."
"MVDM-FIRST-CANDIDATE-001330"	"GetCommState"	"remains-first-degree-external-interface"	""	""	"No canonical zero-degree function name matches this direct callee spelling."
"MVDM-FIRST-CANDIDATE-001331"	"SetupComm"	"remains-first-degree-external-interface"	""	""	"No canonical zero-degree function name matches this direct callee spelling."
"MVDM-FIRST-CANDIDATE-001332"	"GetCommTimeouts"	"remains-first-degree-external-interface"	""	""	"No canonical zero-degree function name matches this direct callee spelling."
"MVDM-FIRST-CANDIDATE-001333"	"SetCommTimeouts"	"remains-first-degree-external-interface"	""	""	"No canonical zero-degree function name matches this direct callee spelling."
"MVDM-FIRST-CANDIDATE-001334"	"SetCommBreak"	"remains-first-degree-external-interface"	""	""	"No canonical zero-degree function name matches this direct callee spelling."
"MVDM-FIRST-CANDIDATE-001335"	"ClearCommBreak"	"remains-first-degree-external-interface"	""	""	"No canonical zero-degree function name matches this direct callee spelling."
"MVDM-FIRST-CANDIDATE-001336"	"EscapeCommFunction"	"remains-first-degree-external-interface"	""	""	"No canonical zero-degree function name matches this direct callee spelling."
"MVDM-FIRST-CANDIDATE-001337"	"EscapeCommFunction"	"remains-first-degree-external-interface"	""	""	"No canonical zero-degree function name matches this direct callee spelling."
"MVDM-FIRST-CANDIDATE-001338"	"EscapeCommFunction"	"remains-first-degree-external-interface"	""	""	"No canonical zero-degree function name matches this direct callee spelling."
"MVDM-FIRST-CANDIDATE-001339"	"EscapeCommFunction"	"remains-first-degree-external-interface"	""	""	"No canonical zero-degree function name matches this direct callee spelling."
"MVDM-FIRST-CANDIDATE-001340"	"CreateThread"	"remains-first-degree-external-interface"	""	""	"No canonical zero-degree function name matches this direct callee spelling."
"MVDM-FIRST-CANDIDATE-001341"	"WaitForMultipleObjects"	"remains-first-degree-external-interface"	""	""	"No canonical zero-degree function name matches this direct callee spelling."
"MVDM-FIRST-CANDIDATE-001342"	"SetEvent"	"remains-first-degree-external-interface"	""	""	"No canonical zero-degree function name matches this direct callee spelling."
"MVDM-FIRST-CANDIDATE-001343"	"GetOverlappedResult"	"remains-first-degree-external-interface"	""	""	"No canonical zero-degree function name matches this direct callee spelling."
"MVDM-FIRST-CANDIDATE-001344"	"ClearCommError"	"remains-first-degree-external-interface"	""	""	"No canonical zero-degree function name matches this direct callee spelling."
"MVDM-FIRST-CANDIDATE-001345"	"SetCommBreak"	"remains-first-degree-external-interface"	""	""	"No canonical zero-degree function name matches this direct callee spelling."
"MVDM-FIRST-CANDIDATE-001346"	"ClearCommBreak"	"remains-first-degree-external-interface"	""	""	"No canonical zero-degree function name matches this direct callee spelling."
"MVDM-FIRST-CANDIDATE-001347"	"EscapeCommFunction"	"remains-first-degree-external-interface"	""	""	"No canonical zero-degree function name matches this direct callee spelling."
"MVDM-FIRST-CANDIDATE-001348"	"EscapeCommFunction"	"remains-first-degree-external-interface"	""	""	"No canonical zero-degree function name matches this direct callee spelling."
"MVDM-FIRST-CANDIDATE-001349"	"EscapeCommFunction"	"remains-first-degree-external-interface"	""	""	"No canonical zero-degree function name matches this direct callee spelling."
"MVDM-FIRST-CANDIDATE-001350"	"EscapeCommFunction"	"remains-first-degree-external-interface"	""	""	"No canonical zero-degree function name matches this direct callee spelling."
"MVDM-FIRST-CANDIDATE-001351"	"GetOverlappedResult"	"remains-first-degree-external-interface"	""	""	"No canonical zero-degree function name matches this direct callee spelling."
"MVDM-FIRST-CANDIDATE-001352"	"ClearCommError"	"remains-first-degree-external-interface"	""	""	"No canonical zero-degree function name matches this direct callee spelling."
"MVDM-FIRST-CANDIDATE-001353"	"GetOverlappedResult"	"remains-first-degree-external-interface"	""	""	"No canonical zero-degree function name matches this direct callee spelling."
"MVDM-FIRST-CANDIDATE-001354"	"ClearCommError"	"remains-first-degree-external-interface"	""	""	"No canonical zero-degree function name matches this direct callee spelling."
"MVDM-FIRST-CANDIDATE-001355"	"GetCurrentThreadId"	"remains-first-degree-external-interface"	""	""	"No canonical zero-degree function name matches this direct callee spelling."
"MVDM-FIRST-CANDIDATE-001356"	"SetEvent"	"remains-first-degree-external-interface"	""	""	"No canonical zero-degree function name matches this direct callee spelling."
"MVDM-FIRST-CANDIDATE-001357"	"GetTickCount"	"remains-first-degree-external-interface"	""	""	"No canonical zero-degree function name matches this direct callee spelling."
"MVDM-FIRST-CANDIDATE-001358"	"GetOverlappedResult"	"remains-first-degree-external-interface"	""	""	"No canonical zero-degree function name matches this direct callee spelling."
"MVDM-FIRST-CANDIDATE-001359"	"ClearCommError"	"remains-first-degree-external-interface"	""	""	"No canonical zero-degree function name matches this direct callee spelling."
"MVDM-FIRST-CANDIDATE-001360"	"GetOverlappedResult"	"remains-first-degree-external-interface"	""	""	"No canonical zero-degree function name matches this direct callee spelling."
"MVDM-FIRST-CANDIDATE-001361"	"ClearCommError"	"remains-first-degree-external-interface"	""	""	"No canonical zero-degree function name matches this direct callee spelling."
"MVDM-FIRST-CANDIDATE-001362"	"GetCurrentThreadId"	"remains-first-degree-external-interface"	""	""	"No canonical zero-degree function name matches this direct callee spelling."
"MVDM-FIRST-CANDIDATE-001363"	"GetCurrentThreadId"	"remains-first-degree-external-interface"	""	""	"No canonical zero-degree function name matches this direct callee spelling."
"MVDM-FIRST-CANDIDATE-001364"	"GetCurrentThreadId"	"remains-first-degree-external-interface"	""	""	"No canonical zero-degree function name matches this direct callee spelling."
"MVDM-FIRST-CANDIDATE-001365"	"GetCurrentThreadId"	"remains-first-degree-external-interface"	""	""	"No canonical zero-degree function name matches this direct callee spelling."
"MVDM-FIRST-CANDIDATE-001366"	"SetEvent"	"remains-first-degree-external-interface"	""	""	"No canonical zero-degree function name matches this direct callee spelling."
"MVDM-FIRST-CANDIDATE-001367"	"do_setPF"	"remains-first-degree-external-interface"	""	""	"No canonical zero-degree function name matches this direct callee spelling."
"MVDM-FIRST-CANDIDATE-001368"	"do_setSF"	"remains-first-degree-external-interface"	""	""	"No canonical zero-degree function name matches this direct callee spelling."
"MVDM-FIRST-CANDIDATE-001369"	"do_setZF"	"remains-first-degree-external-interface"	""	""	"No canonical zero-degree function name matches this direct callee spelling."
"MVDM-FIRST-CANDIDATE-001370"	"do_setOF"	"remains-first-degree-external-interface"	""	""	"No canonical zero-degree function name matches this direct callee spelling."
"MVDM-FIRST-CANDIDATE-001371"	"do_setCF"	"remains-first-degree-external-interface"	""	""	"No canonical zero-degree function name matches this direct callee spelling."
"MVDM-FIRST-CANDIDATE-001372"	"sas_loadw_swap"	"remains-first-degree-external-interface"	""	""	"No canonical zero-degree function name matches this direct callee spelling."
"MVDM-FIRST-CANDIDATE-001373"	"sas_loadw_swap"	"remains-first-degree-external-interface"	""	""	"No canonical zero-degree function name matches this direct callee spelling."
"MVDM-FIRST-CANDIDATE-001374"	"sas_loadw_swap"	"remains-first-degree-external-interface"	""	""	"No canonical zero-degree function name matches this direct callee spelling."
"MVDM-FIRST-CANDIDATE-001375"	"sas_loadw_swap"	"remains-first-degree-external-interface"	""	""	"No canonical zero-degree function name matches this direct callee spelling."
"MVDM-FIRST-CANDIDATE-001376"	"sas_loadw_swap"	"remains-first-degree-external-interface"	""	""	"No canonical zero-degree function name matches this direct callee spelling."
"MVDM-FIRST-CANDIDATE-001377"	"sas_loadw_swap"	"remains-first-degree-external-interface"	""	""	"No canonical zero-degree function name matches this direct callee spelling."
"MVDM-FIRST-CANDIDATE-001378"	"sas_loadw_swap"	"remains-first-degree-external-interface"	""	""	"No canonical zero-degree function name matches this direct callee spelling."
"MVDM-FIRST-CANDIDATE-001379"	"sas_loadw_swap"	"remains-first-degree-external-interface"	""	""	"No canonical zero-degree function name matches this direct callee spelling."
"MVDM-FIRST-CANDIDATE-001380"	"sas_loadw_swap"	"remains-first-degree-external-interface"	""	""	"No canonical zero-degree function name matches this direct callee spelling."
"MVDM-FIRST-CANDIDATE-001381"	"sas_loadw_swap"	"remains-first-degree-external-interface"	""	""	"No canonical zero-degree function name matches this direct callee spelling."
"MVDM-FIRST-CANDIDATE-001382"	"sas_loadw_swap"	"remains-first-degree-external-interface"	""	""	"No canonical zero-degree function name matches this direct callee spelling."
"MVDM-FIRST-CANDIDATE-001383"	"sas_loadw_swap"	"remains-first-degree-external-interface"	""	""	"No canonical zero-degree function name matches this direct callee spelling."
"MVDM-FIRST-CANDIDATE-001384"	"sas_loadw_swap"	"remains-first-degree-external-interface"	""	""	"No canonical zero-degree function name matches this direct callee spelling."
"MVDM-FIRST-CANDIDATE-001385"	"sas_loadw_swap"	"remains-first-degree-external-interface"	""	""	"No canonical zero-degree function name matches this direct callee spelling."
"MVDM-FIRST-CANDIDATE-001386"	"sas_loadw_swap"	"remains-first-degree-external-interface"	""	""	"No canonical zero-degree function name matches this direct callee spelling."
"MVDM-FIRST-CANDIDATE-001387"	"sas_loadw_swap"	"remains-first-degree-external-interface"	""	""	"No canonical zero-degree function name matches this direct callee spelling."
"MVDM-FIRST-CANDIDATE-001388"	"sas_loadw_swap"	"remains-first-degree-external-interface"	""	""	"No canonical zero-degree function name matches this direct callee spelling."
"MVDM-FIRST-CANDIDATE-001389"	"sas_loadw_swap"	"remains-first-degree-external-interface"	""	""	"No canonical zero-degree function name matches this direct callee spelling."
"MVDM-FIRST-CANDIDATE-001390"	"sas_loadw_swap"	"remains-first-degree-external-interface"	""	""	"No canonical zero-degree function name matches this direct callee spelling."
"MVDM-FIRST-CANDIDATE-001391"	"sas_loadw_swap"	"remains-first-degree-external-interface"	""	""	"No canonical zero-degree function name matches this direct callee spelling."
"MVDM-FIRST-CANDIDATE-001392"	"sas_loadw_swap"	"remains-first-degree-external-interface"	""	""	"No canonical zero-degree function name matches this direct callee spelling."
"MVDM-FIRST-CANDIDATE-001393"	"sas_loadw_swap"	"remains-first-degree-external-interface"	""	""	"No canonical zero-degree function name matches this direct callee spelling."
"MVDM-FIRST-CANDIDATE-001394"	"sas_loadw_swap"	"remains-first-degree-external-interface"	""	""	"No canonical zero-degree function name matches this direct callee spelling."
"MVDM-FIRST-CANDIDATE-001395"	"sas_storew_swap"	"remains-first-degree-external-interface"	""	""	"No canonical zero-degree function name matches this direct callee spelling."
"MVDM-FIRST-CANDIDATE-001396"	"sas_storew_swap"	"remains-first-degree-external-interface"	""	""	"No canonical zero-degree function name matches this direct callee spelling."
"MVDM-FIRST-CANDIDATE-001397"	"sas_storew_swap"	"remains-first-degree-external-interface"	""	""	"No canonical zero-degree function name matches this direct callee spelling."
"MVDM-FIRST-CANDIDATE-001398"	"sas_storew_swap"	"remains-first-degree-external-interface"	""	""	"No canonical zero-degree function name matches this direct callee spelling."
"MVDM-FIRST-CANDIDATE-001399"	"sas_storew_swap"	"remains-first-degree-external-interface"	""	""	"No canonical zero-degree function name matches this direct callee spelling."
"MVDM-FIRST-CANDIDATE-001400"	"sas_storew_swap"	"remains-first-degree-external-interface"	""	""	"No canonical zero-degree function name matches this direct callee spelling."
"MVDM-FIRST-CANDIDATE-001401"	"sas_storew_swap"	"remains-first-degree-external-interface"	""	""	"No canonical zero-degree function name matches this direct callee spelling."
"MVDM-FIRST-CANDIDATE-001402"	"sas_storew_swap"	"remains-first-degree-external-interface"	""	""	"No canonical zero-degree function name matches this direct callee spelling."
"MVDM-FIRST-CANDIDATE-001403"	"sas_storew_swap"	"remains-first-degree-external-interface"	""	""	"No canonical zero-degree function name matches this direct callee spelling."
"MVDM-FIRST-CANDIDATE-001404"	"sas_storew_swap"	"remains-first-degree-external-interface"	""	""	"No canonical zero-degree function name matches this direct callee spelling."
"MVDM-FIRST-CANDIDATE-001405"	"sas_storew_swap"	"remains-first-degree-external-interface"	""	""	"No canonical zero-degree function name matches this direct callee spelling."
"MVDM-FIRST-CANDIDATE-001406"	"sas_storew_swap"	"remains-first-degree-external-interface"	""	""	"No canonical zero-degree function name matches this direct callee spelling."
"MVDM-FIRST-CANDIDATE-001407"	"sas_storew_swap"	"remains-first-degree-external-interface"	""	""	"No canonical zero-degree function name matches this direct callee spelling."
"MVDM-FIRST-CANDIDATE-001408"	"sas_storew_swap"	"remains-first-degree-external-interface"	""	""	"No canonical zero-degree function name matches this direct callee spelling."
"MVDM-FIRST-CANDIDATE-001409"	"sas_loadw_swap"	"remains-first-degree-external-interface"	""	""	"No canonical zero-degree function name matches this direct callee spelling."
"MVDM-FIRST-CANDIDATE-001410"	"sas_storew_swap"	"remains-first-degree-external-interface"	""	""	"No canonical zero-degree function name matches this direct callee spelling."
"MVDM-FIRST-CANDIDATE-001411"	"sas_storew_swap"	"remains-first-degree-external-interface"	""	""	"No canonical zero-degree function name matches this direct callee spelling."
"MVDM-FIRST-CANDIDATE-001412"	"sas_loadw_swap"	"remains-first-degree-external-interface"	""	""	"No canonical zero-degree function name matches this direct callee spelling."
"MVDM-FIRST-CANDIDATE-001413"	"sas_storew_swap"	"remains-first-degree-external-interface"	""	""	"No canonical zero-degree function name matches this direct callee spelling."
"MVDM-FIRST-CANDIDATE-001414"	"sas_storew_swap"	"remains-first-degree-external-interface"	""	""	"No canonical zero-degree function name matches this direct callee spelling."
"MVDM-FIRST-CANDIDATE-001415"	"sas_loadw_swap"	"remains-first-degree-external-interface"	""	""	"No canonical zero-degree function name matches this direct callee spelling."
"MVDM-FIRST-CANDIDATE-001416"	"sas_storew_swap"	"remains-first-degree-external-interface"	""	""	"No canonical zero-degree function name matches this direct callee spelling."
"MVDM-FIRST-CANDIDATE-001417"	"sas_storew_swap"	"remains-first-degree-external-interface"	""	""	"No canonical zero-degree function name matches this direct callee spelling."
"MVDM-FIRST-CANDIDATE-001418"	"sas_loadw_swap"	"remains-first-degree-external-interface"	""	""	"No canonical zero-degree function name matches this direct callee spelling."
"MVDM-FIRST-CANDIDATE-001419"	"sas_storew_swap"	"remains-first-degree-external-interface"	""	""	"No canonical zero-degree function name matches this direct callee spelling."
"MVDM-FIRST-CANDIDATE-001420"	"sas_storew_swap"	"remains-first-degree-external-interface"	""	""	"No canonical zero-degree function name matches this direct callee spelling."
"MVDM-FIRST-CANDIDATE-001421"	"sas_loadw_swap"	"remains-first-degree-external-interface"	""	""	"No canonical zero-degree function name matches this direct callee spelling."
"MVDM-FIRST-CANDIDATE-001422"	"sas_storew_swap"	"remains-first-degree-external-interface"	""	""	"No canonical zero-degree function name matches this direct callee spelling."
"MVDM-FIRST-CANDIDATE-001423"	"sas_storew_swap"	"remains-first-degree-external-interface"	""	""	"No canonical zero-degree function name matches this direct callee spelling."
"MVDM-FIRST-CANDIDATE-001424"	"sas_loadw_swap"	"remains-first-degree-external-interface"	""	""	"No canonical zero-degree function name matches this direct callee spelling."
"MVDM-FIRST-CANDIDATE-001425"	"sas_storew_swap"	"remains-first-degree-external-interface"	""	""	"No canonical zero-degree function name matches this direct callee spelling."
"MVDM-FIRST-CANDIDATE-001426"	"sas_storew_swap"	"remains-first-degree-external-interface"	""	""	"No canonical zero-degree function name matches this direct callee spelling."
"MVDM-FIRST-CANDIDATE-001427"	"sas_loadw_swap"	"remains-first-degree-external-interface"	""	""	"No canonical zero-degree function name matches this direct callee spelling."
"MVDM-FIRST-CANDIDATE-001428"	"sas_storew_swap"	"remains-first-degree-external-interface"	""	""	"No canonical zero-degree function name matches this direct callee spelling."
"MVDM-FIRST-CANDIDATE-001429"	"sas_storew_swap"	"remains-first-degree-external-interface"	""	""	"No canonical zero-degree function name matches this direct callee spelling."
"MVDM-FIRST-CANDIDATE-001430"	"sas_loadw_swap"	"remains-first-degree-external-interface"	""	""	"No canonical zero-degree function name matches this direct callee spelling."
"MVDM-FIRST-CANDIDATE-001431"	"sas_storew_swap"	"remains-first-degree-external-interface"	""	""	"No canonical zero-degree function name matches this direct callee spelling."
"MVDM-FIRST-CANDIDATE-001432"	"sas_storew_swap"	"remains-first-degree-external-interface"	""	""	"No canonical zero-degree function name matches this direct callee spelling."
"MVDM-FIRST-CANDIDATE-001433"	"sas_loadw_swap"	"remains-first-degree-external-interface"	""	""	"No canonical zero-degree function name matches this direct callee spelling."
"MVDM-FIRST-CANDIDATE-001434"	"sas_storew_swap"	"remains-first-degree-external-interface"	""	""	"No canonical zero-degree function name matches this direct callee spelling."
"MVDM-FIRST-CANDIDATE-001435"	"sas_storew_swap"	"remains-first-degree-external-interface"	""	""	"No canonical zero-degree function name matches this direct callee spelling."
"MVDM-FIRST-CANDIDATE-001436"	"GdpOffsetFromName"	"remains-first-degree-external-interface"	""	""	"No canonical zero-degree function name matches this direct callee spelling."
"MVDM-FIRST-CANDIDATE-001437"	"GdpOffsetFromName"	"remains-first-degree-external-interface"	""	""	"No canonical zero-degree function name matches this direct callee spelling."
"MVDM-FIRST-CANDIDATE-001438"	"RegisterConsoleVDM"	"remains-first-degree-external-interface"	""	""	"No canonical zero-degree function name matches this direct callee spelling."
"MVDM-FIRST-CANDIDATE-001439"	"GetConsoleDisplayMode"	"remains-first-degree-external-interface"	""	""	"No canonical zero-degree function name matches this direct callee spelling."
"MVDM-FIRST-CANDIDATE-001440"	"RegisterConsoleVDM"	"remains-first-degree-external-interface"	""	""	"No canonical zero-degree function name matches this direct callee spelling."
"MVDM-FIRST-CANDIDATE-001441"	"CreateThread"	"remains-first-degree-external-interface"	""	""	"No canonical zero-degree function name matches this direct callee spelling."
"MVDM-FIRST-CANDIDATE-001442"	"SuspendThread"	"remains-first-degree-external-interface"	""	""	"No canonical zero-degree function name matches this direct callee spelling."
"MVDM-FIRST-CANDIDATE-001443"	"SuspendThread"	"remains-first-degree-external-interface"	""	""	"No canonical zero-degree function name matches this direct callee spelling."
"MVDM-FIRST-CANDIDATE-001444"	"ResumeThread"	"remains-first-degree-external-interface"	""	""	"No canonical zero-degree function name matches this direct callee spelling."
"MVDM-FIRST-CANDIDATE-001445"	"ResumeThread"	"remains-first-degree-external-interface"	""	""	"No canonical zero-degree function name matches this direct callee spelling."
"MVDM-FIRST-CANDIDATE-001446"	"SetEvent"	"remains-first-degree-external-interface"	""	""	"No canonical zero-degree function name matches this direct callee spelling."
"MVDM-FIRST-CANDIDATE-001447"	"SetEvent"	"remains-first-degree-external-interface"	""	""	"No canonical zero-degree function name matches this direct callee spelling."
"MVDM-FIRST-CANDIDATE-001448"	"SetEvent"	"remains-first-degree-external-interface"	""	""	"No canonical zero-degree function name matches this direct callee spelling."
"MVDM-FIRST-CANDIDATE-001449"	"SetEvent"	"remains-first-degree-external-interface"	""	""	"No canonical zero-degree function name matches this direct callee spelling."
"MVDM-FIRST-CANDIDATE-001450"	"SetEvent"	"remains-first-degree-external-interface"	""	""	"No canonical zero-degree function name matches this direct callee spelling."
"MVDM-FIRST-CANDIDATE-001451"	"SetEvent"	"remains-first-degree-external-interface"	""	""	"No canonical zero-degree function name matches this direct callee spelling."
"MVDM-FIRST-CANDIDATE-001452"	"SetEvent"	"remains-first-degree-external-interface"	""	""	"No canonical zero-degree function name matches this direct callee spelling."
"MVDM-FIRST-CANDIDATE-001453"	"VDMConsoleOperation"	"remains-first-degree-external-interface"	""	""	"No canonical zero-degree function name matches this direct callee spelling."
"MVDM-FIRST-CANDIDATE-001454"	"InvalidateConsoleDIBits"	"remains-first-degree-external-interface"	""	""	"No canonical zero-degree function name matches this direct callee spelling."
"MVDM-FIRST-CANDIDATE-001455"	"InvalidateConsoleDIBits"	"remains-first-degree-external-interface"	""	""	"No canonical zero-degree function name matches this direct callee spelling."
"MVDM-FIRST-CANDIDATE-001456"	"InvalidateConsoleDIBits"	"remains-first-degree-external-interface"	""	""	"No canonical zero-degree function name matches this direct callee spelling."
"MVDM-FIRST-CANDIDATE-001457"	"InvalidateConsoleDIBits"	"remains-first-degree-external-interface"	""	""	"No canonical zero-degree function name matches this direct callee spelling."
"MVDM-FIRST-CANDIDATE-001458"	"InvalidateConsoleDIBits"	"remains-first-degree-external-interface"	""	""	"No canonical zero-degree function name matches this direct callee spelling."
"MVDM-FIRST-CANDIDATE-001459"	"InvalidateConsoleDIBits"	"remains-first-degree-external-interface"	""	""	"No canonical zero-degree function name matches this direct callee spelling."
"MVDM-FIRST-CANDIDATE-001460"	"InvalidateConsoleDIBits"	"remains-first-degree-external-interface"	""	""	"No canonical zero-degree function name matches this direct callee spelling."
"MVDM-FIRST-CANDIDATE-001461"	"InvalidateConsoleDIBits"	"remains-first-degree-external-interface"	""	""	"No canonical zero-degree function name matches this direct callee spelling."
"MVDM-FIRST-CANDIDATE-001462"	"InvalidateConsoleDIBits"	"remains-first-degree-external-interface"	""	""	"No canonical zero-degree function name matches this direct callee spelling."
"MVDM-FIRST-CANDIDATE-001463"	"InvalidateConsoleDIBits"	"remains-first-degree-external-interface"	""	""	"No canonical zero-degree function name matches this direct callee spelling."
"MVDM-FIRST-CANDIDATE-001464"	"InvalidateConsoleDIBits"	"remains-first-degree-external-interface"	""	""	"No canonical zero-degree function name matches this direct callee spelling."
"MVDM-FIRST-CANDIDATE-001465"	"InvalidateConsoleDIBits"	"remains-first-degree-external-interface"	""	""	"No canonical zero-degree function name matches this direct callee spelling."
"MVDM-FIRST-CANDIDATE-001466"	"SetEvent"	"remains-first-degree-external-interface"	""	""	"No canonical zero-degree function name matches this direct callee spelling."
"MVDM-FIRST-CANDIDATE-001467"	"NtVdmControl"	"remains-first-degree-external-interface"	""	""	"No canonical zero-degree function name matches this direct callee spelling."
"MVDM-FIRST-CANDIDATE-001468"	"RtlEnterCriticalSection"	"remains-first-degree-external-interface"	""	""	"No canonical zero-degree function name matches this direct callee spelling."
"MVDM-FIRST-CANDIDATE-001469"	"RtlLeaveCriticalSection"	"remains-first-degree-external-interface"	""	""	"No canonical zero-degree function name matches this direct callee spelling."
"MVDM-FIRST-CANDIDATE-001470"	"RtlInitializeCriticalSection"	"remains-first-degree-external-interface"	""	""	"No canonical zero-degree function name matches this direct callee spelling."
"MVDM-FIRST-CANDIDATE-001471"	"RtlNtStatusToDosError"	"remains-first-degree-external-interface"	""	""	"No canonical zero-degree function name matches this direct callee spelling."
"MVDM-FIRST-CANDIDATE-001472"	"TlsGetValue"	"remains-first-degree-external-interface"	""	""	"No canonical zero-degree function name matches this direct callee spelling."
"MVDM-FIRST-CANDIDATE-001473"	"TlsSetValue"	"remains-first-degree-external-interface"	""	""	"No canonical zero-degree function name matches this direct callee spelling."
"MVDM-FIRST-CANDIDATE-001474"	"RtlInitString"	"remains-first-degree-external-interface"	""	""	"No canonical zero-degree function name matches this direct callee spelling."
"MVDM-FIRST-CANDIDATE-001475"	"RtlAnsiStringToUnicodeString"	"remains-first-degree-external-interface"	""	""	"No canonical zero-degree function name matches this direct callee spelling."
"MVDM-FIRST-CANDIDATE-001476"	"RtlUnicodeStringToOemString"	"remains-first-degree-external-interface"	""	""	"No canonical zero-degree function name matches this direct callee spelling."
"MVDM-FIRST-CANDIDATE-001477"	"RtlInitString"	"remains-first-degree-external-interface"	""	""	"No canonical zero-degree function name matches this direct callee spelling."
"MVDM-FIRST-CANDIDATE-001478"	"RtlOemStringToUnicodeString"	"remains-first-degree-external-interface"	""	""	"No canonical zero-degree function name matches this direct callee spelling."
"MVDM-FIRST-CANDIDATE-001479"	"RtlUnicodeStringToAnsiString"	"remains-first-degree-external-interface"	""	""	"No canonical zero-degree function name matches this direct callee spelling."
"MVDM-FIRST-CANDIDATE-001480"	"GetWindowThreadProcessId"	"remains-first-degree-external-interface"	""	""	"No canonical zero-degree function name matches this direct callee spelling."
"MVDM-FIRST-CANDIDATE-001481"	"GetCurrentThreadId"	"remains-first-degree-external-interface"	""	""	"No canonical zero-degree function name matches this direct callee spelling."
"MVDM-FIRST-CANDIDATE-001482"	"GetCurrentThreadId"	"remains-first-degree-external-interface"	""	""	"No canonical zero-degree function name matches this direct callee spelling."
"MVDM-FIRST-CANDIDATE-001483"	"CreateThread"	"remains-first-degree-external-interface"	""	""	"No canonical zero-degree function name matches this direct callee spelling."
"MVDM-FIRST-CANDIDATE-001484"	"GetDesktopWindow"	"remains-first-degree-external-interface"	""	""	"No canonical zero-degree function name matches this direct callee spelling."
"MVDM-FIRST-CANDIDATE-001485"	"GetDesktopWindow"	"remains-first-degree-external-interface"	""	""	"No canonical zero-degree function name matches this direct callee spelling."
"MVDM-FIRST-CANDIDATE-001486"	"RtlInitAnsiString"	"remains-first-degree-external-interface"	""	""	"No canonical zero-degree function name matches this direct callee spelling."
"MVDM-FIRST-CANDIDATE-001487"	"RtlAnsiStringToUnicodeString"	"remains-first-degree-external-interface"	""	""	"No canonical zero-degree function name matches this direct callee spelling."
"MVDM-FIRST-CANDIDATE-001488"	"RtlInitAnsiString"	"remains-first-degree-external-interface"	""	""	"No canonical zero-degree function name matches this direct callee spelling."
"MVDM-FIRST-CANDIDATE-001489"	"RtlAnsiStringToUnicodeString"	"remains-first-degree-external-interface"	""	""	"No canonical zero-degree function name matches this direct callee spelling."
"MVDM-FIRST-CANDIDATE-001490"	"NtRaiseHardError"	"remains-first-degree-external-interface"	""	""	"No canonical zero-degree function name matches this direct callee spelling."
"MVDM-FIRST-CANDIDATE-001491"	"RtlFreeUnicodeString"	"remains-first-degree-external-interface"	""	""	"No canonical zero-degree function name matches this direct callee spelling."
"MVDM-FIRST-CANDIDATE-001492"	"RtlFreeUnicodeString"	"remains-first-degree-external-interface"	""	""	"No canonical zero-degree function name matches this direct callee spelling."
"MVDM-FIRST-CANDIDATE-001493"	"SetConsoleCtrlHandler"	"remains-first-degree-external-interface"	""	""	"No canonical zero-degree function name matches this direct callee spelling."
"MVDM-FIRST-CANDIDATE-001494"	"CreateThread"	"remains-first-degree-external-interface"	""	""	"No canonical zero-degree function name matches this direct callee spelling."
"MVDM-FIRST-CANDIDATE-001495"	"NtAlertThread"	"remains-first-degree-external-interface"	""	""	"No canonical zero-degree function name matches this direct callee spelling."
"MVDM-FIRST-CANDIDATE-001496"	"SetThreadPriority"	"remains-first-degree-external-interface"	""	""	"No canonical zero-degree function name matches this direct callee spelling."
"MVDM-FIRST-CANDIDATE-001497"	"GetConsoleInputWaitHandle"	"remains-first-degree-external-interface"	""	""	"No canonical zero-degree function name matches this direct callee spelling."
"MVDM-FIRST-CANDIDATE-001498"	"NtWaitForMultipleObjects"	"remains-first-degree-external-interface"	""	""	"No canonical zero-degree function name matches this direct callee spelling."
"MVDM-FIRST-CANDIDATE-001499"	"ReadConsoleInputExW"	"remains-first-degree-external-interface"	""	""	"No canonical zero-degree function name matches this direct callee spelling."
"MVDM-FIRST-CANDIDATE-001500"	"PulseEvent"	"remains-first-degree-external-interface"	""	""	"No canonical zero-degree function name matches this direct callee spelling."
"MVDM-FIRST-CANDIDATE-001501"	"VDMConsoleOperation"	"remains-first-degree-external-interface"	""	""	"No canonical zero-degree function name matches this direct callee spelling."
"MVDM-FIRST-CANDIDATE-001502"	"SetEvent"	"remains-first-degree-external-interface"	""	""	"No canonical zero-degree function name matches this direct callee spelling."
"MVDM-FIRST-CANDIDATE-001503"	"NtWaitForSingleObject"	"remains-first-degree-external-interface"	""	""	"No canonical zero-degree function name matches this direct callee spelling."
"MVDM-FIRST-CANDIDATE-001504"	"ExitThread"	"remains-first-degree-external-interface"	""	""	"No canonical zero-degree function name matches this direct callee spelling."
"MVDM-FIRST-CANDIDATE-001505"	"IsKeyDown"	"remains-first-degree-external-interface"	""	""	"No canonical zero-degree function name matches this direct callee spelling."
"MVDM-FIRST-CANDIDATE-001506"	"IsKeyDown"	"remains-first-degree-external-interface"	""	""	"No canonical zero-degree function name matches this direct callee spelling."
"MVDM-FIRST-CANDIDATE-001507"	"IsKeyDown"	"remains-first-degree-external-interface"	""	""	"No canonical zero-degree function name matches this direct callee spelling."
"MVDM-FIRST-CANDIDATE-001508"	"IsKeyDown"	"remains-first-degree-external-interface"	""	""	"No canonical zero-degree function name matches this direct callee spelling."
"MVDM-FIRST-CANDIDATE-001509"	"IsKeyDown"	"remains-first-degree-external-interface"	""	""	"No canonical zero-degree function name matches this direct callee spelling."
"MVDM-FIRST-CANDIDATE-001510"	"IsKeyDown"	"remains-first-degree-external-interface"	""	""	"No canonical zero-degree function name matches this direct callee spelling."
"MVDM-FIRST-CANDIDATE-001511"	"ExitThread"	"remains-first-degree-external-interface"	""	""	"No canonical zero-degree function name matches this direct callee spelling."
"MVDM-FIRST-CANDIDATE-001512"	"ExitThread"	"remains-first-degree-external-interface"	""	""	"No canonical zero-degree function name matches this direct callee spelling."
"MVDM-FIRST-CANDIDATE-001513"	"ExitThread"	"remains-first-degree-external-interface"	""	""	"No canonical zero-degree function name matches this direct callee spelling."
"MVDM-FIRST-CANDIDATE-001514"	"RaiseAllDownKeys"	"remains-first-degree-external-interface"	""	""	"No canonical zero-degree function name matches this direct callee spelling."
"MVDM-FIRST-CANDIDATE-001515"	"ExitProcess"	"remains-first-degree-external-interface"	""	""	"No canonical zero-degree function name matches this direct callee spelling."
"MVDM-FIRST-CANDIDATE-001516"	"SetEvent"	"remains-first-degree-external-interface"	""	""	"No canonical zero-degree function name matches this direct callee spelling."
"MVDM-FIRST-CANDIDATE-001517"	"ShowConsoleCursor"	"remains-first-degree-external-interface"	""	""	"No canonical zero-degree function name matches this direct callee spelling."
"MVDM-FIRST-CANDIDATE-001518"	"SetConsoleDisplayMode"	"remains-first-degree-external-interface"	""	""	"No canonical zero-degree function name matches this direct callee spelling."
"MVDM-FIRST-CANDIDATE-001519"	"SetConsoleMode"	"remains-first-degree-external-interface"	""	""	"No canonical zero-degree function name matches this direct callee spelling."
"MVDM-FIRST-CANDIDATE-001520"	"SetConsoleMode"	"remains-first-degree-external-interface"	""	""	"No canonical zero-degree function name matches this direct callee spelling."
"MVDM-FIRST-CANDIDATE-001521"	"GetConsoleScreenBufferInfo"	"remains-first-degree-external-interface"	""	""	"No canonical zero-degree function name matches this direct callee spelling."
"MVDM-FIRST-CANDIDATE-001522"	"TlsSetValue"	"remains-first-degree-external-interface"	""	""	"No canonical zero-degree function name matches this direct callee spelling."
"MVDM-FIRST-CANDIDATE-001523"	"KbdResume"	"remains-first-degree-external-interface"	""	""	"No canonical zero-degree function name matches this direct callee spelling."
"MVDM-FIRST-CANDIDATE-001524"	"SetEvent"	"remains-first-degree-external-interface"	""	""	"No canonical zero-degree function name matches this direct callee spelling."
"MVDM-FIRST-CANDIDATE-001525"	"NtCreateFile"	"remains-first-degree-external-interface"	""	""	"No canonical zero-degree function name matches this direct callee spelling."
"MVDM-FIRST-CANDIDATE-001526"	"NtDeviceIoControlFile"	"remains-first-degree-external-interface"	""	""	"No canonical zero-degree function name matches this direct callee spelling."
"MVDM-FIRST-CANDIDATE-001527"	"NtWaitForSingleObject"	"remains-first-degree-external-interface"	""	""	"No canonical zero-degree function name matches this direct callee spelling."
"MVDM-FIRST-CANDIDATE-001528"	"NtClose"	"remains-first-degree-external-interface"	""	""	"No canonical zero-degree function name matches this direct callee spelling."
"MVDM-FIRST-CANDIDATE-001529"	"NtClose"	"remains-first-degree-external-interface"	""	""	"No canonical zero-degree function name matches this direct callee spelling."
"MVDM-FIRST-CANDIDATE-001530"	"WriteConsoleInputVDMW"	"remains-first-degree-external-interface"	""	""	"No canonical zero-degree function name matches this direct callee spelling."
"MVDM-FIRST-CANDIDATE-001531"	"GetKeyState"	"remains-first-degree-external-interface"	""	""	"No canonical zero-degree function name matches this direct callee spelling."
"MVDM-FIRST-CANDIDATE-001532"	"WriteConsoleInputVDMW"	"remains-first-degree-external-interface"	""	""	"No canonical zero-degree function name matches this direct callee spelling."
"MVDM-FIRST-CANDIDATE-001533"	"WriteConsoleInputVDMW"	"remains-first-degree-external-interface"	""	""	"No canonical zero-degree function name matches this direct callee spelling."
"MVDM-FIRST-CANDIDATE-001534"	"ExitVDM"	"remains-first-degree-external-interface"	""	""	"No canonical zero-degree function name matches this direct callee spelling."
"MVDM-FIRST-CANDIDATE-001535"	"ExitThread"	"remains-first-degree-external-interface"	""	""	"No canonical zero-degree function name matches this direct callee spelling."
"MVDM-FIRST-CANDIDATE-001536"	"keys_in_6805_buff"	"remains-first-degree-external-interface"	""	""	"No canonical zero-degree function name matches this direct callee spelling."
"MVDM-FIRST-CANDIDATE-001537"	"RtlInitAnsiString"	"remains-first-degree-external-interface"	""	""	"No canonical zero-degree function name matches this direct callee spelling."
"MVDM-FIRST-CANDIDATE-001538"	"RtlAnsiStringToUnicodeString"	"remains-first-degree-external-interface"	""	""	"No canonical zero-degree function name matches this direct callee spelling."
"MVDM-FIRST-CANDIDATE-001539"	"NtOpenFile"	"remains-first-degree-external-interface"	""	""	"No canonical zero-degree function name matches this direct callee spelling."
"MVDM-FIRST-CANDIDATE-001540"	"NtDeviceIoControlFile"	"remains-first-degree-external-interface"	""	""	"No canonical zero-degree function name matches this direct callee spelling."
"MVDM-FIRST-CANDIDATE-001541"	"NtClose"	"remains-first-degree-external-interface"	""	""	"No canonical zero-degree function name matches this direct callee spelling."
"MVDM-FIRST-CANDIDATE-001542"	"NtQueryInformationFile"	"remains-first-degree-external-interface"	""	""	"No canonical zero-degree function name matches this direct callee spelling."
"MVDM-FIRST-CANDIDATE-001543"	"NtClose"	"remains-first-degree-external-interface"	""	""	"No canonical zero-degree function name matches this direct callee spelling."
"MVDM-FIRST-CANDIDATE-001544"	"NtFsControlFile"	"remains-first-degree-external-interface"	""	""	"No canonical zero-degree function name matches this direct callee spelling."
"MVDM-FIRST-CANDIDATE-001545"	"NtClose"	"remains-first-degree-external-interface"	""	""	"No canonical zero-degree function name matches this direct callee spelling."
"MVDM-FIRST-CANDIDATE-001546"	"NtClose"	"remains-first-degree-external-interface"	""	""	"No canonical zero-degree function name matches this direct callee spelling."
"MVDM-FIRST-CANDIDATE-001547"	"NtClose"	"remains-first-degree-external-interface"	""	""	"No canonical zero-degree function name matches this direct callee spelling."
"MVDM-FIRST-CANDIDATE-001548"	"DeviceIoControl"	"remains-first-degree-external-interface"	""	""	"No canonical zero-degree function name matches this direct callee spelling."
"MVDM-FIRST-CANDIDATE-001549"	"ResumeThread"	"remains-first-degree-external-interface"	""	""	"No canonical zero-degree function name matches this direct callee spelling."
"MVDM-FIRST-CANDIDATE-001550"	"KbdResume"	"remains-first-degree-external-interface"	""	""	"No canonical zero-degree function name matches this direct callee spelling."
"MVDM-FIRST-CANDIDATE-001551"	"GetConsoleOutputCP"	"remains-first-degree-external-interface"	""	""	"No canonical zero-degree function name matches this direct callee spelling."
"MVDM-FIRST-CANDIDATE-001552"	"GetConsoleScreenBufferInfo"	"remains-first-degree-external-interface"	""	""	"No canonical zero-degree function name matches this direct callee spelling."
"MVDM-FIRST-CANDIDATE-001553"	"GetConsoleHardwareState"	"remains-first-degree-external-interface"	""	""	"No canonical zero-degree function name matches this direct callee spelling."
"MVDM-FIRST-CANDIDATE-001554"	"GetConsoleDisplayMode"	"remains-first-degree-external-interface"	""	""	"No canonical zero-degree function name matches this direct callee spelling."
"MVDM-FIRST-CANDIDATE-001555"	"SetConsoleScreenBufferSize"	"remains-first-degree-external-interface"	""	""	"No canonical zero-degree function name matches this direct callee spelling."
"MVDM-FIRST-CANDIDATE-001556"	"SetConsoleWindowInfo"	"remains-first-degree-external-interface"	""	""	"No canonical zero-degree function name matches this direct callee spelling."
"MVDM-FIRST-CANDIDATE-001557"	"SetConsoleWindowInfo"	"remains-first-degree-external-interface"	""	""	"No canonical zero-degree function name matches this direct callee spelling."
"MVDM-FIRST-CANDIDATE-001558"	"SetConsoleScreenBufferSize"	"remains-first-degree-external-interface"	""	""	"No canonical zero-degree function name matches this direct callee spelling."
"MVDM-FIRST-CANDIDATE-001559"	"SetConsoleWindowInfo"	"remains-first-degree-external-interface"	""	""	"No canonical zero-degree function name matches this direct callee spelling."
"MVDM-FIRST-CANDIDATE-001560"	"GetConsoleScreenBufferInfo"	"remains-first-degree-external-interface"	""	""	"No canonical zero-degree function name matches this direct callee spelling."
"MVDM-FIRST-CANDIDATE-001561"	"GetConsoleHardwareState"	"remains-first-degree-external-interface"	""	""	"No canonical zero-degree function name matches this direct callee spelling."
"MVDM-FIRST-CANDIDATE-001562"	"SetConsoleHardwareState"	"remains-first-degree-external-interface"	""	""	"No canonical zero-degree function name matches this direct callee spelling."
"MVDM-FIRST-CANDIDATE-001563"	"SetConsoleActiveScreenBuffer"	"remains-first-degree-external-interface"	""	""	"No canonical zero-degree function name matches this direct callee spelling."
"MVDM-FIRST-CANDIDATE-001564"	"SetConsoleActiveScreenBuffer"	"remains-first-degree-external-interface"	""	""	"No canonical zero-degree function name matches this direct callee spelling."
"MVDM-FIRST-CANDIDATE-001565"	"GetConsoleScreenBufferInfo"	"remains-first-degree-external-interface"	""	""	"No canonical zero-degree function name matches this direct callee spelling."
"MVDM-FIRST-CANDIDATE-001566"	"SetConsoleCursorPosition"	"remains-first-degree-external-interface"	""	""	"No canonical zero-degree function name matches this direct callee spelling."
"MVDM-FIRST-CANDIDATE-001567"	"SetConsoleHardwareState"	"remains-first-degree-external-interface"	""	""	"No canonical zero-degree function name matches this direct callee spelling."
"MVDM-FIRST-CANDIDATE-001568"	"SetConsoleCursorInfo"	"remains-first-degree-external-interface"	""	""	"No canonical zero-degree function name matches this direct callee spelling."
"MVDM-FIRST-CANDIDATE-001569"	"GetForegroundWindow"	"remains-first-degree-external-interface"	""	""	"No canonical zero-degree function name matches this direct callee spelling."
"MVDM-FIRST-CANDIDATE-001570"	"GetConsoleDisplayMode"	"remains-first-degree-external-interface"	""	""	"No canonical zero-degree function name matches this direct callee spelling."
"MVDM-FIRST-CANDIDATE-001571"	"SetConsoleDisplayMode"	"remains-first-degree-external-interface"	""	""	"No canonical zero-degree function name matches this direct callee spelling."
"MVDM-FIRST-CANDIDATE-001572"	"GetConsoleDisplayMode"	"remains-first-degree-external-interface"	""	""	"No canonical zero-degree function name matches this direct callee spelling."
"MVDM-FIRST-CANDIDATE-001573"	"RegisterConsoleVDM"	"remains-first-degree-external-interface"	""	""	"No canonical zero-degree function name matches this direct callee spelling."
"MVDM-FIRST-CANDIDATE-001574"	"GetConsoleScreenBufferInfo"	"remains-first-degree-external-interface"	""	""	"No canonical zero-degree function name matches this direct callee spelling."
"MVDM-FIRST-CANDIDATE-001575"	"SetConsoleCursorPosition"	"remains-first-degree-external-interface"	""	""	"No canonical zero-degree function name matches this direct callee spelling."
"MVDM-FIRST-CANDIDATE-001576"	"GetConsoleCursorInfo"	"remains-first-degree-external-interface"	""	""	"No canonical zero-degree function name matches this direct callee spelling."
"MVDM-FIRST-CANDIDATE-001577"	"GetConsoleMode"	"remains-first-degree-external-interface"	""	""	"No canonical zero-degree function name matches this direct callee spelling."
"MVDM-FIRST-CANDIDATE-001578"	"SetConsoleMode"	"remains-first-degree-external-interface"	""	""	"No canonical zero-degree function name matches this direct callee spelling."
"MVDM-FIRST-CANDIDATE-001579"	"GetConsoleMode"	"remains-first-degree-external-interface"	""	""	"No canonical zero-degree function name matches this direct callee spelling."
"MVDM-FIRST-CANDIDATE-001580"	"SetConsoleMode"	"remains-first-degree-external-interface"	""	""	"No canonical zero-degree function name matches this direct callee spelling."
"MVDM-FIRST-CANDIDATE-001581"	"SetConsoleActiveScreenBuffer"	"remains-first-degree-external-interface"	""	""	"No canonical zero-degree function name matches this direct callee spelling."
"MVDM-FIRST-CANDIDATE-001582"	"GetConsoleScreenBufferInfo"	"remains-first-degree-external-interface"	""	""	"No canonical zero-degree function name matches this direct callee spelling."
"MVDM-FIRST-CANDIDATE-001583"	"FillConsoleOutputAttribute"	"remains-first-degree-external-interface"	""	""	"No canonical zero-degree function name matches this direct callee spelling."
"MVDM-FIRST-CANDIDATE-001584"	"GetConsoleScreenBufferInfo"	"remains-first-degree-external-interface"	""	""	"No canonical zero-degree function name matches this direct callee spelling."
"MVDM-FIRST-CANDIDATE-001585"	"GetConsoleScreenBufferInfo"	"remains-first-degree-external-interface"	""	""	"No canonical zero-degree function name matches this direct callee spelling."
"MVDM-FIRST-CANDIDATE-001586"	"SetConsoleCursorPosition"	"remains-first-degree-external-interface"	""	""	"No canonical zero-degree function name matches this direct callee spelling."
"MVDM-FIRST-CANDIDATE-001587"	"GetCurrentConsoleFont"	"remains-first-degree-external-interface"	""	""	"No canonical zero-degree function name matches this direct callee spelling."
"MVDM-FIRST-CANDIDATE-001588"	"GetConsoleFontSize"	"remains-first-degree-external-interface"	""	""	"No canonical zero-degree function name matches this direct callee spelling."
"MVDM-FIRST-CANDIDATE-001589"	"SetConsoleCursorInfo"	"remains-first-degree-external-interface"	""	""	"No canonical zero-degree function name matches this direct callee spelling."
"MVDM-FIRST-CANDIDATE-001590"	"SetConsoleCursorInfo"	"remains-first-degree-external-interface"	""	""	"No canonical zero-degree function name matches this direct callee spelling."
"MVDM-FIRST-CANDIDATE-001591"	"GetConsoleScreenBufferInfo"	"remains-first-degree-external-interface"	""	""	"No canonical zero-degree function name matches this direct callee spelling."
"MVDM-FIRST-CANDIDATE-001592"	"FillConsoleOutputAttribute"	"remains-first-degree-external-interface"	""	""	"No canonical zero-degree function name matches this direct callee spelling."
"MVDM-FIRST-CANDIDATE-001593"	"SetPaletteEntries"	"remains-first-degree-external-interface"	""	""	"No canonical zero-degree function name matches this direct callee spelling."
"MVDM-FIRST-CANDIDATE-001594"	"SetPaletteEntries"	"remains-first-degree-external-interface"	""	""	"No canonical zero-degree function name matches this direct callee spelling."
"MVDM-FIRST-CANDIDATE-001595"	"SetConsoleActiveScreenBuffer"	"remains-first-degree-external-interface"	""	""	"No canonical zero-degree function name matches this direct callee spelling."
"MVDM-FIRST-CANDIDATE-001596"	"SetConsolePalette"	"remains-first-degree-external-interface"	""	""	"No canonical zero-degree function name matches this direct callee spelling."
"MVDM-FIRST-CANDIDATE-001597"	"SetConsoleWindowInfo"	"remains-first-degree-external-interface"	""	""	"No canonical zero-degree function name matches this direct callee spelling."
"MVDM-FIRST-CANDIDATE-001598"	"SetConsoleScreenBufferSize"	"remains-first-degree-external-interface"	""	""	"No canonical zero-degree function name matches this direct callee spelling."
"MVDM-FIRST-CANDIDATE-001599"	"GetConsoleScreenBufferInfo"	"remains-first-degree-external-interface"	""	""	"No canonical zero-degree function name matches this direct callee spelling."
"MVDM-FIRST-CANDIDATE-001600"	"GetConsoleScreenBufferInfo"	"remains-first-degree-external-interface"	""	""	"No canonical zero-degree function name matches this direct callee spelling."
"MVDM-FIRST-CANDIDATE-001601"	"CreateConsoleScreenBuffer"	"remains-first-degree-external-interface"	""	""	"No canonical zero-degree function name matches this direct callee spelling."
"MVDM-FIRST-CANDIDATE-001602"	"SetConsoleActiveScreenBuffer"	"remains-first-degree-external-interface"	""	""	"No canonical zero-degree function name matches this direct callee spelling."
"MVDM-FIRST-CANDIDATE-001603"	"WriteConsoleA"	"remains-first-degree-external-interface"	""	""	"No canonical zero-degree function name matches this direct callee spelling."
"MVDM-FIRST-CANDIDATE-001604"	"GetConsoleMode"	"remains-first-degree-external-interface"	""	""	"No canonical zero-degree function name matches this direct callee spelling."
"MVDM-FIRST-CANDIDATE-001605"	"SetConsoleMode"	"remains-first-degree-external-interface"	""	""	"No canonical zero-degree function name matches this direct callee spelling."
"MVDM-FIRST-CANDIDATE-001606"	"GetConsoleMode"	"remains-first-degree-external-interface"	""	""	"No canonical zero-degree function name matches this direct callee spelling."
"MVDM-FIRST-CANDIDATE-001607"	"SetConsoleMode"	"remains-first-degree-external-interface"	""	""	"No canonical zero-degree function name matches this direct callee spelling."
"MVDM-FIRST-CANDIDATE-001608"	"GetConsoleCursorInfo"	"remains-first-degree-external-interface"	""	""	"No canonical zero-degree function name matches this direct callee spelling."
"MVDM-FIRST-CANDIDATE-001609"	"GetConsoleScreenBufferInfo"	"remains-first-degree-external-interface"	""	""	"No canonical zero-degree function name matches this direct callee spelling."
"MVDM-FIRST-CANDIDATE-001610"	"GetStdHandle"	"remains-first-degree-external-interface"	""	""	"No canonical zero-degree function name matches this direct callee spelling."
"MVDM-FIRST-CANDIDATE-001611"	"GetStdHandle"	"remains-first-degree-external-interface"	""	""	"No canonical zero-degree function name matches this direct callee spelling."
"MVDM-FIRST-CANDIDATE-001612"	"GetFileType"	"remains-first-degree-external-interface"	""	""	"No canonical zero-degree function name matches this direct callee spelling."
"MVDM-FIRST-CANDIDATE-001613"	"SetStdHandle"	"remains-first-degree-external-interface"	""	""	"No canonical zero-degree function name matches this direct callee spelling."
"MVDM-FIRST-CANDIDATE-001614"	"GetFileType"	"remains-first-degree-external-interface"	""	""	"No canonical zero-degree function name matches this direct callee spelling."
"MVDM-FIRST-CANDIDATE-001615"	"SetStdHandle"	"remains-first-degree-external-interface"	""	""	"No canonical zero-degree function name matches this direct callee spelling."
"MVDM-FIRST-CANDIDATE-001616"	"SetStdHandle"	"remains-first-degree-external-interface"	""	""	"No canonical zero-degree function name matches this direct callee spelling."
"MVDM-FIRST-CANDIDATE-001617"	"SetLastConsoleEventActive"	"remains-first-degree-external-interface"	""	""	"No canonical zero-degree function name matches this direct callee spelling."
"MVDM-FIRST-CANDIDATE-001618"	"CreateMenu"	"remains-first-degree-external-interface"	""	""	"No canonical zero-degree function name matches this direct callee spelling."
"MVDM-FIRST-CANDIDATE-001619"	"CreateMenu"	"remains-first-degree-external-interface"	""	""	"No canonical zero-degree function name matches this direct callee spelling."
"MVDM-FIRST-CANDIDATE-001620"	"CreateMenu"	"remains-first-degree-external-interface"	""	""	"No canonical zero-degree function name matches this direct callee spelling."
"MVDM-FIRST-CANDIDATE-001621"	"ConsoleMenuControl"	"remains-first-degree-external-interface"	""	""	"No canonical zero-degree function name matches this direct callee spelling."
"MVDM-FIRST-CANDIDATE-001622"	"SetROP2"	"remains-first-degree-external-interface"	""	""	"No canonical zero-degree function name matches this direct callee spelling."
"MVDM-FIRST-CANDIDATE-001623"	"SelectObject"	"remains-first-degree-external-interface"	""	""	"No canonical zero-degree function name matches this direct callee spelling."
"MVDM-FIRST-CANDIDATE-001624"	"MoveToEx"	"remains-first-degree-external-interface"	""	""	"No canonical zero-degree function name matches this direct callee spelling."
"MVDM-FIRST-CANDIDATE-001625"	"LineTo"	"remains-first-degree-external-interface"	""	""	"No canonical zero-degree function name matches this direct callee spelling."
"MVDM-FIRST-CANDIDATE-001626"	"LineTo"	"remains-first-degree-external-interface"	""	""	"No canonical zero-degree function name matches this direct callee spelling."
"MVDM-FIRST-CANDIDATE-001627"	"LineTo"	"remains-first-degree-external-interface"	""	""	"No canonical zero-degree function name matches this direct callee spelling."
"MVDM-FIRST-CANDIDATE-001628"	"LineTo"	"remains-first-degree-external-interface"	""	""	"No canonical zero-degree function name matches this direct callee spelling."
"MVDM-FIRST-CANDIDATE-001629"	"SetROP2"	"remains-first-degree-external-interface"	""	""	"No canonical zero-degree function name matches this direct callee spelling."
"MVDM-FIRST-CANDIDATE-001630"	"SelectObject"	"remains-first-degree-external-interface"	""	""	"No canonical zero-degree function name matches this direct callee spelling."
"MVDM-FIRST-CANDIDATE-001631"	"MoveToEx"	"remains-first-degree-external-interface"	""	""	"No canonical zero-degree function name matches this direct callee spelling."
"MVDM-FIRST-CANDIDATE-001632"	"LineTo"	"remains-first-degree-external-interface"	""	""	"No canonical zero-degree function name matches this direct callee spelling."
"MVDM-FIRST-CANDIDATE-001633"	"MoveToEx"	"remains-first-degree-external-interface"	""	""	"No canonical zero-degree function name matches this direct callee spelling."
"MVDM-FIRST-CANDIDATE-001634"	"LineTo"	"remains-first-degree-external-interface"	""	""	"No canonical zero-degree function name matches this direct callee spelling."
"MVDM-FIRST-CANDIDATE-001635"	"GetStockObject"	"remains-first-degree-external-interface"	""	""	"No canonical zero-degree function name matches this direct callee spelling."
"MVDM-FIRST-CANDIDATE-001636"	"RtlOemToUnicodeN"	"remains-first-degree-external-interface"	""	""	"No canonical zero-degree function name matches this direct callee spelling."
"MVDM-FIRST-CANDIDATE-001637"	"VkKeyScanW"	"remains-first-degree-external-interface"	""	""	"No canonical zero-degree function name matches this direct callee spelling."
"MVDM-FIRST-CANDIDATE-001638"	"GetFileType"	"remains-first-degree-external-interface"	""	""	"No canonical zero-degree function name matches this direct callee spelling."
"MVDM-FIRST-CANDIDATE-001639"	"DeviceIoControl"	"remains-first-degree-external-interface"	""	""	"No canonical zero-degree function name matches this direct callee spelling."
"MVDM-FIRST-CANDIDATE-001640"	"DeviceIoControl"	"remains-first-degree-external-interface"	""	""	"No canonical zero-degree function name matches this direct callee spelling."
"MVDM-FIRST-CANDIDATE-001641"	"strtol"	"remains-first-degree-external-interface"	""	""	"No canonical zero-degree function name matches this direct callee spelling."
"MVDM-FIRST-CANDIDATE-001642"	"GetSystemInfo"	"remains-first-degree-external-interface"	""	""	"No canonical zero-degree function name matches this direct callee spelling."
"MVDM-FIRST-CANDIDATE-001643"	"VirtualAlloc"	"remains-first-degree-external-interface"	""	""	"No canonical zero-degree function name matches this direct callee spelling."
"MVDM-FIRST-CANDIDATE-001644"	"VirtualAlloc"	"remains-first-degree-external-interface"	""	""	"No canonical zero-degree function name matches this direct callee spelling."
"MVDM-FIRST-CANDIDATE-001645"	"VirtualFree"	"remains-first-degree-external-interface"	""	""	"No canonical zero-degree function name matches this direct callee spelling."
"MVDM-FIRST-CANDIDATE-001646"	"VirtualAlloc"	"remains-first-degree-external-interface"	""	""	"No canonical zero-degree function name matches this direct callee spelling."
"MVDM-FIRST-CANDIDATE-001647"	"VirtualFree"	"remains-first-degree-external-interface"	""	""	"No canonical zero-degree function name matches this direct callee spelling."
"MVDM-FIRST-CANDIDATE-001648"	"VirtualFree"	"remains-first-degree-external-interface"	""	""	"No canonical zero-degree function name matches this direct callee spelling."
"MVDM-FIRST-CANDIDATE-001649"	"VirtualFree"	"remains-first-degree-external-interface"	""	""	"No canonical zero-degree function name matches this direct callee spelling."
"MVDM-FIRST-CANDIDATE-001650"	"GetCurrentThreadId"	"remains-first-degree-external-interface"	""	""	"No canonical zero-degree function name matches this direct callee spelling."
"MVDM-FIRST-CANDIDATE-001651"	"GetCurrentThreadId"	"remains-first-degree-external-interface"	""	""	"No canonical zero-degree function name matches this direct callee spelling."
"MVDM-FIRST-CANDIDATE-001652"	"VirtualAlloc"	"remains-first-degree-external-interface"	""	""	"No canonical zero-degree function name matches this direct callee spelling."
"MVDM-FIRST-CANDIDATE-001653"	"VirtualAlloc"	"remains-first-degree-external-interface"	""	""	"No canonical zero-degree function name matches this direct callee spelling."
"MVDM-FIRST-CANDIDATE-001654"	"VirtualFree"	"remains-first-degree-external-interface"	""	""	"No canonical zero-degree function name matches this direct callee spelling."
"MVDM-FIRST-CANDIDATE-001655"	"VirtualFree"	"remains-first-degree-external-interface"	""	""	"No canonical zero-degree function name matches this direct callee spelling."
"MVDM-FIRST-CANDIDATE-001656"	"VirtualAlloc"	"remains-first-degree-external-interface"	""	""	"No canonical zero-degree function name matches this direct callee spelling."
"MVDM-FIRST-CANDIDATE-001657"	"VirtualFree"	"remains-first-degree-external-interface"	""	""	"No canonical zero-degree function name matches this direct callee spelling."
"MVDM-FIRST-CANDIDATE-001658"	"VdmSetPhysRecStructs"	"remains-first-degree-external-interface"	""	""	"No canonical zero-degree function name matches this direct callee spelling."
"MVDM-FIRST-CANDIDATE-001659"	"VdmSetPhysRecStructs"	"remains-first-degree-external-interface"	""	""	"No canonical zero-degree function name matches this direct callee spelling."
"MVDM-FIRST-CANDIDATE-001660"	"VirtualAlloc"	"remains-first-degree-external-interface"	""	""	"No canonical zero-degree function name matches this direct callee spelling."
"MVDM-FIRST-CANDIDATE-001661"	"VirtualFree"	"remains-first-degree-external-interface"	""	""	"No canonical zero-degree function name matches this direct callee spelling."
"MVDM-FIRST-CANDIDATE-001662"	"SetCursorPos"	"remains-first-degree-external-interface"	""	""	"No canonical zero-degree function name matches this direct callee spelling."
"MVDM-FIRST-CANDIDATE-001663"	"ConsoleMenuControl"	"remains-first-degree-external-interface"	""	""	"No canonical zero-degree function name matches this direct callee spelling."
"MVDM-FIRST-CANDIDATE-001664"	"ShowConsoleCursor"	"remains-first-degree-external-interface"	""	""	"No canonical zero-degree function name matches this direct callee spelling."
"MVDM-FIRST-CANDIDATE-001665"	"ShowConsoleCursor"	"remains-first-degree-external-interface"	""	""	"No canonical zero-degree function name matches this direct callee spelling."
"MVDM-FIRST-CANDIDATE-001666"	"VDMConsoleOperation"	"remains-first-degree-external-interface"	""	""	"No canonical zero-degree function name matches this direct callee spelling."
"MVDM-FIRST-CANDIDATE-001667"	"SetCursorPos"	"remains-first-degree-external-interface"	""	""	"No canonical zero-degree function name matches this direct callee spelling."
"MVDM-FIRST-CANDIDATE-001668"	"VDMConsoleOperation"	"remains-first-degree-external-interface"	""	""	"No canonical zero-degree function name matches this direct callee spelling."
"MVDM-FIRST-CANDIDATE-001669"	"VDMConsoleOperation"	"remains-first-degree-external-interface"	""	""	"No canonical zero-degree function name matches this direct callee spelling."
"MVDM-FIRST-CANDIDATE-001670"	"SetCursorPos"	"remains-first-degree-external-interface"	""	""	"No canonical zero-degree function name matches this direct callee spelling."
"MVDM-FIRST-CANDIDATE-001671"	"VDMConsoleOperation"	"remains-first-degree-external-interface"	""	""	"No canonical zero-degree function name matches this direct callee spelling."
"MVDM-FIRST-CANDIDATE-001672"	"ShowConsoleCursor"	"remains-first-degree-external-interface"	""	""	"No canonical zero-degree function name matches this direct callee spelling."
"MVDM-FIRST-CANDIDATE-001673"	"ShowConsoleCursor"	"remains-first-degree-external-interface"	""	""	"No canonical zero-degree function name matches this direct callee spelling."
"MVDM-FIRST-CANDIDATE-001674"	"GetNextVDMCommand"	"remains-first-degree-external-interface"	""	""	"No canonical zero-degree function name matches this direct callee spelling."
"MVDM-FIRST-CANDIDATE-001675"	"TlsAlloc"	"remains-first-degree-external-interface"	""	""	"No canonical zero-degree function name matches this direct callee spelling."
"MVDM-FIRST-CANDIDATE-001676"	"GetFileSize"	"remains-first-degree-external-interface"	""	""	"No canonical zero-degree function name matches this direct callee spelling."
"MVDM-FIRST-CANDIDATE-001677"	"SetPriorityClass"	"remains-first-degree-external-interface"	""	""	"No canonical zero-degree function name matches this direct callee spelling."
"MVDM-FIRST-CANDIDATE-001678"	"GetPriorityClass"	"remains-first-degree-external-interface"	""	""	"No canonical zero-degree function name matches this direct callee spelling."
"MVDM-FIRST-CANDIDATE-001679"	"SetPriorityClass"	"remains-first-degree-external-interface"	""	""	"No canonical zero-degree function name matches this direct callee spelling."
"MVDM-FIRST-CANDIDATE-001680"	"FindClose"	"remains-first-degree-external-interface"	""	""	"No canonical zero-degree function name matches this direct callee spelling."
"MVDM-FIRST-CANDIDATE-001681"	"FindClose"	"remains-first-degree-external-interface"	""	""	"No canonical zero-degree function name matches this direct callee spelling."
"MVDM-FIRST-CANDIDATE-001682"	"GetFileSize"	"remains-first-degree-external-interface"	""	""	"No canonical zero-degree function name matches this direct callee spelling."
"MVDM-FIRST-CANDIDATE-001683"	"RaiseException"	"remains-first-degree-external-interface"	""	""	"No canonical zero-degree function name matches this direct callee spelling."
"MVDM-FIRST-CANDIDATE-001684"	"RaiseException"	"remains-first-degree-external-interface"	""	""	"No canonical zero-degree function name matches this direct callee spelling."
"MVDM-FIRST-CANDIDATE-001685"	"NtDeviceIoControlFile"	"remains-first-degree-external-interface"	""	""	"No canonical zero-degree function name matches this direct callee spelling."
"MVDM-FIRST-CANDIDATE-001686"	"else"	"remains-first-degree-external-interface"	""	""	"No canonical zero-degree function name matches this direct callee spelling."
"MVDM-FIRST-CANDIDATE-001687"	"NtDeviceIoControlFile"	"remains-first-degree-external-interface"	""	""	"No canonical zero-degree function name matches this direct callee spelling."
"MVDM-FIRST-CANDIDATE-001688"	"NtWaitForSingleObject"	"remains-first-degree-external-interface"	""	""	"No canonical zero-degree function name matches this direct callee spelling."
"MVDM-FIRST-CANDIDATE-001689"	"NtDeviceIoControlFile"	"remains-first-degree-external-interface"	""	""	"No canonical zero-degree function name matches this direct callee spelling."
"MVDM-FIRST-CANDIDATE-001690"	"NtWaitForSingleObject"	"remains-first-degree-external-interface"	""	""	"No canonical zero-degree function name matches this direct callee spelling."
"MVDM-FIRST-CANDIDATE-001691"	"NtDeviceIoControlFile"	"remains-first-degree-external-interface"	""	""	"No canonical zero-degree function name matches this direct callee spelling."
"MVDM-FIRST-CANDIDATE-001692"	"NtWaitForSingleObject"	"remains-first-degree-external-interface"	""	""	"No canonical zero-degree function name matches this direct callee spelling."
"MVDM-FIRST-CANDIDATE-001693"	"NtDeviceIoControlFile"	"remains-first-degree-external-interface"	""	""	"No canonical zero-degree function name matches this direct callee spelling."
"MVDM-FIRST-CANDIDATE-001694"	"NtWaitForMultipleObjects"	"remains-first-degree-external-interface"	""	""	"No canonical zero-degree function name matches this direct callee spelling."
"MVDM-FIRST-CANDIDATE-001695"	"NtDeviceIoControlFile"	"remains-first-degree-external-interface"	""	""	"No canonical zero-degree function name matches this direct callee spelling."
"MVDM-FIRST-CANDIDATE-001696"	"NtWaitForSingleObject"	"remains-first-degree-external-interface"	""	""	"No canonical zero-degree function name matches this direct callee spelling."
"MVDM-FIRST-CANDIDATE-001697"	"NtDeviceIoControlFile"	"remains-first-degree-external-interface"	""	""	"No canonical zero-degree function name matches this direct callee spelling."
"MVDM-FIRST-CANDIDATE-001698"	"NtWaitForSingleObject"	"remains-first-degree-external-interface"	""	""	"No canonical zero-degree function name matches this direct callee spelling."
"MVDM-FIRST-CANDIDATE-001699"	"NtDeviceIoControlFile"	"remains-first-degree-external-interface"	""	""	"No canonical zero-degree function name matches this direct callee spelling."
"MVDM-FIRST-CANDIDATE-001700"	"NtWaitForSingleObject"	"remains-first-degree-external-interface"	""	""	"No canonical zero-degree function name matches this direct callee spelling."
"MVDM-FIRST-CANDIDATE-001701"	"NtDeviceIoControlFile"	"remains-first-degree-external-interface"	""	""	"No canonical zero-degree function name matches this direct callee spelling."
"MVDM-FIRST-CANDIDATE-001702"	"NtWaitForSingleObject"	"remains-first-degree-external-interface"	""	""	"No canonical zero-degree function name matches this direct callee spelling."
"MVDM-FIRST-CANDIDATE-001703"	"ExpandEnvironmentStringsOem"	"remains-first-degree-external-interface"	""	""	"No canonical zero-degree function name matches this direct callee spelling."
"MVDM-FIRST-CANDIDATE-001704"	"ResumeThread"	"remains-first-degree-external-interface"	""	""	"No canonical zero-degree function name matches this direct callee spelling."
"MVDM-FIRST-CANDIDATE-001705"	"strtoul"	"remains-first-degree-external-interface"	""	""	"No canonical zero-degree function name matches this direct callee spelling."
"MVDM-FIRST-CANDIDATE-001706"	"strtoul"	"remains-first-degree-external-interface"	""	""	"No canonical zero-degree function name matches this direct callee spelling."
"MVDM-FIRST-CANDIDATE-001707"	"ExitProcess"	"remains-first-degree-external-interface"	""	""	"No canonical zero-degree function name matches this direct callee spelling."
"MVDM-FIRST-CANDIDATE-001708"	"ShowStartGlass"	"remains-first-degree-external-interface"	""	""	"No canonical zero-degree function name matches this direct callee spelling."
"MVDM-FIRST-CANDIDATE-001709"	"DuplicateHandle"	"remains-first-degree-external-interface"	""	""	"No canonical zero-degree function name matches this direct callee spelling."
"MVDM-FIRST-CANDIDATE-001710"	"ExitVDM"	"remains-first-degree-external-interface"	""	""	"No canonical zero-degree function name matches this direct callee spelling."
"MVDM-FIRST-CANDIDATE-001711"	"ExitVDM"	"remains-first-degree-external-interface"	""	""	"No canonical zero-degree function name matches this direct callee spelling."
"MVDM-FIRST-CANDIDATE-001712"	"ExitProcess"	"remains-first-degree-external-interface"	""	""	"No canonical zero-degree function name matches this direct callee spelling."
"MVDM-FIRST-CANDIDATE-001713"	"_lseek"	"remains-first-degree-external-interface"	""	""	"No canonical zero-degree function name matches this direct callee spelling."
"MVDM-FIRST-CANDIDATE-001714"	"_lseek"	"remains-first-degree-external-interface"	""	""	"No canonical zero-degree function name matches this direct callee spelling."
"MVDM-FIRST-CANDIDATE-001715"	"_read"	"remains-first-degree-external-interface"	""	""	"No canonical zero-degree function name matches this direct callee spelling."
"MVDM-FIRST-CANDIDATE-001716"	"_close"	"remains-first-degree-external-interface"	""	""	"No canonical zero-degree function name matches this direct callee spelling."
"MVDM-FIRST-CANDIDATE-001717"	"_write"	"remains-first-degree-external-interface"	""	""	"No canonical zero-degree function name matches this direct callee spelling."
"MVDM-FIRST-CANDIDATE-001718"	"_close"	"remains-first-degree-external-interface"	""	""	"No canonical zero-degree function name matches this direct callee spelling."
"MVDM-FIRST-CANDIDATE-001719"	"_write"	"remains-first-degree-external-interface"	""	""	"No canonical zero-degree function name matches this direct callee spelling."
"MVDM-FIRST-CANDIDATE-001720"	"_close"	"remains-first-degree-external-interface"	""	""	"No canonical zero-degree function name matches this direct callee spelling."
"MVDM-FIRST-CANDIDATE-001721"	"_write"	"remains-first-degree-external-interface"	""	""	"No canonical zero-degree function name matches this direct callee spelling."
"MVDM-FIRST-CANDIDATE-001722"	"_close"	"remains-first-degree-external-interface"	""	""	"No canonical zero-degree function name matches this direct callee spelling."
"MVDM-FIRST-CANDIDATE-001723"	"host_validate_pathname"	"remains-first-degree-external-interface"	""	""	"No canonical zero-degree function name matches this direct callee spelling."
"MVDM-FIRST-CANDIDATE-001724"	"host_rflop_drive_type"	"remains-first-degree-external-interface"	""	""	"No canonical zero-degree function name matches this direct callee spelling."
"MVDM-FIRST-CANDIDATE-001725"	"NtQueryInformationFile"	"remains-first-degree-external-interface"	""	""	"No canonical zero-degree function name matches this direct callee spelling."
"MVDM-FIRST-CANDIDATE-001726"	"NtDeviceIoControlFile"	"remains-first-degree-external-interface"	""	""	"No canonical zero-degree function name matches this direct callee spelling."
"MVDM-FIRST-CANDIDATE-001727"	"NtClose"	"remains-first-degree-external-interface"	""	""	"No canonical zero-degree function name matches this direct callee spelling."
"MVDM-FIRST-CANDIDATE-001728"	"RtlInitAnsiString"	"remains-first-degree-external-interface"	""	""	"No canonical zero-degree function name matches this direct callee spelling."
"MVDM-FIRST-CANDIDATE-001729"	"RtlAnsiStringToUnicodeString"	"remains-first-degree-external-interface"	""	""	"No canonical zero-degree function name matches this direct callee spelling."
"MVDM-FIRST-CANDIDATE-001730"	"NtOpenFile"	"remains-first-degree-external-interface"	""	""	"No canonical zero-degree function name matches this direct callee spelling."
"MVDM-FIRST-CANDIDATE-001731"	"DeviceIoControl"	"remains-first-degree-external-interface"	""	""	"No canonical zero-degree function name matches this direct callee spelling."
"MVDM-FIRST-CANDIDATE-001732"	"DeviceIoControl"	"remains-first-degree-external-interface"	""	""	"No canonical zero-degree function name matches this direct callee spelling."
"MVDM-FIRST-CANDIDATE-001733"	"CreateThread"	"remains-first-degree-external-interface"	""	""	"No canonical zero-degree function name matches this direct callee spelling."
"MVDM-FIRST-CANDIDATE-001734"	"NtFreeVirtualMemory"	"remains-first-degree-external-interface"	""	""	"No canonical zero-degree function name matches this direct callee spelling."
"MVDM-FIRST-CANDIDATE-001735"	"NtAllocateVirtualMemory"	"remains-first-degree-external-interface"	""	""	"No canonical zero-degree function name matches this direct callee spelling."
"MVDM-FIRST-CANDIDATE-001736"	"NtVdmControl"	"remains-first-degree-external-interface"	""	""	"No canonical zero-degree function name matches this direct callee spelling."
"MVDM-FIRST-CANDIDATE-001737"	"MessageBeep"	"remains-first-degree-external-interface"	""	""	"No canonical zero-degree function name matches this direct callee spelling."
"MVDM-FIRST-CANDIDATE-001738"	"NtCreateFile"	"remains-first-degree-external-interface"	""	""	"No canonical zero-degree function name matches this direct callee spelling."
"MVDM-FIRST-CANDIDATE-001739"	"NtDeviceIoControlFile"	"remains-first-degree-external-interface"	""	""	"No canonical zero-degree function name matches this direct callee spelling."
"MVDM-FIRST-CANDIDATE-001740"	"GetTickCount"	"remains-first-degree-external-interface"	""	""	"No canonical zero-degree function name matches this direct callee spelling."
"MVDM-FIRST-CANDIDATE-001741"	"GetTickCount"	"remains-first-degree-external-interface"	""	""	"No canonical zero-degree function name matches this direct callee spelling."
"MVDM-FIRST-CANDIDATE-001742"	"ExitVDM"	"remains-first-degree-external-interface"	""	""	"No canonical zero-degree function name matches this direct callee spelling."
"MVDM-FIRST-CANDIDATE-001743"	"ExitVDM"	"remains-first-degree-external-interface"	""	""	"No canonical zero-degree function name matches this direct callee spelling."
"MVDM-FIRST-CANDIDATE-001744"	"ExitProcess"	"remains-first-degree-external-interface"	""	""	"No canonical zero-degree function name matches this direct callee spelling."
"MVDM-FIRST-CANDIDATE-001745"	"CreateThread"	"remains-first-degree-external-interface"	""	""	"No canonical zero-degree function name matches this direct callee spelling."
"MVDM-FIRST-CANDIDATE-001746"	"ResumeThread"	"remains-first-degree-external-interface"	""	""	"No canonical zero-degree function name matches this direct callee spelling."
"MVDM-FIRST-CANDIDATE-001747"	"lpStartAddress"	"remains-first-degree-external-interface"	""	""	"No canonical zero-degree function name matches this direct callee spelling."
"MVDM-FIRST-CANDIDATE-001748"	"ExitThread"	"remains-first-degree-external-interface"	""	""	"No canonical zero-degree function name matches this direct callee spelling."
"MVDM-FIRST-CANDIDATE-001749"	"CreateThread"	"remains-first-degree-external-interface"	""	""	"No canonical zero-degree function name matches this direct callee spelling."
"MVDM-FIRST-CANDIDATE-001750"	"NtAlertThread"	"remains-first-degree-external-interface"	""	""	"No canonical zero-degree function name matches this direct callee spelling."
"MVDM-FIRST-CANDIDATE-001751"	"GetCurrentThreadId"	"remains-first-degree-external-interface"	""	""	"No canonical zero-degree function name matches this direct callee spelling."
"MVDM-FIRST-CANDIDATE-001752"	"WaitForSingleObjectEx"	"remains-first-degree-external-interface"	""	""	"No canonical zero-degree function name matches this direct callee spelling."
"MVDM-FIRST-CANDIDATE-001753"	"NtQueryPerformanceCounter"	"remains-first-degree-external-interface"	""	""	"No canonical zero-degree function name matches this direct callee spelling."
"MVDM-FIRST-CANDIDATE-001754"	"NtQueryPerformanceCounter"	"remains-first-degree-external-interface"	""	""	"No canonical zero-degree function name matches this direct callee spelling."
"MVDM-FIRST-CANDIDATE-001755"	"RtlExtendedLargeIntegerDivide"	"remains-first-degree-external-interface"	""	""	"No canonical zero-degree function name matches this direct callee spelling."
"MVDM-FIRST-CANDIDATE-001756"	"NtQueryPerformanceCounter"	"remains-first-degree-external-interface"	""	""	"No canonical zero-degree function name matches this direct callee spelling."
"MVDM-FIRST-CANDIDATE-001757"	"RtlExtendedLargeIntegerDivide"	"remains-first-degree-external-interface"	""	""	"No canonical zero-degree function name matches this direct callee spelling."
"MVDM-FIRST-CANDIDATE-001758"	"RtlExtendedLargeIntegerDivide"	"remains-first-degree-external-interface"	""	""	"No canonical zero-degree function name matches this direct callee spelling."
"MVDM-FIRST-CANDIDATE-001759"	"GetLocalTime"	"remains-first-degree-external-interface"	""	""	"No canonical zero-degree function name matches this direct callee spelling."
"MVDM-FIRST-CANDIDATE-001760"	"RtlExtendedLargeIntegerDivide"	"remains-first-degree-external-interface"	""	""	"No canonical zero-degree function name matches this direct callee spelling."
"MVDM-FIRST-CANDIDATE-001761"	"SetThreadPriority"	"remains-first-degree-external-interface"	""	""	"No canonical zero-degree function name matches this direct callee spelling."
"MVDM-FIRST-CANDIDATE-001762"	"NtWaitForMultipleObjects"	"remains-first-degree-external-interface"	""	""	"No canonical zero-degree function name matches this direct callee spelling."
"MVDM-FIRST-CANDIDATE-001763"	"NtWaitForMultipleObjects"	"remains-first-degree-external-interface"	""	""	"No canonical zero-degree function name matches this direct callee spelling."
"MVDM-FIRST-CANDIDATE-001764"	"NtWaitForSingleObject"	"remains-first-degree-external-interface"	""	""	"No canonical zero-degree function name matches this direct callee spelling."
"MVDM-FIRST-CANDIDATE-001765"	"NtWaitForSingleObject"	"remains-first-degree-external-interface"	""	""	"No canonical zero-degree function name matches this direct callee spelling."
"MVDM-FIRST-CANDIDATE-001766"	"ExitThread"	"remains-first-degree-external-interface"	""	""	"No canonical zero-degree function name matches this direct callee spelling."
"MVDM-FIRST-CANDIDATE-001767"	"RtlExtendedIntegerMultiply"	"remains-first-degree-external-interface"	""	""	"No canonical zero-degree function name matches this direct callee spelling."
"MVDM-FIRST-CANDIDATE-001768"	"RtlEnterCriticalSection"	"remains-first-degree-external-interface"	""	""	"No canonical zero-degree function name matches this direct callee spelling."
"MVDM-FIRST-CANDIDATE-001769"	"SetEvent"	"remains-first-degree-external-interface"	""	""	"No canonical zero-degree function name matches this direct callee spelling."
"MVDM-FIRST-CANDIDATE-001770"	"RtlLeaveCriticalSection"	"remains-first-degree-external-interface"	""	""	"No canonical zero-degree function name matches this direct callee spelling."
"MVDM-FIRST-CANDIDATE-001771"	"RtlEnterCriticalSection"	"remains-first-degree-external-interface"	""	""	"No canonical zero-degree function name matches this direct callee spelling."
"MVDM-FIRST-CANDIDATE-001772"	"SetEvent"	"remains-first-degree-external-interface"	""	""	"No canonical zero-degree function name matches this direct callee spelling."
"MVDM-FIRST-CANDIDATE-001773"	"RtlLeaveCriticalSection"	"remains-first-degree-external-interface"	""	""	"No canonical zero-degree function name matches this direct callee spelling."
"MVDM-FIRST-CANDIDATE-001774"	"UnhandledExceptionFilter"	"remains-first-degree-external-interface"	""	""	"No canonical zero-degree function name matches this direct callee spelling."
"MVDM-FIRST-CANDIDATE-001775"	"NtTerminateProcess"	"remains-first-degree-external-interface"	""	""	"No canonical zero-degree function name matches this direct callee spelling."
"MVDM-FIRST-CANDIDATE-001776"	"NtAllocateVirtualMemory"	"remains-first-degree-external-interface"	""	""	"No canonical zero-degree function name matches this direct callee spelling."
"MVDM-FIRST-CANDIDATE-001777"	"NtMapViewOfSection"	"remains-first-degree-external-interface"	""	""	"No canonical zero-degree function name matches this direct callee spelling."
"MVDM-FIRST-CANDIDATE-001778"	"NtUnmapViewOfSection"	"remains-first-degree-external-interface"	""	""	"No canonical zero-degree function name matches this direct callee spelling."
"MVDM-FIRST-CANDIDATE-001779"	"NtMapViewOfSection"	"remains-first-degree-external-interface"	""	""	"No canonical zero-degree function name matches this direct callee spelling."
"MVDM-FIRST-CANDIDATE-001780"	"NtMapViewOfSection"	"remains-first-degree-external-interface"	""	""	"No canonical zero-degree function name matches this direct callee spelling."
"MVDM-FIRST-CANDIDATE-001781"	"NtAllocateVirtualMemory"	"remains-first-degree-external-interface"	""	""	"No canonical zero-degree function name matches this direct callee spelling."
"MVDM-FIRST-CANDIDATE-001782"	"NtUnmapViewOfSection"	"remains-first-degree-external-interface"	""	""	"No canonical zero-degree function name matches this direct callee spelling."
"MVDM-FIRST-CANDIDATE-001783"	"NtMapViewOfSection"	"remains-first-degree-external-interface"	""	""	"No canonical zero-degree function name matches this direct callee spelling."
"MVDM-FIRST-CANDIDATE-001784"	"NtAllocateVirtualMemory"	"remains-first-degree-external-interface"	""	""	"No canonical zero-degree function name matches this direct callee spelling."
"MVDM-FIRST-CANDIDATE-001785"	"NtUnmapViewOfSection"	"remains-first-degree-external-interface"	""	""	"No canonical zero-degree function name matches this direct callee spelling."
"MVDM-FIRST-CANDIDATE-001786"	"NtMapViewOfSection"	"remains-first-degree-external-interface"	""	""	"No canonical zero-degree function name matches this direct callee spelling."
"MVDM-FIRST-CANDIDATE-001787"	"NtUnmapViewOfSection"	"remains-first-degree-external-interface"	""	""	"No canonical zero-degree function name matches this direct callee spelling."
"MVDM-FIRST-CANDIDATE-001788"	"NtMapViewOfSection"	"remains-first-degree-external-interface"	""	""	"No canonical zero-degree function name matches this direct callee spelling."
"MVDM-FIRST-CANDIDATE-001789"	"NtUnmapViewOfSection"	"remains-first-degree-external-interface"	""	""	"No canonical zero-degree function name matches this direct callee spelling."
"MVDM-FIRST-CANDIDATE-001790"	"NtMapViewOfSection"	"remains-first-degree-external-interface"	""	""	"No canonical zero-degree function name matches this direct callee spelling."
"MVDM-FIRST-CANDIDATE-001791"	"NtUnmapViewOfSection"	"remains-first-degree-external-interface"	""	""	"No canonical zero-degree function name matches this direct callee spelling."
"MVDM-FIRST-CANDIDATE-001792"	"NtMapViewOfSection"	"remains-first-degree-external-interface"	""	""	"No canonical zero-degree function name matches this direct callee spelling."
"MVDM-FIRST-CANDIDATE-001793"	"NtMapViewOfSection"	"remains-first-degree-external-interface"	""	""	"No canonical zero-degree function name matches this direct callee spelling."
"MVDM-FIRST-CANDIDATE-001794"	"NtOpenKey"	"remains-first-degree-external-interface"	""	""	"No canonical zero-degree function name matches this direct callee spelling."
"MVDM-FIRST-CANDIDATE-001795"	"NtQueryValueKey"	"remains-first-degree-external-interface"	""	""	"No canonical zero-degree function name matches this direct callee spelling."
"MVDM-FIRST-CANDIDATE-001796"	"NtClose"	"remains-first-degree-external-interface"	""	""	"No canonical zero-degree function name matches this direct callee spelling."
"MVDM-FIRST-CANDIDATE-001797"	"NtClose"	"remains-first-degree-external-interface"	""	""	"No canonical zero-degree function name matches this direct callee spelling."
"MVDM-FIRST-CANDIDATE-001798"	"NtCreateSection"	"remains-first-degree-external-interface"	""	""	"No canonical zero-degree function name matches this direct callee spelling."
"MVDM-FIRST-CANDIDATE-001799"	"NtMapViewOfSection"	"remains-first-degree-external-interface"	""	""	"No canonical zero-degree function name matches this direct callee spelling."
"MVDM-FIRST-CANDIDATE-001800"	"GetCurrentThreadId"	"remains-first-degree-external-interface"	""	""	"No canonical zero-degree function name matches this direct callee spelling."
"MVDM-FIRST-CANDIDATE-001801"	"GetCurrentThreadId"	"remains-first-degree-external-interface"	""	""	"No canonical zero-degree function name matches this direct callee spelling."
"MVDM-FIRST-CANDIDATE-001802"	"PulseEvent"	"remains-first-degree-external-interface"	""	""	"No canonical zero-degree function name matches this direct callee spelling."
"MVDM-FIRST-CANDIDATE-001803"	"GetLocalTime"	"remains-first-degree-external-interface"	""	""	"No canonical zero-degree function name matches this direct callee spelling."
"MVDM-FIRST-CANDIDATE-001804"	"GetTickCount"	"remains-first-degree-external-interface"	""	""	"No canonical zero-degree function name matches this direct callee spelling."
"MVDM-FIRST-CANDIDATE-001805"	"FindClose"	"remains-first-degree-external-interface"	""	""	"No canonical zero-degree function name matches this direct callee spelling."
"MVDM-FIRST-CANDIDATE-001806"	"else"	"remains-first-degree-external-interface"	""	""	"No canonical zero-degree function name matches this direct callee spelling."
"MVDM-FIRST-CANDIDATE-001807"	"release_ownership"	"remains-first-degree-external-interface"	""	""	"No canonical zero-degree function name matches this direct callee spelling."
"MVDM-FIRST-CANDIDATE-001808"	"release_ownership"	"remains-first-degree-external-interface"	""	""	"No canonical zero-degree function name matches this direct callee spelling."
"MVDM-FIRST-CANDIDATE-001809"	"gain_ownership"	"remains-first-degree-external-interface"	""	""	"No canonical zero-degree function name matches this direct callee spelling."
"MVDM-FIRST-CANDIDATE-001810"	"gain_ownership"	"remains-first-degree-external-interface"	""	""	"No canonical zero-degree function name matches this direct callee spelling."
"MVDM-FIRST-CANDIDATE-001811"	"InvalidateConsoleDIBits"	"remains-first-degree-external-interface"	""	""	"No canonical zero-degree function name matches this direct callee spelling."
"MVDM-FIRST-CANDIDATE-001812"	"InvalidateConsoleDIBits"	"remains-first-degree-external-interface"	""	""	"No canonical zero-degree function name matches this direct callee spelling."
"MVDM-FIRST-CANDIDATE-001813"	"InvalidateConsoleDIBits"	"remains-first-degree-external-interface"	""	""	"No canonical zero-degree function name matches this direct callee spelling."
"MVDM-FIRST-CANDIDATE-001814"	"InvalidateConsoleDIBits"	"remains-first-degree-external-interface"	""	""	"No canonical zero-degree function name matches this direct callee spelling."
"MVDM-FIRST-CANDIDATE-001815"	"InvalidateConsoleDIBits"	"remains-first-degree-external-interface"	""	""	"No canonical zero-degree function name matches this direct callee spelling."
"MVDM-FIRST-CANDIDATE-001816"	"InvalidateConsoleDIBits"	"remains-first-degree-external-interface"	""	""	"No canonical zero-degree function name matches this direct callee spelling."
"MVDM-FIRST-CANDIDATE-001817"	"InvalidateConsoleDIBits"	"remains-first-degree-external-interface"	""	""	"No canonical zero-degree function name matches this direct callee spelling."
"MVDM-FIRST-CANDIDATE-001818"	"InvalidateConsoleDIBits"	"remains-first-degree-external-interface"	""	""	"No canonical zero-degree function name matches this direct callee spelling."
"MVDM-FIRST-CANDIDATE-001819"	"InvalidateConsoleDIBits"	"remains-first-degree-external-interface"	""	""	"No canonical zero-degree function name matches this direct callee spelling."
"MVDM-FIRST-CANDIDATE-001820"	"InvalidateConsoleDIBits"	"remains-first-degree-external-interface"	""	""	"No canonical zero-degree function name matches this direct callee spelling."
"MVDM-FIRST-CANDIDATE-001821"	"InvalidateConsoleDIBits"	"remains-first-degree-external-interface"	""	""	"No canonical zero-degree function name matches this direct callee spelling."
"MVDM-FIRST-CANDIDATE-001822"	"InvalidateConsoleDIBits"	"remains-first-degree-external-interface"	""	""	"No canonical zero-degree function name matches this direct callee spelling."
"MVDM-FIRST-CANDIDATE-001823"	"InvalidateConsoleDIBits"	"remains-first-degree-external-interface"	""	""	"No canonical zero-degree function name matches this direct callee spelling."
"MVDM-FIRST-CANDIDATE-001824"	"InvalidateConsoleDIBits"	"remains-first-degree-external-interface"	""	""	"No canonical zero-degree function name matches this direct callee spelling."
"MVDM-FIRST-CANDIDATE-001825"	"InvalidateConsoleDIBits"	"remains-first-degree-external-interface"	""	""	"No canonical zero-degree function name matches this direct callee spelling."
"MVDM-FIRST-CANDIDATE-001826"	"InvalidateConsoleDIBits"	"remains-first-degree-external-interface"	""	""	"No canonical zero-degree function name matches this direct callee spelling."
"MVDM-FIRST-CANDIDATE-001827"	"GetCommState"	"remains-first-degree-external-interface"	""	""	"No canonical zero-degree function name matches this direct callee spelling."
"MVDM-FIRST-CANDIDATE-001828"	"GetCommState"	"remains-first-degree-external-interface"	""	""	"No canonical zero-degree function name matches this direct callee spelling."
"MVDM-FIRST-CANDIDATE-001829"	"GetCommState"	"remains-first-degree-external-interface"	""	""	"No canonical zero-degree function name matches this direct callee spelling."
"MVDM-FIRST-CANDIDATE-001830"	"VirtualAlloc"	"remains-first-degree-external-interface"	""	""	"No canonical zero-degree function name matches this direct callee spelling."
"MVDM-FIRST-CANDIDATE-001831"	"VirtualAlloc"	"remains-first-degree-external-interface"	""	""	"No canonical zero-degree function name matches this direct callee spelling."
"MVDM-FIRST-CANDIDATE-001832"	"VirtualFree"	"remains-first-degree-external-interface"	""	""	"No canonical zero-degree function name matches this direct callee spelling."
"MVDM-FIRST-CANDIDATE-001833"	"VirtualAlloc"	"remains-first-degree-external-interface"	""	""	"No canonical zero-degree function name matches this direct callee spelling."
"MVDM-FIRST-CANDIDATE-001834"	"VirtualFree"	"remains-first-degree-external-interface"	""	""	"No canonical zero-degree function name matches this direct callee spelling."
"MVDM-FIRST-CANDIDATE-001835"	"log"	"remains-first-degree-external-interface"	""	""	"No canonical zero-degree function name matches this direct callee spelling."
"MVDM-FIRST-CANDIDATE-001836"	"NtCreateSection"	"remains-first-degree-external-interface"	""	""	"No canonical zero-degree function name matches this direct callee spelling."
"MVDM-FIRST-CANDIDATE-001837"	"NtMapViewOfSection"	"remains-first-degree-external-interface"	""	""	"No canonical zero-degree function name matches this direct callee spelling."
"MVDM-FIRST-CANDIDATE-001838"	"NtUnmapViewOfSection"	"remains-first-degree-external-interface"	""	""	"No canonical zero-degree function name matches this direct callee spelling."
"MVDM-FIRST-CANDIDATE-001839"	"NtClose"	"remains-first-degree-external-interface"	""	""	"No canonical zero-degree function name matches this direct callee spelling."
"MVDM-FIRST-CANDIDATE-001840"	"NtMapViewOfSection"	"remains-first-degree-external-interface"	""	""	"No canonical zero-degree function name matches this direct callee spelling."
"MVDM-FIRST-CANDIDATE-001841"	"NtUnmapViewOfSection"	"remains-first-degree-external-interface"	""	""	"No canonical zero-degree function name matches this direct callee spelling."
"MVDM-FIRST-CANDIDATE-001842"	"NtMapViewOfSection"	"remains-first-degree-external-interface"	""	""	"No canonical zero-degree function name matches this direct callee spelling."
"MVDM-FIRST-CANDIDATE-001843"	"NtUnmapViewOfSection"	"remains-first-degree-external-interface"	""	""	"No canonical zero-degree function name matches this direct callee spelling."
"MVDM-FIRST-CANDIDATE-001844"	"rand"	"remains-first-degree-external-interface"	""	""	"No canonical zero-degree function name matches this direct callee spelling."
"MVDM-FIRST-CANDIDATE-001845"	"rand"	"remains-first-degree-external-interface"	""	""	"No canonical zero-degree function name matches this direct callee spelling."
"MVDM-FIRST-CANDIDATE-001846"	"a3_getAL"	"remains-first-degree-external-interface"	""	""	"No canonical zero-degree function name matches this direct callee spelling."
"MVDM-FIRST-CANDIDATE-001847"	"a3_getAH"	"remains-first-degree-external-interface"	""	""	"No canonical zero-degree function name matches this direct callee spelling."
"MVDM-FIRST-CANDIDATE-001848"	"a3_getAX"	"remains-first-degree-external-interface"	""	""	"No canonical zero-degree function name matches this direct callee spelling."
"MVDM-FIRST-CANDIDATE-001849"	"a3_getBL"	"remains-first-degree-external-interface"	""	""	"No canonical zero-degree function name matches this direct callee spelling."
"MVDM-FIRST-CANDIDATE-001850"	"a3_getBH"	"remains-first-degree-external-interface"	""	""	"No canonical zero-degree function name matches this direct callee spelling."
"MVDM-FIRST-CANDIDATE-001851"	"a3_getBP"	"remains-first-degree-external-interface"	""	""	"No canonical zero-degree function name matches this direct callee spelling."
"MVDM-FIRST-CANDIDATE-001852"	"a3_getBX"	"remains-first-degree-external-interface"	""	""	"No canonical zero-degree function name matches this direct callee spelling."
"MVDM-FIRST-CANDIDATE-001853"	"a3_getCF"	"remains-first-degree-external-interface"	""	""	"No canonical zero-degree function name matches this direct callee spelling."
"MVDM-FIRST-CANDIDATE-001854"	"a3_getCH"	"remains-first-degree-external-interface"	""	""	"No canonical zero-degree function name matches this direct callee spelling."
"MVDM-FIRST-CANDIDATE-001855"	"a3_getCL"	"remains-first-degree-external-interface"	""	""	"No canonical zero-degree function name matches this direct callee spelling."
"MVDM-FIRST-CANDIDATE-001856"	"a3_getCS"	"remains-first-degree-external-interface"	""	""	"No canonical zero-degree function name matches this direct callee spelling."
"MVDM-FIRST-CANDIDATE-001857"	"a3_getCX"	"remains-first-degree-external-interface"	""	""	"No canonical zero-degree function name matches this direct callee spelling."
"MVDM-FIRST-CANDIDATE-001858"	"a3_getDH"	"remains-first-degree-external-interface"	""	""	"No canonical zero-degree function name matches this direct callee spelling."
"MVDM-FIRST-CANDIDATE-001859"	"a3_getDI"	"remains-first-degree-external-interface"	""	""	"No canonical zero-degree function name matches this direct callee spelling."
"MVDM-FIRST-CANDIDATE-001860"	"a3_getDL"	"remains-first-degree-external-interface"	""	""	"No canonical zero-degree function name matches this direct callee spelling."
"MVDM-FIRST-CANDIDATE-001861"	"a3_getDS"	"remains-first-degree-external-interface"	""	""	"No canonical zero-degree function name matches this direct callee spelling."
"MVDM-FIRST-CANDIDATE-001862"	"a3_getDX"	"remains-first-degree-external-interface"	""	""	"No canonical zero-degree function name matches this direct callee spelling."
"MVDM-FIRST-CANDIDATE-001863"	"a3_getES"	"remains-first-degree-external-interface"	""	""	"No canonical zero-degree function name matches this direct callee spelling."
"MVDM-FIRST-CANDIDATE-001864"	"a3_getSI"	"remains-first-degree-external-interface"	""	""	"No canonical zero-degree function name matches this direct callee spelling."
"MVDM-FIRST-CANDIDATE-001865"	"a3_getSP"	"remains-first-degree-external-interface"	""	""	"No canonical zero-degree function name matches this direct callee spelling."
"MVDM-FIRST-CANDIDATE-001866"	"a3_getIP"	"remains-first-degree-external-interface"	""	""	"No canonical zero-degree function name matches this direct callee spelling."
"MVDM-FIRST-CANDIDATE-001867"	"a3_getSS"	"remains-first-degree-external-interface"	""	""	"No canonical zero-degree function name matches this direct callee spelling."
"MVDM-FIRST-CANDIDATE-001868"	"a3_getAF"	"remains-first-degree-external-interface"	""	""	"No canonical zero-degree function name matches this direct callee spelling."
"MVDM-FIRST-CANDIDATE-001869"	"a3_getDF"	"remains-first-degree-external-interface"	""	""	"No canonical zero-degree function name matches this direct callee spelling."
"MVDM-FIRST-CANDIDATE-001870"	"a3_getIF"	"remains-first-degree-external-interface"	""	""	"No canonical zero-degree function name matches this direct callee spelling."
"MVDM-FIRST-CANDIDATE-001871"	"a3_p_setMSW"	"remains-first-degree-external-interface"	""	""	"No canonical zero-degree function name matches this direct callee spelling."
"MVDM-FIRST-CANDIDATE-001872"	"a3_getOF"	"remains-first-degree-external-interface"	""	""	"No canonical zero-degree function name matches this direct callee spelling."
"MVDM-FIRST-CANDIDATE-001873"	"a3_getPF"	"remains-first-degree-external-interface"	""	""	"No canonical zero-degree function name matches this direct callee spelling."
"MVDM-FIRST-CANDIDATE-001874"	"a3_getSF"	"remains-first-degree-external-interface"	""	""	"No canonical zero-degree function name matches this direct callee spelling."
"MVDM-FIRST-CANDIDATE-001875"	"a3_getZF"	"remains-first-degree-external-interface"	""	""	"No canonical zero-degree function name matches this direct callee spelling."
"MVDM-FIRST-CANDIDATE-001876"	"a3_setAL"	"remains-first-degree-external-interface"	""	""	"No canonical zero-degree function name matches this direct callee spelling."
"MVDM-FIRST-CANDIDATE-001877"	"a3_setAH"	"remains-first-degree-external-interface"	""	""	"No canonical zero-degree function name matches this direct callee spelling."
"MVDM-FIRST-CANDIDATE-001878"	"a3_setAX"	"remains-first-degree-external-interface"	""	""	"No canonical zero-degree function name matches this direct callee spelling."
"MVDM-FIRST-CANDIDATE-001879"	"a3_setBP"	"remains-first-degree-external-interface"	""	""	"No canonical zero-degree function name matches this direct callee spelling."
"MVDM-FIRST-CANDIDATE-001880"	"a3_setBL"	"remains-first-degree-external-interface"	""	""	"No canonical zero-degree function name matches this direct callee spelling."
"MVDM-FIRST-CANDIDATE-001881"	"a3_setBH"	"remains-first-degree-external-interface"	""	""	"No canonical zero-degree function name matches this direct callee spelling."
"MVDM-FIRST-CANDIDATE-001882"	"a3_setBX"	"remains-first-degree-external-interface"	""	""	"No canonical zero-degree function name matches this direct callee spelling."
"MVDM-FIRST-CANDIDATE-001883"	"a3_setCF"	"remains-first-degree-external-interface"	""	""	"No canonical zero-degree function name matches this direct callee spelling."
"MVDM-FIRST-CANDIDATE-001884"	"a3_setCH"	"remains-first-degree-external-interface"	""	""	"No canonical zero-degree function name matches this direct callee spelling."
"MVDM-FIRST-CANDIDATE-001885"	"a3_setCL"	"remains-first-degree-external-interface"	""	""	"No canonical zero-degree function name matches this direct callee spelling."
"MVDM-FIRST-CANDIDATE-001886"	"a3_setCX"	"remains-first-degree-external-interface"	""	""	"No canonical zero-degree function name matches this direct callee spelling."
"MVDM-FIRST-CANDIDATE-001887"	"a3_setDH"	"remains-first-degree-external-interface"	""	""	"No canonical zero-degree function name matches this direct callee spelling."
"MVDM-FIRST-CANDIDATE-001888"	"a3_setDL"	"remains-first-degree-external-interface"	""	""	"No canonical zero-degree function name matches this direct callee spelling."
"MVDM-FIRST-CANDIDATE-001889"	"a3_setDX"	"remains-first-degree-external-interface"	""	""	"No canonical zero-degree function name matches this direct callee spelling."
"MVDM-FIRST-CANDIDATE-001890"	"a3_setSI"	"remains-first-degree-external-interface"	""	""	"No canonical zero-degree function name matches this direct callee spelling."
"MVDM-FIRST-CANDIDATE-001891"	"a3_setDI"	"remains-first-degree-external-interface"	""	""	"No canonical zero-degree function name matches this direct callee spelling."
"MVDM-FIRST-CANDIDATE-001892"	"a3_setAF"	"remains-first-degree-external-interface"	""	""	"No canonical zero-degree function name matches this direct callee spelling."
"MVDM-FIRST-CANDIDATE-001893"	"a3_setIF"	"remains-first-degree-external-interface"	""	""	"No canonical zero-degree function name matches this direct callee spelling."
"MVDM-FIRST-CANDIDATE-001894"	"a3_setOF"	"remains-first-degree-external-interface"	""	""	"No canonical zero-degree function name matches this direct callee spelling."
"MVDM-FIRST-CANDIDATE-001895"	"a3_setPF"	"remains-first-degree-external-interface"	""	""	"No canonical zero-degree function name matches this direct callee spelling."
"MVDM-FIRST-CANDIDATE-001896"	"a3_setSF"	"remains-first-degree-external-interface"	""	""	"No canonical zero-degree function name matches this direct callee spelling."
"MVDM-FIRST-CANDIDATE-001897"	"a3_p_setMSW"	"remains-first-degree-external-interface"	""	""	"No canonical zero-degree function name matches this direct callee spelling."
"MVDM-FIRST-CANDIDATE-001898"	"a3_setZF"	"remains-first-degree-external-interface"	""	""	"No canonical zero-degree function name matches this direct callee spelling."
"MVDM-FIRST-CANDIDATE-001899"	"a3_setIP"	"remains-first-degree-external-interface"	""	""	"No canonical zero-degree function name matches this direct callee spelling."
"MVDM-FIRST-CANDIDATE-001900"	"a3_setDF"	"remains-first-degree-external-interface"	""	""	"No canonical zero-degree function name matches this direct callee spelling."
"MVDM-FIRST-CANDIDATE-001901"	"a3_setSP"	"remains-first-degree-external-interface"	""	""	"No canonical zero-degree function name matches this direct callee spelling."
"MVDM-FIRST-CANDIDATE-001902"	"a3_setSS"	"remains-first-degree-external-interface"	""	""	"No canonical zero-degree function name matches this direct callee spelling."
"MVDM-FIRST-CANDIDATE-001903"	"a3_setES"	"remains-first-degree-external-interface"	""	""	"No canonical zero-degree function name matches this direct callee spelling."
"MVDM-FIRST-CANDIDATE-001904"	"a3_setDS"	"remains-first-degree-external-interface"	""	""	"No canonical zero-degree function name matches this direct callee spelling."
"MVDM-FIRST-CANDIDATE-001905"	"a3_setCS"	"remains-first-degree-external-interface"	""	""	"No canonical zero-degree function name matches this direct callee spelling."
"MVDM-FIRST-CANDIDATE-001906"	"a3_getIP"	"remains-first-degree-external-interface"	""	""	"No canonical zero-degree function name matches this direct callee spelling."
"MVDM-FIRST-CANDIDATE-001907"	"a3_setIP"	"remains-first-degree-external-interface"	""	""	"No canonical zero-degree function name matches this direct callee spelling."
"MVDM-FIRST-CANDIDATE-001908"	"NtQueryInformationProcess"	"remains-first-degree-external-interface"	""	""	"No canonical zero-degree function name matches this direct callee spelling."
"MVDM-FIRST-CANDIDATE-001909"	"RaiseException"	"remains-first-degree-external-interface"	""	""	"No canonical zero-degree function name matches this direct callee spelling."
"MVDM-FIRST-CANDIDATE-001910"	"RtlUnicodeStringToAnsiString"	"remains-first-degree-external-interface"	""	""	"No canonical zero-degree function name matches this direct callee spelling."
"MVDM-FIRST-CANDIDATE-001911"	"RtlUnicodeStringToAnsiString"	"remains-first-degree-external-interface"	""	""	"No canonical zero-degree function name matches this direct callee spelling."
"MVDM-FIRST-CANDIDATE-001912"	"wcscpy"	"remains-first-degree-external-interface"	""	""	"No canonical zero-degree function name matches this direct callee spelling."
"MVDM-FIRST-CANDIDATE-001913"	"wcscpy"	"remains-first-degree-external-interface"	""	""	"No canonical zero-degree function name matches this direct callee spelling."
"MVDM-FIRST-CANDIDATE-001914"	"wcscpy"	"remains-first-degree-external-interface"	""	""	"No canonical zero-degree function name matches this direct callee spelling."
"MVDM-FIRST-CANDIDATE-001915"	"wcscpy"	"remains-first-degree-external-interface"	""	""	"No canonical zero-degree function name matches this direct callee spelling."
"MVDM-FIRST-CANDIDATE-001916"	"NtOpenKey"	"remains-first-degree-external-interface"	""	""	"No canonical zero-degree function name matches this direct callee spelling."
"MVDM-FIRST-CANDIDATE-001917"	"NtEnumerateValueKey"	"remains-first-degree-external-interface"	""	""	"No canonical zero-degree function name matches this direct callee spelling."
"MVDM-FIRST-CANDIDATE-001918"	"NtClose"	"remains-first-degree-external-interface"	""	""	"No canonical zero-degree function name matches this direct callee spelling."
"MVDM-FIRST-CANDIDATE-001919"	"NtVdmControl"	"remains-first-degree-external-interface"	""	""	"No canonical zero-degree function name matches this direct callee spelling."
"MVDM-FIRST-CANDIDATE-001920"	"NtVdmControl"	"remains-first-degree-external-interface"	""	""	"No canonical zero-degree function name matches this direct callee spelling."
"MVDM-FIRST-CANDIDATE-001921"	"NtGetContextThread"	"remains-first-degree-external-interface"	""	""	"No canonical zero-degree function name matches this direct callee spelling."
"MVDM-FIRST-CANDIDATE-001922"	"FastEnterPm"	"remains-first-degree-external-interface"	""	""	"No canonical zero-degree function name matches this direct callee spelling."
"MVDM-FIRST-CANDIDATE-001923"	"NtVdmControl"	"remains-first-degree-external-interface"	""	""	"No canonical zero-degree function name matches this direct callee spelling."
"MVDM-FIRST-CANDIDATE-001924"	"NtVdmControl"	"remains-first-degree-external-interface"	""	""	"No canonical zero-degree function name matches this direct callee spelling."
"MVDM-FIRST-CANDIDATE-001925"	"RtlImageDirectoryEntryToData"	"remains-first-degree-external-interface"	""	""	"No canonical zero-degree function name matches this direct callee spelling."
"MVDM-FIRST-CANDIDATE-001926"	"RtlImageDirectoryEntryToData"	"remains-first-degree-external-interface"	""	""	"No canonical zero-degree function name matches this direct callee spelling."
"MVDM-FIRST-CANDIDATE-001927"	"NtAllocateVirtualMemory"	"remains-first-degree-external-interface"	""	""	"No canonical zero-degree function name matches this direct callee spelling."
"MVDM-FIRST-CANDIDATE-001928"	"RtlAdjustPrivilege"	"remains-first-degree-external-interface"	""	""	"No canonical zero-degree function name matches this direct callee spelling."
"MVDM-FIRST-CANDIDATE-001929"	"NtCreateProfile"	"remains-first-degree-external-interface"	""	""	"No canonical zero-degree function name matches this direct callee spelling."
"MVDM-FIRST-CANDIDATE-001930"	"RtlAdjustPrivilege"	"remains-first-degree-external-interface"	""	""	"No canonical zero-degree function name matches this direct callee spelling."
"MVDM-FIRST-CANDIDATE-001931"	"RtlInitString"	"remains-first-degree-external-interface"	""	""	"No canonical zero-degree function name matches this direct callee spelling."
"MVDM-FIRST-CANDIDATE-001932"	"RtlAnsiStringToUnicodeString"	"remains-first-degree-external-interface"	""	""	"No canonical zero-degree function name matches this direct callee spelling."
"MVDM-FIRST-CANDIDATE-001933"	"NtOpenFile"	"remains-first-degree-external-interface"	""	""	"No canonical zero-degree function name matches this direct callee spelling."
"MVDM-FIRST-CANDIDATE-001934"	"RtlFreeUnicodeString"	"remains-first-degree-external-interface"	""	""	"No canonical zero-degree function name matches this direct callee spelling."
"MVDM-FIRST-CANDIDATE-001935"	"NtTerminateProcess"	"remains-first-degree-external-interface"	""	""	"No canonical zero-degree function name matches this direct callee spelling."
"MVDM-FIRST-CANDIDATE-001936"	"NtCreateSection"	"remains-first-degree-external-interface"	""	""	"No canonical zero-degree function name matches this direct callee spelling."
"MVDM-FIRST-CANDIDATE-001937"	"NtMapViewOfSection"	"remains-first-degree-external-interface"	""	""	"No canonical zero-degree function name matches this direct callee spelling."
"MVDM-FIRST-CANDIDATE-001938"	"RtlImageNtHeader"	"remains-first-degree-external-interface"	""	""	"No canonical zero-degree function name matches this direct callee spelling."
"MVDM-FIRST-CANDIDATE-001939"	"RtlImageDirectoryEntryToData"	"remains-first-degree-external-interface"	""	""	"No canonical zero-degree function name matches this direct callee spelling."
"MVDM-FIRST-CANDIDATE-001940"	"NtAllocateVirtualMemory"	"remains-first-degree-external-interface"	""	""	"No canonical zero-degree function name matches this direct callee spelling."
"MVDM-FIRST-CANDIDATE-001941"	"NtTerminateProcess"	"remains-first-degree-external-interface"	""	""	"No canonical zero-degree function name matches this direct callee spelling."
"MVDM-FIRST-CANDIDATE-001942"	"NtQueryInformationProcess"	"remains-first-degree-external-interface"	""	""	"No canonical zero-degree function name matches this direct callee spelling."
"MVDM-FIRST-CANDIDATE-001943"	"NtTerminateProcess"	"remains-first-degree-external-interface"	""	""	"No canonical zero-degree function name matches this direct callee spelling."
"MVDM-FIRST-CANDIDATE-001944"	"NtSetInformationProcess"	"remains-first-degree-external-interface"	""	""	"No canonical zero-degree function name matches this direct callee spelling."
"MVDM-FIRST-CANDIDATE-001945"	"RtlAdjustPrivilege"	"remains-first-degree-external-interface"	""	""	"No canonical zero-degree function name matches this direct callee spelling."
"MVDM-FIRST-CANDIDATE-001946"	"NtCreateProfile"	"remains-first-degree-external-interface"	""	""	"No canonical zero-degree function name matches this direct callee spelling."
"MVDM-FIRST-CANDIDATE-001947"	"RtlAdjustPrivilege"	"remains-first-degree-external-interface"	""	""	"No canonical zero-degree function name matches this direct callee spelling."
"MVDM-FIRST-CANDIDATE-001948"	"NtWriteFile"	"remains-first-degree-external-interface"	""	""	"No canonical zero-degree function name matches this direct callee spelling."
"MVDM-FIRST-CANDIDATE-001949"	"RtlDosPathNameToNtPathName_U"	"remains-first-degree-external-interface"	""	""	"No canonical zero-degree function name matches this direct callee spelling."
"MVDM-FIRST-CANDIDATE-001950"	"NtCreateFile"	"remains-first-degree-external-interface"	""	""	"No canonical zero-degree function name matches this direct callee spelling."
"MVDM-FIRST-CANDIDATE-001951"	"RtlDosPathNameToNtPathName_U"	"remains-first-degree-external-interface"	""	""	"No canonical zero-degree function name matches this direct callee spelling."
"MVDM-FIRST-CANDIDATE-001952"	"NtOpenFile"	"remains-first-degree-external-interface"	""	""	"No canonical zero-degree function name matches this direct callee spelling."
"MVDM-FIRST-CANDIDATE-001953"	"NtSetInformationFile"	"remains-first-degree-external-interface"	""	""	"No canonical zero-degree function name matches this direct callee spelling."
"MVDM-FIRST-CANDIDATE-001954"	"NtClose"	"remains-first-degree-external-interface"	""	""	"No canonical zero-degree function name matches this direct callee spelling."
"MVDM-FIRST-CANDIDATE-001955"	"NtSetIntervalProfile"	"remains-first-degree-external-interface"	""	""	"No canonical zero-degree function name matches this direct callee spelling."
"MVDM-FIRST-CANDIDATE-001956"	"NtStartProfile"	"remains-first-degree-external-interface"	""	""	"No canonical zero-degree function name matches this direct callee spelling."
"MVDM-FIRST-CANDIDATE-001957"	"NtQueryInformationProcess"	"remains-first-degree-external-interface"	""	""	"No canonical zero-degree function name matches this direct callee spelling."
"MVDM-FIRST-CANDIDATE-001958"	"NtSetInformationProcess"	"remains-first-degree-external-interface"	""	""	"No canonical zero-degree function name matches this direct callee spelling."
"MVDM-FIRST-CANDIDATE-001959"	"NtStartProfile"	"remains-first-degree-external-interface"	""	""	"No canonical zero-degree function name matches this direct callee spelling."
"MVDM-FIRST-CANDIDATE-001960"	"NtStopProfile"	"remains-first-degree-external-interface"	""	""	"No canonical zero-degree function name matches this direct callee spelling."
"MVDM-FIRST-CANDIDATE-001961"	"NtStopProfile"	"remains-first-degree-external-interface"	""	""	"No canonical zero-degree function name matches this direct callee spelling."
"MVDM-FIRST-CANDIDATE-001962"	"RtlLookupSymbolByAddress"	"remains-first-degree-external-interface"	""	""	"No canonical zero-degree function name matches this direct callee spelling."
"MVDM-FIRST-CANDIDATE-001963"	"NtClose"	"remains-first-degree-external-interface"	""	""	"No canonical zero-degree function name matches this direct callee spelling."
"MVDM-FIRST-CANDIDATE-001964"	"NtCreateSection"	"remains-first-degree-external-interface"	""	""	"No canonical zero-degree function name matches this direct callee spelling."
"MVDM-FIRST-CANDIDATE-001965"	"NtFreeVirtualMemory"	"remains-first-degree-external-interface"	""	""	"No canonical zero-degree function name matches this direct callee spelling."
"MVDM-FIRST-CANDIDATE-001966"	"NtFreeVirtualMemory"	"remains-first-degree-external-interface"	""	""	"No canonical zero-degree function name matches this direct callee spelling."
"MVDM-FIRST-CANDIDATE-001967"	"NtMapViewOfSection"	"remains-first-degree-external-interface"	""	""	"No canonical zero-degree function name matches this direct callee spelling."
"MVDM-FIRST-CANDIDATE-001968"	"NtMapViewOfSection"	"remains-first-degree-external-interface"	""	""	"No canonical zero-degree function name matches this direct callee spelling."
"MVDM-FIRST-CANDIDATE-001969"	"NtMapViewOfSection"	"remains-first-degree-external-interface"	""	""	"No canonical zero-degree function name matches this direct callee spelling."
"MVDM-FIRST-CANDIDATE-001970"	"NtAllocateVirtualMemory"	"remains-first-degree-external-interface"	""	""	"No canonical zero-degree function name matches this direct callee spelling."
"MVDM-FIRST-CANDIDATE-001971"	"NtFreeVirtualMemory"	"remains-first-degree-external-interface"	""	""	"No canonical zero-degree function name matches this direct callee spelling."
"MVDM-FIRST-CANDIDATE-001972"	"NtUnmapViewOfSection"	"remains-first-degree-external-interface"	""	""	"No canonical zero-degree function name matches this direct callee spelling."
"MVDM-FIRST-CANDIDATE-001973"	"NtMapViewOfSection"	"remains-first-degree-external-interface"	""	""	"No canonical zero-degree function name matches this direct callee spelling."
"MVDM-FIRST-CANDIDATE-001974"	"NtUnmapViewOfSection"	"remains-first-degree-external-interface"	""	""	"No canonical zero-degree function name matches this direct callee spelling."
"MVDM-FIRST-CANDIDATE-001975"	"NtMapViewOfSection"	"remains-first-degree-external-interface"	""	""	"No canonical zero-degree function name matches this direct callee spelling."
"MVDM-FIRST-CANDIDATE-001976"	"NtMapViewOfSection"	"remains-first-degree-external-interface"	""	""	"No canonical zero-degree function name matches this direct callee spelling."
"MVDM-FIRST-CANDIDATE-001977"	"NtSetContextThread"	"remains-first-degree-external-interface"	""	""	"No canonical zero-degree function name matches this direct callee spelling."
"MVDM-FIRST-CANDIDATE-001978"	"NtDuplicateObject"	"remains-first-degree-external-interface"	""	""	"No canonical zero-degree function name matches this direct callee spelling."
"MVDM-FIRST-CANDIDATE-001979"	"NtQueryInformationThread"	"remains-first-degree-external-interface"	""	""	"No canonical zero-degree function name matches this direct callee spelling."
"MVDM-FIRST-CANDIDATE-001980"	"NtClose"	"remains-first-degree-external-interface"	""	""	"No canonical zero-degree function name matches this direct callee spelling."
"MVDM-FIRST-CANDIDATE-001981"	"NtSetContextThread"	"remains-first-degree-external-interface"	""	""	"No canonical zero-degree function name matches this direct callee spelling."
"MVDM-FIRST-CANDIDATE-001982"	"FreeLibrary"	"remains-first-degree-external-interface"	""	""	"No canonical zero-degree function name matches this direct callee spelling."
"MVDM-FIRST-CANDIDATE-001983"	"FreeLibrary"	"remains-first-degree-external-interface"	""	""	"No canonical zero-degree function name matches this direct callee spelling."
"MVDM-FIRST-CANDIDATE-001984"	"GetStdHandle"	"remains-first-degree-external-interface"	""	""	"No canonical zero-degree function name matches this direct callee spelling."
"MVDM-FIRST-CANDIDATE-001985"	"SetEvent"	"remains-first-degree-external-interface"	""	""	"No canonical zero-degree function name matches this direct callee spelling."
"MVDM-FIRST-CANDIDATE-001986"	"SetEvent"	"remains-first-degree-external-interface"	""	""	"No canonical zero-degree function name matches this direct callee spelling."
"MVDM-FIRST-CANDIDATE-001987"	"ExitVDM"	"remains-first-degree-external-interface"	""	""	"No canonical zero-degree function name matches this direct callee spelling."
"MVDM-FIRST-CANDIDATE-001988"	"ExitVDM"	"remains-first-degree-external-interface"	""	""	"No canonical zero-degree function name matches this direct callee spelling."
"MVDM-FIRST-CANDIDATE-001989"	"ExitProcess"	"remains-first-degree-external-interface"	""	""	"No canonical zero-degree function name matches this direct callee spelling."
"MVDM-FIRST-CANDIDATE-001990"	"SetEvent"	"remains-first-degree-external-interface"	""	""	"No canonical zero-degree function name matches this direct callee spelling."
"MVDM-FIRST-CANDIDATE-001991"	"clearconsole"	"remains-first-degree-external-interface"	""	""	"No canonical zero-degree function name matches this direct callee spelling."
"MVDM-FIRST-CANDIDATE-001992"	"SetConsoleCursorPosition"	"remains-first-degree-external-interface"	""	""	"No canonical zero-degree function name matches this direct callee spelling."
"MVDM-FIRST-CANDIDATE-001993"	"SetConsoleCtrlHandler"	"remains-first-degree-external-interface"	""	""	"No canonical zero-degree function name matches this direct callee spelling."
"MVDM-FIRST-CANDIDATE-001994"	"SetLastConsoleEventActive"	"remains-first-degree-external-interface"	""	""	"No canonical zero-degree function name matches this direct callee spelling."
"MVDM-FIRST-CANDIDATE-001995"	"VDMOperationStarted"	"remains-first-degree-external-interface"	""	""	"No canonical zero-degree function name matches this direct callee spelling."
"MVDM-FIRST-CANDIDATE-001996"	"VDMConsoleOperation"	"remains-first-degree-external-interface"	""	""	"No canonical zero-degree function name matches this direct callee spelling."
"MVDM-FIRST-CANDIDATE-001997"	"GetNextVDMCommand"	"remains-first-degree-external-interface"	""	""	"No canonical zero-degree function name matches this direct callee spelling."
"MVDM-FIRST-CANDIDATE-001998"	"ExitVDM"	"remains-first-degree-external-interface"	""	""	"No canonical zero-degree function name matches this direct callee spelling."
"MVDM-FIRST-CANDIDATE-001999"	"ExitVDM"	"remains-first-degree-external-interface"	""	""	"No canonical zero-degree function name matches this direct callee spelling."
"MVDM-FIRST-CANDIDATE-002000"	"ExitProcess"	"remains-first-degree-external-interface"	""	""	"No canonical zero-degree function name matches this direct callee spelling."
"MVDM-FIRST-CANDIDATE-002001"	"SetEvent"	"remains-first-degree-external-interface"	""	""	"No canonical zero-degree function name matches this direct callee spelling."
"MVDM-FIRST-CANDIDATE-002002"	"GetStdHandle"	"remains-first-degree-external-interface"	""	""	"No canonical zero-degree function name matches this direct callee spelling."
"MVDM-FIRST-CANDIDATE-002003"	"GetStdHandle"	"remains-first-degree-external-interface"	""	""	"No canonical zero-degree function name matches this direct callee spelling."
"MVDM-FIRST-CANDIDATE-002004"	"CreateThread"	"remains-first-degree-external-interface"	""	""	"No canonical zero-degree function name matches this direct callee spelling."
"MVDM-FIRST-CANDIDATE-002005"	"wcscpy"	"remains-first-degree-external-interface"	""	""	"No canonical zero-degree function name matches this direct callee spelling."
"MVDM-FIRST-CANDIDATE-002006"	"wcscat"	"remains-first-degree-external-interface"	""	""	"No canonical zero-degree function name matches this direct callee spelling."
"MVDM-FIRST-CANDIDATE-002007"	"GetProcessHeap"	"remains-first-degree-external-interface"	""	""	"No canonical zero-degree function name matches this direct callee spelling."
"MVDM-FIRST-CANDIDATE-002008"	"DisableThreadLibraryCalls"	"remains-first-degree-external-interface"	""	""	"No canonical zero-degree function name matches this direct callee spelling."
"MVDM-FIRST-CANDIDATE-002009"	"DeviceIoControl"	"remains-first-degree-external-interface"	""	""	"No canonical zero-degree function name matches this direct callee spelling."
"MVDM-FIRST-CANDIDATE-002010"	"DeviceIoControl"	"remains-first-degree-external-interface"	""	""	"No canonical zero-degree function name matches this direct callee spelling."
"MVDM-FIRST-CANDIDATE-002011"	"DeviceIoControl"	"remains-first-degree-external-interface"	""	""	"No canonical zero-degree function name matches this direct callee spelling."
"MVDM-FIRST-CANDIDATE-002012"	"DeviceIoControl"	"remains-first-degree-external-interface"	""	""	"No canonical zero-degree function name matches this direct callee spelling."
"MVDM-FIRST-CANDIDATE-002013"	"DeviceIoControl"	"remains-first-degree-external-interface"	""	""	"No canonical zero-degree function name matches this direct callee spelling."
"MVDM-FIRST-CANDIDATE-002014"	"DeviceIoControl"	"remains-first-degree-external-interface"	""	""	"No canonical zero-degree function name matches this direct callee spelling."
"MVDM-FIRST-CANDIDATE-002015"	"DeviceIoControl"	"remains-first-degree-external-interface"	""	""	"No canonical zero-degree function name matches this direct callee spelling."
"MVDM-FIRST-CANDIDATE-002016"	"DeviceIoControl"	"remains-first-degree-external-interface"	""	""	"No canonical zero-degree function name matches this direct callee spelling."
"MVDM-FIRST-CANDIDATE-002017"	"DeviceIoControl"	"remains-first-degree-external-interface"	""	""	"No canonical zero-degree function name matches this direct callee spelling."
"MVDM-FIRST-CANDIDATE-002018"	"DeviceIoControl"	"remains-first-degree-external-interface"	""	""	"No canonical zero-degree function name matches this direct callee spelling."
"MVDM-FIRST-CANDIDATE-002019"	"DeviceIoControl"	"remains-first-degree-external-interface"	""	""	"No canonical zero-degree function name matches this direct callee spelling."
"MVDM-FIRST-CANDIDATE-002020"	"DeviceIoControl"	"remains-first-degree-external-interface"	""	""	"No canonical zero-degree function name matches this direct callee spelling."
"MVDM-FIRST-CANDIDATE-002021"	"HeapCreate"	"remains-first-degree-external-interface"	""	""	"No canonical zero-degree function name matches this direct callee spelling."
"MVDM-FIRST-CANDIDATE-002022"	"HeapDestroy"	"remains-first-degree-external-interface"	""	""	"No canonical zero-degree function name matches this direct callee spelling."
"MVDM-FIRST-CANDIDATE-002023"	"HeapDestroy"	"remains-first-degree-external-interface"	""	""	"No canonical zero-degree function name matches this direct callee spelling."
"MVDM-FIRST-CANDIDATE-002024"	"GetCurrentThreadId"	"remains-first-degree-external-interface"	""	""	"No canonical zero-degree function name matches this direct callee spelling."
"MVDM-FIRST-CANDIDATE-002025"	"GetCurrentThreadId"	"remains-first-degree-external-interface"	""	""	"No canonical zero-degree function name matches this direct callee spelling."
"MVDM-FIRST-CANDIDATE-002026"	"waveInGetNumDevs"	"remains-first-degree-external-interface"	""	""	"No canonical zero-degree function name matches this direct callee spelling."
"MVDM-FIRST-CANDIDATE-002027"	"waveOutGetNumDevs"	"remains-first-degree-external-interface"	""	""	"No canonical zero-degree function name matches this direct callee spelling."
"MVDM-FIRST-CANDIDATE-002028"	"SetEvent"	"remains-first-degree-external-interface"	""	""	"No canonical zero-degree function name matches this direct callee spelling."
"MVDM-FIRST-CANDIDATE-002029"	"CreateThread"	"remains-first-degree-external-interface"	""	""	"No canonical zero-degree function name matches this direct callee spelling."
"MVDM-FIRST-CANDIDATE-002030"	"waveInStart"	"remains-first-degree-external-interface"	""	""	"No canonical zero-degree function name matches this direct callee spelling."
"MVDM-FIRST-CANDIDATE-002031"	"GetThreadSelectorEntry"	"remains-first-degree-external-interface"	""	""	"No canonical zero-degree function name matches this direct callee spelling."
"MVDM-FIRST-CANDIDATE-002032"	"OpenProcess"	"remains-first-degree-external-interface"	""	""	"No canonical zero-degree function name matches this direct callee spelling."
"MVDM-FIRST-CANDIDATE-002033"	"ReadProcessMemory"	"remains-first-degree-external-interface"	""	""	"No canonical zero-degree function name matches this direct callee spelling."
"MVDM-FIRST-CANDIDATE-002034"	"ReadProcessMemory"	"remains-first-degree-external-interface"	""	""	"No canonical zero-degree function name matches this direct callee spelling."
"MVDM-FIRST-CANDIDATE-002035"	"OpenProcess"	"remains-first-degree-external-interface"	""	""	"No canonical zero-degree function name matches this direct callee spelling."
"MVDM-FIRST-CANDIDATE-002036"	"ReadProcessMemory"	"remains-first-degree-external-interface"	""	""	"No canonical zero-degree function name matches this direct callee spelling."
"MVDM-FIRST-CANDIDATE-002037"	"ReadProcessMemory"	"remains-first-degree-external-interface"	""	""	"No canonical zero-degree function name matches this direct callee spelling."
"MVDM-FIRST-CANDIDATE-002038"	"WriteProcessMemory"	"remains-first-degree-external-interface"	""	""	"No canonical zero-degree function name matches this direct callee spelling."
"MVDM-FIRST-CANDIDATE-002039"	"OpenProcess"	"remains-first-degree-external-interface"	""	""	"No canonical zero-degree function name matches this direct callee spelling."
"MVDM-FIRST-CANDIDATE-002040"	"ReadProcessMemory"	"remains-first-degree-external-interface"	""	""	"No canonical zero-degree function name matches this direct callee spelling."
"MVDM-FIRST-CANDIDATE-002041"	"ReadProcessMemory"	"remains-first-degree-external-interface"	""	""	"No canonical zero-degree function name matches this direct callee spelling."
"MVDM-FIRST-CANDIDATE-002042"	"WriteProcessMemory"	"remains-first-degree-external-interface"	""	""	"No canonical zero-degree function name matches this direct callee spelling."
"MVDM-FIRST-CANDIDATE-002043"	"ReadProcessMemory"	"remains-first-degree-external-interface"	""	""	"No canonical zero-degree function name matches this direct callee spelling."
"MVDM-FIRST-CANDIDATE-002044"	"ReadProcessMemory"	"remains-first-degree-external-interface"	""	""	"No canonical zero-degree function name matches this direct callee spelling."
"MVDM-FIRST-CANDIDATE-002045"	"ReadProcessMemory"	"remains-first-degree-external-interface"	""	""	"No canonical zero-degree function name matches this direct callee spelling."
"MVDM-FIRST-CANDIDATE-002046"	"ReadProcessMemory"	"remains-first-degree-external-interface"	""	""	"No canonical zero-degree function name matches this direct callee spelling."
"MVDM-FIRST-CANDIDATE-002047"	"ReadProcessMemory"	"remains-first-degree-external-interface"	""	""	"No canonical zero-degree function name matches this direct callee spelling."
"MVDM-FIRST-CANDIDATE-002048"	"ReadProcessMemory"	"remains-first-degree-external-interface"	""	""	"No canonical zero-degree function name matches this direct callee spelling."
"MVDM-FIRST-CANDIDATE-002049"	"ReadProcessMemory"	"remains-first-degree-external-interface"	""	""	"No canonical zero-degree function name matches this direct callee spelling."
"MVDM-FIRST-CANDIDATE-002050"	"ReadProcessMemory"	"remains-first-degree-external-interface"	""	""	"No canonical zero-degree function name matches this direct callee spelling."
"MVDM-FIRST-CANDIDATE-002051"	"ReadProcessMemory"	"remains-first-degree-external-interface"	""	""	"No canonical zero-degree function name matches this direct callee spelling."
"MVDM-FIRST-CANDIDATE-002052"	"ReadProcessMemory"	"remains-first-degree-external-interface"	""	""	"No canonical zero-degree function name matches this direct callee spelling."
"MVDM-FIRST-CANDIDATE-002053"	"ReadProcessMemory"	"remains-first-degree-external-interface"	""	""	"No canonical zero-degree function name matches this direct callee spelling."
"MVDM-FIRST-CANDIDATE-002054"	"ReadProcessMemory"	"remains-first-degree-external-interface"	""	""	"No canonical zero-degree function name matches this direct callee spelling."
"MVDM-FIRST-CANDIDATE-002055"	"ReadProcessMemory"	"remains-first-degree-external-interface"	""	""	"No canonical zero-degree function name matches this direct callee spelling."
"MVDM-FIRST-CANDIDATE-002056"	"ReadProcessMemory"	"remains-first-degree-external-interface"	""	""	"No canonical zero-degree function name matches this direct callee spelling."
"MVDM-FIRST-CANDIDATE-002057"	"ReadProcessMemory"	"remains-first-degree-external-interface"	""	""	"No canonical zero-degree function name matches this direct callee spelling."
"MVDM-FIRST-CANDIDATE-002058"	"ReadProcessMemory"	"remains-first-degree-external-interface"	""	""	"No canonical zero-degree function name matches this direct callee spelling."
"MVDM-FIRST-CANDIDATE-002059"	"ReadProcessMemory"	"remains-first-degree-external-interface"	""	""	"No canonical zero-degree function name matches this direct callee spelling."
"MVDM-FIRST-CANDIDATE-002060"	"ReadProcessMemory"	"remains-first-degree-external-interface"	""	""	"No canonical zero-degree function name matches this direct callee spelling."
"MVDM-FIRST-CANDIDATE-002061"	"ReadProcessMemory"	"remains-first-degree-external-interface"	""	""	"No canonical zero-degree function name matches this direct callee spelling."
"MVDM-FIRST-CANDIDATE-002062"	"ReadProcessMemory"	"remains-first-degree-external-interface"	""	""	"No canonical zero-degree function name matches this direct callee spelling."
"MVDM-FIRST-CANDIDATE-002063"	"ReadProcessMemory"	"remains-first-degree-external-interface"	""	""	"No canonical zero-degree function name matches this direct callee spelling."
"MVDM-FIRST-CANDIDATE-002064"	"ReadProcessMemory"	"remains-first-degree-external-interface"	""	""	"No canonical zero-degree function name matches this direct callee spelling."
"MVDM-FIRST-CANDIDATE-002065"	"CreateRemoteThread"	"remains-first-degree-external-interface"	""	""	"No canonical zero-degree function name matches this direct callee spelling."
"MVDM-FIRST-CANDIDATE-002066"	"WaitForDebugEvent"	"remains-first-degree-external-interface"	""	""	"No canonical zero-degree function name matches this direct callee spelling."
"MVDM-FIRST-CANDIDATE-002067"	"ContinueDebugEvent"	"remains-first-degree-external-interface"	""	""	"No canonical zero-degree function name matches this direct callee spelling."
"MVDM-FIRST-CANDIDATE-002068"	"OpenProcess"	"remains-first-degree-external-interface"	""	""	"No canonical zero-degree function name matches this direct callee spelling."
"MVDM-FIRST-CANDIDATE-002069"	"OpenProcess"	"remains-first-degree-external-interface"	""	""	"No canonical zero-degree function name matches this direct callee spelling."
"MVDM-FIRST-CANDIDATE-002070"	"CreateRemoteThread"	"remains-first-degree-external-interface"	""	""	"No canonical zero-degree function name matches this direct callee spelling."
"MVDM-FIRST-CANDIDATE-002071"	"GetWindowThreadProcessId"	"remains-first-degree-external-interface"	""	""	"No canonical zero-degree function name matches this direct callee spelling."
"MVDM-FIRST-CANDIDATE-002072"	"GetThreadContext"	"remains-first-degree-external-interface"	""	""	"No canonical zero-degree function name matches this direct callee spelling."
"MVDM-FIRST-CANDIDATE-002073"	"NtQueryInformationThread"	"remains-first-degree-external-interface"	""	""	"No canonical zero-degree function name matches this direct callee spelling."
"MVDM-FIRST-CANDIDATE-002074"	"NtQueryInformationThread"	"remains-first-degree-external-interface"	""	""	"No canonical zero-degree function name matches this direct callee spelling."
"MVDM-FIRST-CANDIDATE-002075"	"ReadProcessMemory"	"remains-first-degree-external-interface"	""	""	"No canonical zero-degree function name matches this direct callee spelling."
"MVDM-FIRST-CANDIDATE-002076"	"WriteProcessMemory"	"remains-first-degree-external-interface"	""	""	"No canonical zero-degree function name matches this direct callee spelling."
"MVDM-FIRST-CANDIDATE-002077"	"NtGetContextThread"	"remains-first-degree-external-interface"	""	""	"No canonical zero-degree function name matches this direct callee spelling."
"MVDM-FIRST-CANDIDATE-002078"	"GetThreadSelectorEntry"	"remains-first-degree-external-interface"	""	""	"No canonical zero-degree function name matches this direct callee spelling."
"MVDM-FIRST-CANDIDATE-002079"	"lpDlcCallDriver"	"remains-first-degree-external-interface"	""	""	"No canonical zero-degree function name matches this direct callee spelling."
"MVDM-FIRST-CANDIDATE-002080"	"lpAcsLan"	"remains-first-degree-external-interface"	""	""	"No canonical zero-degree function name matches this direct callee spelling."
"MVDM-FIRST-CANDIDATE-002081"	"lpAcsLan"	"remains-first-degree-external-interface"	""	""	"No canonical zero-degree function name matches this direct callee spelling."
"MVDM-FIRST-CANDIDATE-002082"	"lpAcsLan"	"remains-first-degree-external-interface"	""	""	"No canonical zero-degree function name matches this direct callee spelling."
"MVDM-FIRST-CANDIDATE-002083"	"lpAcsLan"	"remains-first-degree-external-interface"	""	""	"No canonical zero-degree function name matches this direct callee spelling."
"MVDM-FIRST-CANDIDATE-002084"	"lpAcsLan"	"remains-first-degree-external-interface"	""	""	"No canonical zero-degree function name matches this direct callee spelling."
"MVDM-FIRST-CANDIDATE-002085"	"lpAcsLan"	"remains-first-degree-external-interface"	""	""	"No canonical zero-degree function name matches this direct callee spelling."
"MVDM-FIRST-CANDIDATE-002086"	"lpAcsLan"	"remains-first-degree-external-interface"	""	""	"No canonical zero-degree function name matches this direct callee spelling."
"MVDM-FIRST-CANDIDATE-002087"	"lpAcsLan"	"remains-first-degree-external-interface"	""	""	"No canonical zero-degree function name matches this direct callee spelling."
"MVDM-FIRST-CANDIDATE-002088"	"lpAcsLan"	"remains-first-degree-external-interface"	""	""	"No canonical zero-degree function name matches this direct callee spelling."
"MVDM-FIRST-CANDIDATE-002089"	"lpAcsLan"	"remains-first-degree-external-interface"	""	""	"No canonical zero-degree function name matches this direct callee spelling."
"MVDM-FIRST-CANDIDATE-002090"	"lpAcsLan"	"remains-first-degree-external-interface"	""	""	"No canonical zero-degree function name matches this direct callee spelling."
"MVDM-FIRST-CANDIDATE-002091"	"CreateThread"	"remains-first-degree-external-interface"	""	""	"No canonical zero-degree function name matches this direct callee spelling."
"MVDM-FIRST-CANDIDATE-002092"	"lpNtAcsLan"	"remains-first-degree-external-interface"	""	""	"No canonical zero-degree function name matches this direct callee spelling."
"MVDM-FIRST-CANDIDATE-002093"	"SetEvent"	"remains-first-degree-external-interface"	""	""	"No canonical zero-degree function name matches this direct callee spelling."
"MVDM-FIRST-CANDIDATE-002094"	"SetEvent"	"remains-first-degree-external-interface"	""	""	"No canonical zero-degree function name matches this direct callee spelling."
"MVDM-FIRST-CANDIDATE-002095"	"GetLocalTime"	"remains-first-degree-external-interface"	""	""	"No canonical zero-degree function name matches this direct callee spelling."
"MVDM-FIRST-CANDIDATE-002096"	"GetLocalTime"	"remains-first-degree-external-interface"	""	""	"No canonical zero-degree function name matches this direct callee spelling."
"MVDM-FIRST-CANDIDATE-002097"	"DumpParms"	"remains-first-degree-external-interface"	""	""	"No canonical zero-degree function name matches this direct callee spelling."
"MVDM-FIRST-CANDIDATE-002098"	"SetThreadPriority"	"remains-first-degree-external-interface"	""	""	"No canonical zero-degree function name matches this direct callee spelling."
"MVDM-FIRST-CANDIDATE-002099"	"SetThreadPriority"	"remains-first-degree-external-interface"	""	""	"No canonical zero-degree function name matches this direct callee spelling."
"MVDM-FIRST-CANDIDATE-002100"	"GetCurrentThreadId"	"remains-first-degree-external-interface"	""	""	"No canonical zero-degree function name matches this direct callee spelling."
"MVDM-FIRST-CANDIDATE-002101"	"WaitForMultipleObjects"	"remains-first-degree-external-interface"	""	""	"No canonical zero-degree function name matches this direct callee spelling."
"MVDM-FIRST-CANDIDATE-002102"	"lpAcsLan"	"remains-first-degree-external-interface"	""	""	"No canonical zero-degree function name matches this direct callee spelling."
"MVDM-FIRST-CANDIDATE-002103"	"CreateThread"	"remains-first-degree-external-interface"	""	""	"No canonical zero-degree function name matches this direct callee spelling."
"MVDM-FIRST-CANDIDATE-002104"	"SetThreadPriority"	"remains-first-degree-external-interface"	""	""	"No canonical zero-degree function name matches this direct callee spelling."
"MVDM-FIRST-CANDIDATE-002105"	"lpAcsLan"	"remains-first-degree-external-interface"	""	""	"No canonical zero-degree function name matches this direct callee spelling."
"MVDM-FIRST-CANDIDATE-002106"	"GetCurrentThreadId"	"remains-first-degree-external-interface"	""	""	"No canonical zero-degree function name matches this direct callee spelling."
"MVDM-FIRST-CANDIDATE-002107"	"GetTickCount"	"remains-first-degree-external-interface"	""	""	"No canonical zero-degree function name matches this direct callee spelling."
"MVDM-FIRST-CANDIDATE-002108"	"call_ica_hw_interrupt"	"remains-first-degree-external-interface"	""	""	"No canonical zero-degree function name matches this direct callee spelling."
"MVDM-FIRST-CANDIDATE-002109"	"call_ica_hw_interrupt"	"remains-first-degree-external-interface"	""	""	"No canonical zero-degree function name matches this direct callee spelling."
"MVDM-FIRST-CANDIDATE-002110"	"AsyncDispositionRoutine"	"remains-first-degree-external-interface"	""	""	"No canonical zero-degree function name matches this direct callee spelling."
"MVDM-FIRST-CANDIDATE-002111"	"call_ica_hw_interrupt"	"remains-first-degree-external-interface"	""	""	"No canonical zero-degree function name matches this direct callee spelling."
"MVDM-FIRST-CANDIDATE-002112"	"GetMailslotInfo"	"remains-first-degree-external-interface"	""	""	"No canonical zero-degree function name matches this direct callee spelling."
"MVDM-FIRST-CANDIDATE-002113"	"GetMailslotInfo"	"remains-first-degree-external-interface"	""	""	"No canonical zero-degree function name matches this direct callee spelling."
"MVDM-FIRST-CANDIDATE-002114"	"SetMailslotInfo"	"remains-first-degree-external-interface"	""	""	"No canonical zero-degree function name matches this direct callee spelling."
"MVDM-FIRST-CANDIDATE-002115"	"GetMailslotInfo"	"remains-first-degree-external-interface"	""	""	"No canonical zero-degree function name matches this direct callee spelling."
"MVDM-FIRST-CANDIDATE-002116"	"SetMailslotInfo"	"remains-first-degree-external-interface"	""	""	"No canonical zero-degree function name matches this direct callee spelling."
"MVDM-FIRST-CANDIDATE-002117"	"NetWkstaGetInfo"	"remains-first-degree-external-interface"	""	""	"No canonical zero-degree function name matches this direct callee spelling."
"MVDM-FIRST-CANDIDATE-002118"	"NetWkstaUserGetInfo"	"remains-first-degree-external-interface"	""	""	"No canonical zero-degree function name matches this direct callee spelling."
"MVDM-FIRST-CANDIDATE-002119"	"RtlUnicodeStringToAnsiString"	"remains-first-degree-external-interface"	""	""	"No canonical zero-degree function name matches this direct callee spelling."
"MVDM-FIRST-CANDIDATE-002120"	"RtlUnicodeStringToAnsiString"	"remains-first-degree-external-interface"	""	""	"No canonical zero-degree function name matches this direct callee spelling."
"MVDM-FIRST-CANDIDATE-002121"	"RtlUnicodeStringToAnsiString"	"remains-first-degree-external-interface"	""	""	"No canonical zero-degree function name matches this direct callee spelling."
"MVDM-FIRST-CANDIDATE-002122"	"NetApiBufferFree"	"remains-first-degree-external-interface"	""	""	"No canonical zero-degree function name matches this direct callee spelling."
"MVDM-FIRST-CANDIDATE-002123"	"NetApiBufferFree"	"remains-first-degree-external-interface"	""	""	"No canonical zero-degree function name matches this direct callee spelling."
"MVDM-FIRST-CANDIDATE-002124"	"NetWkstaUserGetInfo"	"remains-first-degree-external-interface"	""	""	"No canonical zero-degree function name matches this direct callee spelling."
"MVDM-FIRST-CANDIDATE-002125"	"NetApiBufferFree"	"remains-first-degree-external-interface"	""	""	"No canonical zero-degree function name matches this direct callee spelling."
"MVDM-FIRST-CANDIDATE-002126"	"XsNetMessageBufferSend"	"remains-first-degree-external-interface"	""	""	"No canonical zero-degree function name matches this direct callee spelling."
"MVDM-FIRST-CANDIDATE-002127"	"NetpNtStatusToApiStatus"	"remains-first-degree-external-interface"	""	""	"No canonical zero-degree function name matches this direct callee spelling."
"MVDM-FIRST-CANDIDATE-002128"	"RtlOemToUnicodeN"	"remains-first-degree-external-interface"	""	""	"No canonical zero-degree function name matches this direct callee spelling."
"MVDM-FIRST-CANDIDATE-002129"	"RxNetUserPasswordSet"	"remains-first-degree-external-interface"	""	""	"No canonical zero-degree function name matches this direct callee spelling."
"MVDM-FIRST-CANDIDATE-002130"	"RtlOemToUnicodeN"	"remains-first-degree-external-interface"	""	""	"No canonical zero-degree function name matches this direct callee spelling."
"MVDM-FIRST-CANDIDATE-002131"	"GetLanmanSessionKey"	"remains-first-degree-external-interface"	""	""	"No canonical zero-degree function name matches this direct callee spelling."
"MVDM-FIRST-CANDIDATE-002132"	"RtlNtStatusToDosError"	"remains-first-degree-external-interface"	""	""	"No canonical zero-degree function name matches this direct callee spelling."
"MVDM-FIRST-CANDIDATE-002133"	"RtlOemToUnicodeN"	"remains-first-degree-external-interface"	""	""	"No canonical zero-degree function name matches this direct callee spelling."
"MVDM-FIRST-CANDIDATE-002134"	"XsNetServerEnum2"	"remains-first-degree-external-interface"	""	""	"No canonical zero-degree function name matches this direct callee spelling."
"MVDM-FIRST-CANDIDATE-002135"	"NetpNtStatusToApiStatus"	"remains-first-degree-external-interface"	""	""	"No canonical zero-degree function name matches this direct callee spelling."
"MVDM-FIRST-CANDIDATE-002136"	"XsNetServiceControl"	"remains-first-degree-external-interface"	""	""	"No canonical zero-degree function name matches this direct callee spelling."
"MVDM-FIRST-CANDIDATE-002137"	"NetpNtStatusToApiStatus"	"remains-first-degree-external-interface"	""	""	"No canonical zero-degree function name matches this direct callee spelling."
"MVDM-FIRST-CANDIDATE-002138"	"XsNetUseAdd"	"remains-first-degree-external-interface"	""	""	"No canonical zero-degree function name matches this direct callee spelling."
"MVDM-FIRST-CANDIDATE-002139"	"NetpNtStatusToApiStatus"	"remains-first-degree-external-interface"	""	""	"No canonical zero-degree function name matches this direct callee spelling."
"MVDM-FIRST-CANDIDATE-002140"	"XsNetUseDel"	"remains-first-degree-external-interface"	""	""	"No canonical zero-degree function name matches this direct callee spelling."
"MVDM-FIRST-CANDIDATE-002141"	"NetpNtStatusToApiStatus"	"remains-first-degree-external-interface"	""	""	"No canonical zero-degree function name matches this direct callee spelling."
"MVDM-FIRST-CANDIDATE-002142"	"XsNetUseEnum"	"remains-first-degree-external-interface"	""	""	"No canonical zero-degree function name matches this direct callee spelling."
"MVDM-FIRST-CANDIDATE-002143"	"NetpNtStatusToApiStatus"	"remains-first-degree-external-interface"	""	""	"No canonical zero-degree function name matches this direct callee spelling."
"MVDM-FIRST-CANDIDATE-002144"	"XsNetUseGetInfo"	"remains-first-degree-external-interface"	""	""	"No canonical zero-degree function name matches this direct callee spelling."
"MVDM-FIRST-CANDIDATE-002145"	"NetpNtStatusToApiStatus"	"remains-first-degree-external-interface"	""	""	"No canonical zero-degree function name matches this direct callee spelling."
"MVDM-FIRST-CANDIDATE-002146"	"XsNetWkstaGetInfo"	"remains-first-degree-external-interface"	""	""	"No canonical zero-degree function name matches this direct callee spelling."
"MVDM-FIRST-CANDIDATE-002147"	"NetpNtStatusToApiStatus"	"remains-first-degree-external-interface"	""	""	"No canonical zero-degree function name matches this direct callee spelling."
"MVDM-FIRST-CANDIDATE-002148"	"NetWkstaUserGetInfo"	"remains-first-degree-external-interface"	""	""	"No canonical zero-degree function name matches this direct callee spelling."
"MVDM-FIRST-CANDIDATE-002149"	"NetpCopyWStrToStr"	"remains-first-degree-external-interface"	""	""	"No canonical zero-degree function name matches this direct callee spelling."
"MVDM-FIRST-CANDIDATE-002150"	"NetpCopyWStrToStr"	"remains-first-degree-external-interface"	""	""	"No canonical zero-degree function name matches this direct callee spelling."
"MVDM-FIRST-CANDIDATE-002151"	"NetpCopyWStrToStr"	"remains-first-degree-external-interface"	""	""	"No canonical zero-degree function name matches this direct callee spelling."
"MVDM-FIRST-CANDIDATE-002152"	"NetpCopyWStrToStr"	"remains-first-degree-external-interface"	""	""	"No canonical zero-degree function name matches this direct callee spelling."
"MVDM-FIRST-CANDIDATE-002153"	"NetApiBufferFree"	"remains-first-degree-external-interface"	""	""	"No canonical zero-degree function name matches this direct callee spelling."
"MVDM-FIRST-CANDIDATE-002154"	"XsNetUseEnum"	"remains-first-degree-external-interface"	""	""	"No canonical zero-degree function name matches this direct callee spelling."
"MVDM-FIRST-CANDIDATE-002155"	"NetpNtStatusToApiStatus"	"remains-first-degree-external-interface"	""	""	"No canonical zero-degree function name matches this direct callee spelling."
"MVDM-FIRST-CANDIDATE-002156"	"XsNetUseAdd"	"remains-first-degree-external-interface"	""	""	"No canonical zero-degree function name matches this direct callee spelling."
"MVDM-FIRST-CANDIDATE-002157"	"NetpNtStatusToApiStatus"	"remains-first-degree-external-interface"	""	""	"No canonical zero-degree function name matches this direct callee spelling."
"MVDM-FIRST-CANDIDATE-002158"	"XsNetUseDel"	"remains-first-degree-external-interface"	""	""	"No canonical zero-degree function name matches this direct callee spelling."
"MVDM-FIRST-CANDIDATE-002159"	"NetpNtStatusToApiStatus"	"remains-first-degree-external-interface"	""	""	"No canonical zero-degree function name matches this direct callee spelling."
"MVDM-FIRST-CANDIDATE-002160"	"RtlInitAnsiString"	"remains-first-degree-external-interface"	""	""	"No canonical zero-degree function name matches this direct callee spelling."
"MVDM-FIRST-CANDIDATE-002161"	"RtlAnsiStringToUnicodeString"	"remains-first-degree-external-interface"	""	""	"No canonical zero-degree function name matches this direct callee spelling."
"MVDM-FIRST-CANDIDATE-002162"	"RxpTransactSmb"	"remains-first-degree-external-interface"	""	""	"No canonical zero-degree function name matches this direct callee spelling."
"MVDM-FIRST-CANDIDATE-002163"	"RtlFreeUnicodeString"	"remains-first-degree-external-interface"	""	""	"No canonical zero-degree function name matches this direct callee spelling."
"MVDM-FIRST-CANDIDATE-002164"	"GetLanmanSessionKey"	"remains-first-degree-external-interface"	""	""	"No canonical zero-degree function name matches this direct callee spelling."
"MVDM-FIRST-CANDIDATE-002165"	"Netbios"	"remains-first-degree-external-interface"	""	""	"No canonical zero-degree function name matches this direct callee spelling."
"MVDM-FIRST-CANDIDATE-002166"	"Netbios"	"remains-first-degree-external-interface"	""	""	"No canonical zero-degree function name matches this direct callee spelling."
"MVDM-FIRST-CANDIDATE-002167"	"Netbios"	"remains-first-degree-external-interface"	""	""	"No canonical zero-degree function name matches this direct callee spelling."
"MVDM-FIRST-CANDIDATE-002168"	"GetNamedPipeInfo"	"remains-first-degree-external-interface"	""	""	"No canonical zero-degree function name matches this direct callee spelling."
"MVDM-FIRST-CANDIDATE-002169"	"GetNamedPipeInfo"	"remains-first-degree-external-interface"	""	""	"No canonical zero-degree function name matches this direct callee spelling."
"MVDM-FIRST-CANDIDATE-002170"	"SetNamedPipeHandleState"	"remains-first-degree-external-interface"	""	""	"No canonical zero-degree function name matches this direct callee spelling."
"MVDM-FIRST-CANDIDATE-002171"	"PeekNamedPipe"	"remains-first-degree-external-interface"	""	""	"No canonical zero-degree function name matches this direct callee spelling."
"MVDM-FIRST-CANDIDATE-002172"	"GetTickCount"	"remains-first-degree-external-interface"	""	""	"No canonical zero-degree function name matches this direct callee spelling."
"MVDM-FIRST-CANDIDATE-002173"	"GetTickCount"	"remains-first-degree-external-interface"	""	""	"No canonical zero-degree function name matches this direct callee spelling."
"MVDM-FIRST-CANDIDATE-002174"	"TransactNamedPipe"	"remains-first-degree-external-interface"	""	""	"No canonical zero-degree function name matches this direct callee spelling."
"MVDM-FIRST-CANDIDATE-002175"	"GetOverlappedResult"	"remains-first-degree-external-interface"	""	""	"No canonical zero-degree function name matches this direct callee spelling."
"MVDM-FIRST-CANDIDATE-002176"	"SetNamedPipeHandleState"	"remains-first-degree-external-interface"	""	""	"No canonical zero-degree function name matches this direct callee spelling."
"MVDM-FIRST-CANDIDATE-002177"	"CreateThread"	"remains-first-degree-external-interface"	""	""	"No canonical zero-degree function name matches this direct callee spelling."
"MVDM-FIRST-CANDIDATE-002178"	"SetEvent"	"remains-first-degree-external-interface"	""	""	"No canonical zero-degree function name matches this direct callee spelling."
"MVDM-FIRST-CANDIDATE-002179"	"WaitForMultipleObjects"	"remains-first-degree-external-interface"	""	""	"No canonical zero-degree function name matches this direct callee spelling."
"MVDM-FIRST-CANDIDATE-002180"	"GetOverlappedResult"	"remains-first-degree-external-interface"	""	""	"No canonical zero-degree function name matches this direct callee spelling."
"MVDM-FIRST-CANDIDATE-002181"	"SetEvent"	"remains-first-degree-external-interface"	""	""	"No canonical zero-degree function name matches this direct callee spelling."
"MVDM-FIRST-CANDIDATE-002182"	"GetOverlappedResult"	"remains-first-degree-external-interface"	""	""	"No canonical zero-degree function name matches this direct callee spelling."
"MVDM-FIRST-CANDIDATE-002183"	"GetOverlappedResult"	"remains-first-degree-external-interface"	""	""	"No canonical zero-degree function name matches this direct callee spelling."
"MVDM-FIRST-CANDIDATE-002184"	"GetCurrentThreadId"	"remains-first-degree-external-interface"	""	""	"No canonical zero-degree function name matches this direct callee spelling."
"MVDM-FIRST-CANDIDATE-002185"	"RxpTransactSmb"	"remains-first-degree-external-interface"	""	""	"No canonical zero-degree function name matches this direct callee spelling."
"MVDM-FIRST-CANDIDATE-002186"	"NetWkstaGetInfo"	"remains-first-degree-external-interface"	""	""	"No canonical zero-degree function name matches this direct callee spelling."
"MVDM-FIRST-CANDIDATE-002187"	"NetApiBufferFree"	"remains-first-degree-external-interface"	""	""	"No canonical zero-degree function name matches this direct callee spelling."
"MVDM-FIRST-CANDIDATE-002188"	"RtlInitAnsiString"	"remains-first-degree-external-interface"	""	""	"No canonical zero-degree function name matches this direct callee spelling."
"MVDM-FIRST-CANDIDATE-002189"	"RtlAnsiStringToUnicodeString"	"remains-first-degree-external-interface"	""	""	"No canonical zero-degree function name matches this direct callee spelling."
"MVDM-FIRST-CANDIDATE-002190"	"RxpTransactSmb"	"remains-first-degree-external-interface"	""	""	"No canonical zero-degree function name matches this direct callee spelling."
"MVDM-FIRST-CANDIDATE-002191"	"RtlFreeUnicodeString"	"remains-first-degree-external-interface"	""	""	"No canonical zero-degree function name matches this direct callee spelling."
"MVDM-FIRST-CANDIDATE-002192"	"GetTickCount"	"remains-first-degree-external-interface"	""	""	"No canonical zero-degree function name matches this direct callee spelling."
"MVDM-FIRST-CANDIDATE-002193"	"GetTickCount"	"remains-first-degree-external-interface"	""	""	"No canonical zero-degree function name matches this direct callee spelling."
"MVDM-FIRST-CANDIDATE-002194"	"DestroyAcceleratorTable"	"remains-first-degree-external-interface"	""	""	"No canonical zero-degree function name matches this direct callee spelling."
"MVDM-FIRST-CANDIDATE-002195"	"DestroyAcceleratorTable"	"remains-first-degree-external-interface"	""	""	"No canonical zero-degree function name matches this direct callee spelling."
"MVDM-FIRST-CANDIDATE-002196"	"GetWindowThreadProcessId"	"remains-first-degree-external-interface"	""	""	"No canonical zero-degree function name matches this direct callee spelling."
"MVDM-FIRST-CANDIDATE-002197"	"FastWOWCallbackCall"	"remains-first-degree-external-interface"	""	""	"No canonical zero-degree function name matches this direct callee spelling."
"MVDM-FIRST-CANDIDATE-002198"	"RtlImageNtHeader"	"remains-first-degree-external-interface"	""	""	"No canonical zero-degree function name matches this direct callee spelling."
"MVDM-FIRST-CANDIDATE-002199"	"SetCursorContents"	"remains-first-degree-external-interface"	""	""	"No canonical zero-degree function name matches this direct callee spelling."
"MVDM-FIRST-CANDIDATE-002200"	"GetIconInfo"	"remains-first-degree-external-interface"	""	""	"No canonical zero-degree function name matches this direct callee spelling."
"MVDM-FIRST-CANDIDATE-002201"	"GetBitmapBits"	"remains-first-degree-external-interface"	""	""	"No canonical zero-degree function name matches this direct callee spelling."
"MVDM-FIRST-CANDIDATE-002202"	"GetBitmapBits"	"remains-first-degree-external-interface"	""	""	"No canonical zero-degree function name matches this direct callee spelling."
"MVDM-FIRST-CANDIDATE-002203"	"GetBitmapBits"	"remains-first-degree-external-interface"	""	""	"No canonical zero-degree function name matches this direct callee spelling."
"MVDM-FIRST-CANDIDATE-002204"	"GetBitmapBits"	"remains-first-degree-external-interface"	""	""	"No canonical zero-degree function name matches this direct callee spelling."
"MVDM-FIRST-CANDIDATE-002205"	"DdeUninitialize"	"remains-first-degree-external-interface"	""	""	"No canonical zero-degree function name matches this direct callee spelling."
"MVDM-FIRST-CANDIDATE-002206"	"DdeConnectList"	"remains-first-degree-external-interface"	""	""	"No canonical zero-degree function name matches this direct callee spelling."
"MVDM-FIRST-CANDIDATE-002207"	"DdeQueryNextServer"	"remains-first-degree-external-interface"	""	""	"No canonical zero-degree function name matches this direct callee spelling."
"MVDM-FIRST-CANDIDATE-002208"	"DdeDisconnectList"	"remains-first-degree-external-interface"	""	""	"No canonical zero-degree function name matches this direct callee spelling."
"MVDM-FIRST-CANDIDATE-002209"	"DdeConnect"	"remains-first-degree-external-interface"	""	""	"No canonical zero-degree function name matches this direct callee spelling."
"MVDM-FIRST-CANDIDATE-002210"	"DdeDisconnect"	"remains-first-degree-external-interface"	""	""	"No canonical zero-degree function name matches this direct callee spelling."
"MVDM-FIRST-CANDIDATE-002211"	"DdeQueryConvInfo"	"remains-first-degree-external-interface"	""	""	"No canonical zero-degree function name matches this direct callee spelling."
"MVDM-FIRST-CANDIDATE-002212"	"DdeSetUserHandle"	"remains-first-degree-external-interface"	""	""	"No canonical zero-degree function name matches this direct callee spelling."
"MVDM-FIRST-CANDIDATE-002213"	"DdeClientTransaction"	"remains-first-degree-external-interface"	""	""	"No canonical zero-degree function name matches this direct callee spelling."
"MVDM-FIRST-CANDIDATE-002214"	"DdeAbandonTransaction"	"remains-first-degree-external-interface"	""	""	"No canonical zero-degree function name matches this direct callee spelling."
"MVDM-FIRST-CANDIDATE-002215"	"DdePostAdvise"	"remains-first-degree-external-interface"	""	""	"No canonical zero-degree function name matches this direct callee spelling."
"MVDM-FIRST-CANDIDATE-002216"	"DdeCreateDataHandle"	"remains-first-degree-external-interface"	""	""	"No canonical zero-degree function name matches this direct callee spelling."
"MVDM-FIRST-CANDIDATE-002217"	"DdeGetDataHandleFormat"	"remains-first-degree-external-interface"	""	""	"No canonical zero-degree function name matches this direct callee spelling."
"MVDM-FIRST-CANDIDATE-002218"	"DdeAddData"	"remains-first-degree-external-interface"	""	""	"No canonical zero-degree function name matches this direct callee spelling."
"MVDM-FIRST-CANDIDATE-002219"	"DdeGetDataHandleFormat"	"remains-first-degree-external-interface"	""	""	"No canonical zero-degree function name matches this direct callee spelling."
"MVDM-FIRST-CANDIDATE-002220"	"DdeGetData"	"remains-first-degree-external-interface"	""	""	"No canonical zero-degree function name matches this direct callee spelling."
"MVDM-FIRST-CANDIDATE-002221"	"DdeGetDataHandleFormat"	"remains-first-degree-external-interface"	""	""	"No canonical zero-degree function name matches this direct callee spelling."
"MVDM-FIRST-CANDIDATE-002222"	"DdeAccessData"	"remains-first-degree-external-interface"	""	""	"No canonical zero-degree function name matches this direct callee spelling."
"MVDM-FIRST-CANDIDATE-002223"	"FREEFRAMEPTR"	"remains-first-degree-external-interface"	""	""	"No canonical zero-degree function name matches this direct callee spelling."
"MVDM-FIRST-CANDIDATE-002224"	"DdeIsDataHandleInitialized"	"remains-first-degree-external-interface"	""	""	"No canonical zero-degree function name matches this direct callee spelling."
"MVDM-FIRST-CANDIDATE-002225"	"DdeGetDataHandleFormat"	"remains-first-degree-external-interface"	""	""	"No canonical zero-degree function name matches this direct callee spelling."
"MVDM-FIRST-CANDIDATE-002226"	"DdeIsDataHandleReadOnly"	"remains-first-degree-external-interface"	""	""	"No canonical zero-degree function name matches this direct callee spelling."
"MVDM-FIRST-CANDIDATE-002227"	"DdeAccessData"	"remains-first-degree-external-interface"	""	""	"No canonical zero-degree function name matches this direct callee spelling."
"MVDM-FIRST-CANDIDATE-002228"	"DdeUnaccessData"	"remains-first-degree-external-interface"	""	""	"No canonical zero-degree function name matches this direct callee spelling."
"MVDM-FIRST-CANDIDATE-002229"	"DdeFreeDataHandle"	"remains-first-degree-external-interface"	""	""	"No canonical zero-degree function name matches this direct callee spelling."
"MVDM-FIRST-CANDIDATE-002230"	"DdeGetLastError"	"remains-first-degree-external-interface"	""	""	"No canonical zero-degree function name matches this direct callee spelling."
"MVDM-FIRST-CANDIDATE-002231"	"DdeFreeStringHandle"	"remains-first-degree-external-interface"	""	""	"No canonical zero-degree function name matches this direct callee spelling."
"MVDM-FIRST-CANDIDATE-002232"	"DdeKeepStringHandle"	"remains-first-degree-external-interface"	""	""	"No canonical zero-degree function name matches this direct callee spelling."
"MVDM-FIRST-CANDIDATE-002233"	"DdeEnableCallback"	"remains-first-degree-external-interface"	""	""	"No canonical zero-degree function name matches this direct callee spelling."
"MVDM-FIRST-CANDIDATE-002234"	"DdeNameService"	"remains-first-degree-external-interface"	""	""	"No canonical zero-degree function name matches this direct callee spelling."
"MVDM-FIRST-CANDIDATE-002235"	"DdeCmpStringHandles"	"remains-first-degree-external-interface"	""	""	"No canonical zero-degree function name matches this direct callee spelling."
"MVDM-FIRST-CANDIDATE-002236"	"DdeReconnect"	"remains-first-degree-external-interface"	""	""	"No canonical zero-degree function name matches this direct callee spelling."
"MVDM-FIRST-CANDIDATE-002237"	"DdeGetCallbackInstance"	"remains-first-degree-external-interface"	""	""	"No canonical zero-degree function name matches this direct callee spelling."
"MVDM-FIRST-CANDIDATE-002238"	"ConvertDIB32"	"remains-first-degree-external-interface"	""	""	"No canonical zero-degree function name matches this direct callee spelling."
"MVDM-FIRST-CANDIDATE-002239"	"ConvertMetaFile32"	"remains-first-degree-external-interface"	""	""	"No canonical zero-degree function name matches this direct callee spelling."
"MVDM-FIRST-CANDIDATE-002240"	"ConvertDIB16"	"remains-first-degree-external-interface"	""	""	"No canonical zero-degree function name matches this direct callee spelling."
"MVDM-FIRST-CANDIDATE-002241"	"ConvertMetaFile16"	"remains-first-degree-external-interface"	""	""	"No canonical zero-degree function name matches this direct callee spelling."
"MVDM-FIRST-CANDIDATE-002242"	"SetEndOfFile"	"remains-first-degree-external-interface"	""	""	"No canonical zero-degree function name matches this direct callee spelling."
"MVDM-FIRST-CANDIDATE-002243"	"CreateDIBSection"	"remains-first-degree-external-interface"	""	""	"No canonical zero-degree function name matches this direct callee spelling."
"MVDM-FIRST-CANDIDATE-002244"	"SelectObject"	"remains-first-degree-external-interface"	""	""	"No canonical zero-degree function name matches this direct callee spelling."
"MVDM-FIRST-CANDIDATE-002245"	"GdiSetBatchLimit"	"remains-first-degree-external-interface"	""	""	"No canonical zero-degree function name matches this direct callee spelling."
"MVDM-FIRST-CANDIDATE-002246"	"CreateDIBSection"	"remains-first-degree-external-interface"	""	""	"No canonical zero-degree function name matches this direct callee spelling."
"MVDM-FIRST-CANDIDATE-002247"	"GdiSetBatchLimit"	"remains-first-degree-external-interface"	""	""	"No canonical zero-degree function name matches this direct callee spelling."
"MVDM-FIRST-CANDIDATE-002248"	"GetDIBColorTable"	"remains-first-degree-external-interface"	""	""	"No canonical zero-degree function name matches this direct callee spelling."
"MVDM-FIRST-CANDIDATE-002249"	"SetDIBColorTable"	"remains-first-degree-external-interface"	""	""	"No canonical zero-degree function name matches this direct callee spelling."
"MVDM-FIRST-CANDIDATE-002250"	"GetEnvironmentVariableOem"	"remains-first-degree-external-interface"	""	""	"No canonical zero-degree function name matches this direct callee spelling."
"MVDM-FIRST-CANDIDATE-002251"	"SetEnvironmentVariableOem"	"remains-first-degree-external-interface"	""	""	"No canonical zero-degree function name matches this direct callee spelling."
"MVDM-FIRST-CANDIDATE-002252"	"SetCurrentDirectoryOem"	"remains-first-degree-external-interface"	""	""	"No canonical zero-degree function name matches this direct callee spelling."
"MVDM-FIRST-CANDIDATE-002253"	"SetEnvironmentVariableOem"	"remains-first-degree-external-interface"	""	""	"No canonical zero-degree function name matches this direct callee spelling."
"MVDM-FIRST-CANDIDATE-002254"	"GetFileAttributesOem"	"remains-first-degree-external-interface"	""	""	"No canonical zero-degree function name matches this direct callee spelling."
"MVDM-FIRST-CANDIDATE-002255"	"GetFileAttributesOem"	"remains-first-degree-external-interface"	""	""	"No canonical zero-degree function name matches this direct callee spelling."
"MVDM-FIRST-CANDIDATE-002256"	"SetEnvironmentVariableOem"	"remains-first-degree-external-interface"	""	""	"No canonical zero-degree function name matches this direct callee spelling."
"MVDM-FIRST-CANDIDATE-002257"	"GetFullPathNameOem"	"remains-first-degree-external-interface"	""	""	"No canonical zero-degree function name matches this direct callee spelling."
"MVDM-FIRST-CANDIDATE-002258"	"SetCurrentDirectoryOem"	"remains-first-degree-external-interface"	""	""	"No canonical zero-degree function name matches this direct callee spelling."
"MVDM-FIRST-CANDIDATE-002259"	"SetCurrentDirectoryOem"	"remains-first-degree-external-interface"	""	""	"No canonical zero-degree function name matches this direct callee spelling."
"MVDM-FIRST-CANDIDATE-002260"	"SetCurrentDirectoryOem"	"remains-first-degree-external-interface"	""	""	"No canonical zero-degree function name matches this direct callee spelling."
"MVDM-FIRST-CANDIDATE-002261"	"GetCurrentDirectoryOem"	"remains-first-degree-external-interface"	""	""	"No canonical zero-degree function name matches this direct callee spelling."
"MVDM-FIRST-CANDIDATE-002262"	"GetLocalTime"	"remains-first-degree-external-interface"	""	""	"No canonical zero-degree function name matches this direct callee spelling."
"MVDM-FIRST-CANDIDATE-002263"	"Arc"	"remains-first-degree-external-interface"	""	""	"No canonical zero-degree function name matches this direct callee spelling."
"MVDM-FIRST-CANDIDATE-002264"	"BitBlt"	"remains-first-degree-external-interface"	""	""	"No canonical zero-degree function name matches this direct callee spelling."
"MVDM-FIRST-CANDIDATE-002265"	"GetRelAbs"	"remains-first-degree-external-interface"	""	""	"No canonical zero-degree function name matches this direct callee spelling."
"MVDM-FIRST-CANDIDATE-002266"	"SetRelAbs"	"remains-first-degree-external-interface"	""	""	"No canonical zero-degree function name matches this direct callee spelling."
"MVDM-FIRST-CANDIDATE-002267"	"Chord"	"remains-first-degree-external-interface"	""	""	"No canonical zero-degree function name matches this direct callee spelling."
"MVDM-FIRST-CANDIDATE-002268"	"CombineRgn"	"remains-first-degree-external-interface"	""	""	"No canonical zero-degree function name matches this direct callee spelling."
"MVDM-FIRST-CANDIDATE-002269"	"CreateBitmapIndirect"	"remains-first-degree-external-interface"	""	""	"No canonical zero-degree function name matches this direct callee spelling."
"MVDM-FIRST-CANDIDATE-002270"	"CreateBrushIndirect"	"remains-first-degree-external-interface"	""	""	"No canonical zero-degree function name matches this direct callee spelling."
"MVDM-FIRST-CANDIDATE-002271"	"CreateCompatibleBitmap"	"remains-first-degree-external-interface"	""	""	"No canonical zero-degree function name matches this direct callee spelling."
"MVDM-FIRST-CANDIDATE-002272"	"CreateBrushIndirect"	"remains-first-degree-external-interface"	""	""	"No canonical zero-degree function name matches this direct callee spelling."
"MVDM-FIRST-CANDIDATE-002273"	"CreateEllipticRgn"	"remains-first-degree-external-interface"	""	""	"No canonical zero-degree function name matches this direct callee spelling."
"MVDM-FIRST-CANDIDATE-002274"	"CreateEllipticRgnIndirect"	"remains-first-degree-external-interface"	""	""	"No canonical zero-degree function name matches this direct callee spelling."
"MVDM-FIRST-CANDIDATE-002275"	"CreateHatchBrush"	"remains-first-degree-external-interface"	""	""	"No canonical zero-degree function name matches this direct callee spelling."
"MVDM-FIRST-CANDIDATE-002276"	"RtlCompareMemory"	"remains-first-degree-external-interface"	""	""	"No canonical zero-degree function name matches this direct callee spelling."
"MVDM-FIRST-CANDIDATE-002277"	"CreateBrushIndirect"	"remains-first-degree-external-interface"	""	""	"No canonical zero-degree function name matches this direct callee spelling."
"MVDM-FIRST-CANDIDATE-002278"	"CreatePolyPolygonRgn"	"remains-first-degree-external-interface"	""	""	"No canonical zero-degree function name matches this direct callee spelling."
"MVDM-FIRST-CANDIDATE-002279"	"CreatePolygonRgn"	"remains-first-degree-external-interface"	""	""	"No canonical zero-degree function name matches this direct callee spelling."
"MVDM-FIRST-CANDIDATE-002280"	"CreateRectRgn"	"remains-first-degree-external-interface"	""	""	"No canonical zero-degree function name matches this direct callee spelling."
"MVDM-FIRST-CANDIDATE-002281"	"CreateRectRgnIndirect"	"remains-first-degree-external-interface"	""	""	"No canonical zero-degree function name matches this direct callee spelling."
"MVDM-FIRST-CANDIDATE-002282"	"CreateRoundRectRgn"	"remains-first-degree-external-interface"	""	""	"No canonical zero-degree function name matches this direct callee spelling."
"MVDM-FIRST-CANDIDATE-002283"	"DPtoLP"	"remains-first-degree-external-interface"	""	""	"No canonical zero-degree function name matches this direct callee spelling."
"MVDM-FIRST-CANDIDATE-002284"	"Ellipse"	"remains-first-degree-external-interface"	""	""	"No canonical zero-degree function name matches this direct callee spelling."
"MVDM-FIRST-CANDIDATE-002285"	"EnumObjects"	"remains-first-degree-external-interface"	""	""	"No canonical zero-degree function name matches this direct callee spelling."
"MVDM-FIRST-CANDIDATE-002286"	"EqualRgn"	"remains-first-degree-external-interface"	""	""	"No canonical zero-degree function name matches this direct callee spelling."
"MVDM-FIRST-CANDIDATE-002287"	"Escape"	"remains-first-degree-external-interface"	""	""	"No canonical zero-degree function name matches this direct callee spelling."
"MVDM-FIRST-CANDIDATE-002288"	"GetDeviceCaps"	"remains-first-degree-external-interface"	""	""	"No canonical zero-degree function name matches this direct callee spelling."
"MVDM-FIRST-CANDIDATE-002289"	"GetDeviceCaps"	"remains-first-degree-external-interface"	""	""	"No canonical zero-degree function name matches this direct callee spelling."
"MVDM-FIRST-CANDIDATE-002290"	"Escape"	"remains-first-degree-external-interface"	""	""	"No canonical zero-degree function name matches this direct callee spelling."
"MVDM-FIRST-CANDIDATE-002291"	"Escape"	"remains-first-degree-external-interface"	""	""	"No canonical zero-degree function name matches this direct callee spelling."
"MVDM-FIRST-CANDIDATE-002292"	"Escape"	"remains-first-degree-external-interface"	""	""	"No canonical zero-degree function name matches this direct callee spelling."
"MVDM-FIRST-CANDIDATE-002293"	"DrawEscape"	"remains-first-degree-external-interface"	""	""	"No canonical zero-degree function name matches this direct callee spelling."
"MVDM-FIRST-CANDIDATE-002294"	"Escape"	"remains-first-degree-external-interface"	""	""	"No canonical zero-degree function name matches this direct callee spelling."
"MVDM-FIRST-CANDIDATE-002295"	"Escape"	"remains-first-degree-external-interface"	""	""	"No canonical zero-degree function name matches this direct callee spelling."
"MVDM-FIRST-CANDIDATE-002296"	"Escape"	"remains-first-degree-external-interface"	""	""	"No canonical zero-degree function name matches this direct callee spelling."
"MVDM-FIRST-CANDIDATE-002297"	"Escape"	"remains-first-degree-external-interface"	""	""	"No canonical zero-degree function name matches this direct callee spelling."
"MVDM-FIRST-CANDIDATE-002298"	"Escape"	"remains-first-degree-external-interface"	""	""	"No canonical zero-degree function name matches this direct callee spelling."
"MVDM-FIRST-CANDIDATE-002299"	"GetETM"	"remains-first-degree-external-interface"	""	""	"No canonical zero-degree function name matches this direct callee spelling."
"MVDM-FIRST-CANDIDATE-002300"	"EndDoc"	"remains-first-degree-external-interface"	""	""	"No canonical zero-degree function name matches this direct callee spelling."
"MVDM-FIRST-CANDIDATE-002301"	"Escape"	"remains-first-degree-external-interface"	""	""	"No canonical zero-degree function name matches this direct callee spelling."
"MVDM-FIRST-CANDIDATE-002302"	"DrawEscape"	"remains-first-degree-external-interface"	""	""	"No canonical zero-degree function name matches this direct callee spelling."
"MVDM-FIRST-CANDIDATE-002303"	"Escape"	"remains-first-degree-external-interface"	""	""	"No canonical zero-degree function name matches this direct callee spelling."
"MVDM-FIRST-CANDIDATE-002304"	"Escape"	"remains-first-degree-external-interface"	""	""	"No canonical zero-degree function name matches this direct callee spelling."
"MVDM-FIRST-CANDIDATE-002305"	"SelectClipRgn"	"remains-first-degree-external-interface"	""	""	"No canonical zero-degree function name matches this direct callee spelling."
"MVDM-FIRST-CANDIDATE-002306"	"Escape"	"remains-first-degree-external-interface"	""	""	"No canonical zero-degree function name matches this direct callee spelling."
"MVDM-FIRST-CANDIDATE-002307"	"Escape"	"remains-first-degree-external-interface"	""	""	"No canonical zero-degree function name matches this direct callee spelling."
"MVDM-FIRST-CANDIDATE-002308"	"SetMapMode"	"remains-first-degree-external-interface"	""	""	"No canonical zero-degree function name matches this direct callee spelling."
"MVDM-FIRST-CANDIDATE-002309"	"Escape"	"remains-first-degree-external-interface"	""	""	"No canonical zero-degree function name matches this direct callee spelling."
"MVDM-FIRST-CANDIDATE-002310"	"SetMapMode"	"remains-first-degree-external-interface"	""	""	"No canonical zero-degree function name matches this direct callee spelling."
"MVDM-FIRST-CANDIDATE-002311"	"SetMapMode"	"remains-first-degree-external-interface"	""	""	"No canonical zero-degree function name matches this direct callee spelling."
"MVDM-FIRST-CANDIDATE-002312"	"SetMapMode"	"remains-first-degree-external-interface"	""	""	"No canonical zero-degree function name matches this direct callee spelling."
"MVDM-FIRST-CANDIDATE-002313"	"Escape"	"remains-first-degree-external-interface"	""	""	"No canonical zero-degree function name matches this direct callee spelling."
"MVDM-FIRST-CANDIDATE-002314"	"Escape"	"remains-first-degree-external-interface"	""	""	"No canonical zero-degree function name matches this direct callee spelling."
"MVDM-FIRST-CANDIDATE-002315"	"StartPage"	"remains-first-degree-external-interface"	""	""	"No canonical zero-degree function name matches this direct callee spelling."
"MVDM-FIRST-CANDIDATE-002316"	"Escape"	"remains-first-degree-external-interface"	""	""	"No canonical zero-degree function name matches this direct callee spelling."
"MVDM-FIRST-CANDIDATE-002317"	"ExcludeClipRect"	"remains-first-degree-external-interface"	""	""	"No canonical zero-degree function name matches this direct callee spelling."
"MVDM-FIRST-CANDIDATE-002318"	"ExtFloodFill"	"remains-first-degree-external-interface"	""	""	"No canonical zero-degree function name matches this direct callee spelling."
"MVDM-FIRST-CANDIDATE-002319"	"FillRgn"	"remains-first-degree-external-interface"	""	""	"No canonical zero-degree function name matches this direct callee spelling."
"MVDM-FIRST-CANDIDATE-002320"	"FrameRgn"	"remains-first-degree-external-interface"	""	""	"No canonical zero-degree function name matches this direct callee spelling."
"MVDM-FIRST-CANDIDATE-002321"	"GetBitmapBits"	"remains-first-degree-external-interface"	""	""	"No canonical zero-degree function name matches this direct callee spelling."
"MVDM-FIRST-CANDIDATE-002322"	"GetBitmapDimensionEx"	"remains-first-degree-external-interface"	""	""	"No canonical zero-degree function name matches this direct callee spelling."
"MVDM-FIRST-CANDIDATE-002323"	"GetBkColor"	"remains-first-degree-external-interface"	""	""	"No canonical zero-degree function name matches this direct callee spelling."
"MVDM-FIRST-CANDIDATE-002324"	"GetBkMode"	"remains-first-degree-external-interface"	""	""	"No canonical zero-degree function name matches this direct callee spelling."
"MVDM-FIRST-CANDIDATE-002325"	"GetDCOrgEx"	"remains-first-degree-external-interface"	""	""	"No canonical zero-degree function name matches this direct callee spelling."
"MVDM-FIRST-CANDIDATE-002326"	"GetBrushOrgEx"	"remains-first-degree-external-interface"	""	""	"No canonical zero-degree function name matches this direct callee spelling."
"MVDM-FIRST-CANDIDATE-002327"	"GetClipBox"	"remains-first-degree-external-interface"	""	""	"No canonical zero-degree function name matches this direct callee spelling."
"MVDM-FIRST-CANDIDATE-002328"	"GetCurrentPositionEx"	"remains-first-degree-external-interface"	""	""	"No canonical zero-degree function name matches this direct callee spelling."
"MVDM-FIRST-CANDIDATE-002329"	"GetDCOrgEx"	"remains-first-degree-external-interface"	""	""	"No canonical zero-degree function name matches this direct callee spelling."
"MVDM-FIRST-CANDIDATE-002330"	"GetDIBits"	"remains-first-degree-external-interface"	""	""	"No canonical zero-degree function name matches this direct callee spelling."
"MVDM-FIRST-CANDIDATE-002331"	"GetDeviceCaps"	"remains-first-degree-external-interface"	""	""	"No canonical zero-degree function name matches this direct callee spelling."
"MVDM-FIRST-CANDIDATE-002332"	"GetDeviceCaps"	"remains-first-degree-external-interface"	""	""	"No canonical zero-degree function name matches this direct callee spelling."
"MVDM-FIRST-CANDIDATE-002333"	"GetDeviceCaps"	"remains-first-degree-external-interface"	""	""	"No canonical zero-degree function name matches this direct callee spelling."
"MVDM-FIRST-CANDIDATE-002334"	"GetMapMode"	"remains-first-degree-external-interface"	""	""	"No canonical zero-degree function name matches this direct callee spelling."
"MVDM-FIRST-CANDIDATE-002335"	"GetNearestColor"	"remains-first-degree-external-interface"	""	""	"No canonical zero-degree function name matches this direct callee spelling."
"MVDM-FIRST-CANDIDATE-002336"	"GetObjectType"	"remains-first-degree-external-interface"	""	""	"No canonical zero-degree function name matches this direct callee spelling."
"MVDM-FIRST-CANDIDATE-002337"	"GetPixel"	"remains-first-degree-external-interface"	""	""	"No canonical zero-degree function name matches this direct callee spelling."
"MVDM-FIRST-CANDIDATE-002338"	"GetPolyFillMode"	"remains-first-degree-external-interface"	""	""	"No canonical zero-degree function name matches this direct callee spelling."
"MVDM-FIRST-CANDIDATE-002339"	"GetROP2"	"remains-first-degree-external-interface"	""	""	"No canonical zero-degree function name matches this direct callee spelling."
"MVDM-FIRST-CANDIDATE-002340"	"GetRgnBox"	"remains-first-degree-external-interface"	""	""	"No canonical zero-degree function name matches this direct callee spelling."
"MVDM-FIRST-CANDIDATE-002341"	"GetStockObject"	"remains-first-degree-external-interface"	""	""	"No canonical zero-degree function name matches this direct callee spelling."
"MVDM-FIRST-CANDIDATE-002342"	"GetStretchBltMode"	"remains-first-degree-external-interface"	""	""	"No canonical zero-degree function name matches this direct callee spelling."
"MVDM-FIRST-CANDIDATE-002343"	"GetViewportExtEx"	"remains-first-degree-external-interface"	""	""	"No canonical zero-degree function name matches this direct callee spelling."
"MVDM-FIRST-CANDIDATE-002344"	"GetViewportOrgEx"	"remains-first-degree-external-interface"	""	""	"No canonical zero-degree function name matches this direct callee spelling."
"MVDM-FIRST-CANDIDATE-002345"	"GetWindowExtEx"	"remains-first-degree-external-interface"	""	""	"No canonical zero-degree function name matches this direct callee spelling."
"MVDM-FIRST-CANDIDATE-002346"	"GetWindowOrgEx"	"remains-first-degree-external-interface"	""	""	"No canonical zero-degree function name matches this direct callee spelling."
"MVDM-FIRST-CANDIDATE-002347"	"IntersectClipRect"	"remains-first-degree-external-interface"	""	""	"No canonical zero-degree function name matches this direct callee spelling."
"MVDM-FIRST-CANDIDATE-002348"	"InvertRgn"	"remains-first-degree-external-interface"	""	""	"No canonical zero-degree function name matches this direct callee spelling."
"MVDM-FIRST-CANDIDATE-002349"	"LPtoDP"	"remains-first-degree-external-interface"	""	""	"No canonical zero-degree function name matches this direct callee spelling."
"MVDM-FIRST-CANDIDATE-002350"	"LineDDA"	"remains-first-degree-external-interface"	""	""	"No canonical zero-degree function name matches this direct callee spelling."
"MVDM-FIRST-CANDIDATE-002351"	"LineTo"	"remains-first-degree-external-interface"	""	""	"No canonical zero-degree function name matches this direct callee spelling."
"MVDM-FIRST-CANDIDATE-002352"	"MoveToEx"	"remains-first-degree-external-interface"	""	""	"No canonical zero-degree function name matches this direct callee spelling."
"MVDM-FIRST-CANDIDATE-002353"	"OffsetClipRgn"	"remains-first-degree-external-interface"	""	""	"No canonical zero-degree function name matches this direct callee spelling."
"MVDM-FIRST-CANDIDATE-002354"	"OffsetRgn"	"remains-first-degree-external-interface"	""	""	"No canonical zero-degree function name matches this direct callee spelling."
"MVDM-FIRST-CANDIDATE-002355"	"OffsetViewportOrgEx"	"remains-first-degree-external-interface"	""	""	"No canonical zero-degree function name matches this direct callee spelling."
"MVDM-FIRST-CANDIDATE-002356"	"OffsetWindowOrgEx"	"remains-first-degree-external-interface"	""	""	"No canonical zero-degree function name matches this direct callee spelling."
"MVDM-FIRST-CANDIDATE-002357"	"PaintRgn"	"remains-first-degree-external-interface"	""	""	"No canonical zero-degree function name matches this direct callee spelling."
"MVDM-FIRST-CANDIDATE-002358"	"PatBlt"	"remains-first-degree-external-interface"	""	""	"No canonical zero-degree function name matches this direct callee spelling."
"MVDM-FIRST-CANDIDATE-002359"	"Pie"	"remains-first-degree-external-interface"	""	""	"No canonical zero-degree function name matches this direct callee spelling."
"MVDM-FIRST-CANDIDATE-002360"	"PolyPolygon"	"remains-first-degree-external-interface"	""	""	"No canonical zero-degree function name matches this direct callee spelling."
"MVDM-FIRST-CANDIDATE-002361"	"PolyPolyline"	"remains-first-degree-external-interface"	""	""	"No canonical zero-degree function name matches this direct callee spelling."
"MVDM-FIRST-CANDIDATE-002362"	"Polygon"	"remains-first-degree-external-interface"	""	""	"No canonical zero-degree function name matches this direct callee spelling."
"MVDM-FIRST-CANDIDATE-002363"	"Polyline"	"remains-first-degree-external-interface"	""	""	"No canonical zero-degree function name matches this direct callee spelling."
"MVDM-FIRST-CANDIDATE-002364"	"PtInRegion"	"remains-first-degree-external-interface"	""	""	"No canonical zero-degree function name matches this direct callee spelling."
"MVDM-FIRST-CANDIDATE-002365"	"PtVisible"	"remains-first-degree-external-interface"	""	""	"No canonical zero-degree function name matches this direct callee spelling."
"MVDM-FIRST-CANDIDATE-002366"	"Rectangle"	"remains-first-degree-external-interface"	""	""	"No canonical zero-degree function name matches this direct callee spelling."
"MVDM-FIRST-CANDIDATE-002367"	"RestoreDC"	"remains-first-degree-external-interface"	""	""	"No canonical zero-degree function name matches this direct callee spelling."
"MVDM-FIRST-CANDIDATE-002368"	"RoundRect"	"remains-first-degree-external-interface"	""	""	"No canonical zero-degree function name matches this direct callee spelling."
"MVDM-FIRST-CANDIDATE-002369"	"SaveDC"	"remains-first-degree-external-interface"	""	""	"No canonical zero-degree function name matches this direct callee spelling."
"MVDM-FIRST-CANDIDATE-002370"	"ScaleViewportExtEx"	"remains-first-degree-external-interface"	""	""	"No canonical zero-degree function name matches this direct callee spelling."
"MVDM-FIRST-CANDIDATE-002371"	"ScaleWindowExtEx"	"remains-first-degree-external-interface"	""	""	"No canonical zero-degree function name matches this direct callee spelling."
"MVDM-FIRST-CANDIDATE-002372"	"SelectClipRgn"	"remains-first-degree-external-interface"	""	""	"No canonical zero-degree function name matches this direct callee spelling."
"MVDM-FIRST-CANDIDATE-002373"	"SelectObject"	"remains-first-degree-external-interface"	""	""	"No canonical zero-degree function name matches this direct callee spelling."
"MVDM-FIRST-CANDIDATE-002374"	"SetBitmapBits"	"remains-first-degree-external-interface"	""	""	"No canonical zero-degree function name matches this direct callee spelling."
"MVDM-FIRST-CANDIDATE-002375"	"SetBitmapBits"	"remains-first-degree-external-interface"	""	""	"No canonical zero-degree function name matches this direct callee spelling."
"MVDM-FIRST-CANDIDATE-002376"	"SetBitmapDimensionEx"	"remains-first-degree-external-interface"	""	""	"No canonical zero-degree function name matches this direct callee spelling."
"MVDM-FIRST-CANDIDATE-002377"	"SetBkColor"	"remains-first-degree-external-interface"	""	""	"No canonical zero-degree function name matches this direct callee spelling."
"MVDM-FIRST-CANDIDATE-002378"	"SetBkMode"	"remains-first-degree-external-interface"	""	""	"No canonical zero-degree function name matches this direct callee spelling."
"MVDM-FIRST-CANDIDATE-002379"	"GetDCOrgEx"	"remains-first-degree-external-interface"	""	""	"No canonical zero-degree function name matches this direct callee spelling."
"MVDM-FIRST-CANDIDATE-002380"	"SetBrushOrgEx"	"remains-first-degree-external-interface"	""	""	"No canonical zero-degree function name matches this direct callee spelling."
"MVDM-FIRST-CANDIDATE-002381"	"SetDIBits"	"remains-first-degree-external-interface"	""	""	"No canonical zero-degree function name matches this direct callee spelling."
"MVDM-FIRST-CANDIDATE-002382"	"SetDIBitsToDevice"	"remains-first-degree-external-interface"	""	""	"No canonical zero-degree function name matches this direct callee spelling."
"MVDM-FIRST-CANDIDATE-002383"	"SetMapMode"	"remains-first-degree-external-interface"	""	""	"No canonical zero-degree function name matches this direct callee spelling."
"MVDM-FIRST-CANDIDATE-002384"	"SetMapperFlags"	"remains-first-degree-external-interface"	""	""	"No canonical zero-degree function name matches this direct callee spelling."
"MVDM-FIRST-CANDIDATE-002385"	"SetPixel"	"remains-first-degree-external-interface"	""	""	"No canonical zero-degree function name matches this direct callee spelling."
"MVDM-FIRST-CANDIDATE-002386"	"SetPolyFillMode"	"remains-first-degree-external-interface"	""	""	"No canonical zero-degree function name matches this direct callee spelling."
"MVDM-FIRST-CANDIDATE-002387"	"SetROP2"	"remains-first-degree-external-interface"	""	""	"No canonical zero-degree function name matches this direct callee spelling."
"MVDM-FIRST-CANDIDATE-002388"	"SetRectRgn"	"remains-first-degree-external-interface"	""	""	"No canonical zero-degree function name matches this direct callee spelling."
"MVDM-FIRST-CANDIDATE-002389"	"SetStretchBltMode"	"remains-first-degree-external-interface"	""	""	"No canonical zero-degree function name matches this direct callee spelling."
"MVDM-FIRST-CANDIDATE-002390"	"SetViewportExtEx"	"remains-first-degree-external-interface"	""	""	"No canonical zero-degree function name matches this direct callee spelling."
"MVDM-FIRST-CANDIDATE-002391"	"SetViewportOrgEx"	"remains-first-degree-external-interface"	""	""	"No canonical zero-degree function name matches this direct callee spelling."
"MVDM-FIRST-CANDIDATE-002392"	"SetWindowExtEx"	"remains-first-degree-external-interface"	""	""	"No canonical zero-degree function name matches this direct callee spelling."
"MVDM-FIRST-CANDIDATE-002393"	"SetWindowOrgEx"	"remains-first-degree-external-interface"	""	""	"No canonical zero-degree function name matches this direct callee spelling."
"MVDM-FIRST-CANDIDATE-002394"	"StretchBlt"	"remains-first-degree-external-interface"	""	""	"No canonical zero-degree function name matches this direct callee spelling."
"MVDM-FIRST-CANDIDATE-002395"	"StretchDIBits"	"remains-first-degree-external-interface"	""	""	"No canonical zero-degree function name matches this direct callee spelling."
"MVDM-FIRST-CANDIDATE-002396"	"GetRegionData"	"remains-first-degree-external-interface"	""	""	"No canonical zero-degree function name matches this direct callee spelling."
"MVDM-FIRST-CANDIDATE-002397"	"Escape"	"remains-first-degree-external-interface"	""	""	"No canonical zero-degree function name matches this direct callee spelling."
"MVDM-FIRST-CANDIDATE-002398"	"Escape"	"remains-first-degree-external-interface"	""	""	"No canonical zero-degree function name matches this direct callee spelling."
"MVDM-FIRST-CANDIDATE-002399"	"Escape"	"remains-first-degree-external-interface"	""	""	"No canonical zero-degree function name matches this direct callee spelling."
"MVDM-FIRST-CANDIDATE-002400"	"Escape"	"remains-first-degree-external-interface"	""	""	"No canonical zero-degree function name matches this direct callee spelling."
"MVDM-FIRST-CANDIDATE-002401"	"Escape"	"remains-first-degree-external-interface"	""	""	"No canonical zero-degree function name matches this direct callee spelling."
"MVDM-FIRST-CANDIDATE-002402"	"Escape"	"remains-first-degree-external-interface"	""	""	"No canonical zero-degree function name matches this direct callee spelling."
"MVDM-FIRST-CANDIDATE-002403"	"Escape"	"remains-first-degree-external-interface"	""	""	"No canonical zero-degree function name matches this direct callee spelling."
"MVDM-FIRST-CANDIDATE-002404"	"AbortDoc"	"remains-first-degree-external-interface"	""	""	"No canonical zero-degree function name matches this direct callee spelling."
"MVDM-FIRST-CANDIDATE-002405"	"EndDoc"	"remains-first-degree-external-interface"	""	""	"No canonical zero-degree function name matches this direct callee spelling."
"MVDM-FIRST-CANDIDATE-002406"	"EndPage"	"remains-first-degree-external-interface"	""	""	"No canonical zero-degree function name matches this direct callee spelling."
"MVDM-FIRST-CANDIDATE-002407"	"GetAspectRatioFilterEx"	"remains-first-degree-external-interface"	""	""	"No canonical zero-degree function name matches this direct callee spelling."
"MVDM-FIRST-CANDIDATE-002408"	"GetBitmapDimensionEx"	"remains-first-degree-external-interface"	""	""	"No canonical zero-degree function name matches this direct callee spelling."
"MVDM-FIRST-CANDIDATE-002409"	"GetBoundsRect"	"remains-first-degree-external-interface"	""	""	"No canonical zero-degree function name matches this direct callee spelling."
"MVDM-FIRST-CANDIDATE-002410"	"GetBrushOrgEx"	"remains-first-degree-external-interface"	""	""	"No canonical zero-degree function name matches this direct callee spelling."
"MVDM-FIRST-CANDIDATE-002411"	"GetCurrentPositionEx"	"remains-first-degree-external-interface"	""	""	"No canonical zero-degree function name matches this direct callee spelling."
"MVDM-FIRST-CANDIDATE-002412"	"GetFontData"	"remains-first-degree-external-interface"	""	""	"No canonical zero-degree function name matches this direct callee spelling."
"MVDM-FIRST-CANDIDATE-002413"	"GetGlyphOutlineWow"	"remains-first-degree-external-interface"	""	""	"No canonical zero-degree function name matches this direct callee spelling."
"MVDM-FIRST-CANDIDATE-002414"	"GetRasterizerCaps"	"remains-first-degree-external-interface"	""	""	"No canonical zero-degree function name matches this direct callee spelling."
"MVDM-FIRST-CANDIDATE-002415"	"SelectObject"	"remains-first-degree-external-interface"	""	""	"No canonical zero-degree function name matches this direct callee spelling."
"MVDM-FIRST-CANDIDATE-002416"	"SelectObject"	"remains-first-degree-external-interface"	""	""	"No canonical zero-degree function name matches this direct callee spelling."
"MVDM-FIRST-CANDIDATE-002417"	"GetViewportExtEx"	"remains-first-degree-external-interface"	""	""	"No canonical zero-degree function name matches this direct callee spelling."
"MVDM-FIRST-CANDIDATE-002418"	"GetViewportOrgEx"	"remains-first-degree-external-interface"	""	""	"No canonical zero-degree function name matches this direct callee spelling."
"MVDM-FIRST-CANDIDATE-002419"	"GetWindowExtEx"	"remains-first-degree-external-interface"	""	""	"No canonical zero-degree function name matches this direct callee spelling."
"MVDM-FIRST-CANDIDATE-002420"	"GetWindowOrgEx"	"remains-first-degree-external-interface"	""	""	"No canonical zero-degree function name matches this direct callee spelling."
"MVDM-FIRST-CANDIDATE-002421"	"GetObjectType"	"remains-first-degree-external-interface"	""	""	"No canonical zero-degree function name matches this direct callee spelling."
"MVDM-FIRST-CANDIDATE-002422"	"MoveToEx"	"remains-first-degree-external-interface"	""	""	"No canonical zero-degree function name matches this direct callee spelling."
"MVDM-FIRST-CANDIDATE-002423"	"OffsetViewportOrgEx"	"remains-first-degree-external-interface"	""	""	"No canonical zero-degree function name matches this direct callee spelling."
"MVDM-FIRST-CANDIDATE-002424"	"OffsetWindowOrgEx"	"remains-first-degree-external-interface"	""	""	"No canonical zero-degree function name matches this direct callee spelling."
"MVDM-FIRST-CANDIDATE-002425"	"ScaleViewportExtEx"	"remains-first-degree-external-interface"	""	""	"No canonical zero-degree function name matches this direct callee spelling."
"MVDM-FIRST-CANDIDATE-002426"	"ScaleWindowExtEx"	"remains-first-degree-external-interface"	""	""	"No canonical zero-degree function name matches this direct callee spelling."
"MVDM-FIRST-CANDIDATE-002427"	"SetAbortProc"	"remains-first-degree-external-interface"	""	""	"No canonical zero-degree function name matches this direct callee spelling."
"MVDM-FIRST-CANDIDATE-002428"	"SetBitmapDimensionEx"	"remains-first-degree-external-interface"	""	""	"No canonical zero-degree function name matches this direct callee spelling."
"MVDM-FIRST-CANDIDATE-002429"	"SetBoundsRect"	"remains-first-degree-external-interface"	""	""	"No canonical zero-degree function name matches this direct callee spelling."
"MVDM-FIRST-CANDIDATE-002430"	"SetViewportExtEx"	"remains-first-degree-external-interface"	""	""	"No canonical zero-degree function name matches this direct callee spelling."
"MVDM-FIRST-CANDIDATE-002431"	"SetViewportOrgEx"	"remains-first-degree-external-interface"	""	""	"No canonical zero-degree function name matches this direct callee spelling."
"MVDM-FIRST-CANDIDATE-002432"	"SetWindowExtEx"	"remains-first-degree-external-interface"	""	""	"No canonical zero-degree function name matches this direct callee spelling."
"MVDM-FIRST-CANDIDATE-002433"	"SetWindowOrgEx"	"remains-first-degree-external-interface"	""	""	"No canonical zero-degree function name matches this direct callee spelling."
"MVDM-FIRST-CANDIDATE-002434"	"StartPage"	"remains-first-degree-external-interface"	""	""	"No canonical zero-degree function name matches this direct callee spelling."
"MVDM-FIRST-CANDIDATE-002435"	"GetRandomRgn"	"remains-first-degree-external-interface"	""	""	"No canonical zero-degree function name matches this direct callee spelling."
"MVDM-FIRST-CANDIDATE-002436"	"GetRandomRgn"	"remains-first-degree-external-interface"	""	""	"No canonical zero-degree function name matches this direct callee spelling."
"MVDM-FIRST-CANDIDATE-002437"	"CreateRectRgn"	"remains-first-degree-external-interface"	""	""	"No canonical zero-degree function name matches this direct callee spelling."
"MVDM-FIRST-CANDIDATE-002438"	"CreateRectRgn"	"remains-first-degree-external-interface"	""	""	"No canonical zero-degree function name matches this direct callee spelling."
"MVDM-FIRST-CANDIDATE-002439"	"GetClipRgn"	"remains-first-degree-external-interface"	""	""	"No canonical zero-degree function name matches this direct callee spelling."
"MVDM-FIRST-CANDIDATE-002440"	"AddFontResourceTracking"	"remains-first-degree-external-interface"	""	""	"No canonical zero-degree function name matches this direct callee spelling."
"MVDM-FIRST-CANDIDATE-002441"	"AddFontResourceA"	"remains-first-degree-external-interface"	""	""	"No canonical zero-degree function name matches this direct callee spelling."
"MVDM-FIRST-CANDIDATE-002442"	"GetAspectRatioFilterEx"	"remains-first-degree-external-interface"	""	""	"No canonical zero-degree function name matches this direct callee spelling."
"MVDM-FIRST-CANDIDATE-002443"	"RemoveFontResourceTracking"	"remains-first-degree-external-interface"	""	""	"No canonical zero-degree function name matches this direct callee spelling."
"MVDM-FIRST-CANDIDATE-002444"	"GetHFONT"	"remains-first-degree-external-interface"	""	""	"No canonical zero-degree function name matches this direct callee spelling."
"MVDM-FIRST-CANDIDATE-002445"	"CloseMetaFile"	"remains-first-degree-external-interface"	""	""	"No canonical zero-degree function name matches this direct callee spelling."
"MVDM-FIRST-CANDIDATE-002446"	"EnumMetaFile"	"remains-first-degree-external-interface"	""	""	"No canonical zero-degree function name matches this direct callee spelling."
"MVDM-FIRST-CANDIDATE-002447"	"CloseMetaFile"	"remains-first-degree-external-interface"	""	""	"No canonical zero-degree function name matches this direct callee spelling."
"MVDM-FIRST-CANDIDATE-002448"	"AnimatePalette"	"remains-first-degree-external-interface"	""	""	"No canonical zero-degree function name matches this direct callee spelling."
"MVDM-FIRST-CANDIDATE-002449"	"GetNearestPaletteIndex"	"remains-first-degree-external-interface"	""	""	"No canonical zero-degree function name matches this direct callee spelling."
"MVDM-FIRST-CANDIDATE-002450"	"GetPaletteEntries"	"remains-first-degree-external-interface"	""	""	"No canonical zero-degree function name matches this direct callee spelling."
"MVDM-FIRST-CANDIDATE-002451"	"GetSystemPaletteEntries"	"remains-first-degree-external-interface"	""	""	"No canonical zero-degree function name matches this direct callee spelling."
"MVDM-FIRST-CANDIDATE-002452"	"GetDeviceCaps"	"remains-first-degree-external-interface"	""	""	"No canonical zero-degree function name matches this direct callee spelling."
"MVDM-FIRST-CANDIDATE-002453"	"GetSystemPaletteUse"	"remains-first-degree-external-interface"	""	""	"No canonical zero-degree function name matches this direct callee spelling."
"MVDM-FIRST-CANDIDATE-002454"	"ResizePalette"	"remains-first-degree-external-interface"	""	""	"No canonical zero-degree function name matches this direct callee spelling."
"MVDM-FIRST-CANDIDATE-002455"	"SetPaletteEntries"	"remains-first-degree-external-interface"	""	""	"No canonical zero-degree function name matches this direct callee spelling."
"MVDM-FIRST-CANDIDATE-002456"	"SetSystemPaletteUse"	"remains-first-degree-external-interface"	""	""	"No canonical zero-degree function name matches this direct callee spelling."
"MVDM-FIRST-CANDIDATE-002457"	"UpdateColors"	"remains-first-degree-external-interface"	""	""	"No canonical zero-degree function name matches this direct callee spelling."
"MVDM-FIRST-CANDIDATE-002458"	"GetTextAlign"	"remains-first-degree-external-interface"	""	""	"No canonical zero-degree function name matches this direct callee spelling."
"MVDM-FIRST-CANDIDATE-002459"	"GetTextCharacterExtra"	"remains-first-degree-external-interface"	""	""	"No canonical zero-degree function name matches this direct callee spelling."
"MVDM-FIRST-CANDIDATE-002460"	"GetTextColor"	"remains-first-degree-external-interface"	""	""	"No canonical zero-degree function name matches this direct callee spelling."
"MVDM-FIRST-CANDIDATE-002461"	"SetTextAlign"	"remains-first-degree-external-interface"	""	""	"No canonical zero-degree function name matches this direct callee spelling."
"MVDM-FIRST-CANDIDATE-002462"	"SetTextCharacterExtra"	"remains-first-degree-external-interface"	""	""	"No canonical zero-degree function name matches this direct callee spelling."
"MVDM-FIRST-CANDIDATE-002463"	"SetTextColor"	"remains-first-degree-external-interface"	""	""	"No canonical zero-degree function name matches this direct callee spelling."
"MVDM-FIRST-CANDIDATE-002464"	"SetTextJustification"	"remains-first-degree-external-interface"	""	""	"No canonical zero-degree function name matches this direct callee spelling."
"MVDM-FIRST-CANDIDATE-002465"	"HeapCreate"	"remains-first-degree-external-interface"	""	""	"No canonical zero-degree function name matches this direct callee spelling."
"MVDM-FIRST-CANDIDATE-002466"	"ToAscii"	"remains-first-degree-external-interface"	""	""	"No canonical zero-degree function name matches this direct callee spelling."
"MVDM-FIRST-CANDIDATE-002467"	"OemKeyScan"	"remains-first-degree-external-interface"	""	""	"No canonical zero-degree function name matches this direct callee spelling."
"MVDM-FIRST-CANDIDATE-002468"	"GetKeyboardType"	"remains-first-degree-external-interface"	""	""	"No canonical zero-degree function name matches this direct callee spelling."
"MVDM-FIRST-CANDIDATE-002469"	"GetKBCodePage"	"remains-first-degree-external-interface"	""	""	"No canonical zero-degree function name matches this direct callee spelling."
"MVDM-FIRST-CANDIDATE-002470"	"GetFileSize"	"remains-first-degree-external-interface"	""	""	"No canonical zero-degree function name matches this direct callee spelling."
"MVDM-FIRST-CANDIDATE-002471"	"GetFileSize"	"remains-first-degree-external-interface"	""	""	"No canonical zero-degree function name matches this direct callee spelling."
"MVDM-FIRST-CANDIDATE-002472"	"SetEndOfFile"	"remains-first-degree-external-interface"	""	""	"No canonical zero-degree function name matches this direct callee spelling."
"MVDM-FIRST-CANDIDATE-002473"	"GetVolumeInformationOem"	"remains-first-degree-external-interface"	""	""	"No canonical zero-degree function name matches this direct callee spelling."
"MVDM-FIRST-CANDIDATE-002474"	"CreateFileOem"	"remains-first-degree-external-interface"	""	""	"No canonical zero-degree function name matches this direct callee spelling."
"MVDM-FIRST-CANDIDATE-002475"	"CreateFileOem"	"remains-first-degree-external-interface"	""	""	"No canonical zero-degree function name matches this direct callee spelling."
"MVDM-FIRST-CANDIDATE-002476"	"CreateFileOem"	"remains-first-degree-external-interface"	""	""	"No canonical zero-degree function name matches this direct callee spelling."
"MVDM-FIRST-CANDIDATE-002477"	"GetFileAttributesOem"	"remains-first-degree-external-interface"	""	""	"No canonical zero-degree function name matches this direct callee spelling."
"MVDM-FIRST-CANDIDATE-002478"	"SetFileAttributesOem"	"remains-first-degree-external-interface"	""	""	"No canonical zero-degree function name matches this direct callee spelling."
"MVDM-FIRST-CANDIDATE-002479"	"GetFileTime"	"remains-first-degree-external-interface"	""	""	"No canonical zero-degree function name matches this direct callee spelling."
"MVDM-FIRST-CANDIDATE-002480"	"FileTimeToLocalFileTime"	"remains-first-degree-external-interface"	""	""	"No canonical zero-degree function name matches this direct callee spelling."
"MVDM-FIRST-CANDIDATE-002481"	"LocalFileTimeToFileTime"	"remains-first-degree-external-interface"	""	""	"No canonical zero-degree function name matches this direct callee spelling."
"MVDM-FIRST-CANDIDATE-002482"	"SetFileTime"	"remains-first-degree-external-interface"	""	""	"No canonical zero-degree function name matches this direct callee spelling."
"MVDM-FIRST-CANDIDATE-002483"	"LockFile"	"remains-first-degree-external-interface"	""	""	"No canonical zero-degree function name matches this direct callee spelling."
"MVDM-FIRST-CANDIDATE-002484"	"UnlockFile"	"remains-first-degree-external-interface"	""	""	"No canonical zero-degree function name matches this direct callee spelling."
"MVDM-FIRST-CANDIDATE-002485"	"GETHGLOBAL16"	"remains-first-degree-external-interface"	""	""	"No canonical zero-degree function name matches this direct callee spelling."
"MVDM-FIRST-CANDIDATE-002486"	"HGLOBAL32"	"remains-first-degree-external-interface"	""	""	"No canonical zero-degree function name matches this direct callee spelling."
"MVDM-FIRST-CANDIDATE-002487"	"HGLOBAL32"	"remains-first-degree-external-interface"	""	""	"No canonical zero-degree function name matches this direct callee spelling."
"MVDM-FIRST-CANDIDATE-002488"	"GETHGLOBAL16"	"remains-first-degree-external-interface"	""	""	"No canonical zero-degree function name matches this direct callee spelling."
"MVDM-FIRST-CANDIDATE-002489"	"HGLOBAL32"	"remains-first-degree-external-interface"	""	""	"No canonical zero-degree function name matches this direct callee spelling."
"MVDM-FIRST-CANDIDATE-002490"	"GETHGLOBAL16"	"remains-first-degree-external-interface"	""	""	"No canonical zero-degree function name matches this direct callee spelling."
"MVDM-FIRST-CANDIDATE-002491"	"HGLOBAL32"	"remains-first-degree-external-interface"	""	""	"No canonical zero-degree function name matches this direct callee spelling."
"MVDM-FIRST-CANDIDATE-002492"	"GETHGLOBAL16"	"remains-first-degree-external-interface"	""	""	"No canonical zero-degree function name matches this direct callee spelling."
"MVDM-FIRST-CANDIDATE-002493"	"HGLOBAL32"	"remains-first-degree-external-interface"	""	""	"No canonical zero-degree function name matches this direct callee spelling."
"MVDM-FIRST-CANDIDATE-002494"	"HGLOBAL32"	"remains-first-degree-external-interface"	""	""	"No canonical zero-degree function name matches this direct callee spelling."
"MVDM-FIRST-CANDIDATE-002495"	"HGLOBAL32"	"remains-first-degree-external-interface"	""	""	"No canonical zero-degree function name matches this direct callee spelling."
"MVDM-FIRST-CANDIDATE-002496"	"HGLOBAL32"	"remains-first-degree-external-interface"	""	""	"No canonical zero-degree function name matches this direct callee spelling."
"MVDM-FIRST-CANDIDATE-002497"	"GETHGLOBAL16"	"remains-first-degree-external-interface"	""	""	"No canonical zero-degree function name matches this direct callee spelling."
"MVDM-FIRST-CANDIDATE-002498"	"HGLOBAL32"	"remains-first-degree-external-interface"	""	""	"No canonical zero-degree function name matches this direct callee spelling."
"MVDM-FIRST-CANDIDATE-002499"	"HGLOBAL32"	"remains-first-degree-external-interface"	""	""	"No canonical zero-degree function name matches this direct callee spelling."
"MVDM-FIRST-CANDIDATE-002500"	"HGLOBAL32"	"remains-first-degree-external-interface"	""	""	"No canonical zero-degree function name matches this direct callee spelling."
"MVDM-FIRST-CANDIDATE-002501"	"HGLOBAL32"	"remains-first-degree-external-interface"	""	""	"No canonical zero-degree function name matches this direct callee spelling."
"MVDM-FIRST-CANDIDATE-002502"	"HGLOBAL32"	"remains-first-degree-external-interface"	""	""	"No canonical zero-degree function name matches this direct callee spelling."
"MVDM-FIRST-CANDIDATE-002503"	"HGLOBAL32"	"remains-first-degree-external-interface"	""	""	"No canonical zero-degree function name matches this direct callee spelling."
"MVDM-FIRST-CANDIDATE-002504"	"FreeLibrary"	"remains-first-degree-external-interface"	""	""	"No canonical zero-degree function name matches this direct callee spelling."
"MVDM-FIRST-CANDIDATE-002505"	"WK32ICallProc32MakeCall"	"remains-first-degree-external-interface"	""	""	"No canonical zero-degree function name matches this direct callee spelling."
"MVDM-FIRST-CANDIDATE-002506"	"WK32ICallProc32MakeCall"	"remains-first-degree-external-interface"	""	""	"No canonical zero-degree function name matches this direct callee spelling."
"MVDM-FIRST-CANDIDATE-002507"	"LocalNotify"	"remains-first-degree-external-interface"	""	""	"No canonical zero-degree function name matches this direct callee spelling."
"MVDM-FIRST-CANDIDATE-002508"	"GetNextVDMCommand"	"remains-first-degree-external-interface"	""	""	"No canonical zero-degree function name matches this direct callee spelling."
"MVDM-FIRST-CANDIDATE-002509"	"ExitVDM"	"remains-first-degree-external-interface"	""	""	"No canonical zero-degree function name matches this direct callee spelling."
"MVDM-FIRST-CANDIDATE-002510"	"ShowStartGlass"	"remains-first-degree-external-interface"	""	""	"No canonical zero-degree function name matches this direct callee spelling."
"MVDM-FIRST-CANDIDATE-002511"	"ExitVDM"	"remains-first-degree-external-interface"	""	""	"No canonical zero-degree function name matches this direct callee spelling."
"MVDM-FIRST-CANDIDATE-002512"	"ExitProcess"	"remains-first-degree-external-interface"	""	""	"No canonical zero-degree function name matches this direct callee spelling."
"MVDM-FIRST-CANDIDATE-002513"	"ResumeThread"	"remains-first-degree-external-interface"	""	""	"No canonical zero-degree function name matches this direct callee spelling."
"MVDM-FIRST-CANDIDATE-002514"	"WaitForMultipleObjects"	"remains-first-degree-external-interface"	""	""	"No canonical zero-degree function name matches this direct callee spelling."
"MVDM-FIRST-CANDIDATE-002515"	"FastWOWCallbackCall"	"remains-first-degree-external-interface"	""	""	"No canonical zero-degree function name matches this direct callee spelling."
"MVDM-FIRST-CANDIDATE-002516"	"GetCurrentThreadId"	"remains-first-degree-external-interface"	""	""	"No canonical zero-degree function name matches this direct callee spelling."
"MVDM-FIRST-CANDIDATE-002517"	"GdiSetBatchLimit"	"remains-first-degree-external-interface"	""	""	"No canonical zero-degree function name matches this direct callee spelling."
"MVDM-FIRST-CANDIDATE-002518"	"RtlMultiByteToUnicodeN"	"remains-first-degree-external-interface"	""	""	"No canonical zero-degree function name matches this direct callee spelling."
"MVDM-FIRST-CANDIDATE-002519"	"SetEvent"	"remains-first-degree-external-interface"	""	""	"No canonical zero-degree function name matches this direct callee spelling."
"MVDM-FIRST-CANDIDATE-002520"	"FastWOWCallbackCall"	"remains-first-degree-external-interface"	""	""	"No canonical zero-degree function name matches this direct callee spelling."
"MVDM-FIRST-CANDIDATE-002521"	"NtQueryInformationThread"	"remains-first-degree-external-interface"	""	""	"No canonical zero-degree function name matches this direct callee spelling."
"MVDM-FIRST-CANDIDATE-002522"	"NtOpenThread"	"remains-first-degree-external-interface"	""	""	"No canonical zero-degree function name matches this direct callee spelling."
"MVDM-FIRST-CANDIDATE-002523"	"NtClose"	"remains-first-degree-external-interface"	""	""	"No canonical zero-degree function name matches this direct callee spelling."
"MVDM-FIRST-CANDIDATE-002524"	"FastWOWCallbackCall"	"remains-first-degree-external-interface"	""	""	"No canonical zero-degree function name matches this direct callee spelling."
"MVDM-FIRST-CANDIDATE-002525"	"UnloadNetworkFonts"	"remains-first-degree-external-interface"	""	""	"No canonical zero-degree function name matches this direct callee spelling."
"MVDM-FIRST-CANDIDATE-002526"	"GetShellWindow"	"remains-first-degree-external-interface"	""	""	"No canonical zero-degree function name matches this direct callee spelling."
"MVDM-FIRST-CANDIDATE-002527"	"SetEvent"	"remains-first-degree-external-interface"	""	""	"No canonical zero-degree function name matches this direct callee spelling."
"MVDM-FIRST-CANDIDATE-002528"	"ExitVDM"	"remains-first-degree-external-interface"	""	""	"No canonical zero-degree function name matches this direct callee spelling."
"MVDM-FIRST-CANDIDATE-002529"	"ExitVDM"	"remains-first-degree-external-interface"	""	""	"No canonical zero-degree function name matches this direct callee spelling."
"MVDM-FIRST-CANDIDATE-002530"	"RegisterWowExec"	"remains-first-degree-external-interface"	""	""	"No canonical zero-degree function name matches this direct callee spelling."
"MVDM-FIRST-CANDIDATE-002531"	"strtoul"	"remains-first-degree-external-interface"	""	""	"No canonical zero-degree function name matches this direct callee spelling."
"MVDM-FIRST-CANDIDATE-002532"	"MsgWaitForMultipleObjects"	"remains-first-degree-external-interface"	""	""	"No canonical zero-degree function name matches this direct callee spelling."
"MVDM-FIRST-CANDIDATE-002533"	"GetExitCodeProcess"	"remains-first-degree-external-interface"	""	""	"No canonical zero-degree function name matches this direct callee spelling."
"MVDM-FIRST-CANDIDATE-002534"	"WaitForInputIdle"	"remains-first-degree-external-interface"	""	""	"No canonical zero-degree function name matches this direct callee spelling."
"MVDM-FIRST-CANDIDATE-002535"	"GetWindowThreadProcessId"	"remains-first-degree-external-interface"	""	""	"No canonical zero-degree function name matches this direct callee spelling."
"MVDM-FIRST-CANDIDATE-002536"	"GetShellWindow"	"remains-first-degree-external-interface"	""	""	"No canonical zero-degree function name matches this direct callee spelling."
"MVDM-FIRST-CANDIDATE-002537"	"OpenProcess"	"remains-first-degree-external-interface"	""	""	"No canonical zero-degree function name matches this direct callee spelling."
"MVDM-FIRST-CANDIDATE-002538"	"NtQueryPerformanceCounter"	"remains-first-degree-external-interface"	""	""	"No canonical zero-degree function name matches this direct callee spelling."
"MVDM-FIRST-CANDIDATE-002539"	"ExitVDM"	"remains-first-degree-external-interface"	""	""	"No canonical zero-degree function name matches this direct callee spelling."
"MVDM-FIRST-CANDIDATE-002540"	"ShowStartGlass"	"remains-first-degree-external-interface"	""	""	"No canonical zero-degree function name matches this direct callee spelling."
"MVDM-FIRST-CANDIDATE-002541"	"CreateThread"	"remains-first-degree-external-interface"	""	""	"No canonical zero-degree function name matches this direct callee spelling."
"MVDM-FIRST-CANDIDATE-002542"	"ExitThread"	"remains-first-degree-external-interface"	""	""	"No canonical zero-degree function name matches this direct callee spelling."
"MVDM-FIRST-CANDIDATE-002543"	"ExitThread"	"remains-first-degree-external-interface"	""	""	"No canonical zero-degree function name matches this direct callee spelling."
"MVDM-FIRST-CANDIDATE-002544"	"call_ica_hw_interrupt"	"remains-first-degree-external-interface"	""	""	"No canonical zero-degree function name matches this direct callee spelling."
"MVDM-FIRST-CANDIDATE-002545"	"ExitThread"	"remains-first-degree-external-interface"	""	""	"No canonical zero-degree function name matches this direct callee spelling."
"MVDM-FIRST-CANDIDATE-002546"	"ExitVDM"	"remains-first-degree-external-interface"	""	""	"No canonical zero-degree function name matches this direct callee spelling."
"MVDM-FIRST-CANDIDATE-002547"	"ExitProcess"	"remains-first-degree-external-interface"	""	""	"No canonical zero-degree function name matches this direct callee spelling."
"MVDM-FIRST-CANDIDATE-002548"	"ExitThread"	"remains-first-degree-external-interface"	""	""	"No canonical zero-degree function name matches this direct callee spelling."
"MVDM-FIRST-CANDIDATE-002549"	"RtlAdjustPrivilege"	"remains-first-degree-external-interface"	""	""	"No canonical zero-degree function name matches this direct callee spelling."
"MVDM-FIRST-CANDIDATE-002550"	"RtlAdjustPrivilege"	"remains-first-degree-external-interface"	""	""	"No canonical zero-degree function name matches this direct callee spelling."
"MVDM-FIRST-CANDIDATE-002551"	"RtlCharToInteger"	"remains-first-degree-external-interface"	""	""	"No canonical zero-degree function name matches this direct callee spelling."
"MVDM-FIRST-CANDIDATE-002552"	"RtlCharToInteger"	"remains-first-degree-external-interface"	""	""	"No canonical zero-degree function name matches this direct callee spelling."
"MVDM-FIRST-CANDIDATE-002553"	"DeleteFileOem"	"remains-first-degree-external-interface"	""	""	"No canonical zero-degree function name matches this direct callee spelling."
"MVDM-FIRST-CANDIDATE-002554"	"GetFileAttributesOem"	"remains-first-degree-external-interface"	""	""	"No canonical zero-degree function name matches this direct callee spelling."
"MVDM-FIRST-CANDIDATE-002555"	"GetFullPathNameOem"	"remains-first-degree-external-interface"	""	""	"No canonical zero-degree function name matches this direct callee spelling."
"MVDM-FIRST-CANDIDATE-002556"	"GetTempFileNameOem"	"remains-first-degree-external-interface"	""	""	"No canonical zero-degree function name matches this direct callee spelling."
"MVDM-FIRST-CANDIDATE-002557"	"MoveFileExOem"	"remains-first-degree-external-interface"	""	""	"No canonical zero-degree function name matches this direct callee spelling."
"MVDM-FIRST-CANDIDATE-002558"	"DeleteFileOem"	"remains-first-degree-external-interface"	""	""	"No canonical zero-degree function name matches this direct callee spelling."
"MVDM-FIRST-CANDIDATE-002559"	"MoveFileOem"	"remains-first-degree-external-interface"	""	""	"No canonical zero-degree function name matches this direct callee spelling."
"MVDM-FIRST-CANDIDATE-002560"	"DeleteFileOem"	"remains-first-degree-external-interface"	""	""	"No canonical zero-degree function name matches this direct callee spelling."
"MVDM-FIRST-CANDIDATE-002561"	"RemoveFontResourceOem"	"remains-first-degree-external-interface"	""	""	"No canonical zero-degree function name matches this direct callee spelling."
"MVDM-FIRST-CANDIDATE-002562"	"DeleteFileOem"	"remains-first-degree-external-interface"	""	""	"No canonical zero-degree function name matches this direct callee spelling."
"MVDM-FIRST-CANDIDATE-002563"	"GetFileAttributesOem"	"remains-first-degree-external-interface"	""	""	"No canonical zero-degree function name matches this direct callee spelling."
"MVDM-FIRST-CANDIDATE-002564"	"SetFileAttributesOem"	"remains-first-degree-external-interface"	""	""	"No canonical zero-degree function name matches this direct callee spelling."
"MVDM-FIRST-CANDIDATE-002565"	"OpenProcess"	"remains-first-degree-external-interface"	""	""	"No canonical zero-degree function name matches this direct callee spelling."
"MVDM-FIRST-CANDIDATE-002566"	"GetCurrentThreadId"	"remains-first-degree-external-interface"	""	""	"No canonical zero-degree function name matches this direct callee spelling."
"MVDM-FIRST-CANDIDATE-002567"	"GetCurrentThreadId"	"remains-first-degree-external-interface"	""	""	"No canonical zero-degree function name matches this direct callee spelling."
"MVDM-FIRST-CANDIDATE-002568"	"GetCurrentThreadId"	"remains-first-degree-external-interface"	""	""	"No canonical zero-degree function name matches this direct callee spelling."
"MVDM-FIRST-CANDIDATE-002569"	"ExitVDM"	"remains-first-degree-external-interface"	""	""	"No canonical zero-degree function name matches this direct callee spelling."
"MVDM-FIRST-CANDIDATE-002570"	"ExitProcess"	"remains-first-degree-external-interface"	""	""	"No canonical zero-degree function name matches this direct callee spelling."
"MVDM-FIRST-CANDIDATE-002571"	"ExitVDM"	"remains-first-degree-external-interface"	""	""	"No canonical zero-degree function name matches this direct callee spelling."
"MVDM-FIRST-CANDIDATE-002572"	"ExitProcess"	"remains-first-degree-external-interface"	""	""	"No canonical zero-degree function name matches this direct callee spelling."
"MVDM-FIRST-CANDIDATE-002573"	"RaiseException"	"remains-first-degree-external-interface"	""	""	"No canonical zero-degree function name matches this direct callee spelling."
"MVDM-FIRST-CANDIDATE-002574"	"RaiseException"	"remains-first-degree-external-interface"	""	""	"No canonical zero-degree function name matches this direct callee spelling."
"MVDM-FIRST-CANDIDATE-002575"	"MessageBeep"	"remains-first-degree-external-interface"	""	""	"No canonical zero-degree function name matches this direct callee spelling."
"MVDM-FIRST-CANDIDATE-002576"	"RtlCharToInteger"	"remains-first-degree-external-interface"	""	""	"No canonical zero-degree function name matches this direct callee spelling."
"MVDM-FIRST-CANDIDATE-002577"	"GetFileTime"	"remains-first-degree-external-interface"	""	""	"No canonical zero-degree function name matches this direct callee spelling."
"MVDM-FIRST-CANDIDATE-002578"	"VirtualAlloc"	"remains-first-degree-external-interface"	""	""	"No canonical zero-degree function name matches this direct callee spelling."
"MVDM-FIRST-CANDIDATE-002579"	"VirtualFree"	"remains-first-degree-external-interface"	""	""	"No canonical zero-degree function name matches this direct callee spelling."
"MVDM-FIRST-CANDIDATE-002580"	"GlobalMemoryStatus"	"remains-first-degree-external-interface"	""	""	"No canonical zero-degree function name matches this direct callee spelling."
"MVDM-FIRST-CANDIDATE-002581"	"UnpackDDElParam"	"remains-first-degree-external-interface"	""	""	"No canonical zero-degree function name matches this direct callee spelling."
"MVDM-FIRST-CANDIDATE-002582"	"FreeDDElParam"	"remains-first-degree-external-interface"	""	""	"No canonical zero-degree function name matches this direct callee spelling."
"MVDM-FIRST-CANDIDATE-002583"	"FreeDDElParam"	"remains-first-degree-external-interface"	""	""	"No canonical zero-degree function name matches this direct callee spelling."
"MVDM-FIRST-CANDIDATE-002584"	"UnpackDDElParam"	"remains-first-degree-external-interface"	""	""	"No canonical zero-degree function name matches this direct callee spelling."
"MVDM-FIRST-CANDIDATE-002585"	"FreeDDElParam"	"remains-first-degree-external-interface"	""	""	"No canonical zero-degree function name matches this direct callee spelling."
"MVDM-FIRST-CANDIDATE-002586"	"FreeDDElParam"	"remains-first-degree-external-interface"	""	""	"No canonical zero-degree function name matches this direct callee spelling."
"MVDM-FIRST-CANDIDATE-002587"	"UnpackDDElParam"	"remains-first-degree-external-interface"	""	""	"No canonical zero-degree function name matches this direct callee spelling."
"MVDM-FIRST-CANDIDATE-002588"	"FreeDDElParam"	"remains-first-degree-external-interface"	""	""	"No canonical zero-degree function name matches this direct callee spelling."
"MVDM-FIRST-CANDIDATE-002589"	"FreeDDElParam"	"remains-first-degree-external-interface"	""	""	"No canonical zero-degree function name matches this direct callee spelling."
"MVDM-FIRST-CANDIDATE-002590"	"FreeDDElParam"	"remains-first-degree-external-interface"	""	""	"No canonical zero-degree function name matches this direct callee spelling."
"MVDM-FIRST-CANDIDATE-002591"	"UnpackDDElParam"	"remains-first-degree-external-interface"	""	""	"No canonical zero-degree function name matches this direct callee spelling."
"MVDM-FIRST-CANDIDATE-002592"	"FreeDDElParam"	"remains-first-degree-external-interface"	""	""	"No canonical zero-degree function name matches this direct callee spelling."
"MVDM-FIRST-CANDIDATE-002593"	"FreeDDElParam"	"remains-first-degree-external-interface"	""	""	"No canonical zero-degree function name matches this direct callee spelling."
"MVDM-FIRST-CANDIDATE-002594"	"FreeDDElParam"	"remains-first-degree-external-interface"	""	""	"No canonical zero-degree function name matches this direct callee spelling."
"MVDM-FIRST-CANDIDATE-002595"	"PackDDElParam"	"remains-first-degree-external-interface"	""	""	"No canonical zero-degree function name matches this direct callee spelling."
"MVDM-FIRST-CANDIDATE-002596"	"PackDDElParam"	"remains-first-degree-external-interface"	""	""	"No canonical zero-degree function name matches this direct callee spelling."
"MVDM-FIRST-CANDIDATE-002597"	"PackDDElParam"	"remains-first-degree-external-interface"	""	""	"No canonical zero-degree function name matches this direct callee spelling."
"MVDM-FIRST-CANDIDATE-002598"	"PackDDElParam"	"remains-first-degree-external-interface"	""	""	"No canonical zero-degree function name matches this direct callee spelling."
"MVDM-FIRST-CANDIDATE-002599"	"PackDDElParam"	"remains-first-degree-external-interface"	""	""	"No canonical zero-degree function name matches this direct callee spelling."
"MVDM-FIRST-CANDIDATE-002600"	"PackDDElParam"	"remains-first-degree-external-interface"	""	""	"No canonical zero-degree function name matches this direct callee spelling."
"MVDM-FIRST-CANDIDATE-002601"	"PackDDElParam"	"remains-first-degree-external-interface"	""	""	"No canonical zero-degree function name matches this direct callee spelling."
"MVDM-FIRST-CANDIDATE-002602"	"PackDDElParam"	"remains-first-degree-external-interface"	""	""	"No canonical zero-degree function name matches this direct callee spelling."
"MVDM-FIRST-CANDIDATE-002603"	"PackDDElParam"	"remains-first-degree-external-interface"	""	""	"No canonical zero-degree function name matches this direct callee spelling."
"MVDM-FIRST-CANDIDATE-002604"	"PackDDElParam"	"remains-first-degree-external-interface"	""	""	"No canonical zero-degree function name matches this direct callee spelling."
"MVDM-FIRST-CANDIDATE-002605"	"NtOpenThread"	"remains-first-degree-external-interface"	""	""	"No canonical zero-degree function name matches this direct callee spelling."
"MVDM-FIRST-CANDIDATE-002606"	"NtQueryInformationThread"	"remains-first-degree-external-interface"	""	""	"No canonical zero-degree function name matches this direct callee spelling."
"MVDM-FIRST-CANDIDATE-002607"	"GetThreadTimes"	"remains-first-degree-external-interface"	""	""	"No canonical zero-degree function name matches this direct callee spelling."
"MVDM-FIRST-CANDIDATE-002608"	"NtClose"	"remains-first-degree-external-interface"	""	""	"No canonical zero-degree function name matches this direct callee spelling."
"MVDM-FIRST-CANDIDATE-002609"	"NtQuerySystemInformation"	"remains-first-degree-external-interface"	""	""	"No canonical zero-degree function name matches this direct callee spelling."
"MVDM-FIRST-CANDIDATE-002610"	"RtlUnicodeStringToAnsiString"	"remains-first-degree-external-interface"	""	""	"No canonical zero-degree function name matches this direct callee spelling."
"MVDM-FIRST-CANDIDATE-002611"	"RtlFreeAnsiString"	"remains-first-degree-external-interface"	""	""	"No canonical zero-degree function name matches this direct callee spelling."
"MVDM-FIRST-CANDIDATE-002612"	"HeapCreate"	"remains-first-degree-external-interface"	""	""	"No canonical zero-degree function name matches this direct callee spelling."
"MVDM-FIRST-CANDIDATE-002613"	"GdiQueryTable"	"remains-first-degree-external-interface"	""	""	"No canonical zero-degree function name matches this direct callee spelling."
"MVDM-FIRST-CANDIDATE-002614"	"RegisterWowBaseHandlers"	"remains-first-degree-external-interface"	""	""	"No canonical zero-degree function name matches this direct callee spelling."
"MVDM-FIRST-CANDIDATE-002615"	"HeapDestroy"	"remains-first-degree-external-interface"	""	""	"No canonical zero-degree function name matches this direct callee spelling."
"MVDM-FIRST-CANDIDATE-002616"	"SetEvent"	"remains-first-degree-external-interface"	""	""	"No canonical zero-degree function name matches this direct callee spelling."
"MVDM-FIRST-CANDIDATE-002617"	"ShowStartGlass"	"remains-first-degree-external-interface"	""	""	"No canonical zero-degree function name matches this direct callee spelling."
"MVDM-FIRST-CANDIDATE-002618"	"UserRegisterWowHandlers"	"remains-first-degree-external-interface"	""	""	"No canonical zero-degree function name matches this direct callee spelling."
"MVDM-FIRST-CANDIDATE-002619"	"RegisterWowBaseHandlers"	"remains-first-degree-external-interface"	""	""	"No canonical zero-degree function name matches this direct callee spelling."
"MVDM-FIRST-CANDIDATE-002620"	"SetPriorityClass"	"remains-first-degree-external-interface"	""	""	"No canonical zero-degree function name matches this direct callee spelling."
"MVDM-FIRST-CANDIDATE-002621"	"IsW32WorkerException"	"remains-first-degree-external-interface"	""	""	"No canonical zero-degree function name matches this direct callee spelling."
"MVDM-FIRST-CANDIDATE-002622"	"W32SetExceptionContext"	"remains-first-degree-external-interface"	""	""	"No canonical zero-degree function name matches this direct callee spelling."
"MVDM-FIRST-CANDIDATE-002623"	"IsW32WorkerException"	"remains-first-degree-external-interface"	""	""	"No canonical zero-degree function name matches this direct callee spelling."
"MVDM-FIRST-CANDIDATE-002624"	"W32SetExceptionContext"	"remains-first-degree-external-interface"	""	""	"No canonical zero-degree function name matches this direct callee spelling."
"MVDM-FIRST-CANDIDATE-002625"	"NtQueryInformationProcess"	"remains-first-degree-external-interface"	""	""	"No canonical zero-degree function name matches this direct callee spelling."
"MVDM-FIRST-CANDIDATE-002626"	"RtlPcToFileHeader"	"remains-first-degree-external-interface"	""	""	"No canonical zero-degree function name matches this direct callee spelling."
"MVDM-FIRST-CANDIDATE-002627"	"CsrIdentifyAlertableThread"	"remains-first-degree-external-interface"	""	""	"No canonical zero-degree function name matches this direct callee spelling."
"MVDM-FIRST-CANDIDATE-002628"	"NtWaitForSingleObject"	"remains-first-degree-external-interface"	""	""	"No canonical zero-degree function name matches this direct callee spelling."
"MVDM-FIRST-CANDIDATE-002629"	"SetErrorMode"	"remains-first-degree-external-interface"	""	""	"No canonical zero-degree function name matches this direct callee spelling."
"MVDM-FIRST-CANDIDATE-002630"	"NtQuerySystemInformation"	"remains-first-degree-external-interface"	""	""	"No canonical zero-degree function name matches this direct callee spelling."
"MVDM-FIRST-CANDIDATE-002631"	"NtQueryInformationProcess"	"remains-first-degree-external-interface"	""	""	"No canonical zero-degree function name matches this direct callee spelling."
"MVDM-FIRST-CANDIDATE-002632"	"SetErrorMode"	"remains-first-degree-external-interface"	""	""	"No canonical zero-degree function name matches this direct callee spelling."
"MVDM-FIRST-CANDIDATE-002633"	"RaiseException"	"remains-first-degree-external-interface"	""	""	"No canonical zero-degree function name matches this direct callee spelling."
"MVDM-FIRST-CANDIDATE-002634"	"SetErrorMode"	"remains-first-degree-external-interface"	""	""	"No canonical zero-degree function name matches this direct callee spelling."
"MVDM-FIRST-CANDIDATE-002635"	"FlushFileBuffers"	"remains-first-degree-external-interface"	""	""	"No canonical zero-degree function name matches this direct callee spelling."
"MVDM-FIRST-CANDIDATE-002636"	"HeapReAlloc"	"remains-first-degree-external-interface"	""	""	"No canonical zero-degree function name matches this direct callee spelling."
"MVDM-FIRST-CANDIDATE-002637"	"GetDesktopWindow"	"remains-first-degree-external-interface"	""	""	"No canonical zero-degree function name matches this direct callee spelling."
"MVDM-FIRST-CANDIDATE-002638"	"ExitVDM"	"remains-first-degree-external-interface"	""	""	"No canonical zero-degree function name matches this direct callee spelling."
"MVDM-FIRST-CANDIDATE-002639"	"ExitProcess"	"remains-first-degree-external-interface"	""	""	"No canonical zero-degree function name matches this direct callee spelling."
"MVDM-FIRST-CANDIDATE-002640"	"NtQueryPerformanceCounter"	"remains-first-degree-external-interface"	""	""	"No canonical zero-degree function name matches this direct callee spelling."
"MVDM-FIRST-CANDIDATE-002641"	"GetFaxDataMapName"	"remains-first-degree-external-interface"	""	""	"No canonical zero-degree function name matches this direct callee spelling."
"MVDM-FIRST-CANDIDATE-002642"	"GetWindowThreadProcessId"	"remains-first-degree-external-interface"	""	""	"No canonical zero-degree function name matches this direct callee spelling."
"MVDM-FIRST-CANDIDATE-002643"	"RtlMultiByteToUnicodeN"	"remains-first-degree-external-interface"	""	""	"No canonical zero-degree function name matches this direct callee spelling."
"MVDM-FIRST-CANDIDATE-002644"	"GdiCleanCacheDC"	"remains-first-degree-external-interface"	""	""	"No canonical zero-degree function name matches this direct callee spelling."
"MVDM-FIRST-CANDIDATE-002645"	"GdiFlush"	"remains-first-degree-external-interface"	""	""	"No canonical zero-degree function name matches this direct callee spelling."
"MVDM-FIRST-CANDIDATE-002646"	"RtlMultiByteToUnicodeN"	"remains-first-degree-external-interface"	""	""	"No canonical zero-degree function name matches this direct callee spelling."
"MVDM-FIRST-CANDIDATE-002647"	"RtlMultiByteToUnicodeN"	"remains-first-degree-external-interface"	""	""	"No canonical zero-degree function name matches this direct callee spelling."
"MVDM-FIRST-CANDIDATE-002648"	"RtlMultiByteToUnicodeN"	"remains-first-degree-external-interface"	""	""	"No canonical zero-degree function name matches this direct callee spelling."
"MVDM-FIRST-CANDIDATE-002649"	"RtlMultiByteToUnicodeN"	"remains-first-degree-external-interface"	""	""	"No canonical zero-degree function name matches this direct callee spelling."
"MVDM-FIRST-CANDIDATE-002650"	"RtlMultiByteToUnicodeN"	"remains-first-degree-external-interface"	""	""	"No canonical zero-degree function name matches this direct callee spelling."
"MVDM-FIRST-CANDIDATE-002651"	"LoadResource"	"remains-first-degree-external-interface"	""	""	"No canonical zero-degree function name matches this direct callee spelling."
"MVDM-FIRST-CANDIDATE-002652"	"SizeofResource"	"remains-first-degree-external-interface"	""	""	"No canonical zero-degree function name matches this direct callee spelling."
"MVDM-FIRST-CANDIDATE-002653"	"RtlEnterCriticalSection"	"remains-first-degree-external-interface"	""	""	"No canonical zero-degree function name matches this direct callee spelling."
"MVDM-FIRST-CANDIDATE-002654"	"RtlLeaveCriticalSection"	"remains-first-degree-external-interface"	""	""	"No canonical zero-degree function name matches this direct callee spelling."
"MVDM-FIRST-CANDIDATE-002655"	"RtlEnterCriticalSection"	"remains-first-degree-external-interface"	""	""	"No canonical zero-degree function name matches this direct callee spelling."
"MVDM-FIRST-CANDIDATE-002656"	"RtlLeaveCriticalSection"	"remains-first-degree-external-interface"	""	""	"No canonical zero-degree function name matches this direct callee spelling."
"MVDM-FIRST-CANDIDATE-002657"	"RtlEnterCriticalSection"	"remains-first-degree-external-interface"	""	""	"No canonical zero-degree function name matches this direct callee spelling."
"MVDM-FIRST-CANDIDATE-002658"	"RtlLeaveCriticalSection"	"remains-first-degree-external-interface"	""	""	"No canonical zero-degree function name matches this direct callee spelling."
"MVDM-FIRST-CANDIDATE-002659"	"RtlEnterCriticalSection"	"remains-first-degree-external-interface"	""	""	"No canonical zero-degree function name matches this direct callee spelling."
"MVDM-FIRST-CANDIDATE-002660"	"RtlLeaveCriticalSection"	"remains-first-degree-external-interface"	""	""	"No canonical zero-degree function name matches this direct callee spelling."
"MVDM-FIRST-CANDIDATE-002661"	"RtlEnterCriticalSection"	"remains-first-degree-external-interface"	""	""	"No canonical zero-degree function name matches this direct callee spelling."
"MVDM-FIRST-CANDIDATE-002662"	"RtlLeaveCriticalSection"	"remains-first-degree-external-interface"	""	""	"No canonical zero-degree function name matches this direct callee spelling."
"MVDM-FIRST-CANDIDATE-002663"	"RtlEnterCriticalSection"	"remains-first-degree-external-interface"	""	""	"No canonical zero-degree function name matches this direct callee spelling."
"MVDM-FIRST-CANDIDATE-002664"	"RtlLeaveCriticalSection"	"remains-first-degree-external-interface"	""	""	"No canonical zero-degree function name matches this direct callee spelling."
"MVDM-FIRST-CANDIDATE-002665"	"RtlEnterCriticalSection"	"remains-first-degree-external-interface"	""	""	"No canonical zero-degree function name matches this direct callee spelling."
"MVDM-FIRST-CANDIDATE-002666"	"RtlLeaveCriticalSection"	"remains-first-degree-external-interface"	""	""	"No canonical zero-degree function name matches this direct callee spelling."
"MVDM-FIRST-CANDIDATE-002667"	"RtlLeaveCriticalSection"	"remains-first-degree-external-interface"	""	""	"No canonical zero-degree function name matches this direct callee spelling."
"MVDM-FIRST-CANDIDATE-002668"	"RtlInitializeCriticalSection"	"remains-first-degree-external-interface"	""	""	"No canonical zero-degree function name matches this direct callee spelling."
"MVDM-FIRST-CANDIDATE-002669"	"TlsAlloc"	"remains-first-degree-external-interface"	""	""	"No canonical zero-degree function name matches this direct callee spelling."
"MVDM-FIRST-CANDIDATE-002670"	"RtlDeleteCriticalSection"	"remains-first-degree-external-interface"	""	""	"No canonical zero-degree function name matches this direct callee spelling."
"MVDM-FIRST-CANDIDATE-002671"	"TlsSetValue"	"remains-first-degree-external-interface"	""	""	"No canonical zero-degree function name matches this direct callee spelling."
"MVDM-FIRST-CANDIDATE-002672"	"TlsSetValue"	"remains-first-degree-external-interface"	""	""	"No canonical zero-degree function name matches this direct callee spelling."
"MVDM-FIRST-CANDIDATE-002673"	"TlsSetValue"	"remains-first-degree-external-interface"	""	""	"No canonical zero-degree function name matches this direct callee spelling."
"MVDM-FIRST-CANDIDATE-002674"	"TlsSetValue"	"remains-first-degree-external-interface"	""	""	"No canonical zero-degree function name matches this direct callee spelling."
"MVDM-FIRST-CANDIDATE-002675"	"TlsSetValue"	"remains-first-degree-external-interface"	""	""	"No canonical zero-degree function name matches this direct callee spelling."
"MVDM-FIRST-CANDIDATE-002676"	"TlsGetValue"	"remains-first-degree-external-interface"	""	""	"No canonical zero-degree function name matches this direct callee spelling."
"MVDM-FIRST-CANDIDATE-002677"	"TlsSetValue"	"remains-first-degree-external-interface"	""	""	"No canonical zero-degree function name matches this direct callee spelling."
"MVDM-FIRST-CANDIDATE-002678"	"RtlEnterCriticalSection"	"remains-first-degree-external-interface"	""	""	"No canonical zero-degree function name matches this direct callee spelling."
"MVDM-FIRST-CANDIDATE-002679"	"RtlLeaveCriticalSection"	"remains-first-degree-external-interface"	""	""	"No canonical zero-degree function name matches this direct callee spelling."
"MVDM-FIRST-CANDIDATE-002680"	"TlsSetValue"	"remains-first-degree-external-interface"	""	""	"No canonical zero-degree function name matches this direct callee spelling."
"MVDM-FIRST-CANDIDATE-002681"	"DragAcceptFiles"	"remains-first-degree-external-interface"	""	""	"No canonical zero-degree function name matches this direct callee spelling."
"MVDM-FIRST-CANDIDATE-002682"	"DragQueryFileAorW"	"remains-first-degree-external-interface"	""	""	"No canonical zero-degree function name matches this direct callee spelling."
"MVDM-FIRST-CANDIDATE-002683"	"WOWShellExecute"	"remains-first-degree-external-interface"	""	""	"No canonical zero-degree function name matches this direct callee spelling."
"MVDM-FIRST-CANDIDATE-002684"	"RtlUnicodeToMultiByteN"	"remains-first-degree-external-interface"	""	""	"No canonical zero-degree function name matches this direct callee spelling."
"MVDM-FIRST-CANDIDATE-002685"	"MessageBeep"	"remains-first-degree-external-interface"	""	""	"No canonical zero-degree function name matches this direct callee spelling."
"MVDM-FIRST-CANDIDATE-002686"	"RtlEnterCriticalSection"	"remains-first-degree-external-interface"	""	""	"No canonical zero-degree function name matches this direct callee spelling."
"MVDM-FIRST-CANDIDATE-002687"	"RtlLeaveCriticalSection"	"remains-first-degree-external-interface"	""	""	"No canonical zero-degree function name matches this direct callee spelling."
"MVDM-FIRST-CANDIDATE-002688"	"RtlLeaveCriticalSection"	"remains-first-degree-external-interface"	""	""	"No canonical zero-degree function name matches this direct callee spelling."
"MVDM-FIRST-CANDIDATE-002689"	"RtlLeaveCriticalSection"	"remains-first-degree-external-interface"	""	""	"No canonical zero-degree function name matches this direct callee spelling."
"MVDM-FIRST-CANDIDATE-002690"	"RtlLeaveCriticalSection"	"remains-first-degree-external-interface"	""	""	"No canonical zero-degree function name matches this direct callee spelling."
"MVDM-FIRST-CANDIDATE-002691"	"RtlLeaveCriticalSection"	"remains-first-degree-external-interface"	""	""	"No canonical zero-degree function name matches this direct callee spelling."
"MVDM-FIRST-CANDIDATE-002692"	"RtlEnterCriticalSection"	"remains-first-degree-external-interface"	""	""	"No canonical zero-degree function name matches this direct callee spelling."
"MVDM-FIRST-CANDIDATE-002693"	"RtlLeaveCriticalSection"	"remains-first-degree-external-interface"	""	""	"No canonical zero-degree function name matches this direct callee spelling."
"MVDM-FIRST-CANDIDATE-002694"	"RtlLeaveCriticalSection"	"remains-first-degree-external-interface"	""	""	"No canonical zero-degree function name matches this direct callee spelling."
"MVDM-FIRST-CANDIDATE-002695"	"RtlEnterCriticalSection"	"remains-first-degree-external-interface"	""	""	"No canonical zero-degree function name matches this direct callee spelling."
"MVDM-FIRST-CANDIDATE-002696"	"RtlLeaveCriticalSection"	"remains-first-degree-external-interface"	""	""	"No canonical zero-degree function name matches this direct callee spelling."
"MVDM-FIRST-CANDIDATE-002697"	"RtlLeaveCriticalSection"	"remains-first-degree-external-interface"	""	""	"No canonical zero-degree function name matches this direct callee spelling."
"MVDM-FIRST-CANDIDATE-002698"	"GetKeyState"	"remains-first-degree-external-interface"	""	""	"No canonical zero-degree function name matches this direct callee spelling."
"MVDM-FIRST-CANDIDATE-002699"	"GetKeyState"	"remains-first-degree-external-interface"	""	""	"No canonical zero-degree function name matches this direct callee spelling."
"MVDM-FIRST-CANDIDATE-002700"	"GetWindowThreadProcessId"	"remains-first-degree-external-interface"	""	""	"No canonical zero-degree function name matches this direct callee spelling."
"MVDM-FIRST-CANDIDATE-002701"	"DestroyCaret"	"remains-first-degree-external-interface"	""	""	"No canonical zero-degree function name matches this direct callee spelling."
"MVDM-FIRST-CANDIDATE-002702"	"GetCaretBlinkTime"	"remains-first-degree-external-interface"	""	""	"No canonical zero-degree function name matches this direct callee spelling."
"MVDM-FIRST-CANDIDATE-002703"	"GetCaretPos"	"remains-first-degree-external-interface"	""	""	"No canonical zero-degree function name matches this direct callee spelling."
"MVDM-FIRST-CANDIDATE-002704"	"SetCaretBlinkTime"	"remains-first-degree-external-interface"	""	""	"No canonical zero-degree function name matches this direct callee spelling."
"MVDM-FIRST-CANDIDATE-002705"	"SetCaretPos"	"remains-first-degree-external-interface"	""	""	"No canonical zero-degree function name matches this direct callee spelling."
"MVDM-FIRST-CANDIDATE-002706"	"GetObjectType"	"remains-first-degree-external-interface"	""	""	"No canonical zero-degree function name matches this direct callee spelling."
"MVDM-FIRST-CANDIDATE-002707"	"CountClipboardFormats"	"remains-first-degree-external-interface"	""	""	"No canonical zero-degree function name matches this direct callee spelling."
"MVDM-FIRST-CANDIDATE-002708"	"GetClipboardData"	"remains-first-degree-external-interface"	""	""	"No canonical zero-degree function name matches this direct callee spelling."
"MVDM-FIRST-CANDIDATE-002709"	"GetClipboardData"	"remains-first-degree-external-interface"	""	""	"No canonical zero-degree function name matches this direct callee spelling."
"MVDM-FIRST-CANDIDATE-002710"	"GetClipboardData"	"remains-first-degree-external-interface"	""	""	"No canonical zero-degree function name matches this direct callee spelling."
"MVDM-FIRST-CANDIDATE-002711"	"GetClipboardData"	"remains-first-degree-external-interface"	""	""	"No canonical zero-degree function name matches this direct callee spelling."
"MVDM-FIRST-CANDIDATE-002712"	"GetClipboardData"	"remains-first-degree-external-interface"	""	""	"No canonical zero-degree function name matches this direct callee spelling."
"MVDM-FIRST-CANDIDATE-002713"	"GetClipboardData"	"remains-first-degree-external-interface"	""	""	"No canonical zero-degree function name matches this direct callee spelling."
"MVDM-FIRST-CANDIDATE-002714"	"GetClipboardViewer"	"remains-first-degree-external-interface"	""	""	"No canonical zero-degree function name matches this direct callee spelling."
"MVDM-FIRST-CANDIDATE-002715"	"ClearCommBreak"	"remains-first-degree-external-interface"	""	""	"No canonical zero-degree function name matches this direct callee spelling."
"MVDM-FIRST-CANDIDATE-002716"	"IsWindow"	"remains-first-degree-external-interface"	""	""	"No canonical zero-degree function name matches this direct callee spelling."
"MVDM-FIRST-CANDIDATE-002717"	"EscapeCommFunction"	"remains-first-degree-external-interface"	""	""	"No canonical zero-degree function name matches this direct callee spelling."
"MVDM-FIRST-CANDIDATE-002718"	"PurgeComm"	"remains-first-degree-external-interface"	""	""	"No canonical zero-degree function name matches this direct callee spelling."
"MVDM-FIRST-CANDIDATE-002719"	"GetCommState"	"remains-first-degree-external-interface"	""	""	"No canonical zero-degree function name matches this direct callee spelling."
"MVDM-FIRST-CANDIDATE-002720"	"SetupComm"	"remains-first-degree-external-interface"	""	""	"No canonical zero-degree function name matches this direct callee spelling."
"MVDM-FIRST-CANDIDATE-002721"	"SetCommTimeouts"	"remains-first-degree-external-interface"	""	""	"No canonical zero-degree function name matches this direct callee spelling."
"MVDM-FIRST-CANDIDATE-002722"	"PurgeComm"	"remains-first-degree-external-interface"	""	""	"No canonical zero-degree function name matches this direct callee spelling."
"MVDM-FIRST-CANDIDATE-002723"	"PurgeComm"	"remains-first-degree-external-interface"	""	""	"No canonical zero-degree function name matches this direct callee spelling."
"MVDM-FIRST-CANDIDATE-002724"	"CreateThread"	"remains-first-degree-external-interface"	""	""	"No canonical zero-degree function name matches this direct callee spelling."
"MVDM-FIRST-CANDIDATE-002725"	"GetOverlappedResult"	"remains-first-degree-external-interface"	""	""	"No canonical zero-degree function name matches this direct callee spelling."
"MVDM-FIRST-CANDIDATE-002726"	"GetOverlappedResult"	"remains-first-degree-external-interface"	""	""	"No canonical zero-degree function name matches this direct callee spelling."
"MVDM-FIRST-CANDIDATE-002727"	"SetCommBreak"	"remains-first-degree-external-interface"	""	""	"No canonical zero-degree function name matches this direct callee spelling."
"MVDM-FIRST-CANDIDATE-002728"	"GetCommModemStatus"	"remains-first-degree-external-interface"	""	""	"No canonical zero-degree function name matches this direct callee spelling."
"MVDM-FIRST-CANDIDATE-002729"	"TransmitCommChar"	"remains-first-degree-external-interface"	""	""	"No canonical zero-degree function name matches this direct callee spelling."
"MVDM-FIRST-CANDIDATE-002730"	"GetOverlappedResult"	"remains-first-degree-external-interface"	""	""	"No canonical zero-degree function name matches this direct callee spelling."
"MVDM-FIRST-CANDIDATE-002731"	"PurgeComm"	"remains-first-degree-external-interface"	""	""	"No canonical zero-degree function name matches this direct callee spelling."
"MVDM-FIRST-CANDIDATE-002732"	"PurgeComm"	"remains-first-degree-external-interface"	""	""	"No canonical zero-degree function name matches this direct callee spelling."
"MVDM-FIRST-CANDIDATE-002733"	"SetCommMask"	"remains-first-degree-external-interface"	""	""	"No canonical zero-degree function name matches this direct callee spelling."
"MVDM-FIRST-CANDIDATE-002734"	"SetEvent"	"remains-first-degree-external-interface"	""	""	"No canonical zero-degree function name matches this direct callee spelling."
"MVDM-FIRST-CANDIDATE-002735"	"CreateThread"	"remains-first-degree-external-interface"	""	""	"No canonical zero-degree function name matches this direct callee spelling."
"MVDM-FIRST-CANDIDATE-002736"	"SetCommMask"	"remains-first-degree-external-interface"	""	""	"No canonical zero-degree function name matches this direct callee spelling."
"MVDM-FIRST-CANDIDATE-002737"	"SetEvent"	"remains-first-degree-external-interface"	""	""	"No canonical zero-degree function name matches this direct callee spelling."
"MVDM-FIRST-CANDIDATE-002738"	"WaitCommEvent"	"remains-first-degree-external-interface"	""	""	"No canonical zero-degree function name matches this direct callee spelling."
"MVDM-FIRST-CANDIDATE-002739"	"GetOverlappedResult"	"remains-first-degree-external-interface"	""	""	"No canonical zero-degree function name matches this direct callee spelling."
"MVDM-FIRST-CANDIDATE-002740"	"GetCommModemStatus"	"remains-first-degree-external-interface"	""	""	"No canonical zero-degree function name matches this direct callee spelling."
"MVDM-FIRST-CANDIDATE-002741"	"ExitThread"	"remains-first-degree-external-interface"	""	""	"No canonical zero-degree function name matches this direct callee spelling."
"MVDM-FIRST-CANDIDATE-002742"	"ClearCommError"	"remains-first-degree-external-interface"	""	""	"No canonical zero-degree function name matches this direct callee spelling."
"MVDM-FIRST-CANDIDATE-002743"	"GetCommModemStatus"	"remains-first-degree-external-interface"	""	""	"No canonical zero-degree function name matches this direct callee spelling."
"MVDM-FIRST-CANDIDATE-002744"	"SetEvent"	"remains-first-degree-external-interface"	""	""	"No canonical zero-degree function name matches this direct callee spelling."
"MVDM-FIRST-CANDIDATE-002745"	"WaitForMultipleObjects"	"remains-first-degree-external-interface"	""	""	"No canonical zero-degree function name matches this direct callee spelling."
"MVDM-FIRST-CANDIDATE-002746"	"GetOverlappedResult"	"remains-first-degree-external-interface"	""	""	"No canonical zero-degree function name matches this direct callee spelling."
"MVDM-FIRST-CANDIDATE-002747"	"GetTickCount"	"remains-first-degree-external-interface"	""	""	"No canonical zero-degree function name matches this direct callee spelling."
"MVDM-FIRST-CANDIDATE-002748"	"GetCommModemStatus"	"remains-first-degree-external-interface"	""	""	"No canonical zero-degree function name matches this direct callee spelling."
"MVDM-FIRST-CANDIDATE-002749"	"GetTickCount"	"remains-first-degree-external-interface"	""	""	"No canonical zero-degree function name matches this direct callee spelling."
"MVDM-FIRST-CANDIDATE-002750"	"SetCursorPos"	"remains-first-degree-external-interface"	""	""	"No canonical zero-degree function name matches this direct callee spelling."
"MVDM-FIRST-CANDIDATE-002751"	"ShowCursor"	"remains-first-degree-external-interface"	""	""	"No canonical zero-degree function name matches this direct callee spelling."
"MVDM-FIRST-CANDIDATE-002752"	"wsprintfW"	"remains-first-degree-external-interface"	""	""	"No canonical zero-degree function name matches this direct callee spelling."
"MVDM-FIRST-CANDIDATE-002753"	"CheckRadioButton"	"remains-first-degree-external-interface"	""	""	"No canonical zero-degree function name matches this direct callee spelling."
"MVDM-FIRST-CANDIDATE-002754"	"DialogBoxIndirectParamAorW"	"remains-first-degree-external-interface"	""	""	"No canonical zero-degree function name matches this direct callee spelling."
"MVDM-FIRST-CANDIDATE-002755"	"GetDialogBaseUnits"	"remains-first-degree-external-interface"	""	""	"No canonical zero-degree function name matches this direct callee spelling."
"MVDM-FIRST-CANDIDATE-002756"	"SetDlgItemInt"	"remains-first-degree-external-interface"	""	""	"No canonical zero-degree function name matches this direct callee spelling."
"MVDM-FIRST-CANDIDATE-002757"	"GetWindowThreadProcessId"	"remains-first-degree-external-interface"	""	""	"No canonical zero-degree function name matches this direct callee spelling."
"MVDM-FIRST-CANDIDATE-002758"	"MessageBeep"	"remains-first-degree-external-interface"	""	""	"No canonical zero-degree function name matches this direct callee spelling."
"MVDM-FIRST-CANDIDATE-002759"	"CreateMenu"	"remains-first-degree-external-interface"	""	""	"No canonical zero-degree function name matches this direct callee spelling."
"MVDM-FIRST-CANDIDATE-002760"	"CreatePopupMenu"	"remains-first-degree-external-interface"	""	""	"No canonical zero-degree function name matches this direct callee spelling."
"MVDM-FIRST-CANDIDATE-002761"	"GetMenuCheckMarkDimensions"	"remains-first-degree-external-interface"	""	""	"No canonical zero-degree function name matches this direct callee spelling."
"MVDM-FIRST-CANDIDATE-002762"	"IsMenu"	"remains-first-degree-external-interface"	""	""	"No canonical zero-degree function name matches this direct callee spelling."
"MVDM-FIRST-CANDIDATE-002763"	"FreeDDElParam"	"remains-first-degree-external-interface"	""	""	"No canonical zero-degree function name matches this direct callee spelling."
"MVDM-FIRST-CANDIDATE-002764"	"GlobalDeleteAtom"	"remains-first-degree-external-interface"	""	""	"No canonical zero-degree function name matches this direct callee spelling."
"MVDM-FIRST-CANDIDATE-002765"	"GetMessagePos"	"remains-first-degree-external-interface"	""	""	"No canonical zero-degree function name matches this direct callee spelling."
"MVDM-FIRST-CANDIDATE-002766"	"GetMessageTime"	"remains-first-degree-external-interface"	""	""	"No canonical zero-degree function name matches this direct callee spelling."
"MVDM-FIRST-CANDIDATE-002767"	"InSendMessage"	"remains-first-degree-external-interface"	""	""	"No canonical zero-degree function name matches this direct callee spelling."
"MVDM-FIRST-CANDIDATE-002768"	"GlobalDeleteAtom"	"remains-first-degree-external-interface"	""	""	"No canonical zero-degree function name matches this direct callee spelling."
"MVDM-FIRST-CANDIDATE-002769"	"PostQuitMessage"	"remains-first-degree-external-interface"	""	""	"No canonical zero-degree function name matches this direct callee spelling."
"MVDM-FIRST-CANDIDATE-002770"	"GetKeyState"	"remains-first-degree-external-interface"	""	""	"No canonical zero-degree function name matches this direct callee spelling."
"MVDM-FIRST-CANDIDATE-002771"	"DragObject"	"remains-first-degree-external-interface"	""	""	"No canonical zero-degree function name matches this direct callee spelling."
"MVDM-FIRST-CANDIDATE-002772"	"DragDetect"	"remains-first-degree-external-interface"	""	""	"No canonical zero-degree function name matches this direct callee spelling."
"MVDM-FIRST-CANDIDATE-002773"	"GetAsyncKeyState"	"remains-first-degree-external-interface"	""	""	"No canonical zero-degree function name matches this direct callee spelling."
"MVDM-FIRST-CANDIDATE-002774"	"GetCapture"	"remains-first-degree-external-interface"	""	""	"No canonical zero-degree function name matches this direct callee spelling."
"MVDM-FIRST-CANDIDATE-002775"	"GetInputState"	"remains-first-degree-external-interface"	""	""	"No canonical zero-degree function name matches this direct callee spelling."
"MVDM-FIRST-CANDIDATE-002776"	"GlobalDeleteAtom"	"remains-first-degree-external-interface"	""	""	"No canonical zero-degree function name matches this direct callee spelling."
"MVDM-FIRST-CANDIDATE-002777"	"GetTextExtentPointA"	"remains-first-degree-external-interface"	""	""	"No canonical zero-degree function name matches this direct callee spelling."
"MVDM-FIRST-CANDIDATE-002778"	"MessageBeep"	"remains-first-degree-external-interface"	""	""	"No canonical zero-degree function name matches this direct callee spelling."
"MVDM-FIRST-CANDIDATE-002779"	"ReleaseCapture"	"remains-first-degree-external-interface"	""	""	"No canonical zero-degree function name matches this direct callee spelling."
"MVDM-FIRST-CANDIDATE-002780"	"SetCapture"	"remains-first-degree-external-interface"	""	""	"No canonical zero-degree function name matches this direct callee spelling."
"MVDM-FIRST-CANDIDATE-002781"	"SetDoubleClickTime"	"remains-first-degree-external-interface"	""	""	"No canonical zero-degree function name matches this direct callee spelling."
"MVDM-FIRST-CANDIDATE-002782"	"SwapMouseButton"	"remains-first-degree-external-interface"	""	""	"No canonical zero-degree function name matches this direct callee spelling."
"MVDM-FIRST-CANDIDATE-002783"	"GetCursor"	"remains-first-degree-external-interface"	""	""	"No canonical zero-degree function name matches this direct callee spelling."
"MVDM-FIRST-CANDIDATE-002784"	"GetMessageExtraInfo"	"remains-first-degree-external-interface"	""	""	"No canonical zero-degree function name matches this direct callee spelling."
"MVDM-FIRST-CANDIDATE-002785"	"GetOpenClipboardWindow"	"remains-first-degree-external-interface"	""	""	"No canonical zero-degree function name matches this direct callee spelling."
"MVDM-FIRST-CANDIDATE-002786"	"IsMenu"	"remains-first-degree-external-interface"	""	""	"No canonical zero-degree function name matches this direct callee spelling."
"MVDM-FIRST-CANDIDATE-002787"	"SetWindowPlacement"	"remains-first-degree-external-interface"	""	""	"No canonical zero-degree function name matches this direct callee spelling."
"MVDM-FIRST-CANDIDATE-002788"	"GetWindowPlacement"	"remains-first-degree-external-interface"	""	""	"No canonical zero-degree function name matches this direct callee spelling."
"MVDM-FIRST-CANDIDATE-002789"	"GetFreeSystemResources"	"remains-first-degree-external-interface"	""	""	"No canonical zero-degree function name matches this direct callee spelling."
"MVDM-FIRST-CANDIDATE-002790"	"SetEvent"	"remains-first-degree-external-interface"	""	""	"No canonical zero-degree function name matches this direct callee spelling."
"MVDM-FIRST-CANDIDATE-002791"	"GetProcessShutdownParameters"	"remains-first-degree-external-interface"	""	""	"No canonical zero-degree function name matches this direct callee spelling."
"MVDM-FIRST-CANDIDATE-002792"	"SetProcessShutdownParameters"	"remains-first-degree-external-interface"	""	""	"No canonical zero-degree function name matches this direct callee spelling."
"MVDM-FIRST-CANDIDATE-002793"	"ExitWindowsEx"	"remains-first-degree-external-interface"	""	""	"No canonical zero-degree function name matches this direct callee spelling."
"MVDM-FIRST-CANDIDATE-002794"	"SetProcessShutdownParameters"	"remains-first-degree-external-interface"	""	""	"No canonical zero-degree function name matches this direct callee spelling."
"MVDM-FIRST-CANDIDATE-002795"	"GetDesktopWindow"	"remains-first-degree-external-interface"	""	""	"No canonical zero-degree function name matches this direct callee spelling."
"MVDM-FIRST-CANDIDATE-002796"	"IsWindow"	"remains-first-degree-external-interface"	""	""	"No canonical zero-degree function name matches this direct callee spelling."
"MVDM-FIRST-CANDIDATE-002797"	"IsZoomed"	"remains-first-degree-external-interface"	""	""	"No canonical zero-degree function name matches this direct callee spelling."
"MVDM-FIRST-CANDIDATE-002798"	"GetTickCount"	"remains-first-degree-external-interface"	""	""	"No canonical zero-degree function name matches this direct callee spelling."
"MVDM-FIRST-CANDIDATE-002799"	"GetKeyState"	"remains-first-degree-external-interface"	""	""	"No canonical zero-degree function name matches this direct callee spelling."
"MVDM-FIRST-CANDIDATE-002800"	"IsWindow"	"remains-first-degree-external-interface"	""	""	"No canonical zero-degree function name matches this direct callee spelling."
"MVDM-FIRST-CANDIDATE-002801"	"AdjustWindowRect"	"remains-first-degree-external-interface"	""	""	"No canonical zero-degree function name matches this direct callee spelling."
"MVDM-FIRST-CANDIDATE-002802"	"AnyPopup"	"remains-first-degree-external-interface"	""	""	"No canonical zero-degree function name matches this direct callee spelling."
"MVDM-FIRST-CANDIDATE-002803"	"BeginDeferWindowPos"	"remains-first-degree-external-interface"	""	""	"No canonical zero-degree function name matches this direct callee spelling."
"MVDM-FIRST-CANDIDATE-002804"	"BringWindowToTop"	"remains-first-degree-external-interface"	""	""	"No canonical zero-degree function name matches this direct callee spelling."
"MVDM-FIRST-CANDIDATE-002805"	"EnumThreadWindows"	"remains-first-degree-external-interface"	""	""	"No canonical zero-degree function name matches this direct callee spelling."
"MVDM-FIRST-CANDIDATE-002806"	"GetForegroundWindow"	"remains-first-degree-external-interface"	""	""	"No canonical zero-degree function name matches this direct callee spelling."
"MVDM-FIRST-CANDIDATE-002807"	"GetWindowThreadProcessId"	"remains-first-degree-external-interface"	""	""	"No canonical zero-degree function name matches this direct callee spelling."
"MVDM-FIRST-CANDIDATE-002808"	"GetWindowThreadProcessId"	"remains-first-degree-external-interface"	""	""	"No canonical zero-degree function name matches this direct callee spelling."
"MVDM-FIRST-CANDIDATE-002809"	"GetDesktopWindow"	"remains-first-degree-external-interface"	""	""	"No canonical zero-degree function name matches this direct callee spelling."
"MVDM-FIRST-CANDIDATE-002810"	"ScrollWindow"	"remains-first-degree-external-interface"	""	""	"No canonical zero-degree function name matches this direct callee spelling."
"MVDM-FIRST-CANDIDATE-002811"	"WindowFromPoint"	"remains-first-degree-external-interface"	""	""	"No canonical zero-degree function name matches this direct callee spelling."
"MVDM-FIRST-CANDIDATE-002812"	"NtAllocateVirtualMemory"	"remains-first-degree-external-interface"	""	""	"No canonical zero-degree function name matches this direct callee spelling."
"MVDM-FIRST-CANDIDATE-002813"	"NtFreeVirtualMemory"	"remains-first-degree-external-interface"	""	""	"No canonical zero-degree function name matches this direct callee spelling."
"MVDM-FIRST-CANDIDATE-002814"	"SAInitialize"	"remains-first-degree-external-interface"	""	""	"No canonical zero-degree function name matches this direct callee spelling."
"MVDM-FIRST-CANDIDATE-002815"	"SAInitialize"	"remains-first-degree-external-interface"	""	""	"No canonical zero-degree function name matches this direct callee spelling."
"MVDM-FIRST-CANDIDATE-002816"	"SAAllocate"	"remains-first-degree-external-interface"	""	""	"No canonical zero-degree function name matches this direct callee spelling."
"MVDM-FIRST-CANDIDATE-002817"	"SAFree"	"remains-first-degree-external-interface"	""	""	"No canonical zero-degree function name matches this direct callee spelling."
"MVDM-FIRST-CANDIDATE-002818"	"SAReallocate"	"remains-first-degree-external-interface"	""	""	"No canonical zero-degree function name matches this direct callee spelling."
"MVDM-FIRST-CANDIDATE-002819"	"SAQueryFree"	"remains-first-degree-external-interface"	""	""	"No canonical zero-degree function name matches this direct callee spelling."
"MVDM-FIRST-CANDIDATE-002820"	"GetSystemInfo"	"remains-first-degree-external-interface"	""	""	"No canonical zero-degree function name matches this direct callee spelling."
"MVDM-FIRST-CANDIDATE-002821"	"UpdateKbdInt15"	"remains-first-degree-external-interface"	""	""	"No canonical zero-degree function name matches this direct callee spelling."
