candidate_id	caller_definition_id	caller_source_root	caller_source_path	caller_source_sha256	caller_source_line	caller_symbol	callee_spelling	call_form	boundary
"MVDM-SECOND-CANDIDATE-000001"	"MVDM-FIRST-DEFINITION-000001"	"O:\repos.external\OpenNT-4.5"	"nt/private/ntos/w32/ntgdi/client/font.c"	"8c74be8f5336de7e204897241ba375ca63c481717a781c25ef8320bd7a59282d"	"2536"	"AddFontResourceTracking"	"vToUnicodeN"	"direct-named-call"	"Cross-translation-unit second-degree candidate only; T299 does not inspect this callee body."
"MVDM-SECOND-CANDIDATE-000002"	"MVDM-FIRST-DEFINITION-000001"	"O:\repos.external\OpenNT-4.5"	"nt/private/ntos/w32/ntgdi/client/font.c"	"8c74be8f5336de7e204897241ba375ca63c481717a781c25ef8320bd7a59282d"	"2536"	"AddFontResourceTracking"	"lstrlenA"	"direct-named-call"	"Cross-translation-unit second-degree candidate only; T299 does not inspect this callee body."
"MVDM-SECOND-CANDIDATE-000003"	"MVDM-FIRST-DEFINITION-000001"	"O:\repos.external\OpenNT-4.5"	"nt/private/ntos/w32/ntgdi/client/font.c"	"8c74be8f5336de7e204897241ba375ca63c481717a781c25ef8320bd7a59282d"	"2569"	"AddFontResourceTracking"	"_wcsicmp"	"direct-named-call"	"Cross-translation-unit second-degree candidate only; T299 does not inspect this callee body."
"MVDM-SECOND-CANDIDATE-000004"	"MVDM-FIRST-DEFINITION-000001"	"O:\repos.external\OpenNT-4.5"	"nt/private/ntos/w32/ntgdi/client/font.c"	"8c74be8f5336de7e204897241ba375ca63c481717a781c25ef8320bd7a59282d"	"2582"	"AddFontResourceTracking"	"wcslen"	"direct-named-call"	"Cross-translation-unit second-degree candidate only; T299 does not inspect this callee body."
"MVDM-SECOND-CANDIDATE-000005"	"MVDM-FIRST-DEFINITION-000001"	"O:\repos.external\OpenNT-4.5"	"nt/private/ntos/w32/ntgdi/client/font.c"	"8c74be8f5336de7e204897241ba375ca63c481717a781c25ef8320bd7a59282d"	"2598"	"AddFontResourceTracking"	"lstrcpyW"	"direct-named-call"	"Cross-translation-unit second-degree candidate only; T299 does not inspect this callee body."
"MVDM-SECOND-CANDIDATE-000006"	"MVDM-FIRST-DEFINITION-000002"	"O:\repos.external\OpenNT"	"windows/core/ntgdi/client/font.c"	"8c74be8f5336de7e204897241ba375ca63c481717a781c25ef8320bd7a59282d"	"2536"	"AddFontResourceTracking"	"vToUnicodeN"	"direct-named-call"	"Cross-translation-unit second-degree candidate only; T299 does not inspect this callee body."
"MVDM-SECOND-CANDIDATE-000007"	"MVDM-FIRST-DEFINITION-000002"	"O:\repos.external\OpenNT"	"windows/core/ntgdi/client/font.c"	"8c74be8f5336de7e204897241ba375ca63c481717a781c25ef8320bd7a59282d"	"2536"	"AddFontResourceTracking"	"lstrlenA"	"direct-named-call"	"Cross-translation-unit second-degree candidate only; T299 does not inspect this callee body."
"MVDM-SECOND-CANDIDATE-000008"	"MVDM-FIRST-DEFINITION-000002"	"O:\repos.external\OpenNT"	"windows/core/ntgdi/client/font.c"	"8c74be8f5336de7e204897241ba375ca63c481717a781c25ef8320bd7a59282d"	"2569"	"AddFontResourceTracking"	"_wcsicmp"	"direct-named-call"	"Cross-translation-unit second-degree candidate only; T299 does not inspect this callee body."
"MVDM-SECOND-CANDIDATE-000009"	"MVDM-FIRST-DEFINITION-000002"	"O:\repos.external\OpenNT"	"windows/core/ntgdi/client/font.c"	"8c74be8f5336de7e204897241ba375ca63c481717a781c25ef8320bd7a59282d"	"2582"	"AddFontResourceTracking"	"wcslen"	"direct-named-call"	"Cross-translation-unit second-degree candidate only; T299 does not inspect this callee body."
"MVDM-SECOND-CANDIDATE-000010"	"MVDM-FIRST-DEFINITION-000002"	"O:\repos.external\OpenNT"	"windows/core/ntgdi/client/font.c"	"8c74be8f5336de7e204897241ba375ca63c481717a781c25ef8320bd7a59282d"	"2598"	"AddFontResourceTracking"	"lstrcpyW"	"direct-named-call"	"Cross-translation-unit second-degree candidate only; T299 does not inspect this callee body."
"MVDM-SECOND-CANDIDATE-000011"	"MVDM-FIRST-DEFINITION-000004"	"O:\repos.external\OpenNT"	"base/win32/client/vdm.c"	"3f03d0dbb08e0163f2d9cf415daad0981e42e1b1855f6f48a3b59022b7374173"	"2954"	"BaseSearchLongName_U"	"IsInvalidDosFileName"	"direct-named-call"	"Cross-translation-unit second-degree candidate only; T299 does not inspect this callee body."
"MVDM-SECOND-CANDIDATE-000012"	"MVDM-FIRST-DEFINITION-000004"	"O:\repos.external\OpenNT"	"base/win32/client/vdm.c"	"3f03d0dbb08e0163f2d9cf415daad0981e42e1b1855f6f48a3b59022b7374173"	"2966"	"BaseSearchLongName_U"	"IsInvalidDosFileName"	"direct-named-call"	"Cross-translation-unit second-degree candidate only; T299 does not inspect this callee body."
"MVDM-SECOND-CANDIDATE-000013"	"MVDM-FIRST-DEFINITION-000005"	"O:\repos.external\OpenNT-4.5"	"nt/private/windows/base/client/vdm.c"	"1e4de7f98a0756259986c1f62832dd84d42431de5a22c189d80c164155cc80ae"	"2954"	"BaseSearchLongName_U"	"IsInvalidDosFileName"	"direct-named-call"	"Cross-translation-unit second-degree candidate only; T299 does not inspect this callee body."
"MVDM-SECOND-CANDIDATE-000014"	"MVDM-FIRST-DEFINITION-000005"	"O:\repos.external\OpenNT-4.5"	"nt/private/windows/base/client/vdm.c"	"1e4de7f98a0756259986c1f62832dd84d42431de5a22c189d80c164155cc80ae"	"2966"	"BaseSearchLongName_U"	"IsInvalidDosFileName"	"direct-named-call"	"Cross-translation-unit second-degree candidate only; T299 does not inspect this callee body."
"MVDM-SECOND-CANDIDATE-000015"	"MVDM-FIRST-DEFINITION-000006"	"O:\repos.external\OpenNT-4.5"	"nt/private/ntos/w32/ntgdi/client/font.c"	"8c74be8f5336de7e204897241ba375ca63c481717a781c25ef8320bd7a59282d"	"2207"	"bFileIsOnTheHardDrive"	"GetDriveTypeW"	"direct-named-call"	"Cross-translation-unit second-degree candidate only; T299 does not inspect this callee body."
"MVDM-SECOND-CANDIDATE-000016"	"MVDM-FIRST-DEFINITION-000007"	"O:\repos.external\OpenNT"	"windows/core/ntgdi/client/font.c"	"8c74be8f5336de7e204897241ba375ca63c481717a781c25ef8320bd7a59282d"	"2207"	"bFileIsOnTheHardDrive"	"GetDriveTypeW"	"direct-named-call"	"Cross-translation-unit second-degree candidate only; T299 does not inspect this callee body."
"MVDM-SECOND-CANDIDATE-000017"	"MVDM-FIRST-DEFINITION-000008"	"O:\repos.external\OpenNT-4.5"	"nt/private/ntos/w32/ntgdi/client/font.c"	"8c74be8f5336de7e204897241ba375ca63c481717a781c25ef8320bd7a59282d"	"3717"	"bFontPathOk"	"_wcsnicmp"	"direct-named-call"	"Cross-translation-unit second-degree candidate only; T299 does not inspect this callee body."
"MVDM-SECOND-CANDIDATE-000018"	"MVDM-FIRST-DEFINITION-000008"	"O:\repos.external\OpenNT-4.5"	"nt/private/ntos/w32/ntgdi/client/font.c"	"8c74be8f5336de7e204897241ba375ca63c481717a781c25ef8320bd7a59282d"	"3747"	"bFontPathOk"	"GetSystemDirectoryW"	"direct-named-call"	"Cross-translation-unit second-degree candidate only; T299 does not inspect this callee body."
"MVDM-SECOND-CANDIDATE-000019"	"MVDM-FIRST-DEFINITION-000008"	"O:\repos.external\OpenNT-4.5"	"nt/private/ntos/w32/ntgdi/client/font.c"	"8c74be8f5336de7e204897241ba375ca63c481717a781c25ef8320bd7a59282d"	"3749"	"bFontPathOk"	"wcscat"	"direct-named-call"	"Cross-translation-unit second-degree candidate only; T299 does not inspect this callee body."
"MVDM-SECOND-CANDIDATE-000020"	"MVDM-FIRST-DEFINITION-000008"	"O:\repos.external\OpenNT-4.5"	"nt/private/ntos/w32/ntgdi/client/font.c"	"8c74be8f5336de7e204897241ba375ca63c481717a781c25ef8320bd7a59282d"	"3751"	"bFontPathOk"	"_wcsicmp"	"direct-named-call"	"Cross-translation-unit second-degree candidate only; T299 does not inspect this callee body."
"MVDM-SECOND-CANDIDATE-000021"	"MVDM-FIRST-DEFINITION-000009"	"O:\repos.external\OpenNT"	"windows/core/ntgdi/client/font.c"	"8c74be8f5336de7e204897241ba375ca63c481717a781c25ef8320bd7a59282d"	"3717"	"bFontPathOk"	"_wcsnicmp"	"direct-named-call"	"Cross-translation-unit second-degree candidate only; T299 does not inspect this callee body."
"MVDM-SECOND-CANDIDATE-000022"	"MVDM-FIRST-DEFINITION-000009"	"O:\repos.external\OpenNT"	"windows/core/ntgdi/client/font.c"	"8c74be8f5336de7e204897241ba375ca63c481717a781c25ef8320bd7a59282d"	"3747"	"bFontPathOk"	"GetSystemDirectoryW"	"direct-named-call"	"Cross-translation-unit second-degree candidate only; T299 does not inspect this callee body."
"MVDM-SECOND-CANDIDATE-000023"	"MVDM-FIRST-DEFINITION-000009"	"O:\repos.external\OpenNT"	"windows/core/ntgdi/client/font.c"	"8c74be8f5336de7e204897241ba375ca63c481717a781c25ef8320bd7a59282d"	"3749"	"bFontPathOk"	"wcscat"	"direct-named-call"	"Cross-translation-unit second-degree candidate only; T299 does not inspect this callee body."
"MVDM-SECOND-CANDIDATE-000024"	"MVDM-FIRST-DEFINITION-000009"	"O:\repos.external\OpenNT"	"windows/core/ntgdi/client/font.c"	"8c74be8f5336de7e204897241ba375ca63c481717a781c25ef8320bd7a59282d"	"3751"	"bFontPathOk"	"_wcsicmp"	"direct-named-call"	"Cross-translation-unit second-degree candidate only; T299 does not inspect this callee body."
"MVDM-SECOND-CANDIDATE-000025"	"MVDM-FIRST-DEFINITION-000010"	"O:\repos.external\OpenNT-4.5"	"nt/private/ntos/w32/ntgdi/client/font.c"	"8c74be8f5336de7e204897241ba375ca63c481717a781c25ef8320bd7a59282d"	"3550"	"bInitFontPath"	"RegOpenKeyExW"	"direct-named-call"	"Cross-translation-unit second-degree candidate only; T299 does not inspect this callee body."
"MVDM-SECOND-CANDIDATE-000026"	"MVDM-FIRST-DEFINITION-000010"	"O:\repos.external\OpenNT-4.5"	"nt/private/ntos/w32/ntgdi/client/font.c"	"8c74be8f5336de7e204897241ba375ca63c481717a781c25ef8320bd7a59282d"	"3560"	"bInitFontPath"	"RegQueryValueExW"	"direct-named-call"	"Cross-translation-unit second-degree candidate only; T299 does not inspect this callee body."
"MVDM-SECOND-CANDIDATE-000027"	"MVDM-FIRST-DEFINITION-000010"	"O:\repos.external\OpenNT-4.5"	"nt/private/ntos/w32/ntgdi/client/font.c"	"8c74be8f5336de7e204897241ba375ca63c481717a781c25ef8320bd7a59282d"	"3576"	"bInitFontPath"	"LocalAlloc"	"direct-named-call"	"Cross-translation-unit second-degree candidate only; T299 does not inspect this callee body."
"MVDM-SECOND-CANDIDATE-000028"	"MVDM-FIRST-DEFINITION-000010"	"O:\repos.external\OpenNT-4.5"	"nt/private/ntos/w32/ntgdi/client/font.c"	"8c74be8f5336de7e204897241ba375ca63c481717a781c25ef8320bd7a59282d"	"3584"	"bInitFontPath"	"RegQueryValueExW"	"direct-named-call"	"Cross-translation-unit second-degree candidate only; T299 does not inspect this callee body."
"MVDM-SECOND-CANDIDATE-000029"	"MVDM-FIRST-DEFINITION-000010"	"O:\repos.external\OpenNT-4.5"	"nt/private/ntos/w32/ntgdi/client/font.c"	"8c74be8f5336de7e204897241ba375ca63c481717a781c25ef8320bd7a59282d"	"3622"	"bInitFontPath"	"GdiSetLastError"	"direct-named-call"	"Cross-translation-unit second-degree candidate only; T299 does not inspect this callee body."
"MVDM-SECOND-CANDIDATE-000030"	"MVDM-FIRST-DEFINITION-000010"	"O:\repos.external\OpenNT-4.5"	"nt/private/ntos/w32/ntgdi/client/font.c"	"8c74be8f5336de7e204897241ba375ca63c481717a781c25ef8320bd7a59282d"	"3638"	"bInitFontPath"	"RegCloseKey"	"direct-named-call"	"Cross-translation-unit second-degree candidate only; T299 does not inspect this callee body."
"MVDM-SECOND-CANDIDATE-000031"	"MVDM-FIRST-DEFINITION-000011"	"O:\repos.external\OpenNT"	"windows/core/ntgdi/client/font.c"	"8c74be8f5336de7e204897241ba375ca63c481717a781c25ef8320bd7a59282d"	"3550"	"bInitFontPath"	"RegOpenKeyExW"	"direct-named-call"	"Cross-translation-unit second-degree candidate only; T299 does not inspect this callee body."
"MVDM-SECOND-CANDIDATE-000032"	"MVDM-FIRST-DEFINITION-000011"	"O:\repos.external\OpenNT"	"windows/core/ntgdi/client/font.c"	"8c74be8f5336de7e204897241ba375ca63c481717a781c25ef8320bd7a59282d"	"3560"	"bInitFontPath"	"RegQueryValueExW"	"direct-named-call"	"Cross-translation-unit second-degree candidate only; T299 does not inspect this callee body."
"MVDM-SECOND-CANDIDATE-000033"	"MVDM-FIRST-DEFINITION-000011"	"O:\repos.external\OpenNT"	"windows/core/ntgdi/client/font.c"	"8c74be8f5336de7e204897241ba375ca63c481717a781c25ef8320bd7a59282d"	"3576"	"bInitFontPath"	"LocalAlloc"	"direct-named-call"	"Cross-translation-unit second-degree candidate only; T299 does not inspect this callee body."
"MVDM-SECOND-CANDIDATE-000034"	"MVDM-FIRST-DEFINITION-000011"	"O:\repos.external\OpenNT"	"windows/core/ntgdi/client/font.c"	"8c74be8f5336de7e204897241ba375ca63c481717a781c25ef8320bd7a59282d"	"3584"	"bInitFontPath"	"RegQueryValueExW"	"direct-named-call"	"Cross-translation-unit second-degree candidate only; T299 does not inspect this callee body."
"MVDM-SECOND-CANDIDATE-000035"	"MVDM-FIRST-DEFINITION-000011"	"O:\repos.external\OpenNT"	"windows/core/ntgdi/client/font.c"	"8c74be8f5336de7e204897241ba375ca63c481717a781c25ef8320bd7a59282d"	"3622"	"bInitFontPath"	"GdiSetLastError"	"direct-named-call"	"Cross-translation-unit second-degree candidate only; T299 does not inspect this callee body."
"MVDM-SECOND-CANDIDATE-000036"	"MVDM-FIRST-DEFINITION-000011"	"O:\repos.external\OpenNT"	"windows/core/ntgdi/client/font.c"	"8c74be8f5336de7e204897241ba375ca63c481717a781c25ef8320bd7a59282d"	"3638"	"bInitFontPath"	"RegCloseKey"	"direct-named-call"	"Cross-translation-unit second-degree candidate only; T299 does not inspect this callee body."
"MVDM-SECOND-CANDIDATE-000037"	"MVDM-FIRST-DEFINITION-000012"	"O:\repos.external\OpenNT-4.5"	"nt/private/ntos/w32/ntgdi/client/font.c"	"8c74be8f5336de7e204897241ba375ca63c481717a781c25ef8320bd7a59282d"	"875"	"bInitSystemAndFontsDirectoriesW"	"GetWindowsDirectoryW"	"direct-named-call"	"Cross-translation-unit second-degree candidate only; T299 does not inspect this callee body."
"MVDM-SECOND-CANDIDATE-000038"	"MVDM-FIRST-DEFINITION-000012"	"O:\repos.external\OpenNT-4.5"	"nt/private/ntos/w32/ntgdi/client/font.c"	"8c74be8f5336de7e204897241ba375ca63c481717a781c25ef8320bd7a59282d"	"888"	"bInitSystemAndFontsDirectoriesW"	"LocalAlloc"	"direct-named-call"	"Cross-translation-unit second-degree candidate only; T299 does not inspect this callee body."
"MVDM-SECOND-CANDIDATE-000039"	"MVDM-FIRST-DEFINITION-000012"	"O:\repos.external\OpenNT-4.5"	"nt/private/ntos/w32/ntgdi/client/font.c"	"8c74be8f5336de7e204897241ba375ca63c481717a781c25ef8320bd7a59282d"	"891"	"bInitSystemAndFontsDirectoriesW"	"wcscpy"	"direct-named-call"	"Cross-translation-unit second-degree candidate only; T299 does not inspect this callee body."
"MVDM-SECOND-CANDIDATE-000040"	"MVDM-FIRST-DEFINITION-000012"	"O:\repos.external\OpenNT-4.5"	"nt/private/ntos/w32/ntgdi/client/font.c"	"8c74be8f5336de7e204897241ba375ca63c481717a781c25ef8320bd7a59282d"	"892"	"bInitSystemAndFontsDirectoriesW"	"wcscpy"	"direct-named-call"	"Cross-translation-unit second-degree candidate only; T299 does not inspect this callee body."
"MVDM-SECOND-CANDIDATE-000041"	"MVDM-FIRST-DEFINITION-000012"	"O:\repos.external\OpenNT-4.5"	"nt/private/ntos/w32/ntgdi/client/font.c"	"8c74be8f5336de7e204897241ba375ca63c481717a781c25ef8320bd7a59282d"	"896"	"bInitSystemAndFontsDirectoriesW"	"lstrcatW"	"direct-named-call"	"Cross-translation-unit second-degree candidate only; T299 does not inspect this callee body."
"MVDM-SECOND-CANDIDATE-000042"	"MVDM-FIRST-DEFINITION-000012"	"O:\repos.external\OpenNT-4.5"	"nt/private/ntos/w32/ntgdi/client/font.c"	"8c74be8f5336de7e204897241ba375ca63c481717a781c25ef8320bd7a59282d"	"897"	"bInitSystemAndFontsDirectoriesW"	"lstrcatW"	"direct-named-call"	"Cross-translation-unit second-degree candidate only; T299 does not inspect this callee body."
"MVDM-SECOND-CANDIDATE-000043"	"MVDM-FIRST-DEFINITION-000013"	"O:\repos.external\OpenNT"	"windows/core/ntgdi/client/font.c"	"8c74be8f5336de7e204897241ba375ca63c481717a781c25ef8320bd7a59282d"	"875"	"bInitSystemAndFontsDirectoriesW"	"GetWindowsDirectoryW"	"direct-named-call"	"Cross-translation-unit second-degree candidate only; T299 does not inspect this callee body."
"MVDM-SECOND-CANDIDATE-000044"	"MVDM-FIRST-DEFINITION-000013"	"O:\repos.external\OpenNT"	"windows/core/ntgdi/client/font.c"	"8c74be8f5336de7e204897241ba375ca63c481717a781c25ef8320bd7a59282d"	"888"	"bInitSystemAndFontsDirectoriesW"	"LocalAlloc"	"direct-named-call"	"Cross-translation-unit second-degree candidate only; T299 does not inspect this callee body."
"MVDM-SECOND-CANDIDATE-000045"	"MVDM-FIRST-DEFINITION-000013"	"O:\repos.external\OpenNT"	"windows/core/ntgdi/client/font.c"	"8c74be8f5336de7e204897241ba375ca63c481717a781c25ef8320bd7a59282d"	"891"	"bInitSystemAndFontsDirectoriesW"	"wcscpy"	"direct-named-call"	"Cross-translation-unit second-degree candidate only; T299 does not inspect this callee body."
"MVDM-SECOND-CANDIDATE-000046"	"MVDM-FIRST-DEFINITION-000013"	"O:\repos.external\OpenNT"	"windows/core/ntgdi/client/font.c"	"8c74be8f5336de7e204897241ba375ca63c481717a781c25ef8320bd7a59282d"	"892"	"bInitSystemAndFontsDirectoriesW"	"wcscpy"	"direct-named-call"	"Cross-translation-unit second-degree candidate only; T299 does not inspect this callee body."
"MVDM-SECOND-CANDIDATE-000047"	"MVDM-FIRST-DEFINITION-000013"	"O:\repos.external\OpenNT"	"windows/core/ntgdi/client/font.c"	"8c74be8f5336de7e204897241ba375ca63c481717a781c25ef8320bd7a59282d"	"896"	"bInitSystemAndFontsDirectoriesW"	"lstrcatW"	"direct-named-call"	"Cross-translation-unit second-degree candidate only; T299 does not inspect this callee body."
"MVDM-SECOND-CANDIDATE-000048"	"MVDM-FIRST-DEFINITION-000013"	"O:\repos.external\OpenNT"	"windows/core/ntgdi/client/font.c"	"8c74be8f5336de7e204897241ba375ca63c481717a781c25ef8320bd7a59282d"	"897"	"bInitSystemAndFontsDirectoriesW"	"lstrcatW"	"direct-named-call"	"Cross-translation-unit second-degree candidate only; T299 does not inspect this callee body."
"MVDM-SECOND-CANDIDATE-000049"	"MVDM-FIRST-DEFINITION-000014"	"O:\repos.external\OpenNT-4.5"	"nt/private/ntos/w32/ntgdi/client/font.c"	"8c74be8f5336de7e204897241ba375ca63c481717a781c25ef8320bd7a59282d"	"2028"	"bMakePathNameW"	"SearchPathW"	"direct-named-call"	"Cross-translation-unit second-degree candidate only; T299 does not inspect this callee body."
"MVDM-SECOND-CANDIDATE-000050"	"MVDM-FIRST-DEFINITION-000014"	"O:\repos.external\OpenNT-4.5"	"nt/private/ntos/w32/ntgdi/client/font.c"	"8c74be8f5336de7e204897241ba375ca63c481717a781c25ef8320bd7a59282d"	"2037"	"bMakePathNameW"	"DbgPrint"	"direct-named-call"	"Cross-translation-unit second-degree candidate only; T299 does not inspect this callee body."
"MVDM-SECOND-CANDIDATE-000051"	"MVDM-FIRST-DEFINITION-000014"	"O:\repos.external\OpenNT-4.5"	"nt/private/ntos/w32/ntgdi/client/font.c"	"8c74be8f5336de7e204897241ba375ca63c481717a781c25ef8320bd7a59282d"	"2039"	"bMakePathNameW"	"DbgPrint"	"direct-named-call"	"Cross-translation-unit second-degree candidate only; T299 does not inspect this callee body."
"MVDM-SECOND-CANDIDATE-000052"	"MVDM-FIRST-DEFINITION-000014"	"O:\repos.external\OpenNT-4.5"	"nt/private/ntos/w32/ntgdi/client/font.c"	"8c74be8f5336de7e204897241ba375ca63c481717a781c25ef8320bd7a59282d"	"2050"	"bMakePathNameW"	"SearchPathW"	"direct-named-call"	"Cross-translation-unit second-degree candidate only; T299 does not inspect this callee body."
"MVDM-SECOND-CANDIDATE-000053"	"MVDM-FIRST-DEFINITION-000014"	"O:\repos.external\OpenNT-4.5"	"nt/private/ntos/w32/ntgdi/client/font.c"	"8c74be8f5336de7e204897241ba375ca63c481717a781c25ef8320bd7a59282d"	"2063"	"bMakePathNameW"	"wcslen"	"direct-named-call"	"Cross-translation-unit second-degree candidate only; T299 does not inspect this callee body."
"MVDM-SECOND-CANDIDATE-000054"	"MVDM-FIRST-DEFINITION-000014"	"O:\repos.external\OpenNT-4.5"	"nt/private/ntos/w32/ntgdi/client/font.c"	"8c74be8f5336de7e204897241ba375ca63c481717a781c25ef8320bd7a59282d"	"2064"	"bMakePathNameW"	"wcslen"	"direct-named-call"	"Cross-translation-unit second-degree candidate only; T299 does not inspect this callee body."
"MVDM-SECOND-CANDIDATE-000055"	"MVDM-FIRST-DEFINITION-000014"	"O:\repos.external\OpenNT-4.5"	"nt/private/ntos/w32/ntgdi/client/font.c"	"8c74be8f5336de7e204897241ba375ca63c481717a781c25ef8320bd7a59282d"	"2068"	"bMakePathNameW"	"_wcsnicmp"	"direct-named-call"	"Cross-translation-unit second-degree candidate only; T299 does not inspect this callee body."
"MVDM-SECOND-CANDIDATE-000056"	"MVDM-FIRST-DEFINITION-000014"	"O:\repos.external\OpenNT-4.5"	"nt/private/ntos/w32/ntgdi/client/font.c"	"8c74be8f5336de7e204897241ba375ca63c481717a781c25ef8320bd7a59282d"	"2086"	"bMakePathNameW"	"DbgPrint"	"direct-named-call"	"Cross-translation-unit second-degree candidate only; T299 does not inspect this callee body."
"MVDM-SECOND-CANDIDATE-000057"	"MVDM-FIRST-DEFINITION-000014"	"O:\repos.external\OpenNT-4.5"	"nt/private/ntos/w32/ntgdi/client/font.c"	"8c74be8f5336de7e204897241ba375ca63c481717a781c25ef8320bd7a59282d"	"2088"	"bMakePathNameW"	"DbgPrint"	"direct-named-call"	"Cross-translation-unit second-degree candidate only; T299 does not inspect this callee body."
"MVDM-SECOND-CANDIDATE-000058"	"MVDM-FIRST-DEFINITION-000014"	"O:\repos.external\OpenNT-4.5"	"nt/private/ntos/w32/ntgdi/client/font.c"	"8c74be8f5336de7e204897241ba375ca63c481717a781c25ef8320bd7a59282d"	"2126"	"bMakePathNameW"	"wcslen"	"direct-named-call"	"Cross-translation-unit second-degree candidate only; T299 does not inspect this callee body."
"MVDM-SECOND-CANDIDATE-000059"	"MVDM-FIRST-DEFINITION-000014"	"O:\repos.external\OpenNT-4.5"	"nt/private/ntos/w32/ntgdi/client/font.c"	"8c74be8f5336de7e204897241ba375ca63c481717a781c25ef8320bd7a59282d"	"2127"	"bMakePathNameW"	"wcslen"	"direct-named-call"	"Cross-translation-unit second-degree candidate only; T299 does not inspect this callee body."
"MVDM-SECOND-CANDIDATE-000060"	"MVDM-FIRST-DEFINITION-000014"	"O:\repos.external\OpenNT-4.5"	"nt/private/ntos/w32/ntgdi/client/font.c"	"8c74be8f5336de7e204897241ba375ca63c481717a781c25ef8320bd7a59282d"	"2131"	"bMakePathNameW"	"_wcsnicmp"	"direct-named-call"	"Cross-translation-unit second-degree candidate only; T299 does not inspect this callee body."
"MVDM-SECOND-CANDIDATE-000061"	"MVDM-FIRST-DEFINITION-000014"	"O:\repos.external\OpenNT-4.5"	"nt/private/ntos/w32/ntgdi/client/font.c"	"8c74be8f5336de7e204897241ba375ca63c481717a781c25ef8320bd7a59282d"	"2149"	"bMakePathNameW"	"SearchPathW"	"direct-named-call"	"Cross-translation-unit second-degree candidate only; T299 does not inspect this callee body."
"MVDM-SECOND-CANDIDATE-000062"	"MVDM-FIRST-DEFINITION-000015"	"O:\repos.external\OpenNT"	"windows/core/ntgdi/client/font.c"	"8c74be8f5336de7e204897241ba375ca63c481717a781c25ef8320bd7a59282d"	"2028"	"bMakePathNameW"	"SearchPathW"	"direct-named-call"	"Cross-translation-unit second-degree candidate only; T299 does not inspect this callee body."
"MVDM-SECOND-CANDIDATE-000063"	"MVDM-FIRST-DEFINITION-000015"	"O:\repos.external\OpenNT"	"windows/core/ntgdi/client/font.c"	"8c74be8f5336de7e204897241ba375ca63c481717a781c25ef8320bd7a59282d"	"2037"	"bMakePathNameW"	"DbgPrint"	"direct-named-call"	"Cross-translation-unit second-degree candidate only; T299 does not inspect this callee body."
"MVDM-SECOND-CANDIDATE-000064"	"MVDM-FIRST-DEFINITION-000015"	"O:\repos.external\OpenNT"	"windows/core/ntgdi/client/font.c"	"8c74be8f5336de7e204897241ba375ca63c481717a781c25ef8320bd7a59282d"	"2039"	"bMakePathNameW"	"DbgPrint"	"direct-named-call"	"Cross-translation-unit second-degree candidate only; T299 does not inspect this callee body."
"MVDM-SECOND-CANDIDATE-000065"	"MVDM-FIRST-DEFINITION-000015"	"O:\repos.external\OpenNT"	"windows/core/ntgdi/client/font.c"	"8c74be8f5336de7e204897241ba375ca63c481717a781c25ef8320bd7a59282d"	"2050"	"bMakePathNameW"	"SearchPathW"	"direct-named-call"	"Cross-translation-unit second-degree candidate only; T299 does not inspect this callee body."
"MVDM-SECOND-CANDIDATE-000066"	"MVDM-FIRST-DEFINITION-000015"	"O:\repos.external\OpenNT"	"windows/core/ntgdi/client/font.c"	"8c74be8f5336de7e204897241ba375ca63c481717a781c25ef8320bd7a59282d"	"2063"	"bMakePathNameW"	"wcslen"	"direct-named-call"	"Cross-translation-unit second-degree candidate only; T299 does not inspect this callee body."
"MVDM-SECOND-CANDIDATE-000067"	"MVDM-FIRST-DEFINITION-000015"	"O:\repos.external\OpenNT"	"windows/core/ntgdi/client/font.c"	"8c74be8f5336de7e204897241ba375ca63c481717a781c25ef8320bd7a59282d"	"2064"	"bMakePathNameW"	"wcslen"	"direct-named-call"	"Cross-translation-unit second-degree candidate only; T299 does not inspect this callee body."
"MVDM-SECOND-CANDIDATE-000068"	"MVDM-FIRST-DEFINITION-000015"	"O:\repos.external\OpenNT"	"windows/core/ntgdi/client/font.c"	"8c74be8f5336de7e204897241ba375ca63c481717a781c25ef8320bd7a59282d"	"2068"	"bMakePathNameW"	"_wcsnicmp"	"direct-named-call"	"Cross-translation-unit second-degree candidate only; T299 does not inspect this callee body."
"MVDM-SECOND-CANDIDATE-000069"	"MVDM-FIRST-DEFINITION-000015"	"O:\repos.external\OpenNT"	"windows/core/ntgdi/client/font.c"	"8c74be8f5336de7e204897241ba375ca63c481717a781c25ef8320bd7a59282d"	"2086"	"bMakePathNameW"	"DbgPrint"	"direct-named-call"	"Cross-translation-unit second-degree candidate only; T299 does not inspect this callee body."
"MVDM-SECOND-CANDIDATE-000070"	"MVDM-FIRST-DEFINITION-000015"	"O:\repos.external\OpenNT"	"windows/core/ntgdi/client/font.c"	"8c74be8f5336de7e204897241ba375ca63c481717a781c25ef8320bd7a59282d"	"2088"	"bMakePathNameW"	"DbgPrint"	"direct-named-call"	"Cross-translation-unit second-degree candidate only; T299 does not inspect this callee body."
"MVDM-SECOND-CANDIDATE-000071"	"MVDM-FIRST-DEFINITION-000015"	"O:\repos.external\OpenNT"	"windows/core/ntgdi/client/font.c"	"8c74be8f5336de7e204897241ba375ca63c481717a781c25ef8320bd7a59282d"	"2126"	"bMakePathNameW"	"wcslen"	"direct-named-call"	"Cross-translation-unit second-degree candidate only; T299 does not inspect this callee body."
"MVDM-SECOND-CANDIDATE-000072"	"MVDM-FIRST-DEFINITION-000015"	"O:\repos.external\OpenNT"	"windows/core/ntgdi/client/font.c"	"8c74be8f5336de7e204897241ba375ca63c481717a781c25ef8320bd7a59282d"	"2127"	"bMakePathNameW"	"wcslen"	"direct-named-call"	"Cross-translation-unit second-degree candidate only; T299 does not inspect this callee body."
"MVDM-SECOND-CANDIDATE-000073"	"MVDM-FIRST-DEFINITION-000015"	"O:\repos.external\OpenNT"	"windows/core/ntgdi/client/font.c"	"8c74be8f5336de7e204897241ba375ca63c481717a781c25ef8320bd7a59282d"	"2131"	"bMakePathNameW"	"_wcsnicmp"	"direct-named-call"	"Cross-translation-unit second-degree candidate only; T299 does not inspect this callee body."
"MVDM-SECOND-CANDIDATE-000074"	"MVDM-FIRST-DEFINITION-000015"	"O:\repos.external\OpenNT"	"windows/core/ntgdi/client/font.c"	"8c74be8f5336de7e204897241ba375ca63c481717a781c25ef8320bd7a59282d"	"2149"	"bMakePathNameW"	"SearchPathW"	"direct-named-call"	"Cross-translation-unit second-degree candidate only; T299 does not inspect this callee body."
"MVDM-SECOND-CANDIDATE-000075"	"MVDM-FIRST-DEFINITION-000016"	"O:\repos.external\OpenNT-4.5"	"nt/private/ntos/w32/ntgdi/client/font.c"	"8c74be8f5336de7e204897241ba375ca63c481717a781c25ef8320bd7a59282d"	"279"	"bMapFileUNICODEClideSide"	"RtlDosPathNameToNtPathName_U"	"direct-named-call"	"Cross-translation-unit second-degree candidate only; T299 does not inspect this callee body."
"MVDM-SECOND-CANDIDATE-000076"	"MVDM-FIRST-DEFINITION-000016"	"O:\repos.external\OpenNT-4.5"	"nt/private/ntos/w32/ntgdi/client/font.c"	"8c74be8f5336de7e204897241ba375ca63c481717a781c25ef8320bd7a59282d"	"281"	"bMapFileUNICODEClideSide"	"InitializeObjectAttributes"	"direct-named-call"	"Cross-translation-unit second-degree candidate only; T299 does not inspect this callee body."
"MVDM-SECOND-CANDIDATE-000077"	"MVDM-FIRST-DEFINITION-000016"	"O:\repos.external\OpenNT-4.5"	"nt/private/ntos/w32/ntgdi/client/font.c"	"8c74be8f5336de7e204897241ba375ca63c481717a781c25ef8320bd7a59282d"	"292"	"bMapFileUNICODEClideSide"	"NtOpenFile"	"direct-named-call"	"Cross-translation-unit second-degree candidate only; T299 does not inspect this callee body."
"MVDM-SECOND-CANDIDATE-000078"	"MVDM-FIRST-DEFINITION-000016"	"O:\repos.external\OpenNT-4.5"	"nt/private/ntos/w32/ntgdi/client/font.c"	"8c74be8f5336de7e204897241ba375ca63c481717a781c25ef8320bd7a59282d"	"304"	"bMapFileUNICODEClideSide"	"RtlFreeHeap"	"direct-named-call"	"Cross-translation-unit second-degree candidate only; T299 does not inspect this callee body."
"MVDM-SECOND-CANDIDATE-000079"	"MVDM-FIRST-DEFINITION-000016"	"O:\repos.external\OpenNT-4.5"	"nt/private/ntos/w32/ntgdi/client/font.c"	"8c74be8f5336de7e204897241ba375ca63c481717a781c25ef8320bd7a59282d"	"304"	"bMapFileUNICODEClideSide"	"RtlProcessHeap"	"direct-named-call"	"Cross-translation-unit second-degree candidate only; T299 does not inspect this callee body."
"MVDM-SECOND-CANDIDATE-000080"	"MVDM-FIRST-DEFINITION-000016"	"O:\repos.external\OpenNT-4.5"	"nt/private/ntos/w32/ntgdi/client/font.c"	"8c74be8f5336de7e204897241ba375ca63c481717a781c25ef8320bd7a59282d"	"312"	"bMapFileUNICODEClideSide"	"DbgPrint"	"direct-named-call"	"Cross-translation-unit second-degree candidate only; T299 does not inspect this callee body."
"MVDM-SECOND-CANDIDATE-000081"	"MVDM-FIRST-DEFINITION-000016"	"O:\repos.external\OpenNT-4.5"	"nt/private/ntos/w32/ntgdi/client/font.c"	"8c74be8f5336de7e204897241ba375ca63c481717a781c25ef8320bd7a59282d"	"320"	"bMapFileUNICODEClideSide"	"NtQueryInformationFile"	"direct-named-call"	"Cross-translation-unit second-degree candidate only; T299 does not inspect this callee body."
"MVDM-SECOND-CANDIDATE-000082"	"MVDM-FIRST-DEFINITION-000016"	"O:\repos.external\OpenNT-4.5"	"nt/private/ntos/w32/ntgdi/client/font.c"	"8c74be8f5336de7e204897241ba375ca63c481717a781c25ef8320bd7a59282d"	"336"	"bMapFileUNICODEClideSide"	"DbgPrint"	"direct-named-call"	"Cross-translation-unit second-degree candidate only; T299 does not inspect this callee body."
"MVDM-SECOND-CANDIDATE-000083"	"MVDM-FIRST-DEFINITION-000016"	"O:\repos.external\OpenNT-4.5"	"nt/private/ntos/w32/ntgdi/client/font.c"	"8c74be8f5336de7e204897241ba375ca63c481717a781c25ef8320bd7a59282d"	"338"	"bMapFileUNICODEClideSide"	"NtClose"	"direct-named-call"	"Cross-translation-unit second-degree candidate only; T299 does not inspect this callee body."
"MVDM-SECOND-CANDIDATE-000084"	"MVDM-FIRST-DEFINITION-000016"	"O:\repos.external\OpenNT-4.5"	"nt/private/ntos/w32/ntgdi/client/font.c"	"8c74be8f5336de7e204897241ba375ca63c481717a781c25ef8320bd7a59282d"	"342"	"bMapFileUNICODEClideSide"	"NtCreateSection"	"direct-named-call"	"Cross-translation-unit second-degree candidate only; T299 does not inspect this callee body."
"MVDM-SECOND-CANDIDATE-000085"	"MVDM-FIRST-DEFINITION-000016"	"O:\repos.external\OpenNT-4.5"	"nt/private/ntos/w32/ntgdi/client/font.c"	"8c74be8f5336de7e204897241ba375ca63c481717a781c25ef8320bd7a59282d"	"358"	"bMapFileUNICODEClideSide"	"DbgPrint"	"direct-named-call"	"Cross-translation-unit second-degree candidate only; T299 does not inspect this callee body."
"MVDM-SECOND-CANDIDATE-000086"	"MVDM-FIRST-DEFINITION-000016"	"O:\repos.external\OpenNT-4.5"	"nt/private/ntos/w32/ntgdi/client/font.c"	"8c74be8f5336de7e204897241ba375ca63c481717a781c25ef8320bd7a59282d"	"360"	"bMapFileUNICODEClideSide"	"NtClose"	"direct-named-call"	"Cross-translation-unit second-degree candidate only; T299 does not inspect this callee body."
"MVDM-SECOND-CANDIDATE-000087"	"MVDM-FIRST-DEFINITION-000016"	"O:\repos.external\OpenNT-4.5"	"nt/private/ntos/w32/ntgdi/client/font.c"	"8c74be8f5336de7e204897241ba375ca63c481717a781c25ef8320bd7a59282d"	"370"	"bMapFileUNICODEClideSide"	"NtMapViewOfSection"	"direct-named-call"	"Cross-translation-unit second-degree candidate only; T299 does not inspect this callee body."
"MVDM-SECOND-CANDIDATE-000088"	"MVDM-FIRST-DEFINITION-000016"	"O:\repos.external\OpenNT-4.5"	"nt/private/ntos/w32/ntgdi/client/font.c"	"8c74be8f5336de7e204897241ba375ca63c481717a781c25ef8320bd7a59282d"	"373"	"bMapFileUNICODEClideSide"	"NtCurrentProcess"	"direct-named-call"	"Cross-translation-unit second-degree candidate only; T299 does not inspect this callee body."
"MVDM-SECOND-CANDIDATE-000089"	"MVDM-FIRST-DEFINITION-000016"	"O:\repos.external\OpenNT-4.5"	"nt/private/ntos/w32/ntgdi/client/font.c"	"8c74be8f5336de7e204897241ba375ca63c481717a781c25ef8320bd7a59282d"	"387"	"bMapFileUNICODEClideSide"	"DbgPrint"	"direct-named-call"	"Cross-translation-unit second-degree candidate only; T299 does not inspect this callee body."
"MVDM-SECOND-CANDIDATE-000090"	"MVDM-FIRST-DEFINITION-000016"	"O:\repos.external\OpenNT-4.5"	"nt/private/ntos/w32/ntgdi/client/font.c"	"8c74be8f5336de7e204897241ba375ca63c481717a781c25ef8320bd7a59282d"	"390"	"bMapFileUNICODEClideSide"	"NtClose"	"direct-named-call"	"Cross-translation-unit second-degree candidate only; T299 does not inspect this callee body."
"MVDM-SECOND-CANDIDATE-000091"	"MVDM-FIRST-DEFINITION-000016"	"O:\repos.external\OpenNT-4.5"	"nt/private/ntos/w32/ntgdi/client/font.c"	"8c74be8f5336de7e204897241ba375ca63c481717a781c25ef8320bd7a59282d"	"391"	"bMapFileUNICODEClideSide"	"NtClose"	"direct-named-call"	"Cross-translation-unit second-degree candidate only; T299 does not inspect this callee body."
"MVDM-SECOND-CANDIDATE-000092"	"MVDM-FIRST-DEFINITION-000016"	"O:\repos.external\OpenNT-4.5"	"nt/private/ntos/w32/ntgdi/client/font.c"	"8c74be8f5336de7e204897241ba375ca63c481717a781c25ef8320bd7a59282d"	"396"	"bMapFileUNICODEClideSide"	"DbgPrint"	"direct-named-call"	"Cross-translation-unit second-degree candidate only; T299 does not inspect this callee body."
"MVDM-SECOND-CANDIDATE-000093"	"MVDM-FIRST-DEFINITION-000016"	"O:\repos.external\OpenNT-4.5"	"nt/private/ntos/w32/ntgdi/client/font.c"	"8c74be8f5336de7e204897241ba375ca63c481717a781c25ef8320bd7a59282d"	"411"	"bMapFileUNICODEClideSide"	"DbgPrint"	"direct-named-call"	"Cross-translation-unit second-degree candidate only; T299 does not inspect this callee body."
"MVDM-SECOND-CANDIDATE-000094"	"MVDM-FIRST-DEFINITION-000016"	"O:\repos.external\OpenNT-4.5"	"nt/private/ntos/w32/ntgdi/client/font.c"	"8c74be8f5336de7e204897241ba375ca63c481717a781c25ef8320bd7a59282d"	"422"	"bMapFileUNICODEClideSide"	"NtClose"	"direct-named-call"	"Cross-translation-unit second-degree candidate only; T299 does not inspect this callee body."
"MVDM-SECOND-CANDIDATE-000095"	"MVDM-FIRST-DEFINITION-000016"	"O:\repos.external\OpenNT-4.5"	"nt/private/ntos/w32/ntgdi/client/font.c"	"8c74be8f5336de7e204897241ba375ca63c481717a781c25ef8320bd7a59282d"	"423"	"bMapFileUNICODEClideSide"	"NtClose"	"direct-named-call"	"Cross-translation-unit second-degree candidate only; T299 does not inspect this callee body."
"MVDM-SECOND-CANDIDATE-000096"	"MVDM-FIRST-DEFINITION-000016"	"O:\repos.external\OpenNT-4.5"	"nt/private/ntos/w32/ntgdi/client/font.c"	"8c74be8f5336de7e204897241ba375ca63c481717a781c25ef8320bd7a59282d"	"429"	"bMapFileUNICODEClideSide"	"DbgPrint"	"direct-named-call"	"Cross-translation-unit second-degree candidate only; T299 does not inspect this callee body."
"MVDM-SECOND-CANDIDATE-000097"	"MVDM-FIRST-DEFINITION-000017"	"O:\repos.external\OpenNT"	"windows/core/ntgdi/client/font.c"	"8c74be8f5336de7e204897241ba375ca63c481717a781c25ef8320bd7a59282d"	"279"	"bMapFileUNICODEClideSide"	"RtlDosPathNameToNtPathName_U"	"direct-named-call"	"Cross-translation-unit second-degree candidate only; T299 does not inspect this callee body."
"MVDM-SECOND-CANDIDATE-000098"	"MVDM-FIRST-DEFINITION-000017"	"O:\repos.external\OpenNT"	"windows/core/ntgdi/client/font.c"	"8c74be8f5336de7e204897241ba375ca63c481717a781c25ef8320bd7a59282d"	"281"	"bMapFileUNICODEClideSide"	"InitializeObjectAttributes"	"direct-named-call"	"Cross-translation-unit second-degree candidate only; T299 does not inspect this callee body."
"MVDM-SECOND-CANDIDATE-000099"	"MVDM-FIRST-DEFINITION-000017"	"O:\repos.external\OpenNT"	"windows/core/ntgdi/client/font.c"	"8c74be8f5336de7e204897241ba375ca63c481717a781c25ef8320bd7a59282d"	"292"	"bMapFileUNICODEClideSide"	"NtOpenFile"	"direct-named-call"	"Cross-translation-unit second-degree candidate only; T299 does not inspect this callee body."
"MVDM-SECOND-CANDIDATE-000100"	"MVDM-FIRST-DEFINITION-000017"	"O:\repos.external\OpenNT"	"windows/core/ntgdi/client/font.c"	"8c74be8f5336de7e204897241ba375ca63c481717a781c25ef8320bd7a59282d"	"304"	"bMapFileUNICODEClideSide"	"RtlFreeHeap"	"direct-named-call"	"Cross-translation-unit second-degree candidate only; T299 does not inspect this callee body."
"MVDM-SECOND-CANDIDATE-000101"	"MVDM-FIRST-DEFINITION-000017"	"O:\repos.external\OpenNT"	"windows/core/ntgdi/client/font.c"	"8c74be8f5336de7e204897241ba375ca63c481717a781c25ef8320bd7a59282d"	"304"	"bMapFileUNICODEClideSide"	"RtlProcessHeap"	"direct-named-call"	"Cross-translation-unit second-degree candidate only; T299 does not inspect this callee body."
"MVDM-SECOND-CANDIDATE-000102"	"MVDM-FIRST-DEFINITION-000017"	"O:\repos.external\OpenNT"	"windows/core/ntgdi/client/font.c"	"8c74be8f5336de7e204897241ba375ca63c481717a781c25ef8320bd7a59282d"	"312"	"bMapFileUNICODEClideSide"	"DbgPrint"	"direct-named-call"	"Cross-translation-unit second-degree candidate only; T299 does not inspect this callee body."
"MVDM-SECOND-CANDIDATE-000103"	"MVDM-FIRST-DEFINITION-000017"	"O:\repos.external\OpenNT"	"windows/core/ntgdi/client/font.c"	"8c74be8f5336de7e204897241ba375ca63c481717a781c25ef8320bd7a59282d"	"320"	"bMapFileUNICODEClideSide"	"NtQueryInformationFile"	"direct-named-call"	"Cross-translation-unit second-degree candidate only; T299 does not inspect this callee body."
"MVDM-SECOND-CANDIDATE-000104"	"MVDM-FIRST-DEFINITION-000017"	"O:\repos.external\OpenNT"	"windows/core/ntgdi/client/font.c"	"8c74be8f5336de7e204897241ba375ca63c481717a781c25ef8320bd7a59282d"	"336"	"bMapFileUNICODEClideSide"	"DbgPrint"	"direct-named-call"	"Cross-translation-unit second-degree candidate only; T299 does not inspect this callee body."
"MVDM-SECOND-CANDIDATE-000105"	"MVDM-FIRST-DEFINITION-000017"	"O:\repos.external\OpenNT"	"windows/core/ntgdi/client/font.c"	"8c74be8f5336de7e204897241ba375ca63c481717a781c25ef8320bd7a59282d"	"338"	"bMapFileUNICODEClideSide"	"NtClose"	"direct-named-call"	"Cross-translation-unit second-degree candidate only; T299 does not inspect this callee body."
"MVDM-SECOND-CANDIDATE-000106"	"MVDM-FIRST-DEFINITION-000017"	"O:\repos.external\OpenNT"	"windows/core/ntgdi/client/font.c"	"8c74be8f5336de7e204897241ba375ca63c481717a781c25ef8320bd7a59282d"	"342"	"bMapFileUNICODEClideSide"	"NtCreateSection"	"direct-named-call"	"Cross-translation-unit second-degree candidate only; T299 does not inspect this callee body."
"MVDM-SECOND-CANDIDATE-000107"	"MVDM-FIRST-DEFINITION-000017"	"O:\repos.external\OpenNT"	"windows/core/ntgdi/client/font.c"	"8c74be8f5336de7e204897241ba375ca63c481717a781c25ef8320bd7a59282d"	"358"	"bMapFileUNICODEClideSide"	"DbgPrint"	"direct-named-call"	"Cross-translation-unit second-degree candidate only; T299 does not inspect this callee body."
"MVDM-SECOND-CANDIDATE-000108"	"MVDM-FIRST-DEFINITION-000017"	"O:\repos.external\OpenNT"	"windows/core/ntgdi/client/font.c"	"8c74be8f5336de7e204897241ba375ca63c481717a781c25ef8320bd7a59282d"	"360"	"bMapFileUNICODEClideSide"	"NtClose"	"direct-named-call"	"Cross-translation-unit second-degree candidate only; T299 does not inspect this callee body."
"MVDM-SECOND-CANDIDATE-000109"	"MVDM-FIRST-DEFINITION-000017"	"O:\repos.external\OpenNT"	"windows/core/ntgdi/client/font.c"	"8c74be8f5336de7e204897241ba375ca63c481717a781c25ef8320bd7a59282d"	"370"	"bMapFileUNICODEClideSide"	"NtMapViewOfSection"	"direct-named-call"	"Cross-translation-unit second-degree candidate only; T299 does not inspect this callee body."
"MVDM-SECOND-CANDIDATE-000110"	"MVDM-FIRST-DEFINITION-000017"	"O:\repos.external\OpenNT"	"windows/core/ntgdi/client/font.c"	"8c74be8f5336de7e204897241ba375ca63c481717a781c25ef8320bd7a59282d"	"373"	"bMapFileUNICODEClideSide"	"NtCurrentProcess"	"direct-named-call"	"Cross-translation-unit second-degree candidate only; T299 does not inspect this callee body."
"MVDM-SECOND-CANDIDATE-000111"	"MVDM-FIRST-DEFINITION-000017"	"O:\repos.external\OpenNT"	"windows/core/ntgdi/client/font.c"	"8c74be8f5336de7e204897241ba375ca63c481717a781c25ef8320bd7a59282d"	"387"	"bMapFileUNICODEClideSide"	"DbgPrint"	"direct-named-call"	"Cross-translation-unit second-degree candidate only; T299 does not inspect this callee body."
"MVDM-SECOND-CANDIDATE-000112"	"MVDM-FIRST-DEFINITION-000017"	"O:\repos.external\OpenNT"	"windows/core/ntgdi/client/font.c"	"8c74be8f5336de7e204897241ba375ca63c481717a781c25ef8320bd7a59282d"	"390"	"bMapFileUNICODEClideSide"	"NtClose"	"direct-named-call"	"Cross-translation-unit second-degree candidate only; T299 does not inspect this callee body."
"MVDM-SECOND-CANDIDATE-000113"	"MVDM-FIRST-DEFINITION-000017"	"O:\repos.external\OpenNT"	"windows/core/ntgdi/client/font.c"	"8c74be8f5336de7e204897241ba375ca63c481717a781c25ef8320bd7a59282d"	"391"	"bMapFileUNICODEClideSide"	"NtClose"	"direct-named-call"	"Cross-translation-unit second-degree candidate only; T299 does not inspect this callee body."
"MVDM-SECOND-CANDIDATE-000114"	"MVDM-FIRST-DEFINITION-000017"	"O:\repos.external\OpenNT"	"windows/core/ntgdi/client/font.c"	"8c74be8f5336de7e204897241ba375ca63c481717a781c25ef8320bd7a59282d"	"396"	"bMapFileUNICODEClideSide"	"DbgPrint"	"direct-named-call"	"Cross-translation-unit second-degree candidate only; T299 does not inspect this callee body."
"MVDM-SECOND-CANDIDATE-000115"	"MVDM-FIRST-DEFINITION-000017"	"O:\repos.external\OpenNT"	"windows/core/ntgdi/client/font.c"	"8c74be8f5336de7e204897241ba375ca63c481717a781c25ef8320bd7a59282d"	"411"	"bMapFileUNICODEClideSide"	"DbgPrint"	"direct-named-call"	"Cross-translation-unit second-degree candidate only; T299 does not inspect this callee body."
"MVDM-SECOND-CANDIDATE-000116"	"MVDM-FIRST-DEFINITION-000017"	"O:\repos.external\OpenNT"	"windows/core/ntgdi/client/font.c"	"8c74be8f5336de7e204897241ba375ca63c481717a781c25ef8320bd7a59282d"	"422"	"bMapFileUNICODEClideSide"	"NtClose"	"direct-named-call"	"Cross-translation-unit second-degree candidate only; T299 does not inspect this callee body."
"MVDM-SECOND-CANDIDATE-000117"	"MVDM-FIRST-DEFINITION-000017"	"O:\repos.external\OpenNT"	"windows/core/ntgdi/client/font.c"	"8c74be8f5336de7e204897241ba375ca63c481717a781c25ef8320bd7a59282d"	"423"	"bMapFileUNICODEClideSide"	"NtClose"	"direct-named-call"	"Cross-translation-unit second-degree candidate only; T299 does not inspect this callee body."
"MVDM-SECOND-CANDIDATE-000118"	"MVDM-FIRST-DEFINITION-000017"	"O:\repos.external\OpenNT"	"windows/core/ntgdi/client/font.c"	"8c74be8f5336de7e204897241ba375ca63c481717a781c25ef8320bd7a59282d"	"429"	"bMapFileUNICODEClideSide"	"DbgPrint"	"direct-named-call"	"Cross-translation-unit second-degree candidate only; T299 does not inspect this callee body."
"MVDM-SECOND-CANDIDATE-000119"	"MVDM-FIRST-DEFINITION-000018"	"O:\repos.external\OpenNT-4.5"	"nt/private/ntos/w32/ntgdi/client/font.c"	"8c74be8f5336de7e204897241ba375ca63c481717a781c25ef8320bd7a59282d"	"678"	"bVerifyFOT"	"strlen"	"direct-named-call"	"Cross-translation-unit second-degree candidate only; T299 does not inspect this callee body."
"MVDM-SECOND-CANDIDATE-000120"	"MVDM-FIRST-DEFINITION-000019"	"O:\repos.external\OpenNT"	"windows/core/ntgdi/client/font.c"	"8c74be8f5336de7e204897241ba375ca63c481717a781c25ef8320bd7a59282d"	"678"	"bVerifyFOT"	"strlen"	"direct-named-call"	"Cross-translation-unit second-degree candidate only; T299 does not inspect this callee body."
"MVDM-SECOND-CANDIDATE-000121"	"MVDM-FIRST-DEFINITION-000020"	"O:\repos.external\OpenNT-4.5"	"nt/private/ntos/w32/ntgdi/client/font.c"	"8c74be8f5336de7e204897241ba375ca63c481717a781c25ef8320bd7a59282d"	"754"	"cGetTTFFromFOT"	"vToUnicodeN"	"direct-named-call"	"Cross-translation-unit second-degree candidate only; T299 does not inspect this callee body."
"MVDM-SECOND-CANDIDATE-000122"	"MVDM-FIRST-DEFINITION-000020"	"O:\repos.external\OpenNT-4.5"	"nt/private/ntos/w32/ntgdi/client/font.c"	"8c74be8f5336de7e204897241ba375ca63c481717a781c25ef8320bd7a59282d"	"754"	"cGetTTFFromFOT"	"strlen"	"direct-named-call"	"Cross-translation-unit second-degree candidate only; T299 does not inspect this callee body."
"MVDM-SECOND-CANDIDATE-000123"	"MVDM-FIRST-DEFINITION-000020"	"O:\repos.external\OpenNT-4.5"	"nt/private/ntos/w32/ntgdi/client/font.c"	"8c74be8f5336de7e204897241ba375ca63c481717a781c25ef8320bd7a59282d"	"777"	"cGetTTFFromFOT"	"wcslen"	"direct-named-call"	"Cross-translation-unit second-degree candidate only; T299 does not inspect this callee body."
"MVDM-SECOND-CANDIDATE-000124"	"MVDM-FIRST-DEFINITION-000020"	"O:\repos.external\OpenNT-4.5"	"nt/private/ntos/w32/ntgdi/client/font.c"	"8c74be8f5336de7e204897241ba375ca63c481717a781c25ef8320bd7a59282d"	"786"	"cGetTTFFromFOT"	"wcslen"	"direct-named-call"	"Cross-translation-unit second-degree candidate only; T299 does not inspect this callee body."
"MVDM-SECOND-CANDIDATE-000125"	"MVDM-FIRST-DEFINITION-000020"	"O:\repos.external\OpenNT-4.5"	"nt/private/ntos/w32/ntgdi/client/font.c"	"8c74be8f5336de7e204897241ba375ca63c481717a781c25ef8320bd7a59282d"	"797"	"cGetTTFFromFOT"	"wcslen"	"direct-named-call"	"Cross-translation-unit second-degree candidate only; T299 does not inspect this callee body."
"MVDM-SECOND-CANDIDATE-000126"	"MVDM-FIRST-DEFINITION-000020"	"O:\repos.external\OpenNT-4.5"	"nt/private/ntos/w32/ntgdi/client/font.c"	"8c74be8f5336de7e204897241ba375ca63c481717a781c25ef8320bd7a59282d"	"800"	"cGetTTFFromFOT"	"KdPrint"	"direct-named-call"	"Cross-translation-unit second-degree candidate only; T299 does not inspect this callee body."
"MVDM-SECOND-CANDIDATE-000127"	"MVDM-FIRST-DEFINITION-000020"	"O:\repos.external\OpenNT-4.5"	"nt/private/ntos/w32/ntgdi/client/font.c"	"8c74be8f5336de7e204897241ba375ca63c481717a781c25ef8320bd7a59282d"	"810"	"cGetTTFFromFOT"	"KdPrint"	"direct-named-call"	"Cross-translation-unit second-degree candidate only; T299 does not inspect this callee body."
"MVDM-SECOND-CANDIDATE-000128"	"MVDM-FIRST-DEFINITION-000020"	"O:\repos.external\OpenNT-4.5"	"nt/private/ntos/w32/ntgdi/client/font.c"	"8c74be8f5336de7e204897241ba375ca63c481717a781c25ef8320bd7a59282d"	"822"	"cGetTTFFromFOT"	"wcscpy"	"direct-named-call"	"Cross-translation-unit second-degree candidate only; T299 does not inspect this callee body."
"MVDM-SECOND-CANDIDATE-000129"	"MVDM-FIRST-DEFINITION-000021"	"O:\repos.external\OpenNT"	"windows/core/ntgdi/client/font.c"	"8c74be8f5336de7e204897241ba375ca63c481717a781c25ef8320bd7a59282d"	"754"	"cGetTTFFromFOT"	"vToUnicodeN"	"direct-named-call"	"Cross-translation-unit second-degree candidate only; T299 does not inspect this callee body."
"MVDM-SECOND-CANDIDATE-000130"	"MVDM-FIRST-DEFINITION-000021"	"O:\repos.external\OpenNT"	"windows/core/ntgdi/client/font.c"	"8c74be8f5336de7e204897241ba375ca63c481717a781c25ef8320bd7a59282d"	"754"	"cGetTTFFromFOT"	"strlen"	"direct-named-call"	"Cross-translation-unit second-degree candidate only; T299 does not inspect this callee body."
"MVDM-SECOND-CANDIDATE-000131"	"MVDM-FIRST-DEFINITION-000021"	"O:\repos.external\OpenNT"	"windows/core/ntgdi/client/font.c"	"8c74be8f5336de7e204897241ba375ca63c481717a781c25ef8320bd7a59282d"	"777"	"cGetTTFFromFOT"	"wcslen"	"direct-named-call"	"Cross-translation-unit second-degree candidate only; T299 does not inspect this callee body."
"MVDM-SECOND-CANDIDATE-000132"	"MVDM-FIRST-DEFINITION-000021"	"O:\repos.external\OpenNT"	"windows/core/ntgdi/client/font.c"	"8c74be8f5336de7e204897241ba375ca63c481717a781c25ef8320bd7a59282d"	"786"	"cGetTTFFromFOT"	"wcslen"	"direct-named-call"	"Cross-translation-unit second-degree candidate only; T299 does not inspect this callee body."
"MVDM-SECOND-CANDIDATE-000133"	"MVDM-FIRST-DEFINITION-000021"	"O:\repos.external\OpenNT"	"windows/core/ntgdi/client/font.c"	"8c74be8f5336de7e204897241ba375ca63c481717a781c25ef8320bd7a59282d"	"797"	"cGetTTFFromFOT"	"wcslen"	"direct-named-call"	"Cross-translation-unit second-degree candidate only; T299 does not inspect this callee body."
"MVDM-SECOND-CANDIDATE-000134"	"MVDM-FIRST-DEFINITION-000021"	"O:\repos.external\OpenNT"	"windows/core/ntgdi/client/font.c"	"8c74be8f5336de7e204897241ba375ca63c481717a781c25ef8320bd7a59282d"	"800"	"cGetTTFFromFOT"	"KdPrint"	"direct-named-call"	"Cross-translation-unit second-degree candidate only; T299 does not inspect this callee body."
"MVDM-SECOND-CANDIDATE-000135"	"MVDM-FIRST-DEFINITION-000021"	"O:\repos.external\OpenNT"	"windows/core/ntgdi/client/font.c"	"8c74be8f5336de7e204897241ba375ca63c481717a781c25ef8320bd7a59282d"	"810"	"cGetTTFFromFOT"	"KdPrint"	"direct-named-call"	"Cross-translation-unit second-degree candidate only; T299 does not inspect this callee body."
"MVDM-SECOND-CANDIDATE-000136"	"MVDM-FIRST-DEFINITION-000021"	"O:\repos.external\OpenNT"	"windows/core/ntgdi/client/font.c"	"8c74be8f5336de7e204897241ba375ca63c481717a781c25ef8320bd7a59282d"	"822"	"cGetTTFFromFOT"	"wcscpy"	"direct-named-call"	"Cross-translation-unit second-degree candidate only; T299 does not inspect this callee body."
"MVDM-SECOND-CANDIDATE-000137"	"MVDM-FIRST-DEFINITION-000022"	"O:\repos.external\OpenNT"	"base/mvdm/oemuni/file.c"	"a3184eb571d6822577b52849e2da3955689899ecc6dfd9df100ff3f3636be5df"	"26"	"CheckForSameCurdir"	"NtCurrentPeb"	"direct-named-call"	"Cross-translation-unit second-degree candidate only; T299 does not inspect this callee body."
"MVDM-SECOND-CANDIDATE-000138"	"MVDM-FIRST-DEFINITION-000022"	"O:\repos.external\OpenNT"	"base/mvdm/oemuni/file.c"	"a3184eb571d6822577b52849e2da3955689899ecc6dfd9df100ff3f3636be5df"	"39"	"CheckForSameCurdir"	"RtlAcquirePebLock"	"direct-named-call"	"Cross-translation-unit second-degree candidate only; T299 does not inspect this callee body."
"MVDM-SECOND-CANDIDATE-000139"	"MVDM-FIRST-DEFINITION-000022"	"O:\repos.external\OpenNT"	"base/mvdm/oemuni/file.c"	"a3184eb571d6822577b52849e2da3955689899ecc6dfd9df100ff3f3636be5df"	"47"	"CheckForSameCurdir"	"RtlEqualUnicodeString"	"direct-named-call"	"Cross-translation-unit second-degree candidate only; T299 does not inspect this callee body."
"MVDM-SECOND-CANDIDATE-000140"	"MVDM-FIRST-DEFINITION-000022"	"O:\repos.external\OpenNT"	"base/mvdm/oemuni/file.c"	"a3184eb571d6822577b52849e2da3955689899ecc6dfd9df100ff3f3636be5df"	"50"	"CheckForSameCurdir"	"RtlReleasePebLock"	"direct-named-call"	"Cross-translation-unit second-degree candidate only; T299 does not inspect this callee body."
"MVDM-SECOND-CANDIDATE-000141"	"MVDM-FIRST-DEFINITION-000024"	"O:\repos.external\OpenNT"	"base/mvdm/oemuni/file.c"	"a3184eb571d6822577b52849e2da3955689899ecc6dfd9df100ff3f3636be5df"	"698"	"CreateDirectoryOem"	"NtCurrentTeb"	"direct-named-call"	"Cross-translation-unit second-degree candidate only; T299 does not inspect this callee body."
"MVDM-SECOND-CANDIDATE-000142"	"MVDM-FIRST-DEFINITION-000024"	"O:\repos.external\OpenNT"	"base/mvdm/oemuni/file.c"	"a3184eb571d6822577b52849e2da3955689899ecc6dfd9df100ff3f3636be5df"	"699"	"CreateDirectoryOem"	"InitOemString"	"direct-named-call"	"Cross-translation-unit second-degree candidate only; T299 does not inspect this callee body."
"MVDM-SECOND-CANDIDATE-000143"	"MVDM-FIRST-DEFINITION-000024"	"O:\repos.external\OpenNT"	"base/mvdm/oemuni/file.c"	"a3184eb571d6822577b52849e2da3955689899ecc6dfd9df100ff3f3636be5df"	"700"	"CreateDirectoryOem"	"RtlOemStringToUnicodeString"	"direct-named-call"	"Cross-translation-unit second-degree candidate only; T299 does not inspect this callee body."
"MVDM-SECOND-CANDIDATE-000144"	"MVDM-FIRST-DEFINITION-000024"	"O:\repos.external\OpenNT"	"base/mvdm/oemuni/file.c"	"a3184eb571d6822577b52849e2da3955689899ecc6dfd9df100ff3f3636be5df"	"703"	"CreateDirectoryOem"	"SetLastError"	"direct-named-call"	"Cross-translation-unit second-degree candidate only; T299 does not inspect this callee body."
"MVDM-SECOND-CANDIDATE-000145"	"MVDM-FIRST-DEFINITION-000024"	"O:\repos.external\OpenNT"	"base/mvdm/oemuni/file.c"	"a3184eb571d6822577b52849e2da3955689899ecc6dfd9df100ff3f3636be5df"	"706"	"CreateDirectoryOem"	"BaseSetLastNTError"	"direct-named-call"	"Cross-translation-unit second-degree candidate only; T299 does not inspect this callee body."
"MVDM-SECOND-CANDIDATE-000146"	"MVDM-FIRST-DEFINITION-000024"	"O:\repos.external\OpenNT"	"base/mvdm/oemuni/file.c"	"a3184eb571d6822577b52849e2da3955689899ecc6dfd9df100ff3f3636be5df"	"710"	"CreateDirectoryOem"	"CreateDirectoryW"	"direct-named-call"	"Cross-translation-unit second-degree candidate only; T299 does not inspect this callee body."
"MVDM-SECOND-CANDIDATE-000147"	"MVDM-FIRST-DEFINITION-000025"	"O:\repos.external\OpenNT"	"base/mvdm/oemuni/file.c"	"a3184eb571d6822577b52849e2da3955689899ecc6dfd9df100ff3f3636be5df"	"85"	"CreateFileOem"	"NtCurrentTeb"	"direct-named-call"	"Cross-translation-unit second-degree candidate only; T299 does not inspect this callee body."
"MVDM-SECOND-CANDIDATE-000148"	"MVDM-FIRST-DEFINITION-000025"	"O:\repos.external\OpenNT"	"base/mvdm/oemuni/file.c"	"a3184eb571d6822577b52849e2da3955689899ecc6dfd9df100ff3f3636be5df"	"86"	"CreateFileOem"	"InitOemString"	"direct-named-call"	"Cross-translation-unit second-degree candidate only; T299 does not inspect this callee body."
"MVDM-SECOND-CANDIDATE-000149"	"MVDM-FIRST-DEFINITION-000025"	"O:\repos.external\OpenNT"	"base/mvdm/oemuni/file.c"	"a3184eb571d6822577b52849e2da3955689899ecc6dfd9df100ff3f3636be5df"	"87"	"CreateFileOem"	"RtlOemStringToUnicodeString"	"direct-named-call"	"Cross-translation-unit second-degree candidate only; T299 does not inspect this callee body."
"MVDM-SECOND-CANDIDATE-000150"	"MVDM-FIRST-DEFINITION-000025"	"O:\repos.external\OpenNT"	"base/mvdm/oemuni/file.c"	"a3184eb571d6822577b52849e2da3955689899ecc6dfd9df100ff3f3636be5df"	"90"	"CreateFileOem"	"SetLastError"	"direct-named-call"	"Cross-translation-unit second-degree candidate only; T299 does not inspect this callee body."
"MVDM-SECOND-CANDIDATE-000151"	"MVDM-FIRST-DEFINITION-000025"	"O:\repos.external\OpenNT"	"base/mvdm/oemuni/file.c"	"a3184eb571d6822577b52849e2da3955689899ecc6dfd9df100ff3f3636be5df"	"93"	"CreateFileOem"	"BaseSetLastNTError"	"direct-named-call"	"Cross-translation-unit second-degree candidate only; T299 does not inspect this callee body."
"MVDM-SECOND-CANDIDATE-000152"	"MVDM-FIRST-DEFINITION-000025"	"O:\repos.external\OpenNT"	"base/mvdm/oemuni/file.c"	"a3184eb571d6822577b52849e2da3955689899ecc6dfd9df100ff3f3636be5df"	"104"	"CreateFileOem"	"CreateFileW"	"direct-named-call"	"Cross-translation-unit second-degree candidate only; T299 does not inspect this callee body."
"MVDM-SECOND-CANDIDATE-000153"	"MVDM-FIRST-DEFINITION-000025"	"O:\repos.external\OpenNT"	"base/mvdm/oemuni/file.c"	"a3184eb571d6822577b52849e2da3955689899ecc6dfd9df100ff3f3636be5df"	"124"	"CreateFileOem"	"CreateFileW"	"direct-named-call"	"Cross-translation-unit second-degree candidate only; T299 does not inspect this callee body."
"MVDM-SECOND-CANDIDATE-000154"	"MVDM-FIRST-DEFINITION-000026"	"O:\repos.external\OpenNT"	"base/mvdm/oemuni/file.c"	"a3184eb571d6822577b52849e2da3955689899ecc6dfd9df100ff3f3636be5df"	"236"	"DeleteFileOem"	"NtCurrentTeb"	"direct-named-call"	"Cross-translation-unit second-degree candidate only; T299 does not inspect this callee body."
"MVDM-SECOND-CANDIDATE-000155"	"MVDM-FIRST-DEFINITION-000026"	"O:\repos.external\OpenNT"	"base/mvdm/oemuni/file.c"	"a3184eb571d6822577b52849e2da3955689899ecc6dfd9df100ff3f3636be5df"	"237"	"DeleteFileOem"	"InitOemString"	"direct-named-call"	"Cross-translation-unit second-degree candidate only; T299 does not inspect this callee body."
"MVDM-SECOND-CANDIDATE-000156"	"MVDM-FIRST-DEFINITION-000026"	"O:\repos.external\OpenNT"	"base/mvdm/oemuni/file.c"	"a3184eb571d6822577b52849e2da3955689899ecc6dfd9df100ff3f3636be5df"	"238"	"DeleteFileOem"	"RtlOemStringToUnicodeString"	"direct-named-call"	"Cross-translation-unit second-degree candidate only; T299 does not inspect this callee body."
"MVDM-SECOND-CANDIDATE-000157"	"MVDM-FIRST-DEFINITION-000026"	"O:\repos.external\OpenNT"	"base/mvdm/oemuni/file.c"	"a3184eb571d6822577b52849e2da3955689899ecc6dfd9df100ff3f3636be5df"	"241"	"DeleteFileOem"	"SetLastError"	"direct-named-call"	"Cross-translation-unit second-degree candidate only; T299 does not inspect this callee body."
"MVDM-SECOND-CANDIDATE-000158"	"MVDM-FIRST-DEFINITION-000026"	"O:\repos.external\OpenNT"	"base/mvdm/oemuni/file.c"	"a3184eb571d6822577b52849e2da3955689899ecc6dfd9df100ff3f3636be5df"	"244"	"DeleteFileOem"	"BaseSetLastNTError"	"direct-named-call"	"Cross-translation-unit second-degree candidate only; T299 does not inspect this callee body."
"MVDM-SECOND-CANDIDATE-000159"	"MVDM-FIRST-DEFINITION-000026"	"O:\repos.external\OpenNT"	"base/mvdm/oemuni/file.c"	"a3184eb571d6822577b52849e2da3955689899ecc6dfd9df100ff3f3636be5df"	"248"	"DeleteFileOem"	"DeleteFileW"	"direct-named-call"	"Cross-translation-unit second-degree candidate only; T299 does not inspect this callee body."
"MVDM-SECOND-CANDIDATE-000160"	"MVDM-FIRST-DEFINITION-000027"	"O:\repos.external\OpenNT"	"base/win32/client/vdm.c"	"3f03d0dbb08e0163f2d9cf415daad0981e42e1b1855f6f48a3b59022b7374173"	"767"	"ExitVDM"	"NtCurrentPeb"	"direct-named-call"	"Cross-translation-unit second-degree candidate only; T299 does not inspect this callee body."
"MVDM-SECOND-CANDIDATE-000161"	"MVDM-FIRST-DEFINITION-000027"	"O:\repos.external\OpenNT"	"base/win32/client/vdm.c"	"3f03d0dbb08e0163f2d9cf415daad0981e42e1b1855f6f48a3b59022b7374173"	"772"	"ExitVDM"	"CsrClientCallServer"	"direct-named-call"	"Cross-translation-unit second-degree candidate only; T299 does not inspect this callee body."
"MVDM-SECOND-CANDIDATE-000162"	"MVDM-FIRST-DEFINITION-000027"	"O:\repos.external\OpenNT"	"base/win32/client/vdm.c"	"3f03d0dbb08e0163f2d9cf415daad0981e42e1b1855f6f48a3b59022b7374173"	"781"	"ExitVDM"	"NtClose"	"direct-named-call"	"Cross-translation-unit second-degree candidate only; T299 does not inspect this callee body."
"MVDM-SECOND-CANDIDATE-000163"	"MVDM-FIRST-DEFINITION-000028"	"O:\repos.external\OpenNT-4.5"	"nt/private/windows/base/client/vdm.c"	"1e4de7f98a0756259986c1f62832dd84d42431de5a22c189d80c164155cc80ae"	"767"	"ExitVDM"	"NtCurrentPeb"	"direct-named-call"	"Cross-translation-unit second-degree candidate only; T299 does not inspect this callee body."
"MVDM-SECOND-CANDIDATE-000164"	"MVDM-FIRST-DEFINITION-000028"	"O:\repos.external\OpenNT-4.5"	"nt/private/windows/base/client/vdm.c"	"1e4de7f98a0756259986c1f62832dd84d42431de5a22c189d80c164155cc80ae"	"772"	"ExitVDM"	"CsrClientCallServer"	"direct-named-call"	"Cross-translation-unit second-degree candidate only; T299 does not inspect this callee body."
"MVDM-SECOND-CANDIDATE-000165"	"MVDM-FIRST-DEFINITION-000028"	"O:\repos.external\OpenNT-4.5"	"nt/private/windows/base/client/vdm.c"	"1e4de7f98a0756259986c1f62832dd84d42431de5a22c189d80c164155cc80ae"	"781"	"ExitVDM"	"NtClose"	"direct-named-call"	"Cross-translation-unit second-degree candidate only; T299 does not inspect this callee body."
"MVDM-SECOND-CANDIDATE-000166"	"MVDM-FIRST-DEFINITION-000029"	"O:\repos.external\OpenNT"	"base/mvdm/oemuni/process.c"	"38c9125f9f3c43f32f696616e565e63b8f056da7ec264d980a5e5278cc640468"	"770"	"ExpandEnvironmentStringsOem"	"SetLastError"	"direct-named-call"	"Cross-translation-unit second-degree candidate only; T299 does not inspect this callee body."
"MVDM-SECOND-CANDIDATE-000167"	"MVDM-FIRST-DEFINITION-000029"	"O:\repos.external\OpenNT"	"base/mvdm/oemuni/process.c"	"38c9125f9f3c43f32f696616e565e63b8f056da7ec264d980a5e5278cc640468"	"779"	"ExpandEnvironmentStringsOem"	"InitOemString"	"direct-named-call"	"Cross-translation-unit second-degree candidate only; T299 does not inspect this callee body."
"MVDM-SECOND-CANDIDATE-000168"	"MVDM-FIRST-DEFINITION-000029"	"O:\repos.external\OpenNT"	"base/mvdm/oemuni/process.c"	"38c9125f9f3c43f32f696616e565e63b8f056da7ec264d980a5e5278cc640468"	"780"	"ExpandEnvironmentStringsOem"	"RtlOemStringToUnicodeString"	"direct-named-call"	"Cross-translation-unit second-degree candidate only; T299 does not inspect this callee body."
"MVDM-SECOND-CANDIDATE-000169"	"MVDM-FIRST-DEFINITION-000029"	"O:\repos.external\OpenNT"	"base/mvdm/oemuni/process.c"	"38c9125f9f3c43f32f696616e565e63b8f056da7ec264d980a5e5278cc640468"	"783"	"ExpandEnvironmentStringsOem"	"SetLastError"	"direct-named-call"	"Cross-translation-unit second-degree candidate only; T299 does not inspect this callee body."
"MVDM-SECOND-CANDIDATE-000170"	"MVDM-FIRST-DEFINITION-000029"	"O:\repos.external\OpenNT"	"base/mvdm/oemuni/process.c"	"38c9125f9f3c43f32f696616e565e63b8f056da7ec264d980a5e5278cc640468"	"786"	"ExpandEnvironmentStringsOem"	"BaseSetLastNTError"	"direct-named-call"	"Cross-translation-unit second-degree candidate only; T299 does not inspect this callee body."
"MVDM-SECOND-CANDIDATE-000171"	"MVDM-FIRST-DEFINITION-000029"	"O:\repos.external\OpenNT"	"base/mvdm/oemuni/process.c"	"38c9125f9f3c43f32f696616e565e63b8f056da7ec264d980a5e5278cc640468"	"791"	"ExpandEnvironmentStringsOem"	"RtlUnicodeStringToAnsiString"	"direct-named-call"	"Cross-translation-unit second-degree candidate only; T299 does not inspect this callee body."
"MVDM-SECOND-CANDIDATE-000172"	"MVDM-FIRST-DEFINITION-000029"	"O:\repos.external\OpenNT"	"base/mvdm/oemuni/process.c"	"38c9125f9f3c43f32f696616e565e63b8f056da7ec264d980a5e5278cc640468"	"793"	"ExpandEnvironmentStringsOem"	"BaseSetLastNTError"	"direct-named-call"	"Cross-translation-unit second-degree candidate only; T299 does not inspect this callee body."
"MVDM-SECOND-CANDIDATE-000173"	"MVDM-FIRST-DEFINITION-000029"	"O:\repos.external\OpenNT"	"base/mvdm/oemuni/process.c"	"38c9125f9f3c43f32f696616e565e63b8f056da7ec264d980a5e5278cc640468"	"796"	"ExpandEnvironmentStringsOem"	"RtlFreeUnicodeString"	"direct-named-call"	"Cross-translation-unit second-degree candidate only; T299 does not inspect this callee body."
"MVDM-SECOND-CANDIDATE-000174"	"MVDM-FIRST-DEFINITION-000029"	"O:\repos.external\OpenNT"	"base/mvdm/oemuni/process.c"	"38c9125f9f3c43f32f696616e565e63b8f056da7ec264d980a5e5278cc640468"	"799"	"ExpandEnvironmentStringsOem"	"ExpandEnvironmentStrings"	"direct-named-call"	"Cross-translation-unit second-degree candidate only; T299 does not inspect this callee body."
"MVDM-SECOND-CANDIDATE-000175"	"MVDM-FIRST-DEFINITION-000029"	"O:\repos.external\OpenNT"	"base/mvdm/oemuni/process.c"	"38c9125f9f3c43f32f696616e565e63b8f056da7ec264d980a5e5278cc640468"	"804"	"ExpandEnvironmentStringsOem"	"RtlInitString"	"direct-named-call"	"Cross-translation-unit second-degree candidate only; T299 does not inspect this callee body."
"MVDM-SECOND-CANDIDATE-000176"	"MVDM-FIRST-DEFINITION-000029"	"O:\repos.external\OpenNT"	"base/mvdm/oemuni/process.c"	"38c9125f9f3c43f32f696616e565e63b8f056da7ec264d980a5e5278cc640468"	"805"	"ExpandEnvironmentStringsOem"	"RtlAnsiStringToUnicodeString"	"direct-named-call"	"Cross-translation-unit second-degree candidate only; T299 does not inspect this callee body."
"MVDM-SECOND-CANDIDATE-000177"	"MVDM-FIRST-DEFINITION-000029"	"O:\repos.external\OpenNT"	"base/mvdm/oemuni/process.c"	"38c9125f9f3c43f32f696616e565e63b8f056da7ec264d980a5e5278cc640468"	"808"	"ExpandEnvironmentStringsOem"	"SetLastError"	"direct-named-call"	"Cross-translation-unit second-degree candidate only; T299 does not inspect this callee body."
"MVDM-SECOND-CANDIDATE-000178"	"MVDM-FIRST-DEFINITION-000029"	"O:\repos.external\OpenNT"	"base/mvdm/oemuni/process.c"	"38c9125f9f3c43f32f696616e565e63b8f056da7ec264d980a5e5278cc640468"	"811"	"ExpandEnvironmentStringsOem"	"BaseSetLastNTError"	"direct-named-call"	"Cross-translation-unit second-degree candidate only; T299 does not inspect this callee body."
"MVDM-SECOND-CANDIDATE-000179"	"MVDM-FIRST-DEFINITION-000029"	"O:\repos.external\OpenNT"	"base/mvdm/oemuni/process.c"	"38c9125f9f3c43f32f696616e565e63b8f056da7ec264d980a5e5278cc640468"	"815"	"ExpandEnvironmentStringsOem"	"RtlUnicodeStringToOemString"	"direct-named-call"	"Cross-translation-unit second-degree candidate only; T299 does not inspect this callee body."
"MVDM-SECOND-CANDIDATE-000180"	"MVDM-FIRST-DEFINITION-000029"	"O:\repos.external\OpenNT"	"base/mvdm/oemuni/process.c"	"38c9125f9f3c43f32f696616e565e63b8f056da7ec264d980a5e5278cc640468"	"817"	"ExpandEnvironmentStringsOem"	"BaseSetLastNTError"	"direct-named-call"	"Cross-translation-unit second-degree candidate only; T299 does not inspect this callee body."
"MVDM-SECOND-CANDIDATE-000181"	"MVDM-FIRST-DEFINITION-000029"	"O:\repos.external\OpenNT"	"base/mvdm/oemuni/process.c"	"38c9125f9f3c43f32f696616e565e63b8f056da7ec264d980a5e5278cc640468"	"826"	"ExpandEnvironmentStringsOem"	"RtlFreeUnicodeString"	"direct-named-call"	"Cross-translation-unit second-degree candidate only; T299 does not inspect this callee body."
"MVDM-SECOND-CANDIDATE-000182"	"MVDM-FIRST-DEFINITION-000029"	"O:\repos.external\OpenNT"	"base/mvdm/oemuni/process.c"	"38c9125f9f3c43f32f696616e565e63b8f056da7ec264d980a5e5278cc640468"	"830"	"ExpandEnvironmentStringsOem"	"RtlFreeAnsiString"	"direct-named-call"	"Cross-translation-unit second-degree candidate only; T299 does not inspect this callee body."
"MVDM-SECOND-CANDIDATE-000183"	"MVDM-FIRST-DEFINITION-000029"	"O:\repos.external\OpenNT"	"base/mvdm/oemuni/process.c"	"38c9125f9f3c43f32f696616e565e63b8f056da7ec264d980a5e5278cc640468"	"834"	"ExpandEnvironmentStringsOem"	"RtlFreeAnsiString"	"direct-named-call"	"Cross-translation-unit second-degree candidate only; T299 does not inspect this callee body."
"MVDM-SECOND-CANDIDATE-000184"	"MVDM-FIRST-DEFINITION-000030"	"O:\repos.external\OpenNT"	"base/mvdm/oemuni/file.c"	"a3184eb571d6822577b52849e2da3955689899ecc6dfd9df100ff3f3636be5df"	"398"	"FindFirstFileOem"	"NtCurrentTeb"	"direct-named-call"	"Cross-translation-unit second-degree candidate only; T299 does not inspect this callee body."
"MVDM-SECOND-CANDIDATE-000185"	"MVDM-FIRST-DEFINITION-000030"	"O:\repos.external\OpenNT"	"base/mvdm/oemuni/file.c"	"a3184eb571d6822577b52849e2da3955689899ecc6dfd9df100ff3f3636be5df"	"399"	"FindFirstFileOem"	"InitOemString"	"direct-named-call"	"Cross-translation-unit second-degree candidate only; T299 does not inspect this callee body."
"MVDM-SECOND-CANDIDATE-000186"	"MVDM-FIRST-DEFINITION-000030"	"O:\repos.external\OpenNT"	"base/mvdm/oemuni/file.c"	"a3184eb571d6822577b52849e2da3955689899ecc6dfd9df100ff3f3636be5df"	"400"	"FindFirstFileOem"	"RtlOemStringToUnicodeString"	"direct-named-call"	"Cross-translation-unit second-degree candidate only; T299 does not inspect this callee body."
"MVDM-SECOND-CANDIDATE-000187"	"MVDM-FIRST-DEFINITION-000030"	"O:\repos.external\OpenNT"	"base/mvdm/oemuni/file.c"	"a3184eb571d6822577b52849e2da3955689899ecc6dfd9df100ff3f3636be5df"	"403"	"FindFirstFileOem"	"SetLastError"	"direct-named-call"	"Cross-translation-unit second-degree candidate only; T299 does not inspect this callee body."
"MVDM-SECOND-CANDIDATE-000188"	"MVDM-FIRST-DEFINITION-000030"	"O:\repos.external\OpenNT"	"base/mvdm/oemuni/file.c"	"a3184eb571d6822577b52849e2da3955689899ecc6dfd9df100ff3f3636be5df"	"406"	"FindFirstFileOem"	"BaseSetLastNTError"	"direct-named-call"	"Cross-translation-unit second-degree candidate only; T299 does not inspect this callee body."
"MVDM-SECOND-CANDIDATE-000189"	"MVDM-FIRST-DEFINITION-000030"	"O:\repos.external\OpenNT"	"base/mvdm/oemuni/file.c"	"a3184eb571d6822577b52849e2da3955689899ecc6dfd9df100ff3f3636be5df"	"410"	"FindFirstFileOem"	"FindFirstFileW"	"direct-named-call"	"Cross-translation-unit second-degree candidate only; T299 does not inspect this callee body."
"MVDM-SECOND-CANDIDATE-000190"	"MVDM-FIRST-DEFINITION-000030"	"O:\repos.external\OpenNT"	"base/mvdm/oemuni/file.c"	"a3184eb571d6822577b52849e2da3955689899ecc6dfd9df100ff3f3636be5df"	"414"	"FindFirstFileOem"	"RtlMoveMemory"	"direct-named-call"	"Cross-translation-unit second-degree candidate only; T299 does not inspect this callee body."
"MVDM-SECOND-CANDIDATE-000191"	"MVDM-FIRST-DEFINITION-000030"	"O:\repos.external\OpenNT"	"base/mvdm/oemuni/file.c"	"a3184eb571d6822577b52849e2da3955689899ecc6dfd9df100ff3f3636be5df"	"419"	"FindFirstFileOem"	"RtlInitUnicodeString"	"direct-named-call"	"Cross-translation-unit second-degree candidate only; T299 does not inspect this callee body."
"MVDM-SECOND-CANDIDATE-000192"	"MVDM-FIRST-DEFINITION-000030"	"O:\repos.external\OpenNT"	"base/mvdm/oemuni/file.c"	"a3184eb571d6822577b52849e2da3955689899ecc6dfd9df100ff3f3636be5df"	"422"	"FindFirstFileOem"	"RtlUnicodeStringToOemString"	"direct-named-call"	"Cross-translation-unit second-degree candidate only; T299 does not inspect this callee body."
"MVDM-SECOND-CANDIDATE-000193"	"MVDM-FIRST-DEFINITION-000030"	"O:\repos.external\OpenNT"	"base/mvdm/oemuni/file.c"	"a3184eb571d6822577b52849e2da3955689899ecc6dfd9df100ff3f3636be5df"	"424"	"FindFirstFileOem"	"RtlInitUnicodeString"	"direct-named-call"	"Cross-translation-unit second-degree candidate only; T299 does not inspect this callee body."
"MVDM-SECOND-CANDIDATE-000194"	"MVDM-FIRST-DEFINITION-000030"	"O:\repos.external\OpenNT"	"base/mvdm/oemuni/file.c"	"a3184eb571d6822577b52849e2da3955689899ecc6dfd9df100ff3f3636be5df"	"427"	"FindFirstFileOem"	"RtlUnicodeStringToOemString"	"direct-named-call"	"Cross-translation-unit second-degree candidate only; T299 does not inspect this callee body."
"MVDM-SECOND-CANDIDATE-000195"	"MVDM-FIRST-DEFINITION-000030"	"O:\repos.external\OpenNT"	"base/mvdm/oemuni/file.c"	"a3184eb571d6822577b52849e2da3955689899ecc6dfd9df100ff3f3636be5df"	"430"	"FindFirstFileOem"	"FindClose"	"direct-named-call"	"Cross-translation-unit second-degree candidate only; T299 does not inspect this callee body."
"MVDM-SECOND-CANDIDATE-000196"	"MVDM-FIRST-DEFINITION-000030"	"O:\repos.external\OpenNT"	"base/mvdm/oemuni/file.c"	"a3184eb571d6822577b52849e2da3955689899ecc6dfd9df100ff3f3636be5df"	"431"	"FindFirstFileOem"	"BaseSetLastNTError"	"direct-named-call"	"Cross-translation-unit second-degree candidate only; T299 does not inspect this callee body."
"MVDM-SECOND-CANDIDATE-000197"	"MVDM-FIRST-DEFINITION-000031"	"O:\repos.external\OpenNT"	"base/mvdm/oemuni/file.c"	"a3184eb571d6822577b52849e2da3955689899ecc6dfd9df100ff3f3636be5df"	"463"	"FindNextFileOem"	"FindNextFileW"	"direct-named-call"	"Cross-translation-unit second-degree candidate only; T299 does not inspect this callee body."
"MVDM-SECOND-CANDIDATE-000198"	"MVDM-FIRST-DEFINITION-000031"	"O:\repos.external\OpenNT"	"base/mvdm/oemuni/file.c"	"a3184eb571d6822577b52849e2da3955689899ecc6dfd9df100ff3f3636be5df"	"467"	"FindNextFileOem"	"RtlMoveMemory"	"direct-named-call"	"Cross-translation-unit second-degree candidate only; T299 does not inspect this callee body."
"MVDM-SECOND-CANDIDATE-000199"	"MVDM-FIRST-DEFINITION-000031"	"O:\repos.external\OpenNT"	"base/mvdm/oemuni/file.c"	"a3184eb571d6822577b52849e2da3955689899ecc6dfd9df100ff3f3636be5df"	"472"	"FindNextFileOem"	"RtlInitUnicodeString"	"direct-named-call"	"Cross-translation-unit second-degree candidate only; T299 does not inspect this callee body."
"MVDM-SECOND-CANDIDATE-000200"	"MVDM-FIRST-DEFINITION-000031"	"O:\repos.external\OpenNT"	"base/mvdm/oemuni/file.c"	"a3184eb571d6822577b52849e2da3955689899ecc6dfd9df100ff3f3636be5df"	"475"	"FindNextFileOem"	"RtlUnicodeStringToOemString"	"direct-named-call"	"Cross-translation-unit second-degree candidate only; T299 does not inspect this callee body."
"MVDM-SECOND-CANDIDATE-000201"	"MVDM-FIRST-DEFINITION-000031"	"O:\repos.external\OpenNT"	"base/mvdm/oemuni/file.c"	"a3184eb571d6822577b52849e2da3955689899ecc6dfd9df100ff3f3636be5df"	"477"	"FindNextFileOem"	"RtlInitUnicodeString"	"direct-named-call"	"Cross-translation-unit second-degree candidate only; T299 does not inspect this callee body."
"MVDM-SECOND-CANDIDATE-000202"	"MVDM-FIRST-DEFINITION-000031"	"O:\repos.external\OpenNT"	"base/mvdm/oemuni/file.c"	"a3184eb571d6822577b52849e2da3955689899ecc6dfd9df100ff3f3636be5df"	"480"	"FindNextFileOem"	"RtlUnicodeStringToOemString"	"direct-named-call"	"Cross-translation-unit second-degree candidate only; T299 does not inspect this callee body."
"MVDM-SECOND-CANDIDATE-000203"	"MVDM-FIRST-DEFINITION-000031"	"O:\repos.external\OpenNT"	"base/mvdm/oemuni/file.c"	"a3184eb571d6822577b52849e2da3955689899ecc6dfd9df100ff3f3636be5df"	"483"	"FindNextFileOem"	"BaseSetLastNTError"	"direct-named-call"	"Cross-translation-unit second-degree candidate only; T299 does not inspect this callee body."
"MVDM-SECOND-CANDIDATE-000204"	"MVDM-FIRST-DEFINITION-000033"	"O:\repos.external\OpenNT-4.5"	"nt/private/ntos/w32/ntgdi/client/font.c"	"8c74be8f5336de7e204897241ba375ca63c481717a781c25ef8320bd7a59282d"	"2469"	"GdiAddFontResourceW"	"NtGdiAddFontResourceW"	"direct-named-call"	"Cross-translation-unit second-degree candidate only; T299 does not inspect this callee body."
"MVDM-SECOND-CANDIDATE-000205"	"MVDM-FIRST-DEFINITION-000034"	"O:\repos.external\OpenNT"	"windows/core/ntgdi/client/font.c"	"8c74be8f5336de7e204897241ba375ca63c481717a781c25ef8320bd7a59282d"	"2469"	"GdiAddFontResourceW"	"NtGdiAddFontResourceW"	"direct-named-call"	"Cross-translation-unit second-degree candidate only; T299 does not inspect this callee body."
"MVDM-SECOND-CANDIDATE-000206"	"MVDM-FIRST-DEFINITION-000035"	"O:\repos.external\OpenNT-4.5"	"nt/private/ntos/w32/ntgdi/client/local.c"	"c2fbc0ac7b158dc2ebc8dbc037503c0d8129c9187d590eba4031156d9d0a3c13"	"188"	"GdiCleanCacheDC"	"GdiSetLastError"	"direct-named-call"	"Cross-translation-unit second-degree candidate only; T299 does not inspect this callee body."
"MVDM-SECOND-CANDIDATE-000207"	"MVDM-FIRST-DEFINITION-000036"	"O:\repos.external\OpenNT"	"windows/core/ntgdi/client/local.c"	"c2fbc0ac7b158dc2ebc8dbc037503c0d8129c9187d590eba4031156d9d0a3c13"	"188"	"GdiCleanCacheDC"	"GdiSetLastError"	"direct-named-call"	"Cross-translation-unit second-degree candidate only; T299 does not inspect this callee body."
"MVDM-SECOND-CANDIDATE-000208"	"MVDM-FIRST-DEFINITION-000039"	"O:\repos.external\OpenNT-4.5"	"nt/private/ntos/w32/ntgdi/client/ldc.c"	"c4b0f8a40c2f73d6b61079b5c01f9167421e3a30b0f8894defc70129ab21fbeb"	"46"	"GetAndSetDCDWord"	"MF16_RecordParmsD"	"direct-named-call"	"Cross-translation-unit second-degree candidate only; T299 does not inspect this callee body."
"MVDM-SECOND-CANDIDATE-000209"	"MVDM-FIRST-DEFINITION-000039"	"O:\repos.external\OpenNT-4.5"	"nt/private/ntos/w32/ntgdi/client/ldc.c"	"c4b0f8a40c2f73d6b61079b5c01f9167421e3a30b0f8894defc70129ab21fbeb"	"52"	"GetAndSetDCDWord"	"MF_SetD"	"direct-named-call"	"Cross-translation-unit second-degree candidate only; T299 does not inspect this callee body."
"MVDM-SECOND-CANDIDATE-000210"	"MVDM-FIRST-DEFINITION-000039"	"O:\repos.external\OpenNT-4.5"	"nt/private/ntos/w32/ntgdi/client/ldc.c"	"c4b0f8a40c2f73d6b61079b5c01f9167421e3a30b0f8894defc70129ab21fbeb"	"57"	"GetAndSetDCDWord"	"NtGdiGetAndSetDCDword"	"direct-named-call"	"Cross-translation-unit second-degree candidate only; T299 does not inspect this callee body."
"MVDM-SECOND-CANDIDATE-000211"	"MVDM-FIRST-DEFINITION-000040"	"O:\repos.external\OpenNT"	"windows/core/ntgdi/client/ldc.c"	"c4b0f8a40c2f73d6b61079b5c01f9167421e3a30b0f8894defc70129ab21fbeb"	"46"	"GetAndSetDCDWord"	"MF16_RecordParmsD"	"direct-named-call"	"Cross-translation-unit second-degree candidate only; T299 does not inspect this callee body."
"MVDM-SECOND-CANDIDATE-000212"	"MVDM-FIRST-DEFINITION-000040"	"O:\repos.external\OpenNT"	"windows/core/ntgdi/client/ldc.c"	"c4b0f8a40c2f73d6b61079b5c01f9167421e3a30b0f8894defc70129ab21fbeb"	"52"	"GetAndSetDCDWord"	"MF_SetD"	"direct-named-call"	"Cross-translation-unit second-degree candidate only; T299 does not inspect this callee body."
"MVDM-SECOND-CANDIDATE-000213"	"MVDM-FIRST-DEFINITION-000040"	"O:\repos.external\OpenNT"	"windows/core/ntgdi/client/ldc.c"	"c4b0f8a40c2f73d6b61079b5c01f9167421e3a30b0f8894defc70129ab21fbeb"	"57"	"GetAndSetDCDWord"	"NtGdiGetAndSetDCDword"	"direct-named-call"	"Cross-translation-unit second-degree candidate only; T299 does not inspect this callee body."
"MVDM-SECOND-CANDIDATE-000214"	"MVDM-FIRST-DEFINITION-000041"	"O:\repos.external\OpenNT"	"base/mvdm/oemuni/file.c"	"a3184eb571d6822577b52849e2da3955689899ecc6dfd9df100ff3f3636be5df"	"1069"	"GetComputerNameOem"	"RtlAllocateHeap"	"direct-named-call"	"Cross-translation-unit second-degree candidate only; T299 does not inspect this callee body."
"MVDM-SECOND-CANDIDATE-000215"	"MVDM-FIRST-DEFINITION-000041"	"O:\repos.external\OpenNT"	"base/mvdm/oemuni/file.c"	"a3184eb571d6822577b52849e2da3955689899ecc6dfd9df100ff3f3636be5df"	"1069"	"GetComputerNameOem"	"RtlProcessHeap"	"direct-named-call"	"Cross-translation-unit second-degree candidate only; T299 does not inspect this callee body."
"MVDM-SECOND-CANDIDATE-000216"	"MVDM-FIRST-DEFINITION-000041"	"O:\repos.external\OpenNT"	"base/mvdm/oemuni/file.c"	"a3184eb571d6822577b52849e2da3955689899ecc6dfd9df100ff3f3636be5df"	"1071"	"GetComputerNameOem"	"SetLastError"	"direct-named-call"	"Cross-translation-unit second-degree candidate only; T299 does not inspect this callee body."
"MVDM-SECOND-CANDIDATE-000217"	"MVDM-FIRST-DEFINITION-000041"	"O:\repos.external\OpenNT"	"base/mvdm/oemuni/file.c"	"a3184eb571d6822577b52849e2da3955689899ecc6dfd9df100ff3f3636be5df"	"1087"	"GetComputerNameOem"	"GetComputerNameW"	"direct-named-call"	"Cross-translation-unit second-degree candidate only; T299 does not inspect this callee body."
"MVDM-SECOND-CANDIDATE-000218"	"MVDM-FIRST-DEFINITION-000041"	"O:\repos.external\OpenNT"	"base/mvdm/oemuni/file.c"	"a3184eb571d6822577b52849e2da3955689899ecc6dfd9df100ff3f3636be5df"	"1088"	"GetComputerNameOem"	"RtlFreeHeap"	"direct-named-call"	"Cross-translation-unit second-degree candidate only; T299 does not inspect this callee body."
"MVDM-SECOND-CANDIDATE-000219"	"MVDM-FIRST-DEFINITION-000041"	"O:\repos.external\OpenNT"	"base/mvdm/oemuni/file.c"	"a3184eb571d6822577b52849e2da3955689899ecc6dfd9df100ff3f3636be5df"	"1088"	"GetComputerNameOem"	"RtlProcessHeap"	"direct-named-call"	"Cross-translation-unit second-degree candidate only; T299 does not inspect this callee body."
"MVDM-SECOND-CANDIDATE-000220"	"MVDM-FIRST-DEFINITION-000041"	"O:\repos.external\OpenNT"	"base/mvdm/oemuni/file.c"	"a3184eb571d6822577b52849e2da3955689899ecc6dfd9df100ff3f3636be5df"	"1096"	"GetComputerNameOem"	"RtlInitUnicodeString"	"direct-named-call"	"Cross-translation-unit second-degree candidate only; T299 does not inspect this callee body."
"MVDM-SECOND-CANDIDATE-000221"	"MVDM-FIRST-DEFINITION-000041"	"O:\repos.external\OpenNT"	"base/mvdm/oemuni/file.c"	"a3184eb571d6822577b52849e2da3955689899ecc6dfd9df100ff3f3636be5df"	"1097"	"GetComputerNameOem"	"RtlUnicodeStringToOemString"	"direct-named-call"	"Cross-translation-unit second-degree candidate only; T299 does not inspect this callee body."
"MVDM-SECOND-CANDIDATE-000222"	"MVDM-FIRST-DEFINITION-000041"	"O:\repos.external\OpenNT"	"base/mvdm/oemuni/file.c"	"a3184eb571d6822577b52849e2da3955689899ecc6dfd9df100ff3f3636be5df"	"1100"	"GetComputerNameOem"	"RtlFreeHeap"	"direct-named-call"	"Cross-translation-unit second-degree candidate only; T299 does not inspect this callee body."
"MVDM-SECOND-CANDIDATE-000223"	"MVDM-FIRST-DEFINITION-000041"	"O:\repos.external\OpenNT"	"base/mvdm/oemuni/file.c"	"a3184eb571d6822577b52849e2da3955689899ecc6dfd9df100ff3f3636be5df"	"1100"	"GetComputerNameOem"	"RtlProcessHeap"	"direct-named-call"	"Cross-translation-unit second-degree candidate only; T299 does not inspect this callee body."
"MVDM-SECOND-CANDIDATE-000224"	"MVDM-FIRST-DEFINITION-000042"	"O:\repos.external\OpenNT"	"base/mvdm/oemuni/file.c"	"a3184eb571d6822577b52849e2da3955689899ecc6dfd9df100ff3f3636be5df"	"605"	"GetCurrentDirectoryOem"	"NtCurrentTeb"	"direct-named-call"	"Cross-translation-unit second-degree candidate only; T299 does not inspect this callee body."
"MVDM-SECOND-CANDIDATE-000225"	"MVDM-FIRST-DEFINITION-000042"	"O:\repos.external\OpenNT"	"base/mvdm/oemuni/file.c"	"a3184eb571d6822577b52849e2da3955689899ecc6dfd9df100ff3f3636be5df"	"606"	"GetCurrentDirectoryOem"	"RtlGetCurrentDirectory_U"	"direct-named-call"	"Cross-translation-unit second-degree candidate only; T299 does not inspect this callee body."
"MVDM-SECOND-CANDIDATE-000226"	"MVDM-FIRST-DEFINITION-000042"	"O:\repos.external\OpenNT"	"base/mvdm/oemuni/file.c"	"a3184eb571d6822577b52849e2da3955689899ecc6dfd9df100ff3f3636be5df"	"614"	"GetCurrentDirectoryOem"	"RtlUnicodeStringToOemString"	"direct-named-call"	"Cross-translation-unit second-degree candidate only; T299 does not inspect this callee body."
"MVDM-SECOND-CANDIDATE-000227"	"MVDM-FIRST-DEFINITION-000042"	"O:\repos.external\OpenNT"	"base/mvdm/oemuni/file.c"	"a3184eb571d6822577b52849e2da3955689899ecc6dfd9df100ff3f3636be5df"	"616"	"GetCurrentDirectoryOem"	"BaseSetLastNTError"	"direct-named-call"	"Cross-translation-unit second-degree candidate only; T299 does not inspect this callee body."
"MVDM-SECOND-CANDIDATE-000228"	"MVDM-FIRST-DEFINITION-000043"	"O:\repos.external\OpenNT-4.5"	"nt/private/ntos/w32/ntgdi/client/ldc.c"	"c4b0f8a40c2f73d6b61079b5c01f9167421e3a30b0f8894defc70129ab21fbeb"	"548"	"GetDCDWord"	"NtGdiGetDCDword"	"direct-named-call"	"Cross-translation-unit second-degree candidate only; T299 does not inspect this callee body."
"MVDM-SECOND-CANDIDATE-000229"	"MVDM-FIRST-DEFINITION-000044"	"O:\repos.external\OpenNT"	"windows/core/ntgdi/client/ldc.c"	"c4b0f8a40c2f73d6b61079b5c01f9167421e3a30b0f8894defc70129ab21fbeb"	"548"	"GetDCDWord"	"NtGdiGetDCDword"	"direct-named-call"	"Cross-translation-unit second-degree candidate only; T299 does not inspect this callee body."
"MVDM-SECOND-CANDIDATE-000230"	"MVDM-FIRST-DEFINITION-000045"	"O:\repos.external\OpenNT"	"base/mvdm/oemuni/file.c"	"a3184eb571d6822577b52849e2da3955689899ecc6dfd9df100ff3f3636be5df"	"818"	"GetDiskFreeSpaceOem"	"NtCurrentTeb"	"direct-named-call"	"Cross-translation-unit second-degree candidate only; T299 does not inspect this callee body."
"MVDM-SECOND-CANDIDATE-000231"	"MVDM-FIRST-DEFINITION-000045"	"O:\repos.external\OpenNT"	"base/mvdm/oemuni/file.c"	"a3184eb571d6822577b52849e2da3955689899ecc6dfd9df100ff3f3636be5df"	"819"	"GetDiskFreeSpaceOem"	"InitOemString"	"direct-named-call"	"Cross-translation-unit second-degree candidate only; T299 does not inspect this callee body."
"MVDM-SECOND-CANDIDATE-000232"	"MVDM-FIRST-DEFINITION-000045"	"O:\repos.external\OpenNT"	"base/mvdm/oemuni/file.c"	"a3184eb571d6822577b52849e2da3955689899ecc6dfd9df100ff3f3636be5df"	"823"	"GetDiskFreeSpaceOem"	"RtlOemStringToUnicodeString"	"direct-named-call"	"Cross-translation-unit second-degree candidate only; T299 does not inspect this callee body."
"MVDM-SECOND-CANDIDATE-000233"	"MVDM-FIRST-DEFINITION-000045"	"O:\repos.external\OpenNT"	"base/mvdm/oemuni/file.c"	"a3184eb571d6822577b52849e2da3955689899ecc6dfd9df100ff3f3636be5df"	"826"	"GetDiskFreeSpaceOem"	"SetLastError"	"direct-named-call"	"Cross-translation-unit second-degree candidate only; T299 does not inspect this callee body."
"MVDM-SECOND-CANDIDATE-000234"	"MVDM-FIRST-DEFINITION-000045"	"O:\repos.external\OpenNT"	"base/mvdm/oemuni/file.c"	"a3184eb571d6822577b52849e2da3955689899ecc6dfd9df100ff3f3636be5df"	"829"	"GetDiskFreeSpaceOem"	"BaseSetLastNTError"	"direct-named-call"	"Cross-translation-unit second-degree candidate only; T299 does not inspect this callee body."
"MVDM-SECOND-CANDIDATE-000235"	"MVDM-FIRST-DEFINITION-000045"	"O:\repos.external\OpenNT"	"base/mvdm/oemuni/file.c"	"a3184eb571d6822577b52849e2da3955689899ecc6dfd9df100ff3f3636be5df"	"833"	"GetDiskFreeSpaceOem"	"GetDiskFreeSpaceW"	"direct-named-call"	"Cross-translation-unit second-degree candidate only; T299 does not inspect this callee body."
"MVDM-SECOND-CANDIDATE-000236"	"MVDM-FIRST-DEFINITION-000046"	"O:\repos.external\OpenNT"	"base/mvdm/oemuni/file.c"	"a3184eb571d6822577b52849e2da3955689899ecc6dfd9df100ff3f3636be5df"	"773"	"GetDriveTypeOem"	"NtCurrentTeb"	"direct-named-call"	"Cross-translation-unit second-degree candidate only; T299 does not inspect this callee body."
"MVDM-SECOND-CANDIDATE-000237"	"MVDM-FIRST-DEFINITION-000046"	"O:\repos.external\OpenNT"	"base/mvdm/oemuni/file.c"	"a3184eb571d6822577b52849e2da3955689899ecc6dfd9df100ff3f3636be5df"	"774"	"GetDriveTypeOem"	"InitOemString"	"direct-named-call"	"Cross-translation-unit second-degree candidate only; T299 does not inspect this callee body."
"MVDM-SECOND-CANDIDATE-000238"	"MVDM-FIRST-DEFINITION-000046"	"O:\repos.external\OpenNT"	"base/mvdm/oemuni/file.c"	"a3184eb571d6822577b52849e2da3955689899ecc6dfd9df100ff3f3636be5df"	"779"	"GetDriveTypeOem"	"RtlOemStringToUnicodeString"	"direct-named-call"	"Cross-translation-unit second-degree candidate only; T299 does not inspect this callee body."
"MVDM-SECOND-CANDIDATE-000239"	"MVDM-FIRST-DEFINITION-000046"	"O:\repos.external\OpenNT"	"base/mvdm/oemuni/file.c"	"a3184eb571d6822577b52849e2da3955689899ecc6dfd9df100ff3f3636be5df"	"782"	"GetDriveTypeOem"	"SetLastError"	"direct-named-call"	"Cross-translation-unit second-degree candidate only; T299 does not inspect this callee body."
"MVDM-SECOND-CANDIDATE-000240"	"MVDM-FIRST-DEFINITION-000046"	"O:\repos.external\OpenNT"	"base/mvdm/oemuni/file.c"	"a3184eb571d6822577b52849e2da3955689899ecc6dfd9df100ff3f3636be5df"	"785"	"GetDriveTypeOem"	"BaseSetLastNTError"	"direct-named-call"	"Cross-translation-unit second-degree candidate only; T299 does not inspect this callee body."
"MVDM-SECOND-CANDIDATE-000241"	"MVDM-FIRST-DEFINITION-000046"	"O:\repos.external\OpenNT"	"base/mvdm/oemuni/file.c"	"a3184eb571d6822577b52849e2da3955689899ecc6dfd9df100ff3f3636be5df"	"789"	"GetDriveTypeOem"	"GetDriveTypeW"	"direct-named-call"	"Cross-translation-unit second-degree candidate only; T299 does not inspect this callee body."
"MVDM-SECOND-CANDIDATE-000242"	"MVDM-FIRST-DEFINITION-000047"	"O:\repos.external\OpenNT"	"base/mvdm/oemuni/process.c"	"38c9125f9f3c43f32f696616e565e63b8f056da7ec264d980a5e5278cc640468"	"587"	"GetEnvironmentVariableOem"	"InitOemString"	"direct-named-call"	"Cross-translation-unit second-degree candidate only; T299 does not inspect this callee body."
"MVDM-SECOND-CANDIDATE-000243"	"MVDM-FIRST-DEFINITION-000047"	"O:\repos.external\OpenNT"	"base/mvdm/oemuni/process.c"	"38c9125f9f3c43f32f696616e565e63b8f056da7ec264d980a5e5278cc640468"	"588"	"GetEnvironmentVariableOem"	"RtlOemStringToUnicodeString"	"direct-named-call"	"Cross-translation-unit second-degree candidate only; T299 does not inspect this callee body."
"MVDM-SECOND-CANDIDATE-000244"	"MVDM-FIRST-DEFINITION-000047"	"O:\repos.external\OpenNT"	"base/mvdm/oemuni/process.c"	"38c9125f9f3c43f32f696616e565e63b8f056da7ec264d980a5e5278cc640468"	"591"	"GetEnvironmentVariableOem"	"SetLastError"	"direct-named-call"	"Cross-translation-unit second-degree candidate only; T299 does not inspect this callee body."
"MVDM-SECOND-CANDIDATE-000245"	"MVDM-FIRST-DEFINITION-000047"	"O:\repos.external\OpenNT"	"base/mvdm/oemuni/process.c"	"38c9125f9f3c43f32f696616e565e63b8f056da7ec264d980a5e5278cc640468"	"594"	"GetEnvironmentVariableOem"	"BaseSetLastNTError"	"direct-named-call"	"Cross-translation-unit second-degree candidate only; T299 does not inspect this callee body."
"MVDM-SECOND-CANDIDATE-000246"	"MVDM-FIRST-DEFINITION-000047"	"O:\repos.external\OpenNT"	"base/mvdm/oemuni/process.c"	"38c9125f9f3c43f32f696616e565e63b8f056da7ec264d980a5e5278cc640468"	"599"	"GetEnvironmentVariableOem"	"RtlUnicodeStringToAnsiString"	"direct-named-call"	"Cross-translation-unit second-degree candidate only; T299 does not inspect this callee body."
"MVDM-SECOND-CANDIDATE-000247"	"MVDM-FIRST-DEFINITION-000047"	"O:\repos.external\OpenNT"	"base/mvdm/oemuni/process.c"	"38c9125f9f3c43f32f696616e565e63b8f056da7ec264d980a5e5278cc640468"	"601"	"GetEnvironmentVariableOem"	"BaseSetLastNTError"	"direct-named-call"	"Cross-translation-unit second-degree candidate only; T299 does not inspect this callee body."
"MVDM-SECOND-CANDIDATE-000248"	"MVDM-FIRST-DEFINITION-000047"	"O:\repos.external\OpenNT"	"base/mvdm/oemuni/process.c"	"38c9125f9f3c43f32f696616e565e63b8f056da7ec264d980a5e5278cc640468"	"607"	"GetEnvironmentVariableOem"	"RtlAllocateHeap"	"direct-named-call"	"Cross-translation-unit second-degree candidate only; T299 does not inspect this callee body."
"MVDM-SECOND-CANDIDATE-000249"	"MVDM-FIRST-DEFINITION-000047"	"O:\repos.external\OpenNT"	"base/mvdm/oemuni/process.c"	"38c9125f9f3c43f32f696616e565e63b8f056da7ec264d980a5e5278cc640468"	"607"	"GetEnvironmentVariableOem"	"RtlProcessHeap"	"direct-named-call"	"Cross-translation-unit second-degree candidate only; T299 does not inspect this callee body."
"MVDM-SECOND-CANDIDATE-000250"	"MVDM-FIRST-DEFINITION-000047"	"O:\repos.external\OpenNT"	"base/mvdm/oemuni/process.c"	"38c9125f9f3c43f32f696616e565e63b8f056da7ec264d980a5e5278cc640468"	"609"	"GetEnvironmentVariableOem"	"BaseSetLastNTError"	"direct-named-call"	"Cross-translation-unit second-degree candidate only; T299 does not inspect this callee body."
"MVDM-SECOND-CANDIDATE-000251"	"MVDM-FIRST-DEFINITION-000047"	"O:\repos.external\OpenNT"	"base/mvdm/oemuni/process.c"	"38c9125f9f3c43f32f696616e565e63b8f056da7ec264d980a5e5278cc640468"	"613"	"GetEnvironmentVariableOem"	"GetEnvironmentVariableA"	"direct-named-call"	"Cross-translation-unit second-degree candidate only; T299 does not inspect this callee body."
"MVDM-SECOND-CANDIDATE-000252"	"MVDM-FIRST-DEFINITION-000047"	"O:\repos.external\OpenNT"	"base/mvdm/oemuni/process.c"	"38c9125f9f3c43f32f696616e565e63b8f056da7ec264d980a5e5278cc640468"	"620"	"GetEnvironmentVariableOem"	"RtlFreeUnicodeString"	"direct-named-call"	"Cross-translation-unit second-degree candidate only; T299 does not inspect this callee body."
"MVDM-SECOND-CANDIDATE-000253"	"MVDM-FIRST-DEFINITION-000047"	"O:\repos.external\OpenNT"	"base/mvdm/oemuni/process.c"	"38c9125f9f3c43f32f696616e565e63b8f056da7ec264d980a5e5278cc640468"	"622"	"GetEnvironmentVariableOem"	"RtlAnsiStringToUnicodeString"	"direct-named-call"	"Cross-translation-unit second-degree candidate only; T299 does not inspect this callee body."
"MVDM-SECOND-CANDIDATE-000254"	"MVDM-FIRST-DEFINITION-000047"	"O:\repos.external\OpenNT"	"base/mvdm/oemuni/process.c"	"38c9125f9f3c43f32f696616e565e63b8f056da7ec264d980a5e5278cc640468"	"624"	"GetEnvironmentVariableOem"	"BaseSetLastNTError"	"direct-named-call"	"Cross-translation-unit second-degree candidate only; T299 does not inspect this callee body."
"MVDM-SECOND-CANDIDATE-000255"	"MVDM-FIRST-DEFINITION-000047"	"O:\repos.external\OpenNT"	"base/mvdm/oemuni/process.c"	"38c9125f9f3c43f32f696616e565e63b8f056da7ec264d980a5e5278cc640468"	"630"	"GetEnvironmentVariableOem"	"RtlUnicodeStringToOemString"	"direct-named-call"	"Cross-translation-unit second-degree candidate only; T299 does not inspect this callee body."
"MVDM-SECOND-CANDIDATE-000256"	"MVDM-FIRST-DEFINITION-000047"	"O:\repos.external\OpenNT"	"base/mvdm/oemuni/process.c"	"38c9125f9f3c43f32f696616e565e63b8f056da7ec264d980a5e5278cc640468"	"632"	"GetEnvironmentVariableOem"	"BaseSetLastNTError"	"direct-named-call"	"Cross-translation-unit second-degree candidate only; T299 does not inspect this callee body."
"MVDM-SECOND-CANDIDATE-000257"	"MVDM-FIRST-DEFINITION-000047"	"O:\repos.external\OpenNT"	"base/mvdm/oemuni/process.c"	"38c9125f9f3c43f32f696616e565e63b8f056da7ec264d980a5e5278cc640468"	"641"	"GetEnvironmentVariableOem"	"RtlFreeUnicodeString"	"direct-named-call"	"Cross-translation-unit second-degree candidate only; T299 does not inspect this callee body."
"MVDM-SECOND-CANDIDATE-000258"	"MVDM-FIRST-DEFINITION-000047"	"O:\repos.external\OpenNT"	"base/mvdm/oemuni/process.c"	"38c9125f9f3c43f32f696616e565e63b8f056da7ec264d980a5e5278cc640468"	"645"	"GetEnvironmentVariableOem"	"RtlFreeAnsiString"	"direct-named-call"	"Cross-translation-unit second-degree candidate only; T299 does not inspect this callee body."
"MVDM-SECOND-CANDIDATE-000259"	"MVDM-FIRST-DEFINITION-000047"	"O:\repos.external\OpenNT"	"base/mvdm/oemuni/process.c"	"38c9125f9f3c43f32f696616e565e63b8f056da7ec264d980a5e5278cc640468"	"649"	"GetEnvironmentVariableOem"	"RtlFreeHeap"	"direct-named-call"	"Cross-translation-unit second-degree candidate only; T299 does not inspect this callee body."
"MVDM-SECOND-CANDIDATE-000260"	"MVDM-FIRST-DEFINITION-000047"	"O:\repos.external\OpenNT"	"base/mvdm/oemuni/process.c"	"38c9125f9f3c43f32f696616e565e63b8f056da7ec264d980a5e5278cc640468"	"649"	"GetEnvironmentVariableOem"	"RtlProcessHeap"	"direct-named-call"	"Cross-translation-unit second-degree candidate only; T299 does not inspect this callee body."
"MVDM-SECOND-CANDIDATE-000261"	"MVDM-FIRST-DEFINITION-000048"	"O:\repos.external\OpenNT"	"base/mvdm/oemuni/file.c"	"a3184eb571d6822577b52849e2da3955689899ecc6dfd9df100ff3f3636be5df"	"200"	"GetFileAttributesOem"	"NtCurrentTeb"	"direct-named-call"	"Cross-translation-unit second-degree candidate only; T299 does not inspect this callee body."
"MVDM-SECOND-CANDIDATE-000262"	"MVDM-FIRST-DEFINITION-000048"	"O:\repos.external\OpenNT"	"base/mvdm/oemuni/file.c"	"a3184eb571d6822577b52849e2da3955689899ecc6dfd9df100ff3f3636be5df"	"201"	"GetFileAttributesOem"	"RtlInitAnsiString"	"direct-named-call"	"Cross-translation-unit second-degree candidate only; T299 does not inspect this callee body."
"MVDM-SECOND-CANDIDATE-000263"	"MVDM-FIRST-DEFINITION-000048"	"O:\repos.external\OpenNT"	"base/mvdm/oemuni/file.c"	"a3184eb571d6822577b52849e2da3955689899ecc6dfd9df100ff3f3636be5df"	"202"	"GetFileAttributesOem"	"RtlOemStringToUnicodeString"	"direct-named-call"	"Cross-translation-unit second-degree candidate only; T299 does not inspect this callee body."
"MVDM-SECOND-CANDIDATE-000264"	"MVDM-FIRST-DEFINITION-000048"	"O:\repos.external\OpenNT"	"base/mvdm/oemuni/file.c"	"a3184eb571d6822577b52849e2da3955689899ecc6dfd9df100ff3f3636be5df"	"205"	"GetFileAttributesOem"	"SetLastError"	"direct-named-call"	"Cross-translation-unit second-degree candidate only; T299 does not inspect this callee body."
"MVDM-SECOND-CANDIDATE-000265"	"MVDM-FIRST-DEFINITION-000048"	"O:\repos.external\OpenNT"	"base/mvdm/oemuni/file.c"	"a3184eb571d6822577b52849e2da3955689899ecc6dfd9df100ff3f3636be5df"	"208"	"GetFileAttributesOem"	"BaseSetLastNTError"	"direct-named-call"	"Cross-translation-unit second-degree candidate only; T299 does not inspect this callee body."
"MVDM-SECOND-CANDIDATE-000266"	"MVDM-FIRST-DEFINITION-000048"	"O:\repos.external\OpenNT"	"base/mvdm/oemuni/file.c"	"a3184eb571d6822577b52849e2da3955689899ecc6dfd9df100ff3f3636be5df"	"212"	"GetFileAttributesOem"	"GetFileAttributesW"	"direct-named-call"	"Cross-translation-unit second-degree candidate only; T299 does not inspect this callee body."
"MVDM-SECOND-CANDIDATE-000267"	"MVDM-FIRST-DEFINITION-000049"	"O:\repos.external\OpenNT"	"base/mvdm/oemuni/file.c"	"a3184eb571d6822577b52849e2da3955689899ecc6dfd9df100ff3f3636be5df"	"528"	"GetFullPathNameOem"	"RtlInitString"	"direct-named-call"	"Cross-translation-unit second-degree candidate only; T299 does not inspect this callee body."
"MVDM-SECOND-CANDIDATE-000268"	"MVDM-FIRST-DEFINITION-000049"	"O:\repos.external\OpenNT"	"base/mvdm/oemuni/file.c"	"a3184eb571d6822577b52849e2da3955689899ecc6dfd9df100ff3f3636be5df"	"529"	"GetFullPathNameOem"	"RtlOemStringToUnicodeString"	"direct-named-call"	"Cross-translation-unit second-degree candidate only; T299 does not inspect this callee body."
"MVDM-SECOND-CANDIDATE-000269"	"MVDM-FIRST-DEFINITION-000049"	"O:\repos.external\OpenNT"	"base/mvdm/oemuni/file.c"	"a3184eb571d6822577b52849e2da3955689899ecc6dfd9df100ff3f3636be5df"	"531"	"GetFullPathNameOem"	"RtlFreeUnicodeString"	"direct-named-call"	"Cross-translation-unit second-degree candidate only; T299 does not inspect this callee body."
"MVDM-SECOND-CANDIDATE-000270"	"MVDM-FIRST-DEFINITION-000049"	"O:\repos.external\OpenNT"	"base/mvdm/oemuni/file.c"	"a3184eb571d6822577b52849e2da3955689899ecc6dfd9df100ff3f3636be5df"	"532"	"GetFullPathNameOem"	"BaseSetLastNTError"	"direct-named-call"	"Cross-translation-unit second-degree candidate only; T299 does not inspect this callee body."
"MVDM-SECOND-CANDIDATE-000271"	"MVDM-FIRST-DEFINITION-000049"	"O:\repos.external\OpenNT"	"base/mvdm/oemuni/file.c"	"a3184eb571d6822577b52849e2da3955689899ecc6dfd9df100ff3f3636be5df"	"536"	"GetFullPathNameOem"	"RtlAllocateHeap"	"direct-named-call"	"Cross-translation-unit second-degree candidate only; T299 does not inspect this callee body."
"MVDM-SECOND-CANDIDATE-000272"	"MVDM-FIRST-DEFINITION-000049"	"O:\repos.external\OpenNT"	"base/mvdm/oemuni/file.c"	"a3184eb571d6822577b52849e2da3955689899ecc6dfd9df100ff3f3636be5df"	"536"	"GetFullPathNameOem"	"RtlProcessHeap"	"direct-named-call"	"Cross-translation-unit second-degree candidate only; T299 does not inspect this callee body."
"MVDM-SECOND-CANDIDATE-000273"	"MVDM-FIRST-DEFINITION-000049"	"O:\repos.external\OpenNT"	"base/mvdm/oemuni/file.c"	"a3184eb571d6822577b52849e2da3955689899ecc6dfd9df100ff3f3636be5df"	"538"	"GetFullPathNameOem"	"RtlFreeUnicodeString"	"direct-named-call"	"Cross-translation-unit second-degree candidate only; T299 does not inspect this callee body."
"MVDM-SECOND-CANDIDATE-000274"	"MVDM-FIRST-DEFINITION-000049"	"O:\repos.external\OpenNT"	"base/mvdm/oemuni/file.c"	"a3184eb571d6822577b52849e2da3955689899ecc6dfd9df100ff3f3636be5df"	"539"	"GetFullPathNameOem"	"BaseSetLastNTError"	"direct-named-call"	"Cross-translation-unit second-degree candidate only; T299 does not inspect this callee body."
"MVDM-SECOND-CANDIDATE-000275"	"MVDM-FIRST-DEFINITION-000049"	"O:\repos.external\OpenNT"	"base/mvdm/oemuni/file.c"	"a3184eb571d6822577b52849e2da3955689899ecc6dfd9df100ff3f3636be5df"	"543"	"GetFullPathNameOem"	"RtlGetFullPathName_U"	"direct-named-call"	"Cross-translation-unit second-degree candidate only; T299 does not inspect this callee body."
"MVDM-SECOND-CANDIDATE-000276"	"MVDM-FIRST-DEFINITION-000049"	"O:\repos.external\OpenNT"	"base/mvdm/oemuni/file.c"	"a3184eb571d6822577b52849e2da3955689899ecc6dfd9df100ff3f3636be5df"	"551"	"GetFullPathNameOem"	"RtlInitUnicodeString"	"direct-named-call"	"Cross-translation-unit second-degree candidate only; T299 does not inspect this callee body."
"MVDM-SECOND-CANDIDATE-000277"	"MVDM-FIRST-DEFINITION-000049"	"O:\repos.external\OpenNT"	"base/mvdm/oemuni/file.c"	"a3184eb571d6822577b52849e2da3955689899ecc6dfd9df100ff3f3636be5df"	"552"	"GetFullPathNameOem"	"RtlUnicodeStringToOemString"	"direct-named-call"	"Cross-translation-unit second-degree candidate only; T299 does not inspect this callee body."
"MVDM-SECOND-CANDIDATE-000278"	"MVDM-FIRST-DEFINITION-000049"	"O:\repos.external\OpenNT"	"base/mvdm/oemuni/file.c"	"a3184eb571d6822577b52849e2da3955689899ecc6dfd9df100ff3f3636be5df"	"554"	"GetFullPathNameOem"	"RtlMoveMemory"	"direct-named-call"	"Cross-translation-unit second-degree candidate only; T299 does not inspect this callee body."
"MVDM-SECOND-CANDIDATE-000279"	"MVDM-FIRST-DEFINITION-000049"	"O:\repos.external\OpenNT"	"base/mvdm/oemuni/file.c"	"a3184eb571d6822577b52849e2da3955689899ecc6dfd9df100ff3f3636be5df"	"555"	"GetFullPathNameOem"	"RtlFreeOemString"	"direct-named-call"	"Cross-translation-unit second-degree candidate only; T299 does not inspect this callee body."
"MVDM-SECOND-CANDIDATE-000280"	"MVDM-FIRST-DEFINITION-000049"	"O:\repos.external\OpenNT"	"base/mvdm/oemuni/file.c"	"a3184eb571d6822577b52849e2da3955689899ecc6dfd9df100ff3f3636be5df"	"568"	"GetFullPathNameOem"	"BaseSetLastNTError"	"direct-named-call"	"Cross-translation-unit second-degree candidate only; T299 does not inspect this callee body."
"MVDM-SECOND-CANDIDATE-000281"	"MVDM-FIRST-DEFINITION-000049"	"O:\repos.external\OpenNT"	"base/mvdm/oemuni/file.c"	"a3184eb571d6822577b52849e2da3955689899ecc6dfd9df100ff3f3636be5df"	"577"	"GetFullPathNameOem"	"RtlFreeUnicodeString"	"direct-named-call"	"Cross-translation-unit second-degree candidate only; T299 does not inspect this callee body."
"MVDM-SECOND-CANDIDATE-000282"	"MVDM-FIRST-DEFINITION-000049"	"O:\repos.external\OpenNT"	"base/mvdm/oemuni/file.c"	"a3184eb571d6822577b52849e2da3955689899ecc6dfd9df100ff3f3636be5df"	"578"	"GetFullPathNameOem"	"RtlFreeHeap"	"direct-named-call"	"Cross-translation-unit second-degree candidate only; T299 does not inspect this callee body."
"MVDM-SECOND-CANDIDATE-000283"	"MVDM-FIRST-DEFINITION-000049"	"O:\repos.external\OpenNT"	"base/mvdm/oemuni/file.c"	"a3184eb571d6822577b52849e2da3955689899ecc6dfd9df100ff3f3636be5df"	"578"	"GetFullPathNameOem"	"RtlProcessHeap"	"direct-named-call"	"Cross-translation-unit second-degree candidate only; T299 does not inspect this callee body."
"MVDM-SECOND-CANDIDATE-000284"	"MVDM-FIRST-DEFINITION-000052"	"O:\repos.external\OpenNT"	"ds/netapi/rpcxlate/rxapi/rxuser.c"	"d2c1d9ce3028995ad41d689fc3673ede68880eb40e542a92d9864536f614612a"	"2210"	"GetLanmanSessionKey"	"NtOpenProcessToken"	"direct-named-call"	"Cross-translation-unit second-degree candidate only; T299 does not inspect this callee body."
"MVDM-SECOND-CANDIDATE-000285"	"MVDM-FIRST-DEFINITION-000052"	"O:\repos.external\OpenNT"	"ds/netapi/rpcxlate/rxapi/rxuser.c"	"d2c1d9ce3028995ad41d689fc3673ede68880eb40e542a92d9864536f614612a"	"2210"	"GetLanmanSessionKey"	"NtCurrentProcess"	"direct-named-call"	"Cross-translation-unit second-degree candidate only; T299 does not inspect this callee body."
"MVDM-SECOND-CANDIDATE-000286"	"MVDM-FIRST-DEFINITION-000052"	"O:\repos.external\OpenNT"	"ds/netapi/rpcxlate/rxapi/rxuser.c"	"d2c1d9ce3028995ad41d689fc3673ede68880eb40e542a92d9864536f614612a"	"2217"	"GetLanmanSessionKey"	"NtQueryInformationToken"	"direct-named-call"	"Cross-translation-unit second-degree candidate only; T299 does not inspect this callee body."
"MVDM-SECOND-CANDIDATE-000287"	"MVDM-FIRST-DEFINITION-000052"	"O:\repos.external\OpenNT"	"ds/netapi/rpcxlate/rxapi/rxuser.c"	"d2c1d9ce3028995ad41d689fc3673ede68880eb40e542a92d9864536f614612a"	"2225"	"GetLanmanSessionKey"	"RtlCopyLuid"	"direct-named-call"	"Cross-translation-unit second-degree candidate only; T299 does not inspect this callee body."
"MVDM-SECOND-CANDIDATE-000288"	"MVDM-FIRST-DEFINITION-000052"	"O:\repos.external\OpenNT"	"ds/netapi/rpcxlate/rxapi/rxuser.c"	"d2c1d9ce3028995ad41d689fc3673ede68880eb40e542a92d9864536f614612a"	"2230"	"GetLanmanSessionKey"	"wcscpy"	"direct-named-call"	"Cross-translation-unit second-degree candidate only; T299 does not inspect this callee body."
"MVDM-SECOND-CANDIDATE-000289"	"MVDM-FIRST-DEFINITION-000052"	"O:\repos.external\OpenNT"	"ds/netapi/rpcxlate/rxapi/rxuser.c"	"d2c1d9ce3028995ad41d689fc3673ede68880eb40e542a92d9864536f614612a"	"2231"	"GetLanmanSessionKey"	"wcscat"	"direct-named-call"	"Cross-translation-unit second-degree candidate only; T299 does not inspect this callee body."
"MVDM-SECOND-CANDIDATE-000290"	"MVDM-FIRST-DEFINITION-000052"	"O:\repos.external\OpenNT"	"ds/netapi/rpcxlate/rxapi/rxuser.c"	"d2c1d9ce3028995ad41d689fc3673ede68880eb40e542a92d9864536f614612a"	"2233"	"GetLanmanSessionKey"	"NetpRdrFsControlTree"	"direct-named-call"	"Cross-translation-unit second-degree candidate only; T299 does not inspect this callee body."
"MVDM-SECOND-CANDIDATE-000291"	"MVDM-FIRST-DEFINITION-000052"	"O:\repos.external\OpenNT"	"ds/netapi/rpcxlate/rxapi/rxuser.c"	"d2c1d9ce3028995ad41d689fc3673ede68880eb40e542a92d9864536f614612a"	"2245"	"GetLanmanSessionKey"	"RtlMoveMemory"	"direct-named-call"	"Cross-translation-unit second-degree candidate only; T299 does not inspect this callee body."
"MVDM-SECOND-CANDIDATE-000292"	"MVDM-FIRST-DEFINITION-000052"	"O:\repos.external\OpenNT"	"ds/netapi/rpcxlate/rxapi/rxuser.c"	"d2c1d9ce3028995ad41d689fc3673ede68880eb40e542a92d9864536f614612a"	"2251"	"GetLanmanSessionKey"	"NtClose"	"direct-named-call"	"Cross-translation-unit second-degree candidate only; T299 does not inspect this callee body."
"MVDM-SECOND-CANDIDATE-000293"	"MVDM-FIRST-DEFINITION-000052"	"O:\repos.external\OpenNT"	"ds/netapi/rpcxlate/rxapi/rxuser.c"	"d2c1d9ce3028995ad41d689fc3673ede68880eb40e542a92d9864536f614612a"	"2254"	"GetLanmanSessionKey"	"NetpNtStatusToApiStatus"	"direct-named-call"	"Cross-translation-unit second-degree candidate only; T299 does not inspect this callee body."
"MVDM-SECOND-CANDIDATE-000294"	"MVDM-FIRST-DEFINITION-000053"	"O:\repos.external\OpenNT-4.5"	"nt/private/net/rpcxlate/rxapi/rxuser.c"	"d2c1d9ce3028995ad41d689fc3673ede68880eb40e542a92d9864536f614612a"	"2210"	"GetLanmanSessionKey"	"NtOpenProcessToken"	"direct-named-call"	"Cross-translation-unit second-degree candidate only; T299 does not inspect this callee body."
"MVDM-SECOND-CANDIDATE-000295"	"MVDM-FIRST-DEFINITION-000053"	"O:\repos.external\OpenNT-4.5"	"nt/private/net/rpcxlate/rxapi/rxuser.c"	"d2c1d9ce3028995ad41d689fc3673ede68880eb40e542a92d9864536f614612a"	"2210"	"GetLanmanSessionKey"	"NtCurrentProcess"	"direct-named-call"	"Cross-translation-unit second-degree candidate only; T299 does not inspect this callee body."
"MVDM-SECOND-CANDIDATE-000296"	"MVDM-FIRST-DEFINITION-000053"	"O:\repos.external\OpenNT-4.5"	"nt/private/net/rpcxlate/rxapi/rxuser.c"	"d2c1d9ce3028995ad41d689fc3673ede68880eb40e542a92d9864536f614612a"	"2217"	"GetLanmanSessionKey"	"NtQueryInformationToken"	"direct-named-call"	"Cross-translation-unit second-degree candidate only; T299 does not inspect this callee body."
"MVDM-SECOND-CANDIDATE-000297"	"MVDM-FIRST-DEFINITION-000053"	"O:\repos.external\OpenNT-4.5"	"nt/private/net/rpcxlate/rxapi/rxuser.c"	"d2c1d9ce3028995ad41d689fc3673ede68880eb40e542a92d9864536f614612a"	"2225"	"GetLanmanSessionKey"	"RtlCopyLuid"	"direct-named-call"	"Cross-translation-unit second-degree candidate only; T299 does not inspect this callee body."
"MVDM-SECOND-CANDIDATE-000298"	"MVDM-FIRST-DEFINITION-000053"	"O:\repos.external\OpenNT-4.5"	"nt/private/net/rpcxlate/rxapi/rxuser.c"	"d2c1d9ce3028995ad41d689fc3673ede68880eb40e542a92d9864536f614612a"	"2230"	"GetLanmanSessionKey"	"wcscpy"	"direct-named-call"	"Cross-translation-unit second-degree candidate only; T299 does not inspect this callee body."
"MVDM-SECOND-CANDIDATE-000299"	"MVDM-FIRST-DEFINITION-000053"	"O:\repos.external\OpenNT-4.5"	"nt/private/net/rpcxlate/rxapi/rxuser.c"	"d2c1d9ce3028995ad41d689fc3673ede68880eb40e542a92d9864536f614612a"	"2231"	"GetLanmanSessionKey"	"wcscat"	"direct-named-call"	"Cross-translation-unit second-degree candidate only; T299 does not inspect this callee body."
"MVDM-SECOND-CANDIDATE-000300"	"MVDM-FIRST-DEFINITION-000053"	"O:\repos.external\OpenNT-4.5"	"nt/private/net/rpcxlate/rxapi/rxuser.c"	"d2c1d9ce3028995ad41d689fc3673ede68880eb40e542a92d9864536f614612a"	"2233"	"GetLanmanSessionKey"	"NetpRdrFsControlTree"	"direct-named-call"	"Cross-translation-unit second-degree candidate only; T299 does not inspect this callee body."
"MVDM-SECOND-CANDIDATE-000301"	"MVDM-FIRST-DEFINITION-000053"	"O:\repos.external\OpenNT-4.5"	"nt/private/net/rpcxlate/rxapi/rxuser.c"	"d2c1d9ce3028995ad41d689fc3673ede68880eb40e542a92d9864536f614612a"	"2245"	"GetLanmanSessionKey"	"RtlMoveMemory"	"direct-named-call"	"Cross-translation-unit second-degree candidate only; T299 does not inspect this callee body."
"MVDM-SECOND-CANDIDATE-000302"	"MVDM-FIRST-DEFINITION-000053"	"O:\repos.external\OpenNT-4.5"	"nt/private/net/rpcxlate/rxapi/rxuser.c"	"d2c1d9ce3028995ad41d689fc3673ede68880eb40e542a92d9864536f614612a"	"2251"	"GetLanmanSessionKey"	"NtClose"	"direct-named-call"	"Cross-translation-unit second-degree candidate only; T299 does not inspect this callee body."
"MVDM-SECOND-CANDIDATE-000303"	"MVDM-FIRST-DEFINITION-000053"	"O:\repos.external\OpenNT-4.5"	"nt/private/net/rpcxlate/rxapi/rxuser.c"	"d2c1d9ce3028995ad41d689fc3673ede68880eb40e542a92d9864536f614612a"	"2254"	"GetLanmanSessionKey"	"NetpNtStatusToApiStatus"	"direct-named-call"	"Cross-translation-unit second-degree candidate only; T299 does not inspect this callee body."
"MVDM-SECOND-CANDIDATE-000304"	"MVDM-FIRST-DEFINITION-000054"	"O:\repos.external\OpenNT"	"base/win32/client/vdm.c"	"3f03d0dbb08e0163f2d9cf415daad0981e42e1b1855f6f48a3b59022b7374173"	"380"	"GetNextVDMCommand"	"CsrClientCallServer"	"direct-named-call"	"Cross-translation-unit second-degree candidate only; T299 does not inspect this callee body."
"MVDM-SECOND-CANDIDATE-000305"	"MVDM-FIRST-DEFINITION-000054"	"O:\repos.external\OpenNT"	"base/win32/client/vdm.c"	"3f03d0dbb08e0163f2d9cf415daad0981e42e1b1855f6f48a3b59022b7374173"	"393"	"GetNextVDMCommand"	"BaseSetLastNTError"	"direct-named-call"	"Cross-translation-unit second-degree candidate only; T299 does not inspect this callee body."
"MVDM-SECOND-CANDIDATE-000306"	"MVDM-FIRST-DEFINITION-000054"	"O:\repos.external\OpenNT"	"base/win32/client/vdm.c"	"3f03d0dbb08e0163f2d9cf415daad0981e42e1b1855f6f48a3b59022b7374173"	"403"	"GetNextVDMCommand"	"NtCurrentPeb"	"direct-named-call"	"Cross-translation-unit second-degree candidate only; T299 does not inspect this callee body."
"MVDM-SECOND-CANDIDATE-000307"	"MVDM-FIRST-DEFINITION-000054"	"O:\repos.external\OpenNT"	"base/win32/client/vdm.c"	"3f03d0dbb08e0163f2d9cf415daad0981e42e1b1855f6f48a3b59022b7374173"	"405"	"GetNextVDMCommand"	"CsrClientCallServer"	"direct-named-call"	"Cross-translation-unit second-degree candidate only; T299 does not inspect this callee body."
"MVDM-SECOND-CANDIDATE-000308"	"MVDM-FIRST-DEFINITION-000054"	"O:\repos.external\OpenNT"	"base/win32/client/vdm.c"	"3f03d0dbb08e0163f2d9cf415daad0981e42e1b1855f6f48a3b59022b7374173"	"417"	"GetNextVDMCommand"	"BaseSetLastNTError"	"direct-named-call"	"Cross-translation-unit second-degree candidate only; T299 does not inspect this callee body."
"MVDM-SECOND-CANDIDATE-000309"	"MVDM-FIRST-DEFINITION-000054"	"O:\repos.external\OpenNT"	"base/win32/client/vdm.c"	"3f03d0dbb08e0163f2d9cf415daad0981e42e1b1855f6f48a3b59022b7374173"	"427"	"GetNextVDMCommand"	"NtCurrentPeb"	"direct-named-call"	"Cross-translation-unit second-degree candidate only; T299 does not inspect this callee body."
"MVDM-SECOND-CANDIDATE-000310"	"MVDM-FIRST-DEFINITION-000054"	"O:\repos.external\OpenNT"	"base/win32/client/vdm.c"	"3f03d0dbb08e0163f2d9cf415daad0981e42e1b1855f6f48a3b59022b7374173"	"499"	"GetNextVDMCommand"	"CsrAllocateCaptureBuffer"	"direct-named-call"	"Cross-translation-unit second-degree candidate only; T299 does not inspect this callee body."
"MVDM-SECOND-CANDIDATE-000311"	"MVDM-FIRST-DEFINITION-000054"	"O:\repos.external\OpenNT"	"base/win32/client/vdm.c"	"3f03d0dbb08e0163f2d9cf415daad0981e42e1b1855f6f48a3b59022b7374173"	"501"	"GetNextVDMCommand"	"BaseSetLastNTError"	"direct-named-call"	"Cross-translation-unit second-degree candidate only; T299 does not inspect this callee body."
"MVDM-SECOND-CANDIDATE-000312"	"MVDM-FIRST-DEFINITION-000054"	"O:\repos.external\OpenNT"	"base/win32/client/vdm.c"	"3f03d0dbb08e0163f2d9cf415daad0981e42e1b1855f6f48a3b59022b7374173"	"506"	"GetNextVDMCommand"	"CsrAllocateMessagePointer"	"direct-named-call"	"Cross-translation-unit second-degree candidate only; T299 does not inspect this callee body."
"MVDM-SECOND-CANDIDATE-000313"	"MVDM-FIRST-DEFINITION-000054"	"O:\repos.external\OpenNT"	"base/win32/client/vdm.c"	"3f03d0dbb08e0163f2d9cf415daad0981e42e1b1855f6f48a3b59022b7374173"	"517"	"GetNextVDMCommand"	"CsrAllocateMessagePointer"	"direct-named-call"	"Cross-translation-unit second-degree candidate only; T299 does not inspect this callee body."
"MVDM-SECOND-CANDIDATE-000314"	"MVDM-FIRST-DEFINITION-000054"	"O:\repos.external\OpenNT"	"base/win32/client/vdm.c"	"3f03d0dbb08e0163f2d9cf415daad0981e42e1b1855f6f48a3b59022b7374173"	"527"	"GetNextVDMCommand"	"CsrAllocateMessagePointer"	"direct-named-call"	"Cross-translation-unit second-degree candidate only; T299 does not inspect this callee body."
"MVDM-SECOND-CANDIDATE-000315"	"MVDM-FIRST-DEFINITION-000054"	"O:\repos.external\OpenNT"	"base/win32/client/vdm.c"	"3f03d0dbb08e0163f2d9cf415daad0981e42e1b1855f6f48a3b59022b7374173"	"538"	"GetNextVDMCommand"	"CsrAllocateMessagePointer"	"direct-named-call"	"Cross-translation-unit second-degree candidate only; T299 does not inspect this callee body."
"MVDM-SECOND-CANDIDATE-000316"	"MVDM-FIRST-DEFINITION-000054"	"O:\repos.external\OpenNT"	"base/win32/client/vdm.c"	"3f03d0dbb08e0163f2d9cf415daad0981e42e1b1855f6f48a3b59022b7374173"	"548"	"GetNextVDMCommand"	"CsrAllocateMessagePointer"	"direct-named-call"	"Cross-translation-unit second-degree candidate only; T299 does not inspect this callee body."
"MVDM-SECOND-CANDIDATE-000317"	"MVDM-FIRST-DEFINITION-000054"	"O:\repos.external\OpenNT"	"base/win32/client/vdm.c"	"3f03d0dbb08e0163f2d9cf415daad0981e42e1b1855f6f48a3b59022b7374173"	"556"	"GetNextVDMCommand"	"CsrAllocateMessagePointer"	"direct-named-call"	"Cross-translation-unit second-degree candidate only; T299 does not inspect this callee body."
"MVDM-SECOND-CANDIDATE-000318"	"MVDM-FIRST-DEFINITION-000054"	"O:\repos.external\OpenNT"	"base/win32/client/vdm.c"	"3f03d0dbb08e0163f2d9cf415daad0981e42e1b1855f6f48a3b59022b7374173"	"562"	"GetNextVDMCommand"	"CsrAllocateMessagePointer"	"direct-named-call"	"Cross-translation-unit second-degree candidate only; T299 does not inspect this callee body."
"MVDM-SECOND-CANDIDATE-000319"	"MVDM-FIRST-DEFINITION-000054"	"O:\repos.external\OpenNT"	"base/win32/client/vdm.c"	"3f03d0dbb08e0163f2d9cf415daad0981e42e1b1855f6f48a3b59022b7374173"	"570"	"GetNextVDMCommand"	"CsrAllocateMessagePointer"	"direct-named-call"	"Cross-translation-unit second-degree candidate only; T299 does not inspect this callee body."
"MVDM-SECOND-CANDIDATE-000320"	"MVDM-FIRST-DEFINITION-000054"	"O:\repos.external\OpenNT"	"base/win32/client/vdm.c"	"3f03d0dbb08e0163f2d9cf415daad0981e42e1b1855f6f48a3b59022b7374173"	"578"	"GetNextVDMCommand"	"CsrAllocateMessagePointer"	"direct-named-call"	"Cross-translation-unit second-degree candidate only; T299 does not inspect this callee body."
"MVDM-SECOND-CANDIDATE-000321"	"MVDM-FIRST-DEFINITION-000054"	"O:\repos.external\OpenNT"	"base/win32/client/vdm.c"	"3f03d0dbb08e0163f2d9cf415daad0981e42e1b1855f6f48a3b59022b7374173"	"586"	"GetNextVDMCommand"	"CsrClientCallServer"	"direct-named-call"	"Cross-translation-unit second-degree candidate only; T299 does not inspect this callee body."
"MVDM-SECOND-CANDIDATE-000322"	"MVDM-FIRST-DEFINITION-000054"	"O:\repos.external\OpenNT"	"base/win32/client/vdm.c"	"3f03d0dbb08e0163f2d9cf415daad0981e42e1b1855f6f48a3b59022b7374173"	"596"	"GetNextVDMCommand"	"NtWaitForSingleObject"	"direct-named-call"	"Cross-translation-unit second-degree candidate only; T299 does not inspect this callee body."
"MVDM-SECOND-CANDIDATE-000323"	"MVDM-FIRST-DEFINITION-000054"	"O:\repos.external\OpenNT"	"base/win32/client/vdm.c"	"3f03d0dbb08e0163f2d9cf415daad0981e42e1b1855f6f48a3b59022b7374173"	"598"	"GetNextVDMCommand"	"BaseSetLastNTError"	"direct-named-call"	"Cross-translation-unit second-degree candidate only; T299 does not inspect this callee body."
"MVDM-SECOND-CANDIDATE-000324"	"MVDM-FIRST-DEFINITION-000054"	"O:\repos.external\OpenNT"	"base/win32/client/vdm.c"	"3f03d0dbb08e0163f2d9cf415daad0981e42e1b1855f6f48a3b59022b7374173"	"635"	"GetNextVDMCommand"	"CsrFreeCaptureBuffer"	"direct-named-call"	"Cross-translation-unit second-degree candidate only; T299 does not inspect this callee body."
"MVDM-SECOND-CANDIDATE-000325"	"MVDM-FIRST-DEFINITION-000054"	"O:\repos.external\OpenNT"	"base/win32/client/vdm.c"	"3f03d0dbb08e0163f2d9cf415daad0981e42e1b1855f6f48a3b59022b7374173"	"636"	"GetNextVDMCommand"	"BaseSetLastNTError"	"direct-named-call"	"Cross-translation-unit second-degree candidate only; T299 does not inspect this callee body."
"MVDM-SECOND-CANDIDATE-000326"	"MVDM-FIRST-DEFINITION-000054"	"O:\repos.external\OpenNT"	"base/win32/client/vdm.c"	"3f03d0dbb08e0163f2d9cf415daad0981e42e1b1855f6f48a3b59022b7374173"	"644"	"GetNextVDMCommand"	"RtlMoveMemory"	"direct-named-call"	"Cross-translation-unit second-degree candidate only; T299 does not inspect this callee body."
"MVDM-SECOND-CANDIDATE-000327"	"MVDM-FIRST-DEFINITION-000054"	"O:\repos.external\OpenNT"	"base/win32/client/vdm.c"	"3f03d0dbb08e0163f2d9cf415daad0981e42e1b1855f6f48a3b59022b7374173"	"650"	"GetNextVDMCommand"	"RtlMoveMemory"	"direct-named-call"	"Cross-translation-unit second-degree candidate only; T299 does not inspect this callee body."
"MVDM-SECOND-CANDIDATE-000328"	"MVDM-FIRST-DEFINITION-000054"	"O:\repos.external\OpenNT"	"base/win32/client/vdm.c"	"3f03d0dbb08e0163f2d9cf415daad0981e42e1b1855f6f48a3b59022b7374173"	"655"	"GetNextVDMCommand"	"RtlMoveMemory"	"direct-named-call"	"Cross-translation-unit second-degree candidate only; T299 does not inspect this callee body."
"MVDM-SECOND-CANDIDATE-000329"	"MVDM-FIRST-DEFINITION-000054"	"O:\repos.external\OpenNT"	"base/win32/client/vdm.c"	"3f03d0dbb08e0163f2d9cf415daad0981e42e1b1855f6f48a3b59022b7374173"	"661"	"GetNextVDMCommand"	"RtlMoveMemory"	"direct-named-call"	"Cross-translation-unit second-degree candidate only; T299 does not inspect this callee body."
"MVDM-SECOND-CANDIDATE-000330"	"MVDM-FIRST-DEFINITION-000054"	"O:\repos.external\OpenNT"	"base/win32/client/vdm.c"	"3f03d0dbb08e0163f2d9cf415daad0981e42e1b1855f6f48a3b59022b7374173"	"667"	"GetNextVDMCommand"	"RtlMoveMemory"	"direct-named-call"	"Cross-translation-unit second-degree candidate only; T299 does not inspect this callee body."
"MVDM-SECOND-CANDIDATE-000331"	"MVDM-FIRST-DEFINITION-000054"	"O:\repos.external\OpenNT"	"base/win32/client/vdm.c"	"3f03d0dbb08e0163f2d9cf415daad0981e42e1b1855f6f48a3b59022b7374173"	"672"	"GetNextVDMCommand"	"RtlMoveMemory"	"direct-named-call"	"Cross-translation-unit second-degree candidate only; T299 does not inspect this callee body."
"MVDM-SECOND-CANDIDATE-000332"	"MVDM-FIRST-DEFINITION-000054"	"O:\repos.external\OpenNT"	"base/win32/client/vdm.c"	"3f03d0dbb08e0163f2d9cf415daad0981e42e1b1855f6f48a3b59022b7374173"	"677"	"GetNextVDMCommand"	"RtlMoveMemory"	"direct-named-call"	"Cross-translation-unit second-degree candidate only; T299 does not inspect this callee body."
"MVDM-SECOND-CANDIDATE-000333"	"MVDM-FIRST-DEFINITION-000054"	"O:\repos.external\OpenNT"	"base/win32/client/vdm.c"	"3f03d0dbb08e0163f2d9cf415daad0981e42e1b1855f6f48a3b59022b7374173"	"685"	"GetNextVDMCommand"	"RtlMoveMemory"	"direct-named-call"	"Cross-translation-unit second-degree candidate only; T299 does not inspect this callee body."
"MVDM-SECOND-CANDIDATE-000334"	"MVDM-FIRST-DEFINITION-000054"	"O:\repos.external\OpenNT"	"base/win32/client/vdm.c"	"3f03d0dbb08e0163f2d9cf415daad0981e42e1b1855f6f48a3b59022b7374173"	"692"	"GetNextVDMCommand"	"RtlMoveMemory"	"direct-named-call"	"Cross-translation-unit second-degree candidate only; T299 does not inspect this callee body."
"MVDM-SECOND-CANDIDATE-000335"	"MVDM-FIRST-DEFINITION-000054"	"O:\repos.external\OpenNT"	"base/win32/client/vdm.c"	"3f03d0dbb08e0163f2d9cf415daad0981e42e1b1855f6f48a3b59022b7374173"	"719"	"GetNextVDMCommand"	"CsrFreeCaptureBuffer"	"direct-named-call"	"Cross-translation-unit second-degree candidate only; T299 does not inspect this callee body."
"MVDM-SECOND-CANDIDATE-000336"	"MVDM-FIRST-DEFINITION-000054"	"O:\repos.external\OpenNT"	"base/win32/client/vdm.c"	"3f03d0dbb08e0163f2d9cf415daad0981e42e1b1855f6f48a3b59022b7374173"	"723"	"GetNextVDMCommand"	"BaseSetLastNTError"	"direct-named-call"	"Cross-translation-unit second-degree candidate only; T299 does not inspect this callee body."
"MVDM-SECOND-CANDIDATE-000337"	"MVDM-FIRST-DEFINITION-000054"	"O:\repos.external\OpenNT"	"base/win32/client/vdm.c"	"3f03d0dbb08e0163f2d9cf415daad0981e42e1b1855f6f48a3b59022b7374173"	"723"	"GetNextVDMCommand"	"GetExceptionCode"	"direct-named-call"	"Cross-translation-unit second-degree candidate only; T299 does not inspect this callee body."
"MVDM-SECOND-CANDIDATE-000338"	"MVDM-FIRST-DEFINITION-000054"	"O:\repos.external\OpenNT"	"base/win32/client/vdm.c"	"3f03d0dbb08e0163f2d9cf415daad0981e42e1b1855f6f48a3b59022b7374173"	"724"	"GetNextVDMCommand"	"CsrFreeCaptureBuffer"	"direct-named-call"	"Cross-translation-unit second-degree candidate only; T299 does not inspect this callee body."
"MVDM-SECOND-CANDIDATE-000339"	"MVDM-FIRST-DEFINITION-000055"	"O:\repos.external\OpenNT-4.5"	"nt/private/windows/base/client/vdm.c"	"1e4de7f98a0756259986c1f62832dd84d42431de5a22c189d80c164155cc80ae"	"380"	"GetNextVDMCommand"	"CsrClientCallServer"	"direct-named-call"	"Cross-translation-unit second-degree candidate only; T299 does not inspect this callee body."
"MVDM-SECOND-CANDIDATE-000340"	"MVDM-FIRST-DEFINITION-000055"	"O:\repos.external\OpenNT-4.5"	"nt/private/windows/base/client/vdm.c"	"1e4de7f98a0756259986c1f62832dd84d42431de5a22c189d80c164155cc80ae"	"393"	"GetNextVDMCommand"	"BaseSetLastNTError"	"direct-named-call"	"Cross-translation-unit second-degree candidate only; T299 does not inspect this callee body."
"MVDM-SECOND-CANDIDATE-000341"	"MVDM-FIRST-DEFINITION-000055"	"O:\repos.external\OpenNT-4.5"	"nt/private/windows/base/client/vdm.c"	"1e4de7f98a0756259986c1f62832dd84d42431de5a22c189d80c164155cc80ae"	"403"	"GetNextVDMCommand"	"NtCurrentPeb"	"direct-named-call"	"Cross-translation-unit second-degree candidate only; T299 does not inspect this callee body."
"MVDM-SECOND-CANDIDATE-000342"	"MVDM-FIRST-DEFINITION-000055"	"O:\repos.external\OpenNT-4.5"	"nt/private/windows/base/client/vdm.c"	"1e4de7f98a0756259986c1f62832dd84d42431de5a22c189d80c164155cc80ae"	"405"	"GetNextVDMCommand"	"CsrClientCallServer"	"direct-named-call"	"Cross-translation-unit second-degree candidate only; T299 does not inspect this callee body."
"MVDM-SECOND-CANDIDATE-000343"	"MVDM-FIRST-DEFINITION-000055"	"O:\repos.external\OpenNT-4.5"	"nt/private/windows/base/client/vdm.c"	"1e4de7f98a0756259986c1f62832dd84d42431de5a22c189d80c164155cc80ae"	"417"	"GetNextVDMCommand"	"BaseSetLastNTError"	"direct-named-call"	"Cross-translation-unit second-degree candidate only; T299 does not inspect this callee body."
"MVDM-SECOND-CANDIDATE-000344"	"MVDM-FIRST-DEFINITION-000055"	"O:\repos.external\OpenNT-4.5"	"nt/private/windows/base/client/vdm.c"	"1e4de7f98a0756259986c1f62832dd84d42431de5a22c189d80c164155cc80ae"	"427"	"GetNextVDMCommand"	"NtCurrentPeb"	"direct-named-call"	"Cross-translation-unit second-degree candidate only; T299 does not inspect this callee body."
"MVDM-SECOND-CANDIDATE-000345"	"MVDM-FIRST-DEFINITION-000055"	"O:\repos.external\OpenNT-4.5"	"nt/private/windows/base/client/vdm.c"	"1e4de7f98a0756259986c1f62832dd84d42431de5a22c189d80c164155cc80ae"	"499"	"GetNextVDMCommand"	"CsrAllocateCaptureBuffer"	"direct-named-call"	"Cross-translation-unit second-degree candidate only; T299 does not inspect this callee body."
"MVDM-SECOND-CANDIDATE-000346"	"MVDM-FIRST-DEFINITION-000055"	"O:\repos.external\OpenNT-4.5"	"nt/private/windows/base/client/vdm.c"	"1e4de7f98a0756259986c1f62832dd84d42431de5a22c189d80c164155cc80ae"	"501"	"GetNextVDMCommand"	"BaseSetLastNTError"	"direct-named-call"	"Cross-translation-unit second-degree candidate only; T299 does not inspect this callee body."
"MVDM-SECOND-CANDIDATE-000347"	"MVDM-FIRST-DEFINITION-000055"	"O:\repos.external\OpenNT-4.5"	"nt/private/windows/base/client/vdm.c"	"1e4de7f98a0756259986c1f62832dd84d42431de5a22c189d80c164155cc80ae"	"506"	"GetNextVDMCommand"	"CsrAllocateMessagePointer"	"direct-named-call"	"Cross-translation-unit second-degree candidate only; T299 does not inspect this callee body."
"MVDM-SECOND-CANDIDATE-000348"	"MVDM-FIRST-DEFINITION-000055"	"O:\repos.external\OpenNT-4.5"	"nt/private/windows/base/client/vdm.c"	"1e4de7f98a0756259986c1f62832dd84d42431de5a22c189d80c164155cc80ae"	"517"	"GetNextVDMCommand"	"CsrAllocateMessagePointer"	"direct-named-call"	"Cross-translation-unit second-degree candidate only; T299 does not inspect this callee body."
"MVDM-SECOND-CANDIDATE-000349"	"MVDM-FIRST-DEFINITION-000055"	"O:\repos.external\OpenNT-4.5"	"nt/private/windows/base/client/vdm.c"	"1e4de7f98a0756259986c1f62832dd84d42431de5a22c189d80c164155cc80ae"	"527"	"GetNextVDMCommand"	"CsrAllocateMessagePointer"	"direct-named-call"	"Cross-translation-unit second-degree candidate only; T299 does not inspect this callee body."
"MVDM-SECOND-CANDIDATE-000350"	"MVDM-FIRST-DEFINITION-000055"	"O:\repos.external\OpenNT-4.5"	"nt/private/windows/base/client/vdm.c"	"1e4de7f98a0756259986c1f62832dd84d42431de5a22c189d80c164155cc80ae"	"538"	"GetNextVDMCommand"	"CsrAllocateMessagePointer"	"direct-named-call"	"Cross-translation-unit second-degree candidate only; T299 does not inspect this callee body."
"MVDM-SECOND-CANDIDATE-000351"	"MVDM-FIRST-DEFINITION-000055"	"O:\repos.external\OpenNT-4.5"	"nt/private/windows/base/client/vdm.c"	"1e4de7f98a0756259986c1f62832dd84d42431de5a22c189d80c164155cc80ae"	"548"	"GetNextVDMCommand"	"CsrAllocateMessagePointer"	"direct-named-call"	"Cross-translation-unit second-degree candidate only; T299 does not inspect this callee body."
"MVDM-SECOND-CANDIDATE-000352"	"MVDM-FIRST-DEFINITION-000055"	"O:\repos.external\OpenNT-4.5"	"nt/private/windows/base/client/vdm.c"	"1e4de7f98a0756259986c1f62832dd84d42431de5a22c189d80c164155cc80ae"	"556"	"GetNextVDMCommand"	"CsrAllocateMessagePointer"	"direct-named-call"	"Cross-translation-unit second-degree candidate only; T299 does not inspect this callee body."
"MVDM-SECOND-CANDIDATE-000353"	"MVDM-FIRST-DEFINITION-000055"	"O:\repos.external\OpenNT-4.5"	"nt/private/windows/base/client/vdm.c"	"1e4de7f98a0756259986c1f62832dd84d42431de5a22c189d80c164155cc80ae"	"562"	"GetNextVDMCommand"	"CsrAllocateMessagePointer"	"direct-named-call"	"Cross-translation-unit second-degree candidate only; T299 does not inspect this callee body."
"MVDM-SECOND-CANDIDATE-000354"	"MVDM-FIRST-DEFINITION-000055"	"O:\repos.external\OpenNT-4.5"	"nt/private/windows/base/client/vdm.c"	"1e4de7f98a0756259986c1f62832dd84d42431de5a22c189d80c164155cc80ae"	"570"	"GetNextVDMCommand"	"CsrAllocateMessagePointer"	"direct-named-call"	"Cross-translation-unit second-degree candidate only; T299 does not inspect this callee body."
"MVDM-SECOND-CANDIDATE-000355"	"MVDM-FIRST-DEFINITION-000055"	"O:\repos.external\OpenNT-4.5"	"nt/private/windows/base/client/vdm.c"	"1e4de7f98a0756259986c1f62832dd84d42431de5a22c189d80c164155cc80ae"	"578"	"GetNextVDMCommand"	"CsrAllocateMessagePointer"	"direct-named-call"	"Cross-translation-unit second-degree candidate only; T299 does not inspect this callee body."
"MVDM-SECOND-CANDIDATE-000356"	"MVDM-FIRST-DEFINITION-000055"	"O:\repos.external\OpenNT-4.5"	"nt/private/windows/base/client/vdm.c"	"1e4de7f98a0756259986c1f62832dd84d42431de5a22c189d80c164155cc80ae"	"586"	"GetNextVDMCommand"	"CsrClientCallServer"	"direct-named-call"	"Cross-translation-unit second-degree candidate only; T299 does not inspect this callee body."
"MVDM-SECOND-CANDIDATE-000357"	"MVDM-FIRST-DEFINITION-000055"	"O:\repos.external\OpenNT-4.5"	"nt/private/windows/base/client/vdm.c"	"1e4de7f98a0756259986c1f62832dd84d42431de5a22c189d80c164155cc80ae"	"596"	"GetNextVDMCommand"	"NtWaitForSingleObject"	"direct-named-call"	"Cross-translation-unit second-degree candidate only; T299 does not inspect this callee body."
"MVDM-SECOND-CANDIDATE-000358"	"MVDM-FIRST-DEFINITION-000055"	"O:\repos.external\OpenNT-4.5"	"nt/private/windows/base/client/vdm.c"	"1e4de7f98a0756259986c1f62832dd84d42431de5a22c189d80c164155cc80ae"	"598"	"GetNextVDMCommand"	"BaseSetLastNTError"	"direct-named-call"	"Cross-translation-unit second-degree candidate only; T299 does not inspect this callee body."
"MVDM-SECOND-CANDIDATE-000359"	"MVDM-FIRST-DEFINITION-000055"	"O:\repos.external\OpenNT-4.5"	"nt/private/windows/base/client/vdm.c"	"1e4de7f98a0756259986c1f62832dd84d42431de5a22c189d80c164155cc80ae"	"635"	"GetNextVDMCommand"	"CsrFreeCaptureBuffer"	"direct-named-call"	"Cross-translation-unit second-degree candidate only; T299 does not inspect this callee body."
"MVDM-SECOND-CANDIDATE-000360"	"MVDM-FIRST-DEFINITION-000055"	"O:\repos.external\OpenNT-4.5"	"nt/private/windows/base/client/vdm.c"	"1e4de7f98a0756259986c1f62832dd84d42431de5a22c189d80c164155cc80ae"	"636"	"GetNextVDMCommand"	"BaseSetLastNTError"	"direct-named-call"	"Cross-translation-unit second-degree candidate only; T299 does not inspect this callee body."
"MVDM-SECOND-CANDIDATE-000361"	"MVDM-FIRST-DEFINITION-000055"	"O:\repos.external\OpenNT-4.5"	"nt/private/windows/base/client/vdm.c"	"1e4de7f98a0756259986c1f62832dd84d42431de5a22c189d80c164155cc80ae"	"644"	"GetNextVDMCommand"	"RtlMoveMemory"	"direct-named-call"	"Cross-translation-unit second-degree candidate only; T299 does not inspect this callee body."
"MVDM-SECOND-CANDIDATE-000362"	"MVDM-FIRST-DEFINITION-000055"	"O:\repos.external\OpenNT-4.5"	"nt/private/windows/base/client/vdm.c"	"1e4de7f98a0756259986c1f62832dd84d42431de5a22c189d80c164155cc80ae"	"650"	"GetNextVDMCommand"	"RtlMoveMemory"	"direct-named-call"	"Cross-translation-unit second-degree candidate only; T299 does not inspect this callee body."
"MVDM-SECOND-CANDIDATE-000363"	"MVDM-FIRST-DEFINITION-000055"	"O:\repos.external\OpenNT-4.5"	"nt/private/windows/base/client/vdm.c"	"1e4de7f98a0756259986c1f62832dd84d42431de5a22c189d80c164155cc80ae"	"655"	"GetNextVDMCommand"	"RtlMoveMemory"	"direct-named-call"	"Cross-translation-unit second-degree candidate only; T299 does not inspect this callee body."
"MVDM-SECOND-CANDIDATE-000364"	"MVDM-FIRST-DEFINITION-000055"	"O:\repos.external\OpenNT-4.5"	"nt/private/windows/base/client/vdm.c"	"1e4de7f98a0756259986c1f62832dd84d42431de5a22c189d80c164155cc80ae"	"661"	"GetNextVDMCommand"	"RtlMoveMemory"	"direct-named-call"	"Cross-translation-unit second-degree candidate only; T299 does not inspect this callee body."
"MVDM-SECOND-CANDIDATE-000365"	"MVDM-FIRST-DEFINITION-000055"	"O:\repos.external\OpenNT-4.5"	"nt/private/windows/base/client/vdm.c"	"1e4de7f98a0756259986c1f62832dd84d42431de5a22c189d80c164155cc80ae"	"667"	"GetNextVDMCommand"	"RtlMoveMemory"	"direct-named-call"	"Cross-translation-unit second-degree candidate only; T299 does not inspect this callee body."
"MVDM-SECOND-CANDIDATE-000366"	"MVDM-FIRST-DEFINITION-000055"	"O:\repos.external\OpenNT-4.5"	"nt/private/windows/base/client/vdm.c"	"1e4de7f98a0756259986c1f62832dd84d42431de5a22c189d80c164155cc80ae"	"672"	"GetNextVDMCommand"	"RtlMoveMemory"	"direct-named-call"	"Cross-translation-unit second-degree candidate only; T299 does not inspect this callee body."
"MVDM-SECOND-CANDIDATE-000367"	"MVDM-FIRST-DEFINITION-000055"	"O:\repos.external\OpenNT-4.5"	"nt/private/windows/base/client/vdm.c"	"1e4de7f98a0756259986c1f62832dd84d42431de5a22c189d80c164155cc80ae"	"677"	"GetNextVDMCommand"	"RtlMoveMemory"	"direct-named-call"	"Cross-translation-unit second-degree candidate only; T299 does not inspect this callee body."
"MVDM-SECOND-CANDIDATE-000368"	"MVDM-FIRST-DEFINITION-000055"	"O:\repos.external\OpenNT-4.5"	"nt/private/windows/base/client/vdm.c"	"1e4de7f98a0756259986c1f62832dd84d42431de5a22c189d80c164155cc80ae"	"685"	"GetNextVDMCommand"	"RtlMoveMemory"	"direct-named-call"	"Cross-translation-unit second-degree candidate only; T299 does not inspect this callee body."
"MVDM-SECOND-CANDIDATE-000369"	"MVDM-FIRST-DEFINITION-000055"	"O:\repos.external\OpenNT-4.5"	"nt/private/windows/base/client/vdm.c"	"1e4de7f98a0756259986c1f62832dd84d42431de5a22c189d80c164155cc80ae"	"692"	"GetNextVDMCommand"	"RtlMoveMemory"	"direct-named-call"	"Cross-translation-unit second-degree candidate only; T299 does not inspect this callee body."
"MVDM-SECOND-CANDIDATE-000370"	"MVDM-FIRST-DEFINITION-000055"	"O:\repos.external\OpenNT-4.5"	"nt/private/windows/base/client/vdm.c"	"1e4de7f98a0756259986c1f62832dd84d42431de5a22c189d80c164155cc80ae"	"719"	"GetNextVDMCommand"	"CsrFreeCaptureBuffer"	"direct-named-call"	"Cross-translation-unit second-degree candidate only; T299 does not inspect this callee body."
"MVDM-SECOND-CANDIDATE-000371"	"MVDM-FIRST-DEFINITION-000055"	"O:\repos.external\OpenNT-4.5"	"nt/private/windows/base/client/vdm.c"	"1e4de7f98a0756259986c1f62832dd84d42431de5a22c189d80c164155cc80ae"	"723"	"GetNextVDMCommand"	"BaseSetLastNTError"	"direct-named-call"	"Cross-translation-unit second-degree candidate only; T299 does not inspect this callee body."
"MVDM-SECOND-CANDIDATE-000372"	"MVDM-FIRST-DEFINITION-000055"	"O:\repos.external\OpenNT-4.5"	"nt/private/windows/base/client/vdm.c"	"1e4de7f98a0756259986c1f62832dd84d42431de5a22c189d80c164155cc80ae"	"723"	"GetNextVDMCommand"	"GetExceptionCode"	"direct-named-call"	"Cross-translation-unit second-degree candidate only; T299 does not inspect this callee body."
"MVDM-SECOND-CANDIDATE-000373"	"MVDM-FIRST-DEFINITION-000055"	"O:\repos.external\OpenNT-4.5"	"nt/private/windows/base/client/vdm.c"	"1e4de7f98a0756259986c1f62832dd84d42431de5a22c189d80c164155cc80ae"	"724"	"GetNextVDMCommand"	"CsrFreeCaptureBuffer"	"direct-named-call"	"Cross-translation-unit second-degree candidate only; T299 does not inspect this callee body."
"MVDM-SECOND-CANDIDATE-000374"	"MVDM-FIRST-DEFINITION-000058"	"O:\repos.external\OpenNT-4.5"	"nt/private/ntos/w32/ntuser/client/client.c"	"787eda33785a87ce9e71202c97b5913e2857f7106fed5bb97103049b1d5e3472"	"2744"	"GetShellWindow"	"ConnectIfNecessary"	"direct-named-call"	"Cross-translation-unit second-degree candidate only; T299 does not inspect this callee body."
"MVDM-SECOND-CANDIDATE-000375"	"MVDM-FIRST-DEFINITION-000058"	"O:\repos.external\OpenNT-4.5"	"nt/private/ntos/w32/ntuser/client/client.c"	"787eda33785a87ce9e71202c97b5913e2857f7106fed5bb97103049b1d5e3472"	"2746"	"GetShellWindow"	"GetClientInfo"	"direct-named-call"	"Cross-translation-unit second-degree candidate only; T299 does not inspect this callee body."
"MVDM-SECOND-CANDIDATE-000376"	"MVDM-FIRST-DEFINITION-000058"	"O:\repos.external\OpenNT-4.5"	"nt/private/ntos/w32/ntuser/client/client.c"	"787eda33785a87ce9e71202c97b5913e2857f7106fed5bb97103049b1d5e3472"	"2750"	"GetShellWindow"	"HWq"	"direct-named-call"	"Cross-translation-unit second-degree candidate only; T299 does not inspect this callee body."
"MVDM-SECOND-CANDIDATE-000377"	"MVDM-FIRST-DEFINITION-000059"	"O:\repos.external\OpenNT"	"windows/core/ntuser/client/client.c"	"787eda33785a87ce9e71202c97b5913e2857f7106fed5bb97103049b1d5e3472"	"2744"	"GetShellWindow"	"ConnectIfNecessary"	"direct-named-call"	"Cross-translation-unit second-degree candidate only; T299 does not inspect this callee body."
"MVDM-SECOND-CANDIDATE-000378"	"MVDM-FIRST-DEFINITION-000059"	"O:\repos.external\OpenNT"	"windows/core/ntuser/client/client.c"	"787eda33785a87ce9e71202c97b5913e2857f7106fed5bb97103049b1d5e3472"	"2746"	"GetShellWindow"	"GetClientInfo"	"direct-named-call"	"Cross-translation-unit second-degree candidate only; T299 does not inspect this callee body."
"MVDM-SECOND-CANDIDATE-000379"	"MVDM-FIRST-DEFINITION-000059"	"O:\repos.external\OpenNT"	"windows/core/ntuser/client/client.c"	"787eda33785a87ce9e71202c97b5913e2857f7106fed5bb97103049b1d5e3472"	"2750"	"GetShellWindow"	"HWq"	"direct-named-call"	"Cross-translation-unit second-degree candidate only; T299 does not inspect this callee body."
"MVDM-SECOND-CANDIDATE-000380"	"MVDM-FIRST-DEFINITION-000060"	"O:\repos.external\OpenNT"	"base/win32/client/vdm.c"	"3f03d0dbb08e0163f2d9cf415daad0981e42e1b1855f6f48a3b59022b7374173"	"2547"	"GetShortPathNameA"	"SetLastError"	"direct-named-call"	"Cross-translation-unit second-degree candidate only; T299 does not inspect this callee body."
"MVDM-SECOND-CANDIDATE-000381"	"MVDM-FIRST-DEFINITION-000060"	"O:\repos.external\OpenNT"	"base/win32/client/vdm.c"	"3f03d0dbb08e0163f2d9cf415daad0981e42e1b1855f6f48a3b59022b7374173"	"2551"	"GetShortPathNameA"	"RtlInitAnsiString"	"direct-named-call"	"Cross-translation-unit second-degree candidate only; T299 does not inspect this callee body."
"MVDM-SECOND-CANDIDATE-000382"	"MVDM-FIRST-DEFINITION-000060"	"O:\repos.external\OpenNT"	"base/win32/client/vdm.c"	"3f03d0dbb08e0163f2d9cf415daad0981e42e1b1855f6f48a3b59022b7374173"	"2552"	"GetShortPathNameA"	"Basep8BitStringToUnicodeString"	"direct-named-call"	"Cross-translation-unit second-degree candidate only; T299 does not inspect this callee body."
"MVDM-SECOND-CANDIDATE-000383"	"MVDM-FIRST-DEFINITION-000060"	"O:\repos.external\OpenNT"	"base/win32/client/vdm.c"	"3f03d0dbb08e0163f2d9cf415daad0981e42e1b1855f6f48a3b59022b7374173"	"2557"	"GetShortPathNameA"	"BaseSetLastNTError"	"direct-named-call"	"Cross-translation-unit second-degree candidate only; T299 does not inspect this callee body."
"MVDM-SECOND-CANDIDATE-000384"	"MVDM-FIRST-DEFINITION-000060"	"O:\repos.external\OpenNT"	"base/win32/client/vdm.c"	"3f03d0dbb08e0163f2d9cf415daad0981e42e1b1855f6f48a3b59022b7374173"	"2561"	"GetShortPathNameA"	"RtlAllocateHeap"	"direct-named-call"	"Cross-translation-unit second-degree candidate only; T299 does not inspect this callee body."
"MVDM-SECOND-CANDIDATE-000385"	"MVDM-FIRST-DEFINITION-000060"	"O:\repos.external\OpenNT"	"base/win32/client/vdm.c"	"3f03d0dbb08e0163f2d9cf415daad0981e42e1b1855f6f48a3b59022b7374173"	"2561"	"GetShortPathNameA"	"RtlProcessHeap"	"direct-named-call"	"Cross-translation-unit second-degree candidate only; T299 does not inspect this callee body."
"MVDM-SECOND-CANDIDATE-000386"	"MVDM-FIRST-DEFINITION-000060"	"O:\repos.external\OpenNT"	"base/win32/client/vdm.c"	"3f03d0dbb08e0163f2d9cf415daad0981e42e1b1855f6f48a3b59022b7374173"	"2565"	"GetShortPathNameA"	"SetLastError"	"direct-named-call"	"Cross-translation-unit second-degree candidate only; T299 does not inspect this callee body."
"MVDM-SECOND-CANDIDATE-000387"	"MVDM-FIRST-DEFINITION-000060"	"O:\repos.external\OpenNT"	"base/win32/client/vdm.c"	"3f03d0dbb08e0163f2d9cf415daad0981e42e1b1855f6f48a3b59022b7374173"	"2584"	"GetShortPathNameA"	"BasepUnicodeStringTo8BitString"	"direct-named-call"	"Cross-translation-unit second-degree candidate only; T299 does not inspect this callee body."
"MVDM-SECOND-CANDIDATE-000388"	"MVDM-FIRST-DEFINITION-000060"	"O:\repos.external\OpenNT"	"base/win32/client/vdm.c"	"3f03d0dbb08e0163f2d9cf415daad0981e42e1b1855f6f48a3b59022b7374173"	"2589"	"GetShortPathNameA"	"BaseSetLastNTError"	"direct-named-call"	"Cross-translation-unit second-degree candidate only; T299 does not inspect this callee body."
"MVDM-SECOND-CANDIDATE-000389"	"MVDM-FIRST-DEFINITION-000060"	"O:\repos.external\OpenNT"	"base/win32/client/vdm.c"	"3f03d0dbb08e0163f2d9cf415daad0981e42e1b1855f6f48a3b59022b7374173"	"2599"	"GetShortPathNameA"	"RtlFreeUnicodeString"	"direct-named-call"	"Cross-translation-unit second-degree candidate only; T299 does not inspect this callee body."
"MVDM-SECOND-CANDIDATE-000390"	"MVDM-FIRST-DEFINITION-000060"	"O:\repos.external\OpenNT"	"base/win32/client/vdm.c"	"3f03d0dbb08e0163f2d9cf415daad0981e42e1b1855f6f48a3b59022b7374173"	"2600"	"GetShortPathNameA"	"RtlFreeHeap"	"direct-named-call"	"Cross-translation-unit second-degree candidate only; T299 does not inspect this callee body."
"MVDM-SECOND-CANDIDATE-000391"	"MVDM-FIRST-DEFINITION-000060"	"O:\repos.external\OpenNT"	"base/win32/client/vdm.c"	"3f03d0dbb08e0163f2d9cf415daad0981e42e1b1855f6f48a3b59022b7374173"	"2600"	"GetShortPathNameA"	"RtlProcessHeap"	"direct-named-call"	"Cross-translation-unit second-degree candidate only; T299 does not inspect this callee body."
"MVDM-SECOND-CANDIDATE-000392"	"MVDM-FIRST-DEFINITION-000061"	"O:\repos.external\OpenNT-4.5"	"nt/private/windows/base/client/vdm.c"	"1e4de7f98a0756259986c1f62832dd84d42431de5a22c189d80c164155cc80ae"	"2547"	"GetShortPathNameA"	"SetLastError"	"direct-named-call"	"Cross-translation-unit second-degree candidate only; T299 does not inspect this callee body."
"MVDM-SECOND-CANDIDATE-000393"	"MVDM-FIRST-DEFINITION-000061"	"O:\repos.external\OpenNT-4.5"	"nt/private/windows/base/client/vdm.c"	"1e4de7f98a0756259986c1f62832dd84d42431de5a22c189d80c164155cc80ae"	"2551"	"GetShortPathNameA"	"RtlInitAnsiString"	"direct-named-call"	"Cross-translation-unit second-degree candidate only; T299 does not inspect this callee body."
"MVDM-SECOND-CANDIDATE-000394"	"MVDM-FIRST-DEFINITION-000061"	"O:\repos.external\OpenNT-4.5"	"nt/private/windows/base/client/vdm.c"	"1e4de7f98a0756259986c1f62832dd84d42431de5a22c189d80c164155cc80ae"	"2552"	"GetShortPathNameA"	"Basep8BitStringToUnicodeString"	"direct-named-call"	"Cross-translation-unit second-degree candidate only; T299 does not inspect this callee body."
"MVDM-SECOND-CANDIDATE-000395"	"MVDM-FIRST-DEFINITION-000061"	"O:\repos.external\OpenNT-4.5"	"nt/private/windows/base/client/vdm.c"	"1e4de7f98a0756259986c1f62832dd84d42431de5a22c189d80c164155cc80ae"	"2557"	"GetShortPathNameA"	"BaseSetLastNTError"	"direct-named-call"	"Cross-translation-unit second-degree candidate only; T299 does not inspect this callee body."
"MVDM-SECOND-CANDIDATE-000396"	"MVDM-FIRST-DEFINITION-000061"	"O:\repos.external\OpenNT-4.5"	"nt/private/windows/base/client/vdm.c"	"1e4de7f98a0756259986c1f62832dd84d42431de5a22c189d80c164155cc80ae"	"2561"	"GetShortPathNameA"	"RtlAllocateHeap"	"direct-named-call"	"Cross-translation-unit second-degree candidate only; T299 does not inspect this callee body."
"MVDM-SECOND-CANDIDATE-000397"	"MVDM-FIRST-DEFINITION-000061"	"O:\repos.external\OpenNT-4.5"	"nt/private/windows/base/client/vdm.c"	"1e4de7f98a0756259986c1f62832dd84d42431de5a22c189d80c164155cc80ae"	"2561"	"GetShortPathNameA"	"RtlProcessHeap"	"direct-named-call"	"Cross-translation-unit second-degree candidate only; T299 does not inspect this callee body."
"MVDM-SECOND-CANDIDATE-000398"	"MVDM-FIRST-DEFINITION-000061"	"O:\repos.external\OpenNT-4.5"	"nt/private/windows/base/client/vdm.c"	"1e4de7f98a0756259986c1f62832dd84d42431de5a22c189d80c164155cc80ae"	"2565"	"GetShortPathNameA"	"SetLastError"	"direct-named-call"	"Cross-translation-unit second-degree candidate only; T299 does not inspect this callee body."
"MVDM-SECOND-CANDIDATE-000399"	"MVDM-FIRST-DEFINITION-000061"	"O:\repos.external\OpenNT-4.5"	"nt/private/windows/base/client/vdm.c"	"1e4de7f98a0756259986c1f62832dd84d42431de5a22c189d80c164155cc80ae"	"2584"	"GetShortPathNameA"	"BasepUnicodeStringTo8BitString"	"direct-named-call"	"Cross-translation-unit second-degree candidate only; T299 does not inspect this callee body."
"MVDM-SECOND-CANDIDATE-000400"	"MVDM-FIRST-DEFINITION-000061"	"O:\repos.external\OpenNT-4.5"	"nt/private/windows/base/client/vdm.c"	"1e4de7f98a0756259986c1f62832dd84d42431de5a22c189d80c164155cc80ae"	"2589"	"GetShortPathNameA"	"BaseSetLastNTError"	"direct-named-call"	"Cross-translation-unit second-degree candidate only; T299 does not inspect this callee body."
"MVDM-SECOND-CANDIDATE-000401"	"MVDM-FIRST-DEFINITION-000061"	"O:\repos.external\OpenNT-4.5"	"nt/private/windows/base/client/vdm.c"	"1e4de7f98a0756259986c1f62832dd84d42431de5a22c189d80c164155cc80ae"	"2599"	"GetShortPathNameA"	"RtlFreeUnicodeString"	"direct-named-call"	"Cross-translation-unit second-degree candidate only; T299 does not inspect this callee body."
"MVDM-SECOND-CANDIDATE-000402"	"MVDM-FIRST-DEFINITION-000061"	"O:\repos.external\OpenNT-4.5"	"nt/private/windows/base/client/vdm.c"	"1e4de7f98a0756259986c1f62832dd84d42431de5a22c189d80c164155cc80ae"	"2600"	"GetShortPathNameA"	"RtlFreeHeap"	"direct-named-call"	"Cross-translation-unit second-degree candidate only; T299 does not inspect this callee body."
"MVDM-SECOND-CANDIDATE-000403"	"MVDM-FIRST-DEFINITION-000061"	"O:\repos.external\OpenNT-4.5"	"nt/private/windows/base/client/vdm.c"	"1e4de7f98a0756259986c1f62832dd84d42431de5a22c189d80c164155cc80ae"	"2600"	"GetShortPathNameA"	"RtlProcessHeap"	"direct-named-call"	"Cross-translation-unit second-degree candidate only; T299 does not inspect this callee body."
"MVDM-SECOND-CANDIDATE-000404"	"MVDM-FIRST-DEFINITION-000062"	"O:\repos.external\OpenNT"	"base/mvdm/oemuni/process.c"	"38c9125f9f3c43f32f696616e565e63b8f056da7ec264d980a5e5278cc640468"	"864"	"GetShortPathNameOem"	"SetLastError"	"direct-named-call"	"Cross-translation-unit second-degree candidate only; T299 does not inspect this callee body."
"MVDM-SECOND-CANDIDATE-000405"	"MVDM-FIRST-DEFINITION-000062"	"O:\repos.external\OpenNT"	"base/mvdm/oemuni/process.c"	"38c9125f9f3c43f32f696616e565e63b8f056da7ec264d980a5e5278cc640468"	"868"	"GetShortPathNameOem"	"InitOemString"	"direct-named-call"	"Cross-translation-unit second-degree candidate only; T299 does not inspect this callee body."
"MVDM-SECOND-CANDIDATE-000406"	"MVDM-FIRST-DEFINITION-000062"	"O:\repos.external\OpenNT"	"base/mvdm/oemuni/process.c"	"38c9125f9f3c43f32f696616e565e63b8f056da7ec264d980a5e5278cc640468"	"869"	"GetShortPathNameOem"	"RtlOemStringToUnicodeString"	"direct-named-call"	"Cross-translation-unit second-degree candidate only; T299 does not inspect this callee body."
"MVDM-SECOND-CANDIDATE-000407"	"MVDM-FIRST-DEFINITION-000062"	"O:\repos.external\OpenNT"	"base/mvdm/oemuni/process.c"	"38c9125f9f3c43f32f696616e565e63b8f056da7ec264d980a5e5278cc640468"	"874"	"GetShortPathNameOem"	"BaseSetLastNTError"	"direct-named-call"	"Cross-translation-unit second-degree candidate only; T299 does not inspect this callee body."
"MVDM-SECOND-CANDIDATE-000408"	"MVDM-FIRST-DEFINITION-000062"	"O:\repos.external\OpenNT"	"base/mvdm/oemuni/process.c"	"38c9125f9f3c43f32f696616e565e63b8f056da7ec264d980a5e5278cc640468"	"878"	"GetShortPathNameOem"	"RtlAllocateHeap"	"direct-named-call"	"Cross-translation-unit second-degree candidate only; T299 does not inspect this callee body."
"MVDM-SECOND-CANDIDATE-000409"	"MVDM-FIRST-DEFINITION-000062"	"O:\repos.external\OpenNT"	"base/mvdm/oemuni/process.c"	"38c9125f9f3c43f32f696616e565e63b8f056da7ec264d980a5e5278cc640468"	"878"	"GetShortPathNameOem"	"RtlProcessHeap"	"direct-named-call"	"Cross-translation-unit second-degree candidate only; T299 does not inspect this callee body."
"MVDM-SECOND-CANDIDATE-000410"	"MVDM-FIRST-DEFINITION-000062"	"O:\repos.external\OpenNT"	"base/mvdm/oemuni/process.c"	"38c9125f9f3c43f32f696616e565e63b8f056da7ec264d980a5e5278cc640468"	"882"	"GetShortPathNameOem"	"SetLastError"	"direct-named-call"	"Cross-translation-unit second-degree candidate only; T299 does not inspect this callee body."
"MVDM-SECOND-CANDIDATE-000411"	"MVDM-FIRST-DEFINITION-000062"	"O:\repos.external\OpenNT"	"base/mvdm/oemuni/process.c"	"38c9125f9f3c43f32f696616e565e63b8f056da7ec264d980a5e5278cc640468"	"900"	"GetShortPathNameOem"	"RtlUnicodeStringToOemString"	"direct-named-call"	"Cross-translation-unit second-degree candidate only; T299 does not inspect this callee body."
"MVDM-SECOND-CANDIDATE-000412"	"MVDM-FIRST-DEFINITION-000062"	"O:\repos.external\OpenNT"	"base/mvdm/oemuni/process.c"	"38c9125f9f3c43f32f696616e565e63b8f056da7ec264d980a5e5278cc640468"	"905"	"GetShortPathNameOem"	"BaseSetLastNTError"	"direct-named-call"	"Cross-translation-unit second-degree candidate only; T299 does not inspect this callee body."
"MVDM-SECOND-CANDIDATE-000413"	"MVDM-FIRST-DEFINITION-000062"	"O:\repos.external\OpenNT"	"base/mvdm/oemuni/process.c"	"38c9125f9f3c43f32f696616e565e63b8f056da7ec264d980a5e5278cc640468"	"912"	"GetShortPathNameOem"	"RtlFreeUnicodeString"	"direct-named-call"	"Cross-translation-unit second-degree candidate only; T299 does not inspect this callee body."
"MVDM-SECOND-CANDIDATE-000414"	"MVDM-FIRST-DEFINITION-000062"	"O:\repos.external\OpenNT"	"base/mvdm/oemuni/process.c"	"38c9125f9f3c43f32f696616e565e63b8f056da7ec264d980a5e5278cc640468"	"913"	"GetShortPathNameOem"	"RtlFreeHeap"	"direct-named-call"	"Cross-translation-unit second-degree candidate only; T299 does not inspect this callee body."
"MVDM-SECOND-CANDIDATE-000415"	"MVDM-FIRST-DEFINITION-000062"	"O:\repos.external\OpenNT"	"base/mvdm/oemuni/process.c"	"38c9125f9f3c43f32f696616e565e63b8f056da7ec264d980a5e5278cc640468"	"913"	"GetShortPathNameOem"	"RtlProcessHeap"	"direct-named-call"	"Cross-translation-unit second-degree candidate only; T299 does not inspect this callee body."
"MVDM-SECOND-CANDIDATE-000416"	"MVDM-FIRST-DEFINITION-000063"	"O:\repos.external\OpenNT"	"base/win32/client/vdm.c"	"3f03d0dbb08e0163f2d9cf415daad0981e42e1b1855f6f48a3b59022b7374173"	"2671"	"GetShortPathNameW"	"SetLastError"	"direct-named-call"	"Cross-translation-unit second-degree candidate only; T299 does not inspect this callee body."
"MVDM-SECOND-CANDIDATE-000417"	"MVDM-FIRST-DEFINITION-000063"	"O:\repos.external\OpenNT"	"base/win32/client/vdm.c"	"3f03d0dbb08e0163f2d9cf415daad0981e42e1b1855f6f48a3b59022b7374173"	"2677"	"GetShortPathNameW"	"RtlDetermineDosPathNameType_U"	"direct-named-call"	"Cross-translation-unit second-degree candidate only; T299 does not inspect this callee body."
"MVDM-SECOND-CANDIDATE-000418"	"MVDM-FIRST-DEFINITION-000063"	"O:\repos.external\OpenNT"	"base/win32/client/vdm.c"	"3f03d0dbb08e0163f2d9cf415daad0981e42e1b1855f6f48a3b59022b7374173"	"2737"	"GetShortPathNameW"	"wcslen"	"direct-named-call"	"Cross-translation-unit second-degree candidate only; T299 does not inspect this callee body."
"MVDM-SECOND-CANDIDATE-000419"	"MVDM-FIRST-DEFINITION-000063"	"O:\repos.external\OpenNT"	"base/win32/client/vdm.c"	"3f03d0dbb08e0163f2d9cf415daad0981e42e1b1855f6f48a3b59022b7374173"	"2744"	"GetShortPathNameW"	"RtlMoveMemory"	"direct-named-call"	"Cross-translation-unit second-degree candidate only; T299 does not inspect this callee body."
"MVDM-SECOND-CANDIDATE-000420"	"MVDM-FIRST-DEFINITION-000063"	"O:\repos.external\OpenNT"	"base/win32/client/vdm.c"	"3f03d0dbb08e0163f2d9cf415daad0981e42e1b1855f6f48a3b59022b7374173"	"2759"	"GetShortPathNameW"	"RtlAllocateHeap"	"direct-named-call"	"Cross-translation-unit second-degree candidate only; T299 does not inspect this callee body."
"MVDM-SECOND-CANDIDATE-000421"	"MVDM-FIRST-DEFINITION-000063"	"O:\repos.external\OpenNT"	"base/win32/client/vdm.c"	"3f03d0dbb08e0163f2d9cf415daad0981e42e1b1855f6f48a3b59022b7374173"	"2759"	"GetShortPathNameW"	"RtlProcessHeap"	"direct-named-call"	"Cross-translation-unit second-degree candidate only; T299 does not inspect this callee body."
"MVDM-SECOND-CANDIDATE-000422"	"MVDM-FIRST-DEFINITION-000063"	"O:\repos.external\OpenNT"	"base/win32/client/vdm.c"	"3f03d0dbb08e0163f2d9cf415daad0981e42e1b1855f6f48a3b59022b7374173"	"2762"	"GetShortPathNameW"	"SetLastError"	"direct-named-call"	"Cross-translation-unit second-degree candidate only; T299 does not inspect this callee body."
"MVDM-SECOND-CANDIDATE-000423"	"MVDM-FIRST-DEFINITION-000063"	"O:\repos.external\OpenNT"	"base/win32/client/vdm.c"	"3f03d0dbb08e0163f2d9cf415daad0981e42e1b1855f6f48a3b59022b7374173"	"2779"	"GetShortPathNameW"	"RtlMoveMemory"	"direct-named-call"	"Cross-translation-unit second-degree candidate only; T299 does not inspect this callee body."
"MVDM-SECOND-CANDIDATE-000424"	"MVDM-FIRST-DEFINITION-000063"	"O:\repos.external\OpenNT"	"base/win32/client/vdm.c"	"3f03d0dbb08e0163f2d9cf415daad0981e42e1b1855f6f48a3b59022b7374173"	"2797"	"GetShortPathNameW"	"RtlDosPathNameToNtPathName_U"	"direct-named-call"	"Cross-translation-unit second-degree candidate only; T299 does not inspect this callee body."
"MVDM-SECOND-CANDIDATE-000425"	"MVDM-FIRST-DEFINITION-000063"	"O:\repos.external\OpenNT"	"base/win32/client/vdm.c"	"3f03d0dbb08e0163f2d9cf415daad0981e42e1b1855f6f48a3b59022b7374173"	"2805"	"GetShortPathNameW"	"SetLastError"	"direct-named-call"	"Cross-translation-unit second-degree candidate only; T299 does not inspect this callee body."
"MVDM-SECOND-CANDIDATE-000426"	"MVDM-FIRST-DEFINITION-000063"	"O:\repos.external\OpenNT"	"base/win32/client/vdm.c"	"3f03d0dbb08e0163f2d9cf415daad0981e42e1b1855f6f48a3b59022b7374173"	"2810"	"GetShortPathNameW"	"InitializeObjectAttributes"	"direct-named-call"	"Cross-translation-unit second-degree candidate only; T299 does not inspect this callee body."
"MVDM-SECOND-CANDIDATE-000427"	"MVDM-FIRST-DEFINITION-000063"	"O:\repos.external\OpenNT"	"base/win32/client/vdm.c"	"3f03d0dbb08e0163f2d9cf415daad0981e42e1b1855f6f48a3b59022b7374173"	"2819"	"GetShortPathNameW"	"NtOpenFile"	"direct-named-call"	"Cross-translation-unit second-degree candidate only; T299 does not inspect this callee body."
"MVDM-SECOND-CANDIDATE-000428"	"MVDM-FIRST-DEFINITION-000063"	"O:\repos.external\OpenNT"	"base/win32/client/vdm.c"	"3f03d0dbb08e0163f2d9cf415daad0981e42e1b1855f6f48a3b59022b7374173"	"2827"	"GetShortPathNameW"	"RtlFreeUnicodeString"	"direct-named-call"	"Cross-translation-unit second-degree candidate only; T299 does not inspect this callee body."
"MVDM-SECOND-CANDIDATE-000429"	"MVDM-FIRST-DEFINITION-000063"	"O:\repos.external\OpenNT"	"base/win32/client/vdm.c"	"3f03d0dbb08e0163f2d9cf415daad0981e42e1b1855f6f48a3b59022b7374173"	"2831"	"GetShortPathNameW"	"BaseSetLastNTError"	"direct-named-call"	"Cross-translation-unit second-degree candidate only; T299 does not inspect this callee body."
"MVDM-SECOND-CANDIDATE-000430"	"MVDM-FIRST-DEFINITION-000063"	"O:\repos.external\OpenNT"	"base/win32/client/vdm.c"	"3f03d0dbb08e0163f2d9cf415daad0981e42e1b1855f6f48a3b59022b7374173"	"2836"	"GetShortPathNameW"	"NtQueryInformationFile"	"direct-named-call"	"Cross-translation-unit second-degree candidate only; T299 does not inspect this callee body."
"MVDM-SECOND-CANDIDATE-000431"	"MVDM-FIRST-DEFINITION-000063"	"O:\repos.external\OpenNT"	"base/win32/client/vdm.c"	"3f03d0dbb08e0163f2d9cf415daad0981e42e1b1855f6f48a3b59022b7374173"	"2842"	"GetShortPathNameW"	"NtClose"	"direct-named-call"	"Cross-translation-unit second-degree candidate only; T299 does not inspect this callee body."
"MVDM-SECOND-CANDIDATE-000432"	"MVDM-FIRST-DEFINITION-000063"	"O:\repos.external\OpenNT"	"base/win32/client/vdm.c"	"3f03d0dbb08e0163f2d9cf415daad0981e42e1b1855f6f48a3b59022b7374173"	"2844"	"GetShortPathNameW"	"BaseSetLastNTError"	"direct-named-call"	"Cross-translation-unit second-degree candidate only; T299 does not inspect this callee body."
"MVDM-SECOND-CANDIDATE-000433"	"MVDM-FIRST-DEFINITION-000063"	"O:\repos.external\OpenNT"	"base/win32/client/vdm.c"	"3f03d0dbb08e0163f2d9cf415daad0981e42e1b1855f6f48a3b59022b7374173"	"2850"	"GetShortPathNameW"	"RtlMoveMemory"	"direct-named-call"	"Cross-translation-unit second-degree candidate only; T299 does not inspect this callee body."
"MVDM-SECOND-CANDIDATE-000434"	"MVDM-FIRST-DEFINITION-000063"	"O:\repos.external\OpenNT"	"base/win32/client/vdm.c"	"3f03d0dbb08e0163f2d9cf415daad0981e42e1b1855f6f48a3b59022b7374173"	"2869"	"GetShortPathNameW"	"RtlMoveMemory"	"direct-named-call"	"Cross-translation-unit second-degree candidate only; T299 does not inspect this callee body."
"MVDM-SECOND-CANDIDATE-000435"	"MVDM-FIRST-DEFINITION-000063"	"O:\repos.external\OpenNT"	"base/win32/client/vdm.c"	"3f03d0dbb08e0163f2d9cf415daad0981e42e1b1855f6f48a3b59022b7374173"	"2876"	"GetShortPathNameW"	"RtlMoveMemory"	"direct-named-call"	"Cross-translation-unit second-degree candidate only; T299 does not inspect this callee body."
"MVDM-SECOND-CANDIDATE-000436"	"MVDM-FIRST-DEFINITION-000063"	"O:\repos.external\OpenNT"	"base/win32/client/vdm.c"	"3f03d0dbb08e0163f2d9cf415daad0981e42e1b1855f6f48a3b59022b7374173"	"2886"	"GetShortPathNameW"	"RtlFreeUnicodeString"	"direct-named-call"	"Cross-translation-unit second-degree candidate only; T299 does not inspect this callee body."
"MVDM-SECOND-CANDIDATE-000437"	"MVDM-FIRST-DEFINITION-000063"	"O:\repos.external\OpenNT"	"base/win32/client/vdm.c"	"3f03d0dbb08e0163f2d9cf415daad0981e42e1b1855f6f48a3b59022b7374173"	"2888"	"GetShortPathNameW"	"RtlFreeHeap"	"direct-named-call"	"Cross-translation-unit second-degree candidate only; T299 does not inspect this callee body."
"MVDM-SECOND-CANDIDATE-000438"	"MVDM-FIRST-DEFINITION-000063"	"O:\repos.external\OpenNT"	"base/win32/client/vdm.c"	"3f03d0dbb08e0163f2d9cf415daad0981e42e1b1855f6f48a3b59022b7374173"	"2888"	"GetShortPathNameW"	"RtlProcessHeap"	"direct-named-call"	"Cross-translation-unit second-degree candidate only; T299 does not inspect this callee body."
"MVDM-SECOND-CANDIDATE-000439"	"MVDM-FIRST-DEFINITION-000064"	"O:\repos.external\OpenNT-4.5"	"nt/private/windows/base/client/vdm.c"	"1e4de7f98a0756259986c1f62832dd84d42431de5a22c189d80c164155cc80ae"	"2671"	"GetShortPathNameW"	"SetLastError"	"direct-named-call"	"Cross-translation-unit second-degree candidate only; T299 does not inspect this callee body."
"MVDM-SECOND-CANDIDATE-000440"	"MVDM-FIRST-DEFINITION-000064"	"O:\repos.external\OpenNT-4.5"	"nt/private/windows/base/client/vdm.c"	"1e4de7f98a0756259986c1f62832dd84d42431de5a22c189d80c164155cc80ae"	"2677"	"GetShortPathNameW"	"RtlDetermineDosPathNameType_U"	"direct-named-call"	"Cross-translation-unit second-degree candidate only; T299 does not inspect this callee body."
"MVDM-SECOND-CANDIDATE-000441"	"MVDM-FIRST-DEFINITION-000064"	"O:\repos.external\OpenNT-4.5"	"nt/private/windows/base/client/vdm.c"	"1e4de7f98a0756259986c1f62832dd84d42431de5a22c189d80c164155cc80ae"	"2737"	"GetShortPathNameW"	"wcslen"	"direct-named-call"	"Cross-translation-unit second-degree candidate only; T299 does not inspect this callee body."
"MVDM-SECOND-CANDIDATE-000442"	"MVDM-FIRST-DEFINITION-000064"	"O:\repos.external\OpenNT-4.5"	"nt/private/windows/base/client/vdm.c"	"1e4de7f98a0756259986c1f62832dd84d42431de5a22c189d80c164155cc80ae"	"2744"	"GetShortPathNameW"	"RtlMoveMemory"	"direct-named-call"	"Cross-translation-unit second-degree candidate only; T299 does not inspect this callee body."
"MVDM-SECOND-CANDIDATE-000443"	"MVDM-FIRST-DEFINITION-000064"	"O:\repos.external\OpenNT-4.5"	"nt/private/windows/base/client/vdm.c"	"1e4de7f98a0756259986c1f62832dd84d42431de5a22c189d80c164155cc80ae"	"2759"	"GetShortPathNameW"	"RtlAllocateHeap"	"direct-named-call"	"Cross-translation-unit second-degree candidate only; T299 does not inspect this callee body."
"MVDM-SECOND-CANDIDATE-000444"	"MVDM-FIRST-DEFINITION-000064"	"O:\repos.external\OpenNT-4.5"	"nt/private/windows/base/client/vdm.c"	"1e4de7f98a0756259986c1f62832dd84d42431de5a22c189d80c164155cc80ae"	"2759"	"GetShortPathNameW"	"RtlProcessHeap"	"direct-named-call"	"Cross-translation-unit second-degree candidate only; T299 does not inspect this callee body."
"MVDM-SECOND-CANDIDATE-000445"	"MVDM-FIRST-DEFINITION-000064"	"O:\repos.external\OpenNT-4.5"	"nt/private/windows/base/client/vdm.c"	"1e4de7f98a0756259986c1f62832dd84d42431de5a22c189d80c164155cc80ae"	"2762"	"GetShortPathNameW"	"SetLastError"	"direct-named-call"	"Cross-translation-unit second-degree candidate only; T299 does not inspect this callee body."
"MVDM-SECOND-CANDIDATE-000446"	"MVDM-FIRST-DEFINITION-000064"	"O:\repos.external\OpenNT-4.5"	"nt/private/windows/base/client/vdm.c"	"1e4de7f98a0756259986c1f62832dd84d42431de5a22c189d80c164155cc80ae"	"2779"	"GetShortPathNameW"	"RtlMoveMemory"	"direct-named-call"	"Cross-translation-unit second-degree candidate only; T299 does not inspect this callee body."
"MVDM-SECOND-CANDIDATE-000447"	"MVDM-FIRST-DEFINITION-000064"	"O:\repos.external\OpenNT-4.5"	"nt/private/windows/base/client/vdm.c"	"1e4de7f98a0756259986c1f62832dd84d42431de5a22c189d80c164155cc80ae"	"2797"	"GetShortPathNameW"	"RtlDosPathNameToNtPathName_U"	"direct-named-call"	"Cross-translation-unit second-degree candidate only; T299 does not inspect this callee body."
"MVDM-SECOND-CANDIDATE-000448"	"MVDM-FIRST-DEFINITION-000064"	"O:\repos.external\OpenNT-4.5"	"nt/private/windows/base/client/vdm.c"	"1e4de7f98a0756259986c1f62832dd84d42431de5a22c189d80c164155cc80ae"	"2805"	"GetShortPathNameW"	"SetLastError"	"direct-named-call"	"Cross-translation-unit second-degree candidate only; T299 does not inspect this callee body."
"MVDM-SECOND-CANDIDATE-000449"	"MVDM-FIRST-DEFINITION-000064"	"O:\repos.external\OpenNT-4.5"	"nt/private/windows/base/client/vdm.c"	"1e4de7f98a0756259986c1f62832dd84d42431de5a22c189d80c164155cc80ae"	"2810"	"GetShortPathNameW"	"InitializeObjectAttributes"	"direct-named-call"	"Cross-translation-unit second-degree candidate only; T299 does not inspect this callee body."
"MVDM-SECOND-CANDIDATE-000450"	"MVDM-FIRST-DEFINITION-000064"	"O:\repos.external\OpenNT-4.5"	"nt/private/windows/base/client/vdm.c"	"1e4de7f98a0756259986c1f62832dd84d42431de5a22c189d80c164155cc80ae"	"2819"	"GetShortPathNameW"	"NtOpenFile"	"direct-named-call"	"Cross-translation-unit second-degree candidate only; T299 does not inspect this callee body."
"MVDM-SECOND-CANDIDATE-000451"	"MVDM-FIRST-DEFINITION-000064"	"O:\repos.external\OpenNT-4.5"	"nt/private/windows/base/client/vdm.c"	"1e4de7f98a0756259986c1f62832dd84d42431de5a22c189d80c164155cc80ae"	"2827"	"GetShortPathNameW"	"RtlFreeUnicodeString"	"direct-named-call"	"Cross-translation-unit second-degree candidate only; T299 does not inspect this callee body."
"MVDM-SECOND-CANDIDATE-000452"	"MVDM-FIRST-DEFINITION-000064"	"O:\repos.external\OpenNT-4.5"	"nt/private/windows/base/client/vdm.c"	"1e4de7f98a0756259986c1f62832dd84d42431de5a22c189d80c164155cc80ae"	"2831"	"GetShortPathNameW"	"BaseSetLastNTError"	"direct-named-call"	"Cross-translation-unit second-degree candidate only; T299 does not inspect this callee body."
"MVDM-SECOND-CANDIDATE-000453"	"MVDM-FIRST-DEFINITION-000064"	"O:\repos.external\OpenNT-4.5"	"nt/private/windows/base/client/vdm.c"	"1e4de7f98a0756259986c1f62832dd84d42431de5a22c189d80c164155cc80ae"	"2836"	"GetShortPathNameW"	"NtQueryInformationFile"	"direct-named-call"	"Cross-translation-unit second-degree candidate only; T299 does not inspect this callee body."
"MVDM-SECOND-CANDIDATE-000454"	"MVDM-FIRST-DEFINITION-000064"	"O:\repos.external\OpenNT-4.5"	"nt/private/windows/base/client/vdm.c"	"1e4de7f98a0756259986c1f62832dd84d42431de5a22c189d80c164155cc80ae"	"2842"	"GetShortPathNameW"	"NtClose"	"direct-named-call"	"Cross-translation-unit second-degree candidate only; T299 does not inspect this callee body."
"MVDM-SECOND-CANDIDATE-000455"	"MVDM-FIRST-DEFINITION-000064"	"O:\repos.external\OpenNT-4.5"	"nt/private/windows/base/client/vdm.c"	"1e4de7f98a0756259986c1f62832dd84d42431de5a22c189d80c164155cc80ae"	"2844"	"GetShortPathNameW"	"BaseSetLastNTError"	"direct-named-call"	"Cross-translation-unit second-degree candidate only; T299 does not inspect this callee body."
"MVDM-SECOND-CANDIDATE-000456"	"MVDM-FIRST-DEFINITION-000064"	"O:\repos.external\OpenNT-4.5"	"nt/private/windows/base/client/vdm.c"	"1e4de7f98a0756259986c1f62832dd84d42431de5a22c189d80c164155cc80ae"	"2850"	"GetShortPathNameW"	"RtlMoveMemory"	"direct-named-call"	"Cross-translation-unit second-degree candidate only; T299 does not inspect this callee body."
"MVDM-SECOND-CANDIDATE-000457"	"MVDM-FIRST-DEFINITION-000064"	"O:\repos.external\OpenNT-4.5"	"nt/private/windows/base/client/vdm.c"	"1e4de7f98a0756259986c1f62832dd84d42431de5a22c189d80c164155cc80ae"	"2869"	"GetShortPathNameW"	"RtlMoveMemory"	"direct-named-call"	"Cross-translation-unit second-degree candidate only; T299 does not inspect this callee body."
"MVDM-SECOND-CANDIDATE-000458"	"MVDM-FIRST-DEFINITION-000064"	"O:\repos.external\OpenNT-4.5"	"nt/private/windows/base/client/vdm.c"	"1e4de7f98a0756259986c1f62832dd84d42431de5a22c189d80c164155cc80ae"	"2876"	"GetShortPathNameW"	"RtlMoveMemory"	"direct-named-call"	"Cross-translation-unit second-degree candidate only; T299 does not inspect this callee body."
"MVDM-SECOND-CANDIDATE-000459"	"MVDM-FIRST-DEFINITION-000064"	"O:\repos.external\OpenNT-4.5"	"nt/private/windows/base/client/vdm.c"	"1e4de7f98a0756259986c1f62832dd84d42431de5a22c189d80c164155cc80ae"	"2886"	"GetShortPathNameW"	"RtlFreeUnicodeString"	"direct-named-call"	"Cross-translation-unit second-degree candidate only; T299 does not inspect this callee body."
"MVDM-SECOND-CANDIDATE-000460"	"MVDM-FIRST-DEFINITION-000064"	"O:\repos.external\OpenNT-4.5"	"nt/private/windows/base/client/vdm.c"	"1e4de7f98a0756259986c1f62832dd84d42431de5a22c189d80c164155cc80ae"	"2888"	"GetShortPathNameW"	"RtlFreeHeap"	"direct-named-call"	"Cross-translation-unit second-degree candidate only; T299 does not inspect this callee body."
"MVDM-SECOND-CANDIDATE-000461"	"MVDM-FIRST-DEFINITION-000064"	"O:\repos.external\OpenNT-4.5"	"nt/private/windows/base/client/vdm.c"	"1e4de7f98a0756259986c1f62832dd84d42431de5a22c189d80c164155cc80ae"	"2888"	"GetShortPathNameW"	"RtlProcessHeap"	"direct-named-call"	"Cross-translation-unit second-degree candidate only; T299 does not inspect this callee body."
"MVDM-SECOND-CANDIDATE-000462"	"MVDM-FIRST-DEFINITION-000065"	"O:\repos.external\OpenNT"	"base/mvdm/oemuni/process.c"	"38c9125f9f3c43f32f696616e565e63b8f056da7ec264d980a5e5278cc640468"	"318"	"GetTempFileNameOem"	"NtCurrentTeb"	"direct-named-call"	"Cross-translation-unit second-degree candidate only; T299 does not inspect this callee body."
"MVDM-SECOND-CANDIDATE-000463"	"MVDM-FIRST-DEFINITION-000065"	"O:\repos.external\OpenNT"	"base/mvdm/oemuni/process.c"	"38c9125f9f3c43f32f696616e565e63b8f056da7ec264d980a5e5278cc640468"	"320"	"GetTempFileNameOem"	"InitOemString"	"direct-named-call"	"Cross-translation-unit second-degree candidate only; T299 does not inspect this callee body."
"MVDM-SECOND-CANDIDATE-000464"	"MVDM-FIRST-DEFINITION-000065"	"O:\repos.external\OpenNT"	"base/mvdm/oemuni/process.c"	"38c9125f9f3c43f32f696616e565e63b8f056da7ec264d980a5e5278cc640468"	"321"	"GetTempFileNameOem"	"RtlOemStringToUnicodeString"	"direct-named-call"	"Cross-translation-unit second-degree candidate only; T299 does not inspect this callee body."
"MVDM-SECOND-CANDIDATE-000465"	"MVDM-FIRST-DEFINITION-000065"	"O:\repos.external\OpenNT"	"base/mvdm/oemuni/process.c"	"38c9125f9f3c43f32f696616e565e63b8f056da7ec264d980a5e5278cc640468"	"324"	"GetTempFileNameOem"	"SetLastError"	"direct-named-call"	"Cross-translation-unit second-degree candidate only; T299 does not inspect this callee body."
"MVDM-SECOND-CANDIDATE-000466"	"MVDM-FIRST-DEFINITION-000065"	"O:\repos.external\OpenNT"	"base/mvdm/oemuni/process.c"	"38c9125f9f3c43f32f696616e565e63b8f056da7ec264d980a5e5278cc640468"	"327"	"GetTempFileNameOem"	"BaseSetLastNTError"	"direct-named-call"	"Cross-translation-unit second-degree candidate only; T299 does not inspect this callee body."
"MVDM-SECOND-CANDIDATE-000467"	"MVDM-FIRST-DEFINITION-000065"	"O:\repos.external\OpenNT"	"base/mvdm/oemuni/process.c"	"38c9125f9f3c43f32f696616e565e63b8f056da7ec264d980a5e5278cc640468"	"332"	"GetTempFileNameOem"	"InitOemString"	"direct-named-call"	"Cross-translation-unit second-degree candidate only; T299 does not inspect this callee body."
"MVDM-SECOND-CANDIDATE-000468"	"MVDM-FIRST-DEFINITION-000065"	"O:\repos.external\OpenNT"	"base/mvdm/oemuni/process.c"	"38c9125f9f3c43f32f696616e565e63b8f056da7ec264d980a5e5278cc640468"	"333"	"GetTempFileNameOem"	"RtlOemStringToUnicodeString"	"direct-named-call"	"Cross-translation-unit second-degree candidate only; T299 does not inspect this callee body."
"MVDM-SECOND-CANDIDATE-000469"	"MVDM-FIRST-DEFINITION-000065"	"O:\repos.external\OpenNT"	"base/mvdm/oemuni/process.c"	"38c9125f9f3c43f32f696616e565e63b8f056da7ec264d980a5e5278cc640468"	"335"	"GetTempFileNameOem"	"BaseSetLastNTError"	"direct-named-call"	"Cross-translation-unit second-degree candidate only; T299 does not inspect this callee body."
"MVDM-SECOND-CANDIDATE-000470"	"MVDM-FIRST-DEFINITION-000065"	"O:\repos.external\OpenNT"	"base/mvdm/oemuni/process.c"	"38c9125f9f3c43f32f696616e565e63b8f056da7ec264d980a5e5278cc640468"	"339"	"GetTempFileNameOem"	"RtlAllocateHeap"	"direct-named-call"	"Cross-translation-unit second-degree candidate only; T299 does not inspect this callee body."
"MVDM-SECOND-CANDIDATE-000471"	"MVDM-FIRST-DEFINITION-000065"	"O:\repos.external\OpenNT"	"base/mvdm/oemuni/process.c"	"38c9125f9f3c43f32f696616e565e63b8f056da7ec264d980a5e5278cc640468"	"339"	"GetTempFileNameOem"	"RtlProcessHeap"	"direct-named-call"	"Cross-translation-unit second-degree candidate only; T299 does not inspect this callee body."
"MVDM-SECOND-CANDIDATE-000472"	"MVDM-FIRST-DEFINITION-000065"	"O:\repos.external\OpenNT"	"base/mvdm/oemuni/process.c"	"38c9125f9f3c43f32f696616e565e63b8f056da7ec264d980a5e5278cc640468"	"341"	"GetTempFileNameOem"	"SetLastError"	"direct-named-call"	"Cross-translation-unit second-degree candidate only; T299 does not inspect this callee body."
"MVDM-SECOND-CANDIDATE-000473"	"MVDM-FIRST-DEFINITION-000065"	"O:\repos.external\OpenNT"	"base/mvdm/oemuni/process.c"	"38c9125f9f3c43f32f696616e565e63b8f056da7ec264d980a5e5278cc640468"	"342"	"GetTempFileNameOem"	"RtlFreeUnicodeString"	"direct-named-call"	"Cross-translation-unit second-degree candidate only; T299 does not inspect this callee body."
"MVDM-SECOND-CANDIDATE-000474"	"MVDM-FIRST-DEFINITION-000065"	"O:\repos.external\OpenNT"	"base/mvdm/oemuni/process.c"	"38c9125f9f3c43f32f696616e565e63b8f056da7ec264d980a5e5278cc640468"	"346"	"GetTempFileNameOem"	"GetTempFileNameW"	"direct-named-call"	"Cross-translation-unit second-degree candidate only; T299 does not inspect this callee body."
"MVDM-SECOND-CANDIDATE-000475"	"MVDM-FIRST-DEFINITION-000065"	"O:\repos.external\OpenNT"	"base/mvdm/oemuni/process.c"	"38c9125f9f3c43f32f696616e565e63b8f056da7ec264d980a5e5278cc640468"	"353"	"GetTempFileNameOem"	"RtlInitUnicodeString"	"direct-named-call"	"Cross-translation-unit second-degree candidate only; T299 does not inspect this callee body."
"MVDM-SECOND-CANDIDATE-000476"	"MVDM-FIRST-DEFINITION-000065"	"O:\repos.external\OpenNT"	"base/mvdm/oemuni/process.c"	"38c9125f9f3c43f32f696616e565e63b8f056da7ec264d980a5e5278cc640468"	"356"	"GetTempFileNameOem"	"RtlUnicodeStringToOemString"	"direct-named-call"	"Cross-translation-unit second-degree candidate only; T299 does not inspect this callee body."
"MVDM-SECOND-CANDIDATE-000477"	"MVDM-FIRST-DEFINITION-000065"	"O:\repos.external\OpenNT"	"base/mvdm/oemuni/process.c"	"38c9125f9f3c43f32f696616e565e63b8f056da7ec264d980a5e5278cc640468"	"358"	"GetTempFileNameOem"	"BaseSetLastNTError"	"direct-named-call"	"Cross-translation-unit second-degree candidate only; T299 does not inspect this callee body."
"MVDM-SECOND-CANDIDATE-000478"	"MVDM-FIRST-DEFINITION-000065"	"O:\repos.external\OpenNT"	"base/mvdm/oemuni/process.c"	"38c9125f9f3c43f32f696616e565e63b8f056da7ec264d980a5e5278cc640468"	"362"	"GetTempFileNameOem"	"RtlFreeUnicodeString"	"direct-named-call"	"Cross-translation-unit second-degree candidate only; T299 does not inspect this callee body."
"MVDM-SECOND-CANDIDATE-000479"	"MVDM-FIRST-DEFINITION-000065"	"O:\repos.external\OpenNT"	"base/mvdm/oemuni/process.c"	"38c9125f9f3c43f32f696616e565e63b8f056da7ec264d980a5e5278cc640468"	"363"	"GetTempFileNameOem"	"RtlFreeHeap"	"direct-named-call"	"Cross-translation-unit second-degree candidate only; T299 does not inspect this callee body."
"MVDM-SECOND-CANDIDATE-000480"	"MVDM-FIRST-DEFINITION-000065"	"O:\repos.external\OpenNT"	"base/mvdm/oemuni/process.c"	"38c9125f9f3c43f32f696616e565e63b8f056da7ec264d980a5e5278cc640468"	"363"	"GetTempFileNameOem"	"RtlProcessHeap"	"direct-named-call"	"Cross-translation-unit second-degree candidate only; T299 does not inspect this callee body."
"MVDM-SECOND-CANDIDATE-000481"	"MVDM-FIRST-DEFINITION-000066"	"O:\repos.external\OpenNT"	"base/win32/client/datetime.c"	"554cec9e236885367b8c791f611b29556657327a840c374293161493431e3b36"	"393"	"GetTickCount"	"NtGetTickCount"	"direct-named-call"	"Cross-translation-unit second-degree candidate only; T299 does not inspect this callee body."
"MVDM-SECOND-CANDIDATE-000482"	"MVDM-FIRST-DEFINITION-000067"	"O:\repos.external\OpenNT-4.5"	"nt/private/nw/rdr/ipx.c"	"f04ce15b4cd282b8257844f54115c9f3370616f05005dd67cf10265f5fe369e8"	"1407"	"GetTickCount"	"MmProbeAndLockPages"	"direct-named-call"	"Cross-translation-unit second-degree candidate only; T299 does not inspect this callee body."
"MVDM-SECOND-CANDIDATE-000483"	"MVDM-FIRST-DEFINITION-000067"	"O:\repos.external\OpenNT-4.5"	"nt/private/nw/rdr/ipx.c"	"f04ce15b4cd282b8257844f54115c9f3370616f05005dd67cf10265f5fe369e8"	"1410"	"GetTickCount"	"GetExceptionCode"	"direct-named-call"	"Cross-translation-unit second-degree candidate only; T299 does not inspect this callee body."
"MVDM-SECOND-CANDIDATE-000484"	"MVDM-FIRST-DEFINITION-000067"	"O:\repos.external\OpenNT-4.5"	"nt/private/nw/rdr/ipx.c"	"f04ce15b4cd282b8257844f54115c9f3370616f05005dd67cf10265f5fe369e8"	"1413"	"GetTickCount"	"KeInitializeEvent"	"direct-named-call"	"Cross-translation-unit second-degree candidate only; T299 does not inspect this callee body."
"MVDM-SECOND-CANDIDATE-000485"	"MVDM-FIRST-DEFINITION-000067"	"O:\repos.external\OpenNT-4.5"	"nt/private/nw/rdr/ipx.c"	"f04ce15b4cd282b8257844f54115c9f3370616f05005dd67cf10265f5fe369e8"	"1418"	"GetTickCount"	"TdiBuildAction"	"direct-named-call"	"Cross-translation-unit second-degree candidate only; T299 does not inspect this callee body."
"MVDM-SECOND-CANDIDATE-000486"	"MVDM-FIRST-DEFINITION-000067"	"O:\repos.external\OpenNT-4.5"	"nt/private/nw/rdr/ipx.c"	"f04ce15b4cd282b8257844f54115c9f3370616f05005dd67cf10265f5fe369e8"	"1432"	"GetTickCount"	"IoCallDriver"	"direct-named-call"	"Cross-translation-unit second-degree candidate only; T299 does not inspect this callee body."
"MVDM-SECOND-CANDIDATE-000487"	"MVDM-FIRST-DEFINITION-000067"	"O:\repos.external\OpenNT-4.5"	"nt/private/nw/rdr/ipx.c"	"f04ce15b4cd282b8257844f54115c9f3370616f05005dd67cf10265f5fe369e8"	"1435"	"GetTickCount"	"KeWaitForSingleObject"	"direct-named-call"	"Cross-translation-unit second-degree candidate only; T299 does not inspect this callee body."
"MVDM-SECOND-CANDIDATE-000488"	"MVDM-FIRST-DEFINITION-000067"	"O:\repos.external\OpenNT-4.5"	"nt/private/nw/rdr/ipx.c"	"f04ce15b4cd282b8257844f54115c9f3370616f05005dd67cf10265f5fe369e8"	"1447"	"GetTickCount"	"DebugTrace"	"direct-named-call"	"Cross-translation-unit second-degree candidate only; T299 does not inspect this callee body."
"MVDM-SECOND-CANDIDATE-000489"	"MVDM-FIRST-DEFINITION-000067"	"O:\repos.external\OpenNT-4.5"	"nt/private/nw/rdr/ipx.c"	"f04ce15b4cd282b8257844f54115c9f3370616f05005dd67cf10265f5fe369e8"	"1469"	"GetTickCount"	"DebugTrace"	"direct-named-call"	"Cross-translation-unit second-degree candidate only; T299 does not inspect this callee body."
"MVDM-SECOND-CANDIDATE-000490"	"MVDM-FIRST-DEFINITION-000067"	"O:\repos.external\OpenNT-4.5"	"nt/private/nw/rdr/ipx.c"	"f04ce15b4cd282b8257844f54115c9f3370616f05005dd67cf10265f5fe369e8"	"1471"	"GetTickCount"	"DebugTrace"	"direct-named-call"	"Cross-translation-unit second-degree candidate only; T299 does not inspect this callee body."
"MVDM-SECOND-CANDIDATE-000491"	"MVDM-FIRST-DEFINITION-000067"	"O:\repos.external\OpenNT-4.5"	"nt/private/nw/rdr/ipx.c"	"f04ce15b4cd282b8257844f54115c9f3370616f05005dd67cf10265f5fe369e8"	"1481"	"GetTickCount"	"MmUnlockPages"	"direct-named-call"	"Cross-translation-unit second-degree candidate only; T299 does not inspect this callee body."
"MVDM-SECOND-CANDIDATE-000492"	"MVDM-FIRST-DEFINITION-000068"	"O:\repos.external\OpenNT-4.5"	"nt/private/windows/base/client/datetime.c"	"554cec9e236885367b8c791f611b29556657327a840c374293161493431e3b36"	"393"	"GetTickCount"	"NtGetTickCount"	"direct-named-call"	"Cross-translation-unit second-degree candidate only; T299 does not inspect this callee body."
"MVDM-SECOND-CANDIDATE-000493"	"MVDM-FIRST-DEFINITION-000069"	"O:\repos.external\OpenNT"	"base/mvdm/oemuni/file.c"	"a3184eb571d6822577b52849e2da3955689899ecc6dfd9df100ff3f3636be5df"	"876"	"GetVolumeInformationOem"	"NtCurrentTeb"	"direct-named-call"	"Cross-translation-unit second-degree candidate only; T299 does not inspect this callee body."
"MVDM-SECOND-CANDIDATE-000494"	"MVDM-FIRST-DEFINITION-000069"	"O:\repos.external\OpenNT"	"base/mvdm/oemuni/file.c"	"a3184eb571d6822577b52849e2da3955689899ecc6dfd9df100ff3f3636be5df"	"877"	"GetVolumeInformationOem"	"InitOemString"	"direct-named-call"	"Cross-translation-unit second-degree candidate only; T299 does not inspect this callee body."
"MVDM-SECOND-CANDIDATE-000495"	"MVDM-FIRST-DEFINITION-000069"	"O:\repos.external\OpenNT"	"base/mvdm/oemuni/file.c"	"a3184eb571d6822577b52849e2da3955689899ecc6dfd9df100ff3f3636be5df"	"882"	"GetVolumeInformationOem"	"RtlOemStringToUnicodeString"	"direct-named-call"	"Cross-translation-unit second-degree candidate only; T299 does not inspect this callee body."
"MVDM-SECOND-CANDIDATE-000496"	"MVDM-FIRST-DEFINITION-000069"	"O:\repos.external\OpenNT"	"base/mvdm/oemuni/file.c"	"a3184eb571d6822577b52849e2da3955689899ecc6dfd9df100ff3f3636be5df"	"885"	"GetVolumeInformationOem"	"SetLastError"	"direct-named-call"	"Cross-translation-unit second-degree candidate only; T299 does not inspect this callee body."
"MVDM-SECOND-CANDIDATE-000497"	"MVDM-FIRST-DEFINITION-000069"	"O:\repos.external\OpenNT"	"base/mvdm/oemuni/file.c"	"a3184eb571d6822577b52849e2da3955689899ecc6dfd9df100ff3f3636be5df"	"888"	"GetVolumeInformationOem"	"BaseSetLastNTError"	"direct-named-call"	"Cross-translation-unit second-degree candidate only; T299 does not inspect this callee body."
"MVDM-SECOND-CANDIDATE-000498"	"MVDM-FIRST-DEFINITION-000069"	"O:\repos.external\OpenNT"	"base/mvdm/oemuni/file.c"	"a3184eb571d6822577b52849e2da3955689899ecc6dfd9df100ff3f3636be5df"	"905"	"GetVolumeInformationOem"	"RtlAllocateHeap"	"direct-named-call"	"Cross-translation-unit second-degree candidate only; T299 does not inspect this callee body."
"MVDM-SECOND-CANDIDATE-000499"	"MVDM-FIRST-DEFINITION-000069"	"O:\repos.external\OpenNT"	"base/mvdm/oemuni/file.c"	"a3184eb571d6822577b52849e2da3955689899ecc6dfd9df100ff3f3636be5df"	"906"	"GetVolumeInformationOem"	"RtlProcessHeap"	"direct-named-call"	"Cross-translation-unit second-degree candidate only; T299 does not inspect this callee body."
"MVDM-SECOND-CANDIDATE-000500"	"MVDM-FIRST-DEFINITION-000069"	"O:\repos.external\OpenNT"	"base/mvdm/oemuni/file.c"	"a3184eb571d6822577b52849e2da3955689899ecc6dfd9df100ff3f3636be5df"	"911"	"GetVolumeInformationOem"	"SetLastError"	"direct-named-call"	"Cross-translation-unit second-degree candidate only; T299 does not inspect this callee body."
"MVDM-SECOND-CANDIDATE-000501"	"MVDM-FIRST-DEFINITION-000069"	"O:\repos.external\OpenNT"	"base/mvdm/oemuni/file.c"	"a3184eb571d6822577b52849e2da3955689899ecc6dfd9df100ff3f3636be5df"	"918"	"GetVolumeInformationOem"	"RtlAllocateHeap"	"direct-named-call"	"Cross-translation-unit second-degree candidate only; T299 does not inspect this callee body."
"MVDM-SECOND-CANDIDATE-000502"	"MVDM-FIRST-DEFINITION-000069"	"O:\repos.external\OpenNT"	"base/mvdm/oemuni/file.c"	"a3184eb571d6822577b52849e2da3955689899ecc6dfd9df100ff3f3636be5df"	"919"	"GetVolumeInformationOem"	"RtlProcessHeap"	"direct-named-call"	"Cross-translation-unit second-degree candidate only; T299 does not inspect this callee body."
"MVDM-SECOND-CANDIDATE-000503"	"MVDM-FIRST-DEFINITION-000069"	"O:\repos.external\OpenNT"	"base/mvdm/oemuni/file.c"	"a3184eb571d6822577b52849e2da3955689899ecc6dfd9df100ff3f3636be5df"	"924"	"GetVolumeInformationOem"	"SetLastError"	"direct-named-call"	"Cross-translation-unit second-degree candidate only; T299 does not inspect this callee body."
"MVDM-SECOND-CANDIDATE-000504"	"MVDM-FIRST-DEFINITION-000069"	"O:\repos.external\OpenNT"	"base/mvdm/oemuni/file.c"	"a3184eb571d6822577b52849e2da3955689899ecc6dfd9df100ff3f3636be5df"	"929"	"GetVolumeInformationOem"	"GetVolumeInformationW"	"direct-named-call"	"Cross-translation-unit second-degree candidate only; T299 does not inspect this callee body."
"MVDM-SECOND-CANDIDATE-000505"	"MVDM-FIRST-DEFINITION-000069"	"O:\repos.external\OpenNT"	"base/mvdm/oemuni/file.c"	"a3184eb571d6822577b52849e2da3955689899ecc6dfd9df100ff3f3636be5df"	"943"	"GetVolumeInformationOem"	"RtlInitUnicodeString"	"direct-named-call"	"Cross-translation-unit second-degree candidate only; T299 does not inspect this callee body."
"MVDM-SECOND-CANDIDATE-000506"	"MVDM-FIRST-DEFINITION-000069"	"O:\repos.external\OpenNT"	"base/mvdm/oemuni/file.c"	"a3184eb571d6822577b52849e2da3955689899ecc6dfd9df100ff3f3636be5df"	"948"	"GetVolumeInformationOem"	"RtlUnicodeStringToOemString"	"direct-named-call"	"Cross-translation-unit second-degree candidate only; T299 does not inspect this callee body."
"MVDM-SECOND-CANDIDATE-000507"	"MVDM-FIRST-DEFINITION-000069"	"O:\repos.external\OpenNT"	"base/mvdm/oemuni/file.c"	"a3184eb571d6822577b52849e2da3955689899ecc6dfd9df100ff3f3636be5df"	"955"	"GetVolumeInformationOem"	"BaseSetLastNTError"	"direct-named-call"	"Cross-translation-unit second-degree candidate only; T299 does not inspect this callee body."
"MVDM-SECOND-CANDIDATE-000508"	"MVDM-FIRST-DEFINITION-000069"	"O:\repos.external\OpenNT"	"base/mvdm/oemuni/file.c"	"a3184eb571d6822577b52849e2da3955689899ecc6dfd9df100ff3f3636be5df"	"961"	"GetVolumeInformationOem"	"RtlInitUnicodeString"	"direct-named-call"	"Cross-translation-unit second-degree candidate only; T299 does not inspect this callee body."
"MVDM-SECOND-CANDIDATE-000509"	"MVDM-FIRST-DEFINITION-000069"	"O:\repos.external\OpenNT"	"base/mvdm/oemuni/file.c"	"a3184eb571d6822577b52849e2da3955689899ecc6dfd9df100ff3f3636be5df"	"966"	"GetVolumeInformationOem"	"RtlUnicodeStringToOemString"	"direct-named-call"	"Cross-translation-unit second-degree candidate only; T299 does not inspect this callee body."
"MVDM-SECOND-CANDIDATE-000510"	"MVDM-FIRST-DEFINITION-000069"	"O:\repos.external\OpenNT"	"base/mvdm/oemuni/file.c"	"a3184eb571d6822577b52849e2da3955689899ecc6dfd9df100ff3f3636be5df"	"973"	"GetVolumeInformationOem"	"BaseSetLastNTError"	"direct-named-call"	"Cross-translation-unit second-degree candidate only; T299 does not inspect this callee body."
"MVDM-SECOND-CANDIDATE-000511"	"MVDM-FIRST-DEFINITION-000069"	"O:\repos.external\OpenNT"	"base/mvdm/oemuni/file.c"	"a3184eb571d6822577b52849e2da3955689899ecc6dfd9df100ff3f3636be5df"	"981"	"GetVolumeInformationOem"	"RtlFreeHeap"	"direct-named-call"	"Cross-translation-unit second-degree candidate only; T299 does not inspect this callee body."
"MVDM-SECOND-CANDIDATE-000512"	"MVDM-FIRST-DEFINITION-000069"	"O:\repos.external\OpenNT"	"base/mvdm/oemuni/file.c"	"a3184eb571d6822577b52849e2da3955689899ecc6dfd9df100ff3f3636be5df"	"981"	"GetVolumeInformationOem"	"RtlProcessHeap"	"direct-named-call"	"Cross-translation-unit second-degree candidate only; T299 does not inspect this callee body."
"MVDM-SECOND-CANDIDATE-000513"	"MVDM-FIRST-DEFINITION-000069"	"O:\repos.external\OpenNT"	"base/mvdm/oemuni/file.c"	"a3184eb571d6822577b52849e2da3955689899ecc6dfd9df100ff3f3636be5df"	"984"	"GetVolumeInformationOem"	"RtlFreeHeap"	"direct-named-call"	"Cross-translation-unit second-degree candidate only; T299 does not inspect this callee body."
"MVDM-SECOND-CANDIDATE-000514"	"MVDM-FIRST-DEFINITION-000069"	"O:\repos.external\OpenNT"	"base/mvdm/oemuni/file.c"	"a3184eb571d6822577b52849e2da3955689899ecc6dfd9df100ff3f3636be5df"	"984"	"GetVolumeInformationOem"	"RtlProcessHeap"	"direct-named-call"	"Cross-translation-unit second-degree candidate only; T299 does not inspect this callee body."
"MVDM-SECOND-CANDIDATE-000515"	"MVDM-FIRST-DEFINITION-000072"	"O:\repos.external\OpenNT"	"base/mvdm/softpc.new/base/keymouse/keybd_io.c"	"c17523f12f895eb144b38692f4d91dc97d539106a8d3e4b8cf23bc4338cd4896"	"1998"	"kb_setup_vectors"	"always_trace0"	"direct-named-call"	"Cross-translation-unit second-degree candidate only; T299 does not inspect this callee body."
"MVDM-SECOND-CANDIDATE-000516"	"MVDM-FIRST-DEFINITION-000073"	"O:\repos.external\OpenNT"	"base/mvdm/softpc.new/base/keymouse/keyba.c"	"d3326210be154866924ca99f1e44e0a76e9a912e15975305804f6b59c4cf7953"	"2213"	"KbdIntDelay"	"ica_hw_interrupt"	"direct-named-call"	"Cross-translation-unit second-degree candidate only; T299 does not inspect this callee body."
"MVDM-SECOND-CANDIDATE-000517"	"MVDM-FIRST-DEFINITION-000076"	"O:\repos.external\OpenNT"	"base/mvdm/oemuni/file.c"	"a3184eb571d6822577b52849e2da3955689899ecc6dfd9df100ff3f3636be5df"	"338"	"MoveFileExOem"	"NtCurrentTeb"	"direct-named-call"	"Cross-translation-unit second-degree candidate only; T299 does not inspect this callee body."
"MVDM-SECOND-CANDIDATE-000518"	"MVDM-FIRST-DEFINITION-000076"	"O:\repos.external\OpenNT"	"base/mvdm/oemuni/file.c"	"a3184eb571d6822577b52849e2da3955689899ecc6dfd9df100ff3f3636be5df"	"339"	"MoveFileExOem"	"InitOemString"	"direct-named-call"	"Cross-translation-unit second-degree candidate only; T299 does not inspect this callee body."
"MVDM-SECOND-CANDIDATE-000519"	"MVDM-FIRST-DEFINITION-000076"	"O:\repos.external\OpenNT"	"base/mvdm/oemuni/file.c"	"a3184eb571d6822577b52849e2da3955689899ecc6dfd9df100ff3f3636be5df"	"340"	"MoveFileExOem"	"RtlOemStringToUnicodeString"	"direct-named-call"	"Cross-translation-unit second-degree candidate only; T299 does not inspect this callee body."
"MVDM-SECOND-CANDIDATE-000520"	"MVDM-FIRST-DEFINITION-000076"	"O:\repos.external\OpenNT"	"base/mvdm/oemuni/file.c"	"a3184eb571d6822577b52849e2da3955689899ecc6dfd9df100ff3f3636be5df"	"343"	"MoveFileExOem"	"SetLastError"	"direct-named-call"	"Cross-translation-unit second-degree candidate only; T299 does not inspect this callee body."
"MVDM-SECOND-CANDIDATE-000521"	"MVDM-FIRST-DEFINITION-000076"	"O:\repos.external\OpenNT"	"base/mvdm/oemuni/file.c"	"a3184eb571d6822577b52849e2da3955689899ecc6dfd9df100ff3f3636be5df"	"346"	"MoveFileExOem"	"BaseSetLastNTError"	"direct-named-call"	"Cross-translation-unit second-degree candidate only; T299 does not inspect this callee body."
"MVDM-SECOND-CANDIDATE-000522"	"MVDM-FIRST-DEFINITION-000076"	"O:\repos.external\OpenNT"	"base/mvdm/oemuni/file.c"	"a3184eb571d6822577b52849e2da3955689899ecc6dfd9df100ff3f3636be5df"	"352"	"MoveFileExOem"	"InitOemString"	"direct-named-call"	"Cross-translation-unit second-degree candidate only; T299 does not inspect this callee body."
"MVDM-SECOND-CANDIDATE-000523"	"MVDM-FIRST-DEFINITION-000076"	"O:\repos.external\OpenNT"	"base/mvdm/oemuni/file.c"	"a3184eb571d6822577b52849e2da3955689899ecc6dfd9df100ff3f3636be5df"	"353"	"MoveFileExOem"	"RtlOemStringToUnicodeString"	"direct-named-call"	"Cross-translation-unit second-degree candidate only; T299 does not inspect this callee body."
"MVDM-SECOND-CANDIDATE-000524"	"MVDM-FIRST-DEFINITION-000076"	"O:\repos.external\OpenNT"	"base/mvdm/oemuni/file.c"	"a3184eb571d6822577b52849e2da3955689899ecc6dfd9df100ff3f3636be5df"	"355"	"MoveFileExOem"	"BaseSetLastNTError"	"direct-named-call"	"Cross-translation-unit second-degree candidate only; T299 does not inspect this callee body."
"MVDM-SECOND-CANDIDATE-000525"	"MVDM-FIRST-DEFINITION-000076"	"O:\repos.external\OpenNT"	"base/mvdm/oemuni/file.c"	"a3184eb571d6822577b52849e2da3955689899ecc6dfd9df100ff3f3636be5df"	"363"	"MoveFileExOem"	"MoveFileExW"	"direct-named-call"	"Cross-translation-unit second-degree candidate only; T299 does not inspect this callee body."
"MVDM-SECOND-CANDIDATE-000526"	"MVDM-FIRST-DEFINITION-000076"	"O:\repos.external\OpenNT"	"base/mvdm/oemuni/file.c"	"a3184eb571d6822577b52849e2da3955689899ecc6dfd9df100ff3f3636be5df"	"368"	"MoveFileExOem"	"RtlFreeUnicodeString"	"direct-named-call"	"Cross-translation-unit second-degree candidate only; T299 does not inspect this callee body."
"MVDM-SECOND-CANDIDATE-000527"	"MVDM-FIRST-DEFINITION-000077"	"O:\repos.external\OpenNT"	"base/mvdm/oemuni/file.c"	"a3184eb571d6822577b52849e2da3955689899ecc6dfd9df100ff3f3636be5df"	"277"	"MoveFileOem"	"NtCurrentTeb"	"direct-named-call"	"Cross-translation-unit second-degree candidate only; T299 does not inspect this callee body."
"MVDM-SECOND-CANDIDATE-000528"	"MVDM-FIRST-DEFINITION-000077"	"O:\repos.external\OpenNT"	"base/mvdm/oemuni/file.c"	"a3184eb571d6822577b52849e2da3955689899ecc6dfd9df100ff3f3636be5df"	"278"	"MoveFileOem"	"InitOemString"	"direct-named-call"	"Cross-translation-unit second-degree candidate only; T299 does not inspect this callee body."
"MVDM-SECOND-CANDIDATE-000529"	"MVDM-FIRST-DEFINITION-000077"	"O:\repos.external\OpenNT"	"base/mvdm/oemuni/file.c"	"a3184eb571d6822577b52849e2da3955689899ecc6dfd9df100ff3f3636be5df"	"279"	"MoveFileOem"	"RtlOemStringToUnicodeString"	"direct-named-call"	"Cross-translation-unit second-degree candidate only; T299 does not inspect this callee body."
"MVDM-SECOND-CANDIDATE-000530"	"MVDM-FIRST-DEFINITION-000077"	"O:\repos.external\OpenNT"	"base/mvdm/oemuni/file.c"	"a3184eb571d6822577b52849e2da3955689899ecc6dfd9df100ff3f3636be5df"	"282"	"MoveFileOem"	"SetLastError"	"direct-named-call"	"Cross-translation-unit second-degree candidate only; T299 does not inspect this callee body."
"MVDM-SECOND-CANDIDATE-000531"	"MVDM-FIRST-DEFINITION-000077"	"O:\repos.external\OpenNT"	"base/mvdm/oemuni/file.c"	"a3184eb571d6822577b52849e2da3955689899ecc6dfd9df100ff3f3636be5df"	"285"	"MoveFileOem"	"BaseSetLastNTError"	"direct-named-call"	"Cross-translation-unit second-degree candidate only; T299 does not inspect this callee body."
"MVDM-SECOND-CANDIDATE-000532"	"MVDM-FIRST-DEFINITION-000077"	"O:\repos.external\OpenNT"	"base/mvdm/oemuni/file.c"	"a3184eb571d6822577b52849e2da3955689899ecc6dfd9df100ff3f3636be5df"	"291"	"MoveFileOem"	"InitOemString"	"direct-named-call"	"Cross-translation-unit second-degree candidate only; T299 does not inspect this callee body."
"MVDM-SECOND-CANDIDATE-000533"	"MVDM-FIRST-DEFINITION-000077"	"O:\repos.external\OpenNT"	"base/mvdm/oemuni/file.c"	"a3184eb571d6822577b52849e2da3955689899ecc6dfd9df100ff3f3636be5df"	"292"	"MoveFileOem"	"RtlOemStringToUnicodeString"	"direct-named-call"	"Cross-translation-unit second-degree candidate only; T299 does not inspect this callee body."
"MVDM-SECOND-CANDIDATE-000534"	"MVDM-FIRST-DEFINITION-000077"	"O:\repos.external\OpenNT"	"base/mvdm/oemuni/file.c"	"a3184eb571d6822577b52849e2da3955689899ecc6dfd9df100ff3f3636be5df"	"294"	"MoveFileOem"	"BaseSetLastNTError"	"direct-named-call"	"Cross-translation-unit second-degree candidate only; T299 does not inspect this callee body."
"MVDM-SECOND-CANDIDATE-000535"	"MVDM-FIRST-DEFINITION-000077"	"O:\repos.external\OpenNT"	"base/mvdm/oemuni/file.c"	"a3184eb571d6822577b52849e2da3955689899ecc6dfd9df100ff3f3636be5df"	"302"	"MoveFileOem"	"MoveFileExW"	"direct-named-call"	"Cross-translation-unit second-degree candidate only; T299 does not inspect this callee body."
"MVDM-SECOND-CANDIDATE-000536"	"MVDM-FIRST-DEFINITION-000077"	"O:\repos.external\OpenNT"	"base/mvdm/oemuni/file.c"	"a3184eb571d6822577b52849e2da3955689899ecc6dfd9df100ff3f3636be5df"	"307"	"MoveFileOem"	"RtlFreeUnicodeString"	"direct-named-call"	"Cross-translation-unit second-degree candidate only; T299 does not inspect this callee body."
"MVDM-SECOND-CANDIDATE-000537"	"MVDM-FIRST-DEFINITION-000078"	"O:\repos.external\OpenNT"	"base/mvdm/oemuni/file.c"	"a3184eb571d6822577b52849e2da3955689899ecc6dfd9df100ff3f3636be5df"	"1020"	"OutputDebugStringOem"	"InitOemString"	"direct-named-call"	"Cross-translation-unit second-degree candidate only; T299 does not inspect this callee body."
"MVDM-SECOND-CANDIDATE-000538"	"MVDM-FIRST-DEFINITION-000078"	"O:\repos.external\OpenNT"	"base/mvdm/oemuni/file.c"	"a3184eb571d6822577b52849e2da3955689899ecc6dfd9df100ff3f3636be5df"	"1021"	"OutputDebugStringOem"	"RtlOemStringToUnicodeString"	"direct-named-call"	"Cross-translation-unit second-degree candidate only; T299 does not inspect this callee body."
"MVDM-SECOND-CANDIDATE-000539"	"MVDM-FIRST-DEFINITION-000078"	"O:\repos.external\OpenNT"	"base/mvdm/oemuni/file.c"	"a3184eb571d6822577b52849e2da3955689899ecc6dfd9df100ff3f3636be5df"	"1026"	"OutputDebugStringOem"	"RtlUnicodeStringToAnsiString"	"direct-named-call"	"Cross-translation-unit second-degree candidate only; T299 does not inspect this callee body."
"MVDM-SECOND-CANDIDATE-000540"	"MVDM-FIRST-DEFINITION-000078"	"O:\repos.external\OpenNT"	"base/mvdm/oemuni/file.c"	"a3184eb571d6822577b52849e2da3955689899ecc6dfd9df100ff3f3636be5df"	"1031"	"OutputDebugStringOem"	"OutputDebugStringA"	"direct-named-call"	"Cross-translation-unit second-degree candidate only; T299 does not inspect this callee body."
"MVDM-SECOND-CANDIDATE-000541"	"MVDM-FIRST-DEFINITION-000078"	"O:\repos.external\OpenNT"	"base/mvdm/oemuni/file.c"	"a3184eb571d6822577b52849e2da3955689899ecc6dfd9df100ff3f3636be5df"	"1037"	"OutputDebugStringOem"	"RtlFreeUnicodeString"	"direct-named-call"	"Cross-translation-unit second-degree candidate only; T299 does not inspect this callee body."
"MVDM-SECOND-CANDIDATE-000542"	"MVDM-FIRST-DEFINITION-000078"	"O:\repos.external\OpenNT"	"base/mvdm/oemuni/file.c"	"a3184eb571d6822577b52849e2da3955689899ecc6dfd9df100ff3f3636be5df"	"1040"	"OutputDebugStringOem"	"RtlFreeAnsiString"	"direct-named-call"	"Cross-translation-unit second-degree candidate only; T299 does not inspect this callee body."
"MVDM-SECOND-CANDIDATE-000543"	"MVDM-FIRST-DEFINITION-000079"	"O:\repos.external\OpenNT-4.5"	"nt/private/ntos/w32/ntgdi/client/font.c"	"8c74be8f5336de7e204897241ba375ca63c481717a781c25ef8320bd7a59282d"	"2321"	"pwszAllocNtMultiplePath"	"RtlDosPathNameToNtPathName_U"	"direct-named-call"	"Cross-translation-unit second-degree candidate only; T299 does not inspect this callee body."
"MVDM-SECOND-CANDIDATE-000544"	"MVDM-FIRST-DEFINITION-000079"	"O:\repos.external\OpenNT-4.5"	"nt/private/ntos/w32/ntgdi/client/font.c"	"8c74be8f5336de7e204897241ba375ca63c481717a781c25ef8320bd7a59282d"	"2334"	"pwszAllocNtMultiplePath"	"RtlCopyMemory"	"direct-named-call"	"Cross-translation-unit second-degree candidate only; T299 does not inspect this callee body."
"MVDM-SECOND-CANDIDATE-000545"	"MVDM-FIRST-DEFINITION-000079"	"O:\repos.external\OpenNT-4.5"	"nt/private/ntos/w32/ntgdi/client/font.c"	"8c74be8f5336de7e204897241ba375ca63c481717a781c25ef8320bd7a59282d"	"2346"	"pwszAllocNtMultiplePath"	"RtlFreeHeap"	"direct-named-call"	"Cross-translation-unit second-degree candidate only; T299 does not inspect this callee body."
"MVDM-SECOND-CANDIDATE-000546"	"MVDM-FIRST-DEFINITION-000079"	"O:\repos.external\OpenNT-4.5"	"nt/private/ntos/w32/ntgdi/client/font.c"	"8c74be8f5336de7e204897241ba375ca63c481717a781c25ef8320bd7a59282d"	"2346"	"pwszAllocNtMultiplePath"	"RtlProcessHeap"	"direct-named-call"	"Cross-translation-unit second-degree candidate only; T299 does not inspect this callee body."
"MVDM-SECOND-CANDIDATE-000547"	"MVDM-FIRST-DEFINITION-000080"	"O:\repos.external\OpenNT"	"windows/core/ntgdi/client/font.c"	"8c74be8f5336de7e204897241ba375ca63c481717a781c25ef8320bd7a59282d"	"2321"	"pwszAllocNtMultiplePath"	"RtlDosPathNameToNtPathName_U"	"direct-named-call"	"Cross-translation-unit second-degree candidate only; T299 does not inspect this callee body."
"MVDM-SECOND-CANDIDATE-000548"	"MVDM-FIRST-DEFINITION-000080"	"O:\repos.external\OpenNT"	"windows/core/ntgdi/client/font.c"	"8c74be8f5336de7e204897241ba375ca63c481717a781c25ef8320bd7a59282d"	"2334"	"pwszAllocNtMultiplePath"	"RtlCopyMemory"	"direct-named-call"	"Cross-translation-unit second-degree candidate only; T299 does not inspect this callee body."
"MVDM-SECOND-CANDIDATE-000549"	"MVDM-FIRST-DEFINITION-000080"	"O:\repos.external\OpenNT"	"windows/core/ntgdi/client/font.c"	"8c74be8f5336de7e204897241ba375ca63c481717a781c25ef8320bd7a59282d"	"2346"	"pwszAllocNtMultiplePath"	"RtlFreeHeap"	"direct-named-call"	"Cross-translation-unit second-degree candidate only; T299 does not inspect this callee body."
"MVDM-SECOND-CANDIDATE-000550"	"MVDM-FIRST-DEFINITION-000080"	"O:\repos.external\OpenNT"	"windows/core/ntgdi/client/font.c"	"8c74be8f5336de7e204897241ba375ca63c481717a781c25ef8320bd7a59282d"	"2346"	"pwszAllocNtMultiplePath"	"RtlProcessHeap"	"direct-named-call"	"Cross-translation-unit second-degree candidate only; T299 does not inspect this callee body."
"MVDM-SECOND-CANDIDATE-000551"	"MVDM-FIRST-DEFINITION-000081"	"O:\repos.external\OpenNT"	"base/mvdm/softpc.new/base/keymouse/keyba.c"	"d3326210be154866924ca99f1e44e0a76e9a912e15975305804f6b59c4cf7953"	"1441"	"RaiseAllDownKeys"	"host_key_up"	"direct-named-call"	"Cross-translation-unit second-degree candidate only; T299 does not inspect this callee body."
"MVDM-SECOND-CANDIDATE-000552"	"MVDM-FIRST-DEFINITION-000082"	"O:\repos.external\OpenNT"	"base/win32/client/vdm.c"	"3f03d0dbb08e0163f2d9cf415daad0981e42e1b1855f6f48a3b59022b7374173"	"1040"	"RegisterWowExec"	"CsrClientCallServer"	"direct-named-call"	"Cross-translation-unit second-degree candidate only; T299 does not inspect this callee body."
"MVDM-SECOND-CANDIDATE-000553"	"MVDM-FIRST-DEFINITION-000083"	"O:\repos.external\OpenNT-4.5"	"nt/private/windows/base/client/vdm.c"	"1e4de7f98a0756259986c1f62832dd84d42431de5a22c189d80c164155cc80ae"	"1040"	"RegisterWowExec"	"CsrClientCallServer"	"direct-named-call"	"Cross-translation-unit second-degree candidate only; T299 does not inspect this callee body."
"MVDM-SECOND-CANDIDATE-000554"	"MVDM-FIRST-DEFINITION-000084"	"O:\repos.external\OpenNT"	"base/mvdm/oemuni/file.c"	"a3184eb571d6822577b52849e2da3955689899ecc6dfd9df100ff3f3636be5df"	"735"	"RemoveDirectoryOem"	"NtCurrentTeb"	"direct-named-call"	"Cross-translation-unit second-degree candidate only; T299 does not inspect this callee body."
"MVDM-SECOND-CANDIDATE-000555"	"MVDM-FIRST-DEFINITION-000084"	"O:\repos.external\OpenNT"	"base/mvdm/oemuni/file.c"	"a3184eb571d6822577b52849e2da3955689899ecc6dfd9df100ff3f3636be5df"	"736"	"RemoveDirectoryOem"	"InitOemString"	"direct-named-call"	"Cross-translation-unit second-degree candidate only; T299 does not inspect this callee body."
"MVDM-SECOND-CANDIDATE-000556"	"MVDM-FIRST-DEFINITION-000084"	"O:\repos.external\OpenNT"	"base/mvdm/oemuni/file.c"	"a3184eb571d6822577b52849e2da3955689899ecc6dfd9df100ff3f3636be5df"	"737"	"RemoveDirectoryOem"	"RtlOemStringToUnicodeString"	"direct-named-call"	"Cross-translation-unit second-degree candidate only; T299 does not inspect this callee body."
"MVDM-SECOND-CANDIDATE-000557"	"MVDM-FIRST-DEFINITION-000084"	"O:\repos.external\OpenNT"	"base/mvdm/oemuni/file.c"	"a3184eb571d6822577b52849e2da3955689899ecc6dfd9df100ff3f3636be5df"	"740"	"RemoveDirectoryOem"	"SetLastError"	"direct-named-call"	"Cross-translation-unit second-degree candidate only; T299 does not inspect this callee body."
"MVDM-SECOND-CANDIDATE-000558"	"MVDM-FIRST-DEFINITION-000084"	"O:\repos.external\OpenNT"	"base/mvdm/oemuni/file.c"	"a3184eb571d6822577b52849e2da3955689899ecc6dfd9df100ff3f3636be5df"	"743"	"RemoveDirectoryOem"	"BaseSetLastNTError"	"direct-named-call"	"Cross-translation-unit second-degree candidate only; T299 does not inspect this callee body."
"MVDM-SECOND-CANDIDATE-000559"	"MVDM-FIRST-DEFINITION-000084"	"O:\repos.external\OpenNT"	"base/mvdm/oemuni/file.c"	"a3184eb571d6822577b52849e2da3955689899ecc6dfd9df100ff3f3636be5df"	"747"	"RemoveDirectoryOem"	"RemoveDirectoryW"	"direct-named-call"	"Cross-translation-unit second-degree candidate only; T299 does not inspect this callee body."
"MVDM-SECOND-CANDIDATE-000560"	"MVDM-FIRST-DEFINITION-000085"	"O:\repos.external\OpenNT-4.5"	"nt/private/ntos/w32/ntgdi/client/font.c"	"8c74be8f5336de7e204897241ba375ca63c481717a781c25ef8320bd7a59282d"	"2635"	"RemoveFontResourceEntry"	"_wcsicmp"	"direct-named-call"	"Cross-translation-unit second-degree candidate only; T299 does not inspect this callee body."
"MVDM-SECOND-CANDIDATE-000561"	"MVDM-FIRST-DEFINITION-000086"	"O:\repos.external\OpenNT"	"windows/core/ntgdi/client/font.c"	"8c74be8f5336de7e204897241ba375ca63c481717a781c25ef8320bd7a59282d"	"2635"	"RemoveFontResourceEntry"	"_wcsicmp"	"direct-named-call"	"Cross-translation-unit second-degree candidate only; T299 does not inspect this callee body."
"MVDM-SECOND-CANDIDATE-000562"	"MVDM-FIRST-DEFINITION-000087"	"O:\repos.external\OpenNT"	"base/mvdm/oemuni/file.c"	"a3184eb571d6822577b52849e2da3955689899ecc6dfd9df100ff3f3636be5df"	"1125"	"RemoveFontResourceOem"	"NtCurrentTeb"	"direct-named-call"	"Cross-translation-unit second-degree candidate only; T299 does not inspect this callee body."
"MVDM-SECOND-CANDIDATE-000563"	"MVDM-FIRST-DEFINITION-000087"	"O:\repos.external\OpenNT"	"base/mvdm/oemuni/file.c"	"a3184eb571d6822577b52849e2da3955689899ecc6dfd9df100ff3f3636be5df"	"1126"	"RemoveFontResourceOem"	"InitOemString"	"direct-named-call"	"Cross-translation-unit second-degree candidate only; T299 does not inspect this callee body."
"MVDM-SECOND-CANDIDATE-000564"	"MVDM-FIRST-DEFINITION-000087"	"O:\repos.external\OpenNT"	"base/mvdm/oemuni/file.c"	"a3184eb571d6822577b52849e2da3955689899ecc6dfd9df100ff3f3636be5df"	"1127"	"RemoveFontResourceOem"	"RtlOemStringToUnicodeString"	"direct-named-call"	"Cross-translation-unit second-degree candidate only; T299 does not inspect this callee body."
"MVDM-SECOND-CANDIDATE-000565"	"MVDM-FIRST-DEFINITION-000087"	"O:\repos.external\OpenNT"	"base/mvdm/oemuni/file.c"	"a3184eb571d6822577b52849e2da3955689899ecc6dfd9df100ff3f3636be5df"	"1130"	"RemoveFontResourceOem"	"SetLastError"	"direct-named-call"	"Cross-translation-unit second-degree candidate only; T299 does not inspect this callee body."
"MVDM-SECOND-CANDIDATE-000566"	"MVDM-FIRST-DEFINITION-000087"	"O:\repos.external\OpenNT"	"base/mvdm/oemuni/file.c"	"a3184eb571d6822577b52849e2da3955689899ecc6dfd9df100ff3f3636be5df"	"1133"	"RemoveFontResourceOem"	"BaseSetLastNTError"	"direct-named-call"	"Cross-translation-unit second-degree candidate only; T299 does not inspect this callee body."
"MVDM-SECOND-CANDIDATE-000567"	"MVDM-FIRST-DEFINITION-000088"	"O:\repos.external\OpenNT-4.5"	"nt/private/ntos/w32/ntgdi/client/font.c"	"8c74be8f5336de7e204897241ba375ca63c481717a781c25ef8320bd7a59282d"	"2704"	"RemoveFontResourceTracking"	"vToUnicodeN"	"direct-named-call"	"Cross-translation-unit second-degree candidate only; T299 does not inspect this callee body."
"MVDM-SECOND-CANDIDATE-000568"	"MVDM-FIRST-DEFINITION-000088"	"O:\repos.external\OpenNT-4.5"	"nt/private/ntos/w32/ntgdi/client/font.c"	"8c74be8f5336de7e204897241ba375ca63c481717a781c25ef8320bd7a59282d"	"2704"	"RemoveFontResourceTracking"	"lstrlenA"	"direct-named-call"	"Cross-translation-unit second-degree candidate only; T299 does not inspect this callee body."
"MVDM-SECOND-CANDIDATE-000569"	"MVDM-FIRST-DEFINITION-000088"	"O:\repos.external\OpenNT-4.5"	"nt/private/ntos/w32/ntgdi/client/font.c"	"8c74be8f5336de7e204897241ba375ca63c481717a781c25ef8320bd7a59282d"	"2707"	"RemoveFontResourceTracking"	"DbgPrint"	"direct-named-call"	"Cross-translation-unit second-degree candidate only; T299 does not inspect this callee body."
"MVDM-SECOND-CANDIDATE-000570"	"MVDM-FIRST-DEFINITION-000088"	"O:\repos.external\OpenNT-4.5"	"nt/private/ntos/w32/ntgdi/client/font.c"	"8c74be8f5336de7e204897241ba375ca63c481717a781c25ef8320bd7a59282d"	"2727"	"RemoveFontResourceTracking"	"DbgPrint"	"direct-named-call"	"Cross-translation-unit second-degree candidate only; T299 does not inspect this callee body."
"MVDM-SECOND-CANDIDATE-000571"	"MVDM-FIRST-DEFINITION-000089"	"O:\repos.external\OpenNT"	"windows/core/ntgdi/client/font.c"	"8c74be8f5336de7e204897241ba375ca63c481717a781c25ef8320bd7a59282d"	"2704"	"RemoveFontResourceTracking"	"vToUnicodeN"	"direct-named-call"	"Cross-translation-unit second-degree candidate only; T299 does not inspect this callee body."
"MVDM-SECOND-CANDIDATE-000572"	"MVDM-FIRST-DEFINITION-000089"	"O:\repos.external\OpenNT"	"windows/core/ntgdi/client/font.c"	"8c74be8f5336de7e204897241ba375ca63c481717a781c25ef8320bd7a59282d"	"2704"	"RemoveFontResourceTracking"	"lstrlenA"	"direct-named-call"	"Cross-translation-unit second-degree candidate only; T299 does not inspect this callee body."
"MVDM-SECOND-CANDIDATE-000573"	"MVDM-FIRST-DEFINITION-000089"	"O:\repos.external\OpenNT"	"windows/core/ntgdi/client/font.c"	"8c74be8f5336de7e204897241ba375ca63c481717a781c25ef8320bd7a59282d"	"2707"	"RemoveFontResourceTracking"	"DbgPrint"	"direct-named-call"	"Cross-translation-unit second-degree candidate only; T299 does not inspect this callee body."
"MVDM-SECOND-CANDIDATE-000574"	"MVDM-FIRST-DEFINITION-000089"	"O:\repos.external\OpenNT"	"windows/core/ntgdi/client/font.c"	"8c74be8f5336de7e204897241ba375ca63c481717a781c25ef8320bd7a59282d"	"2727"	"RemoveFontResourceTracking"	"DbgPrint"	"direct-named-call"	"Cross-translation-unit second-degree candidate only; T299 does not inspect this callee body."
"MVDM-SECOND-CANDIDATE-000575"	"MVDM-FIRST-DEFINITION-000090"	"O:\repos.external\OpenNT-4.5"	"nt/private/ntos/w32/ntgdi/client/font.c"	"8c74be8f5336de7e204897241ba375ca63c481717a781c25ef8320bd7a59282d"	"2830"	"RemoveFontResourceW"	"NtGdiRemoveFontResourceW"	"direct-named-call"	"Cross-translation-unit second-degree candidate only; T299 does not inspect this callee body."
"MVDM-SECOND-CANDIDATE-000576"	"MVDM-FIRST-DEFINITION-000091"	"O:\repos.external\OpenNT"	"windows/core/ntgdi/client/font.c"	"8c74be8f5336de7e204897241ba375ca63c481717a781c25ef8320bd7a59282d"	"2830"	"RemoveFontResourceW"	"NtGdiRemoveFontResourceW"	"direct-named-call"	"Cross-translation-unit second-degree candidate only; T299 does not inspect this callee body."
"MVDM-SECOND-CANDIDATE-000577"	"MVDM-FIRST-DEFINITION-000092"	"O:\repos.external\OpenNT"	"base/mvdm/softpc.new/base/keymouse/keyba.c"	"d3326210be154866924ca99f1e44e0a76e9a912e15975305804f6b59c4cf7953"	"1126"	"Reset6805and8042"	"clear_buff_6805"	"direct-named-call"	"Cross-translation-unit second-degree candidate only; T299 does not inspect this callee body."
"MVDM-SECOND-CANDIDATE-000578"	"MVDM-FIRST-DEFINITION-000093"	"O:\repos.external\OpenNT"	"base/mvdm/suballoc/suballoc.c"	"b06496e16d551f2bbac37d896b61857c6569eda8c98fb3d26dbf574e594148e0"	"333"	"SAAllocate"	"sprintf"	"direct-named-call"	"Cross-translation-unit second-degree candidate only; T299 does not inspect this callee body."
"MVDM-SECOND-CANDIDATE-000579"	"MVDM-FIRST-DEFINITION-000093"	"O:\repos.external\OpenNT"	"base/mvdm/suballoc/suballoc.c"	"b06496e16d551f2bbac37d896b61857c6569eda8c98fb3d26dbf574e594148e0"	"334"	"SAAllocate"	"OutputDebugString"	"direct-named-call"	"Cross-translation-unit second-degree candidate only; T299 does not inspect this callee body."
"MVDM-SECOND-CANDIDATE-000580"	"MVDM-FIRST-DEFINITION-000095"	"O:\repos.external\OpenNT"	"base/mvdm/suballoc/suballoc.c"	"b06496e16d551f2bbac37d896b61857c6569eda8c98fb3d26dbf574e594148e0"	"85"	"SAInitialize"	"malloc"	"direct-named-call"	"Cross-translation-unit second-degree candidate only; T299 does not inspect this callee body."
"MVDM-SECOND-CANDIDATE-000581"	"MVDM-FIRST-DEFINITION-000095"	"O:\repos.external\OpenNT"	"base/mvdm/suballoc/suballoc.c"	"b06496e16d551f2bbac37d896b61857c6569eda8c98fb3d26dbf574e594148e0"	"94"	"SAInitialize"	"RtlZeroMemory"	"direct-named-call"	"Cross-translation-unit second-degree candidate only; T299 does not inspect this callee body."
"MVDM-SECOND-CANDIDATE-000582"	"MVDM-FIRST-DEFINITION-000097"	"O:\repos.external\OpenNT"	"base/mvdm/suballoc/suballoc.c"	"b06496e16d551f2bbac37d896b61857c6569eda8c98fb3d26dbf574e594148e0"	"558"	"SAReallocate"	"MoveMemRoutine"	"direct-named-call"	"Cross-translation-unit second-degree candidate only; T299 does not inspect this callee body."
"MVDM-SECOND-CANDIDATE-000583"	"MVDM-FIRST-DEFINITION-000097"	"O:\repos.external\OpenNT"	"base/mvdm/suballoc/suballoc.c"	"b06496e16d551f2bbac37d896b61857c6569eda8c98fb3d26dbf574e594148e0"	"591"	"SAReallocate"	"MoveMemRoutine"	"direct-named-call"	"Cross-translation-unit second-degree candidate only; T299 does not inspect this callee body."
"MVDM-SECOND-CANDIDATE-000584"	"MVDM-FIRST-DEFINITION-000098"	"O:\repos.external\OpenNT"	"base/mvdm/oemuni/process.c"	"38c9125f9f3c43f32f696616e565e63b8f056da7ec264d980a5e5278cc640468"	"154"	"SearchPathOem"	"NtCurrentTeb"	"direct-named-call"	"Cross-translation-unit second-degree candidate only; T299 does not inspect this callee body."
"MVDM-SECOND-CANDIDATE-000585"	"MVDM-FIRST-DEFINITION-000098"	"O:\repos.external\OpenNT"	"base/mvdm/oemuni/process.c"	"38c9125f9f3c43f32f696616e565e63b8f056da7ec264d980a5e5278cc640468"	"155"	"SearchPathOem"	"InitOemString"	"direct-named-call"	"Cross-translation-unit second-degree candidate only; T299 does not inspect this callee body."
"MVDM-SECOND-CANDIDATE-000586"	"MVDM-FIRST-DEFINITION-000098"	"O:\repos.external\OpenNT"	"base/mvdm/oemuni/process.c"	"38c9125f9f3c43f32f696616e565e63b8f056da7ec264d980a5e5278cc640468"	"157"	"SearchPathOem"	"RtlOemStringToUnicodeString"	"direct-named-call"	"Cross-translation-unit second-degree candidate only; T299 does not inspect this callee body."
"MVDM-SECOND-CANDIDATE-000587"	"MVDM-FIRST-DEFINITION-000098"	"O:\repos.external\OpenNT"	"base/mvdm/oemuni/process.c"	"38c9125f9f3c43f32f696616e565e63b8f056da7ec264d980a5e5278cc640468"	"160"	"SearchPathOem"	"SetLastError"	"direct-named-call"	"Cross-translation-unit second-degree candidate only; T299 does not inspect this callee body."
"MVDM-SECOND-CANDIDATE-000588"	"MVDM-FIRST-DEFINITION-000098"	"O:\repos.external\OpenNT"	"base/mvdm/oemuni/process.c"	"38c9125f9f3c43f32f696616e565e63b8f056da7ec264d980a5e5278cc640468"	"163"	"SearchPathOem"	"BaseSetLastNTError"	"direct-named-call"	"Cross-translation-unit second-degree candidate only; T299 does not inspect this callee body."
"MVDM-SECOND-CANDIDATE-000589"	"MVDM-FIRST-DEFINITION-000098"	"O:\repos.external\OpenNT"	"base/mvdm/oemuni/process.c"	"38c9125f9f3c43f32f696616e565e63b8f056da7ec264d980a5e5278cc640468"	"169"	"SearchPathOem"	"InitOemString"	"direct-named-call"	"Cross-translation-unit second-degree candidate only; T299 does not inspect this callee body."
"MVDM-SECOND-CANDIDATE-000590"	"MVDM-FIRST-DEFINITION-000098"	"O:\repos.external\OpenNT"	"base/mvdm/oemuni/process.c"	"38c9125f9f3c43f32f696616e565e63b8f056da7ec264d980a5e5278cc640468"	"170"	"SearchPathOem"	"RtlOemStringToUnicodeString"	"direct-named-call"	"Cross-translation-unit second-degree candidate only; T299 does not inspect this callee body."
"MVDM-SECOND-CANDIDATE-000591"	"MVDM-FIRST-DEFINITION-000098"	"O:\repos.external\OpenNT"	"base/mvdm/oemuni/process.c"	"38c9125f9f3c43f32f696616e565e63b8f056da7ec264d980a5e5278cc640468"	"172"	"SearchPathOem"	"BaseSetLastNTError"	"direct-named-call"	"Cross-translation-unit second-degree candidate only; T299 does not inspect this callee body."
"MVDM-SECOND-CANDIDATE-000592"	"MVDM-FIRST-DEFINITION-000098"	"O:\repos.external\OpenNT"	"base/mvdm/oemuni/process.c"	"38c9125f9f3c43f32f696616e565e63b8f056da7ec264d980a5e5278cc640468"	"181"	"SearchPathOem"	"InitOemString"	"direct-named-call"	"Cross-translation-unit second-degree candidate only; T299 does not inspect this callee body."
"MVDM-SECOND-CANDIDATE-000593"	"MVDM-FIRST-DEFINITION-000098"	"O:\repos.external\OpenNT"	"base/mvdm/oemuni/process.c"	"38c9125f9f3c43f32f696616e565e63b8f056da7ec264d980a5e5278cc640468"	"182"	"SearchPathOem"	"RtlOemStringToUnicodeString"	"direct-named-call"	"Cross-translation-unit second-degree candidate only; T299 does not inspect this callee body."
"MVDM-SECOND-CANDIDATE-000594"	"MVDM-FIRST-DEFINITION-000098"	"O:\repos.external\OpenNT"	"base/mvdm/oemuni/process.c"	"38c9125f9f3c43f32f696616e565e63b8f056da7ec264d980a5e5278cc640468"	"185"	"SearchPathOem"	"RtlFreeUnicodeString"	"direct-named-call"	"Cross-translation-unit second-degree candidate only; T299 does not inspect this callee body."
"MVDM-SECOND-CANDIDATE-000595"	"MVDM-FIRST-DEFINITION-000098"	"O:\repos.external\OpenNT"	"base/mvdm/oemuni/process.c"	"38c9125f9f3c43f32f696616e565e63b8f056da7ec264d980a5e5278cc640468"	"187"	"SearchPathOem"	"BaseSetLastNTError"	"direct-named-call"	"Cross-translation-unit second-degree candidate only; T299 does not inspect this callee body."
"MVDM-SECOND-CANDIDATE-000596"	"MVDM-FIRST-DEFINITION-000098"	"O:\repos.external\OpenNT"	"base/mvdm/oemuni/process.c"	"38c9125f9f3c43f32f696616e565e63b8f056da7ec264d980a5e5278cc640468"	"195"	"SearchPathOem"	"RtlAllocateHeap"	"direct-named-call"	"Cross-translation-unit second-degree candidate only; T299 does not inspect this callee body."
"MVDM-SECOND-CANDIDATE-000597"	"MVDM-FIRST-DEFINITION-000098"	"O:\repos.external\OpenNT"	"base/mvdm/oemuni/process.c"	"38c9125f9f3c43f32f696616e565e63b8f056da7ec264d980a5e5278cc640468"	"195"	"SearchPathOem"	"RtlProcessHeap"	"direct-named-call"	"Cross-translation-unit second-degree candidate only; T299 does not inspect this callee body."
"MVDM-SECOND-CANDIDATE-000598"	"MVDM-FIRST-DEFINITION-000098"	"O:\repos.external\OpenNT"	"base/mvdm/oemuni/process.c"	"38c9125f9f3c43f32f696616e565e63b8f056da7ec264d980a5e5278cc640468"	"197"	"SearchPathOem"	"BaseSetLastNTError"	"direct-named-call"	"Cross-translation-unit second-degree candidate only; T299 does not inspect this callee body."
"MVDM-SECOND-CANDIDATE-000599"	"MVDM-FIRST-DEFINITION-000098"	"O:\repos.external\OpenNT"	"base/mvdm/oemuni/process.c"	"38c9125f9f3c43f32f696616e565e63b8f056da7ec264d980a5e5278cc640468"	"200"	"SearchPathOem"	"SearchPathW"	"direct-named-call"	"Cross-translation-unit second-degree candidate only; T299 does not inspect this callee body."
"MVDM-SECOND-CANDIDATE-000600"	"MVDM-FIRST-DEFINITION-000098"	"O:\repos.external\OpenNT"	"base/mvdm/oemuni/process.c"	"38c9125f9f3c43f32f696616e565e63b8f056da7ec264d980a5e5278cc640468"	"209"	"SearchPathOem"	"RtlInitUnicodeString"	"direct-named-call"	"Cross-translation-unit second-degree candidate only; T299 does not inspect this callee body."
"MVDM-SECOND-CANDIDATE-000601"	"MVDM-FIRST-DEFINITION-000098"	"O:\repos.external\OpenNT"	"base/mvdm/oemuni/process.c"	"38c9125f9f3c43f32f696616e565e63b8f056da7ec264d980a5e5278cc640468"	"212"	"SearchPathOem"	"RtlUnicodeStringToOemString"	"direct-named-call"	"Cross-translation-unit second-degree candidate only; T299 does not inspect this callee body."
"MVDM-SECOND-CANDIDATE-000602"	"MVDM-FIRST-DEFINITION-000098"	"O:\repos.external\OpenNT"	"base/mvdm/oemuni/process.c"	"38c9125f9f3c43f32f696616e565e63b8f056da7ec264d980a5e5278cc640468"	"214"	"SearchPathOem"	"BaseSetLastNTError"	"direct-named-call"	"Cross-translation-unit second-degree candidate only; T299 does not inspect this callee body."
"MVDM-SECOND-CANDIDATE-000603"	"MVDM-FIRST-DEFINITION-000098"	"O:\repos.external\OpenNT"	"base/mvdm/oemuni/process.c"	"38c9125f9f3c43f32f696616e565e63b8f056da7ec264d980a5e5278cc640468"	"230"	"SearchPathOem"	"RtlFreeHeap"	"direct-named-call"	"Cross-translation-unit second-degree candidate only; T299 does not inspect this callee body."
"MVDM-SECOND-CANDIDATE-000604"	"MVDM-FIRST-DEFINITION-000098"	"O:\repos.external\OpenNT"	"base/mvdm/oemuni/process.c"	"38c9125f9f3c43f32f696616e565e63b8f056da7ec264d980a5e5278cc640468"	"230"	"SearchPathOem"	"RtlProcessHeap"	"direct-named-call"	"Cross-translation-unit second-degree candidate only; T299 does not inspect this callee body."
"MVDM-SECOND-CANDIDATE-000605"	"MVDM-FIRST-DEFINITION-000098"	"O:\repos.external\OpenNT"	"base/mvdm/oemuni/process.c"	"38c9125f9f3c43f32f696616e565e63b8f056da7ec264d980a5e5278cc640468"	"233"	"SearchPathOem"	"RtlFreeUnicodeString"	"direct-named-call"	"Cross-translation-unit second-degree candidate only; T299 does not inspect this callee body."
"MVDM-SECOND-CANDIDATE-000606"	"MVDM-FIRST-DEFINITION-000098"	"O:\repos.external\OpenNT"	"base/mvdm/oemuni/process.c"	"38c9125f9f3c43f32f696616e565e63b8f056da7ec264d980a5e5278cc640468"	"237"	"SearchPathOem"	"RtlFreeUnicodeString"	"direct-named-call"	"Cross-translation-unit second-degree candidate only; T299 does not inspect this callee body."
"MVDM-SECOND-CANDIDATE-000607"	"MVDM-FIRST-DEFINITION-000099"	"O:\repos.external\OpenNT"	"base/mvdm/oemuni/file.c"	"a3184eb571d6822577b52849e2da3955689899ecc6dfd9df100ff3f3636be5df"	"653"	"SetCurrentDirectoryOem"	"NtCurrentTeb"	"direct-named-call"	"Cross-translation-unit second-degree candidate only; T299 does not inspect this callee body."
"MVDM-SECOND-CANDIDATE-000608"	"MVDM-FIRST-DEFINITION-000099"	"O:\repos.external\OpenNT"	"base/mvdm/oemuni/file.c"	"a3184eb571d6822577b52849e2da3955689899ecc6dfd9df100ff3f3636be5df"	"654"	"SetCurrentDirectoryOem"	"InitOemString"	"direct-named-call"	"Cross-translation-unit second-degree candidate only; T299 does not inspect this callee body."
"MVDM-SECOND-CANDIDATE-000609"	"MVDM-FIRST-DEFINITION-000099"	"O:\repos.external\OpenNT"	"base/mvdm/oemuni/file.c"	"a3184eb571d6822577b52849e2da3955689899ecc6dfd9df100ff3f3636be5df"	"655"	"SetCurrentDirectoryOem"	"RtlOemStringToUnicodeString"	"direct-named-call"	"Cross-translation-unit second-degree candidate only; T299 does not inspect this callee body."
"MVDM-SECOND-CANDIDATE-000610"	"MVDM-FIRST-DEFINITION-000099"	"O:\repos.external\OpenNT"	"base/mvdm/oemuni/file.c"	"a3184eb571d6822577b52849e2da3955689899ecc6dfd9df100ff3f3636be5df"	"658"	"SetCurrentDirectoryOem"	"SetLastError"	"direct-named-call"	"Cross-translation-unit second-degree candidate only; T299 does not inspect this callee body."
"MVDM-SECOND-CANDIDATE-000611"	"MVDM-FIRST-DEFINITION-000099"	"O:\repos.external\OpenNT"	"base/mvdm/oemuni/file.c"	"a3184eb571d6822577b52849e2da3955689899ecc6dfd9df100ff3f3636be5df"	"661"	"SetCurrentDirectoryOem"	"BaseSetLastNTError"	"direct-named-call"	"Cross-translation-unit second-degree candidate only; T299 does not inspect this callee body."
"MVDM-SECOND-CANDIDATE-000612"	"MVDM-FIRST-DEFINITION-000099"	"O:\repos.external\OpenNT"	"base/mvdm/oemuni/file.c"	"a3184eb571d6822577b52849e2da3955689899ecc6dfd9df100ff3f3636be5df"	"667"	"SetCurrentDirectoryOem"	"RtlSetCurrentDirectory_U"	"direct-named-call"	"Cross-translation-unit second-degree candidate only; T299 does not inspect this callee body."
"MVDM-SECOND-CANDIDATE-000613"	"MVDM-FIRST-DEFINITION-000099"	"O:\repos.external\OpenNT"	"base/mvdm/oemuni/file.c"	"a3184eb571d6822577b52849e2da3955689899ecc6dfd9df100ff3f3636be5df"	"669"	"SetCurrentDirectoryOem"	"BaseSetLastNTError"	"direct-named-call"	"Cross-translation-unit second-degree candidate only; T299 does not inspect this callee body."
"MVDM-SECOND-CANDIDATE-000614"	"MVDM-FIRST-DEFINITION-000100"	"O:\repos.external\OpenNT"	"base/mvdm/oemuni/process.c"	"38c9125f9f3c43f32f696616e565e63b8f056da7ec264d980a5e5278cc640468"	"683"	"SetEnvironmentVariableOem"	"InitOemString"	"direct-named-call"	"Cross-translation-unit second-degree candidate only; T299 does not inspect this callee body."
"MVDM-SECOND-CANDIDATE-000615"	"MVDM-FIRST-DEFINITION-000100"	"O:\repos.external\OpenNT"	"base/mvdm/oemuni/process.c"	"38c9125f9f3c43f32f696616e565e63b8f056da7ec264d980a5e5278cc640468"	"684"	"SetEnvironmentVariableOem"	"RtlOemStringToUnicodeString"	"direct-named-call"	"Cross-translation-unit second-degree candidate only; T299 does not inspect this callee body."
"MVDM-SECOND-CANDIDATE-000616"	"MVDM-FIRST-DEFINITION-000100"	"O:\repos.external\OpenNT"	"base/mvdm/oemuni/process.c"	"38c9125f9f3c43f32f696616e565e63b8f056da7ec264d980a5e5278cc640468"	"687"	"SetEnvironmentVariableOem"	"SetLastError"	"direct-named-call"	"Cross-translation-unit second-degree candidate only; T299 does not inspect this callee body."
"MVDM-SECOND-CANDIDATE-000617"	"MVDM-FIRST-DEFINITION-000100"	"O:\repos.external\OpenNT"	"base/mvdm/oemuni/process.c"	"38c9125f9f3c43f32f696616e565e63b8f056da7ec264d980a5e5278cc640468"	"690"	"SetEnvironmentVariableOem"	"BaseSetLastNTError"	"direct-named-call"	"Cross-translation-unit second-degree candidate only; T299 does not inspect this callee body."
"MVDM-SECOND-CANDIDATE-000618"	"MVDM-FIRST-DEFINITION-000100"	"O:\repos.external\OpenNT"	"base/mvdm/oemuni/process.c"	"38c9125f9f3c43f32f696616e565e63b8f056da7ec264d980a5e5278cc640468"	"695"	"SetEnvironmentVariableOem"	"RtlUnicodeStringToAnsiString"	"direct-named-call"	"Cross-translation-unit second-degree candidate only; T299 does not inspect this callee body."
"MVDM-SECOND-CANDIDATE-000619"	"MVDM-FIRST-DEFINITION-000100"	"O:\repos.external\OpenNT"	"base/mvdm/oemuni/process.c"	"38c9125f9f3c43f32f696616e565e63b8f056da7ec264d980a5e5278cc640468"	"697"	"SetEnvironmentVariableOem"	"BaseSetLastNTError"	"direct-named-call"	"Cross-translation-unit second-degree candidate only; T299 does not inspect this callee body."
"MVDM-SECOND-CANDIDATE-000620"	"MVDM-FIRST-DEFINITION-000100"	"O:\repos.external\OpenNT"	"base/mvdm/oemuni/process.c"	"38c9125f9f3c43f32f696616e565e63b8f056da7ec264d980a5e5278cc640468"	"700"	"SetEnvironmentVariableOem"	"RtlFreeUnicodeString"	"direct-named-call"	"Cross-translation-unit second-degree candidate only; T299 does not inspect this callee body."
"MVDM-SECOND-CANDIDATE-000621"	"MVDM-FIRST-DEFINITION-000100"	"O:\repos.external\OpenNT"	"base/mvdm/oemuni/process.c"	"38c9125f9f3c43f32f696616e565e63b8f056da7ec264d980a5e5278cc640468"	"704"	"SetEnvironmentVariableOem"	"InitOemString"	"direct-named-call"	"Cross-translation-unit second-degree candidate only; T299 does not inspect this callee body."
"MVDM-SECOND-CANDIDATE-000622"	"MVDM-FIRST-DEFINITION-000100"	"O:\repos.external\OpenNT"	"base/mvdm/oemuni/process.c"	"38c9125f9f3c43f32f696616e565e63b8f056da7ec264d980a5e5278cc640468"	"705"	"SetEnvironmentVariableOem"	"RtlOemStringToUnicodeString"	"direct-named-call"	"Cross-translation-unit second-degree candidate only; T299 does not inspect this callee body."
"MVDM-SECOND-CANDIDATE-000623"	"MVDM-FIRST-DEFINITION-000100"	"O:\repos.external\OpenNT"	"base/mvdm/oemuni/process.c"	"38c9125f9f3c43f32f696616e565e63b8f056da7ec264d980a5e5278cc640468"	"708"	"SetEnvironmentVariableOem"	"SetLastError"	"direct-named-call"	"Cross-translation-unit second-degree candidate only; T299 does not inspect this callee body."
"MVDM-SECOND-CANDIDATE-000624"	"MVDM-FIRST-DEFINITION-000100"	"O:\repos.external\OpenNT"	"base/mvdm/oemuni/process.c"	"38c9125f9f3c43f32f696616e565e63b8f056da7ec264d980a5e5278cc640468"	"711"	"SetEnvironmentVariableOem"	"BaseSetLastNTError"	"direct-named-call"	"Cross-translation-unit second-degree candidate only; T299 does not inspect this callee body."
"MVDM-SECOND-CANDIDATE-000625"	"MVDM-FIRST-DEFINITION-000100"	"O:\repos.external\OpenNT"	"base/mvdm/oemuni/process.c"	"38c9125f9f3c43f32f696616e565e63b8f056da7ec264d980a5e5278cc640468"	"716"	"SetEnvironmentVariableOem"	"RtlUnicodeStringToAnsiString"	"direct-named-call"	"Cross-translation-unit second-degree candidate only; T299 does not inspect this callee body."
"MVDM-SECOND-CANDIDATE-000626"	"MVDM-FIRST-DEFINITION-000100"	"O:\repos.external\OpenNT"	"base/mvdm/oemuni/process.c"	"38c9125f9f3c43f32f696616e565e63b8f056da7ec264d980a5e5278cc640468"	"718"	"SetEnvironmentVariableOem"	"BaseSetLastNTError"	"direct-named-call"	"Cross-translation-unit second-degree candidate only; T299 does not inspect this callee body."
"MVDM-SECOND-CANDIDATE-000627"	"MVDM-FIRST-DEFINITION-000100"	"O:\repos.external\OpenNT"	"base/mvdm/oemuni/process.c"	"38c9125f9f3c43f32f696616e565e63b8f056da7ec264d980a5e5278cc640468"	"724"	"SetEnvironmentVariableOem"	"SetEnvironmentVariableA"	"direct-named-call"	"Cross-translation-unit second-degree candidate only; T299 does not inspect this callee body."
"MVDM-SECOND-CANDIDATE-000628"	"MVDM-FIRST-DEFINITION-000100"	"O:\repos.external\OpenNT"	"base/mvdm/oemuni/process.c"	"38c9125f9f3c43f32f696616e565e63b8f056da7ec264d980a5e5278cc640468"	"731"	"SetEnvironmentVariableOem"	"RtlFreeUnicodeString"	"direct-named-call"	"Cross-translation-unit second-degree candidate only; T299 does not inspect this callee body."
"MVDM-SECOND-CANDIDATE-000629"	"MVDM-FIRST-DEFINITION-000100"	"O:\repos.external\OpenNT"	"base/mvdm/oemuni/process.c"	"38c9125f9f3c43f32f696616e565e63b8f056da7ec264d980a5e5278cc640468"	"735"	"SetEnvironmentVariableOem"	"RtlFreeAnsiString"	"direct-named-call"	"Cross-translation-unit second-degree candidate only; T299 does not inspect this callee body."
"MVDM-SECOND-CANDIDATE-000630"	"MVDM-FIRST-DEFINITION-000100"	"O:\repos.external\OpenNT"	"base/mvdm/oemuni/process.c"	"38c9125f9f3c43f32f696616e565e63b8f056da7ec264d980a5e5278cc640468"	"739"	"SetEnvironmentVariableOem"	"RtlFreeAnsiString"	"direct-named-call"	"Cross-translation-unit second-degree candidate only; T299 does not inspect this callee body."
"MVDM-SECOND-CANDIDATE-000631"	"MVDM-FIRST-DEFINITION-000101"	"O:\repos.external\OpenNT"	"base/mvdm/oemuni/file.c"	"a3184eb571d6822577b52849e2da3955689899ecc6dfd9df100ff3f3636be5df"	"159"	"SetFileAttributesOem"	"NtCurrentTeb"	"direct-named-call"	"Cross-translation-unit second-degree candidate only; T299 does not inspect this callee body."
"MVDM-SECOND-CANDIDATE-000632"	"MVDM-FIRST-DEFINITION-000101"	"O:\repos.external\OpenNT"	"base/mvdm/oemuni/file.c"	"a3184eb571d6822577b52849e2da3955689899ecc6dfd9df100ff3f3636be5df"	"160"	"SetFileAttributesOem"	"InitOemString"	"direct-named-call"	"Cross-translation-unit second-degree candidate only; T299 does not inspect this callee body."
"MVDM-SECOND-CANDIDATE-000633"	"MVDM-FIRST-DEFINITION-000101"	"O:\repos.external\OpenNT"	"base/mvdm/oemuni/file.c"	"a3184eb571d6822577b52849e2da3955689899ecc6dfd9df100ff3f3636be5df"	"161"	"SetFileAttributesOem"	"RtlOemStringToUnicodeString"	"direct-named-call"	"Cross-translation-unit second-degree candidate only; T299 does not inspect this callee body."
"MVDM-SECOND-CANDIDATE-000634"	"MVDM-FIRST-DEFINITION-000101"	"O:\repos.external\OpenNT"	"base/mvdm/oemuni/file.c"	"a3184eb571d6822577b52849e2da3955689899ecc6dfd9df100ff3f3636be5df"	"164"	"SetFileAttributesOem"	"SetLastError"	"direct-named-call"	"Cross-translation-unit second-degree candidate only; T299 does not inspect this callee body."
"MVDM-SECOND-CANDIDATE-000635"	"MVDM-FIRST-DEFINITION-000101"	"O:\repos.external\OpenNT"	"base/mvdm/oemuni/file.c"	"a3184eb571d6822577b52849e2da3955689899ecc6dfd9df100ff3f3636be5df"	"167"	"SetFileAttributesOem"	"BaseSetLastNTError"	"direct-named-call"	"Cross-translation-unit second-degree candidate only; T299 does not inspect this callee body."
"MVDM-SECOND-CANDIDATE-000636"	"MVDM-FIRST-DEFINITION-000101"	"O:\repos.external\OpenNT"	"base/mvdm/oemuni/file.c"	"a3184eb571d6822577b52849e2da3955689899ecc6dfd9df100ff3f3636be5df"	"171"	"SetFileAttributesOem"	"SetFileAttributesW"	"direct-named-call"	"Cross-translation-unit second-degree candidate only; T299 does not inspect this callee body."
"MVDM-SECOND-CANDIDATE-000637"	"MVDM-FIRST-DEFINITION-000104"	"O:\repos.external\OpenNT"	"base/win32/client/vdm.c"	"3f03d0dbb08e0163f2d9cf415daad0981e42e1b1855f6f48a3b59022b7374173"	"814"	"SetVDMCurrentDirectories"	"NtCurrentPeb"	"direct-named-call"	"Cross-translation-unit second-degree candidate only; T299 does not inspect this callee body."
"MVDM-SECOND-CANDIDATE-000638"	"MVDM-FIRST-DEFINITION-000104"	"O:\repos.external\OpenNT"	"base/win32/client/vdm.c"	"3f03d0dbb08e0163f2d9cf415daad0981e42e1b1855f6f48a3b59022b7374173"	"817"	"SetVDMCurrentDirectories"	"BaseSetLastNTError"	"direct-named-call"	"Cross-translation-unit second-degree candidate only; T299 does not inspect this callee body."
"MVDM-SECOND-CANDIDATE-000639"	"MVDM-FIRST-DEFINITION-000104"	"O:\repos.external\OpenNT"	"base/win32/client/vdm.c"	"3f03d0dbb08e0163f2d9cf415daad0981e42e1b1855f6f48a3b59022b7374173"	"823"	"SetVDMCurrentDirectories"	"CsrAllocateCaptureBuffer"	"direct-named-call"	"Cross-translation-unit second-degree candidate only; T299 does not inspect this callee body."
"MVDM-SECOND-CANDIDATE-000640"	"MVDM-FIRST-DEFINITION-000104"	"O:\repos.external\OpenNT"	"base/win32/client/vdm.c"	"3f03d0dbb08e0163f2d9cf415daad0981e42e1b1855f6f48a3b59022b7374173"	"825"	"SetVDMCurrentDirectories"	"BaseSetLastNTError"	"direct-named-call"	"Cross-translation-unit second-degree candidate only; T299 does not inspect this callee body."
"MVDM-SECOND-CANDIDATE-000641"	"MVDM-FIRST-DEFINITION-000104"	"O:\repos.external\OpenNT"	"base/win32/client/vdm.c"	"3f03d0dbb08e0163f2d9cf415daad0981e42e1b1855f6f48a3b59022b7374173"	"829"	"SetVDMCurrentDirectories"	"CsrAllocateMessagePointer"	"direct-named-call"	"Cross-translation-unit second-degree candidate only; T299 does not inspect this callee body."
"MVDM-SECOND-CANDIDATE-000642"	"MVDM-FIRST-DEFINITION-000104"	"O:\repos.external\OpenNT"	"base/win32/client/vdm.c"	"3f03d0dbb08e0163f2d9cf415daad0981e42e1b1855f6f48a3b59022b7374173"	"836"	"SetVDMCurrentDirectories"	"RtlMoveMemory"	"direct-named-call"	"Cross-translation-unit second-degree candidate only; T299 does not inspect this callee body."
"MVDM-SECOND-CANDIDATE-000643"	"MVDM-FIRST-DEFINITION-000104"	"O:\repos.external\OpenNT"	"base/win32/client/vdm.c"	"3f03d0dbb08e0163f2d9cf415daad0981e42e1b1855f6f48a3b59022b7374173"	"839"	"SetVDMCurrentDirectories"	"BaseSetLastNTError"	"direct-named-call"	"Cross-translation-unit second-degree candidate only; T299 does not inspect this callee body."
"MVDM-SECOND-CANDIDATE-000644"	"MVDM-FIRST-DEFINITION-000104"	"O:\repos.external\OpenNT"	"base/win32/client/vdm.c"	"3f03d0dbb08e0163f2d9cf415daad0981e42e1b1855f6f48a3b59022b7374173"	"839"	"SetVDMCurrentDirectories"	"GetExceptionCode"	"direct-named-call"	"Cross-translation-unit second-degree candidate only; T299 does not inspect this callee body."
"MVDM-SECOND-CANDIDATE-000645"	"MVDM-FIRST-DEFINITION-000104"	"O:\repos.external\OpenNT"	"base/win32/client/vdm.c"	"3f03d0dbb08e0163f2d9cf415daad0981e42e1b1855f6f48a3b59022b7374173"	"840"	"SetVDMCurrentDirectories"	"CsrFreeCaptureBuffer"	"direct-named-call"	"Cross-translation-unit second-degree candidate only; T299 does not inspect this callee body."
"MVDM-SECOND-CANDIDATE-000646"	"MVDM-FIRST-DEFINITION-000104"	"O:\repos.external\OpenNT"	"base/win32/client/vdm.c"	"3f03d0dbb08e0163f2d9cf415daad0981e42e1b1855f6f48a3b59022b7374173"	"843"	"SetVDMCurrentDirectories"	"CsrClientCallServer"	"direct-named-call"	"Cross-translation-unit second-degree candidate only; T299 does not inspect this callee body."
"MVDM-SECOND-CANDIDATE-000647"	"MVDM-FIRST-DEFINITION-000104"	"O:\repos.external\OpenNT"	"base/win32/client/vdm.c"	"3f03d0dbb08e0163f2d9cf415daad0981e42e1b1855f6f48a3b59022b7374173"	"851"	"SetVDMCurrentDirectories"	"CsrFreeCaptureBuffer"	"direct-named-call"	"Cross-translation-unit second-degree candidate only; T299 does not inspect this callee body."
"MVDM-SECOND-CANDIDATE-000648"	"MVDM-FIRST-DEFINITION-000104"	"O:\repos.external\OpenNT"	"base/win32/client/vdm.c"	"3f03d0dbb08e0163f2d9cf415daad0981e42e1b1855f6f48a3b59022b7374173"	"854"	"SetVDMCurrentDirectories"	"BaseSetLastNTError"	"direct-named-call"	"Cross-translation-unit second-degree candidate only; T299 does not inspect this callee body."
"MVDM-SECOND-CANDIDATE-000649"	"MVDM-FIRST-DEFINITION-000105"	"O:\repos.external\OpenNT-4.5"	"nt/private/windows/base/client/vdm.c"	"1e4de7f98a0756259986c1f62832dd84d42431de5a22c189d80c164155cc80ae"	"814"	"SetVDMCurrentDirectories"	"NtCurrentPeb"	"direct-named-call"	"Cross-translation-unit second-degree candidate only; T299 does not inspect this callee body."
"MVDM-SECOND-CANDIDATE-000650"	"MVDM-FIRST-DEFINITION-000105"	"O:\repos.external\OpenNT-4.5"	"nt/private/windows/base/client/vdm.c"	"1e4de7f98a0756259986c1f62832dd84d42431de5a22c189d80c164155cc80ae"	"817"	"SetVDMCurrentDirectories"	"BaseSetLastNTError"	"direct-named-call"	"Cross-translation-unit second-degree candidate only; T299 does not inspect this callee body."
"MVDM-SECOND-CANDIDATE-000651"	"MVDM-FIRST-DEFINITION-000105"	"O:\repos.external\OpenNT-4.5"	"nt/private/windows/base/client/vdm.c"	"1e4de7f98a0756259986c1f62832dd84d42431de5a22c189d80c164155cc80ae"	"823"	"SetVDMCurrentDirectories"	"CsrAllocateCaptureBuffer"	"direct-named-call"	"Cross-translation-unit second-degree candidate only; T299 does not inspect this callee body."
"MVDM-SECOND-CANDIDATE-000652"	"MVDM-FIRST-DEFINITION-000105"	"O:\repos.external\OpenNT-4.5"	"nt/private/windows/base/client/vdm.c"	"1e4de7f98a0756259986c1f62832dd84d42431de5a22c189d80c164155cc80ae"	"825"	"SetVDMCurrentDirectories"	"BaseSetLastNTError"	"direct-named-call"	"Cross-translation-unit second-degree candidate only; T299 does not inspect this callee body."
"MVDM-SECOND-CANDIDATE-000653"	"MVDM-FIRST-DEFINITION-000105"	"O:\repos.external\OpenNT-4.5"	"nt/private/windows/base/client/vdm.c"	"1e4de7f98a0756259986c1f62832dd84d42431de5a22c189d80c164155cc80ae"	"829"	"SetVDMCurrentDirectories"	"CsrAllocateMessagePointer"	"direct-named-call"	"Cross-translation-unit second-degree candidate only; T299 does not inspect this callee body."
"MVDM-SECOND-CANDIDATE-000654"	"MVDM-FIRST-DEFINITION-000105"	"O:\repos.external\OpenNT-4.5"	"nt/private/windows/base/client/vdm.c"	"1e4de7f98a0756259986c1f62832dd84d42431de5a22c189d80c164155cc80ae"	"836"	"SetVDMCurrentDirectories"	"RtlMoveMemory"	"direct-named-call"	"Cross-translation-unit second-degree candidate only; T299 does not inspect this callee body."
"MVDM-SECOND-CANDIDATE-000655"	"MVDM-FIRST-DEFINITION-000105"	"O:\repos.external\OpenNT-4.5"	"nt/private/windows/base/client/vdm.c"	"1e4de7f98a0756259986c1f62832dd84d42431de5a22c189d80c164155cc80ae"	"839"	"SetVDMCurrentDirectories"	"BaseSetLastNTError"	"direct-named-call"	"Cross-translation-unit second-degree candidate only; T299 does not inspect this callee body."
"MVDM-SECOND-CANDIDATE-000656"	"MVDM-FIRST-DEFINITION-000105"	"O:\repos.external\OpenNT-4.5"	"nt/private/windows/base/client/vdm.c"	"1e4de7f98a0756259986c1f62832dd84d42431de5a22c189d80c164155cc80ae"	"839"	"SetVDMCurrentDirectories"	"GetExceptionCode"	"direct-named-call"	"Cross-translation-unit second-degree candidate only; T299 does not inspect this callee body."
"MVDM-SECOND-CANDIDATE-000657"	"MVDM-FIRST-DEFINITION-000105"	"O:\repos.external\OpenNT-4.5"	"nt/private/windows/base/client/vdm.c"	"1e4de7f98a0756259986c1f62832dd84d42431de5a22c189d80c164155cc80ae"	"840"	"SetVDMCurrentDirectories"	"CsrFreeCaptureBuffer"	"direct-named-call"	"Cross-translation-unit second-degree candidate only; T299 does not inspect this callee body."
"MVDM-SECOND-CANDIDATE-000658"	"MVDM-FIRST-DEFINITION-000105"	"O:\repos.external\OpenNT-4.5"	"nt/private/windows/base/client/vdm.c"	"1e4de7f98a0756259986c1f62832dd84d42431de5a22c189d80c164155cc80ae"	"843"	"SetVDMCurrentDirectories"	"CsrClientCallServer"	"direct-named-call"	"Cross-translation-unit second-degree candidate only; T299 does not inspect this callee body."
"MVDM-SECOND-CANDIDATE-000659"	"MVDM-FIRST-DEFINITION-000105"	"O:\repos.external\OpenNT-4.5"	"nt/private/windows/base/client/vdm.c"	"1e4de7f98a0756259986c1f62832dd84d42431de5a22c189d80c164155cc80ae"	"851"	"SetVDMCurrentDirectories"	"CsrFreeCaptureBuffer"	"direct-named-call"	"Cross-translation-unit second-degree candidate only; T299 does not inspect this callee body."
"MVDM-SECOND-CANDIDATE-000660"	"MVDM-FIRST-DEFINITION-000105"	"O:\repos.external\OpenNT-4.5"	"nt/private/windows/base/client/vdm.c"	"1e4de7f98a0756259986c1f62832dd84d42431de5a22c189d80c164155cc80ae"	"854"	"SetVDMCurrentDirectories"	"BaseSetLastNTError"	"direct-named-call"	"Cross-translation-unit second-degree candidate only; T299 does not inspect this callee body."
"MVDM-SECOND-CANDIDATE-000661"	"MVDM-FIRST-DEFINITION-000106"	"O:\repos.external\OpenNT-4.5"	"nt/private/ntos/w32/ntuser/client/client.c"	"787eda33785a87ce9e71202c97b5913e2857f7106fed5bb97103049b1d5e3472"	"3001"	"ShowStartGlass"	"NtUserCallOneParam"	"direct-named-call"	"Cross-translation-unit second-degree candidate only; T299 does not inspect this callee body."
"MVDM-SECOND-CANDIDATE-000662"	"MVDM-FIRST-DEFINITION-000107"	"O:\repos.external\OpenNT"	"windows/core/ntuser/client/client.c"	"787eda33785a87ce9e71202c97b5913e2857f7106fed5bb97103049b1d5e3472"	"3001"	"ShowStartGlass"	"NtUserCallOneParam"	"direct-named-call"	"Cross-translation-unit second-degree candidate only; T299 does not inspect this callee body."
"MVDM-SECOND-CANDIDATE-000663"	"MVDM-FIRST-DEFINITION-000111"	"O:\repos.external\OpenNT-4.5"	"nt/private/ntos/w32/ntgdi/client/font.c"	"8c74be8f5336de7e204897241ba375ca63c481717a781c25ef8320bd7a59282d"	"467"	"vUnmapFileClideSide"	"NtUnmapViewOfSection"	"direct-named-call"	"Cross-translation-unit second-degree candidate only; T299 does not inspect this callee body."
"MVDM-SECOND-CANDIDATE-000664"	"MVDM-FIRST-DEFINITION-000111"	"O:\repos.external\OpenNT-4.5"	"nt/private/ntos/w32/ntgdi/client/font.c"	"8c74be8f5336de7e204897241ba375ca63c481717a781c25ef8320bd7a59282d"	"467"	"vUnmapFileClideSide"	"NtCurrentProcess"	"direct-named-call"	"Cross-translation-unit second-degree candidate only; T299 does not inspect this callee body."
"MVDM-SECOND-CANDIDATE-000665"	"MVDM-FIRST-DEFINITION-000111"	"O:\repos.external\OpenNT-4.5"	"nt/private/ntos/w32/ntgdi/client/font.c"	"8c74be8f5336de7e204897241ba375ca63c481717a781c25ef8320bd7a59282d"	"473"	"vUnmapFileClideSide"	"NtClose"	"direct-named-call"	"Cross-translation-unit second-degree candidate only; T299 does not inspect this callee body."
"MVDM-SECOND-CANDIDATE-000666"	"MVDM-FIRST-DEFINITION-000111"	"O:\repos.external\OpenNT-4.5"	"nt/private/ntos/w32/ntgdi/client/font.c"	"8c74be8f5336de7e204897241ba375ca63c481717a781c25ef8320bd7a59282d"	"479"	"vUnmapFileClideSide"	"NtClose"	"direct-named-call"	"Cross-translation-unit second-degree candidate only; T299 does not inspect this callee body."
"MVDM-SECOND-CANDIDATE-000667"	"MVDM-FIRST-DEFINITION-000112"	"O:\repos.external\OpenNT"	"windows/core/ntgdi/client/font.c"	"8c74be8f5336de7e204897241ba375ca63c481717a781c25ef8320bd7a59282d"	"467"	"vUnmapFileClideSide"	"NtUnmapViewOfSection"	"direct-named-call"	"Cross-translation-unit second-degree candidate only; T299 does not inspect this callee body."
"MVDM-SECOND-CANDIDATE-000668"	"MVDM-FIRST-DEFINITION-000112"	"O:\repos.external\OpenNT"	"windows/core/ntgdi/client/font.c"	"8c74be8f5336de7e204897241ba375ca63c481717a781c25ef8320bd7a59282d"	"467"	"vUnmapFileClideSide"	"NtCurrentProcess"	"direct-named-call"	"Cross-translation-unit second-degree candidate only; T299 does not inspect this callee body."
"MVDM-SECOND-CANDIDATE-000669"	"MVDM-FIRST-DEFINITION-000112"	"O:\repos.external\OpenNT"	"windows/core/ntgdi/client/font.c"	"8c74be8f5336de7e204897241ba375ca63c481717a781c25ef8320bd7a59282d"	"473"	"vUnmapFileClideSide"	"NtClose"	"direct-named-call"	"Cross-translation-unit second-degree candidate only; T299 does not inspect this callee body."
"MVDM-SECOND-CANDIDATE-000670"	"MVDM-FIRST-DEFINITION-000112"	"O:\repos.external\OpenNT"	"windows/core/ntgdi/client/font.c"	"8c74be8f5336de7e204897241ba375ca63c481717a781c25ef8320bd7a59282d"	"479"	"vUnmapFileClideSide"	"NtClose"	"direct-named-call"	"Cross-translation-unit second-degree candidate only; T299 does not inspect this callee body."
