classification_id	source_path	source_line	warning	message	architectures	review_cluster	x86_x64_disposition	required_next_read	source_records
T310-S8-P4-CLASS-000003	src/mvdm-host/dos/command/cmd.c	23	C4131	'CMDInit': uses old-style declarator	x64,x86	MVDM-DOS-OWNER-PACKAGE	must-read-old-style-call-contract	K&R declaration may hide a modern parameter/return ABI mismatch; compare the selected declaration and callers before deciding whether it is a harmless source-style warning	T310-S8-P4-WARN-000003,T310-S8-P4-WARN-000006
T310-S8-P4-CLASS-000004	src/mvdm-host/dos/command/cmdconf.c	226	C4312	'type cast': conversion from 'unsigned int' to 'HANDLE' of greater size	x64	MVDM-DOS-OWNER-PACKAGE	must-repair-width-or-pointer-abi	pointer/integer or variadic-width conversion; read the exact original value class and use a same-shaped native-width binding or the mapping manager	T310-S8-P4-WARN-000007
T310-S8-P4-CLASS-000005	src/mvdm-host/dos/command/cmdconf.c	325	C4267	'=': conversion from 'size_t' to 'DWORD', possible loss of data	x64	MVDM-DOS-OWNER-PACKAGE	must-read-x64-narrowing	narrowing/widening is not automatically a defect; determine guest fixed-width value, private native value, or host identity before selecting original correction, overlay, or mapping-manager boundary	T310-S8-P4-WARN-000008
T310-S8-P4-CLASS-000009	src/mvdm-host/dos/command/cmdconf.c	490	C4267	'function': conversion from 'size_t' to 'DWORD', possible loss of data	x64	MVDM-DOS-OWNER-PACKAGE	must-read-x64-narrowing	narrowing/widening is not automatically a defect; determine guest fixed-width value, private native value, or host identity before selecting original correction, overlay, or mapping-manager boundary	T310-S8-P4-WARN-000015
T310-S8-P4-CLASS-000011	src/mvdm-host/dos/command/cmdconf.c	510	C4267	'function': conversion from 'size_t' to 'DWORD', possible loss of data	x64	MVDM-DOS-OWNER-PACKAGE	must-read-x64-narrowing	narrowing/widening is not automatically a defect; determine guest fixed-width value, private native value, or host identity before selecting original correction, overlay, or mapping-manager boundary	T310-S8-P4-WARN-000018
T310-S8-P4-CLASS-000016	src/mvdm-host/dos/command/cmdconf.c	539	C4267	'function': conversion from 'size_t' to 'DWORD', possible loss of data	x64	MVDM-DOS-OWNER-PACKAGE	must-read-x64-narrowing	narrowing/widening is not automatically a defect; determine guest fixed-width value, private native value, or host identity before selecting original correction, overlay, or mapping-manager boundary	T310-S8-P4-WARN-000027
T310-S8-P4-CLASS-000017	src/mvdm-host/dos/command/cmdconf.c	587	C4244	'=': conversion from '__int64' to 'DWORD', possible loss of data	x64	MVDM-DOS-OWNER-PACKAGE	must-read-x64-narrowing	narrowing/widening is not automatically a defect; determine guest fixed-width value, private native value, or host identity before selecting original correction, overlay, or mapping-manager boundary	T310-S8-P4-WARN-000028
T310-S8-P4-CLASS-000018	src/mvdm-host/dos/command/cmdconf.c	604	C4244	'=': conversion from '__int64' to 'DWORD', possible loss of data	x64	MVDM-DOS-OWNER-PACKAGE	must-read-x64-narrowing	narrowing/widening is not automatically a defect; determine guest fixed-width value, private native value, or host identity before selecting original correction, overlay, or mapping-manager boundary	T310-S8-P4-WARN-000029
T310-S8-P4-CLASS-000019	src/mvdm-host/dos/command/cmdenv.c	64	C4013	'RtlCreateEnvironment' undefined; assuming extern returning int	x64,x86	MVDM-DOS-OWNER-PACKAGE	must-repair-call-abi	undeclared, old-style, or incompatible call/table contract may truncate a pointer or pass the wrong calling convention; reconcile declaration, definition, table slot and selected callers	T310-S8-P4-WARN-000030,T310-S8-P4-WARN-000031
T310-S8-P4-CLASS-000020	src/mvdm-host/dos/command/cmdenv.c	84	C4244	'=': conversion from 'unsigned int' to 'USHORT', possible loss of data	x86	MVDM-DOS-OWNER-PACKAGE	read-value-range-and-architecture-delta	narrowing/widening is not automatically a defect; determine guest fixed-width value, private native value, or host identity before selecting original correction, overlay, or mapping-manager boundary	T310-S8-P4-WARN-000033
T310-S8-P4-CLASS-000021	src/mvdm-host/dos/command/cmdenv.c	84	C4267	'=': conversion from 'size_t' to 'USHORT', possible loss of data	x64	MVDM-DOS-OWNER-PACKAGE	must-read-x64-narrowing	narrowing/widening is not automatically a defect; determine guest fixed-width value, private native value, or host identity before selecting original correction, overlay, or mapping-manager boundary	T310-S8-P4-WARN-000032
T310-S8-P4-CLASS-000022	src/mvdm-host/dos/command/cmdenv.c	86	C4013	'RtlSetEnvironmentVariable' undefined; assuming extern returning int	x64,x86	MVDM-DOS-OWNER-PACKAGE	must-repair-call-abi	undeclared, old-style, or incompatible call/table contract may truncate a pointer or pass the wrong calling convention; reconcile declaration, definition, table slot and selected callers	T310-S8-P4-WARN-000034,T310-S8-P4-WARN-000035
T310-S8-P4-CLASS-000023	src/mvdm-host/dos/command/cmdenv.c	88	C4013	'RtlDestroyEnvironment' undefined; assuming extern returning int	x64,x86	MVDM-DOS-OWNER-PACKAGE	must-repair-call-abi	undeclared, old-style, or incompatible call/table contract may truncate a pointer or pass the wrong calling convention; reconcile declaration, definition, table slot and selected callers	T310-S8-P4-WARN-000036,T310-S8-P4-WARN-000037
T310-S8-P4-CLASS-000024	src/mvdm-host/dos/command/cmdenv.c	135	C4013	'RtlOemStringToUnicodeString' undefined; assuming extern returning int	x64,x86	MVDM-DOS-OWNER-PACKAGE	must-repair-call-abi	undeclared, old-style, or incompatible call/table contract may truncate a pointer or pass the wrong calling convention; reconcile declaration, definition, table slot and selected callers	T310-S8-P4-WARN-000038,T310-S8-P4-WARN-000039
T310-S8-P4-CLASS-000025	src/mvdm-host/dos/command/cmdenv.c	143	C4244	'=': conversion from 'unsigned int' to 'USHORT', possible loss of data	x86	MVDM-DOS-OWNER-PACKAGE	read-value-range-and-architecture-delta	narrowing/widening is not automatically a defect; determine guest fixed-width value, private native value, or host identity before selecting original correction, overlay, or mapping-manager boundary	T310-S8-P4-WARN-000041
T310-S8-P4-CLASS-000026	src/mvdm-host/dos/command/cmdenv.c	143	C4267	'=': conversion from 'size_t' to 'USHORT', possible loss of data	x64	MVDM-DOS-OWNER-PACKAGE	must-read-x64-narrowing	narrowing/widening is not automatically a defect; determine guest fixed-width value, private native value, or host identity before selecting original correction, overlay, or mapping-manager boundary	T310-S8-P4-WARN-000040
T310-S8-P4-CLASS-000027	src/mvdm-host/dos/command/cmdenv.c	216	C4267	'=': conversion from 'size_t' to 'WORD', possible loss of data	x64,x86	MVDM-DOS-OWNER-PACKAGE	read-value-range-and-architecture-delta	narrowing/widening is not automatically a defect; determine guest fixed-width value, private native value, or host identity before selecting original correction, overlay, or mapping-manager boundary	T310-S8-P4-WARN-000042,T310-S8-P4-WARN-000043
T310-S8-P4-CLASS-000028	src/mvdm-host/dos/command/cmdenv.c	234	C4267	'=': conversion from 'size_t' to 'WORD', possible loss of data	x64,x86	MVDM-DOS-OWNER-PACKAGE	read-value-range-and-architecture-delta	narrowing/widening is not automatically a defect; determine guest fixed-width value, private native value, or host identity before selecting original correction, overlay, or mapping-manager boundary	T310-S8-P4-WARN-000044,T310-S8-P4-WARN-000045
T310-S8-P4-CLASS-000031	src/mvdm-host/dos/command/cmdenv.c	394	C4267	'=': conversion from 'size_t' to 'DWORD', possible loss of data	x64	MVDM-DOS-OWNER-PACKAGE	must-read-x64-narrowing	narrowing/widening is not automatically a defect; determine guest fixed-width value, private native value, or host identity before selecting original correction, overlay, or mapping-manager boundary	T310-S8-P4-WARN-000050
T310-S8-P4-CLASS-000033	src/mvdm-host/dos/command/cmdenv.c	509	C4267	'=': conversion from 'size_t' to 'DWORD', possible loss of data	x64	MVDM-DOS-OWNER-PACKAGE	must-read-x64-narrowing	narrowing/widening is not automatically a defect; determine guest fixed-width value, private native value, or host identity before selecting original correction, overlay, or mapping-manager boundary	T310-S8-P4-WARN-000053
T310-S8-P4-CLASS-000034	src/mvdm-host/dos/command/cmdenv.c	511	C4267	'=': conversion from 'size_t' to 'DWORD', possible loss of data	x64	MVDM-DOS-OWNER-PACKAGE	must-read-x64-narrowing	narrowing/widening is not automatically a defect; determine guest fixed-width value, private native value, or host identity before selecting original correction, overlay, or mapping-manager boundary	T310-S8-P4-WARN-000054
T310-S8-P4-CLASS-000035	src/mvdm-host/dos/command/cmdenv.c	520	C4267	'=': conversion from 'size_t' to 'DWORD', possible loss of data	x64	MVDM-DOS-OWNER-PACKAGE	must-read-x64-narrowing	narrowing/widening is not automatically a defect; determine guest fixed-width value, private native value, or host identity before selecting original correction, overlay, or mapping-manager boundary	T310-S8-P4-WARN-000055
T310-S8-P4-CLASS-000037	src/mvdm-host/dos/command/cmdenv.c	673	C4267	'=': conversion from 'size_t' to 'DWORD', possible loss of data	x64	MVDM-DOS-OWNER-PACKAGE	must-read-x64-narrowing	narrowing/widening is not automatically a defect; determine guest fixed-width value, private native value, or host identity before selecting original correction, overlay, or mapping-manager boundary	T310-S8-P4-WARN-000058
T310-S8-P4-CLASS-000039	src/mvdm-host/dos/command/cmdenv.c	688	C4267	'=': conversion from 'size_t' to 'DWORD', possible loss of data	x64	MVDM-DOS-OWNER-PACKAGE	must-read-x64-narrowing	narrowing/widening is not automatically a defect; determine guest fixed-width value, private native value, or host identity before selecting original correction, overlay, or mapping-manager boundary	T310-S8-P4-WARN-000061
T310-S8-P4-CLASS-000042	src/mvdm-host/dos/command/cmdexec.c	87	C4057	'function': 'LPBYTE' differs in indirection to slightly different base types from 'char [12]'	x64,x86	MVDM-DOS-OWNER-PACKAGE	must-repair-call-abi	undeclared, old-style, or incompatible call/table contract may truncate a pointer or pass the wrong calling convention; reconcile declaration, definition, table slot and selected callers	T310-S8-P4-WARN-000066,T310-S8-P4-WARN-000067
T310-S8-P4-CLASS-000045	src/mvdm-host/dos/command/cmdexec.c	162	C4013	'RtlOemStringToUnicodeString' undefined; assuming extern returning int	x64,x86	MVDM-DOS-OWNER-PACKAGE	must-repair-call-abi	undeclared, old-style, or incompatible call/table contract may truncate a pointer or pass the wrong calling convention; reconcile declaration, definition, table slot and selected callers	T310-S8-P4-WARN-000072,T310-S8-P4-WARN-000073
T310-S8-P4-CLASS-000046	src/mvdm-host/dos/command/cmdexec.c	169	C4057	'function': 'LPDWORD' differs in indirection to slightly different base types from 'LPLONG'	x64,x86	MVDM-DOS-OWNER-PACKAGE	must-repair-call-abi	undeclared, old-style, or incompatible call/table contract may truncate a pointer or pass the wrong calling convention; reconcile declaration, definition, table slot and selected callers	T310-S8-P4-WARN-000074,T310-S8-P4-WARN-000075
T310-S8-P4-CLASS-000047	src/mvdm-host/dos/command/cmdexec.c	222	C4267	'=': conversion from 'size_t' to 'ULONG', possible loss of data	x64	MVDM-DOS-OWNER-PACKAGE	must-read-x64-narrowing	narrowing/widening is not automatically a defect; determine guest fixed-width value, private native value, or host identity before selecting original correction, overlay, or mapping-manager boundary	T310-S8-P4-WARN-000076
T310-S8-P4-CLASS-000049	src/mvdm-host/dos/command/cmdexec.c	252	C4311	'type cast': pointer truncation from 'PCHAR' to 'ULONG'	x64	MVDM-DOS-OWNER-PACKAGE	must-repair-width-or-pointer-abi	pointer/integer or variadic-width conversion; read the exact original value class and use a same-shaped native-width binding or the mapping manager	T310-S8-P4-WARN-000079
T310-S8-P4-CLASS-000050	src/mvdm-host/dos/command/cmdexec.c	252	C4311	'type cast': pointer truncation from 'UCHAR *' to 'ULONG'	x64	MVDM-DOS-OWNER-PACKAGE	must-repair-width-or-pointer-abi	pointer/integer or variadic-width conversion; read the exact original value class and use a same-shaped native-width binding or the mapping manager	T310-S8-P4-WARN-000080
T310-S8-P4-CLASS-000051	src/mvdm-host/dos/command/cmdexec.c	252	C4312	'type cast': conversion from 'unsigned long' to 'PCHAR' of greater size	x64	MVDM-DOS-OWNER-PACKAGE	must-repair-width-or-pointer-abi	pointer/integer or variadic-width conversion; read the exact original value class and use a same-shaped native-width binding or the mapping manager	T310-S8-P4-WARN-000081
T310-S8-P4-CLASS-000052	src/mvdm-host/dos/command/cmdexec.c	253	C4311	'type cast': pointer truncation from 'PCHAR' to 'ULONG'	x64	MVDM-DOS-OWNER-PACKAGE	must-repair-width-or-pointer-abi	pointer/integer or variadic-width conversion; read the exact original value class and use a same-shaped native-width binding or the mapping manager	T310-S8-P4-WARN-000082
T310-S8-P4-CLASS-000053	src/mvdm-host/dos/command/cmdexec.c	255	C4311	'type cast': pointer truncation from 'PCHAR' to 'ULONG'	x64	MVDM-DOS-OWNER-PACKAGE	must-repair-width-or-pointer-abi	pointer/integer or variadic-width conversion; read the exact original value class and use a same-shaped native-width binding or the mapping manager	T310-S8-P4-WARN-000083
T310-S8-P4-CLASS-000055	src/mvdm-host/dos/command/cmdexec.c	266	C4311	'type cast': pointer truncation from 'CHAR *' to 'ULONG'	x64	MVDM-DOS-OWNER-PACKAGE	must-repair-width-or-pointer-abi	pointer/integer or variadic-width conversion; read the exact original value class and use a same-shaped native-width binding or the mapping manager	T310-S8-P4-WARN-000086
T310-S8-P4-CLASS-000056	src/mvdm-host/dos/command/cmdexec.c	266	C4312	'type cast': conversion from 'unsigned long' to 'PCHAR' of greater size	x64	MVDM-DOS-OWNER-PACKAGE	must-repair-width-or-pointer-abi	pointer/integer or variadic-width conversion; read the exact original value class and use a same-shaped native-width binding or the mapping manager	T310-S8-P4-WARN-000087
T310-S8-P4-CLASS-000057	src/mvdm-host/dos/command/cmdexec.c	287	C4311	'type cast': pointer truncation from 'PCHAR' to 'ULONG'	x64	MVDM-DOS-OWNER-PACKAGE	must-repair-width-or-pointer-abi	pointer/integer or variadic-width conversion; read the exact original value class and use a same-shaped native-width binding or the mapping manager	T310-S8-P4-WARN-000088
T310-S8-P4-CLASS-000058	src/mvdm-host/dos/command/cmdexec.c	287	C4311	'type cast': pointer truncation from 'UCHAR *' to 'ULONG'	x64	MVDM-DOS-OWNER-PACKAGE	must-repair-width-or-pointer-abi	pointer/integer or variadic-width conversion; read the exact original value class and use a same-shaped native-width binding or the mapping manager	T310-S8-P4-WARN-000089
T310-S8-P4-CLASS-000059	src/mvdm-host/dos/command/cmdexec.c	287	C4312	'type cast': conversion from 'unsigned long' to 'PCHAR' of greater size	x64	MVDM-DOS-OWNER-PACKAGE	must-repair-width-or-pointer-abi	pointer/integer or variadic-width conversion; read the exact original value class and use a same-shaped native-width binding or the mapping manager	T310-S8-P4-WARN-000090
T310-S8-P4-CLASS-000060	src/mvdm-host/dos/command/cmdexec.c	288	C4311	'type cast': pointer truncation from 'PCHAR' to 'ULONG'	x64	MVDM-DOS-OWNER-PACKAGE	must-repair-width-or-pointer-abi	pointer/integer or variadic-width conversion; read the exact original value class and use a same-shaped native-width binding or the mapping manager	T310-S8-P4-WARN-000091
T310-S8-P4-CLASS-000061	src/mvdm-host/dos/command/cmdexec.c	290	C4311	'type cast': pointer truncation from 'PCHAR' to 'ULONG'	x64	MVDM-DOS-OWNER-PACKAGE	must-repair-width-or-pointer-abi	pointer/integer or variadic-width conversion; read the exact original value class and use a same-shaped native-width binding or the mapping manager	T310-S8-P4-WARN-000092
T310-S8-P4-CLASS-000062	src/mvdm-host/dos/command/cmdexec.c	294	C4311	'type cast': pointer truncation from 'PCHAR' to 'ULONG'	x64	MVDM-DOS-OWNER-PACKAGE	must-repair-width-or-pointer-abi	pointer/integer or variadic-width conversion; read the exact original value class and use a same-shaped native-width binding or the mapping manager	T310-S8-P4-WARN-000093
T310-S8-P4-CLASS-000063	src/mvdm-host/dos/command/cmdexec.c	294	C4311	'type cast': pointer truncation from 'UCHAR *' to 'ULONG'	x64	MVDM-DOS-OWNER-PACKAGE	must-repair-width-or-pointer-abi	pointer/integer or variadic-width conversion; read the exact original value class and use a same-shaped native-width binding or the mapping manager	T310-S8-P4-WARN-000094
T310-S8-P4-CLASS-000064	src/mvdm-host/dos/command/cmdexec.c	294	C4312	'type cast': conversion from 'unsigned long' to 'PCHAR' of greater size	x64	MVDM-DOS-OWNER-PACKAGE	must-repair-width-or-pointer-abi	pointer/integer or variadic-width conversion; read the exact original value class and use a same-shaped native-width binding or the mapping manager	T310-S8-P4-WARN-000095
T310-S8-P4-CLASS-000065	src/mvdm-host/dos/command/cmdexec.c	295	C4311	'type cast': pointer truncation from 'PCHAR' to 'ULONG'	x64	MVDM-DOS-OWNER-PACKAGE	must-repair-width-or-pointer-abi	pointer/integer or variadic-width conversion; read the exact original value class and use a same-shaped native-width binding or the mapping manager	T310-S8-P4-WARN-000096
T310-S8-P4-CLASS-000066	src/mvdm-host/dos/command/cmdexec.c	297	C4311	'type cast': pointer truncation from 'PCHAR' to 'ULONG'	x64	MVDM-DOS-OWNER-PACKAGE	must-repair-width-or-pointer-abi	pointer/integer or variadic-width conversion; read the exact original value class and use a same-shaped native-width binding or the mapping manager	T310-S8-P4-WARN-000097
T310-S8-P4-CLASS-000068	src/mvdm-host/dos/command/cmdexec.c	343	C4312	'type cast': conversion from '__unaligned DWORD' to 'HANDLE' of greater size	x64	MVDM-DOS-OWNER-PACKAGE	must-repair-width-or-pointer-abi	pointer/integer or variadic-width conversion; read the exact original value class and use a same-shaped native-width binding or the mapping manager	T310-S8-P4-WARN-000100
T310-S8-P4-CLASS-000069	src/mvdm-host/dos/command/cmdexec.c	346	C4312	'type cast': conversion from '__unaligned DWORD' to 'HANDLE' of greater size	x64	MVDM-DOS-OWNER-PACKAGE	must-repair-width-or-pointer-abi	pointer/integer or variadic-width conversion; read the exact original value class and use a same-shaped native-width binding or the mapping manager	T310-S8-P4-WARN-000101
T310-S8-P4-CLASS-000070	src/mvdm-host/dos/command/cmdexec.c	349	C4312	'type cast': conversion from '__unaligned DWORD' to 'HANDLE' of greater size	x64	MVDM-DOS-OWNER-PACKAGE	must-repair-width-or-pointer-abi	pointer/integer or variadic-width conversion; read the exact original value class and use a same-shaped native-width binding or the mapping manager	T310-S8-P4-WARN-000102
T310-S8-P4-CLASS-000074	src/mvdm-host/dos/command/cmdexec.c	628	C4312	'type cast': conversion from 'unsigned long' to 'PREDIRCOMPLETE_INFO' of greater size	x64	MVDM-DOS-OWNER-PACKAGE	must-repair-width-or-pointer-abi	pointer/integer or variadic-width conversion; read the exact original value class and use a same-shaped native-width binding or the mapping manager	T310-S8-P4-WARN-000109
T310-S8-P4-CLASS-000077	src/mvdm-host/dos/command/cmdkeyb.c	120	C4057	'function': 'LPBYTE' differs in indirection to slightly different base types from 'CHAR [28]'	x64,x86	MVDM-DOS-OWNER-PACKAGE	must-repair-call-abi	undeclared, old-style, or incompatible call/table contract may truncate a pointer or pass the wrong calling convention; reconcile declaration, definition, table slot and selected callers	T310-S8-P4-WARN-000114,T310-S8-P4-WARN-000115
T310-S8-P4-CLASS-000079	src/mvdm-host/dos/command/cmdkeyb.c	146	C4057	'function': 'LPBYTE' differs in indirection to slightly different base types from 'CHAR [8]'	x64,x86	MVDM-DOS-OWNER-PACKAGE	must-repair-call-abi	undeclared, old-style, or incompatible call/table contract may truncate a pointer or pass the wrong calling convention; reconcile declaration, definition, table slot and selected callers	T310-S8-P4-WARN-000118,T310-S8-P4-WARN-000119
T310-S8-P4-CLASS-000084	src/mvdm-host/dos/command/cmdkeyb.c	228	C4267	'=': conversion from 'size_t' to 'INT', possible loss of data	x64	MVDM-DOS-OWNER-PACKAGE	must-read-x64-narrowing	narrowing/widening is not automatically a defect; determine guest fixed-width value, private native value, or host identity before selecting original correction, overlay, or mapping-manager boundary	T310-S8-P4-WARN-000128
T310-S8-P4-CLASS-000086	src/mvdm-host/dos/command/cmdkeyb.c	231	C4267	'=': conversion from 'size_t' to 'INT', possible loss of data	x64	MVDM-DOS-OWNER-PACKAGE	must-read-x64-narrowing	narrowing/widening is not automatically a defect; determine guest fixed-width value, private native value, or host identity before selecting original correction, overlay, or mapping-manager boundary	T310-S8-P4-WARN-000131
T310-S8-P4-CLASS-000087	src/mvdm-host/dos/command/cmdkeyb.c	234	C4244	'=': conversion from 'INT' to 'CHAR', possible loss of data	x64,x86	MVDM-DOS-OWNER-PACKAGE	read-value-range-and-architecture-delta	narrowing/widening is not automatically a defect; determine guest fixed-width value, private native value, or host identity before selecting original correction, overlay, or mapping-manager boundary	T310-S8-P4-WARN-000132,T310-S8-P4-WARN-000133
T310-S8-P4-CLASS-000093	src/mvdm-host/dos/command/cmdmisc.c	118	C4267	'=': conversion from 'size_t' to 'ULONG', possible loss of data	x64	MVDM-DOS-OWNER-PACKAGE	must-read-x64-narrowing	narrowing/widening is not automatically a defect; determine guest fixed-width value, private native value, or host identity before selecting original correction, overlay, or mapping-manager boundary	T310-S8-P4-WARN-000144
T310-S8-P4-CLASS-000094	src/mvdm-host/dos/command/cmdmisc.c	122	C4267	'=': conversion from 'size_t' to 'ULONG', possible loss of data	x64	MVDM-DOS-OWNER-PACKAGE	must-read-x64-narrowing	narrowing/widening is not automatically a defect; determine guest fixed-width value, private native value, or host identity before selecting original correction, overlay, or mapping-manager boundary	T310-S8-P4-WARN-000145
T310-S8-P4-CLASS-000095	src/mvdm-host/dos/command/cmdmisc.c	146	C4312	'type cast': conversion from '__unaligned ULONG' to 'PREDIRCOMPLETE_INFO' of greater size	x64	MVDM-DOS-OWNER-PACKAGE	must-repair-width-or-pointer-abi	pointer/integer or variadic-width conversion; read the exact original value class and use a same-shaped native-width binding or the mapping manager	T310-S8-P4-WARN-000146
T310-S8-P4-CLASS-000097	src/mvdm-host/dos/command/cmdmisc.c	309	C4267	'=': conversion from 'size_t' to 'ULONG', possible loss of data	x64	MVDM-DOS-OWNER-PACKAGE	must-read-x64-narrowing	narrowing/widening is not automatically a defect; determine guest fixed-width value, private native value, or host identity before selecting original correction, overlay, or mapping-manager boundary	T310-S8-P4-WARN-000149
T310-S8-P4-CLASS-000099	src/mvdm-host/dos/command/cmdmisc.c	362	C4311	'type cast': pointer truncation from 'PREDIRCOMPLETE_INFO' to 'ULONG'	x64	MVDM-DOS-OWNER-PACKAGE	must-repair-width-or-pointer-abi	pointer/integer or variadic-width conversion; read the exact original value class and use a same-shaped native-width binding or the mapping manager	T310-S8-P4-WARN-000152
T310-S8-P4-CLASS-000100	src/mvdm-host/dos/command/cmdmisc.c	365	C4310	cast truncates constant value	x64,x86	MVDM-DOS-OWNER-PACKAGE	read-value-range-and-architecture-delta	narrowing/widening is not automatically a defect; determine guest fixed-width value, private native value, or host identity before selecting original correction, overlay, or mapping-manager boundary	T310-S8-P4-WARN-000153,T310-S8-P4-WARN-000154
T310-S8-P4-CLASS-000101	src/mvdm-host/dos/command/cmdmisc.c	490	C4244	'-=': conversion from 'int' to '__unaligned USHORT', possible loss of data	x64	MVDM-DOS-OWNER-PACKAGE	must-read-x64-narrowing	narrowing/widening is not automatically a defect; determine guest fixed-width value, private native value, or host identity before selecting original correction, overlay, or mapping-manager boundary	T310-S8-P4-WARN-000155
T310-S8-P4-CLASS-000102	src/mvdm-host/dos/command/cmdmisc.c	490	C4244	'-=': conversion from 'int' to 'USHORT', possible loss of data	x86	MVDM-DOS-OWNER-PACKAGE	read-value-range-and-architecture-delta	narrowing/widening is not automatically a defect; determine guest fixed-width value, private native value, or host identity before selecting original correction, overlay, or mapping-manager boundary	T310-S8-P4-WARN-000156
T310-S8-P4-CLASS-000104	src/mvdm-host/dos/command/cmdmisc.c	514	C4310	cast truncates constant value	x64,x86	MVDM-DOS-OWNER-PACKAGE	read-value-range-and-architecture-delta	narrowing/widening is not automatically a defect; determine guest fixed-width value, private native value, or host identity before selecting original correction, overlay, or mapping-manager boundary	T310-S8-P4-WARN-000159,T310-S8-P4-WARN-000160
T310-S8-P4-CLASS-000106	src/mvdm-host/dos/command/cmdmisc.c	636	C4244	'=': conversion from 'int' to 'CHAR', possible loss of data	x64,x86	MVDM-DOS-OWNER-PACKAGE	read-value-range-and-architecture-delta	narrowing/widening is not automatically a defect; determine guest fixed-width value, private native value, or host identity before selecting original correction, overlay, or mapping-manager boundary	T310-S8-P4-WARN-000163,T310-S8-P4-WARN-000164
T310-S8-P4-CLASS-000107	src/mvdm-host/dos/command/cmdmisc.c	645	C4244	'=': conversion from 'int' to 'CHAR', possible loss of data	x64,x86	MVDM-DOS-OWNER-PACKAGE	read-value-range-and-architecture-delta	narrowing/widening is not automatically a defect; determine guest fixed-width value, private native value, or host identity before selecting original correction, overlay, or mapping-manager boundary	T310-S8-P4-WARN-000165,T310-S8-P4-WARN-000166
T310-S8-P4-CLASS-000108	src/mvdm-host/dos/command/cmdmisc.c	647	C4311	'type cast': pointer truncation from 'PCHAR' to 'ULONG'	x64	MVDM-DOS-OWNER-PACKAGE	must-repair-width-or-pointer-abi	pointer/integer or variadic-width conversion; read the exact original value class and use a same-shaped native-width binding or the mapping manager	T310-S8-P4-WARN-000167
T310-S8-P4-CLASS-000109	src/mvdm-host/dos/command/cmdmisc.c	647	C4312	'type cast': conversion from 'ULONG' to 'PCHAR' of greater size	x64	MVDM-DOS-OWNER-PACKAGE	must-repair-width-or-pointer-abi	pointer/integer or variadic-width conversion; read the exact original value class and use a same-shaped native-width binding or the mapping manager	T310-S8-P4-WARN-000168
T310-S8-P4-CLASS-000110	src/mvdm-host/dos/command/cmdmisc.c	649	C4311	'type cast': pointer truncation from 'PCHAR' to 'ULONG'	x64	MVDM-DOS-OWNER-PACKAGE	must-repair-width-or-pointer-abi	pointer/integer or variadic-width conversion; read the exact original value class and use a same-shaped native-width binding or the mapping manager	T310-S8-P4-WARN-000169
T310-S8-P4-CLASS-000111	src/mvdm-host/dos/command/cmdmisc.c	649	C4312	'type cast': conversion from 'ULONG' to 'PCHAR' of greater size	x64	MVDM-DOS-OWNER-PACKAGE	must-repair-width-or-pointer-abi	pointer/integer or variadic-width conversion; read the exact original value class and use a same-shaped native-width binding or the mapping manager	T310-S8-P4-WARN-000170
T310-S8-P4-CLASS-000114	src/mvdm-host/dos/command/cmdmisc.c	672	C4267	'=': conversion from 'size_t' to 'USHORT', possible loss of data	x64,x86	MVDM-DOS-OWNER-PACKAGE	read-value-range-and-architecture-delta	narrowing/widening is not automatically a defect; determine guest fixed-width value, private native value, or host identity before selecting original correction, overlay, or mapping-manager boundary	T310-S8-P4-WARN-000175,T310-S8-P4-WARN-000176
T310-S8-P4-CLASS-000119	src/mvdm-host/dos/command/cmdpif.c	122	C4244	'=': conversion from 'int' to 'USHORT', possible loss of data	x64,x86	MVDM-DOS-OWNER-PACKAGE	read-value-range-and-architecture-delta	narrowing/widening is not automatically a defect; determine guest fixed-width value, private native value, or host identity before selecting original correction, overlay, or mapping-manager boundary	T310-S8-P4-WARN-000185,T310-S8-P4-WARN-000186
T310-S8-P4-CLASS-000122	src/mvdm-host/dos/command/cmdpif.c	227	C4267	'=': conversion from 'size_t' to 'USHORT', possible loss of data	x64,x86	MVDM-DOS-OWNER-PACKAGE	read-value-range-and-architecture-delta	narrowing/widening is not automatically a defect; determine guest fixed-width value, private native value, or host identity before selecting original correction, overlay, or mapping-manager boundary	T310-S8-P4-WARN-000191,T310-S8-P4-WARN-000192
T310-S8-P4-CLASS-000126	src/mvdm-host/dos/command/cmdpif.c	258	C4267	'=': conversion from 'size_t' to 'USHORT', possible loss of data	x64,x86	MVDM-DOS-OWNER-PACKAGE	read-value-range-and-architecture-delta	narrowing/widening is not automatically a defect; determine guest fixed-width value, private native value, or host identity before selecting original correction, overlay, or mapping-manager boundary	T310-S8-P4-WARN-000199,T310-S8-P4-WARN-000200
T310-S8-P4-CLASS-000127	src/mvdm-host/dos/command/cmdredir.c	22	C4131	'cmdCheckCopyForRedirection': uses old-style declarator	x64,x86	MVDM-DOS-OWNER-PACKAGE	must-read-old-style-call-contract	K&R declaration may hide a modern parameter/return ABI mismatch; compare the selected declaration and callers before deciding whether it is a harmless source-style warning	T310-S8-P4-WARN-000201,T310-S8-P4-WARN-000202
T310-S8-P4-CLASS-000129	src/mvdm-host/dos/command/cmdredir.c	57	C4366	The result of the unary '&' operator may be unaligned	x64	MVDM-DOS-OWNER-PACKAGE	must-read-x64-narrowing	narrowing/widening is not automatically a defect; determine guest fixed-width value, private native value, or host identity before selecting original correction, overlay, or mapping-manager boundary	T310-S8-P4-WARN-000205
T310-S8-P4-CLASS-000130	src/mvdm-host/dos/command/cmdredir.c	63	C4366	The result of the unary '&' operator may be unaligned	x64	MVDM-DOS-OWNER-PACKAGE	must-read-x64-narrowing	narrowing/widening is not automatically a defect; determine guest fixed-width value, private native value, or host identity before selecting original correction, overlay, or mapping-manager boundary	T310-S8-P4-WARN-000206
T310-S8-P4-CLASS-000131	src/mvdm-host/dos/command/cmdredir.c	68	C4366	The result of the unary '&' operator may be unaligned	x64	MVDM-DOS-OWNER-PACKAGE	must-read-x64-narrowing	narrowing/widening is not automatically a defect; determine guest fixed-width value, private native value, or host identity before selecting original correction, overlay, or mapping-manager boundary	T310-S8-P4-WARN-000207
T310-S8-P4-CLASS-000132	src/mvdm-host/dos/command/cmdredir.c	105	C4131	'cmdCreateTempFile': uses old-style declarator	x64,x86	MVDM-DOS-OWNER-PACKAGE	must-read-old-style-call-contract	K&R declaration may hide a modern parameter/return ABI mismatch; compare the selected declaration and callers before deciding whether it is a harmless source-style warning	T310-S8-P4-WARN-000208,T310-S8-P4-WARN-000209
T310-S8-P4-CLASS-000135	src/mvdm-host/dos/command/cmdredir.c	531	C4366	The result of the unary '&' operator may be unaligned	x64	MVDM-DOS-OWNER-PACKAGE	must-read-x64-narrowing	narrowing/widening is not automatically a defect; determine guest fixed-width value, private native value, or host identity before selecting original correction, overlay, or mapping-manager boundary	T310-S8-P4-WARN-000214
T310-S8-P4-CLASS-000138	src/mvdm-host/dos/command/cmdredir.c	586	C4366	The result of the unary '&' operator may be unaligned	x64	MVDM-DOS-OWNER-PACKAGE	must-read-x64-narrowing	narrowing/widening is not automatically a defect; determine guest fixed-width value, private native value, or host identity before selecting original correction, overlay, or mapping-manager boundary	T310-S8-P4-WARN-000219
T310-S8-P4-CLASS-000139	src/mvdm-host/dos/command/cmdredir.c	605	C4366	The result of the unary '&' operator may be unaligned	x64	MVDM-DOS-OWNER-PACKAGE	must-read-x64-narrowing	narrowing/widening is not automatically a defect; determine guest fixed-width value, private native value, or host identity before selecting original correction, overlay, or mapping-manager boundary	T310-S8-P4-WARN-000220
T310-S8-P4-CLASS-000140	src/mvdm-host/dos/command/cmdredir.c	611	C4366	The result of the unary '&' operator may be unaligned	x64	MVDM-DOS-OWNER-PACKAGE	must-read-x64-narrowing	narrowing/widening is not automatically a defect; determine guest fixed-width value, private native value, or host identity before selecting original correction, overlay, or mapping-manager boundary	T310-S8-P4-WARN-000221
T310-S8-P4-CLASS-000141	src/mvdm-host/dos/command/cmdredir.c	639	C4366	The result of the unary '&' operator may be unaligned	x64	MVDM-DOS-OWNER-PACKAGE	must-read-x64-narrowing	narrowing/widening is not automatically a defect; determine guest fixed-width value, private native value, or host identity before selecting original correction, overlay, or mapping-manager boundary	T310-S8-P4-WARN-000222
T310-S8-P4-CLASS-000142	src/mvdm-host/dos/command/cmdredir.c	643	C4366	The result of the unary '&' operator may be unaligned	x64	MVDM-DOS-OWNER-PACKAGE	must-read-x64-narrowing	narrowing/widening is not automatically a defect; determine guest fixed-width value, private native value, or host identity before selecting original correction, overlay, or mapping-manager boundary	T310-S8-P4-WARN-000223
T310-S8-P4-CLASS-000143	src/mvdm-host/dos/command/cmdredir.c	645	C4366	The result of the unary '&' operator may be unaligned	x64	MVDM-DOS-OWNER-PACKAGE	must-read-x64-narrowing	narrowing/widening is not automatically a defect; determine guest fixed-width value, private native value, or host identity before selecting original correction, overlay, or mapping-manager boundary	T310-S8-P4-WARN-000224
T310-S8-P4-CLASS-000144	src/mvdm-host/dos/command/cmdredir.c	650	C4366	The result of the unary '&' operator may be unaligned	x64	MVDM-DOS-OWNER-PACKAGE	must-read-x64-narrowing	narrowing/widening is not automatically a defect; determine guest fixed-width value, private native value, or host identity before selecting original correction, overlay, or mapping-manager boundary	T310-S8-P4-WARN-000225
T310-S8-P4-CLASS-000145	src/mvdm-host/dos/command/cmdredir.c	676	C4366	The result of the unary '&' operator may be unaligned	x64	MVDM-DOS-OWNER-PACKAGE	must-read-x64-narrowing	narrowing/widening is not automatically a defect; determine guest fixed-width value, private native value, or host identity before selecting original correction, overlay, or mapping-manager boundary	T310-S8-P4-WARN-000226
T310-S8-P4-CLASS-000146	src/mvdm-host/dos/command/cmdredir.c	678	C4366	The result of the unary '&' operator may be unaligned	x64	MVDM-DOS-OWNER-PACKAGE	must-read-x64-narrowing	narrowing/widening is not automatically a defect; determine guest fixed-width value, private native value, or host identity before selecting original correction, overlay, or mapping-manager boundary	T310-S8-P4-WARN-000227
T310-S8-P4-CLASS-000147	src/mvdm-host/dos/command/cmdredir.c	682	C4366	The result of the unary '&' operator may be unaligned	x64	MVDM-DOS-OWNER-PACKAGE	must-read-x64-narrowing	narrowing/widening is not automatically a defect; determine guest fixed-width value, private native value, or host identity before selecting original correction, overlay, or mapping-manager boundary	T310-S8-P4-WARN-000228
T310-S8-P4-CLASS-000148	src/mvdm-host/dos/command/cmdredir.c	684	C4366	The result of the unary '&' operator may be unaligned	x64	MVDM-DOS-OWNER-PACKAGE	must-read-x64-narrowing	narrowing/widening is not automatically a defect; determine guest fixed-width value, private native value, or host identity before selecting original correction, overlay, or mapping-manager boundary	T310-S8-P4-WARN-000229
T310-S8-P4-CLASS-000150	src/mvdm-host/dos/dem/demdasd.c	491	C4244	'=': conversion from 'int' to 'BYTE', possible loss of data	x64,x86	MVDM-DOS-OWNER-PACKAGE	read-value-range-and-architecture-delta	narrowing/widening is not automatically a defect; determine guest fixed-width value, private native value, or host identity before selecting original correction, overlay, or mapping-manager boundary	T310-S8-P4-WARN-000232,T310-S8-P4-WARN-000233
T310-S8-P4-CLASS-000151	src/mvdm-host/dos/dem/demdasd.c	493	C4244	'=': conversion from 'int' to 'BYTE', possible loss of data	x64,x86	MVDM-DOS-OWNER-PACKAGE	read-value-range-and-architecture-delta	narrowing/widening is not automatically a defect; determine guest fixed-width value, private native value, or host identity before selecting original correction, overlay, or mapping-manager boundary	T310-S8-P4-WARN-000234,T310-S8-P4-WARN-000235
T310-S8-P4-CLASS-000154	src/mvdm-host/dos/dem/demdir.c	165	C4244	'=': conversion from 'int' to 'CHAR', possible loss of data	x64,x86	MVDM-DOS-OWNER-PACKAGE	read-value-range-and-architecture-delta	narrowing/widening is not automatically a defect; determine guest fixed-width value, private native value, or host identity before selecting original correction, overlay, or mapping-manager boundary	T310-S8-P4-WARN-000240,T310-S8-P4-WARN-000241
T310-S8-P4-CLASS-000156	src/mvdm-host/dos/dem/demerror.c	161	C4244	'=': conversion from 'int' to 'char', possible loss of data	x64,x86	MVDM-DOS-OWNER-PACKAGE	read-value-range-and-architecture-delta	narrowing/widening is not automatically a defect; determine guest fixed-width value, private native value, or host identity before selecting original correction, overlay, or mapping-manager boundary	T310-S8-P4-WARN-000244,T310-S8-P4-WARN-000245
T310-S8-P4-CLASS-000157	src/mvdm-host/dos/dem/demerror.c	306	C4244	'=': conversion from 'int' to 'CHAR', possible loss of data	x64,x86	MVDM-DOS-OWNER-PACKAGE	read-value-range-and-architecture-delta	narrowing/widening is not automatically a defect; determine guest fixed-width value, private native value, or host identity before selecting original correction, overlay, or mapping-manager boundary	T310-S8-P4-WARN-000246,T310-S8-P4-WARN-000247
T310-S8-P4-CLASS-000168	src/mvdm-host/dos/dem/demfcb.c	350	C4312	'type cast': conversion from 'DWORD' to 'HANDLE' of greater size	x64	MVDM-DOS-OWNER-PACKAGE	must-repair-width-or-pointer-abi	pointer/integer or variadic-width conversion; read the exact original value class and use a same-shaped native-width binding or the mapping manager	T310-S8-P4-WARN-000268
T310-S8-P4-CLASS-000169	src/mvdm-host/dos/dem/demfcb.c	454	C4312	'type cast': conversion from 'DWORD' to 'HANDLE' of greater size	x64	MVDM-DOS-OWNER-PACKAGE	must-repair-width-or-pointer-abi	pointer/integer or variadic-width conversion; read the exact original value class and use a same-shaped native-width binding or the mapping manager	T310-S8-P4-WARN-000269
T310-S8-P4-CLASS-000170	src/mvdm-host/dos/dem/demfcb.c	735	C4305	'type cast': truncation from 'HANDLE' to 'USHORT'	x64,x86	MVDM-DOS-OWNER-PACKAGE	read-value-range-and-architecture-delta	narrowing/widening is not automatically a defect; determine guest fixed-width value, private native value, or host identity before selecting original correction, overlay, or mapping-manager boundary	T310-S8-P4-WARN-000270,T310-S8-P4-WARN-000271
T310-S8-P4-CLASS-000171	src/mvdm-host/dos/dem/demfcb.c	736	C4311	'type cast': pointer truncation from 'HANDLE' to 'ULONG'	x64	MVDM-DOS-OWNER-PACKAGE	must-repair-width-or-pointer-abi	pointer/integer or variadic-width conversion; read the exact original value class and use a same-shaped native-width binding or the mapping manager	T310-S8-P4-WARN-000272
T310-S8-P4-CLASS-000172	src/mvdm-host/dos/dem/demfcb.c	744	C4131	'demGetMiscInfo': uses old-style declarator	x64,x86	MVDM-DOS-OWNER-PACKAGE	must-read-old-style-call-contract	K&R declaration may hide a modern parameter/return ABI mismatch; compare the selected declaration and callers before deciding whether it is a harmless source-style warning	T310-S8-P4-WARN-000273,T310-S8-P4-WARN-000274
T310-S8-P4-CLASS-000173	src/mvdm-host/dos/dem/demfile.c	331	C4305	'type cast': truncation from 'HANDLE' to 'USHORT'	x64,x86	MVDM-DOS-OWNER-PACKAGE	read-value-range-and-architecture-delta	narrowing/widening is not automatically a defect; determine guest fixed-width value, private native value, or host identity before selecting original correction, overlay, or mapping-manager boundary	T310-S8-P4-WARN-000275,T310-S8-P4-WARN-000276
T310-S8-P4-CLASS-000174	src/mvdm-host/dos/dem/demfile.c	332	C4311	'type cast': pointer truncation from 'HANDLE' to 'ULONG'	x64	MVDM-DOS-OWNER-PACKAGE	must-repair-width-or-pointer-abi	pointer/integer or variadic-width conversion; read the exact original value class and use a same-shaped native-width binding or the mapping manager	T310-S8-P4-WARN-000277
T310-S8-P4-CLASS-000175	src/mvdm-host/dos/dem/demfile.c	600	C4131	'demCreateCommon': uses old-style declarator	x64,x86	MVDM-DOS-OWNER-PACKAGE	must-read-old-style-call-contract	K&R declaration may hide a modern parameter/return ABI mismatch; compare the selected declaration and callers before deciding whether it is a harmless source-style warning	T310-S8-P4-WARN-000278,T310-S8-P4-WARN-000279
T310-S8-P4-CLASS-000177	src/mvdm-host/dos/dem/demfile.c	708	C4311	'type cast': pointer truncation from 'LPSTR' to 'ULONG'	x64	MVDM-DOS-OWNER-PACKAGE	must-repair-width-or-pointer-abi	pointer/integer or variadic-width conversion; read the exact original value class and use a same-shaped native-width binding or the mapping manager	T310-S8-P4-WARN-000282
T310-S8-P4-CLASS-000179	src/mvdm-host/dos/dem/demfile.c	733	C4305	'type cast': truncation from 'HANDLE' to 'USHORT'	x64,x86	MVDM-DOS-OWNER-PACKAGE	read-value-range-and-architecture-delta	narrowing/widening is not automatically a defect; determine guest fixed-width value, private native value, or host identity before selecting original correction, overlay, or mapping-manager boundary	T310-S8-P4-WARN-000285,T310-S8-P4-WARN-000286
T310-S8-P4-CLASS-000180	src/mvdm-host/dos/dem/demfile.c	734	C4311	'type cast': pointer truncation from 'HANDLE' to 'ULONG'	x64	MVDM-DOS-OWNER-PACKAGE	must-repair-width-or-pointer-abi	pointer/integer or variadic-width conversion; read the exact original value class and use a same-shaped native-width binding or the mapping manager	T310-S8-P4-WARN-000287
T310-S8-P4-CLASS-000181	src/mvdm-host/dos/dem/demfile.c	773	C4057	'function': 'LPSTR' differs in indirection to slightly different base types from 'UCHAR [260]'	x64,x86	MVDM-DOS-OWNER-PACKAGE	must-repair-call-abi	undeclared, old-style, or incompatible call/table contract may truncate a pointer or pass the wrong calling convention; reconcile declaration, definition, table slot and selected callers	T310-S8-P4-WARN-000288,T310-S8-P4-WARN-000289
T310-S8-P4-CLASS-000182	src/mvdm-host/dos/dem/demfile.c	774	C4057	'function': 'LPSTR' differs in indirection to slightly different base types from 'UCHAR [260]'	x64,x86	MVDM-DOS-OWNER-PACKAGE	must-repair-call-abi	undeclared, old-style, or incompatible call/table contract may truncate a pointer or pass the wrong calling convention; reconcile declaration, definition, table slot and selected callers	T310-S8-P4-WARN-000290,T310-S8-P4-WARN-000291
T310-S8-P4-CLASS-000183	src/mvdm-host/dos/dem/demfile.c	775	C4057	'function': 'const char *' differs in indirection to slightly different base types from 'UCHAR [260]'	x64,x86	MVDM-DOS-OWNER-PACKAGE	must-repair-call-abi	undeclared, old-style, or incompatible call/table contract may truncate a pointer or pass the wrong calling convention; reconcile declaration, definition, table slot and selected callers	T310-S8-P4-WARN-000292,T310-S8-P4-WARN-000293
T310-S8-P4-CLASS-000185	src/mvdm-host/dos/dem/demfile.c	1180	C4131	'VDDAllocateDosHandle': uses old-style declarator	x64,x86	MVDM-DOS-OWNER-PACKAGE	must-read-old-style-call-contract	K&R declaration may hide a modern parameter/return ABI mismatch; compare the selected declaration and callers before deciding whether it is a harmless source-style warning	T310-S8-P4-WARN-000296,T310-S8-P4-WARN-000297
T310-S8-P4-CLASS-000186	src/mvdm-host/dos/dem/demfile.c	1196	C4131	'VDDAssociateNtHandle': uses old-style declarator	x64,x86	MVDM-DOS-OWNER-PACKAGE	must-read-old-style-call-contract	K&R declaration may hide a modern parameter/return ABI mismatch; compare the selected declaration and callers before deciding whether it is a harmless source-style warning	T310-S8-P4-WARN-000298,T310-S8-P4-WARN-000299
T310-S8-P4-CLASS-000187	src/mvdm-host/dos/dem/demfile.c	1204	C4131	'VDDReleaseDosHandle': uses old-style declarator	x64,x86	MVDM-DOS-OWNER-PACKAGE	must-read-old-style-call-contract	K&R declaration may hide a modern parameter/return ABI mismatch; compare the selected declaration and callers before deciding whether it is a harmless source-style warning	T310-S8-P4-WARN-000300,T310-S8-P4-WARN-000301
T310-S8-P4-CLASS-000188	src/mvdm-host/dos/dem/demfile.c	1226	C4131	'VDDRetrieveNtHandle': uses old-style declarator	x64,x86	MVDM-DOS-OWNER-PACKAGE	must-read-old-style-call-contract	K&R declaration may hide a modern parameter/return ABI mismatch; compare the selected declaration and callers before deciding whether it is a harmless source-style warning	T310-S8-P4-WARN-000302,T310-S8-P4-WARN-000303
T310-S8-P4-CLASS-000189	src/mvdm-host/dos/dem/demgset.c	126	C4057	'function': 'LPBYTE' differs in indirection to slightly different base types from 'CHAR [260]'	x64,x86	MVDM-DOS-OWNER-PACKAGE	must-repair-call-abi	undeclared, old-style, or incompatible call/table contract may truncate a pointer or pass the wrong calling convention; reconcile declaration, definition, table slot and selected callers	T310-S8-P4-WARN-000304,T310-S8-P4-WARN-000305
T310-S8-P4-CLASS-000191	src/mvdm-host/dos/dem/demgset.c	370	C4244	'=': conversion from 'UINT' to 'UCHAR', possible loss of data	x64,x86	MVDM-DOS-OWNER-PACKAGE	read-value-range-and-architecture-delta	narrowing/widening is not automatically a defect; determine guest fixed-width value, private native value, or host identity before selecting original correction, overlay, or mapping-manager boundary	T310-S8-P4-WARN-000308,T310-S8-P4-WARN-000309
T310-S8-P4-CLASS-000194	src/mvdm-host/dos/dem/demgset.c	759	C4312	'type cast': conversion from 'unsigned int' to 'PDPB' of greater size	x64	MVDM-DOS-OWNER-PACKAGE	must-repair-width-or-pointer-abi	pointer/integer or variadic-width conversion; read the exact original value class and use a same-shaped native-width binding or the mapping manager	T310-S8-P4-WARN-000314
T310-S8-P4-CLASS-000195	src/mvdm-host/dos/dem/demgset.c	763	C4244	'=': conversion from 'int' to '__unaligned BYTE', possible loss of data	x64	MVDM-DOS-OWNER-PACKAGE	must-read-x64-narrowing	narrowing/widening is not automatically a defect; determine guest fixed-width value, private native value, or host identity before selecting original correction, overlay, or mapping-manager boundary	T310-S8-P4-WARN-000315
T310-S8-P4-CLASS-000196	src/mvdm-host/dos/dem/demgset.c	763	C4244	'=': conversion from 'int' to 'BYTE', possible loss of data	x86	MVDM-DOS-OWNER-PACKAGE	read-value-range-and-architecture-delta	narrowing/widening is not automatically a defect; determine guest fixed-width value, private native value, or host identity before selecting original correction, overlay, or mapping-manager boundary	T310-S8-P4-WARN-000316
T310-S8-P4-CLASS-000200	src/mvdm-host/dos/dem/demgset.c	1011	C4312	'type cast': conversion from 'ULONG' to 'PDPB' of greater size	x64	MVDM-DOS-OWNER-PACKAGE	must-repair-width-or-pointer-abi	pointer/integer or variadic-width conversion; read the exact original value class and use a same-shaped native-width binding or the mapping manager	T310-S8-P4-WARN-000323
T310-S8-P4-CLASS-000201	src/mvdm-host/dos/dem/demhndl.c	72	C4312	'type cast': conversion from 'DWORD' to 'HANDLE' of greater size	x64	MVDM-DOS-OWNER-PACKAGE	must-repair-width-or-pointer-abi	pointer/integer or variadic-width conversion; read the exact original value class and use a same-shaped native-width binding or the mapping manager	T310-S8-P4-WARN-000324
T310-S8-P4-CLASS-000202	src/mvdm-host/dos/dem/demhndl.c	145	C4312	'type cast': conversion from 'DWORD' to 'HANDLE' of greater size	x64	MVDM-DOS-OWNER-PACKAGE	must-repair-width-or-pointer-abi	pointer/integer or variadic-width conversion; read the exact original value class and use a same-shaped native-width binding or the mapping manager	T310-S8-P4-WARN-000325
T310-S8-P4-CLASS-000203	src/mvdm-host/dos/dem/demhndl.c	212	C4057	'function': 'PLONG' differs in indirection to slightly different base types from 'ULONG *'	x64,x86	MVDM-DOS-OWNER-PACKAGE	must-repair-call-abi	undeclared, old-style, or incompatible call/table contract may truncate a pointer or pass the wrong calling convention; reconcile declaration, definition, table slot and selected callers	T310-S8-P4-WARN-000326,T310-S8-P4-WARN-000327
T310-S8-P4-CLASS-000204	src/mvdm-host/dos/dem/demhndl.c	281	C4312	'type cast': conversion from 'DWORD' to 'HANDLE' of greater size	x64	MVDM-DOS-OWNER-PACKAGE	must-repair-width-or-pointer-abi	pointer/integer or variadic-width conversion; read the exact original value class and use a same-shaped native-width binding or the mapping manager	T310-S8-P4-WARN-000328
T310-S8-P4-CLASS-000205	src/mvdm-host/dos/dem/demhndl.c	312	C4057	'function': 'PLONG' differs in indirection to slightly different base types from 'ULONG *'	x64,x86	MVDM-DOS-OWNER-PACKAGE	must-repair-call-abi	undeclared, old-style, or incompatible call/table contract may truncate a pointer or pass the wrong calling convention; reconcile declaration, definition, table slot and selected callers	T310-S8-P4-WARN-000329,T310-S8-P4-WARN-000330
T310-S8-P4-CLASS-000206	src/mvdm-host/dos/dem/demhndl.c	393	C4312	'type cast': conversion from 'DWORD' to 'HANDLE' of greater size	x64	MVDM-DOS-OWNER-PACKAGE	must-repair-width-or-pointer-abi	pointer/integer or variadic-width conversion; read the exact original value class and use a same-shaped native-width binding or the mapping manager	T310-S8-P4-WARN-000331
T310-S8-P4-CLASS-000207	src/mvdm-host/dos/dem/demhndl.c	475	C4312	'type cast': conversion from 'DWORD' to 'HANDLE' of greater size	x64	MVDM-DOS-OWNER-PACKAGE	must-repair-width-or-pointer-abi	pointer/integer or variadic-width conversion; read the exact original value class and use a same-shaped native-width binding or the mapping manager	T310-S8-P4-WARN-000332
T310-S8-P4-CLASS-000208	src/mvdm-host/dos/dem/demhndl.c	545	C4312	'type cast': conversion from 'DWORD' to 'HANDLE' of greater size	x64	MVDM-DOS-OWNER-PACKAGE	must-repair-width-or-pointer-abi	pointer/integer or variadic-width conversion; read the exact original value class and use a same-shaped native-width binding or the mapping manager	T310-S8-P4-WARN-000333
T310-S8-P4-CLASS-000209	src/mvdm-host/dos/dem/demhndl.c	589	C4312	'type cast': conversion from 'DWORD' to 'HANDLE' of greater size	x64	MVDM-DOS-OWNER-PACKAGE	must-repair-width-or-pointer-abi	pointer/integer or variadic-width conversion; read the exact original value class and use a same-shaped native-width binding or the mapping manager	T310-S8-P4-WARN-000334
T310-S8-P4-CLASS-000210	src/mvdm-host/dos/dem/demhndl.c	615	C4312	'type cast': conversion from 'DWORD' to 'HANDLE' of greater size	x64	MVDM-DOS-OWNER-PACKAGE	must-repair-width-or-pointer-abi	pointer/integer or variadic-width conversion; read the exact original value class and use a same-shaped native-width binding or the mapping manager	T310-S8-P4-WARN-000335
T310-S8-P4-CLASS-000213	src/mvdm-host/dos/dem/demlock.c	32	C4312	'type cast': conversion from 'DWORD' to 'HANDLE' of greater size	x64	MVDM-DOS-OWNER-PACKAGE	must-repair-width-or-pointer-abi	pointer/integer or variadic-width conversion; read the exact original value class and use a same-shaped native-width binding or the mapping manager	T310-S8-P4-WARN-000340
T310-S8-P4-CLASS-000217	src/mvdm-host/dos/dem/demmisc.c	189	C4312	'type cast': conversion from 'unsigned int' to 'HANDLE' of greater size	x64	MVDM-DOS-OWNER-PACKAGE	must-repair-width-or-pointer-abi	pointer/integer or variadic-width conversion; read the exact original value class and use a same-shaped native-width binding or the mapping manager	T310-S8-P4-WARN-000347
T310-S8-P4-CLASS-000218	src/mvdm-host/dos/dem/demmisc.c	198	C4311	'type cast': pointer truncation from 'PBYTE' to 'ULONG'	x64	MVDM-DOS-OWNER-PACKAGE	must-repair-width-or-pointer-abi	pointer/integer or variadic-width conversion; read the exact original value class and use a same-shaped native-width binding or the mapping manager	T310-S8-P4-WARN-000348
T310-S8-P4-CLASS-000219	src/mvdm-host/dos/dem/demmisc.c	198	C4312	'type cast': conversion from 'unsigned long' to 'PBYTE' of greater size	x64	MVDM-DOS-OWNER-PACKAGE	must-repair-width-or-pointer-abi	pointer/integer or variadic-width conversion; read the exact original value class and use a same-shaped native-width binding or the mapping manager	T310-S8-P4-WARN-000349
T310-S8-P4-CLASS-000225	src/mvdm-host/dos/dem/demmisc.c	467	C4013	'DbgPrompt' undefined; assuming extern returning int	x64,x86	MVDM-DOS-OWNER-PACKAGE	must-repair-call-abi	undeclared, old-style, or incompatible call/table contract may truncate a pointer or pass the wrong calling convention; reconcile declaration, definition, table slot and selected callers	T310-S8-P4-WARN-000360,T310-S8-P4-WARN-000361
T310-S8-P4-CLASS-000227	src/mvdm-host/dos/dem/demmisc.c	520	C4267	'=': conversion from 'size_t' to 'DWORD', possible loss of data	x64	MVDM-DOS-OWNER-PACKAGE	must-read-x64-narrowing	narrowing/widening is not automatically a defect; determine guest fixed-width value, private native value, or host identity before selecting original correction, overlay, or mapping-manager boundary	T310-S8-P4-WARN-000364
T310-S8-P4-CLASS-000258	src/mvdm-host/softpc.new/host/src/sim32.c	191	C4013	'sas_overwrite_memory' undefined; assuming extern returning int	x64,x86	MVDM-SIM32-OWNER-PACKAGE	must-repair-call-abi	undeclared, old-style, or incompatible call/table contract may truncate a pointer or pass the wrong calling convention; reconcile declaration, definition, table slot and selected callers	T310-S8-P4-WARN-000425,T310-S8-P4-WARN-000426
T310-S8-P4-CLASS-000263	src/mvdm-host/softpc.new/host/src/sim32.c	283	C4244	'=': conversion from 'int' to 'IU8', possible loss of data	x64,x86	MVDM-SIM32-OWNER-PACKAGE	read-value-range-and-architecture-delta	narrowing/widening is not automatically a defect; determine guest fixed-width value, private native value, or host identity before selecting original correction, overlay, or mapping-manager boundary	T310-S8-P4-WARN-000435,T310-S8-P4-WARN-000436
T310-S8-P4-CLASS-000264	src/mvdm-host/softpc.new/host/src/sim32.c	294	C4244	'=': conversion from 'int' to 'IU8', possible loss of data	x64,x86	MVDM-SIM32-OWNER-PACKAGE	read-value-range-and-architecture-delta	narrowing/widening is not automatically a defect; determine guest fixed-width value, private native value, or host identity before selecting original correction, overlay, or mapping-manager boundary	T310-S8-P4-WARN-000437,T310-S8-P4-WARN-000438
T310-S8-P4-CLASS-000267	src/mvdm-host/xms.486/xmsblock.c	54	C4013	'DbgPrint' undefined; assuming extern returning int	x64,x86	MVDM-XMS.486-OWNER-PACKAGE	must-repair-call-abi	undeclared, old-style, or incompatible call/table contract may truncate a pointer or pass the wrong calling convention; reconcile declaration, definition, table slot and selected callers	T310-S8-P4-WARN-000443,T310-S8-P4-WARN-000444
T310-S8-P4-CLASS-000269	src/mvdm-host/xms.486/xmsblock.c	183	C4213	nonstandard extension used: cast on l-value	x64,x86	MVDM-XMS.486-OWNER-PACKAGE	unclassified-read-source	warning class has no approved general disposition; read original source, declaration and selected caller before any change	T310-S8-P4-WARN-000447,T310-S8-P4-WARN-000449
T310-S8-P4-CLASS-000270	src/mvdm-host/xms.486/xmsblock.c	183	C4311	'type cast': pointer truncation from 'PBYTE' to 'ULONG'	x64	MVDM-XMS.486-OWNER-PACKAGE	must-repair-width-or-pointer-abi	pointer/integer or variadic-width conversion; read the exact original value class and use a same-shaped native-width binding or the mapping manager	T310-S8-P4-WARN-000448
T310-S8-P4-CLASS-000271	src/mvdm-host/xms.486/xmsblock.c	186	C4213	nonstandard extension used: cast on l-value	x64,x86	MVDM-XMS.486-OWNER-PACKAGE	unclassified-read-source	warning class has no approved general disposition; read original source, declaration and selected caller before any change	T310-S8-P4-WARN-000450,T310-S8-P4-WARN-000452
T310-S8-P4-CLASS-000272	src/mvdm-host/xms.486/xmsblock.c	186	C4311	'type cast': pointer truncation from 'PBYTE' to 'ULONG'	x64	MVDM-XMS.486-OWNER-PACKAGE	must-repair-width-or-pointer-abi	pointer/integer or variadic-width conversion; read the exact original value class and use a same-shaped native-width binding or the mapping manager	T310-S8-P4-WARN-000451
T310-S8-P4-CLASS-000273	src/mvdm-host/xms.486/xmsblock.c	187	C4213	nonstandard extension used: cast on l-value	x64,x86	MVDM-XMS.486-OWNER-PACKAGE	unclassified-read-source	warning class has no approved general disposition; read original source, declaration and selected caller before any change	T310-S8-P4-WARN-000453,T310-S8-P4-WARN-000455
T310-S8-P4-CLASS-000274	src/mvdm-host/xms.486/xmsblock.c	187	C4311	'type cast': pointer truncation from 'PBYTE' to 'DWORD'	x64	MVDM-XMS.486-OWNER-PACKAGE	must-repair-width-or-pointer-abi	pointer/integer or variadic-width conversion; read the exact original value class and use a same-shaped native-width binding or the mapping manager	T310-S8-P4-WARN-000454
T310-S8-P4-CLASS-000275	src/mvdm-host/xms.486/xmsblock.c	188	C4213	nonstandard extension used: cast on l-value	x64,x86	MVDM-XMS.486-OWNER-PACKAGE	unclassified-read-source	warning class has no approved general disposition; read original source, declaration and selected caller before any change	T310-S8-P4-WARN-000456,T310-S8-P4-WARN-000458
T310-S8-P4-CLASS-000276	src/mvdm-host/xms.486/xmsblock.c	188	C4311	'type cast': pointer truncation from 'PBYTE' to 'ULONG'	x64	MVDM-XMS.486-OWNER-PACKAGE	must-repair-width-or-pointer-abi	pointer/integer or variadic-width conversion; read the exact original value class and use a same-shaped native-width binding or the mapping manager	T310-S8-P4-WARN-000457
T310-S8-P4-CLASS-000277	src/mvdm-host/xms.486/xmsblock.c	189	C4213	nonstandard extension used: cast on l-value	x64,x86	MVDM-XMS.486-OWNER-PACKAGE	unclassified-read-source	warning class has no approved general disposition; read original source, declaration and selected caller before any change	T310-S8-P4-WARN-000459,T310-S8-P4-WARN-000461
T310-S8-P4-CLASS-000278	src/mvdm-host/xms.486/xmsblock.c	189	C4311	'type cast': pointer truncation from 'PBYTE' to 'DWORD'	x64	MVDM-XMS.486-OWNER-PACKAGE	must-repair-width-or-pointer-abi	pointer/integer or variadic-width conversion; read the exact original value class and use a same-shaped native-width binding or the mapping manager	T310-S8-P4-WARN-000460
T310-S8-P4-CLASS-000279	src/mvdm-host/xms.486/xmsblock.c	197	C4311	'type cast': pointer truncation from 'UCHAR *' to 'ULONG'	x64	MVDM-XMS.486-OWNER-PACKAGE	must-repair-width-or-pointer-abi	pointer/integer or variadic-width conversion; read the exact original value class and use a same-shaped native-width binding or the mapping manager	T310-S8-P4-WARN-000462
T310-S8-P4-CLASS-000280	src/mvdm-host/xms.486/xmsblock.c	198	C4311	'type cast': pointer truncation from 'PBYTE' to 'ULONG'	x64	MVDM-XMS.486-OWNER-PACKAGE	must-repair-width-or-pointer-abi	pointer/integer or variadic-width conversion; read the exact original value class and use a same-shaped native-width binding or the mapping manager	T310-S8-P4-WARN-000463
T310-S8-P4-CLASS-000281	src/mvdm-host/xms.486/xmsblock.c	198	C4312	'type cast': conversion from 'unsigned long' to 'PVOID' of greater size	x64	MVDM-XMS.486-OWNER-PACKAGE	must-repair-width-or-pointer-abi	pointer/integer or variadic-width conversion; read the exact original value class and use a same-shaped native-width binding or the mapping manager	T310-S8-P4-WARN-000464
T310-S8-P4-CLASS-000282	src/mvdm-host/xms.486/xmsumb.c	58	C4311	'type cast': pointer truncation from 'void *' to 'unsigned long'	x64	MVDM-XMS.486-OWNER-PACKAGE	must-repair-width-or-pointer-abi	pointer/integer or variadic-width conversion; read the exact original value class and use a same-shaped native-width binding or the mapping manager	T310-S8-P4-WARN-000465
T310-S8-P4-CLASS-000283	src/mvdm-host/xms.486/xmsumb.c	112	C4311	'type cast': pointer truncation from 'void *' to 'unsigned long'	x64	MVDM-XMS.486-OWNER-PACKAGE	must-repair-width-or-pointer-abi	pointer/integer or variadic-width conversion; read the exact original value class and use a same-shaped native-width binding or the mapping manager	T310-S8-P4-WARN-000466
T310-S8-P4-CLASS-000284	src/mvdm-host/softpc.new/base/bios/cmos_bis.c	143	C4131	'cmos_read': uses old-style declarator	x64,x86	SPC-BIOS-FIRMWARE-BINDINGS	must-read-old-style-call-contract	K&R declaration may hide a modern parameter/return ABI mismatch; compare the selected declaration and callers before deciding whether it is a harmless source-style warning	T310-S8-P4-WARN-000467,T310-S8-P4-WARN-000468
T310-S8-P4-CLASS-000285	src/mvdm-host/softpc.new/base/bios/cmos_bis.c	178	C4131	'cmos_write': uses old-style declarator	x64,x86	SPC-BIOS-FIRMWARE-BINDINGS	must-read-old-style-call-contract	K&R declaration may hide a modern parameter/return ABI mismatch; compare the selected declaration and callers before deciding whether it is a harmless source-style warning	T310-S8-P4-WARN-000469,T310-S8-P4-WARN-000470
T310-S8-P4-CLASS-000286	src/mvdm-host/softpc.new/base/bios/emm_fncs.c	437	C4305	'type cast': truncation from 'void *' to 'IS16'	x64,x86	SPC-BIOS-FIRMWARE-BINDINGS	read-value-range-and-architecture-delta	narrowing/widening is not automatically a defect; determine guest fixed-width value, private native value, or host identity before selecting original correction, overlay, or mapping-manager boundary	T310-S8-P4-WARN-000471,T310-S8-P4-WARN-000472
T310-S8-P4-CLASS-000287	src/mvdm-host/softpc.new/base/bios/emm_fncs.c	442	C4310	cast truncates constant value	x64,x86	SPC-BIOS-FIRMWARE-BINDINGS	read-value-range-and-architecture-delta	narrowing/widening is not automatically a defect; determine guest fixed-width value, private native value, or host identity before selecting original correction, overlay, or mapping-manager boundary	T310-S8-P4-WARN-000473,T310-S8-P4-WARN-000474
T310-S8-P4-CLASS-000288	src/mvdm-host/softpc.new/base/bios/emm_fncs.c	878	C4244	'function': conversion from 'short' to 'unsigned char', possible loss of data	x64,x86	SPC-BIOS-FIRMWARE-BINDINGS	read-value-range-and-architecture-delta	narrowing/widening is not automatically a defect; determine guest fixed-width value, private native value, or host identity before selecting original correction, overlay, or mapping-manager boundary	T310-S8-P4-WARN-000475,T310-S8-P4-WARN-000476
T310-S8-P4-CLASS-000289	src/mvdm-host/softpc.new/base/bios/emm_fncs.c	884	C4244	'function': conversion from 'short' to 'unsigned char', possible loss of data	x64,x86	SPC-BIOS-FIRMWARE-BINDINGS	read-value-range-and-architecture-delta	narrowing/widening is not automatically a defect; determine guest fixed-width value, private native value, or host identity before selecting original correction, overlay, or mapping-manager boundary	T310-S8-P4-WARN-000477,T310-S8-P4-WARN-000478
T310-S8-P4-CLASS-000290	src/mvdm-host/softpc.new/base/bios/emm_fncs.c	1076	C4244	'function': conversion from 'short' to 'unsigned char', possible loss of data	x64,x86	SPC-BIOS-FIRMWARE-BINDINGS	read-value-range-and-architecture-delta	narrowing/widening is not automatically a defect; determine guest fixed-width value, private native value, or host identity before selecting original correction, overlay, or mapping-manager boundary	T310-S8-P4-WARN-000479,T310-S8-P4-WARN-000480
T310-S8-P4-CLASS-000291	src/mvdm-host/softpc.new/base/bios/emm_fncs.c	1082	C4244	'function': conversion from 'short' to 'unsigned char', possible loss of data	x64,x86	SPC-BIOS-FIRMWARE-BINDINGS	read-value-range-and-architecture-delta	narrowing/widening is not automatically a defect; determine guest fixed-width value, private native value, or host identity before selecting original correction, overlay, or mapping-manager boundary	T310-S8-P4-WARN-000481,T310-S8-P4-WARN-000482
T310-S8-P4-CLASS-000292	src/mvdm-host/softpc.new/base/bios/emm_fncs.c	1162	C4244	'function': conversion from 'short' to 'unsigned char', possible loss of data	x64,x86	SPC-BIOS-FIRMWARE-BINDINGS	read-value-range-and-architecture-delta	narrowing/widening is not automatically a defect; determine guest fixed-width value, private native value, or host identity before selecting original correction, overlay, or mapping-manager boundary	T310-S8-P4-WARN-000483,T310-S8-P4-WARN-000484
T310-S8-P4-CLASS-000293	src/mvdm-host/softpc.new/base/bios/emm_fncs.c	1168	C4244	'function': conversion from 'short' to 'unsigned char', possible loss of data	x64,x86	SPC-BIOS-FIRMWARE-BINDINGS	read-value-range-and-architecture-delta	narrowing/widening is not automatically a defect; determine guest fixed-width value, private native value, or host identity before selecting original correction, overlay, or mapping-manager boundary	T310-S8-P4-WARN-000485,T310-S8-P4-WARN-000486
T310-S8-P4-CLASS-000294	src/mvdm-host/softpc.new/base/bios/emm_fncs.c	2138	C4018	'<': signed/unsigned mismatch	x64,x86	SPC-BIOS-FIRMWARE-BINDINGS	unclassified-read-source	warning class has no approved general disposition; read original source, declaration and selected caller before any change	T310-S8-P4-WARN-000487,T310-S8-P4-WARN-000488
T310-S8-P4-CLASS-000295	src/mvdm-host/softpc.new/base/bios/emm_fncs.c	2139	C4018	'<': signed/unsigned mismatch	x64,x86	SPC-BIOS-FIRMWARE-BINDINGS	unclassified-read-source	warning class has no approved general disposition; read original source, declaration and selected caller before any change	T310-S8-P4-WARN-000489,T310-S8-P4-WARN-000490
T310-S8-P4-CLASS-000296	src/mvdm-host/softpc.new/base/bios/emm_fncs.c	2193	C4244	'+=': conversion from 'unsigned long' to 'unsigned short', possible loss of data	x64,x86	SPC-BIOS-FIRMWARE-BINDINGS	read-value-range-and-architecture-delta	narrowing/widening is not automatically a defect; determine guest fixed-width value, private native value, or host identity before selecting original correction, overlay, or mapping-manager boundary	T310-S8-P4-WARN-000491,T310-S8-P4-WARN-000492
T310-S8-P4-CLASS-000297	src/mvdm-host/softpc.new/base/bios/emm_fncs.c	2203	C4244	'=': conversion from 'unsigned long' to 'unsigned short', possible loss of data	x64,x86	SPC-BIOS-FIRMWARE-BINDINGS	read-value-range-and-architecture-delta	narrowing/widening is not automatically a defect; determine guest fixed-width value, private native value, or host identity before selecting original correction, overlay, or mapping-manager boundary	T310-S8-P4-WARN-000493,T310-S8-P4-WARN-000494
T310-S8-P4-CLASS-000298	src/mvdm-host/softpc.new/base/bios/emm_fncs.c	2206	C4244	'+=': conversion from 'unsigned long' to 'unsigned short', possible loss of data	x64,x86	SPC-BIOS-FIRMWARE-BINDINGS	read-value-range-and-architecture-delta	narrowing/widening is not automatically a defect; determine guest fixed-width value, private native value, or host identity before selecting original correction, overlay, or mapping-manager boundary	T310-S8-P4-WARN-000495,T310-S8-P4-WARN-000496
T310-S8-P4-CLASS-000299	src/mvdm-host/softpc.new/base/bios/emm_fncs.c	2475	C4244	'function': conversion from 'unsigned short' to 'IU8', possible loss of data	x64,x86	SPC-BIOS-FIRMWARE-BINDINGS	read-value-range-and-architecture-delta	narrowing/widening is not automatically a defect; determine guest fixed-width value, private native value, or host identity before selecting original correction, overlay, or mapping-manager boundary	T310-S8-P4-WARN-000497,T310-S8-P4-WARN-000498
T310-S8-P4-CLASS-000300	src/mvdm-host/softpc.new/base/bios/emm_fncs.c	2521	C4244	'function': conversion from 'unsigned short' to 'IU8', possible loss of data	x64,x86	SPC-BIOS-FIRMWARE-BINDINGS	read-value-range-and-architecture-delta	narrowing/widening is not automatically a defect; determine guest fixed-width value, private native value, or host identity before selecting original correction, overlay, or mapping-manager boundary	T310-S8-P4-WARN-000499,T310-S8-P4-WARN-000500
T310-S8-P4-CLASS-000301	src/mvdm-host/softpc.new/base/bios/reset.c	295	C4131	'ppi_get_switches': uses old-style declarator	x64,x86	SPC-BIOS-FIRMWARE-BINDINGS	must-read-old-style-call-contract	K&R declaration may hide a modern parameter/return ABI mismatch; compare the selected declaration and callers before deciding whether it is a harmless source-style warning	T310-S8-P4-WARN-000501,T310-S8-P4-WARN-000502
T310-S8-P4-CLASS-000302	src/mvdm-host/softpc.new/base/bios/reset.c	336	C4311	'type cast': pointer truncation from 'void *' to 'unsigned long'	x64	SPC-BIOS-FIRMWARE-BINDINGS	must-repair-width-or-pointer-abi	pointer/integer or variadic-width conversion; read the exact original value class and use a same-shaped native-width binding or the mapping manager	T310-S8-P4-WARN-000503
T310-S8-P4-CLASS-000305	src/mvdm-host/softpc.new/base/bios/reset.c	716	C4244	'function': conversion from 'int' to 'IU8', possible loss of data	x64,x86	SPC-BIOS-FIRMWARE-BINDINGS	read-value-range-and-architecture-delta	narrowing/widening is not automatically a defect; determine guest fixed-width value, private native value, or host identity before selecting original correction, overlay, or mapping-manager boundary	T310-S8-P4-WARN-000508,T310-S8-P4-WARN-000509
T310-S8-P4-CLASS-000306	src/mvdm-host/softpc.new/base/bios/reset.c	857	C4244	'=': conversion from 'unsigned long' to 'IS16', possible loss of data	x64,x86	SPC-BIOS-FIRMWARE-BINDINGS	read-value-range-and-architecture-delta	narrowing/widening is not automatically a defect; determine guest fixed-width value, private native value, or host identity before selecting original correction, overlay, or mapping-manager boundary	T310-S8-P4-WARN-000510,T310-S8-P4-WARN-000512
T310-S8-P4-CLASS-000307	src/mvdm-host/softpc.new/base/bios/reset.c	857	C4311	'type cast': pointer truncation from 'void *' to 'unsigned long'	x64	SPC-BIOS-FIRMWARE-BINDINGS	must-repair-width-or-pointer-abi	pointer/integer or variadic-width conversion; read the exact original value class and use a same-shaped native-width binding or the mapping manager	T310-S8-P4-WARN-000511
T310-S8-P4-CLASS-000308	src/mvdm-host/softpc.new/base/bios/reset.c	1117	C4013	'cmos_clear_shutdown_byte' undefined; assuming extern returning int	x64,x86	SPC-BIOS-FIRMWARE-BINDINGS	must-repair-call-abi	undeclared, old-style, or incompatible call/table contract may truncate a pointer or pass the wrong calling convention; reconcile declaration, definition, table slot and selected callers	T310-S8-P4-WARN-000513,T310-S8-P4-WARN-000514
T310-S8-P4-CLASS-000311	src/mvdm-host/softpc.new/base/bios/tape_io.c	184	C4013	'xmsDisableA20Wrapping' undefined; assuming extern returning int	x64,x86	SPC-BIOS-FIRMWARE-BINDINGS	must-repair-call-abi	undeclared, old-style, or incompatible call/table contract may truncate a pointer or pass the wrong calling convention; reconcile declaration, definition, table slot and selected callers	T310-S8-P4-WARN-000519,T310-S8-P4-WARN-000520
T310-S8-P4-CLASS-000312	src/mvdm-host/softpc.new/base/bios/tape_io.c	186	C4013	'xmsEnableA20Wrapping' undefined; assuming extern returning int	x64,x86	SPC-BIOS-FIRMWARE-BINDINGS	must-repair-call-abi	undeclared, old-style, or incompatible call/table contract may truncate a pointer or pass the wrong calling convention; reconcile declaration, definition, table slot and selected callers	T310-S8-P4-WARN-000521,T310-S8-P4-WARN-000522
T310-S8-P4-CLASS-000313	src/mvdm-host/softpc.new/base/bios/virtual.c	315	C4431	missing type specifier - int assumed. Note: C no longer supports default-int	x64,x86	SPC-BIOS-FIRMWARE-BINDINGS	must-repair-call-abi	undeclared, old-style, or incompatible call/table contract may truncate a pointer or pass the wrong calling convention; reconcile declaration, definition, table slot and selected callers	T310-S8-P4-WARN-000523,T310-S8-P4-WARN-000524
T310-S8-P4-CLASS-000314	src/mvdm-host/softpc.new/base/bios/virtual.c	385	C4013	'calloc' undefined; assuming extern returning int	x64,x86	SPC-BIOS-FIRMWARE-BINDINGS	must-repair-call-abi	undeclared, old-style, or incompatible call/table contract may truncate a pointer or pass the wrong calling convention; reconcile declaration, definition, table slot and selected callers	T310-S8-P4-WARN-000525,T310-S8-P4-WARN-000527
T310-S8-P4-CLASS-000315	src/mvdm-host/softpc.new/base/bios/virtual.c	385	C4312	'type cast': conversion from 'int' to 'IHP *' of greater size	x64	SPC-BIOS-FIRMWARE-BINDINGS	must-repair-width-or-pointer-abi	pointer/integer or variadic-width conversion; read the exact original value class and use a same-shaped native-width binding or the mapping manager	T310-S8-P4-WARN-000526
T310-S8-P4-CLASS-000316	src/mvdm-host/softpc.new/base/bios/virtual.c	397	C4013	'malloc' undefined; assuming extern returning int	x64,x86	SPC-BIOS-FIRMWARE-BINDINGS	must-repair-call-abi	undeclared, old-style, or incompatible call/table contract may truncate a pointer or pass the wrong calling convention; reconcile declaration, definition, table slot and selected callers	T310-S8-P4-WARN-000528,T310-S8-P4-WARN-000530
T310-S8-P4-CLASS-000317	src/mvdm-host/softpc.new/base/bios/virtual.c	397	C4312	'type cast': conversion from 'int' to 'IHP' of greater size	x64	SPC-BIOS-FIRMWARE-BINDINGS	must-repair-width-or-pointer-abi	pointer/integer or variadic-width conversion; read the exact original value class and use a same-shaped native-width binding or the mapping manager	T310-S8-P4-WARN-000529
T310-S8-P4-CLASS-000318	src/mvdm-host/softpc.new/base/bios/virtual.c	405	C4013	'free' undefined; assuming extern returning int	x64,x86	SPC-BIOS-FIRMWARE-BINDINGS	must-repair-call-abi	undeclared, old-style, or incompatible call/table contract may truncate a pointer or pass the wrong calling convention; reconcile declaration, definition, table slot and selected callers	T310-S8-P4-WARN-000531,T310-S8-P4-WARN-000532
T310-S8-P4-CLASS-000319	src/mvdm-host/softpc.new/base/bios/virtual.c	500	C4244	'function': conversion from 'int' to 'IU8', possible loss of data	x64,x86	SPC-BIOS-FIRMWARE-BINDINGS	read-value-range-and-architecture-delta	narrowing/widening is not automatically a defect; determine guest fixed-width value, private native value, or host identity before selecting original correction, overlay, or mapping-manager boundary	T310-S8-P4-WARN-000533,T310-S8-P4-WARN-000534
T310-S8-P4-CLASS-000320	src/mvdm-host/softpc.new/base/bios/virtual.c	613	C4312	'type cast': conversion from 'int' to 'IHP' of greater size	x64	SPC-BIOS-FIRMWARE-BINDINGS	must-repair-width-or-pointer-abi	pointer/integer or variadic-width conversion; read the exact original value class and use a same-shaped native-width binding or the mapping manager	T310-S8-P4-WARN-000535
T310-S8-P4-CLASS-000321	src/mvdm-host/softpc.new/base/bios/virtual.c	652	C4244	'=': conversion from '__int64' to 'int', possible loss of data	x64	SPC-BIOS-FIRMWARE-BINDINGS	must-read-x64-narrowing	narrowing/widening is not automatically a defect; determine guest fixed-width value, private native value, or host identity before selecting original correction, overlay, or mapping-manager boundary	T310-S8-P4-WARN-000536
T310-S8-P4-CLASS-000322	src/mvdm-host/softpc.new/base/bios/virtual.c	735	C4244	'function': conversion from 'int' to 'IU8', possible loss of data	x64,x86	SPC-BIOS-FIRMWARE-BINDINGS	read-value-range-and-architecture-delta	narrowing/widening is not automatically a defect; determine guest fixed-width value, private native value, or host identity before selecting original correction, overlay, or mapping-manager boundary	T310-S8-P4-WARN-000537,T310-S8-P4-WARN-000538
T310-S8-P4-CLASS-000323	src/mvdm-host/softpc.new/base/bios/virtual.c	757	C4244	'function': conversion from 'int' to 'IU8', possible loss of data	x64,x86	SPC-BIOS-FIRMWARE-BINDINGS	read-value-range-and-architecture-delta	narrowing/widening is not automatically a defect; determine guest fixed-width value, private native value, or host identity before selecting original correction, overlay, or mapping-manager boundary	T310-S8-P4-WARN-000539,T310-S8-P4-WARN-000540
T310-S8-P4-CLASS-000324	src/mvdm-host/softpc.new/base/bios/virtual.c	791	C4013	'ClearInstanceDataMarking' undefined; assuming extern returning int	x64,x86	SPC-BIOS-FIRMWARE-BINDINGS	must-repair-call-abi	undeclared, old-style, or incompatible call/table contract may truncate a pointer or pass the wrong calling convention; reconcile declaration, definition, table slot and selected callers	T310-S8-P4-WARN-000541,T310-S8-P4-WARN-000542
T310-S8-P4-CLASS-000326	src/mvdm-host/softpc.new/base/ccpu386/aad.c	45	C4244	'=': conversion from 'IU32' to 'IU8', possible loss of data	x64,x86	SPC-CCPU-EXECUTOR-DISPATCH	read-value-range-and-architecture-delta	narrowing/widening is not automatically a defect; determine guest fixed-width value, private native value, or host identity before selecting original correction, overlay, or mapping-manager boundary	T310-S8-P4-WARN-000545,T310-S8-P4-WARN-000546
T310-S8-P4-CLASS-000327	src/mvdm-host/softpc.new/base/ccpu386/aam.c	49	C4244	'=': conversion from 'IU32' to 'IU8', possible loss of data	x64,x86	SPC-CCPU-EXECUTOR-DISPATCH	read-value-range-and-architecture-delta	narrowing/widening is not automatically a defect; determine guest fixed-width value, private native value, or host identity before selecting original correction, overlay, or mapping-manager boundary	T310-S8-P4-WARN-000547,T310-S8-P4-WARN-000548
T310-S8-P4-CLASS-000334	src/mvdm-host/softpc.new/base/ccpu386/c_addr.c	594	C4018	'<': signed/unsigned mismatch	x64,x86	SPC-CCPU-EXECUTOR-DISPATCH	unclassified-read-source	warning class has no approved general disposition; read original source, declaration and selected caller before any change	T310-S8-P4-WARN-000561,T310-S8-P4-WARN-000562
T310-S8-P4-CLASS-000335	src/mvdm-host/softpc.new/base/ccpu386/c_bsic.c	99	C4013	'getenv' undefined; assuming extern returning int	x64,x86	SPC-CCPU-EXECUTOR-DISPATCH	must-repair-call-abi	undeclared, old-style, or incompatible call/table contract may truncate a pointer or pass the wrong calling convention; reconcile declaration, definition, table slot and selected callers	T310-S8-P4-WARN-000563,T310-S8-P4-WARN-000565
T310-S8-P4-CLASS-000336	src/mvdm-host/softpc.new/base/ccpu386/c_bsic.c	99	C4047	'!=': 'int' differs in levels of indirection from 'void *'	x64,x86	SPC-CCPU-EXECUTOR-DISPATCH	must-repair-call-abi	undeclared, old-style, or incompatible call/table contract may truncate a pointer or pass the wrong calling convention; reconcile declaration, definition, table slot and selected callers	T310-S8-P4-WARN-000564,T310-S8-P4-WARN-000566
T310-S8-P4-CLASS-000337	src/mvdm-host/softpc.new/base/ccpu386/c_bsic.c	304	C4018	'>': signed/unsigned mismatch	x64,x86	SPC-CCPU-EXECUTOR-DISPATCH	unclassified-read-source	warning class has no approved general disposition; read original source, declaration and selected caller before any change	T310-S8-P4-WARN-000567,T310-S8-P4-WARN-000568
T310-S8-P4-CLASS-000338	src/mvdm-host/softpc.new/base/ccpu386/c_debug.c	257	C4018	'<': signed/unsigned mismatch	x64,x86	SPC-CCPU-EXECUTOR-DISPATCH	unclassified-read-source	warning class has no approved general disposition; read original source, declaration and selected caller before any change	T310-S8-P4-WARN-000569,T310-S8-P4-WARN-000570
T310-S8-P4-CLASS-000339	src/mvdm-host/softpc.new/base/ccpu386/c_debug.c	335	C4018	'<': signed/unsigned mismatch	x64,x86	SPC-CCPU-EXECUTOR-DISPATCH	unclassified-read-source	warning class has no approved general disposition; read original source, declaration and selected caller before any change	T310-S8-P4-WARN-000571,T310-S8-P4-WARN-000572
T310-S8-P4-CLASS-000340	src/mvdm-host/softpc.new/base/ccpu386/c_intr.c	117	C4018	'>': signed/unsigned mismatch	x64,x86	SPC-CCPU-EXECUTOR-DISPATCH	unclassified-read-source	warning class has no approved general disposition; read original source, declaration and selected caller before any change	T310-S8-P4-WARN-000573,T310-S8-P4-WARN-000574
T310-S8-P4-CLASS-000341	src/mvdm-host/softpc.new/base/ccpu386/c_intr.c	249	C4013	'c_getEFLAGS' undefined; assuming extern returning int	x64,x86	SPC-CCPU-EXECUTOR-DISPATCH	must-repair-call-abi	undeclared, old-style, or incompatible call/table contract may truncate a pointer or pass the wrong calling convention; reconcile declaration, definition, table slot and selected callers	T310-S8-P4-WARN-000575,T310-S8-P4-WARN-000576
T310-S8-P4-CLASS-000342	src/mvdm-host/softpc.new/base/ccpu386/c_intr.c	306	C4244	'=': conversion from 'IU32' to 'IU16', possible loss of data	x64,x86	SPC-CCPU-EXECUTOR-DISPATCH	read-value-range-and-architecture-delta	narrowing/widening is not automatically a defect; determine guest fixed-width value, private native value, or host identity before selecting original correction, overlay, or mapping-manager boundary	T310-S8-P4-WARN-000577,T310-S8-P4-WARN-000578
T310-S8-P4-CLASS-000343	src/mvdm-host/softpc.new/base/ccpu386/c_intr.c	367	C4244	'=': conversion from 'IU32' to 'IU16', possible loss of data	x64,x86	SPC-CCPU-EXECUTOR-DISPATCH	read-value-range-and-architecture-delta	narrowing/widening is not automatically a defect; determine guest fixed-width value, private native value, or host identity before selecting original correction, overlay, or mapping-manager boundary	T310-S8-P4-WARN-000579,T310-S8-P4-WARN-000580
T310-S8-P4-CLASS-000344	src/mvdm-host/softpc.new/base/ccpu386/c_main.c	658	C4013	'force_yoda' undefined; assuming extern returning int	x64,x86	SPC-CCPU-EXECUTOR-DISPATCH	must-repair-call-abi	undeclared, old-style, or incompatible call/table contract may truncate a pointer or pass the wrong calling convention; reconcile declaration, definition, table slot and selected callers	T310-S8-P4-WARN-000581,T310-S8-P4-WARN-000582
T310-S8-P4-CLASS-000348	src/mvdm-host/softpc.new/base/ccpu386/c_main.c	770	C4024	'_setjmp': different types for formal and actual parameter 1	x64,x86	SPC-CCPU-EXECUTOR-DISPATCH	unclassified-read-source	warning class has no approved general disposition; read original source, declaration and selected caller before any change	T310-S8-P4-WARN-000589,T310-S8-P4-WARN-000591
T310-S8-P4-CLASS-000349	src/mvdm-host/softpc.new/base/ccpu386/c_main.c	770	C4047	'function': '_JBTYPE *' differs in levels of indirection from 'jmp_buf (*)'	x64	SPC-CCPU-EXECUTOR-DISPATCH	must-repair-call-abi	undeclared, old-style, or incompatible call/table contract may truncate a pointer or pass the wrong calling convention; reconcile declaration, definition, table slot and selected callers	T310-S8-P4-WARN-000590
T310-S8-P4-CLASS-000350	src/mvdm-host/softpc.new/base/ccpu386/c_main.c	770	C4047	'function': 'int *' differs in levels of indirection from 'jmp_buf (*)'	x86	SPC-CCPU-EXECUTOR-DISPATCH	must-repair-call-abi	undeclared, old-style, or incompatible call/table contract may truncate a pointer or pass the wrong calling convention; reconcile declaration, definition, table slot and selected callers	T310-S8-P4-WARN-000592
T310-S8-P4-CLASS-000351	src/mvdm-host/softpc.new/base/ccpu386/c_main.c	840	C4013	'd_mem' undefined; assuming extern returning int	x64,x86	SPC-CCPU-EXECUTOR-DISPATCH	must-repair-call-abi	undeclared, old-style, or incompatible call/table contract may truncate a pointer or pass the wrong calling convention; reconcile declaration, definition, table slot and selected callers	T310-S8-P4-WARN-000593,T310-S8-P4-WARN-000595
T310-S8-P4-CLASS-000352	src/mvdm-host/softpc.new/base/ccpu386/c_main.c	840	C4013	'limit_check' undefined; assuming extern returning int	x64,x86	SPC-CCPU-EXECUTOR-DISPATCH	must-repair-call-abi	undeclared, old-style, or incompatible call/table contract may truncate a pointer or pass the wrong calling convention; reconcile declaration, definition, table slot and selected callers	T310-S8-P4-WARN-000594,T310-S8-P4-WARN-000596
T310-S8-P4-CLASS-000353	src/mvdm-host/softpc.new/base/ccpu386/c_main.c	845	C4244	'=': conversion from 'IU32' to 'IU8', possible loss of data	x64,x86	SPC-CCPU-EXECUTOR-DISPATCH	read-value-range-and-architecture-delta	narrowing/widening is not automatically a defect; determine guest fixed-width value, private native value, or host identity before selecting original correction, overlay, or mapping-manager boundary	T310-S8-P4-WARN-000597,T310-S8-P4-WARN-000598
T310-S8-P4-CLASS-000354	src/mvdm-host/softpc.new/base/ccpu386/c_main.c	860	C4244	'=': conversion from 'IU32' to 'IU16', possible loss of data	x64,x86	SPC-CCPU-EXECUTOR-DISPATCH	read-value-range-and-architecture-delta	narrowing/widening is not automatically a defect; determine guest fixed-width value, private native value, or host identity before selecting original correction, overlay, or mapping-manager boundary	T310-S8-P4-WARN-000599,T310-S8-P4-WARN-000600
T310-S8-P4-CLASS-000355	src/mvdm-host/softpc.new/base/ccpu386/c_main.c	883	C4244	'=': conversion from 'IU32' to 'IU8', possible loss of data	x64,x86	SPC-CCPU-EXECUTOR-DISPATCH	read-value-range-and-architecture-delta	narrowing/widening is not automatically a defect; determine guest fixed-width value, private native value, or host identity before selecting original correction, overlay, or mapping-manager boundary	T310-S8-P4-WARN-000601,T310-S8-P4-WARN-000602
T310-S8-P4-CLASS-000356	src/mvdm-host/softpc.new/base/ccpu386/c_main.c	898	C4244	'=': conversion from 'IU32' to 'IU16', possible loss of data	x64,x86	SPC-CCPU-EXECUTOR-DISPATCH	read-value-range-and-architecture-delta	narrowing/widening is not automatically a defect; determine guest fixed-width value, private native value, or host identity before selecting original correction, overlay, or mapping-manager boundary	T310-S8-P4-WARN-000603,T310-S8-P4-WARN-000604
T310-S8-P4-CLASS-000357	src/mvdm-host/softpc.new/base/ccpu386/c_main.c	918	C4244	'=': conversion from 'IU32' to 'IU8', possible loss of data	x64,x86	SPC-CCPU-EXECUTOR-DISPATCH	read-value-range-and-architecture-delta	narrowing/widening is not automatically a defect; determine guest fixed-width value, private native value, or host identity before selecting original correction, overlay, or mapping-manager boundary	T310-S8-P4-WARN-000605,T310-S8-P4-WARN-000606
T310-S8-P4-CLASS-000358	src/mvdm-host/softpc.new/base/ccpu386/c_main.c	930	C4244	'=': conversion from 'IU32' to 'IU16', possible loss of data	x64,x86	SPC-CCPU-EXECUTOR-DISPATCH	read-value-range-and-architecture-delta	narrowing/widening is not automatically a defect; determine guest fixed-width value, private native value, or host identity before selecting original correction, overlay, or mapping-manager boundary	T310-S8-P4-WARN-000607,T310-S8-P4-WARN-000608
T310-S8-P4-CLASS-000359	src/mvdm-host/softpc.new/base/ccpu386/c_main.c	958	C4244	'initializing': conversion from '__int64' to 'int', possible loss of data	x64	SPC-CCPU-EXECUTOR-DISPATCH	must-read-x64-narrowing	narrowing/widening is not automatically a defect; determine guest fixed-width value, private native value, or host identity before selecting original correction, overlay, or mapping-manager boundary	T310-S8-P4-WARN-000609
T310-S8-P4-CLASS-000360	src/mvdm-host/softpc.new/base/ccpu386/c_main.c	992	C4244	'=': conversion from 'IU32' to 'IU16', possible loss of data	x64,x86	SPC-CCPU-EXECUTOR-DISPATCH	read-value-range-and-architecture-delta	narrowing/widening is not automatically a defect; determine guest fixed-width value, private native value, or host identity before selecting original correction, overlay, or mapping-manager boundary	T310-S8-P4-WARN-000610,T310-S8-P4-WARN-000611
T310-S8-P4-CLASS-000361	src/mvdm-host/softpc.new/base/ccpu386/c_main.c	1036	C4013	'address_add' undefined; assuming extern returning int	x64,x86	SPC-CCPU-EXECUTOR-DISPATCH	must-repair-call-abi	undeclared, old-style, or incompatible call/table contract may truncate a pointer or pass the wrong calling convention; reconcile declaration, definition, table slot and selected callers	T310-S8-P4-WARN-000612,T310-S8-P4-WARN-000613
T310-S8-P4-CLASS-000362	src/mvdm-host/softpc.new/base/ccpu386/c_main.c	1128	C4244	'=': conversion from 'IU32' to 'IU16', possible loss of data	x64,x86	SPC-CCPU-EXECUTOR-DISPATCH	read-value-range-and-architecture-delta	narrowing/widening is not automatically a defect; determine guest fixed-width value, private native value, or host identity before selecting original correction, overlay, or mapping-manager boundary	T310-S8-P4-WARN-000614,T310-S8-P4-WARN-000615
T310-S8-P4-CLASS-000363	src/mvdm-host/softpc.new/base/ccpu386/c_main.c	1334	C4244	'=': conversion from '__int64' to 'IU32', possible loss of data	x64	SPC-CCPU-EXECUTOR-DISPATCH	must-read-x64-narrowing	narrowing/widening is not automatically a defect; determine guest fixed-width value, private native value, or host identity before selecting original correction, overlay, or mapping-manager boundary	T310-S8-P4-WARN-000616
T310-S8-P4-CLASS-000364	src/mvdm-host/softpc.new/base/ccpu386/c_main.c	1369	C4244	'=': conversion from 'IU32' to 'IU8', possible loss of data	x64,x86	SPC-CCPU-EXECUTOR-DISPATCH	read-value-range-and-architecture-delta	narrowing/widening is not automatically a defect; determine guest fixed-width value, private native value, or host identity before selecting original correction, overlay, or mapping-manager boundary	T310-S8-P4-WARN-000617,T310-S8-P4-WARN-000618
T310-S8-P4-CLASS-000365	src/mvdm-host/softpc.new/base/ccpu386/c_main.c	1432	C4244	'=': conversion from 'IU32' to 'IU16', possible loss of data	x64,x86	SPC-CCPU-EXECUTOR-DISPATCH	read-value-range-and-architecture-delta	narrowing/widening is not automatically a defect; determine guest fixed-width value, private native value, or host identity before selecting original correction, overlay, or mapping-manager boundary	T310-S8-P4-WARN-000619,T310-S8-P4-WARN-000620
T310-S8-P4-CLASS-000366	src/mvdm-host/softpc.new/base/ccpu386/c_main.c	1459	C4244	'=': conversion from 'IU32' to 'IU16', possible loss of data	x64,x86	SPC-CCPU-EXECUTOR-DISPATCH	read-value-range-and-architecture-delta	narrowing/widening is not automatically a defect; determine guest fixed-width value, private native value, or host identity before selecting original correction, overlay, or mapping-manager boundary	T310-S8-P4-WARN-000621,T310-S8-P4-WARN-000622
T310-S8-P4-CLASS-000367	src/mvdm-host/softpc.new/base/ccpu386/c_main.c	1484	C4244	'=': conversion from 'IU32' to 'IU16', possible loss of data	x64,x86	SPC-CCPU-EXECUTOR-DISPATCH	read-value-range-and-architecture-delta	narrowing/widening is not automatically a defect; determine guest fixed-width value, private native value, or host identity before selecting original correction, overlay, or mapping-manager boundary	T310-S8-P4-WARN-000623,T310-S8-P4-WARN-000624
T310-S8-P4-CLASS-000368	src/mvdm-host/softpc.new/base/ccpu386/c_main.c	1511	C4244	'=': conversion from 'IU32' to 'IU16', possible loss of data	x64,x86	SPC-CCPU-EXECUTOR-DISPATCH	read-value-range-and-architecture-delta	narrowing/widening is not automatically a defect; determine guest fixed-width value, private native value, or host identity before selecting original correction, overlay, or mapping-manager boundary	T310-S8-P4-WARN-000625,T310-S8-P4-WARN-000626
T310-S8-P4-CLASS-000369	src/mvdm-host/softpc.new/base/ccpu386/c_main.c	1589	C4244	'=': conversion from 'IU32' to 'IU16', possible loss of data	x64,x86	SPC-CCPU-EXECUTOR-DISPATCH	read-value-range-and-architecture-delta	narrowing/widening is not automatically a defect; determine guest fixed-width value, private native value, or host identity before selecting original correction, overlay, or mapping-manager boundary	T310-S8-P4-WARN-000627,T310-S8-P4-WARN-000628
T310-S8-P4-CLASS-000370	src/mvdm-host/softpc.new/base/ccpu386/c_main.c	1657	C4244	'=': conversion from 'IU32' to 'IU16', possible loss of data	x64,x86	SPC-CCPU-EXECUTOR-DISPATCH	read-value-range-and-architecture-delta	narrowing/widening is not automatically a defect; determine guest fixed-width value, private native value, or host identity before selecting original correction, overlay, or mapping-manager boundary	T310-S8-P4-WARN-000629,T310-S8-P4-WARN-000630
T310-S8-P4-CLASS-000371	src/mvdm-host/softpc.new/base/ccpu386/c_main.c	1682	C4244	'=': conversion from 'IU32' to 'IU16', possible loss of data	x64,x86	SPC-CCPU-EXECUTOR-DISPATCH	read-value-range-and-architecture-delta	narrowing/widening is not automatically a defect; determine guest fixed-width value, private native value, or host identity before selecting original correction, overlay, or mapping-manager boundary	T310-S8-P4-WARN-000631,T310-S8-P4-WARN-000632
T310-S8-P4-CLASS-000372	src/mvdm-host/softpc.new/base/ccpu386/c_main.c	1966	C4244	'=': conversion from 'IU32' to 'IU16', possible loss of data	x64,x86	SPC-CCPU-EXECUTOR-DISPATCH	read-value-range-and-architecture-delta	narrowing/widening is not automatically a defect; determine guest fixed-width value, private native value, or host identity before selecting original correction, overlay, or mapping-manager boundary	T310-S8-P4-WARN-000633,T310-S8-P4-WARN-000634
T310-S8-P4-CLASS-000373	src/mvdm-host/softpc.new/base/ccpu386/c_main.c	2021	C4244	'=': conversion from 'IU32' to 'IU16', possible loss of data	x64,x86	SPC-CCPU-EXECUTOR-DISPATCH	read-value-range-and-architecture-delta	narrowing/widening is not automatically a defect; determine guest fixed-width value, private native value, or host identity before selecting original correction, overlay, or mapping-manager boundary	T310-S8-P4-WARN-000635,T310-S8-P4-WARN-000636
T310-S8-P4-CLASS-000374	src/mvdm-host/softpc.new/base/ccpu386/c_main.c	2075	C4244	'=': conversion from 'IU32' to 'IU16', possible loss of data	x64,x86	SPC-CCPU-EXECUTOR-DISPATCH	read-value-range-and-architecture-delta	narrowing/widening is not automatically a defect; determine guest fixed-width value, private native value, or host identity before selecting original correction, overlay, or mapping-manager boundary	T310-S8-P4-WARN-000637,T310-S8-P4-WARN-000638
T310-S8-P4-CLASS-000375	src/mvdm-host/softpc.new/base/ccpu386/c_main.c	2128	C4244	'=': conversion from 'IU32' to 'IU16', possible loss of data	x64,x86	SPC-CCPU-EXECUTOR-DISPATCH	read-value-range-and-architecture-delta	narrowing/widening is not automatically a defect; determine guest fixed-width value, private native value, or host identity before selecting original correction, overlay, or mapping-manager boundary	T310-S8-P4-WARN-000639,T310-S8-P4-WARN-000640
T310-S8-P4-CLASS-000376	src/mvdm-host/softpc.new/base/ccpu386/c_main.c	2164	C4244	'=': conversion from 'IU32' to 'IU16', possible loss of data	x64,x86	SPC-CCPU-EXECUTOR-DISPATCH	read-value-range-and-architecture-delta	narrowing/widening is not automatically a defect; determine guest fixed-width value, private native value, or host identity before selecting original correction, overlay, or mapping-manager boundary	T310-S8-P4-WARN-000641,T310-S8-P4-WARN-000642
T310-S8-P4-CLASS-000377	src/mvdm-host/softpc.new/base/ccpu386/c_main.c	2190	C4244	'=': conversion from 'IU32' to 'IU16', possible loss of data	x64,x86	SPC-CCPU-EXECUTOR-DISPATCH	read-value-range-and-architecture-delta	narrowing/widening is not automatically a defect; determine guest fixed-width value, private native value, or host identity before selecting original correction, overlay, or mapping-manager boundary	T310-S8-P4-WARN-000643,T310-S8-P4-WARN-000644
T310-S8-P4-CLASS-000378	src/mvdm-host/softpc.new/base/ccpu386/c_main.c	2220	C4244	'=': conversion from 'IU32' to 'IU16', possible loss of data	x64,x86	SPC-CCPU-EXECUTOR-DISPATCH	read-value-range-and-architecture-delta	narrowing/widening is not automatically a defect; determine guest fixed-width value, private native value, or host identity before selecting original correction, overlay, or mapping-manager boundary	T310-S8-P4-WARN-000645,T310-S8-P4-WARN-000646
T310-S8-P4-CLASS-000379	src/mvdm-host/softpc.new/base/ccpu386/c_main.c	2235	C4244	'=': conversion from 'IU32' to 'IU16', possible loss of data	x64,x86	SPC-CCPU-EXECUTOR-DISPATCH	read-value-range-and-architecture-delta	narrowing/widening is not automatically a defect; determine guest fixed-width value, private native value, or host identity before selecting original correction, overlay, or mapping-manager boundary	T310-S8-P4-WARN-000647,T310-S8-P4-WARN-000648
T310-S8-P4-CLASS-000380	src/mvdm-host/softpc.new/base/ccpu386/c_main.c	2260	C4244	'=': conversion from 'IU32' to 'IU16', possible loss of data	x64,x86	SPC-CCPU-EXECUTOR-DISPATCH	read-value-range-and-architecture-delta	narrowing/widening is not automatically a defect; determine guest fixed-width value, private native value, or host identity before selecting original correction, overlay, or mapping-manager boundary	T310-S8-P4-WARN-000649,T310-S8-P4-WARN-000650
T310-S8-P4-CLASS-000381	src/mvdm-host/softpc.new/base/ccpu386/c_main.c	2285	C4244	'=': conversion from 'IU32' to 'IU16', possible loss of data	x64,x86	SPC-CCPU-EXECUTOR-DISPATCH	read-value-range-and-architecture-delta	narrowing/widening is not automatically a defect; determine guest fixed-width value, private native value, or host identity before selecting original correction, overlay, or mapping-manager boundary	T310-S8-P4-WARN-000651,T310-S8-P4-WARN-000652
T310-S8-P4-CLASS-000382	src/mvdm-host/softpc.new/base/ccpu386/c_main.c	2300	C4244	'=': conversion from 'IU32' to 'IU16', possible loss of data	x64,x86	SPC-CCPU-EXECUTOR-DISPATCH	read-value-range-and-architecture-delta	narrowing/widening is not automatically a defect; determine guest fixed-width value, private native value, or host identity before selecting original correction, overlay, or mapping-manager boundary	T310-S8-P4-WARN-000653,T310-S8-P4-WARN-000654
T310-S8-P4-CLASS-000383	src/mvdm-host/softpc.new/base/ccpu386/c_main.c	2316	C4244	'=': conversion from '__int64' to 'IU32', possible loss of data	x64	SPC-CCPU-EXECUTOR-DISPATCH	must-read-x64-narrowing	narrowing/widening is not automatically a defect; determine guest fixed-width value, private native value, or host identity before selecting original correction, overlay, or mapping-manager boundary	T310-S8-P4-WARN-000655
T310-S8-P4-CLASS-000384	src/mvdm-host/softpc.new/base/ccpu386/c_main.c	2418	C4244	'=': conversion from 'IU32' to 'IU8', possible loss of data	x64,x86	SPC-CCPU-EXECUTOR-DISPATCH	read-value-range-and-architecture-delta	narrowing/widening is not automatically a defect; determine guest fixed-width value, private native value, or host identity before selecting original correction, overlay, or mapping-manager boundary	T310-S8-P4-WARN-000656,T310-S8-P4-WARN-000657
T310-S8-P4-CLASS-000385	src/mvdm-host/softpc.new/base/ccpu386/c_main.c	2454	C4244	'=': conversion from 'IU32' to 'IU16', possible loss of data	x64,x86	SPC-CCPU-EXECUTOR-DISPATCH	read-value-range-and-architecture-delta	narrowing/widening is not automatically a defect; determine guest fixed-width value, private native value, or host identity before selecting original correction, overlay, or mapping-manager boundary	T310-S8-P4-WARN-000658,T310-S8-P4-WARN-000659
T310-S8-P4-CLASS-000386	src/mvdm-host/softpc.new/base/ccpu386/c_main.c	2509	C4244	'=': conversion from 'IU32' to 'IU16', possible loss of data	x64,x86	SPC-CCPU-EXECUTOR-DISPATCH	read-value-range-and-architecture-delta	narrowing/widening is not automatically a defect; determine guest fixed-width value, private native value, or host identity before selecting original correction, overlay, or mapping-manager boundary	T310-S8-P4-WARN-000660,T310-S8-P4-WARN-000661
T310-S8-P4-CLASS-000387	src/mvdm-host/softpc.new/base/ccpu386/c_main.c	2557	C4244	'=': conversion from 'IU32' to 'IU8', possible loss of data	x64,x86	SPC-CCPU-EXECUTOR-DISPATCH	read-value-range-and-architecture-delta	narrowing/widening is not automatically a defect; determine guest fixed-width value, private native value, or host identity before selecting original correction, overlay, or mapping-manager boundary	T310-S8-P4-WARN-000662,T310-S8-P4-WARN-000663
T310-S8-P4-CLASS-000388	src/mvdm-host/softpc.new/base/ccpu386/c_main.c	2558	C4244	'=': conversion from 'IU32' to 'IU8', possible loss of data	x64,x86	SPC-CCPU-EXECUTOR-DISPATCH	read-value-range-and-architecture-delta	narrowing/widening is not automatically a defect; determine guest fixed-width value, private native value, or host identity before selecting original correction, overlay, or mapping-manager boundary	T310-S8-P4-WARN-000664,T310-S8-P4-WARN-000665
T310-S8-P4-CLASS-000389	src/mvdm-host/softpc.new/base/ccpu386/c_main.c	2570	C4244	'=': conversion from 'IU32' to 'IU16', possible loss of data	x64,x86	SPC-CCPU-EXECUTOR-DISPATCH	read-value-range-and-architecture-delta	narrowing/widening is not automatically a defect; determine guest fixed-width value, private native value, or host identity before selecting original correction, overlay, or mapping-manager boundary	T310-S8-P4-WARN-000666,T310-S8-P4-WARN-000667
T310-S8-P4-CLASS-000390	src/mvdm-host/softpc.new/base/ccpu386/c_main.c	2571	C4244	'=': conversion from 'IU32' to 'IU16', possible loss of data	x64,x86	SPC-CCPU-EXECUTOR-DISPATCH	read-value-range-and-architecture-delta	narrowing/widening is not automatically a defect; determine guest fixed-width value, private native value, or host identity before selecting original correction, overlay, or mapping-manager boundary	T310-S8-P4-WARN-000668,T310-S8-P4-WARN-000669
T310-S8-P4-CLASS-000391	src/mvdm-host/softpc.new/base/ccpu386/c_main.c	2591	C4244	'=': conversion from 'IU32' to 'IU8', possible loss of data	x64,x86	SPC-CCPU-EXECUTOR-DISPATCH	read-value-range-and-architecture-delta	narrowing/widening is not automatically a defect; determine guest fixed-width value, private native value, or host identity before selecting original correction, overlay, or mapping-manager boundary	T310-S8-P4-WARN-000670,T310-S8-P4-WARN-000671
T310-S8-P4-CLASS-000392	src/mvdm-host/softpc.new/base/ccpu386/c_main.c	2602	C4244	'=': conversion from 'IU32' to 'IU16', possible loss of data	x64,x86	SPC-CCPU-EXECUTOR-DISPATCH	read-value-range-and-architecture-delta	narrowing/widening is not automatically a defect; determine guest fixed-width value, private native value, or host identity before selecting original correction, overlay, or mapping-manager boundary	T310-S8-P4-WARN-000672,T310-S8-P4-WARN-000673
T310-S8-P4-CLASS-000393	src/mvdm-host/softpc.new/base/ccpu386/c_main.c	2620	C4244	'=': conversion from 'IU32' to 'IU8', possible loss of data	x64,x86	SPC-CCPU-EXECUTOR-DISPATCH	read-value-range-and-architecture-delta	narrowing/widening is not automatically a defect; determine guest fixed-width value, private native value, or host identity before selecting original correction, overlay, or mapping-manager boundary	T310-S8-P4-WARN-000674,T310-S8-P4-WARN-000675
T310-S8-P4-CLASS-000394	src/mvdm-host/softpc.new/base/ccpu386/c_main.c	2631	C4244	'=': conversion from 'IU32' to 'IU16', possible loss of data	x64,x86	SPC-CCPU-EXECUTOR-DISPATCH	read-value-range-and-architecture-delta	narrowing/widening is not automatically a defect; determine guest fixed-width value, private native value, or host identity before selecting original correction, overlay, or mapping-manager boundary	T310-S8-P4-WARN-000676,T310-S8-P4-WARN-000677
T310-S8-P4-CLASS-000395	src/mvdm-host/softpc.new/base/ccpu386/c_main.c	2654	C4244	'=': conversion from 'IU32' to 'IU16', possible loss of data	x64,x86	SPC-CCPU-EXECUTOR-DISPATCH	read-value-range-and-architecture-delta	narrowing/widening is not automatically a defect; determine guest fixed-width value, private native value, or host identity before selecting original correction, overlay, or mapping-manager boundary	T310-S8-P4-WARN-000678,T310-S8-P4-WARN-000679
T310-S8-P4-CLASS-000396	src/mvdm-host/softpc.new/base/ccpu386/c_main.c	2674	C4244	'=': conversion from 'IU32' to 'IU16', possible loss of data	x64,x86	SPC-CCPU-EXECUTOR-DISPATCH	read-value-range-and-architecture-delta	narrowing/widening is not automatically a defect; determine guest fixed-width value, private native value, or host identity before selecting original correction, overlay, or mapping-manager boundary	T310-S8-P4-WARN-000680,T310-S8-P4-WARN-000681
T310-S8-P4-CLASS-000397	src/mvdm-host/softpc.new/base/ccpu386/c_main.c	2697	C4244	'initializing': conversion from '__int64' to 'int', possible loss of data	x64	SPC-CCPU-EXECUTOR-DISPATCH	must-read-x64-narrowing	narrowing/widening is not automatically a defect; determine guest fixed-width value, private native value, or host identity before selecting original correction, overlay, or mapping-manager boundary	T310-S8-P4-WARN-000682
T310-S8-P4-CLASS-000398	src/mvdm-host/softpc.new/base/ccpu386/c_main.c	2713	C4244	'=': conversion from 'IU32' to 'IU16', possible loss of data	x64,x86	SPC-CCPU-EXECUTOR-DISPATCH	read-value-range-and-architecture-delta	narrowing/widening is not automatically a defect; determine guest fixed-width value, private native value, or host identity before selecting original correction, overlay, or mapping-manager boundary	T310-S8-P4-WARN-000683,T310-S8-P4-WARN-000684
T310-S8-P4-CLASS-000399	src/mvdm-host/softpc.new/base/ccpu386/c_main.c	2747	C4244	'=': conversion from 'IU32' to 'IU16', possible loss of data	x64,x86	SPC-CCPU-EXECUTOR-DISPATCH	read-value-range-and-architecture-delta	narrowing/widening is not automatically a defect; determine guest fixed-width value, private native value, or host identity before selecting original correction, overlay, or mapping-manager boundary	T310-S8-P4-WARN-000685,T310-S8-P4-WARN-000686
T310-S8-P4-CLASS-000400	src/mvdm-host/softpc.new/base/ccpu386/c_main.c	2748	C4244	'=': conversion from 'IU32' to 'IU16', possible loss of data	x64,x86	SPC-CCPU-EXECUTOR-DISPATCH	read-value-range-and-architecture-delta	narrowing/widening is not automatically a defect; determine guest fixed-width value, private native value, or host identity before selecting original correction, overlay, or mapping-manager boundary	T310-S8-P4-WARN-000687,T310-S8-P4-WARN-000688
T310-S8-P4-CLASS-000401	src/mvdm-host/softpc.new/base/ccpu386/c_main.c	2796	C4244	'=': conversion from '__int64' to 'IU32', possible loss of data	x64	SPC-CCPU-EXECUTOR-DISPATCH	must-read-x64-narrowing	narrowing/widening is not automatically a defect; determine guest fixed-width value, private native value, or host identity before selecting original correction, overlay, or mapping-manager boundary	T310-S8-P4-WARN-000689
T310-S8-P4-CLASS-000402	src/mvdm-host/softpc.new/base/ccpu386/c_main.c	2864	C4244	'=': conversion from 'IU32' to 'IU8', possible loss of data	x64,x86	SPC-CCPU-EXECUTOR-DISPATCH	read-value-range-and-architecture-delta	narrowing/widening is not automatically a defect; determine guest fixed-width value, private native value, or host identity before selecting original correction, overlay, or mapping-manager boundary	T310-S8-P4-WARN-000690,T310-S8-P4-WARN-000691
T310-S8-P4-CLASS-000403	src/mvdm-host/softpc.new/base/ccpu386/c_main.c	2873	C4244	'=': conversion from 'IU32' to 'IU16', possible loss of data	x64,x86	SPC-CCPU-EXECUTOR-DISPATCH	read-value-range-and-architecture-delta	narrowing/widening is not automatically a defect; determine guest fixed-width value, private native value, or host identity before selecting original correction, overlay, or mapping-manager boundary	T310-S8-P4-WARN-000692,T310-S8-P4-WARN-000693
T310-S8-P4-CLASS-000404	src/mvdm-host/softpc.new/base/ccpu386/c_main.c	2918	C4244	'=': conversion from 'IU32' to 'IU16', possible loss of data	x64,x86	SPC-CCPU-EXECUTOR-DISPATCH	read-value-range-and-architecture-delta	narrowing/widening is not automatically a defect; determine guest fixed-width value, private native value, or host identity before selecting original correction, overlay, or mapping-manager boundary	T310-S8-P4-WARN-000694,T310-S8-P4-WARN-000695
T310-S8-P4-CLASS-000405	src/mvdm-host/softpc.new/base/ccpu386/c_main.c	2919	C4244	'=': conversion from 'IU32' to 'IU16', possible loss of data	x64,x86	SPC-CCPU-EXECUTOR-DISPATCH	read-value-range-and-architecture-delta	narrowing/widening is not automatically a defect; determine guest fixed-width value, private native value, or host identity before selecting original correction, overlay, or mapping-manager boundary	T310-S8-P4-WARN-000696,T310-S8-P4-WARN-000697
T310-S8-P4-CLASS-000406	src/mvdm-host/softpc.new/base/ccpu386/c_main.c	2937	C4244	'=': conversion from 'IU32' to 'IU16', possible loss of data	x64,x86	SPC-CCPU-EXECUTOR-DISPATCH	read-value-range-and-architecture-delta	narrowing/widening is not automatically a defect; determine guest fixed-width value, private native value, or host identity before selecting original correction, overlay, or mapping-manager boundary	T310-S8-P4-WARN-000698,T310-S8-P4-WARN-000699
T310-S8-P4-CLASS-000407	src/mvdm-host/softpc.new/base/ccpu386/c_main.c	2938	C4244	'=': conversion from 'IU32' to 'IU16', possible loss of data	x64,x86	SPC-CCPU-EXECUTOR-DISPATCH	read-value-range-and-architecture-delta	narrowing/widening is not automatically a defect; determine guest fixed-width value, private native value, or host identity before selecting original correction, overlay, or mapping-manager boundary	T310-S8-P4-WARN-000700,T310-S8-P4-WARN-000701
T310-S8-P4-CLASS-000408	src/mvdm-host/softpc.new/base/ccpu386/c_main.c	2952	C4244	'=': conversion from 'IU32' to 'IU16', possible loss of data	x64,x86	SPC-CCPU-EXECUTOR-DISPATCH	read-value-range-and-architecture-delta	narrowing/widening is not automatically a defect; determine guest fixed-width value, private native value, or host identity before selecting original correction, overlay, or mapping-manager boundary	T310-S8-P4-WARN-000702,T310-S8-P4-WARN-000703
T310-S8-P4-CLASS-000409	src/mvdm-host/softpc.new/base/ccpu386/c_main.c	2953	C4244	'=': conversion from 'IU32' to 'IU16', possible loss of data	x64,x86	SPC-CCPU-EXECUTOR-DISPATCH	read-value-range-and-architecture-delta	narrowing/widening is not automatically a defect; determine guest fixed-width value, private native value, or host identity before selecting original correction, overlay, or mapping-manager boundary	T310-S8-P4-WARN-000704,T310-S8-P4-WARN-000705
T310-S8-P4-CLASS-000410	src/mvdm-host/softpc.new/base/ccpu386/c_main.c	2971	C4244	'=': conversion from 'IU32' to 'IU16', possible loss of data	x64,x86	SPC-CCPU-EXECUTOR-DISPATCH	read-value-range-and-architecture-delta	narrowing/widening is not automatically a defect; determine guest fixed-width value, private native value, or host identity before selecting original correction, overlay, or mapping-manager boundary	T310-S8-P4-WARN-000706,T310-S8-P4-WARN-000707
T310-S8-P4-CLASS-000411	src/mvdm-host/softpc.new/base/ccpu386/c_main.c	2972	C4244	'=': conversion from 'IU32' to 'IU16', possible loss of data	x64,x86	SPC-CCPU-EXECUTOR-DISPATCH	read-value-range-and-architecture-delta	narrowing/widening is not automatically a defect; determine guest fixed-width value, private native value, or host identity before selecting original correction, overlay, or mapping-manager boundary	T310-S8-P4-WARN-000708,T310-S8-P4-WARN-000709
T310-S8-P4-CLASS-000412	src/mvdm-host/softpc.new/base/ccpu386/c_main.c	2995	C4244	'=': conversion from 'IU32' to 'IU16', possible loss of data	x64,x86	SPC-CCPU-EXECUTOR-DISPATCH	read-value-range-and-architecture-delta	narrowing/widening is not automatically a defect; determine guest fixed-width value, private native value, or host identity before selecting original correction, overlay, or mapping-manager boundary	T310-S8-P4-WARN-000710,T310-S8-P4-WARN-000711
T310-S8-P4-CLASS-000413	src/mvdm-host/softpc.new/base/ccpu386/c_main.c	2996	C4244	'=': conversion from 'IU32' to 'IU16', possible loss of data	x64,x86	SPC-CCPU-EXECUTOR-DISPATCH	read-value-range-and-architecture-delta	narrowing/widening is not automatically a defect; determine guest fixed-width value, private native value, or host identity before selecting original correction, overlay, or mapping-manager boundary	T310-S8-P4-WARN-000712,T310-S8-P4-WARN-000713
T310-S8-P4-CLASS-000414	src/mvdm-host/softpc.new/base/ccpu386/c_main.c	3015	C4244	'=': conversion from 'IU32' to 'IU16', possible loss of data	x64,x86	SPC-CCPU-EXECUTOR-DISPATCH	read-value-range-and-architecture-delta	narrowing/widening is not automatically a defect; determine guest fixed-width value, private native value, or host identity before selecting original correction, overlay, or mapping-manager boundary	T310-S8-P4-WARN-000714,T310-S8-P4-WARN-000715
T310-S8-P4-CLASS-000415	src/mvdm-host/softpc.new/base/ccpu386/c_main.c	3016	C4244	'=': conversion from 'IU32' to 'IU16', possible loss of data	x64,x86	SPC-CCPU-EXECUTOR-DISPATCH	read-value-range-and-architecture-delta	narrowing/widening is not automatically a defect; determine guest fixed-width value, private native value, or host identity before selecting original correction, overlay, or mapping-manager boundary	T310-S8-P4-WARN-000716,T310-S8-P4-WARN-000717
T310-S8-P4-CLASS-000416	src/mvdm-host/softpc.new/base/ccpu386/c_main.c	3039	C4244	'=': conversion from 'IU32' to 'IU16', possible loss of data	x64,x86	SPC-CCPU-EXECUTOR-DISPATCH	read-value-range-and-architecture-delta	narrowing/widening is not automatically a defect; determine guest fixed-width value, private native value, or host identity before selecting original correction, overlay, or mapping-manager boundary	T310-S8-P4-WARN-000718,T310-S8-P4-WARN-000719
T310-S8-P4-CLASS-000417	src/mvdm-host/softpc.new/base/ccpu386/c_main.c	3056	C4244	'=': conversion from 'IU32' to 'IU16', possible loss of data	x64,x86	SPC-CCPU-EXECUTOR-DISPATCH	read-value-range-and-architecture-delta	narrowing/widening is not automatically a defect; determine guest fixed-width value, private native value, or host identity before selecting original correction, overlay, or mapping-manager boundary	T310-S8-P4-WARN-000720,T310-S8-P4-WARN-000721
T310-S8-P4-CLASS-000418	src/mvdm-host/softpc.new/base/ccpu386/c_main.c	3069	C4244	'=': conversion from 'IU32' to 'IU16', possible loss of data	x64,x86	SPC-CCPU-EXECUTOR-DISPATCH	read-value-range-and-architecture-delta	narrowing/widening is not automatically a defect; determine guest fixed-width value, private native value, or host identity before selecting original correction, overlay, or mapping-manager boundary	T310-S8-P4-WARN-000722,T310-S8-P4-WARN-000723
T310-S8-P4-CLASS-000419	src/mvdm-host/softpc.new/base/ccpu386/c_main.c	3085	C4244	'=': conversion from 'IU32' to 'IU8', possible loss of data	x64,x86	SPC-CCPU-EXECUTOR-DISPATCH	read-value-range-and-architecture-delta	narrowing/widening is not automatically a defect; determine guest fixed-width value, private native value, or host identity before selecting original correction, overlay, or mapping-manager boundary	T310-S8-P4-WARN-000724,T310-S8-P4-WARN-000725
T310-S8-P4-CLASS-000420	src/mvdm-host/softpc.new/base/ccpu386/c_main.c	3086	C4244	'=': conversion from 'IU32' to 'IU16', possible loss of data	x64,x86	SPC-CCPU-EXECUTOR-DISPATCH	read-value-range-and-architecture-delta	narrowing/widening is not automatically a defect; determine guest fixed-width value, private native value, or host identity before selecting original correction, overlay, or mapping-manager boundary	T310-S8-P4-WARN-000726,T310-S8-P4-WARN-000727
T310-S8-P4-CLASS-000421	src/mvdm-host/softpc.new/base/ccpu386/c_main.c	3102	C4244	'=': conversion from 'IU32' to 'IU16', possible loss of data	x64,x86	SPC-CCPU-EXECUTOR-DISPATCH	read-value-range-and-architecture-delta	narrowing/widening is not automatically a defect; determine guest fixed-width value, private native value, or host identity before selecting original correction, overlay, or mapping-manager boundary	T310-S8-P4-WARN-000728,T310-S8-P4-WARN-000729
T310-S8-P4-CLASS-000422	src/mvdm-host/softpc.new/base/ccpu386/c_main.c	3103	C4244	'=': conversion from 'IU32' to 'IU16', possible loss of data	x64,x86	SPC-CCPU-EXECUTOR-DISPATCH	read-value-range-and-architecture-delta	narrowing/widening is not automatically a defect; determine guest fixed-width value, private native value, or host identity before selecting original correction, overlay, or mapping-manager boundary	T310-S8-P4-WARN-000730,T310-S8-P4-WARN-000731
T310-S8-P4-CLASS-000423	src/mvdm-host/softpc.new/base/ccpu386/c_main.c	3116	C4244	'=': conversion from 'IU32' to 'IU16', possible loss of data	x64,x86	SPC-CCPU-EXECUTOR-DISPATCH	read-value-range-and-architecture-delta	narrowing/widening is not automatically a defect; determine guest fixed-width value, private native value, or host identity before selecting original correction, overlay, or mapping-manager boundary	T310-S8-P4-WARN-000732,T310-S8-P4-WARN-000733
T310-S8-P4-CLASS-000424	src/mvdm-host/softpc.new/base/ccpu386/c_main.c	3132	C4244	'=': conversion from 'IU32' to 'IU16', possible loss of data	x64,x86	SPC-CCPU-EXECUTOR-DISPATCH	read-value-range-and-architecture-delta	narrowing/widening is not automatically a defect; determine guest fixed-width value, private native value, or host identity before selecting original correction, overlay, or mapping-manager boundary	T310-S8-P4-WARN-000734,T310-S8-P4-WARN-000735
T310-S8-P4-CLASS-000425	src/mvdm-host/softpc.new/base/ccpu386/c_main.c	3154	C4244	'=': conversion from 'IU32' to 'IU16', possible loss of data	x64,x86	SPC-CCPU-EXECUTOR-DISPATCH	read-value-range-and-architecture-delta	narrowing/widening is not automatically a defect; determine guest fixed-width value, private native value, or host identity before selecting original correction, overlay, or mapping-manager boundary	T310-S8-P4-WARN-000736,T310-S8-P4-WARN-000737
T310-S8-P4-CLASS-000426	src/mvdm-host/softpc.new/base/ccpu386/c_main.c	3172	C4244	'=': conversion from 'IU32' to 'IU16', possible loss of data	x64,x86	SPC-CCPU-EXECUTOR-DISPATCH	read-value-range-and-architecture-delta	narrowing/widening is not automatically a defect; determine guest fixed-width value, private native value, or host identity before selecting original correction, overlay, or mapping-manager boundary	T310-S8-P4-WARN-000738,T310-S8-P4-WARN-000739
T310-S8-P4-CLASS-000427	src/mvdm-host/softpc.new/base/ccpu386/c_main.c	3194	C4244	'=': conversion from 'IU32' to 'IU8', possible loss of data	x64,x86	SPC-CCPU-EXECUTOR-DISPATCH	read-value-range-and-architecture-delta	narrowing/widening is not automatically a defect; determine guest fixed-width value, private native value, or host identity before selecting original correction, overlay, or mapping-manager boundary	T310-S8-P4-WARN-000740,T310-S8-P4-WARN-000741
T310-S8-P4-CLASS-000428	src/mvdm-host/softpc.new/base/ccpu386/c_main.c	3210	C4244	'=': conversion from 'IU32' to 'IU16', possible loss of data	x64,x86	SPC-CCPU-EXECUTOR-DISPATCH	read-value-range-and-architecture-delta	narrowing/widening is not automatically a defect; determine guest fixed-width value, private native value, or host identity before selecting original correction, overlay, or mapping-manager boundary	T310-S8-P4-WARN-000742,T310-S8-P4-WARN-000743
T310-S8-P4-CLASS-000429	src/mvdm-host/softpc.new/base/ccpu386/c_main.c	3258	C4244	'=': conversion from 'IU32' to 'IU16', possible loss of data	x64,x86	SPC-CCPU-EXECUTOR-DISPATCH	read-value-range-and-architecture-delta	narrowing/widening is not automatically a defect; determine guest fixed-width value, private native value, or host identity before selecting original correction, overlay, or mapping-manager boundary	T310-S8-P4-WARN-000744,T310-S8-P4-WARN-000745
T310-S8-P4-CLASS-000430	src/mvdm-host/softpc.new/base/ccpu386/c_main.c	3276	C4244	'=': conversion from '__int64' to 'IU32', possible loss of data	x64	SPC-CCPU-EXECUTOR-DISPATCH	must-read-x64-narrowing	narrowing/widening is not automatically a defect; determine guest fixed-width value, private native value, or host identity before selecting original correction, overlay, or mapping-manager boundary	T310-S8-P4-WARN-000746
T310-S8-P4-CLASS-000431	src/mvdm-host/softpc.new/base/ccpu386/c_main.c	3288	C4244	'=': conversion from '__int64' to 'IU32', possible loss of data	x64	SPC-CCPU-EXECUTOR-DISPATCH	must-read-x64-narrowing	narrowing/widening is not automatically a defect; determine guest fixed-width value, private native value, or host identity before selecting original correction, overlay, or mapping-manager boundary	T310-S8-P4-WARN-000747
T310-S8-P4-CLASS-000433	src/mvdm-host/softpc.new/base/ccpu386/c_main.c	3324	C4244	'initializing': conversion from '__int64' to 'int', possible loss of data	x64	SPC-CCPU-EXECUTOR-DISPATCH	must-read-x64-narrowing	narrowing/widening is not automatically a defect; determine guest fixed-width value, private native value, or host identity before selecting original correction, overlay, or mapping-manager boundary	T310-S8-P4-WARN-000750
T310-S8-P4-CLASS-000434	src/mvdm-host/softpc.new/base/ccpu386/c_main.c	3344	C4013	'EDL_fast_bop' undefined; assuming extern returning int	x64,x86	SPC-CCPU-EXECUTOR-DISPATCH	must-repair-call-abi	undeclared, old-style, or incompatible call/table contract may truncate a pointer or pass the wrong calling convention; reconcile declaration, definition, table slot and selected callers	T310-S8-P4-WARN-000751,T310-S8-P4-WARN-000752
T310-S8-P4-CLASS-000435	src/mvdm-host/softpc.new/base/ccpu386/c_main.c	3365	C4244	'=': conversion from 'IU32' to 'IU16', possible loss of data	x64,x86	SPC-CCPU-EXECUTOR-DISPATCH	read-value-range-and-architecture-delta	narrowing/widening is not automatically a defect; determine guest fixed-width value, private native value, or host identity before selecting original correction, overlay, or mapping-manager boundary	T310-S8-P4-WARN-000753,T310-S8-P4-WARN-000754
T310-S8-P4-CLASS-000436	src/mvdm-host/softpc.new/base/ccpu386/c_main.c	3389	C4244	'=': conversion from 'IU32' to 'IU8', possible loss of data	x64,x86	SPC-CCPU-EXECUTOR-DISPATCH	read-value-range-and-architecture-delta	narrowing/widening is not automatically a defect; determine guest fixed-width value, private native value, or host identity before selecting original correction, overlay, or mapping-manager boundary	T310-S8-P4-WARN-000755,T310-S8-P4-WARN-000756
T310-S8-P4-CLASS-000437	src/mvdm-host/softpc.new/base/ccpu386/c_main.c	3408	C4244	'=': conversion from 'IU32' to 'IU16', possible loss of data	x64,x86	SPC-CCPU-EXECUTOR-DISPATCH	read-value-range-and-architecture-delta	narrowing/widening is not automatically a defect; determine guest fixed-width value, private native value, or host identity before selecting original correction, overlay, or mapping-manager boundary	T310-S8-P4-WARN-000757,T310-S8-P4-WARN-000758
T310-S8-P4-CLASS-000438	src/mvdm-host/softpc.new/base/ccpu386/c_main.c	3461	C4244	'initializing': conversion from '__int64' to 'int', possible loss of data	x64	SPC-CCPU-EXECUTOR-DISPATCH	must-read-x64-narrowing	narrowing/widening is not automatically a defect; determine guest fixed-width value, private native value, or host identity before selecting original correction, overlay, or mapping-manager boundary	T310-S8-P4-WARN-000759
T310-S8-P4-CLASS-000439	src/mvdm-host/softpc.new/base/ccpu386/c_main.c	3473	C4244	'initializing': conversion from '__int64' to 'int', possible loss of data	x64	SPC-CCPU-EXECUTOR-DISPATCH	must-read-x64-narrowing	narrowing/widening is not automatically a defect; determine guest fixed-width value, private native value, or host identity before selecting original correction, overlay, or mapping-manager boundary	T310-S8-P4-WARN-000760
T310-S8-P4-CLASS-000440	src/mvdm-host/softpc.new/base/ccpu386/c_main.c	3484	C4244	'initializing': conversion from '__int64' to 'int', possible loss of data	x64	SPC-CCPU-EXECUTOR-DISPATCH	must-read-x64-narrowing	narrowing/widening is not automatically a defect; determine guest fixed-width value, private native value, or host identity before selecting original correction, overlay, or mapping-manager boundary	T310-S8-P4-WARN-000761
T310-S8-P4-CLASS-000441	src/mvdm-host/softpc.new/base/ccpu386/c_main.c	3496	C4244	'initializing': conversion from '__int64' to 'int', possible loss of data	x64	SPC-CCPU-EXECUTOR-DISPATCH	must-read-x64-narrowing	narrowing/widening is not automatically a defect; determine guest fixed-width value, private native value, or host identity before selecting original correction, overlay, or mapping-manager boundary	T310-S8-P4-WARN-000762
T310-S8-P4-CLASS-000442	src/mvdm-host/softpc.new/base/ccpu386/c_main.c	3533	C4244	'=': conversion from 'IU32' to 'IU8', possible loss of data	x64,x86	SPC-CCPU-EXECUTOR-DISPATCH	read-value-range-and-architecture-delta	narrowing/widening is not automatically a defect; determine guest fixed-width value, private native value, or host identity before selecting original correction, overlay, or mapping-manager boundary	T310-S8-P4-WARN-000763,T310-S8-P4-WARN-000764
T310-S8-P4-CLASS-000443	src/mvdm-host/softpc.new/base/ccpu386/c_main.c	3557	C4244	'=': conversion from 'IU32' to 'IU16', possible loss of data	x64,x86	SPC-CCPU-EXECUTOR-DISPATCH	read-value-range-and-architecture-delta	narrowing/widening is not automatically a defect; determine guest fixed-width value, private native value, or host identity before selecting original correction, overlay, or mapping-manager boundary	T310-S8-P4-WARN-000765,T310-S8-P4-WARN-000766
T310-S8-P4-CLASS-000444	src/mvdm-host/softpc.new/base/ccpu386/c_main.c	3586	C4244	'=': conversion from 'IU32' to 'IU8', possible loss of data	x64,x86	SPC-CCPU-EXECUTOR-DISPATCH	read-value-range-and-architecture-delta	narrowing/widening is not automatically a defect; determine guest fixed-width value, private native value, or host identity before selecting original correction, overlay, or mapping-manager boundary	T310-S8-P4-WARN-000767,T310-S8-P4-WARN-000768
T310-S8-P4-CLASS-000445	src/mvdm-host/softpc.new/base/ccpu386/c_main.c	3610	C4244	'=': conversion from 'IU32' to 'IU16', possible loss of data	x64,x86	SPC-CCPU-EXECUTOR-DISPATCH	read-value-range-and-architecture-delta	narrowing/widening is not automatically a defect; determine guest fixed-width value, private native value, or host identity before selecting original correction, overlay, or mapping-manager boundary	T310-S8-P4-WARN-000769,T310-S8-P4-WARN-000770
T310-S8-P4-CLASS-000446	src/mvdm-host/softpc.new/base/ccpu386/c_main.c	3634	C4244	'initializing': conversion from '__int64' to 'int', possible loss of data	x64	SPC-CCPU-EXECUTOR-DISPATCH	must-read-x64-narrowing	narrowing/widening is not automatically a defect; determine guest fixed-width value, private native value, or host identity before selecting original correction, overlay, or mapping-manager boundary	T310-S8-P4-WARN-000771
T310-S8-P4-CLASS-000447	src/mvdm-host/softpc.new/base/ccpu386/c_main.c	3670	C4013	'TakeNpxExceptionInt' undefined; assuming extern returning int	x64,x86	SPC-CCPU-EXECUTOR-DISPATCH	must-repair-call-abi	undeclared, old-style, or incompatible call/table contract may truncate a pointer or pass the wrong calling convention; reconcile declaration, definition, table slot and selected callers	T310-S8-P4-WARN-000772,T310-S8-P4-WARN-000773
T310-S8-P4-CLASS-000448	src/mvdm-host/softpc.new/base/ccpu386/c_main.c	3691	C4244	'=': conversion from '__int64' to 'IU32', possible loss of data	x64	SPC-CCPU-EXECUTOR-DISPATCH	must-read-x64-narrowing	narrowing/widening is not automatically a defect; determine guest fixed-width value, private native value, or host identity before selecting original correction, overlay, or mapping-manager boundary	T310-S8-P4-WARN-000774
T310-S8-P4-CLASS-000449	src/mvdm-host/softpc.new/base/ccpu386/c_main.c	3748	C4244	'=': conversion from 'IU32' to 'IU8', possible loss of data	x64,x86	SPC-CCPU-EXECUTOR-DISPATCH	read-value-range-and-architecture-delta	narrowing/widening is not automatically a defect; determine guest fixed-width value, private native value, or host identity before selecting original correction, overlay, or mapping-manager boundary	T310-S8-P4-WARN-000775,T310-S8-P4-WARN-000776
T310-S8-P4-CLASS-000450	src/mvdm-host/softpc.new/base/ccpu386/c_main.c	3765	C4244	'=': conversion from 'IU32' to 'IU16', possible loss of data	x64,x86	SPC-CCPU-EXECUTOR-DISPATCH	read-value-range-and-architecture-delta	narrowing/widening is not automatically a defect; determine guest fixed-width value, private native value, or host identity before selecting original correction, overlay, or mapping-manager boundary	T310-S8-P4-WARN-000777,T310-S8-P4-WARN-000778
T310-S8-P4-CLASS-000451	src/mvdm-host/softpc.new/base/ccpu386/c_main.c	3850	C4244	'=': conversion from '__int64' to 'IU32', possible loss of data	x64	SPC-CCPU-EXECUTOR-DISPATCH	must-read-x64-narrowing	narrowing/widening is not automatically a defect; determine guest fixed-width value, private native value, or host identity before selecting original correction, overlay, or mapping-manager boundary	T310-S8-P4-WARN-000779
T310-S8-P4-CLASS-000452	src/mvdm-host/softpc.new/base/ccpu386/c_main.c	3876	C4244	'=': conversion from 'IU32' to 'IU8', possible loss of data	x64,x86	SPC-CCPU-EXECUTOR-DISPATCH	read-value-range-and-architecture-delta	narrowing/widening is not automatically a defect; determine guest fixed-width value, private native value, or host identity before selecting original correction, overlay, or mapping-manager boundary	T310-S8-P4-WARN-000780,T310-S8-P4-WARN-000781
T310-S8-P4-CLASS-000453	src/mvdm-host/softpc.new/base/ccpu386/c_main.c	3893	C4244	'=': conversion from 'IU32' to 'IU16', possible loss of data	x64,x86	SPC-CCPU-EXECUTOR-DISPATCH	read-value-range-and-architecture-delta	narrowing/widening is not automatically a defect; determine guest fixed-width value, private native value, or host identity before selecting original correction, overlay, or mapping-manager boundary	T310-S8-P4-WARN-000782,T310-S8-P4-WARN-000783
T310-S8-P4-CLASS-000454	src/mvdm-host/softpc.new/base/ccpu386/c_main.c	3979	C4244	'initializing': conversion from '__int64' to 'int', possible loss of data	x64	SPC-CCPU-EXECUTOR-DISPATCH	must-read-x64-narrowing	narrowing/widening is not automatically a defect; determine guest fixed-width value, private native value, or host identity before selecting original correction, overlay, or mapping-manager boundary	T310-S8-P4-WARN-000784
T310-S8-P4-CLASS-000455	src/mvdm-host/softpc.new/base/ccpu386/c_main.c	3998	C4013	'host_timer_event' undefined; assuming extern returning int	x64,x86	SPC-CCPU-EXECUTOR-DISPATCH	must-repair-call-abi	undeclared, old-style, or incompatible call/table contract may truncate a pointer or pass the wrong calling convention; reconcile declaration, definition, table slot and selected callers	T310-S8-P4-WARN-000785,T310-S8-P4-WARN-000786
T310-S8-P4-CLASS-000456	src/mvdm-host/softpc.new/base/ccpu386/c_main.c	4035	C4244	'=': conversion from 'IU32' to 'IU8', possible loss of data	x64,x86	SPC-CCPU-EXECUTOR-DISPATCH	read-value-range-and-architecture-delta	narrowing/widening is not automatically a defect; determine guest fixed-width value, private native value, or host identity before selecting original correction, overlay, or mapping-manager boundary	T310-S8-P4-WARN-000787,T310-S8-P4-WARN-000788
T310-S8-P4-CLASS-000457	src/mvdm-host/softpc.new/base/ccpu386/c_main.c	4045	C4244	'=': conversion from 'IU32' to 'IU8', possible loss of data	x64,x86	SPC-CCPU-EXECUTOR-DISPATCH	read-value-range-and-architecture-delta	narrowing/widening is not automatically a defect; determine guest fixed-width value, private native value, or host identity before selecting original correction, overlay, or mapping-manager boundary	T310-S8-P4-WARN-000789,T310-S8-P4-WARN-000790
T310-S8-P4-CLASS-000458	src/mvdm-host/softpc.new/base/ccpu386/c_main.c	4056	C4244	'=': conversion from 'IU32' to 'IU8', possible loss of data	x64,x86	SPC-CCPU-EXECUTOR-DISPATCH	read-value-range-and-architecture-delta	narrowing/widening is not automatically a defect; determine guest fixed-width value, private native value, or host identity before selecting original correction, overlay, or mapping-manager boundary	T310-S8-P4-WARN-000791,T310-S8-P4-WARN-000792
T310-S8-P4-CLASS-000459	src/mvdm-host/softpc.new/base/ccpu386/c_main.c	4089	C4244	'=': conversion from 'IU32' to 'IU16', possible loss of data	x64,x86	SPC-CCPU-EXECUTOR-DISPATCH	read-value-range-and-architecture-delta	narrowing/widening is not automatically a defect; determine guest fixed-width value, private native value, or host identity before selecting original correction, overlay, or mapping-manager boundary	T310-S8-P4-WARN-000793,T310-S8-P4-WARN-000794
T310-S8-P4-CLASS-000460	src/mvdm-host/softpc.new/base/ccpu386/c_main.c	4109	C4244	'=': conversion from 'IU32' to 'IU16', possible loss of data	x64,x86	SPC-CCPU-EXECUTOR-DISPATCH	read-value-range-and-architecture-delta	narrowing/widening is not automatically a defect; determine guest fixed-width value, private native value, or host identity before selecting original correction, overlay, or mapping-manager boundary	T310-S8-P4-WARN-000795,T310-S8-P4-WARN-000796
T310-S8-P4-CLASS-000461	src/mvdm-host/softpc.new/base/ccpu386/c_main.c	4131	C4244	'=': conversion from 'IU32' to 'IU16', possible loss of data	x64,x86	SPC-CCPU-EXECUTOR-DISPATCH	read-value-range-and-architecture-delta	narrowing/widening is not automatically a defect; determine guest fixed-width value, private native value, or host identity before selecting original correction, overlay, or mapping-manager boundary	T310-S8-P4-WARN-000797,T310-S8-P4-WARN-000798
T310-S8-P4-CLASS-000462	src/mvdm-host/softpc.new/base/ccpu386/c_main.c	4194	C4244	'initializing': conversion from '__int64' to 'int', possible loss of data	x64	SPC-CCPU-EXECUTOR-DISPATCH	must-read-x64-narrowing	narrowing/widening is not automatically a defect; determine guest fixed-width value, private native value, or host identity before selecting original correction, overlay, or mapping-manager boundary	T310-S8-P4-WARN-000799
T310-S8-P4-CLASS-000463	src/mvdm-host/softpc.new/base/ccpu386/c_main.c	4249	C4244	'=': conversion from '__int64' to 'IU32', possible loss of data	x64	SPC-CCPU-EXECUTOR-DISPATCH	must-read-x64-narrowing	narrowing/widening is not automatically a defect; determine guest fixed-width value, private native value, or host identity before selecting original correction, overlay, or mapping-manager boundary	T310-S8-P4-WARN-000800
T310-S8-P4-CLASS-000464	src/mvdm-host/softpc.new/base/ccpu386/c_main.c	4271	C4244	'=': conversion from '__int64' to 'IU32', possible loss of data	x64	SPC-CCPU-EXECUTOR-DISPATCH	must-read-x64-narrowing	narrowing/widening is not automatically a defect; determine guest fixed-width value, private native value, or host identity before selecting original correction, overlay, or mapping-manager boundary	T310-S8-P4-WARN-000801
T310-S8-P4-CLASS-000465	src/mvdm-host/softpc.new/base/ccpu386/c_main.c	4313	C4244	'initializing': conversion from '__int64' to 'int', possible loss of data	x64	SPC-CCPU-EXECUTOR-DISPATCH	must-read-x64-narrowing	narrowing/widening is not automatically a defect; determine guest fixed-width value, private native value, or host identity before selecting original correction, overlay, or mapping-manager boundary	T310-S8-P4-WARN-000802
T310-S8-P4-CLASS-000466	src/mvdm-host/softpc.new/base/ccpu386/c_main.c	4413	C4013	'ica_intack' undefined; assuming extern returning int	x64,x86	SPC-CCPU-EXECUTOR-DISPATCH	must-repair-call-abi	undeclared, old-style, or incompatible call/table contract may truncate a pointer or pass the wrong calling convention; reconcile declaration, definition, table slot and selected callers	T310-S8-P4-WARN-000803,T310-S8-P4-WARN-000805
T310-S8-P4-CLASS-000467	src/mvdm-host/softpc.new/base/ccpu386/c_main.c	4413	C4244	'=': conversion from 'int' to 'IU16', possible loss of data	x64,x86	SPC-CCPU-EXECUTOR-DISPATCH	read-value-range-and-architecture-delta	narrowing/widening is not automatically a defect; determine guest fixed-width value, private native value, or host identity before selecting original correction, overlay, or mapping-manager boundary	T310-S8-P4-WARN-000804,T310-S8-P4-WARN-000806
T310-S8-P4-CLASS-000468	src/mvdm-host/softpc.new/base/ccpu386/c_main.c	4567	C4244	'=': conversion from 'IU32' to 'IU16', possible loss of data	x64,x86	SPC-CCPU-EXECUTOR-DISPATCH	read-value-range-and-architecture-delta	narrowing/widening is not automatically a defect; determine guest fixed-width value, private native value, or host identity before selecting original correction, overlay, or mapping-manager boundary	T310-S8-P4-WARN-000807,T310-S8-P4-WARN-000808
T310-S8-P4-CLASS-000469	src/mvdm-host/softpc.new/base/ccpu386/c_main.c	4632	C4244	'=': conversion from '__int64' to 'IU32', possible loss of data	x64	SPC-CCPU-EXECUTOR-DISPATCH	must-read-x64-narrowing	narrowing/widening is not automatically a defect; determine guest fixed-width value, private native value, or host identity before selecting original correction, overlay, or mapping-manager boundary	T310-S8-P4-WARN-000809
T310-S8-P4-CLASS-000471	src/mvdm-host/softpc.new/base/ccpu386/c_main.c	4750	C4013	'load_pseudo_descr' undefined; assuming extern returning int	x64,x86	SPC-CCPU-EXECUTOR-DISPATCH	must-repair-call-abi	undeclared, old-style, or incompatible call/table contract may truncate a pointer or pass the wrong calling convention; reconcile declaration, definition, table slot and selected callers	T310-S8-P4-WARN-000812,T310-S8-P4-WARN-000813
T310-S8-P4-CLASS-000472	src/mvdm-host/softpc.new/base/ccpu386/c_main.c	4839	C4024	'_setjmp': different types for formal and actual parameter 1	x64,x86	SPC-CCPU-EXECUTOR-DISPATCH	unclassified-read-source	warning class has no approved general disposition; read original source, declaration and selected caller before any change	T310-S8-P4-WARN-000814,T310-S8-P4-WARN-000816
T310-S8-P4-CLASS-000473	src/mvdm-host/softpc.new/base/ccpu386/c_main.c	4839	C4047	'function': '_JBTYPE *' differs in levels of indirection from 'jmp_buf (*)'	x64	SPC-CCPU-EXECUTOR-DISPATCH	must-repair-call-abi	undeclared, old-style, or incompatible call/table contract may truncate a pointer or pass the wrong calling convention; reconcile declaration, definition, table slot and selected callers	T310-S8-P4-WARN-000815
T310-S8-P4-CLASS-000474	src/mvdm-host/softpc.new/base/ccpu386/c_main.c	4839	C4047	'function': 'int *' differs in levels of indirection from 'jmp_buf (*)'	x86	SPC-CCPU-EXECUTOR-DISPATCH	must-repair-call-abi	undeclared, old-style, or incompatible call/table contract may truncate a pointer or pass the wrong calling convention; reconcile declaration, definition, table slot and selected callers	T310-S8-P4-WARN-000817
T310-S8-P4-CLASS-000475	src/mvdm-host/softpc.new/base/ccpu386/c_page.c	563	C4013	'check_D' undefined; assuming extern returning int	x64,x86	SPC-CCPU-EXECUTOR-DISPATCH	must-repair-call-abi	undeclared, old-style, or incompatible call/table contract may truncate a pointer or pass the wrong calling convention; reconcile declaration, definition, table slot and selected callers	T310-S8-P4-WARN-000818,T310-S8-P4-WARN-000819
T310-S8-P4-CLASS-000476	src/mvdm-host/softpc.new/base/ccpu386/c_prot.c	161	C4018	'>=': signed/unsigned mismatch	x64,x86	SPC-CCPU-EXECUTOR-DISPATCH	unclassified-read-source	warning class has no approved general disposition; read original source, declaration and selected caller before any change	T310-S8-P4-WARN-000820,T310-S8-P4-WARN-000821
T310-S8-P4-CLASS-000479	src/mvdm-host/softpc.new/base/ccpu386/c_reg.c	110	C4244	'=': conversion from 'unsigned long' to 'IU16', possible loss of data	x64,x86	SPC-CCPU-EXECUTOR-DISPATCH	read-value-range-and-architecture-delta	narrowing/widening is not automatically a defect; determine guest fixed-width value, private native value, or host identity before selecting original correction, overlay, or mapping-manager boundary	T310-S8-P4-WARN-000826,T310-S8-P4-WARN-000827
T310-S8-P4-CLASS-000480	src/mvdm-host/softpc.new/base/ccpu386/c_reg.c	117	C4244	'=': conversion from 'unsigned long' to 'IU16', possible loss of data	x64,x86	SPC-CCPU-EXECUTOR-DISPATCH	read-value-range-and-architecture-delta	narrowing/widening is not automatically a defect; determine guest fixed-width value, private native value, or host identity before selecting original correction, overlay, or mapping-manager boundary	T310-S8-P4-WARN-000828,T310-S8-P4-WARN-000829
T310-S8-P4-CLASS-000481	src/mvdm-host/softpc.new/base/ccpu386/c_reg.c	122	C4244	'=': conversion from 'unsigned long' to 'IU16', possible loss of data	x64,x86	SPC-CCPU-EXECUTOR-DISPATCH	read-value-range-and-architecture-delta	narrowing/widening is not automatically a defect; determine guest fixed-width value, private native value, or host identity before selecting original correction, overlay, or mapping-manager boundary	T310-S8-P4-WARN-000830,T310-S8-P4-WARN-000831
T310-S8-P4-CLASS-000483	src/mvdm-host/softpc.new/base/ccpu386/c_reg.c	1850	C4013	'printf' undefined; assuming extern returning int	x64,x86	SPC-CCPU-EXECUTOR-DISPATCH	must-repair-call-abi	undeclared, old-style, or incompatible call/table contract may truncate a pointer or pass the wrong calling convention; reconcile declaration, definition, table slot and selected callers	T310-S8-P4-WARN-000834,T310-S8-P4-WARN-000835
T310-S8-P4-CLASS-000484	src/mvdm-host/softpc.new/base/ccpu386/c_seg.c	185	C4018	'>': signed/unsigned mismatch	x64,x86	SPC-CCPU-EXECUTOR-DISPATCH	unclassified-read-source	warning class has no approved general disposition; read original source, declaration and selected caller before any change	T310-S8-P4-WARN-000836,T310-S8-P4-WARN-000837
T310-S8-P4-CLASS-000485	src/mvdm-host/softpc.new/base/ccpu386/c_seg.c	196	C4018	'>': signed/unsigned mismatch	x64,x86	SPC-CCPU-EXECUTOR-DISPATCH	unclassified-read-source	warning class has no approved general disposition; read original source, declaration and selected caller before any change	T310-S8-P4-WARN-000838,T310-S8-P4-WARN-000839
T310-S8-P4-CLASS-000487	src/mvdm-host/softpc.new/base/ccpu386/c_seg.c	210	C4244	'=': conversion from 'IU32' to 'IU16', possible loss of data	x64,x86	SPC-CCPU-EXECUTOR-DISPATCH	read-value-range-and-architecture-delta	narrowing/widening is not automatically a defect; determine guest fixed-width value, private native value, or host identity before selecting original correction, overlay, or mapping-manager boundary	T310-S8-P4-WARN-000842,T310-S8-P4-WARN-000843
T310-S8-P4-CLASS-000488	src/mvdm-host/softpc.new/base/ccpu386/c_seg.c	296	C4018	'>': signed/unsigned mismatch	x64,x86	SPC-CCPU-EXECUTOR-DISPATCH	unclassified-read-source	warning class has no approved general disposition; read original source, declaration and selected caller before any change	T310-S8-P4-WARN-000844,T310-S8-P4-WARN-000845
T310-S8-P4-CLASS-000489	src/mvdm-host/softpc.new/base/ccpu386/c_stack.c	62	C4244	'=': conversion from 'IS32' to 'IU16', possible loss of data	x64,x86	SPC-CCPU-EXECUTOR-DISPATCH	read-value-range-and-architecture-delta	narrowing/widening is not automatically a defect; determine guest fixed-width value, private native value, or host identity before selecting original correction, overlay, or mapping-manager boundary	T310-S8-P4-WARN-000846,T310-S8-P4-WARN-000847
T310-S8-P4-CLASS-000490	src/mvdm-host/softpc.new/base/ccpu386/c_stack.c	88	C4244	'=': conversion from 'IS32' to 'IU16', possible loss of data	x64,x86	SPC-CCPU-EXECUTOR-DISPATCH	read-value-range-and-architecture-delta	narrowing/widening is not automatically a defect; determine guest fixed-width value, private native value, or host identity before selecting original correction, overlay, or mapping-manager boundary	T310-S8-P4-WARN-000848,T310-S8-P4-WARN-000849
T310-S8-P4-CLASS-000491	src/mvdm-host/softpc.new/base/ccpu386/c_stack.c	133	C4244	'=': conversion from 'IU32' to 'IU16', possible loss of data	x64,x86	SPC-CCPU-EXECUTOR-DISPATCH	read-value-range-and-architecture-delta	narrowing/widening is not automatically a defect; determine guest fixed-width value, private native value, or host identity before selecting original correction, overlay, or mapping-manager boundary	T310-S8-P4-WARN-000850,T310-S8-P4-WARN-000851
T310-S8-P4-CLASS-000492	src/mvdm-host/softpc.new/base/ccpu386/c_stack.c	152	C4244	'=': conversion from 'IU32' to 'IU16', possible loss of data	x64,x86	SPC-CCPU-EXECUTOR-DISPATCH	read-value-range-and-architecture-delta	narrowing/widening is not automatically a defect; determine guest fixed-width value, private native value, or host identity before selecting original correction, overlay, or mapping-manager boundary	T310-S8-P4-WARN-000852,T310-S8-P4-WARN-000853
T310-S8-P4-CLASS-000494	src/mvdm-host/softpc.new/base/ccpu386/c_stack.c	474	C4018	'<': signed/unsigned mismatch	x64,x86	SPC-CCPU-EXECUTOR-DISPATCH	unclassified-read-source	warning class has no approved general disposition; read original source, declaration and selected caller before any change	T310-S8-P4-WARN-000856,T310-S8-P4-WARN-000857
T310-S8-P4-CLASS-000495	src/mvdm-host/softpc.new/base/ccpu386/c_stack.c	493	C4018	'<': signed/unsigned mismatch	x64,x86	SPC-CCPU-EXECUTOR-DISPATCH	unclassified-read-source	warning class has no approved general disposition; read original source, declaration and selected caller before any change	T310-S8-P4-WARN-000858,T310-S8-P4-WARN-000859
T310-S8-P4-CLASS-000496	src/mvdm-host/softpc.new/base/ccpu386/c_stack.c	547	C4244	'function': conversion from 'ISM32' to 'IUM8', possible loss of data	x64,x86	SPC-CCPU-EXECUTOR-DISPATCH	read-value-range-and-architecture-delta	narrowing/widening is not automatically a defect; determine guest fixed-width value, private native value, or host identity before selecting original correction, overlay, or mapping-manager boundary	T310-S8-P4-WARN-000860,T310-S8-P4-WARN-000861
T310-S8-P4-CLASS-000497	src/mvdm-host/softpc.new/base/ccpu386/c_stack.c	550	C4018	'<': signed/unsigned mismatch	x64,x86	SPC-CCPU-EXECUTOR-DISPATCH	unclassified-read-source	warning class has no approved general disposition; read original source, declaration and selected caller before any change	T310-S8-P4-WARN-000862,T310-S8-P4-WARN-000863
T310-S8-P4-CLASS-000498	src/mvdm-host/softpc.new/base/ccpu386/c_stack.c	617	C4244	'function': conversion from 'ISM32' to 'IUM8', possible loss of data	x64,x86	SPC-CCPU-EXECUTOR-DISPATCH	read-value-range-and-architecture-delta	narrowing/widening is not automatically a defect; determine guest fixed-width value, private native value, or host identity before selecting original correction, overlay, or mapping-manager boundary	T310-S8-P4-WARN-000864,T310-S8-P4-WARN-000865
T310-S8-P4-CLASS-000499	src/mvdm-host/softpc.new/base/ccpu386/c_stack.c	620	C4018	'<': signed/unsigned mismatch	x64,x86	SPC-CCPU-EXECUTOR-DISPATCH	unclassified-read-source	warning class has no approved general disposition; read original source, declaration and selected caller before any change	T310-S8-P4-WARN-000866,T310-S8-P4-WARN-000867
T310-S8-P4-CLASS-000502	src/mvdm-host/softpc.new/base/ccpu386/c_tlb.c	486	C4244	'=': conversion from 'ISM32' to 'IU8', possible loss of data	x64,x86	SPC-CCPU-EXECUTOR-DISPATCH	read-value-range-and-architecture-delta	narrowing/widening is not automatically a defect; determine guest fixed-width value, private native value, or host identity before selecting original correction, overlay, or mapping-manager boundary	T310-S8-P4-WARN-000872,T310-S8-P4-WARN-000873
T310-S8-P4-CLASS-000506	src/mvdm-host/softpc.new/base/ccpu386/c_tsksw.c	540	C4018	'>': signed/unsigned mismatch	x64,x86	SPC-CCPU-EXECUTOR-DISPATCH	unclassified-read-source	warning class has no approved general disposition; read original source, declaration and selected caller before any change	T310-S8-P4-WARN-000880,T310-S8-P4-WARN-000881
T310-S8-P4-CLASS-000513	src/mvdm-host/softpc.new/base/ccpu386/c_xcptn.c	211	C4013	'force_yoda' undefined; assuming extern returning int	x64,x86	SPC-CCPU-EXECUTOR-DISPATCH	must-repair-call-abi	undeclared, old-style, or incompatible call/table contract may truncate a pointer or pass the wrong calling convention; reconcile declaration, definition, table slot and selected callers	T310-S8-P4-WARN-000894,T310-S8-P4-WARN-000895
T310-S8-P4-CLASS-000514	src/mvdm-host/softpc.new/base/ccpu386/c_xcptn.c	244	C4244	'=': conversion from 'ISM32' to 'IU16', possible loss of data	x64,x86	SPC-CCPU-EXECUTOR-DISPATCH	read-value-range-and-architecture-delta	narrowing/widening is not automatically a defect; determine guest fixed-width value, private native value, or host identity before selecting original correction, overlay, or mapping-manager boundary	T310-S8-P4-WARN-000896,T310-S8-P4-WARN-000897
T310-S8-P4-CLASS-000515	src/mvdm-host/softpc.new/base/ccpu386/c_xcptn.c	304	C4244	'=': conversion from 'ISM32' to 'IU16', possible loss of data	x64,x86	SPC-CCPU-EXECUTOR-DISPATCH	read-value-range-and-architecture-delta	narrowing/widening is not automatically a defect; determine guest fixed-width value, private native value, or host identity before selecting original correction, overlay, or mapping-manager boundary	T310-S8-P4-WARN-000898,T310-S8-P4-WARN-000899
T310-S8-P4-CLASS-000522	src/mvdm-host/softpc.new/base/ccpu386/c_xfer.c	223	C4018	'>': signed/unsigned mismatch	x64,x86	SPC-CCPU-EXECUTOR-DISPATCH	unclassified-read-source	warning class has no approved general disposition; read original source, declaration and selected caller before any change	T310-S8-P4-WARN-000912,T310-S8-P4-WARN-000913
T310-S8-P4-CLASS-000523	src/mvdm-host/softpc.new/base/ccpu386/c_xfer.c	234	C4018	'>': signed/unsigned mismatch	x64,x86	SPC-CCPU-EXECUTOR-DISPATCH	unclassified-read-source	warning class has no approved general disposition; read original source, declaration and selected caller before any change	T310-S8-P4-WARN-000914,T310-S8-P4-WARN-000915
T310-S8-P4-CLASS-000525	src/mvdm-host/softpc.new/base/ccpu386/c_xfer.c	249	C4018	'>': signed/unsigned mismatch	x64,x86	SPC-CCPU-EXECUTOR-DISPATCH	unclassified-read-source	warning class has no approved general disposition; read original source, declaration and selected caller before any change	T310-S8-P4-WARN-000918,T310-S8-P4-WARN-000919
T310-S8-P4-CLASS-000526	src/mvdm-host/softpc.new/base/ccpu386/c_xfer.c	266	C4018	'>': signed/unsigned mismatch	x64,x86	SPC-CCPU-EXECUTOR-DISPATCH	unclassified-read-source	warning class has no approved general disposition; read original source, declaration and selected caller before any change	T310-S8-P4-WARN-000920,T310-S8-P4-WARN-000921
T310-S8-P4-CLASS-000527	src/mvdm-host/softpc.new/base/ccpu386/c_xfer.c	289	C4018	'>': signed/unsigned mismatch	x64,x86	SPC-CCPU-EXECUTOR-DISPATCH	unclassified-read-source	warning class has no approved general disposition; read original source, declaration and selected caller before any change	T310-S8-P4-WARN-000922,T310-S8-P4-WARN-000923
T310-S8-P4-CLASS-000528	src/mvdm-host/softpc.new/base/ccpu386/c_xfer.c	342	C4018	'>': signed/unsigned mismatch	x64,x86	SPC-CCPU-EXECUTOR-DISPATCH	unclassified-read-source	warning class has no approved general disposition; read original source, declaration and selected caller before any change	T310-S8-P4-WARN-000924,T310-S8-P4-WARN-000925
T310-S8-P4-CLASS-000529	src/mvdm-host/softpc.new/base/ccpu386/c_xfer.c	349	C4018	'>': signed/unsigned mismatch	x64,x86	SPC-CCPU-EXECUTOR-DISPATCH	unclassified-read-source	warning class has no approved general disposition; read original source, declaration and selected caller before any change	T310-S8-P4-WARN-000926,T310-S8-P4-WARN-000927
T310-S8-P4-CLASS-000531	src/mvdm-host/softpc.new/base/ccpu386/c_xfer.c	357	C4018	'<': signed/unsigned mismatch	x64,x86	SPC-CCPU-EXECUTOR-DISPATCH	unclassified-read-source	warning class has no approved general disposition; read original source, declaration and selected caller before any change	T310-S8-P4-WARN-000930,T310-S8-P4-WARN-000931
T310-S8-P4-CLASS-000532	src/mvdm-host/softpc.new/base/ccpu386/call.c	78	C4244	'=': conversion from 'IU32' to 'IU16', possible loss of data	x64,x86	SPC-CCPU-EXECUTOR-DISPATCH	read-value-range-and-architecture-delta	narrowing/widening is not automatically a defect; determine guest fixed-width value, private native value, or host identity before selecting original correction, overlay, or mapping-manager boundary	T310-S8-P4-WARN-000932,T310-S8-P4-WARN-000933
T310-S8-P4-CLASS-000533	src/mvdm-host/softpc.new/base/ccpu386/call.c	137	C4244	'=': conversion from 'IU32' to 'IU16', possible loss of data	x64,x86	SPC-CCPU-EXECUTOR-DISPATCH	read-value-range-and-architecture-delta	narrowing/widening is not automatically a defect; determine guest fixed-width value, private native value, or host identity before selecting original correction, overlay, or mapping-manager boundary	T310-S8-P4-WARN-000934,T310-S8-P4-WARN-000935
T310-S8-P4-CLASS-000534	src/mvdm-host/softpc.new/base/ccpu386/call.c	162	C4244	'=': conversion from 'IU32' to 'IU16', possible loss of data	x64,x86	SPC-CCPU-EXECUTOR-DISPATCH	read-value-range-and-architecture-delta	narrowing/widening is not automatically a defect; determine guest fixed-width value, private native value, or host identity before selecting original correction, overlay, or mapping-manager boundary	T310-S8-P4-WARN-000936,T310-S8-P4-WARN-000937
T310-S8-P4-CLASS-000535	src/mvdm-host/softpc.new/base/ccpu386/call.c	201	C4244	'=': conversion from 'IU32' to 'IU16', possible loss of data	x64,x86	SPC-CCPU-EXECUTOR-DISPATCH	read-value-range-and-architecture-delta	narrowing/widening is not automatically a defect; determine guest fixed-width value, private native value, or host identity before selecting original correction, overlay, or mapping-manager boundary	T310-S8-P4-WARN-000938,T310-S8-P4-WARN-000939
T310-S8-P4-CLASS-000540	src/mvdm-host/softpc.new/base/ccpu386/div.c	60	C4244	'=': conversion from 'IU32' to 'IU8', possible loss of data	x64,x86	SPC-CCPU-EXECUTOR-DISPATCH	read-value-range-and-architecture-delta	narrowing/widening is not automatically a defect; determine guest fixed-width value, private native value, or host identity before selecting original correction, overlay, or mapping-manager boundary	T310-S8-P4-WARN-000948,T310-S8-P4-WARN-000949
T310-S8-P4-CLASS-000541	src/mvdm-host/softpc.new/base/ccpu386/div.c	61	C4244	'=': conversion from 'unsigned long' to 'IU8', possible loss of data	x64,x86	SPC-CCPU-EXECUTOR-DISPATCH	read-value-range-and-architecture-delta	narrowing/widening is not automatically a defect; determine guest fixed-width value, private native value, or host identity before selecting original correction, overlay, or mapping-manager boundary	T310-S8-P4-WARN-000950,T310-S8-P4-WARN-000951
T310-S8-P4-CLASS-000542	src/mvdm-host/softpc.new/base/ccpu386/div.c	115	C4244	'=': conversion from 'IU32' to 'IU16', possible loss of data	x64,x86	SPC-CCPU-EXECUTOR-DISPATCH	read-value-range-and-architecture-delta	narrowing/widening is not automatically a defect; determine guest fixed-width value, private native value, or host identity before selecting original correction, overlay, or mapping-manager boundary	T310-S8-P4-WARN-000952,T310-S8-P4-WARN-000953
T310-S8-P4-CLASS-000543	src/mvdm-host/softpc.new/base/ccpu386/div.c	116	C4244	'=': conversion from 'unsigned long' to 'IU16', possible loss of data	x64,x86	SPC-CCPU-EXECUTOR-DISPATCH	read-value-range-and-architecture-delta	narrowing/widening is not automatically a defect; determine guest fixed-width value, private native value, or host identity before selecting original correction, overlay, or mapping-manager boundary	T310-S8-P4-WARN-000954,T310-S8-P4-WARN-000955
T310-S8-P4-CLASS-000544	src/mvdm-host/softpc.new/base/ccpu386/enter.c	116	C4146	unary minus operator applied to unsigned type, result still unsigned	x64,x86	SPC-CCPU-EXECUTOR-DISPATCH	unclassified-read-source	warning class has no approved general disposition; read original source, declaration and selected caller before any change	T310-S8-P4-WARN-000956,T310-S8-P4-WARN-000957
T310-S8-P4-CLASS-000545	src/mvdm-host/softpc.new/base/ccpu386/enter.c	198	C4146	unary minus operator applied to unsigned type, result still unsigned	x64,x86	SPC-CCPU-EXECUTOR-DISPATCH	unclassified-read-source	warning class has no approved general disposition; read original source, declaration and selected caller before any change	T310-S8-P4-WARN-000958,T310-S8-P4-WARN-000959
T310-S8-P4-CLASS-000548	src/mvdm-host/softpc.new/base/ccpu386/fpu.c	1143	C4244	'=': conversion from 'IU32' to 'IU16', possible loss of data	x64,x86	SPC-CCPU-EXECUTOR-DISPATCH	read-value-range-and-architecture-delta	narrowing/widening is not automatically a defect; determine guest fixed-width value, private native value, or host identity before selecting original correction, overlay, or mapping-manager boundary	T310-S8-P4-WARN-000964,T310-S8-P4-WARN-000965
T310-S8-P4-CLASS-000549	src/mvdm-host/softpc.new/base/ccpu386/fpu.c	1147	C4244	'=': conversion from 'IU32' to 'IU16', possible loss of data	x64,x86	SPC-CCPU-EXECUTOR-DISPATCH	read-value-range-and-architecture-delta	narrowing/widening is not automatically a defect; determine guest fixed-width value, private native value, or host identity before selecting original correction, overlay, or mapping-manager boundary	T310-S8-P4-WARN-000966,T310-S8-P4-WARN-000967
T310-S8-P4-CLASS-000558	src/mvdm-host/softpc.new/base/ccpu386/fpu.c	2181	C4244	'=': conversion from 'IUH' to 'IU16', possible loss of data	x64,x86	SPC-CCPU-EXECUTOR-DISPATCH	read-value-range-and-architecture-delta	narrowing/widening is not automatically a defect; determine guest fixed-width value, private native value, or host identity before selecting original correction, overlay, or mapping-manager boundary	T310-S8-P4-WARN-000984,T310-S8-P4-WARN-000985
T310-S8-P4-CLASS-000560	src/mvdm-host/softpc.new/base/ccpu386/fpu.c	2204	C4244	'=': conversion from 'IUH' to 'IU16', possible loss of data	x64,x86	SPC-CCPU-EXECUTOR-DISPATCH	read-value-range-and-architecture-delta	narrowing/widening is not automatically a defect; determine guest fixed-width value, private native value, or host identity before selecting original correction, overlay, or mapping-manager boundary	T310-S8-P4-WARN-000988,T310-S8-P4-WARN-000989
T310-S8-P4-CLASS-000562	src/mvdm-host/softpc.new/base/ccpu386/fpu.c	2235	C4244	'=': conversion from 'IUH' to 'IU16', possible loss of data	x64,x86	SPC-CCPU-EXECUTOR-DISPATCH	read-value-range-and-architecture-delta	narrowing/widening is not automatically a defect; determine guest fixed-width value, private native value, or host identity before selecting original correction, overlay, or mapping-manager boundary	T310-S8-P4-WARN-000992,T310-S8-P4-WARN-000993
T310-S8-P4-CLASS-000564	src/mvdm-host/softpc.new/base/ccpu386/fpu.c	2668	C4244	'=': conversion from 'IUH' to 'IU16', possible loss of data	x64,x86	SPC-CCPU-EXECUTOR-DISPATCH	read-value-range-and-architecture-delta	narrowing/widening is not automatically a defect; determine guest fixed-width value, private native value, or host identity before selecting original correction, overlay, or mapping-manager boundary	T310-S8-P4-WARN-000996,T310-S8-P4-WARN-000997
T310-S8-P4-CLASS-000567	src/mvdm-host/softpc.new/base/ccpu386/fpu.c	2914	C4244	'=': conversion from 'IUH' to 'IU16', possible loss of data	x64,x86	SPC-CCPU-EXECUTOR-DISPATCH	read-value-range-and-architecture-delta	narrowing/widening is not automatically a defect; determine guest fixed-width value, private native value, or host identity before selecting original correction, overlay, or mapping-manager boundary	T310-S8-P4-WARN-001002,T310-S8-P4-WARN-001003
T310-S8-P4-CLASS-000569	src/mvdm-host/softpc.new/base/ccpu386/fpu.c	2937	C4244	'=': conversion from 'IUH' to 'IU16', possible loss of data	x64,x86	SPC-CCPU-EXECUTOR-DISPATCH	read-value-range-and-architecture-delta	narrowing/widening is not automatically a defect; determine guest fixed-width value, private native value, or host identity before selecting original correction, overlay, or mapping-manager boundary	T310-S8-P4-WARN-001006,T310-S8-P4-WARN-001007
T310-S8-P4-CLASS-000571	src/mvdm-host/softpc.new/base/ccpu386/fpu.c	2964	C4244	'=': conversion from 'IUH' to 'IU16', possible loss of data	x64,x86	SPC-CCPU-EXECUTOR-DISPATCH	read-value-range-and-architecture-delta	narrowing/widening is not automatically a defect; determine guest fixed-width value, private native value, or host identity before selecting original correction, overlay, or mapping-manager boundary	T310-S8-P4-WARN-001010,T310-S8-P4-WARN-001011
T310-S8-P4-CLASS-000581	src/mvdm-host/softpc.new/base/ccpu386/fpu.c	3661	C4244	'=': conversion from 'IUH' to 'IU16', possible loss of data	x64,x86	SPC-CCPU-EXECUTOR-DISPATCH	read-value-range-and-architecture-delta	narrowing/widening is not automatically a defect; determine guest fixed-width value, private native value, or host identity before selecting original correction, overlay, or mapping-manager boundary	T310-S8-P4-WARN-001030,T310-S8-P4-WARN-001031
T310-S8-P4-CLASS-000583	src/mvdm-host/softpc.new/base/ccpu386/fpu.c	3683	C4244	'=': conversion from 'IUH' to 'IU16', possible loss of data	x64,x86	SPC-CCPU-EXECUTOR-DISPATCH	read-value-range-and-architecture-delta	narrowing/widening is not automatically a defect; determine guest fixed-width value, private native value, or host identity before selecting original correction, overlay, or mapping-manager boundary	T310-S8-P4-WARN-001034,T310-S8-P4-WARN-001035
T310-S8-P4-CLASS-000585	src/mvdm-host/softpc.new/base/ccpu386/fpu.c	3711	C4244	'=': conversion from 'IUH' to 'IU16', possible loss of data	x64,x86	SPC-CCPU-EXECUTOR-DISPATCH	read-value-range-and-architecture-delta	narrowing/widening is not automatically a defect; determine guest fixed-width value, private native value, or host identity before selecting original correction, overlay, or mapping-manager boundary	T310-S8-P4-WARN-001038,T310-S8-P4-WARN-001039
T310-S8-P4-CLASS-000586	src/mvdm-host/softpc.new/base/ccpu386/fpu.c	3782	C4244	'=': conversion from 'IUH' to 'IU16', possible loss of data	x64,x86	SPC-CCPU-EXECUTOR-DISPATCH	read-value-range-and-architecture-delta	narrowing/widening is not automatically a defect; determine guest fixed-width value, private native value, or host identity before selecting original correction, overlay, or mapping-manager boundary	T310-S8-P4-WARN-001040,T310-S8-P4-WARN-001041
T310-S8-P4-CLASS-000588	src/mvdm-host/softpc.new/base/ccpu386/fpu.c	3799	C4244	'=': conversion from 'IUH' to 'IU16', possible loss of data	x64,x86	SPC-CCPU-EXECUTOR-DISPATCH	read-value-range-and-architecture-delta	narrowing/widening is not automatically a defect; determine guest fixed-width value, private native value, or host identity before selecting original correction, overlay, or mapping-manager boundary	T310-S8-P4-WARN-001044,T310-S8-P4-WARN-001045
T310-S8-P4-CLASS-000590	src/mvdm-host/softpc.new/base/ccpu386/fpu.c	3884	C4244	'=': conversion from 'IUH' to 'IU16', possible loss of data	x64,x86	SPC-CCPU-EXECUTOR-DISPATCH	read-value-range-and-architecture-delta	narrowing/widening is not automatically a defect; determine guest fixed-width value, private native value, or host identity before selecting original correction, overlay, or mapping-manager boundary	T310-S8-P4-WARN-001048,T310-S8-P4-WARN-001049
T310-S8-P4-CLASS-000591	src/mvdm-host/softpc.new/base/ccpu386/fpu.c	3901	C4244	'=': conversion from 'unsigned long' to 'IS16', possible loss of data	x64,x86	SPC-CCPU-EXECUTOR-DISPATCH	read-value-range-and-architecture-delta	narrowing/widening is not automatically a defect; determine guest fixed-width value, private native value, or host identity before selecting original correction, overlay, or mapping-manager boundary	T310-S8-P4-WARN-001050,T310-S8-P4-WARN-001051
T310-S8-P4-CLASS-000599	src/mvdm-host/softpc.new/base/ccpu386/fpu.c	3984	C4244	'=': conversion from 'IUH' to 'IU16', possible loss of data	x64,x86	SPC-CCPU-EXECUTOR-DISPATCH	read-value-range-and-architecture-delta	narrowing/widening is not automatically a defect; determine guest fixed-width value, private native value, or host identity before selecting original correction, overlay, or mapping-manager boundary	T310-S8-P4-WARN-001066,T310-S8-P4-WARN-001067
T310-S8-P4-CLASS-000600	src/mvdm-host/softpc.new/base/ccpu386/fpu.c	4036	C4244	'=': conversion from 'IUH' to 'IU16', possible loss of data	x64,x86	SPC-CCPU-EXECUTOR-DISPATCH	read-value-range-and-architecture-delta	narrowing/widening is not automatically a defect; determine guest fixed-width value, private native value, or host identity before selecting original correction, overlay, or mapping-manager boundary	T310-S8-P4-WARN-001068,T310-S8-P4-WARN-001069
T310-S8-P4-CLASS-000601	src/mvdm-host/softpc.new/base/ccpu386/fpu.c	4053	C4244	'=': conversion from 'unsigned long' to 'IS16', possible loss of data	x64,x86	SPC-CCPU-EXECUTOR-DISPATCH	read-value-range-and-architecture-delta	narrowing/widening is not automatically a defect; determine guest fixed-width value, private native value, or host identity before selecting original correction, overlay, or mapping-manager boundary	T310-S8-P4-WARN-001070,T310-S8-P4-WARN-001071
T310-S8-P4-CLASS-000610	src/mvdm-host/softpc.new/base/ccpu386/fpu.c	4140	C4244	'=': conversion from 'IUH' to 'IU16', possible loss of data	x64,x86	SPC-CCPU-EXECUTOR-DISPATCH	read-value-range-and-architecture-delta	narrowing/widening is not automatically a defect; determine guest fixed-width value, private native value, or host identity before selecting original correction, overlay, or mapping-manager boundary	T310-S8-P4-WARN-001088,T310-S8-P4-WARN-001089
T310-S8-P4-CLASS-000614	src/mvdm-host/softpc.new/base/ccpu386/fpu.c	4494	C4244	'=': conversion from 'IUH' to 'IU16', possible loss of data	x64,x86	SPC-CCPU-EXECUTOR-DISPATCH	read-value-range-and-architecture-delta	narrowing/widening is not automatically a defect; determine guest fixed-width value, private native value, or host identity before selecting original correction, overlay, or mapping-manager boundary	T310-S8-P4-WARN-001096,T310-S8-P4-WARN-001097
T310-S8-P4-CLASS-000616	src/mvdm-host/softpc.new/base/ccpu386/fpu.c	4529	C4244	'=': conversion from 'IUH' to 'IU16', possible loss of data	x64,x86	SPC-CCPU-EXECUTOR-DISPATCH	read-value-range-and-architecture-delta	narrowing/widening is not automatically a defect; determine guest fixed-width value, private native value, or host identity before selecting original correction, overlay, or mapping-manager boundary	T310-S8-P4-WARN-001100,T310-S8-P4-WARN-001101
T310-S8-P4-CLASS-000627	src/mvdm-host/softpc.new/base/ccpu386/fpu.c	5148	C4244	'=': conversion from 'IUH' to 'IU16', possible loss of data	x64,x86	SPC-CCPU-EXECUTOR-DISPATCH	read-value-range-and-architecture-delta	narrowing/widening is not automatically a defect; determine guest fixed-width value, private native value, or host identity before selecting original correction, overlay, or mapping-manager boundary	T310-S8-P4-WARN-001122,T310-S8-P4-WARN-001123
T310-S8-P4-CLASS-000629	src/mvdm-host/softpc.new/base/ccpu386/fpu.c	5171	C4244	'=': conversion from 'IUH' to 'IU16', possible loss of data	x64,x86	SPC-CCPU-EXECUTOR-DISPATCH	read-value-range-and-architecture-delta	narrowing/widening is not automatically a defect; determine guest fixed-width value, private native value, or host identity before selecting original correction, overlay, or mapping-manager boundary	T310-S8-P4-WARN-001126,T310-S8-P4-WARN-001127
T310-S8-P4-CLASS-000631	src/mvdm-host/softpc.new/base/ccpu386/fpu.c	5198	C4244	'=': conversion from 'IUH' to 'IU16', possible loss of data	x64,x86	SPC-CCPU-EXECUTOR-DISPATCH	read-value-range-and-architecture-delta	narrowing/widening is not automatically a defect; determine guest fixed-width value, private native value, or host identity before selecting original correction, overlay, or mapping-manager boundary	T310-S8-P4-WARN-001130,T310-S8-P4-WARN-001131
T310-S8-P4-CLASS-000632	src/mvdm-host/softpc.new/base/ccpu386/fpu.c	5216	C4244	'=': conversion from 'IUH' to 'IU16', possible loss of data	x64,x86	SPC-CCPU-EXECUTOR-DISPATCH	read-value-range-and-architecture-delta	narrowing/widening is not automatically a defect; determine guest fixed-width value, private native value, or host identity before selecting original correction, overlay, or mapping-manager boundary	T310-S8-P4-WARN-001132,T310-S8-P4-WARN-001133
T310-S8-P4-CLASS-000633	src/mvdm-host/softpc.new/base/ccpu386/fpu.c	5330	C4244	'=': conversion from 'IUH' to 'IU16', possible loss of data	x64,x86	SPC-CCPU-EXECUTOR-DISPATCH	read-value-range-and-architecture-delta	narrowing/widening is not automatically a defect; determine guest fixed-width value, private native value, or host identity before selecting original correction, overlay, or mapping-manager boundary	T310-S8-P4-WARN-001134,T310-S8-P4-WARN-001135
T310-S8-P4-CLASS-000634	src/mvdm-host/softpc.new/base/ccpu386/fpu.c	5402	C4244	'=': conversion from 'IUH' to 'IU16', possible loss of data	x64,x86	SPC-CCPU-EXECUTOR-DISPATCH	read-value-range-and-architecture-delta	narrowing/widening is not automatically a defect; determine guest fixed-width value, private native value, or host identity before selecting original correction, overlay, or mapping-manager boundary	T310-S8-P4-WARN-001136,T310-S8-P4-WARN-001137
T310-S8-P4-CLASS-000636	src/mvdm-host/softpc.new/base/ccpu386/fpu.c	5473	C4244	'=': conversion from 'IU32' to 'IS16', possible loss of data	x64,x86	SPC-CCPU-EXECUTOR-DISPATCH	read-value-range-and-architecture-delta	narrowing/widening is not automatically a defect; determine guest fixed-width value, private native value, or host identity before selecting original correction, overlay, or mapping-manager boundary	T310-S8-P4-WARN-001140,T310-S8-P4-WARN-001141
T310-S8-P4-CLASS-000637	src/mvdm-host/softpc.new/base/ccpu386/fpu.c	5538	C4244	'=': conversion from 'IUH' to 'IU16', possible loss of data	x64,x86	SPC-CCPU-EXECUTOR-DISPATCH	read-value-range-and-architecture-delta	narrowing/widening is not automatically a defect; determine guest fixed-width value, private native value, or host identity before selecting original correction, overlay, or mapping-manager boundary	T310-S8-P4-WARN-001142,T310-S8-P4-WARN-001143
T310-S8-P4-CLASS-000638	src/mvdm-host/softpc.new/base/ccpu386/fpu.c	5578	C4244	'=': conversion from 'IUH' to 'IU16', possible loss of data	x64,x86	SPC-CCPU-EXECUTOR-DISPATCH	read-value-range-and-architecture-delta	narrowing/widening is not automatically a defect; determine guest fixed-width value, private native value, or host identity before selecting original correction, overlay, or mapping-manager boundary	T310-S8-P4-WARN-001144,T310-S8-P4-WARN-001145
T310-S8-P4-CLASS-000639	src/mvdm-host/softpc.new/base/ccpu386/fpu.c	5598	C4244	'=': conversion from 'IUH' to 'IU16', possible loss of data	x64,x86	SPC-CCPU-EXECUTOR-DISPATCH	read-value-range-and-architecture-delta	narrowing/widening is not automatically a defect; determine guest fixed-width value, private native value, or host identity before selecting original correction, overlay, or mapping-manager boundary	T310-S8-P4-WARN-001146,T310-S8-P4-WARN-001147
T310-S8-P4-CLASS-000640	src/mvdm-host/softpc.new/base/ccpu386/fpu.c	5683	C4244	'=': conversion from 'IUH' to 'IU16', possible loss of data	x64,x86	SPC-CCPU-EXECUTOR-DISPATCH	read-value-range-and-architecture-delta	narrowing/widening is not automatically a defect; determine guest fixed-width value, private native value, or host identity before selecting original correction, overlay, or mapping-manager boundary	T310-S8-P4-WARN-001148,T310-S8-P4-WARN-001149
T310-S8-P4-CLASS-000641	src/mvdm-host/softpc.new/base/ccpu386/fpu.c	5723	C4244	'=': conversion from 'IUH' to 'IU16', possible loss of data	x64,x86	SPC-CCPU-EXECUTOR-DISPATCH	read-value-range-and-architecture-delta	narrowing/widening is not automatically a defect; determine guest fixed-width value, private native value, or host identity before selecting original correction, overlay, or mapping-manager boundary	T310-S8-P4-WARN-001150,T310-S8-P4-WARN-001151
T310-S8-P4-CLASS-000643	src/mvdm-host/softpc.new/base/ccpu386/fpu.c	5807	C4013	'sprintf' undefined; assuming extern returning int	x64,x86	SPC-CCPU-EXECUTOR-DISPATCH	must-repair-call-abi	undeclared, old-style, or incompatible call/table contract may truncate a pointer or pass the wrong calling convention; reconcile declaration, definition, table slot and selected callers	T310-S8-P4-WARN-001154,T310-S8-P4-WARN-001155
T310-S8-P4-CLASS-000650	src/mvdm-host/softpc.new/base/ccpu386/fpu.c	5859	C4244	'+=': conversion from '__int64' to 'IU32', possible loss of data	x64	SPC-CCPU-EXECUTOR-DISPATCH	must-read-x64-narrowing	narrowing/widening is not automatically a defect; determine guest fixed-width value, private native value, or host identity before selecting original correction, overlay, or mapping-manager boundary	T310-S8-P4-WARN-001168
T310-S8-P4-CLASS-000656	src/mvdm-host/softpc.new/base/ccpu386/idiv.c	70	C4244	'=': conversion from 'IS32' to 'IU8', possible loss of data	x64,x86	SPC-CCPU-EXECUTOR-DISPATCH	read-value-range-and-architecture-delta	narrowing/widening is not automatically a defect; determine guest fixed-width value, private native value, or host identity before selecting original correction, overlay, or mapping-manager boundary	T310-S8-P4-WARN-001179,T310-S8-P4-WARN-001180
T310-S8-P4-CLASS-000657	src/mvdm-host/softpc.new/base/ccpu386/idiv.c	71	C4244	'=': conversion from 'IS32' to 'IU8', possible loss of data	x64,x86	SPC-CCPU-EXECUTOR-DISPATCH	read-value-range-and-architecture-delta	narrowing/widening is not automatically a defect; determine guest fixed-width value, private native value, or host identity before selecting original correction, overlay, or mapping-manager boundary	T310-S8-P4-WARN-001181,T310-S8-P4-WARN-001182
T310-S8-P4-CLASS-000658	src/mvdm-host/softpc.new/base/ccpu386/idiv.c	116	C4244	'=': conversion from 'IS32' to 'IU16', possible loss of data	x64,x86	SPC-CCPU-EXECUTOR-DISPATCH	read-value-range-and-architecture-delta	narrowing/widening is not automatically a defect; determine guest fixed-width value, private native value, or host identity before selecting original correction, overlay, or mapping-manager boundary	T310-S8-P4-WARN-001183,T310-S8-P4-WARN-001184
T310-S8-P4-CLASS-000659	src/mvdm-host/softpc.new/base/ccpu386/idiv.c	117	C4244	'=': conversion from 'IS32' to 'IU16', possible loss of data	x64,x86	SPC-CCPU-EXECUTOR-DISPATCH	read-value-range-and-architecture-delta	narrowing/widening is not automatically a defect; determine guest fixed-width value, private native value, or host identity before selecting original correction, overlay, or mapping-manager boundary	T310-S8-P4-WARN-001185,T310-S8-P4-WARN-001186
T310-S8-P4-CLASS-000664	src/mvdm-host/softpc.new/base/ccpu386/iret.c	101	C4244	'=': conversion from 'IU32' to 'IU16', possible loss of data	x64,x86	SPC-CCPU-EXECUTOR-DISPATCH	read-value-range-and-architecture-delta	narrowing/widening is not automatically a defect; determine guest fixed-width value, private native value, or host identity before selecting original correction, overlay, or mapping-manager boundary	T310-S8-P4-WARN-001195,T310-S8-P4-WARN-001196
T310-S8-P4-CLASS-000665	src/mvdm-host/softpc.new/base/ccpu386/iret.c	157	C4244	'=': conversion from 'IU32' to 'IU16', possible loss of data	x64,x86	SPC-CCPU-EXECUTOR-DISPATCH	read-value-range-and-architecture-delta	narrowing/widening is not automatically a defect; determine guest fixed-width value, private native value, or host identity before selecting original correction, overlay, or mapping-manager boundary	T310-S8-P4-WARN-001197,T310-S8-P4-WARN-001198
T310-S8-P4-CLASS-000666	src/mvdm-host/softpc.new/base/ccpu386/iret.c	198	C4244	'=': conversion from 'IU32' to 'IU16', possible loss of data	x64,x86	SPC-CCPU-EXECUTOR-DISPATCH	read-value-range-and-architecture-delta	narrowing/widening is not automatically a defect; determine guest fixed-width value, private native value, or host identity before selecting original correction, overlay, or mapping-manager boundary	T310-S8-P4-WARN-001199,T310-S8-P4-WARN-001200
T310-S8-P4-CLASS-000667	src/mvdm-host/softpc.new/base/ccpu386/iret.c	201	C4244	'=': conversion from 'IU32' to 'IU16', possible loss of data	x64,x86	SPC-CCPU-EXECUTOR-DISPATCH	read-value-range-and-architecture-delta	narrowing/widening is not automatically a defect; determine guest fixed-width value, private native value, or host identity before selecting original correction, overlay, or mapping-manager boundary	T310-S8-P4-WARN-001201,T310-S8-P4-WARN-001202
T310-S8-P4-CLASS-000668	src/mvdm-host/softpc.new/base/ccpu386/iret.c	204	C4244	'=': conversion from 'IU32' to 'IU16', possible loss of data	x64,x86	SPC-CCPU-EXECUTOR-DISPATCH	read-value-range-and-architecture-delta	narrowing/widening is not automatically a defect; determine guest fixed-width value, private native value, or host identity before selecting original correction, overlay, or mapping-manager boundary	T310-S8-P4-WARN-001203,T310-S8-P4-WARN-001204
T310-S8-P4-CLASS-000669	src/mvdm-host/softpc.new/base/ccpu386/iret.c	207	C4244	'=': conversion from 'IU32' to 'IU16', possible loss of data	x64,x86	SPC-CCPU-EXECUTOR-DISPATCH	read-value-range-and-architecture-delta	narrowing/widening is not automatically a defect; determine guest fixed-width value, private native value, or host identity before selecting original correction, overlay, or mapping-manager boundary	T310-S8-P4-WARN-001205,T310-S8-P4-WARN-001206
T310-S8-P4-CLASS-000670	src/mvdm-host/softpc.new/base/ccpu386/iret.c	210	C4244	'=': conversion from 'IU32' to 'IU16', possible loss of data	x64,x86	SPC-CCPU-EXECUTOR-DISPATCH	read-value-range-and-architecture-delta	narrowing/widening is not automatically a defect; determine guest fixed-width value, private native value, or host identity before selecting original correction, overlay, or mapping-manager boundary	T310-S8-P4-WARN-001207,T310-S8-P4-WARN-001208
T310-S8-P4-CLASS-000671	src/mvdm-host/softpc.new/base/ccpu386/iret.c	229	C4018	'<': signed/unsigned mismatch	x64,x86	SPC-CCPU-EXECUTOR-DISPATCH	unclassified-read-source	warning class has no approved general disposition; read original source, declaration and selected caller before any change	T310-S8-P4-WARN-001209,T310-S8-P4-WARN-001210
T310-S8-P4-CLASS-000673	src/mvdm-host/softpc.new/base/ccpu386/iret.c	300	C4244	'=': conversion from 'IU32' to 'IU16', possible loss of data	x64,x86	SPC-CCPU-EXECUTOR-DISPATCH	read-value-range-and-architecture-delta	narrowing/widening is not automatically a defect; determine guest fixed-width value, private native value, or host identity before selecting original correction, overlay, or mapping-manager boundary	T310-S8-P4-WARN-001213,T310-S8-P4-WARN-001214
T310-S8-P4-CLASS-000674	src/mvdm-host/softpc.new/base/ccpu386/iret.c	317	C4244	'=': conversion from 'IU32' to 'IU16', possible loss of data	x64,x86	SPC-CCPU-EXECUTOR-DISPATCH	read-value-range-and-architecture-delta	narrowing/widening is not automatically a defect; determine guest fixed-width value, private native value, or host identity before selecting original correction, overlay, or mapping-manager boundary	T310-S8-P4-WARN-001215,T310-S8-P4-WARN-001216
T310-S8-P4-CLASS-000675	src/mvdm-host/softpc.new/base/ccpu386/jmp.c	63	C4244	'=': conversion from 'IU32' to 'IU16', possible loss of data	x64,x86	SPC-CCPU-EXECUTOR-DISPATCH	read-value-range-and-architecture-delta	narrowing/widening is not automatically a defect; determine guest fixed-width value, private native value, or host identity before selecting original correction, overlay, or mapping-manager boundary	T310-S8-P4-WARN-001217,T310-S8-P4-WARN-001218
T310-S8-P4-CLASS-000676	src/mvdm-host/softpc.new/base/ccpu386/jmp.c	121	C4244	'=': conversion from 'IU32' to 'IU16', possible loss of data	x64,x86	SPC-CCPU-EXECUTOR-DISPATCH	read-value-range-and-architecture-delta	narrowing/widening is not automatically a defect; determine guest fixed-width value, private native value, or host identity before selecting original correction, overlay, or mapping-manager boundary	T310-S8-P4-WARN-001219,T310-S8-P4-WARN-001220
T310-S8-P4-CLASS-000677	src/mvdm-host/softpc.new/base/ccpu386/lahf.c	45	C4244	'=': conversion from 'IU32' to 'IU8', possible loss of data	x64,x86	SPC-CCPU-EXECUTOR-DISPATCH	read-value-range-and-architecture-delta	narrowing/widening is not automatically a defect; determine guest fixed-width value, private native value, or host identity before selecting original correction, overlay, or mapping-manager boundary	T310-S8-P4-WARN-001221,T310-S8-P4-WARN-001222
T310-S8-P4-CLASS-000678	src/mvdm-host/softpc.new/base/ccpu386/lar.c	84	C4018	'>=': signed/unsigned mismatch	x64,x86	SPC-CCPU-EXECUTOR-DISPATCH	unclassified-read-source	warning class has no approved general disposition; read original source, declaration and selected caller before any change	T310-S8-P4-WARN-001223,T310-S8-P4-WARN-001224
T310-S8-P4-CLASS-000679	src/mvdm-host/softpc.new/base/ccpu386/lar.c	85	C4018	'>=': signed/unsigned mismatch	x64,x86	SPC-CCPU-EXECUTOR-DISPATCH	unclassified-read-source	warning class has no approved general disposition; read original source, declaration and selected caller before any change	T310-S8-P4-WARN-001225,T310-S8-P4-WARN-001226
T310-S8-P4-CLASS-000680	src/mvdm-host/softpc.new/base/ccpu386/leave.c	48	C4244	'=': conversion from 'IU32' to 'IU16', possible loss of data	x64,x86	SPC-CCPU-EXECUTOR-DISPATCH	read-value-range-and-architecture-delta	narrowing/widening is not automatically a defect; determine guest fixed-width value, private native value, or host identity before selecting original correction, overlay, or mapping-manager boundary	T310-S8-P4-WARN-001227,T310-S8-P4-WARN-001228
T310-S8-P4-CLASS-000681	src/mvdm-host/softpc.new/base/ccpu386/lgdt.c	45	C4244	'=': conversion from 'IU32' to 'IU16', possible loss of data	x64,x86	SPC-CCPU-EXECUTOR-DISPATCH	read-value-range-and-architecture-delta	narrowing/widening is not automatically a defect; determine guest fixed-width value, private native value, or host identity before selecting original correction, overlay, or mapping-manager boundary	T310-S8-P4-WARN-001229,T310-S8-P4-WARN-001230
T310-S8-P4-CLASS-000682	src/mvdm-host/softpc.new/base/ccpu386/lgdt.c	63	C4244	'=': conversion from 'IU32' to 'IU16', possible loss of data	x64,x86	SPC-CCPU-EXECUTOR-DISPATCH	read-value-range-and-architecture-delta	narrowing/widening is not automatically a defect; determine guest fixed-width value, private native value, or host identity before selecting original correction, overlay, or mapping-manager boundary	T310-S8-P4-WARN-001231,T310-S8-P4-WARN-001232
T310-S8-P4-CLASS-000683	src/mvdm-host/softpc.new/base/ccpu386/lidt.c	46	C4244	'=': conversion from 'IU32' to 'IU16', possible loss of data	x64,x86	SPC-CCPU-EXECUTOR-DISPATCH	read-value-range-and-architecture-delta	narrowing/widening is not automatically a defect; determine guest fixed-width value, private native value, or host identity before selecting original correction, overlay, or mapping-manager boundary	T310-S8-P4-WARN-001233,T310-S8-P4-WARN-001234
T310-S8-P4-CLASS-000684	src/mvdm-host/softpc.new/base/ccpu386/lidt.c	61	C4244	'=': conversion from 'IU32' to 'IU16', possible loss of data	x64,x86	SPC-CCPU-EXECUTOR-DISPATCH	read-value-range-and-architecture-delta	narrowing/widening is not automatically a defect; determine guest fixed-width value, private native value, or host identity before selecting original correction, overlay, or mapping-manager boundary	T310-S8-P4-WARN-001235,T310-S8-P4-WARN-001236
T310-S8-P4-CLASS-000685	src/mvdm-host/softpc.new/base/ccpu386/lldt.c	49	C4244	'=': conversion from 'IU32' to 'IU16', possible loss of data	x64,x86	SPC-CCPU-EXECUTOR-DISPATCH	read-value-range-and-architecture-delta	narrowing/widening is not automatically a defect; determine guest fixed-width value, private native value, or host identity before selecting original correction, overlay, or mapping-manager boundary	T310-S8-P4-WARN-001237,T310-S8-P4-WARN-001238
T310-S8-P4-CLASS-000686	src/mvdm-host/softpc.new/base/ccpu386/lsl.c	84	C4018	'>=': signed/unsigned mismatch	x64,x86	SPC-CCPU-EXECUTOR-DISPATCH	unclassified-read-source	warning class has no approved general disposition; read original source, declaration and selected caller before any change	T310-S8-P4-WARN-001239,T310-S8-P4-WARN-001240
T310-S8-P4-CLASS-000687	src/mvdm-host/softpc.new/base/ccpu386/lsl.c	85	C4018	'>=': signed/unsigned mismatch	x64,x86	SPC-CCPU-EXECUTOR-DISPATCH	unclassified-read-source	warning class has no approved general disposition; read original source, declaration and selected caller before any change	T310-S8-P4-WARN-001241,T310-S8-P4-WARN-001242
T310-S8-P4-CLASS-000688	src/mvdm-host/softpc.new/base/ccpu386/ltr.c	51	C4244	'=': conversion from 'IU32' to 'IU16', possible loss of data	x64,x86	SPC-CCPU-EXECUTOR-DISPATCH	read-value-range-and-architecture-delta	narrowing/widening is not automatically a defect; determine guest fixed-width value, private native value, or host identity before selecting original correction, overlay, or mapping-manager boundary	T310-S8-P4-WARN-001243,T310-S8-P4-WARN-001244
T310-S8-P4-CLASS-000691	src/mvdm-host/softpc.new/base/ccpu386/mul.c	54	C4244	'=': conversion from 'IU32' to 'IU8', possible loss of data	x64,x86	SPC-CCPU-EXECUTOR-DISPATCH	read-value-range-and-architecture-delta	narrowing/widening is not automatically a defect; determine guest fixed-width value, private native value, or host identity before selecting original correction, overlay, or mapping-manager boundary	T310-S8-P4-WARN-001249,T310-S8-P4-WARN-001250
T310-S8-P4-CLASS-000692	src/mvdm-host/softpc.new/base/ccpu386/mul.c	92	C4244	'=': conversion from 'IU32' to 'IU16', possible loss of data	x64,x86	SPC-CCPU-EXECUTOR-DISPATCH	read-value-range-and-architecture-delta	narrowing/widening is not automatically a defect; determine guest fixed-width value, private native value, or host identity before selecting original correction, overlay, or mapping-manager boundary	T310-S8-P4-WARN-001251,T310-S8-P4-WARN-001252
T310-S8-P4-CLASS-000694	src/mvdm-host/softpc.new/base/ccpu386/neg.c	55	C4146	unary minus operator applied to unsigned type, result still unsigned	x64,x86	SPC-CCPU-EXECUTOR-DISPATCH	unclassified-read-source	warning class has no approved general disposition; read original source, declaration and selected caller before any change	T310-S8-P4-WARN-001255,T310-S8-P4-WARN-001257
T310-S8-P4-CLASS-000696	src/mvdm-host/softpc.new/base/ccpu386/ntstubs.c	16	C4431	missing type specifier - int assumed. Note: C no longer supports default-int	x64,x86	SPC-CCPU-EXECUTOR-DISPATCH	must-repair-call-abi	undeclared, old-style, or incompatible call/table contract may truncate a pointer or pass the wrong calling convention; reconcile declaration, definition, table slot and selected callers	T310-S8-P4-WARN-001259,T310-S8-P4-WARN-001260
T310-S8-P4-CLASS-000697	src/mvdm-host/softpc.new/base/ccpu386/ntstubs.c	27	C4013	'printf' undefined; assuming extern returning int	x64,x86	SPC-CCPU-EXECUTOR-DISPATCH	must-repair-call-abi	undeclared, old-style, or incompatible call/table contract may truncate a pointer or pass the wrong calling convention; reconcile declaration, definition, table slot and selected callers	T310-S8-P4-WARN-001261,T310-S8-P4-WARN-001262
T310-S8-P4-CLASS-000700	src/mvdm-host/softpc.new/base/ccpu386/ntstubs.c	53	C4013	'c_cpu_calc_q_ev_inst_for_time' undefined; assuming extern returning int	x64,x86	SPC-CCPU-EXECUTOR-DISPATCH	must-repair-call-abi	undeclared, old-style, or incompatible call/table contract may truncate a pointer or pass the wrong calling convention; reconcile declaration, definition, table slot and selected callers	T310-S8-P4-WARN-001267,T310-S8-P4-WARN-001268
T310-S8-P4-CLASS-000705	src/mvdm-host/softpc.new/base/ccpu386/ntstubs.c	181	C4013	'c_sas_overwrite_memory' undefined; assuming extern returning int	x64,x86	SPC-CCPU-EXECUTOR-DISPATCH	must-repair-call-abi	undeclared, old-style, or incompatible call/table contract may truncate a pointer or pass the wrong calling convention; reconcile declaration, definition, table slot and selected callers	T310-S8-P4-WARN-001277,T310-S8-P4-WARN-001278
T310-S8-P4-CLASS-000706	src/mvdm-host/softpc.new/base/ccpu386/ntthread.c	15	C4324	'<unnamed-tag>': structure was padded due to alignment specifier	x64	SPC-CCPU-EXECUTOR-DISPATCH	unclassified-read-source	warning class has no approved general disposition; read original source, declaration and selected caller before any change	T310-S8-P4-WARN-001279
T310-S8-P4-CLASS-000708	src/mvdm-host/softpc.new/base/ccpu386/ntthread.c	74	C4477	'fprintf' : format string '%d' requires an argument of type 'int', but variadic argument 2 has type 'size_t'	x64	SPC-CCPU-EXECUTOR-DISPATCH	unclassified-read-source	warning class has no approved general disposition; read original source, declaration and selected caller before any change	T310-S8-P4-WARN-001282
T310-S8-P4-CLASS-000709	src/mvdm-host/softpc.new/base/ccpu386/ntthread.c	223	C4033	'ccpu386ThrdExptnPtr' must return a value	x64,x86	SPC-CCPU-EXECUTOR-DISPATCH	must-repair-control-or-result-contract	uninitialized or absent result can become architecture-visible state; repair the original failure/result contract, not the warning	T310-S8-P4-WARN-001283,T310-S8-P4-WARN-001284
T310-S8-P4-CLASS-000710	src/mvdm-host/softpc.new/base/ccpu386/ntthread.c	229	C4033	'ccpu386ThrdExptnPtr' must return a value	x64,x86	SPC-CCPU-EXECUTOR-DISPATCH	must-repair-control-or-result-contract	uninitialized or absent result can become architecture-visible state; repair the original failure/result contract, not the warning	T310-S8-P4-WARN-001285,T310-S8-P4-WARN-001286
T310-S8-P4-CLASS-000712	src/mvdm-host/softpc.new/base/ccpu386/out.c	54	C4244	'function': conversion from 'IU32' to 'IU16', possible loss of data	x64,x86	SPC-CCPU-EXECUTOR-DISPATCH	read-value-range-and-architecture-delta	narrowing/widening is not automatically a defect; determine guest fixed-width value, private native value, or host identity before selecting original correction, overlay, or mapping-manager boundary	T310-S8-P4-WARN-001289,T310-S8-P4-WARN-001291
T310-S8-P4-CLASS-000713	src/mvdm-host/softpc.new/base/ccpu386/out.c	54	C4244	'function': conversion from 'IU32' to 'IU8', possible loss of data	x64,x86	SPC-CCPU-EXECUTOR-DISPATCH	read-value-range-and-architecture-delta	narrowing/widening is not automatically a defect; determine guest fixed-width value, private native value, or host identity before selecting original correction, overlay, or mapping-manager boundary	T310-S8-P4-WARN-001290,T310-S8-P4-WARN-001292
T310-S8-P4-CLASS-000714	src/mvdm-host/softpc.new/base/ccpu386/out.c	71	C4244	'function': conversion from 'IU32' to 'IU16', possible loss of data	x64,x86	SPC-CCPU-EXECUTOR-DISPATCH	read-value-range-and-architecture-delta	narrowing/widening is not automatically a defect; determine guest fixed-width value, private native value, or host identity before selecting original correction, overlay, or mapping-manager boundary	T310-S8-P4-WARN-001293,T310-S8-P4-WARN-001294
T310-S8-P4-CLASS-000715	src/mvdm-host/softpc.new/base/ccpu386/popa.c	39	C4244	'=': conversion from 'IU32' to 'IU16', possible loss of data	x64,x86	SPC-CCPU-EXECUTOR-DISPATCH	read-value-range-and-architecture-delta	narrowing/widening is not automatically a defect; determine guest fixed-width value, private native value, or host identity before selecting original correction, overlay, or mapping-manager boundary	T310-S8-P4-WARN-001295,T310-S8-P4-WARN-001296
T310-S8-P4-CLASS-000716	src/mvdm-host/softpc.new/base/ccpu386/popa.c	40	C4244	'=': conversion from 'IU32' to 'IU16', possible loss of data	x64,x86	SPC-CCPU-EXECUTOR-DISPATCH	read-value-range-and-architecture-delta	narrowing/widening is not automatically a defect; determine guest fixed-width value, private native value, or host identity before selecting original correction, overlay, or mapping-manager boundary	T310-S8-P4-WARN-001297,T310-S8-P4-WARN-001298
T310-S8-P4-CLASS-000717	src/mvdm-host/softpc.new/base/ccpu386/popa.c	41	C4244	'=': conversion from 'IU32' to 'IU16', possible loss of data	x64,x86	SPC-CCPU-EXECUTOR-DISPATCH	read-value-range-and-architecture-delta	narrowing/widening is not automatically a defect; determine guest fixed-width value, private native value, or host identity before selecting original correction, overlay, or mapping-manager boundary	T310-S8-P4-WARN-001299,T310-S8-P4-WARN-001300
T310-S8-P4-CLASS-000718	src/mvdm-host/softpc.new/base/ccpu386/popa.c	43	C4244	'=': conversion from 'IU32' to 'IU16', possible loss of data	x64,x86	SPC-CCPU-EXECUTOR-DISPATCH	read-value-range-and-architecture-delta	narrowing/widening is not automatically a defect; determine guest fixed-width value, private native value, or host identity before selecting original correction, overlay, or mapping-manager boundary	T310-S8-P4-WARN-001301,T310-S8-P4-WARN-001302
T310-S8-P4-CLASS-000719	src/mvdm-host/softpc.new/base/ccpu386/popa.c	44	C4244	'=': conversion from 'IU32' to 'IU16', possible loss of data	x64,x86	SPC-CCPU-EXECUTOR-DISPATCH	read-value-range-and-architecture-delta	narrowing/widening is not automatically a defect; determine guest fixed-width value, private native value, or host identity before selecting original correction, overlay, or mapping-manager boundary	T310-S8-P4-WARN-001303,T310-S8-P4-WARN-001304
T310-S8-P4-CLASS-000720	src/mvdm-host/softpc.new/base/ccpu386/popa.c	45	C4244	'=': conversion from 'IU32' to 'IU16', possible loss of data	x64,x86	SPC-CCPU-EXECUTOR-DISPATCH	read-value-range-and-architecture-delta	narrowing/widening is not automatically a defect; determine guest fixed-width value, private native value, or host identity before selecting original correction, overlay, or mapping-manager boundary	T310-S8-P4-WARN-001305,T310-S8-P4-WARN-001306
T310-S8-P4-CLASS-000721	src/mvdm-host/softpc.new/base/ccpu386/popa.c	46	C4244	'=': conversion from 'IU32' to 'IU16', possible loss of data	x64,x86	SPC-CCPU-EXECUTOR-DISPATCH	read-value-range-and-architecture-delta	narrowing/widening is not automatically a defect; determine guest fixed-width value, private native value, or host identity before selecting original correction, overlay, or mapping-manager boundary	T310-S8-P4-WARN-001307,T310-S8-P4-WARN-001308
T310-S8-P4-CLASS-000722	src/mvdm-host/softpc.new/base/ccpu386/popf.c	61	C4013	'sprintf' undefined; assuming extern returning int	x64,x86	SPC-CCPU-EXECUTOR-DISPATCH	must-repair-call-abi	undeclared, old-style, or incompatible call/table contract may truncate a pointer or pass the wrong calling convention; reconcile declaration, definition, table slot and selected callers	T310-S8-P4-WARN-001309,T310-S8-P4-WARN-001310
T310-S8-P4-CLASS-000723	src/mvdm-host/softpc.new/base/ccpu386/popf.c	62	C4013	'note_486_instruction' undefined; assuming extern returning int	x64,x86	SPC-CCPU-EXECUTOR-DISPATCH	must-repair-call-abi	undeclared, old-style, or incompatible call/table contract may truncate a pointer or pass the wrong calling convention; reconcile declaration, definition, table slot and selected callers	T310-S8-P4-WARN-001311,T310-S8-P4-WARN-001312
T310-S8-P4-CLASS-000724	src/mvdm-host/softpc.new/base/ccpu386/pushf.c	44	C4013	'c_getEFLAGS' undefined; assuming extern returning int	x64,x86	SPC-CCPU-EXECUTOR-DISPATCH	must-repair-call-abi	undeclared, old-style, or incompatible call/table contract may truncate a pointer or pass the wrong calling convention; reconcile declaration, definition, table slot and selected callers	T310-S8-P4-WARN-001313,T310-S8-P4-WARN-001314
T310-S8-P4-CLASS-000726	src/mvdm-host/softpc.new/base/ccpu386/rcl.c	64	C4018	'<': signed/unsigned mismatch	x64,x86	SPC-CCPU-EXECUTOR-DISPATCH	unclassified-read-source	warning class has no approved general disposition; read original source, declaration and selected caller before any change	T310-S8-P4-WARN-001317,T310-S8-P4-WARN-001318
T310-S8-P4-CLASS-000729	src/mvdm-host/softpc.new/base/ccpu386/rcr.c	65	C4018	'<': signed/unsigned mismatch	x64,x86	SPC-CCPU-EXECUTOR-DISPATCH	unclassified-read-source	warning class has no approved general disposition; read original source, declaration and selected caller before any change	T310-S8-P4-WARN-001323,T310-S8-P4-WARN-001324
T310-S8-P4-CLASS-000730	src/mvdm-host/softpc.new/base/ccpu386/ret.c	74	C4244	'=': conversion from 'IU32' to 'IU16', possible loss of data	x64,x86	SPC-CCPU-EXECUTOR-DISPATCH	read-value-range-and-architecture-delta	narrowing/widening is not automatically a defect; determine guest fixed-width value, private native value, or host identity before selecting original correction, overlay, or mapping-manager boundary	T310-S8-P4-WARN-001325,T310-S8-P4-WARN-001326
T310-S8-P4-CLASS-000731	src/mvdm-host/softpc.new/base/ccpu386/ret.c	114	C4018	'<': signed/unsigned mismatch	x64,x86	SPC-CCPU-EXECUTOR-DISPATCH	unclassified-read-source	warning class has no approved general disposition; read original source, declaration and selected caller before any change	T310-S8-P4-WARN-001327,T310-S8-P4-WARN-001328
T310-S8-P4-CLASS-000733	src/mvdm-host/softpc.new/base/ccpu386/ret.c	192	C4244	'=': conversion from 'IU32' to 'IU16', possible loss of data	x64,x86	SPC-CCPU-EXECUTOR-DISPATCH	read-value-range-and-architecture-delta	narrowing/widening is not automatically a defect; determine guest fixed-width value, private native value, or host identity before selecting original correction, overlay, or mapping-manager boundary	T310-S8-P4-WARN-001331,T310-S8-P4-WARN-001332
T310-S8-P4-CLASS-000734	src/mvdm-host/softpc.new/base/ccpu386/ret.c	209	C4244	'=': conversion from 'IU32' to 'IU16', possible loss of data	x64,x86	SPC-CCPU-EXECUTOR-DISPATCH	read-value-range-and-architecture-delta	narrowing/widening is not automatically a defect; determine guest fixed-width value, private native value, or host identity before selecting original correction, overlay, or mapping-manager boundary	T310-S8-P4-WARN-001333,T310-S8-P4-WARN-001334
T310-S8-P4-CLASS-000736	src/mvdm-host/softpc.new/base/ccpu386/rol.c	64	C4018	'<': signed/unsigned mismatch	x64,x86	SPC-CCPU-EXECUTOR-DISPATCH	unclassified-read-source	warning class has no approved general disposition; read original source, declaration and selected caller before any change	T310-S8-P4-WARN-001337,T310-S8-P4-WARN-001338
T310-S8-P4-CLASS-000739	src/mvdm-host/softpc.new/base/ccpu386/ror.c	64	C4018	'<': signed/unsigned mismatch	x64,x86	SPC-CCPU-EXECUTOR-DISPATCH	unclassified-read-source	warning class has no approved general disposition; read original source, declaration and selected caller before any change	T310-S8-P4-WARN-001343,T310-S8-P4-WARN-001344
T310-S8-P4-CLASS-000741	src/mvdm-host/softpc.new/base/ccpu386/sar.c	65	C4018	'<': signed/unsigned mismatch	x64,x86	SPC-CCPU-EXECUTOR-DISPATCH	unclassified-read-source	warning class has no approved general disposition; read original source, declaration and selected caller before any change	T310-S8-P4-WARN-001347,T310-S8-P4-WARN-001348
T310-S8-P4-CLASS-000761	src/mvdm-host/softpc.new/base/ccpu386/verr.c	85	C4018	'>=': signed/unsigned mismatch	x64,x86	SPC-CCPU-EXECUTOR-DISPATCH	unclassified-read-source	warning class has no approved general disposition; read original source, declaration and selected caller before any change	T310-S8-P4-WARN-001387,T310-S8-P4-WARN-001388
T310-S8-P4-CLASS-000762	src/mvdm-host/softpc.new/base/ccpu386/verr.c	86	C4018	'>=': signed/unsigned mismatch	x64,x86	SPC-CCPU-EXECUTOR-DISPATCH	unclassified-read-source	warning class has no approved general disposition; read original source, declaration and selected caller before any change	T310-S8-P4-WARN-001389,T310-S8-P4-WARN-001390
T310-S8-P4-CLASS-000763	src/mvdm-host/softpc.new/base/ccpu386/verw.c	81	C4018	'>=': signed/unsigned mismatch	x64,x86	SPC-CCPU-EXECUTOR-DISPATCH	unclassified-read-source	warning class has no approved general disposition; read original source, declaration and selected caller before any change	T310-S8-P4-WARN-001391,T310-S8-P4-WARN-001392
T310-S8-P4-CLASS-000764	src/mvdm-host/softpc.new/base/ccpu386/verw.c	82	C4018	'>=': signed/unsigned mismatch	x64,x86	SPC-CCPU-EXECUTOR-DISPATCH	unclassified-read-source	warning class has no approved general disposition; read original source, declaration and selected caller before any change	T310-S8-P4-WARN-001393,T310-S8-P4-WARN-001394
T310-S8-P4-CLASS-000765	src/mvdm-host/softpc.new/base/ccpu386/xlat.c	44	C4244	'=': conversion from 'IU32' to 'IU8', possible loss of data	x64,x86	SPC-CCPU-EXECUTOR-DISPATCH	read-value-range-and-architecture-delta	narrowing/widening is not automatically a defect; determine guest fixed-width value, private native value, or host identity before selecting original correction, overlay, or mapping-manager boundary	T310-S8-P4-WARN-001395,T310-S8-P4-WARN-001396
T310-S8-P4-CLASS-000767	src/mvdm-host/softpc.new/base/ccpu386/zfrsrvd.c	232	C4013	'd_mem' undefined; assuming extern returning int	x64,x86	SPC-CCPU-EXECUTOR-DISPATCH	must-repair-call-abi	undeclared, old-style, or incompatible call/table contract may truncate a pointer or pass the wrong calling convention; reconcile declaration, definition, table slot and selected callers	T310-S8-P4-WARN-001399,T310-S8-P4-WARN-001401
T310-S8-P4-CLASS-000768	src/mvdm-host/softpc.new/base/ccpu386/zfrsrvd.c	232	C4013	'limit_check' undefined; assuming extern returning int	x64,x86	SPC-CCPU-EXECUTOR-DISPATCH	must-repair-call-abi	undeclared, old-style, or incompatible call/table contract may truncate a pointer or pass the wrong calling convention; reconcile declaration, definition, table slot and selected callers	T310-S8-P4-WARN-001400,T310-S8-P4-WARN-001402
T310-S8-P4-CLASS-000769	src/mvdm-host/softpc.new/base/ccpu386/zfrsrvd.c	1273	C4244	'=': conversion from 'IU32' to 'IU16', possible loss of data	x64,x86	SPC-CCPU-EXECUTOR-DISPATCH	read-value-range-and-architecture-delta	narrowing/widening is not automatically a defect; determine guest fixed-width value, private native value, or host identity before selecting original correction, overlay, or mapping-manager boundary	T310-S8-P4-WARN-001403,T310-S8-P4-WARN-001404
T310-S8-P4-CLASS-000770	src/mvdm-host/softpc.new/base/ccpu386/zfrsrvd.c	1474	C4013	'FLDENV' undefined; assuming extern returning int	x64,x86	SPC-CCPU-EXECUTOR-DISPATCH	must-repair-call-abi	undeclared, old-style, or incompatible call/table contract may truncate a pointer or pass the wrong calling convention; reconcile declaration, definition, table slot and selected callers	T310-S8-P4-WARN-001405,T310-S8-P4-WARN-001406
T310-S8-P4-CLASS-000771	src/mvdm-host/softpc.new/base/ccpu386/zfrsrvd.c	1936	C4244	'=': conversion from 'IU32' to 'IU16', possible loss of data	x64,x86	SPC-CCPU-EXECUTOR-DISPATCH	read-value-range-and-architecture-delta	narrowing/widening is not automatically a defect; determine guest fixed-width value, private native value, or host identity before selecting original correction, overlay, or mapping-manager boundary	T310-S8-P4-WARN-001407,T310-S8-P4-WARN-001408
T310-S8-P4-CLASS-000772	src/mvdm-host/softpc.new/base/ccpu386/zfrsrvd.c	2047	C4244	'=': conversion from 'IU32' to 'IU16', possible loss of data	x64,x86	SPC-CCPU-EXECUTOR-DISPATCH	read-value-range-and-architecture-delta	narrowing/widening is not automatically a defect; determine guest fixed-width value, private native value, or host identity before selecting original correction, overlay, or mapping-manager boundary	T310-S8-P4-WARN-001409,T310-S8-P4-WARN-001410
T310-S8-P4-CLASS-000773	src/mvdm-host/softpc.new/base/ccpu386/zfrsrvd.c	4808	C4131	'ZFRSRVD': uses old-style declarator	x64,x86	SPC-CCPU-EXECUTOR-DISPATCH	must-read-old-style-call-contract	K&R declaration may hide a modern parameter/return ABI mismatch; compare the selected declaration and callers before deciding whether it is a harmless source-style warning	T310-S8-P4-WARN-001411,T310-S8-P4-WARN-001412
T310-S8-P4-CLASS-000774	src/mvdm-host/softpc.new/base/ccpu386/zfrsrvd.c	4820	C4013	'INTx' undefined; assuming extern returning int	x64,x86	SPC-CCPU-EXECUTOR-DISPATCH	must-repair-call-abi	undeclared, old-style, or incompatible call/table contract may truncate a pointer or pass the wrong calling convention; reconcile declaration, definition, table slot and selected callers	T310-S8-P4-WARN-001413,T310-S8-P4-WARN-001414
T310-S8-P4-CLASS-000775	src/mvdm-host/softpc.new/base/ccpu386/zfrsrvd.c	4867	C4244	'=': conversion from 'IS32' to 'IU16', possible loss of data	x64,x86	SPC-CCPU-EXECUTOR-DISPATCH	read-value-range-and-architecture-delta	narrowing/widening is not automatically a defect; determine guest fixed-width value, private native value, or host identity before selecting original correction, overlay, or mapping-manager boundary	T310-S8-P4-WARN-001415,T310-S8-P4-WARN-001416
T310-S8-P4-CLASS-000776	src/mvdm-host/softpc.new/base/ccpu386/zfrsrvd.c	4869	C4013	'do_intrupt' undefined; assuming extern returning int	x64,x86	SPC-CCPU-EXECUTOR-DISPATCH	must-repair-call-abi	undeclared, old-style, or incompatible call/table contract may truncate a pointer or pass the wrong calling convention; reconcile declaration, definition, table slot and selected callers	T310-S8-P4-WARN-001417,T310-S8-P4-WARN-001418
T310-S8-P4-CLASS-000777	src/mvdm-host/softpc.new/base/comms/com.c	515	C4311	'type cast': pointer truncation from 'long *' to 'long'	x64	SPC-COMMS-CONTROLLER-CALLBACKS	must-repair-width-or-pointer-abi	pointer/integer or variadic-width conversion; read the exact original value class and use a same-shaped native-width binding or the mapping manager	T310-S8-P4-WARN-001419
T310-S8-P4-CLASS-000779	src/mvdm-host/softpc.new/base/comms/com.c	687	C4244	'=': conversion from 'WORD_BIT_FIELD' to 'IU8', possible loss of data	x64,x86	SPC-COMMS-CONTROLLER-CALLBACKS	read-value-range-and-architecture-delta	narrowing/widening is not automatically a defect; determine guest fixed-width value, private native value, or host identity before selecting original correction, overlay, or mapping-manager boundary	T310-S8-P4-WARN-001422,T310-S8-P4-WARN-001423
T310-S8-P4-CLASS-000780	src/mvdm-host/softpc.new/base/comms/com.c	715	C4244	'=': conversion from 'WORD_BIT_FIELD' to 'IU8', possible loss of data	x64,x86	SPC-COMMS-CONTROLLER-CALLBACKS	read-value-range-and-architecture-delta	narrowing/widening is not automatically a defect; determine guest fixed-width value, private native value, or host identity before selecting original correction, overlay, or mapping-manager boundary	T310-S8-P4-WARN-001424,T310-S8-P4-WARN-001425
T310-S8-P4-CLASS-000782	src/mvdm-host/softpc.new/base/comms/com.c	1313	C4244	'=': conversion from 'int' to 'HALF_WORD_BIT_FIELD', possible loss of data	x64,x86	SPC-COMMS-CONTROLLER-CALLBACKS	read-value-range-and-architecture-delta	narrowing/widening is not automatically a defect; determine guest fixed-width value, private native value, or host identity before selecting original correction, overlay, or mapping-manager boundary	T310-S8-P4-WARN-001428,T310-S8-P4-WARN-001429
T310-S8-P4-CLASS-000783	src/mvdm-host/softpc.new/base/comms/com.c	1555	C4057	'function': 'IU8 *' differs in indirection to slightly different base types from 'char *'	x64,x86	SPC-COMMS-CONTROLLER-CALLBACKS	must-repair-call-abi	undeclared, old-style, or incompatible call/table contract may truncate a pointer or pass the wrong calling convention; reconcile declaration, definition, table slot and selected callers	T310-S8-P4-WARN-001430,T310-S8-P4-WARN-001431
T310-S8-P4-CLASS-000784	src/mvdm-host/softpc.new/base/comms/com.c	1698	C4311	'type cast': pointer truncation from 'int *' to 'long'	x64	SPC-COMMS-CONTROLLER-CALLBACKS	must-repair-width-or-pointer-abi	pointer/integer or variadic-width conversion; read the exact original value class and use a same-shaped native-width binding or the mapping manager	T310-S8-P4-WARN-001432
T310-S8-P4-CLASS-000785	src/mvdm-host/softpc.new/base/comms/com.c	1726	C4311	'type cast': pointer truncation from 'long *' to 'long'	x64	SPC-COMMS-CONTROLLER-CALLBACKS	must-repair-width-or-pointer-abi	pointer/integer or variadic-width conversion; read the exact original value class and use a same-shaped native-width binding or the mapping manager	T310-S8-P4-WARN-001433
T310-S8-P4-CLASS-000787	src/mvdm-host/softpc.new/base/comms/com.c	2052	C4244	'=': conversion from 'int' to 'IU8', possible loss of data	x64,x86	SPC-COMMS-CONTROLLER-CALLBACKS	read-value-range-and-architecture-delta	narrowing/widening is not automatically a defect; determine guest fixed-width value, private native value, or host identity before selecting original correction, overlay, or mapping-manager boundary	T310-S8-P4-WARN-001436,T310-S8-P4-WARN-001437
T310-S8-P4-CLASS-000788	src/mvdm-host/softpc.new/base/comms/com.c	2139	C4244	'=': conversion from 'int' to 'IU8', possible loss of data	x64,x86	SPC-COMMS-CONTROLLER-CALLBACKS	read-value-range-and-architecture-delta	narrowing/widening is not automatically a defect; determine guest fixed-width value, private native value, or host identity before selecting original correction, overlay, or mapping-manager boundary	T310-S8-P4-WARN-001438,T310-S8-P4-WARN-001439
T310-S8-P4-CLASS-000793	src/mvdm-host/softpc.new/base/comms/com.c	2635	C4244	'function': conversion from 'int' to 'IU8', possible loss of data	x64,x86	SPC-COMMS-CONTROLLER-CALLBACKS	read-value-range-and-architecture-delta	narrowing/widening is not automatically a defect; determine guest fixed-width value, private native value, or host identity before selecting original correction, overlay, or mapping-manager boundary	T310-S8-P4-WARN-001448,T310-S8-P4-WARN-001449
T310-S8-P4-CLASS-000794	src/mvdm-host/softpc.new/base/comms/com.c	2637	C4244	'function': conversion from 'int' to 'IU8', possible loss of data	x64,x86	SPC-COMMS-CONTROLLER-CALLBACKS	read-value-range-and-architecture-delta	narrowing/widening is not automatically a defect; determine guest fixed-width value, private native value, or host identity before selecting original correction, overlay, or mapping-manager boundary	T310-S8-P4-WARN-001450,T310-S8-P4-WARN-001451
T310-S8-P4-CLASS-000795	src/mvdm-host/softpc.new/base/comms/com.c	2644	C4244	'=': conversion from 'int' to 'IU16', possible loss of data	x64,x86	SPC-COMMS-CONTROLLER-CALLBACKS	read-value-range-and-architecture-delta	narrowing/widening is not automatically a defect; determine guest fixed-width value, private native value, or host identity before selecting original correction, overlay, or mapping-manager boundary	T310-S8-P4-WARN-001452,T310-S8-P4-WARN-001453
T310-S8-P4-CLASS-000796	src/mvdm-host/softpc.new/base/comms/com.c	2645	C4244	'function': conversion from 'int' to 'IU8', possible loss of data	x64,x86	SPC-COMMS-CONTROLLER-CALLBACKS	read-value-range-and-architecture-delta	narrowing/widening is not automatically a defect; determine guest fixed-width value, private native value, or host identity before selecting original correction, overlay, or mapping-manager boundary	T310-S8-P4-WARN-001454,T310-S8-P4-WARN-001455
T310-S8-P4-CLASS-000797	src/mvdm-host/softpc.new/base/comms/com.c	2670	C4244	'function': conversion from 'int' to 'IU16', possible loss of data	x64,x86	SPC-COMMS-CONTROLLER-CALLBACKS	read-value-range-and-architecture-delta	narrowing/widening is not automatically a defect; determine guest fixed-width value, private native value, or host identity before selecting original correction, overlay, or mapping-manager boundary	T310-S8-P4-WARN-001456,T310-S8-P4-WARN-001457
T310-S8-P4-CLASS-000798	src/mvdm-host/softpc.new/base/comms/com.c	2686	C4244	'function': conversion from 'int' to 'IU8', possible loss of data	x64,x86	SPC-COMMS-CONTROLLER-CALLBACKS	read-value-range-and-architecture-delta	narrowing/widening is not automatically a defect; determine guest fixed-width value, private native value, or host identity before selecting original correction, overlay, or mapping-manager boundary	T310-S8-P4-WARN-001458,T310-S8-P4-WARN-001459
T310-S8-P4-CLASS-000799	src/mvdm-host/softpc.new/base/comms/printer_.c	235	C4013	'host_lpt_dos_open' undefined; assuming extern returning int	x64,x86	SPC-COMMS-CONTROLLER-CALLBACKS	must-repair-call-abi	undeclared, old-style, or incompatible call/table contract may truncate a pointer or pass the wrong calling convention; reconcile declaration, definition, table slot and selected callers	T310-S8-P4-WARN-001460,T310-S8-P4-WARN-001461
T310-S8-P4-CLASS-000800	src/mvdm-host/softpc.new/base/comms/printer_.c	237	C4013	'host_lpt_dos_close' undefined; assuming extern returning int	x64,x86	SPC-COMMS-CONTROLLER-CALLBACKS	must-repair-call-abi	undeclared, old-style, or incompatible call/table contract may truncate a pointer or pass the wrong calling convention; reconcile declaration, definition, table slot and selected callers	T310-S8-P4-WARN-001462,T310-S8-P4-WARN-001463
T310-S8-P4-CLASS-000801	src/mvdm-host/softpc.new/base/comms/rs232_io.c	143	C4244	'function': conversion from 'WORD_BIT_FIELD' to 'IU8', possible loss of data	x64,x86	SPC-COMMS-CONTROLLER-CALLBACKS	read-value-range-and-architecture-delta	narrowing/widening is not automatically a defect; determine guest fixed-width value, private native value, or host identity before selecting original correction, overlay, or mapping-manager boundary	T310-S8-P4-WARN-001464,T310-S8-P4-WARN-001465
T310-S8-P4-CLASS-000802	src/mvdm-host/softpc.new/base/comms/rs232_io.c	144	C4244	'function': conversion from 'WORD_BIT_FIELD' to 'IU8', possible loss of data	x64,x86	SPC-COMMS-CONTROLLER-CALLBACKS	read-value-range-and-architecture-delta	narrowing/widening is not automatically a defect; determine guest fixed-width value, private native value, or host identity before selecting original correction, overlay, or mapping-manager boundary	T310-S8-P4-WARN-001466,T310-S8-P4-WARN-001467
T310-S8-P4-CLASS-000803	src/mvdm-host/softpc.new/base/comms/rs232_io.c	255	C4244	'function': conversion from 'WORD_BIT_FIELD' to 'IU8', possible loss of data	x64,x86	SPC-COMMS-CONTROLLER-CALLBACKS	read-value-range-and-architecture-delta	narrowing/widening is not automatically a defect; determine guest fixed-width value, private native value, or host identity before selecting original correction, overlay, or mapping-manager boundary	T310-S8-P4-WARN-001468,T310-S8-P4-WARN-001469
T310-S8-P4-CLASS-000804	src/mvdm-host/softpc.new/base/comms/rs232_io.c	256	C4244	'function': conversion from 'WORD_BIT_FIELD' to 'IU8', possible loss of data	x64,x86	SPC-COMMS-CONTROLLER-CALLBACKS	read-value-range-and-architecture-delta	narrowing/widening is not automatically a defect; determine guest fixed-width value, private native value, or host identity before selecting original correction, overlay, or mapping-manager boundary	T310-S8-P4-WARN-001470,T310-S8-P4-WARN-001471
T310-S8-P4-CLASS-000805	src/mvdm-host/softpc.new/base/cvidc/ev_glue.c	91	C4013	'printf' undefined; assuming extern returning int	x64,x86	SPC-CVIDC-GENERATED-DISPATCH	must-repair-call-abi	undeclared, old-style, or incompatible call/table contract may truncate a pointer or pass the wrong calling convention; reconcile declaration, definition, table slot and selected callers	T310-S8-P4-WARN-001472,T310-S8-P4-WARN-001473
T310-S8-P4-CLASS-000806	src/mvdm-host/softpc.new/base/cvidc/ev_glue.c	112	C4244	'function': conversion from 'IU32' to 'IU8', possible loss of data	x64,x86	SPC-CVIDC-GENERATED-DISPATCH	read-value-range-and-architecture-delta	narrowing/widening is not automatically a defect; determine guest fixed-width value, private native value, or host identity before selecting original correction, overlay, or mapping-manager boundary	T310-S8-P4-WARN-001474,T310-S8-P4-WARN-001475
T310-S8-P4-CLASS-000807	src/mvdm-host/softpc.new/base/cvidc/ev_glue.c	133	C4244	'function': conversion from 'IU32' to 'IU16', possible loss of data	x64,x86	SPC-CVIDC-GENERATED-DISPATCH	read-value-range-and-architecture-delta	narrowing/widening is not automatically a defect; determine guest fixed-width value, private native value, or host identity before selecting original correction, overlay, or mapping-manager boundary	T310-S8-P4-WARN-001476,T310-S8-P4-WARN-001477
T310-S8-P4-CLASS-000808	src/mvdm-host/softpc.new/base/cvidc/ev_glue.c	512	C4152	nonstandard extension, function/data pointer conversion in expression	x64,x86	SPC-CVIDC-GENERATED-DISPATCH	must-repair-call-abi	undeclared, old-style, or incompatible call/table contract may truncate a pointer or pass the wrong calling convention; reconcile declaration, definition, table slot and selected callers	T310-S8-P4-WARN-001478,T310-S8-P4-WARN-001479
T310-S8-P4-CLASS-000809	src/mvdm-host/softpc.new/base/cvidc/ev_glue.c	523	C4152	nonstandard extension, function/data pointer conversion in expression	x64,x86	SPC-CVIDC-GENERATED-DISPATCH	must-repair-call-abi	undeclared, old-style, or incompatible call/table contract may truncate a pointer or pass the wrong calling convention; reconcile declaration, definition, table slot and selected callers	T310-S8-P4-WARN-001480,T310-S8-P4-WARN-001481
T310-S8-P4-CLASS-000810	src/mvdm-host/softpc.new/base/cvidc/ev_glue.c	533	C4152	nonstandard extension, function/data pointer conversion in expression	x64,x86	SPC-CVIDC-GENERATED-DISPATCH	must-repair-call-abi	undeclared, old-style, or incompatible call/table contract may truncate a pointer or pass the wrong calling convention; reconcile declaration, definition, table slot and selected callers	T310-S8-P4-WARN-001482,T310-S8-P4-WARN-001483
T310-S8-P4-CLASS-000811	src/mvdm-host/softpc.new/base/cvidc/ev_glue.c	543	C4152	nonstandard extension, function/data pointer conversion in expression	x64,x86	SPC-CVIDC-GENERATED-DISPATCH	must-repair-call-abi	undeclared, old-style, or incompatible call/table contract may truncate a pointer or pass the wrong calling convention; reconcile declaration, definition, table slot and selected callers	T310-S8-P4-WARN-001484,T310-S8-P4-WARN-001485
T310-S8-P4-CLASS-000812	src/mvdm-host/softpc.new/base/cvidc/ev_glue.c	682	C4152	nonstandard extension, function/data pointer conversion in expression	x64,x86	SPC-CVIDC-GENERATED-DISPATCH	must-repair-call-abi	undeclared, old-style, or incompatible call/table contract may truncate a pointer or pass the wrong calling convention; reconcile declaration, definition, table slot and selected callers	T310-S8-P4-WARN-001486,T310-S8-P4-WARN-001487
T310-S8-P4-CLASS-000813	src/mvdm-host/softpc.new/base/cvidc/ev_glue.c	683	C4152	nonstandard extension, function/data pointer conversion in expression	x64,x86	SPC-CVIDC-GENERATED-DISPATCH	must-repair-call-abi	undeclared, old-style, or incompatible call/table contract may truncate a pointer or pass the wrong calling convention; reconcile declaration, definition, table slot and selected callers	T310-S8-P4-WARN-001488,T310-S8-P4-WARN-001489
T310-S8-P4-CLASS-000814	src/mvdm-host/softpc.new/base/cvidc/ev_glue.c	684	C4152	nonstandard extension, function/data pointer conversion in expression	x64,x86	SPC-CVIDC-GENERATED-DISPATCH	must-repair-call-abi	undeclared, old-style, or incompatible call/table contract may truncate a pointer or pass the wrong calling convention; reconcile declaration, definition, table slot and selected callers	T310-S8-P4-WARN-001490,T310-S8-P4-WARN-001491
T310-S8-P4-CLASS-000815	src/mvdm-host/softpc.new/base/cvidc/ev_glue.c	689	C4152	nonstandard extension, function/data pointer conversion in expression	x64,x86	SPC-CVIDC-GENERATED-DISPATCH	must-repair-call-abi	undeclared, old-style, or incompatible call/table contract may truncate a pointer or pass the wrong calling convention; reconcile declaration, definition, table slot and selected callers	T310-S8-P4-WARN-001492,T310-S8-P4-WARN-001493
T310-S8-P4-CLASS-000816	src/mvdm-host/softpc.new/base/cvidc/ev_glue.c	690	C4152	nonstandard extension, function/data pointer conversion in expression	x64,x86	SPC-CVIDC-GENERATED-DISPATCH	must-repair-call-abi	undeclared, old-style, or incompatible call/table contract may truncate a pointer or pass the wrong calling convention; reconcile declaration, definition, table slot and selected callers	T310-S8-P4-WARN-001494,T310-S8-P4-WARN-001495
T310-S8-P4-CLASS-000817	src/mvdm-host/softpc.new/base/cvidc/ev_glue.c	691	C4152	nonstandard extension, function/data pointer conversion in expression	x64,x86	SPC-CVIDC-GENERATED-DISPATCH	must-repair-call-abi	undeclared, old-style, or incompatible call/table contract may truncate a pointer or pass the wrong calling convention; reconcile declaration, definition, table slot and selected callers	T310-S8-P4-WARN-001496,T310-S8-P4-WARN-001497
T310-S8-P4-CLASS-000818	src/mvdm-host/softpc.new/base/cvidc/ev_glue.c	696	C4152	nonstandard extension, function/data pointer conversion in expression	x64,x86	SPC-CVIDC-GENERATED-DISPATCH	must-repair-call-abi	undeclared, old-style, or incompatible call/table contract may truncate a pointer or pass the wrong calling convention; reconcile declaration, definition, table slot and selected callers	T310-S8-P4-WARN-001498,T310-S8-P4-WARN-001499
T310-S8-P4-CLASS-000819	src/mvdm-host/softpc.new/base/cvidc/ev_glue.c	697	C4152	nonstandard extension, function/data pointer conversion in expression	x64,x86	SPC-CVIDC-GENERATED-DISPATCH	must-repair-call-abi	undeclared, old-style, or incompatible call/table contract may truncate a pointer or pass the wrong calling convention; reconcile declaration, definition, table slot and selected callers	T310-S8-P4-WARN-001500,T310-S8-P4-WARN-001501
T310-S8-P4-CLASS-000820	src/mvdm-host/softpc.new/base/cvidc/ev_glue.c	698	C4152	nonstandard extension, function/data pointer conversion in expression	x64,x86	SPC-CVIDC-GENERATED-DISPATCH	must-repair-call-abi	undeclared, old-style, or incompatible call/table contract may truncate a pointer or pass the wrong calling convention; reconcile declaration, definition, table slot and selected callers	T310-S8-P4-WARN-001502,T310-S8-P4-WARN-001503
T310-S8-P4-CLASS-000821	src/mvdm-host/softpc.new/base/cvidc/ev_glue.c	703	C4152	nonstandard extension, function/data pointer conversion in expression	x64,x86	SPC-CVIDC-GENERATED-DISPATCH	must-repair-call-abi	undeclared, old-style, or incompatible call/table contract may truncate a pointer or pass the wrong calling convention; reconcile declaration, definition, table slot and selected callers	T310-S8-P4-WARN-001504,T310-S8-P4-WARN-001505
T310-S8-P4-CLASS-000822	src/mvdm-host/softpc.new/base/cvidc/ev_glue.c	704	C4152	nonstandard extension, function/data pointer conversion in expression	x64,x86	SPC-CVIDC-GENERATED-DISPATCH	must-repair-call-abi	undeclared, old-style, or incompatible call/table contract may truncate a pointer or pass the wrong calling convention; reconcile declaration, definition, table slot and selected callers	T310-S8-P4-WARN-001506,T310-S8-P4-WARN-001507
T310-S8-P4-CLASS-000823	src/mvdm-host/softpc.new/base/cvidc/ev_glue.c	705	C4152	nonstandard extension, function/data pointer conversion in expression	x64,x86	SPC-CVIDC-GENERATED-DISPATCH	must-repair-call-abi	undeclared, old-style, or incompatible call/table contract may truncate a pointer or pass the wrong calling convention; reconcile declaration, definition, table slot and selected callers	T310-S8-P4-WARN-001508,T310-S8-P4-WARN-001509
T310-S8-P4-CLASS-000824	src/mvdm-host/softpc.new/base/cvidc/ev_glue.c	718	C4244	'function': conversion from 'IU32' to 'IU8', possible loss of data	x64,x86	SPC-CVIDC-GENERATED-DISPATCH	read-value-range-and-architecture-delta	narrowing/widening is not automatically a defect; determine guest fixed-width value, private native value, or host identity before selecting original correction, overlay, or mapping-manager boundary	T310-S8-P4-WARN-001510,T310-S8-P4-WARN-001511
T310-S8-P4-CLASS-000825	src/mvdm-host/softpc.new/base/cvidc/ev_glue.c	728	C4244	'function': conversion from 'IU32' to 'IU16', possible loss of data	x64,x86	SPC-CVIDC-GENERATED-DISPATCH	read-value-range-and-architecture-delta	narrowing/widening is not automatically a defect; determine guest fixed-width value, private native value, or host identity before selecting original correction, overlay, or mapping-manager boundary	T310-S8-P4-WARN-001512,T310-S8-P4-WARN-001513
T310-S8-P4-CLASS-000827	src/mvdm-host/softpc.new/base/cvidc/ev_glue.c	745	C4113	'void (__cdecl *)(IU8,IU32)' differs in parameter lists from 'void (__cdecl *)(unsigned long,unsigned long)'	x64,x86	SPC-CVIDC-GENERATED-DISPATCH	must-repair-call-abi	undeclared, old-style, or incompatible call/table contract may truncate a pointer or pass the wrong calling convention; reconcile declaration, definition, table slot and selected callers	T310-S8-P4-WARN-001516,T310-S8-P4-WARN-001517
T310-S8-P4-CLASS-000828	src/mvdm-host/softpc.new/base/cvidc/ev_glue.c	746	C4113	'void (__cdecl *)(IU16,IU32)' differs in parameter lists from 'void (__cdecl *)(unsigned long,unsigned long)'	x64,x86	SPC-CVIDC-GENERATED-DISPATCH	must-repair-call-abi	undeclared, old-style, or incompatible call/table contract may truncate a pointer or pass the wrong calling convention; reconcile declaration, definition, table slot and selected callers	T310-S8-P4-WARN-001518,T310-S8-P4-WARN-001519
T310-S8-P4-CLASS-000829	src/mvdm-host/softpc.new/base/cvidc/ev_glue.c	768	C4133	'=': incompatible types - from 'VGAGLOBALSETTINGS *' to 'VGA_GLOBALS *'	x64,x86	SPC-CVIDC-GENERATED-DISPATCH	must-repair-call-abi	undeclared, old-style, or incompatible call/table contract may truncate a pointer or pass the wrong calling convention; reconcile declaration, definition, table slot and selected callers	T310-S8-P4-WARN-001520,T310-S8-P4-WARN-001521
T310-S8-P4-CLASS-000830	src/mvdm-host/softpc.new/base/cvidc/evidfunc.h	641	C4431	missing type specifier - int assumed. Note: C no longer supports default-int	x64,x86	SPC-CVIDC-GENERATED-DISPATCH	must-repair-call-abi	undeclared, old-style, or incompatible call/table contract may truncate a pointer or pass the wrong calling convention; reconcile declaration, definition, table slot and selected callers	T310-S8-P4-WARN-001522,T310-S8-P4-WARN-001523
T310-S8-P4-CLASS-000831	src/mvdm-host/softpc.new/base/cvidc/evidfunc.h	642	C4431	missing type specifier - int assumed. Note: C no longer supports default-int	x64,x86	SPC-CVIDC-GENERATED-DISPATCH	must-repair-call-abi	undeclared, old-style, or incompatible call/table contract may truncate a pointer or pass the wrong calling convention; reconcile declaration, definition, table slot and selected callers	T310-S8-P4-WARN-001524,T310-S8-P4-WARN-001525
T310-S8-P4-CLASS-000832	src/mvdm-host/softpc.new/base/cvidc/evidfunc.h	643	C4431	missing type specifier - int assumed. Note: C no longer supports default-int	x64,x86	SPC-CVIDC-GENERATED-DISPATCH	must-repair-call-abi	undeclared, old-style, or incompatible call/table contract may truncate a pointer or pass the wrong calling convention; reconcile declaration, definition, table slot and selected callers	T310-S8-P4-WARN-001526,T310-S8-P4-WARN-001527
T310-S8-P4-CLASS-000833	src/mvdm-host/softpc.new/base/cvidc/evidfunc.h	644	C4431	missing type specifier - int assumed. Note: C no longer supports default-int	x64,x86	SPC-CVIDC-GENERATED-DISPATCH	must-repair-call-abi	undeclared, old-style, or incompatible call/table contract may truncate a pointer or pass the wrong calling convention; reconcile declaration, definition, table slot and selected callers	T310-S8-P4-WARN-001528,T310-S8-P4-WARN-001529
T310-S8-P4-CLASS-000834	src/mvdm-host/softpc.new/base/cvidc/evidfunc.h	645	C4431	missing type specifier - int assumed. Note: C no longer supports default-int	x64,x86	SPC-CVIDC-GENERATED-DISPATCH	must-repair-call-abi	undeclared, old-style, or incompatible call/table contract may truncate a pointer or pass the wrong calling convention; reconcile declaration, definition, table slot and selected callers	T310-S8-P4-WARN-001530,T310-S8-P4-WARN-001531
T310-S8-P4-CLASS-000835	src/mvdm-host/softpc.new/base/cvidc/evidfunc.h	646	C4431	missing type specifier - int assumed. Note: C no longer supports default-int	x64,x86	SPC-CVIDC-GENERATED-DISPATCH	must-repair-call-abi	undeclared, old-style, or incompatible call/table contract may truncate a pointer or pass the wrong calling convention; reconcile declaration, definition, table slot and selected callers	T310-S8-P4-WARN-001532,T310-S8-P4-WARN-001533
T310-S8-P4-CLASS-000836	src/mvdm-host/softpc.new/base/cvidc/evidfunc.h	647	C4431	missing type specifier - int assumed. Note: C no longer supports default-int	x64,x86	SPC-CVIDC-GENERATED-DISPATCH	must-repair-call-abi	undeclared, old-style, or incompatible call/table contract may truncate a pointer or pass the wrong calling convention; reconcile declaration, definition, table slot and selected callers	T310-S8-P4-WARN-001534,T310-S8-P4-WARN-001535
T310-S8-P4-CLASS-000837	src/mvdm-host/softpc.new/base/cvidc/evidfunc.h	648	C4431	missing type specifier - int assumed. Note: C no longer supports default-int	x64,x86	SPC-CVIDC-GENERATED-DISPATCH	must-repair-call-abi	undeclared, old-style, or incompatible call/table contract may truncate a pointer or pass the wrong calling convention; reconcile declaration, definition, table slot and selected callers	T310-S8-P4-WARN-001536,T310-S8-P4-WARN-001537
T310-S8-P4-CLASS-000838	src/mvdm-host/softpc.new/base/cvidc/evidfunc.h	649	C4431	missing type specifier - int assumed. Note: C no longer supports default-int	x64,x86	SPC-CVIDC-GENERATED-DISPATCH	must-repair-call-abi	undeclared, old-style, or incompatible call/table contract may truncate a pointer or pass the wrong calling convention; reconcile declaration, definition, table slot and selected callers	T310-S8-P4-WARN-001538,T310-S8-P4-WARN-001539
T310-S8-P4-CLASS-000839	src/mvdm-host/softpc.new/base/cvidc/evidfunc.h	650	C4431	missing type specifier - int assumed. Note: C no longer supports default-int	x64,x86	SPC-CVIDC-GENERATED-DISPATCH	must-repair-call-abi	undeclared, old-style, or incompatible call/table contract may truncate a pointer or pass the wrong calling convention; reconcile declaration, definition, table slot and selected callers	T310-S8-P4-WARN-001540,T310-S8-P4-WARN-001541
T310-S8-P4-CLASS-000840	src/mvdm-host/softpc.new/base/cvidc/evidfunc.h	651	C4431	missing type specifier - int assumed. Note: C no longer supports default-int	x64,x86	SPC-CVIDC-GENERATED-DISPATCH	must-repair-call-abi	undeclared, old-style, or incompatible call/table contract may truncate a pointer or pass the wrong calling convention; reconcile declaration, definition, table slot and selected callers	T310-S8-P4-WARN-001542,T310-S8-P4-WARN-001543
T310-S8-P4-CLASS-000841	src/mvdm-host/softpc.new/base/cvidc/evidfunc.h	652	C4431	missing type specifier - int assumed. Note: C no longer supports default-int	x64,x86	SPC-CVIDC-GENERATED-DISPATCH	must-repair-call-abi	undeclared, old-style, or incompatible call/table contract may truncate a pointer or pass the wrong calling convention; reconcile declaration, definition, table slot and selected callers	T310-S8-P4-WARN-001544,T310-S8-P4-WARN-001545
T310-S8-P4-CLASS-000842	src/mvdm-host/softpc.new/base/cvidc/evidfunc.h	653	C4431	missing type specifier - int assumed. Note: C no longer supports default-int	x64,x86	SPC-CVIDC-GENERATED-DISPATCH	must-repair-call-abi	undeclared, old-style, or incompatible call/table contract may truncate a pointer or pass the wrong calling convention; reconcile declaration, definition, table slot and selected callers	T310-S8-P4-WARN-001546,T310-S8-P4-WARN-001547
T310-S8-P4-CLASS-000843	src/mvdm-host/softpc.new/base/cvidc/evidfunc.h	654	C4431	missing type specifier - int assumed. Note: C no longer supports default-int	x64,x86	SPC-CVIDC-GENERATED-DISPATCH	must-repair-call-abi	undeclared, old-style, or incompatible call/table contract may truncate a pointer or pass the wrong calling convention; reconcile declaration, definition, table slot and selected callers	T310-S8-P4-WARN-001548,T310-S8-P4-WARN-001549
T310-S8-P4-CLASS-000844	src/mvdm-host/softpc.new/base/cvidc/evidfunc.h	655	C4431	missing type specifier - int assumed. Note: C no longer supports default-int	x64,x86	SPC-CVIDC-GENERATED-DISPATCH	must-repair-call-abi	undeclared, old-style, or incompatible call/table contract may truncate a pointer or pass the wrong calling convention; reconcile declaration, definition, table slot and selected callers	T310-S8-P4-WARN-001550,T310-S8-P4-WARN-001551
T310-S8-P4-CLASS-000845	src/mvdm-host/softpc.new/base/cvidc/evidfunc.h	656	C4431	missing type specifier - int assumed. Note: C no longer supports default-int	x64,x86	SPC-CVIDC-GENERATED-DISPATCH	must-repair-call-abi	undeclared, old-style, or incompatible call/table contract may truncate a pointer or pass the wrong calling convention; reconcile declaration, definition, table slot and selected callers	T310-S8-P4-WARN-001552,T310-S8-P4-WARN-001553
T310-S8-P4-CLASS-000846	src/mvdm-host/softpc.new/base/cvidc/evidfunc.h	657	C4431	missing type specifier - int assumed. Note: C no longer supports default-int	x64,x86	SPC-CVIDC-GENERATED-DISPATCH	must-repair-call-abi	undeclared, old-style, or incompatible call/table contract may truncate a pointer or pass the wrong calling convention; reconcile declaration, definition, table slot and selected callers	T310-S8-P4-WARN-001554,T310-S8-P4-WARN-001555
T310-S8-P4-CLASS-000847	src/mvdm-host/softpc.new/base/cvidc/j_c_lang.c	54	C4013	'printf' undefined; assuming extern returning int	x64,x86	SPC-CVIDC-GENERATED-DISPATCH	must-repair-call-abi	undeclared, old-style, or incompatible call/table contract may truncate a pointer or pass the wrong calling convention; reconcile declaration, definition, table slot and selected callers	T310-S8-P4-WARN-001556,T310-S8-P4-WARN-001557
T310-S8-P4-CLASS-000856	src/mvdm-host/softpc.new/base/cvidc/SEVID000.c	731	C4013	'CrulesRuntimeError' undefined; assuming extern returning int	x64,x86	SPC-CVIDC-GENERATED-DISPATCH	must-repair-call-abi	undeclared, old-style, or incompatible call/table contract may truncate a pointer or pass the wrong calling convention; reconcile declaration, definition, table slot and selected callers	T310-S8-P4-WARN-001574,T310-S8-P4-WARN-001575
T310-S8-P4-CLASS-001116	src/mvdm-host/softpc.new/base/cvidc/SEVID001.c	1157	C4013	'CrulesRuntimeError' undefined; assuming extern returning int	x64,x86	SPC-CVIDC-GENERATED-DISPATCH	must-repair-call-abi	undeclared, old-style, or incompatible call/table contract may truncate a pointer or pass the wrong calling convention; reconcile declaration, definition, table slot and selected callers	T310-S8-P4-WARN-002094,T310-S8-P4-WARN-002095
T310-S8-P4-CLASS-001390	src/mvdm-host/softpc.new/base/cvidc/SEVID002.c	1018	C4013	'CrulesRuntimeError' undefined; assuming extern returning int	x64,x86	SPC-CVIDC-GENERATED-DISPATCH	must-repair-call-abi	undeclared, old-style, or incompatible call/table contract may truncate a pointer or pass the wrong calling convention; reconcile declaration, definition, table slot and selected callers	T310-S8-P4-WARN-002642,T310-S8-P4-WARN-002643
T310-S8-P4-CLASS-001932	src/mvdm-host/softpc.new/base/cvidc/SEVID003.c	968	C4013	'CrulesRuntimeError' undefined; assuming extern returning int	x64,x86	SPC-CVIDC-GENERATED-DISPATCH	must-repair-call-abi	undeclared, old-style, or incompatible call/table contract may truncate a pointer or pass the wrong calling convention; reconcile declaration, definition, table slot and selected callers	T310-S8-P4-WARN-003726,T310-S8-P4-WARN-003727
T310-S8-P4-CLASS-002551	src/mvdm-host/softpc.new/base/cvidc/SEVID004.c	1439	C4013	'CrulesRuntimeError' undefined; assuming extern returning int	x64,x86	SPC-CVIDC-GENERATED-DISPATCH	must-repair-call-abi	undeclared, old-style, or incompatible call/table contract may truncate a pointer or pass the wrong calling convention; reconcile declaration, definition, table slot and selected callers	T310-S8-P4-WARN-004964,T310-S8-P4-WARN-004965
T310-S8-P4-CLASS-003268	src/mvdm-host/softpc.new/base/cvidc/SEVID005.c	767	C4013	'CrulesRuntimeError' undefined; assuming extern returning int	x64,x86	SPC-CVIDC-GENERATED-DISPATCH	must-repair-call-abi	undeclared, old-style, or incompatible call/table contract may truncate a pointer or pass the wrong calling convention; reconcile declaration, definition, table slot and selected callers	T310-S8-P4-WARN-006398,T310-S8-P4-WARN-006399
T310-S8-P4-CLASS-003807	src/mvdm-host/softpc.new/base/cvidc/SEVID006.c	1097	C4013	'CrulesRuntimeError' undefined; assuming extern returning int	x64,x86	SPC-CVIDC-GENERATED-DISPATCH	must-repair-call-abi	undeclared, old-style, or incompatible call/table contract may truncate a pointer or pass the wrong calling convention; reconcile declaration, definition, table slot and selected callers	T310-S8-P4-WARN-007476,T310-S8-P4-WARN-007477
T310-S8-P4-CLASS-004428	src/mvdm-host/softpc.new/base/cvidc/SEVID007.c	880	C4013	'CrulesRuntimeError' undefined; assuming extern returning int	x64,x86	SPC-CVIDC-GENERATED-DISPATCH	must-repair-call-abi	undeclared, old-style, or incompatible call/table contract may truncate a pointer or pass the wrong calling convention; reconcile declaration, definition, table slot and selected callers	T310-S8-P4-WARN-008718,T310-S8-P4-WARN-008719
T310-S8-P4-CLASS-005024	src/mvdm-host/softpc.new/base/cvidc/SEVID008.c	900	C4013	'CrulesRuntimeError' undefined; assuming extern returning int	x64,x86	SPC-CVIDC-GENERATED-DISPATCH	must-repair-call-abi	undeclared, old-style, or incompatible call/table contract may truncate a pointer or pass the wrong calling convention; reconcile declaration, definition, table slot and selected callers	T310-S8-P4-WARN-009910,T310-S8-P4-WARN-009911
T310-S8-P4-CLASS-005614	src/mvdm-host/softpc.new/base/cvidc/SEVID009.c	573	C4013	'CrulesRuntimeError' undefined; assuming extern returning int	x64,x86	SPC-CVIDC-GENERATED-DISPATCH	must-repair-call-abi	undeclared, old-style, or incompatible call/table contract may truncate a pointer or pass the wrong calling convention; reconcile declaration, definition, table slot and selected callers	T310-S8-P4-WARN-011090,T310-S8-P4-WARN-011091
T310-S8-P4-CLASS-006096	src/mvdm-host/softpc.new/base/cvidc/SEVID010.c	939	C4013	'CrulesRuntimeError' undefined; assuming extern returning int	x64,x86	SPC-CVIDC-GENERATED-DISPATCH	must-repair-call-abi	undeclared, old-style, or incompatible call/table contract may truncate a pointer or pass the wrong calling convention; reconcile declaration, definition, table slot and selected callers	T310-S8-P4-WARN-012054,T310-S8-P4-WARN-012055
T310-S8-P4-CLASS-006709	src/mvdm-host/softpc.new/base/cvidc/SEVID011.c	795	C4013	'CrulesRuntimeError' undefined; assuming extern returning int	x64,x86	SPC-CVIDC-GENERATED-DISPATCH	must-repair-call-abi	undeclared, old-style, or incompatible call/table contract may truncate a pointer or pass the wrong calling convention; reconcile declaration, definition, table slot and selected callers	T310-S8-P4-WARN-013280,T310-S8-P4-WARN-013281
T310-S8-P4-CLASS-007251	src/mvdm-host/softpc.new/base/cvidc/SEVID012.c	796	C4013	'CrulesRuntimeError' undefined; assuming extern returning int	x64,x86	SPC-CVIDC-GENERATED-DISPATCH	must-repair-call-abi	undeclared, old-style, or incompatible call/table contract may truncate a pointer or pass the wrong calling convention; reconcile declaration, definition, table slot and selected callers	T310-S8-P4-WARN-014364,T310-S8-P4-WARN-014365
T310-S8-P4-CLASS-007782	src/mvdm-host/softpc.new/base/cvidc/SEVID013.c	1220	C4013	'CrulesRuntimeError' undefined; assuming extern returning int	x64,x86	SPC-CVIDC-GENERATED-DISPATCH	must-repair-call-abi	undeclared, old-style, or incompatible call/table contract may truncate a pointer or pass the wrong calling convention; reconcile declaration, definition, table slot and selected callers	T310-S8-P4-WARN-015426,T310-S8-P4-WARN-015427
T310-S8-P4-CLASS-008457	src/mvdm-host/softpc.new/base/cvidc/SEVID014.c	1087	C4013	'CrulesRuntimeError' undefined; assuming extern returning int	x64,x86	SPC-CVIDC-GENERATED-DISPATCH	must-repair-call-abi	undeclared, old-style, or incompatible call/table contract may truncate a pointer or pass the wrong calling convention; reconcile declaration, definition, table slot and selected callers	T310-S8-P4-WARN-016776,T310-S8-P4-WARN-016777
T310-S8-P4-CLASS-009079	src/mvdm-host/softpc.new/base/cvidc/SEVID015.c	994	C4013	'CrulesRuntimeError' undefined; assuming extern returning int	x64,x86	SPC-CVIDC-GENERATED-DISPATCH	must-repair-call-abi	undeclared, old-style, or incompatible call/table contract may truncate a pointer or pass the wrong calling convention; reconcile declaration, definition, table slot and selected callers	T310-S8-P4-WARN-018020,T310-S8-P4-WARN-018021
T310-S8-P4-CLASS-009691	src/mvdm-host/softpc.new/base/cvidc/SEVID016.c	1054	C4013	'CrulesRuntimeError' undefined; assuming extern returning int	x64,x86	SPC-CVIDC-GENERATED-DISPATCH	must-repair-call-abi	undeclared, old-style, or incompatible call/table contract may truncate a pointer or pass the wrong calling convention; reconcile declaration, definition, table slot and selected callers	T310-S8-P4-WARN-019244,T310-S8-P4-WARN-019245
T310-S8-P4-CLASS-010307	src/mvdm-host/softpc.new/base/cvidc/SEVID017.c	869	C4013	'CrulesRuntimeError' undefined; assuming extern returning int	x64,x86	SPC-CVIDC-GENERATED-DISPATCH	must-repair-call-abi	undeclared, old-style, or incompatible call/table contract may truncate a pointer or pass the wrong calling convention; reconcile declaration, definition, table slot and selected callers	T310-S8-P4-WARN-020476,T310-S8-P4-WARN-020477
T310-S8-P4-CLASS-010824	src/mvdm-host/softpc.new/base/cvidc/SEVID018.c	924	C4013	'CrulesRuntimeError' undefined; assuming extern returning int	x64,x86	SPC-CVIDC-GENERATED-DISPATCH	must-repair-call-abi	undeclared, old-style, or incompatible call/table contract may truncate a pointer or pass the wrong calling convention; reconcile declaration, definition, table slot and selected callers	T310-S8-P4-WARN-021510,T310-S8-P4-WARN-021511
T310-S8-P4-CLASS-011407	src/mvdm-host/softpc.new/base/cvidc/SEVID019.c	1216	C4013	'CrulesRuntimeError' undefined; assuming extern returning int	x64,x86	SPC-CVIDC-GENERATED-DISPATCH	must-repair-call-abi	undeclared, old-style, or incompatible call/table contract may truncate a pointer or pass the wrong calling convention; reconcile declaration, definition, table slot and selected callers	T310-S8-P4-WARN-022676,T310-S8-P4-WARN-022677
T310-S8-P4-CLASS-011449	src/mvdm-host/softpc.new/base/cvidc/SEVID019.c	1614	C4334	'<<': result of 32-bit shift implicitly converted to 64 bits (was 64-bit shift intended?)	x64	SPC-CVIDC-GENERATED-DISPATCH	unclassified-read-source	warning class has no approved general disposition; read original source, declaration and selected caller before any change	T310-S8-P4-WARN-022760
T310-S8-P4-CLASS-012017	src/mvdm-host/softpc.new/base/cvidc/SEVID020.c	834	C4013	'CrulesRuntimeError' undefined; assuming extern returning int	x64,x86	SPC-CVIDC-GENERATED-DISPATCH	must-repair-call-abi	undeclared, old-style, or incompatible call/table contract may truncate a pointer or pass the wrong calling convention; reconcile declaration, definition, table slot and selected callers	T310-S8-P4-WARN-023895,T310-S8-P4-WARN-023896
T310-S8-P4-CLASS-012101	src/mvdm-host/softpc.new/base/cvidc/SEVID020.c	1285	C4334	'<<': result of 32-bit shift implicitly converted to 64 bits (was 64-bit shift intended?)	x64	SPC-CVIDC-GENERATED-DISPATCH	unclassified-read-source	warning class has no approved general disposition; read original source, declaration and selected caller before any change	T310-S8-P4-WARN-024063
T310-S8-P4-CLASS-012552	src/mvdm-host/softpc.new/base/cvidc/SEVID021.c	1230	C4013	'CrulesRuntimeError' undefined; assuming extern returning int	x64,x86	SPC-CVIDC-GENERATED-DISPATCH	must-repair-call-abi	undeclared, old-style, or incompatible call/table contract may truncate a pointer or pass the wrong calling convention; reconcile declaration, definition, table slot and selected callers	T310-S8-P4-WARN-024964,T310-S8-P4-WARN-024965
T310-S8-P4-CLASS-013090	src/mvdm-host/softpc.new/base/cvidc/SEVID022.c	856	C4013	'CrulesRuntimeError' undefined; assuming extern returning int	x64,x86	SPC-CVIDC-GENERATED-DISPATCH	must-repair-call-abi	undeclared, old-style, or incompatible call/table contract may truncate a pointer or pass the wrong calling convention; reconcile declaration, definition, table slot and selected callers	T310-S8-P4-WARN-026040,T310-S8-P4-WARN-026041
T310-S8-P4-CLASS-013725	src/mvdm-host/softpc.new/base/cvidc/SEVID023.c	753	C4013	'CrulesRuntimeError' undefined; assuming extern returning int	x64,x86	SPC-CVIDC-GENERATED-DISPATCH	must-repair-call-abi	undeclared, old-style, or incompatible call/table contract may truncate a pointer or pass the wrong calling convention; reconcile declaration, definition, table slot and selected callers	T310-S8-P4-WARN-027310,T310-S8-P4-WARN-027311
T310-S8-P4-CLASS-014245	src/mvdm-host/softpc.new/base/cvidc/SEVID024.c	687	C4013	'CrulesRuntimeError' undefined; assuming extern returning int	x64,x86	SPC-CVIDC-GENERATED-DISPATCH	must-repair-call-abi	undeclared, old-style, or incompatible call/table contract may truncate a pointer or pass the wrong calling convention; reconcile declaration, definition, table slot and selected callers	T310-S8-P4-WARN-028350,T310-S8-P4-WARN-028351
T310-S8-P4-CLASS-014726	src/mvdm-host/softpc.new/base/cvidc/SEVID025.c	848	C4013	'CrulesRuntimeError' undefined; assuming extern returning int	x64,x86	SPC-CVIDC-GENERATED-DISPATCH	must-repair-call-abi	undeclared, old-style, or incompatible call/table contract may truncate a pointer or pass the wrong calling convention; reconcile declaration, definition, table slot and selected callers	T310-S8-P4-WARN-029312,T310-S8-P4-WARN-029313
T310-S8-P4-CLASS-015271	src/mvdm-host/softpc.new/base/cvidc/SEVID026.c	862	C4013	'CrulesRuntimeError' undefined; assuming extern returning int	x64,x86	SPC-CVIDC-GENERATED-DISPATCH	must-repair-call-abi	undeclared, old-style, or incompatible call/table contract may truncate a pointer or pass the wrong calling convention; reconcile declaration, definition, table slot and selected callers	T310-S8-P4-WARN-030402,T310-S8-P4-WARN-030403
T310-S8-P4-CLASS-015830	src/mvdm-host/softpc.new/base/cvidc/SEVID027.c	935	C4013	'CrulesRuntimeError' undefined; assuming extern returning int	x64,x86	SPC-CVIDC-GENERATED-DISPATCH	must-repair-call-abi	undeclared, old-style, or incompatible call/table contract may truncate a pointer or pass the wrong calling convention; reconcile declaration, definition, table slot and selected callers	T310-S8-P4-WARN-031520,T310-S8-P4-WARN-031521
T310-S8-P4-CLASS-016405	src/mvdm-host/softpc.new/base/cvidc/SEVID028.c	1016	C4013	'CrulesRuntimeError' undefined; assuming extern returning int	x64,x86	SPC-CVIDC-GENERATED-DISPATCH	must-repair-call-abi	undeclared, old-style, or incompatible call/table contract may truncate a pointer or pass the wrong calling convention; reconcile declaration, definition, table slot and selected callers	T310-S8-P4-WARN-032670,T310-S8-P4-WARN-032671
T310-S8-P4-CLASS-017042	src/mvdm-host/softpc.new/base/cvidc/SEVID029.c	874	C4013	'CrulesRuntimeError' undefined; assuming extern returning int	x64,x86	SPC-CVIDC-GENERATED-DISPATCH	must-repair-call-abi	undeclared, old-style, or incompatible call/table contract may truncate a pointer or pass the wrong calling convention; reconcile declaration, definition, table slot and selected callers	T310-S8-P4-WARN-033944,T310-S8-P4-WARN-033945
T310-S8-P4-CLASS-017581	src/mvdm-host/softpc.new/base/cvidc/SEVID030.c	670	C4013	'CrulesRuntimeError' undefined; assuming extern returning int	x64,x86	SPC-CVIDC-GENERATED-DISPATCH	must-repair-call-abi	undeclared, old-style, or incompatible call/table contract may truncate a pointer or pass the wrong calling convention; reconcile declaration, definition, table slot and selected callers	T310-S8-P4-WARN-035022,T310-S8-P4-WARN-035023
T310-S8-P4-CLASS-018097	src/mvdm-host/softpc.new/base/cvidc/SINIT012.c	1014	C4033	'crules' must return a value	x64,x86	SPC-CVIDC-GENERATED-DISPATCH	must-repair-control-or-result-contract	uninitialized or absent result can become architecture-visible state; repair the original failure/result contract, not the warning	T310-S8-P4-WARN-036054,T310-S8-P4-WARN-036055
T310-S8-P4-CLASS-018101	src/mvdm-host/softpc.new/base/cvidc/SINIT012.c	1052	C4033	'crules' must return a value	x64,x86	SPC-CVIDC-GENERATED-DISPATCH	must-repair-control-or-result-contract	uninitialized or absent result can become architecture-visible state; repair the original failure/result contract, not the warning	T310-S8-P4-WARN-036062,T310-S8-P4-WARN-036063
T310-S8-P4-CLASS-018105	src/mvdm-host/softpc.new/base/cvidc/SINIT012.c	1090	C4033	'crules' must return a value	x64,x86	SPC-CVIDC-GENERATED-DISPATCH	must-repair-control-or-result-contract	uninitialized or absent result can become architecture-visible state; repair the original failure/result contract, not the warning	T310-S8-P4-WARN-036070,T310-S8-P4-WARN-036071
T310-S8-P4-CLASS-018109	src/mvdm-host/softpc.new/base/cvidc/SINIT012.c	1128	C4033	'crules' must return a value	x64,x86	SPC-CVIDC-GENERATED-DISPATCH	must-repair-control-or-result-contract	uninitialized or absent result can become architecture-visible state; repair the original failure/result contract, not the warning	T310-S8-P4-WARN-036078,T310-S8-P4-WARN-036079
T310-S8-P4-CLASS-018113	src/mvdm-host/softpc.new/base/cvidc/SINIT012.c	1166	C4033	'crules' must return a value	x64,x86	SPC-CVIDC-GENERATED-DISPATCH	must-repair-control-or-result-contract	uninitialized or absent result can become architecture-visible state; repair the original failure/result contract, not the warning	T310-S8-P4-WARN-036086,T310-S8-P4-WARN-036087
T310-S8-P4-CLASS-018117	src/mvdm-host/softpc.new/base/cvidc/SINIT012.c	1204	C4033	'crules' must return a value	x64,x86	SPC-CVIDC-GENERATED-DISPATCH	must-repair-control-or-result-contract	uninitialized or absent result can become architecture-visible state; repair the original failure/result contract, not the warning	T310-S8-P4-WARN-036094,T310-S8-P4-WARN-036095
T310-S8-P4-CLASS-018121	src/mvdm-host/softpc.new/base/cvidc/SINIT012.c	1242	C4033	'crules' must return a value	x64,x86	SPC-CVIDC-GENERATED-DISPATCH	must-repair-control-or-result-contract	uninitialized or absent result can become architecture-visible state; repair the original failure/result contract, not the warning	T310-S8-P4-WARN-036102,T310-S8-P4-WARN-036103
T310-S8-P4-CLASS-018125	src/mvdm-host/softpc.new/base/cvidc/SINIT012.c	1280	C4033	'crules' must return a value	x64,x86	SPC-CVIDC-GENERATED-DISPATCH	must-repair-control-or-result-contract	uninitialized or absent result can become architecture-visible state; repair the original failure/result contract, not the warning	T310-S8-P4-WARN-036110,T310-S8-P4-WARN-036111
T310-S8-P4-CLASS-018129	src/mvdm-host/softpc.new/base/cvidc/SINIT012.c	1318	C4033	'crules' must return a value	x64,x86	SPC-CVIDC-GENERATED-DISPATCH	must-repair-control-or-result-contract	uninitialized or absent result can become architecture-visible state; repair the original failure/result contract, not the warning	T310-S8-P4-WARN-036118,T310-S8-P4-WARN-036119
T310-S8-P4-CLASS-018133	src/mvdm-host/softpc.new/base/cvidc/SINIT012.c	1356	C4033	'crules' must return a value	x64,x86	SPC-CVIDC-GENERATED-DISPATCH	must-repair-control-or-result-contract	uninitialized or absent result can become architecture-visible state; repair the original failure/result contract, not the warning	T310-S8-P4-WARN-036126,T310-S8-P4-WARN-036127
T310-S8-P4-CLASS-018137	src/mvdm-host/softpc.new/base/cvidc/SINIT012.c	1394	C4033	'crules' must return a value	x64,x86	SPC-CVIDC-GENERATED-DISPATCH	must-repair-control-or-result-contract	uninitialized or absent result can become architecture-visible state; repair the original failure/result contract, not the warning	T310-S8-P4-WARN-036134,T310-S8-P4-WARN-036135
T310-S8-P4-CLASS-018141	src/mvdm-host/softpc.new/base/cvidc/SINIT012.c	1432	C4033	'crules' must return a value	x64,x86	SPC-CVIDC-GENERATED-DISPATCH	must-repair-control-or-result-contract	uninitialized or absent result can become architecture-visible state; repair the original failure/result contract, not the warning	T310-S8-P4-WARN-036142,T310-S8-P4-WARN-036143
T310-S8-P4-CLASS-018145	src/mvdm-host/softpc.new/base/cvidc/SINIT012.c	1470	C4033	'crules' must return a value	x64,x86	SPC-CVIDC-GENERATED-DISPATCH	must-repair-control-or-result-contract	uninitialized or absent result can become architecture-visible state; repair the original failure/result contract, not the warning	T310-S8-P4-WARN-036150,T310-S8-P4-WARN-036151
T310-S8-P4-CLASS-018153	src/mvdm-host/softpc.new/base/cvidc/SINIT013.c	415	C4033	'crules' must return a value	x64,x86	SPC-CVIDC-GENERATED-DISPATCH	must-repair-control-or-result-contract	uninitialized or absent result can become architecture-visible state; repair the original failure/result contract, not the warning	T310-S8-P4-WARN-036166,T310-S8-P4-WARN-036167
T310-S8-P4-CLASS-018157	src/mvdm-host/softpc.new/base/cvidc/SINIT013.c	453	C4033	'crules' must return a value	x64,x86	SPC-CVIDC-GENERATED-DISPATCH	must-repair-control-or-result-contract	uninitialized or absent result can become architecture-visible state; repair the original failure/result contract, not the warning	T310-S8-P4-WARN-036174,T310-S8-P4-WARN-036175
T310-S8-P4-CLASS-018161	src/mvdm-host/softpc.new/base/cvidc/SINIT013.c	491	C4033	'crules' must return a value	x64,x86	SPC-CVIDC-GENERATED-DISPATCH	must-repair-control-or-result-contract	uninitialized or absent result can become architecture-visible state; repair the original failure/result contract, not the warning	T310-S8-P4-WARN-036182,T310-S8-P4-WARN-036183
T310-S8-P4-CLASS-018165	src/mvdm-host/softpc.new/base/cvidc/SINIT013.c	529	C4033	'crules' must return a value	x64,x86	SPC-CVIDC-GENERATED-DISPATCH	must-repair-control-or-result-contract	uninitialized or absent result can become architecture-visible state; repair the original failure/result contract, not the warning	T310-S8-P4-WARN-036190,T310-S8-P4-WARN-036191
T310-S8-P4-CLASS-018169	src/mvdm-host/softpc.new/base/cvidc/SINIT013.c	567	C4033	'crules' must return a value	x64,x86	SPC-CVIDC-GENERATED-DISPATCH	must-repair-control-or-result-contract	uninitialized or absent result can become architecture-visible state; repair the original failure/result contract, not the warning	T310-S8-P4-WARN-036198,T310-S8-P4-WARN-036199
T310-S8-P4-CLASS-018173	src/mvdm-host/softpc.new/base/cvidc/SINIT013.c	605	C4033	'crules' must return a value	x64,x86	SPC-CVIDC-GENERATED-DISPATCH	must-repair-control-or-result-contract	uninitialized or absent result can become architecture-visible state; repair the original failure/result contract, not the warning	T310-S8-P4-WARN-036206,T310-S8-P4-WARN-036207
T310-S8-P4-CLASS-018177	src/mvdm-host/softpc.new/base/cvidc/SINIT013.c	643	C4033	'crules' must return a value	x64,x86	SPC-CVIDC-GENERATED-DISPATCH	must-repair-control-or-result-contract	uninitialized or absent result can become architecture-visible state; repair the original failure/result contract, not the warning	T310-S8-P4-WARN-036214,T310-S8-P4-WARN-036215
T310-S8-P4-CLASS-018181	src/mvdm-host/softpc.new/base/cvidc/SINIT013.c	681	C4033	'crules' must return a value	x64,x86	SPC-CVIDC-GENERATED-DISPATCH	must-repair-control-or-result-contract	uninitialized or absent result can become architecture-visible state; repair the original failure/result contract, not the warning	T310-S8-P4-WARN-036222,T310-S8-P4-WARN-036223
T310-S8-P4-CLASS-018185	src/mvdm-host/softpc.new/base/cvidc/SINIT013.c	719	C4033	'crules' must return a value	x64,x86	SPC-CVIDC-GENERATED-DISPATCH	must-repair-control-or-result-contract	uninitialized or absent result can become architecture-visible state; repair the original failure/result contract, not the warning	T310-S8-P4-WARN-036230,T310-S8-P4-WARN-036231
T310-S8-P4-CLASS-018189	src/mvdm-host/softpc.new/base/cvidc/SINIT013.c	757	C4033	'crules' must return a value	x64,x86	SPC-CVIDC-GENERATED-DISPATCH	must-repair-control-or-result-contract	uninitialized or absent result can become architecture-visible state; repair the original failure/result contract, not the warning	T310-S8-P4-WARN-036238,T310-S8-P4-WARN-036239
T310-S8-P4-CLASS-018193	src/mvdm-host/softpc.new/base/cvidc/SINIT013.c	795	C4033	'crules' must return a value	x64,x86	SPC-CVIDC-GENERATED-DISPATCH	must-repair-control-or-result-contract	uninitialized or absent result can become architecture-visible state; repair the original failure/result contract, not the warning	T310-S8-P4-WARN-036246,T310-S8-P4-WARN-036247
T310-S8-P4-CLASS-018197	src/mvdm-host/softpc.new/base/cvidc/SINIT013.c	833	C4033	'crules' must return a value	x64,x86	SPC-CVIDC-GENERATED-DISPATCH	must-repair-control-or-result-contract	uninitialized or absent result can become architecture-visible state; repair the original failure/result contract, not the warning	T310-S8-P4-WARN-036254,T310-S8-P4-WARN-036255
T310-S8-P4-CLASS-018201	src/mvdm-host/softpc.new/base/cvidc/SINIT013.c	871	C4033	'crules' must return a value	x64,x86	SPC-CVIDC-GENERATED-DISPATCH	must-repair-control-or-result-contract	uninitialized or absent result can become architecture-visible state; repair the original failure/result contract, not the warning	T310-S8-P4-WARN-036262,T310-S8-P4-WARN-036263
T310-S8-P4-CLASS-018205	src/mvdm-host/softpc.new/base/cvidc/SINIT013.c	909	C4033	'crules' must return a value	x64,x86	SPC-CVIDC-GENERATED-DISPATCH	must-repair-control-or-result-contract	uninitialized or absent result can become architecture-visible state; repair the original failure/result contract, not the warning	T310-S8-P4-WARN-036270,T310-S8-P4-WARN-036271
T310-S8-P4-CLASS-018209	src/mvdm-host/softpc.new/base/cvidc/SINIT013.c	947	C4033	'crules' must return a value	x64,x86	SPC-CVIDC-GENERATED-DISPATCH	must-repair-control-or-result-contract	uninitialized or absent result can become architecture-visible state; repair the original failure/result contract, not the warning	T310-S8-P4-WARN-036278,T310-S8-P4-WARN-036279
T310-S8-P4-CLASS-018213	src/mvdm-host/softpc.new/base/cvidc/SINIT013.c	985	C4033	'crules' must return a value	x64,x86	SPC-CVIDC-GENERATED-DISPATCH	must-repair-control-or-result-contract	uninitialized or absent result can become architecture-visible state; repair the original failure/result contract, not the warning	T310-S8-P4-WARN-036286,T310-S8-P4-WARN-036287
T310-S8-P4-CLASS-018217	src/mvdm-host/softpc.new/base/cvidc/SINIT013.c	1023	C4033	'crules' must return a value	x64,x86	SPC-CVIDC-GENERATED-DISPATCH	must-repair-control-or-result-contract	uninitialized or absent result can become architecture-visible state; repair the original failure/result contract, not the warning	T310-S8-P4-WARN-036294,T310-S8-P4-WARN-036295
T310-S8-P4-CLASS-018221	src/mvdm-host/softpc.new/base/cvidc/SINIT013.c	1061	C4033	'crules' must return a value	x64,x86	SPC-CVIDC-GENERATED-DISPATCH	must-repair-control-or-result-contract	uninitialized or absent result can become architecture-visible state; repair the original failure/result contract, not the warning	T310-S8-P4-WARN-036302,T310-S8-P4-WARN-036303
T310-S8-P4-CLASS-018225	src/mvdm-host/softpc.new/base/cvidc/SINIT013.c	1099	C4033	'crules' must return a value	x64,x86	SPC-CVIDC-GENERATED-DISPATCH	must-repair-control-or-result-contract	uninitialized or absent result can become architecture-visible state; repair the original failure/result contract, not the warning	T310-S8-P4-WARN-036310,T310-S8-P4-WARN-036311
T310-S8-P4-CLASS-018229	src/mvdm-host/softpc.new/base/cvidc/SINIT013.c	1137	C4033	'crules' must return a value	x64,x86	SPC-CVIDC-GENERATED-DISPATCH	must-repair-control-or-result-contract	uninitialized or absent result can become architecture-visible state; repair the original failure/result contract, not the warning	T310-S8-P4-WARN-036318,T310-S8-P4-WARN-036319
T310-S8-P4-CLASS-018233	src/mvdm-host/softpc.new/base/cvidc/SINIT013.c	1175	C4033	'crules' must return a value	x64,x86	SPC-CVIDC-GENERATED-DISPATCH	must-repair-control-or-result-contract	uninitialized or absent result can become architecture-visible state; repair the original failure/result contract, not the warning	T310-S8-P4-WARN-036326,T310-S8-P4-WARN-036327
T310-S8-P4-CLASS-018237	src/mvdm-host/softpc.new/base/cvidc/SINIT013.c	1213	C4033	'crules' must return a value	x64,x86	SPC-CVIDC-GENERATED-DISPATCH	must-repair-control-or-result-contract	uninitialized or absent result can become architecture-visible state; repair the original failure/result contract, not the warning	T310-S8-P4-WARN-036334,T310-S8-P4-WARN-036335
T310-S8-P4-CLASS-018241	src/mvdm-host/softpc.new/base/cvidc/SINIT013.c	1251	C4033	'crules' must return a value	x64,x86	SPC-CVIDC-GENERATED-DISPATCH	must-repair-control-or-result-contract	uninitialized or absent result can become architecture-visible state; repair the original failure/result contract, not the warning	T310-S8-P4-WARN-036342,T310-S8-P4-WARN-036343
T310-S8-P4-CLASS-018245	src/mvdm-host/softpc.new/base/cvidc/SINIT013.c	1289	C4033	'crules' must return a value	x64,x86	SPC-CVIDC-GENERATED-DISPATCH	must-repair-control-or-result-contract	uninitialized or absent result can become architecture-visible state; repair the original failure/result contract, not the warning	T310-S8-P4-WARN-036350,T310-S8-P4-WARN-036351
T310-S8-P4-CLASS-018249	src/mvdm-host/softpc.new/base/cvidc/SINIT013.c	1327	C4033	'crules' must return a value	x64,x86	SPC-CVIDC-GENERATED-DISPATCH	must-repair-control-or-result-contract	uninitialized or absent result can become architecture-visible state; repair the original failure/result contract, not the warning	T310-S8-P4-WARN-036358,T310-S8-P4-WARN-036359
T310-S8-P4-CLASS-018253	src/mvdm-host/softpc.new/base/cvidc/SINIT013.c	1365	C4033	'crules' must return a value	x64,x86	SPC-CVIDC-GENERATED-DISPATCH	must-repair-control-or-result-contract	uninitialized or absent result can become architecture-visible state; repair the original failure/result contract, not the warning	T310-S8-P4-WARN-036366,T310-S8-P4-WARN-036367
T310-S8-P4-CLASS-018341	src/mvdm-host/softpc.new/base/cvidc/SINIT013.c	1779	C4033	'crules' must return a value	x64,x86	SPC-CVIDC-GENERATED-DISPATCH	must-repair-control-or-result-contract	uninitialized or absent result can become architecture-visible state; repair the original failure/result contract, not the warning	T310-S8-P4-WARN-036542,T310-S8-P4-WARN-036543
T310-S8-P4-CLASS-018383	src/mvdm-host/softpc.new/base/cvidc/SINIT013.c	1989	C4033	'crules' must return a value	x64,x86	SPC-CVIDC-GENERATED-DISPATCH	must-repair-control-or-result-contract	uninitialized or absent result can become architecture-visible state; repair the original failure/result contract, not the warning	T310-S8-P4-WARN-036626,T310-S8-P4-WARN-036627
T310-S8-P4-CLASS-018417	src/mvdm-host/softpc.new/base/cvidc/SINIT013.c	2147	C4033	'crules' must return a value	x64,x86	SPC-CVIDC-GENERATED-DISPATCH	must-repair-control-or-result-contract	uninitialized or absent result can become architecture-visible state; repair the original failure/result contract, not the warning	T310-S8-P4-WARN-036694,T310-S8-P4-WARN-036695
T310-S8-P4-CLASS-018424	src/mvdm-host/softpc.new/host/src/nt_bop.c	838	C4311	'type cast': pointer truncation from 'char *' to 'unsigned long'	x64	SPC-HOST-BOP-BINDING	must-repair-width-or-pointer-abi	pointer/integer or variadic-width conversion; read the exact original value class and use a same-shaped native-width binding or the mapping manager	T310-S8-P4-WARN-036708
T310-S8-P4-CLASS-018426	src/mvdm-host/softpc.new/host/src/nt_bop.c	859	C4311	'type cast': pointer truncation from 'char *' to 'unsigned long'	x64	SPC-HOST-BOP-BINDING	must-repair-width-or-pointer-abi	pointer/integer or variadic-width conversion; read the exact original value class and use a same-shaped native-width binding or the mapping manager	T310-S8-P4-WARN-036711
T310-S8-P4-CLASS-018429	src/mvdm-host/softpc.new/host/src/nt_com.c	381	C4311	'type cast': pointer truncation from 'void *' to 'UINT'	x64	SPC-HOST-COMMS-BINDINGS	must-repair-width-or-pointer-abi	pointer/integer or variadic-width conversion; read the exact original value class and use a same-shaped native-width binding or the mapping manager	T310-S8-P4-WARN-036716
T310-S8-P4-CLASS-018430	src/mvdm-host/softpc.new/host/src/nt_com.c	421	C4305	'type cast': truncation from 'void *' to 'short'	x64,x86	SPC-HOST-COMMS-BINDINGS	read-value-range-and-architecture-delta	narrowing/widening is not automatically a defect; determine guest fixed-width value, private native value, or host identity before selecting original correction, overlay, or mapping-manager boundary	T310-S8-P4-WARN-036717,T310-S8-P4-WARN-036718
T310-S8-P4-CLASS-018431	src/mvdm-host/softpc.new/host/src/nt_com.c	600	C4312	'type cast': conversion from 'int' to 'LPVOID' of greater size	x64	SPC-HOST-COMMS-BINDINGS	must-repair-width-or-pointer-abi	pointer/integer or variadic-width conversion; read the exact original value class and use a same-shaped native-width binding or the mapping manager	T310-S8-P4-WARN-036719
T310-S8-P4-CLASS-018432	src/mvdm-host/softpc.new/host/src/nt_com.c	1060	C4312	'type cast': conversion from 'long' to 'DWORD *' of greater size	x64	SPC-HOST-COMMS-BINDINGS	must-repair-width-or-pointer-abi	pointer/integer or variadic-width conversion; read the exact original value class and use a same-shaped native-width binding or the mapping manager	T310-S8-P4-WARN-036720
T310-S8-P4-CLASS-018434	src/mvdm-host/softpc.new/host/src/nt_com.c	1137	C4312	'type cast': conversion from 'long' to 'long *' of greater size	x64	SPC-HOST-COMMS-BINDINGS	must-repair-width-or-pointer-abi	pointer/integer or variadic-width conversion; read the exact original value class and use a same-shaped native-width binding or the mapping manager	T310-S8-P4-WARN-036723
T310-S8-P4-CLASS-018435	src/mvdm-host/softpc.new/host/src/nt_com.c	1183	C4312	'type cast': conversion from 'long' to 'long *' of greater size	x64	SPC-HOST-COMMS-BINDINGS	must-repair-width-or-pointer-abi	pointer/integer or variadic-width conversion; read the exact original value class and use a same-shaped native-width binding or the mapping manager	T310-S8-P4-WARN-036724
T310-S8-P4-CLASS-018436	src/mvdm-host/softpc.new/host/src/nt_com.c	1413	C4311	'type cast': pointer truncation from 'PVOID' to 'DWORD'	x64	SPC-HOST-COMMS-BINDINGS	must-repair-width-or-pointer-abi	pointer/integer or variadic-width conversion; read the exact original value class and use a same-shaped native-width binding or the mapping manager	T310-S8-P4-WARN-036725
T310-S8-P4-CLASS-018439	src/mvdm-host/softpc.new/host/src/nt_lpt.c	183	C4311	'type cast': pointer truncation from 'void *' to 'int'	x64	SPC-HOST-COMMS-BINDINGS	must-repair-width-or-pointer-abi	pointer/integer or variadic-width conversion; read the exact original value class and use a same-shaped native-width binding or the mapping manager	T310-S8-P4-WARN-036730
T310-S8-P4-CLASS-018444	src/mvdm-host/softpc.new/host/src/config.c	342	C4313	'sprintf': '%x' in format string conflicts with argument 3 of type 'HANDLE'	x64	SPC-HOST-CONFIGURATION-BINDINGS	must-repair-width-or-pointer-abi	pointer/integer or variadic-width conversion; read the exact original value class and use a same-shaped native-width binding or the mapping manager	T310-S8-P4-WARN-036739
T310-S8-P4-CLASS-018445	src/mvdm-host/softpc.new/host/src/config.c	342	C4477	'sprintf' : format string '%lx' requires an argument of type 'unsigned long', but variadic argument 3 has type 'HANDLE'	x64,x86	SPC-HOST-CONFIGURATION-BINDINGS	unclassified-read-source	warning class has no approved general disposition; read original source, declaration and selected caller before any change	T310-S8-P4-WARN-036740,T310-S8-P4-WARN-036742
T310-S8-P4-CLASS-018450	src/mvdm-host/softpc.new/host/src/config.c	621	C4306	'type cast': conversion from 'IS16' to 'void *' of greater size	x64,x86	SPC-HOST-CONFIGURATION-BINDINGS	read-value-range-and-architecture-delta	narrowing/widening is not automatically a defect; determine guest fixed-width value, private native value, or host identity before selecting original correction, overlay, or mapping-manager boundary	T310-S8-P4-WARN-036750,T310-S8-P4-WARN-036751
T310-S8-P4-CLASS-018451	src/mvdm-host/softpc.new/host/src/config.c	625	C4306	'type cast': conversion from 'IS16' to 'void *' of greater size	x64,x86	SPC-HOST-CONFIGURATION-BINDINGS	read-value-range-and-architecture-delta	narrowing/widening is not automatically a defect; determine guest fixed-width value, private native value, or host identity before selecting original correction, overlay, or mapping-manager boundary	T310-S8-P4-WARN-036752,T310-S8-P4-WARN-036753
T310-S8-P4-CLASS-018452	src/mvdm-host/softpc.new/host/src/config.c	629	C4306	'type cast': conversion from 'IS16' to 'void *' of greater size	x64,x86	SPC-HOST-CONFIGURATION-BINDINGS	read-value-range-and-architecture-delta	narrowing/widening is not automatically a defect; determine guest fixed-width value, private native value, or host identity before selecting original correction, overlay, or mapping-manager boundary	T310-S8-P4-WARN-036754,T310-S8-P4-WARN-036755
T310-S8-P4-CLASS-018453	src/mvdm-host/softpc.new/host/src/config.c	633	C4306	'type cast': conversion from 'IS16' to 'void *' of greater size	x64,x86	SPC-HOST-CONFIGURATION-BINDINGS	read-value-range-and-architecture-delta	narrowing/widening is not automatically a defect; determine guest fixed-width value, private native value, or host identity before selecting original correction, overlay, or mapping-manager boundary	T310-S8-P4-WARN-036756,T310-S8-P4-WARN-036757
T310-S8-P4-CLASS-018461	src/mvdm-host/softpc.new/host/src/config.c	675	C4306	'type cast': conversion from 'IS16' to 'void *' of greater size	x64,x86	SPC-HOST-CONFIGURATION-BINDINGS	read-value-range-and-architecture-delta	narrowing/widening is not automatically a defect; determine guest fixed-width value, private native value, or host identity before selecting original correction, overlay, or mapping-manager boundary	T310-S8-P4-WARN-036772,T310-S8-P4-WARN-036773
T310-S8-P4-CLASS-018462	src/mvdm-host/softpc.new/host/src/config.c	678	C4244	'=': conversion from 'int' to 'IS16', possible loss of data	x64,x86	SPC-HOST-CONFIGURATION-BINDINGS	read-value-range-and-architecture-delta	narrowing/widening is not automatically a defect; determine guest fixed-width value, private native value, or host identity before selecting original correction, overlay, or mapping-manager boundary	T310-S8-P4-WARN-036774,T310-S8-P4-WARN-036775
T310-S8-P4-CLASS-018463	src/mvdm-host/softpc.new/host/src/config.c	679	C4306	'type cast': conversion from 'IS16' to 'void *' of greater size	x64,x86	SPC-HOST-CONFIGURATION-BINDINGS	read-value-range-and-architecture-delta	narrowing/widening is not automatically a defect; determine guest fixed-width value, private native value, or host identity before selecting original correction, overlay, or mapping-manager boundary	T310-S8-P4-WARN-036776,T310-S8-P4-WARN-036777
T310-S8-P4-CLASS-018468	src/mvdm-host/softpc.new/host/src/config.c	733	C4306	'type cast': conversion from 'IS16' to 'void *' of greater size	x64,x86	SPC-HOST-CONFIGURATION-BINDINGS	read-value-range-and-architecture-delta	narrowing/widening is not automatically a defect; determine guest fixed-width value, private native value, or host identity before selecting original correction, overlay, or mapping-manager boundary	T310-S8-P4-WARN-036786,T310-S8-P4-WARN-036787
T310-S8-P4-CLASS-018469	src/mvdm-host/softpc.new/host/src/config.c	737	C4306	'type cast': conversion from 'IS16' to 'void *' of greater size	x64,x86	SPC-HOST-CONFIGURATION-BINDINGS	read-value-range-and-architecture-delta	narrowing/widening is not automatically a defect; determine guest fixed-width value, private native value, or host identity before selecting original correction, overlay, or mapping-manager boundary	T310-S8-P4-WARN-036788,T310-S8-P4-WARN-036789
T310-S8-P4-CLASS-018478	src/mvdm-host/softpc.new/host/src/nt_pif.c	309	C4244	'=': conversion from 'int' to 'UCHAR', possible loss of data	x64,x86	SPC-HOST-CONFIGURATION-BINDINGS	read-value-range-and-architecture-delta	narrowing/widening is not automatically a defect; determine guest fixed-width value, private native value, or host identity before selecting original correction, overlay, or mapping-manager boundary	T310-S8-P4-WARN-036806,T310-S8-P4-WARN-036807
T310-S8-P4-CLASS-018482	src/mvdm-host/softpc.new/host/src/nt_keycd.c	474	C4013	'RtlOemToUnicodeN' undefined; assuming extern returning int	x64,x86	SPC-HOST-INPUT-BINDINGS	must-repair-call-abi	undeclared, old-style, or incompatible call/table contract may truncate a pointer or pass the wrong calling convention; reconcile declaration, definition, table slot and selected callers	T310-S8-P4-WARN-036814,T310-S8-P4-WARN-036815
T310-S8-P4-CLASS-018483	src/mvdm-host/softpc.new/host/src/nt_keycd.c	588	C4244	'=': conversion from 'UINT' to 'WORD', possible loss of data	x64,x86	SPC-HOST-INPUT-BINDINGS	read-value-range-and-architecture-delta	narrowing/widening is not automatically a defect; determine guest fixed-width value, private native value, or host identity before selecting original correction, overlay, or mapping-manager boundary	T310-S8-P4-WARN-036816,T310-S8-P4-WARN-036817
T310-S8-P4-CLASS-018484	src/mvdm-host/softpc.new/host/src/nt_keycd.c	595	C4244	'=': conversion from 'UINT' to 'WORD', possible loss of data	x64,x86	SPC-HOST-INPUT-BINDINGS	read-value-range-and-architecture-delta	narrowing/widening is not automatically a defect; determine guest fixed-width value, private native value, or host identity before selecting original correction, overlay, or mapping-manager boundary	T310-S8-P4-WARN-036818,T310-S8-P4-WARN-036819
T310-S8-P4-CLASS-018488	src/mvdm-host/softpc.new/host/src/nt_mouse.c	1093	C4244	'=': conversion from 'int' to 'IS16', possible loss of data	x64,x86	SPC-HOST-INPUT-BINDINGS	read-value-range-and-architecture-delta	narrowing/widening is not automatically a defect; determine guest fixed-width value, private native value, or host identity before selecting original correction, overlay, or mapping-manager boundary	T310-S8-P4-WARN-036826,T310-S8-P4-WARN-036827
T310-S8-P4-CLASS-018489	src/mvdm-host/softpc.new/host/src/nt_mouse.c	1102	C4244	'=': conversion from 'int' to 'IS16', possible loss of data	x64,x86	SPC-HOST-INPUT-BINDINGS	read-value-range-and-architecture-delta	narrowing/widening is not automatically a defect; determine guest fixed-width value, private native value, or host identity before selecting original correction, overlay, or mapping-manager boundary	T310-S8-P4-WARN-036828,T310-S8-P4-WARN-036829
T310-S8-P4-CLASS-018490	src/mvdm-host/softpc.new/host/src/nt_mouse.c	1187	C4244	'=': conversion from 'int' to 'IS16', possible loss of data	x64,x86	SPC-HOST-INPUT-BINDINGS	read-value-range-and-architecture-delta	narrowing/widening is not automatically a defect; determine guest fixed-width value, private native value, or host identity before selecting original correction, overlay, or mapping-manager boundary	T310-S8-P4-WARN-036830,T310-S8-P4-WARN-036831
T310-S8-P4-CLASS-018491	src/mvdm-host/softpc.new/host/src/nt_mouse.c	1188	C4244	'=': conversion from 'int' to 'IS16', possible loss of data	x64,x86	SPC-HOST-INPUT-BINDINGS	read-value-range-and-architecture-delta	narrowing/widening is not automatically a defect; determine guest fixed-width value, private native value, or host identity before selecting original correction, overlay, or mapping-manager boundary	T310-S8-P4-WARN-036832,T310-S8-P4-WARN-036833
T310-S8-P4-CLASS-018492	src/mvdm-host/softpc.new/host/src/nt_mouse.c	1720	C4552	'>>': result of expression not used	x64,x86	SPC-HOST-INPUT-BINDINGS	unclassified-read-source	warning class has no approved general disposition; read original source, declaration and selected caller before any change	T310-S8-P4-WARN-036834,T310-S8-P4-WARN-036835
T310-S8-P4-CLASS-018493	src/mvdm-host/softpc.new/host/src/nt_mouse.c	1855	C4013	'ConsoleMenuControl' undefined; assuming extern returning int	x64,x86	SPC-HOST-INPUT-BINDINGS	must-repair-call-abi	undeclared, old-style, or incompatible call/table contract may truncate a pointer or pass the wrong calling convention; reconcile declaration, definition, table slot and selected callers	T310-S8-P4-WARN-036836,T310-S8-P4-WARN-036838
T310-S8-P4-CLASS-018494	src/mvdm-host/softpc.new/host/src/nt_mouse.c	1855	C4047	'=': 'HMENU' differs in levels of indirection from 'int'	x64,x86	SPC-HOST-INPUT-BINDINGS	must-repair-call-abi	undeclared, old-style, or incompatible call/table contract may truncate a pointer or pass the wrong calling convention; reconcile declaration, definition, table slot and selected callers	T310-S8-P4-WARN-036837,T310-S8-P4-WARN-036839
T310-S8-P4-CLASS-018505	src/mvdm-host/softpc.new/host/src/nt_msscs.c	102	C4431	missing type specifier - int assumed. Note: C no longer supports default-int	x64,x86	SPC-HOST-INPUT-BINDINGS	must-repair-call-abi	undeclared, old-style, or incompatible call/table contract may truncate a pointer or pass the wrong calling convention; reconcile declaration, definition, table slot and selected callers	T310-S8-P4-WARN-036860,T310-S8-P4-WARN-036861
T310-S8-P4-CLASS-018507	src/mvdm-host/softpc.new/host/src/nt_msscs.c	121	C4057	'function': 'IU8 *' differs in indirection to slightly different base types from 'PCHAR'	x64,x86	SPC-HOST-INPUT-BINDINGS	must-repair-call-abi	undeclared, old-style, or incompatible call/table contract may truncate a pointer or pass the wrong calling convention; reconcile declaration, definition, table slot and selected callers	T310-S8-P4-WARN-036864,T310-S8-P4-WARN-036865
T310-S8-P4-CLASS-018508	src/mvdm-host/softpc.new/host/src/nt_msscs.c	163	C4013	'lim_page_frame_init' undefined; assuming extern returning int	x64,x86	SPC-HOST-INPUT-BINDINGS	must-repair-call-abi	undeclared, old-style, or incompatible call/table contract may truncate a pointer or pass the wrong calling convention; reconcile declaration, definition, table slot and selected callers	T310-S8-P4-WARN-036866,T310-S8-P4-WARN-036867
T310-S8-P4-CLASS-018514	src/mvdm-host/softpc.new/host/src/nt_msscs.c	368	C4013	'GetPIFConfigFiles' undefined; assuming extern returning int	x64,x86	SPC-HOST-INPUT-BINDINGS	must-repair-call-abi	undeclared, old-style, or incompatible call/table contract may truncate a pointer or pass the wrong calling convention; reconcile declaration, definition, table slot and selected callers	T310-S8-P4-WARN-036878,T310-S8-P4-WARN-036879
T310-S8-P4-CLASS-018515	src/mvdm-host/softpc.new/host/src/nt_msscs.c	611	C4244	'=': conversion from 'unsigned long' to 'IU16', possible loss of data	x64,x86	SPC-HOST-INPUT-BINDINGS	read-value-range-and-architecture-delta	narrowing/widening is not automatically a defect; determine guest fixed-width value, private native value, or host identity before selecting original correction, overlay, or mapping-manager boundary	T310-S8-P4-WARN-036880,T310-S8-P4-WARN-036881
T310-S8-P4-CLASS-018516	src/mvdm-host/softpc.new/host/src/nt_msscs.c	786	C4311	'type cast': pointer truncation from 'void *' to 'unsigned long'	x64	SPC-HOST-INPUT-BINDINGS	must-repair-width-or-pointer-abi	pointer/integer or variadic-width conversion; read the exact original value class and use a same-shaped native-width binding or the mapping manager	T310-S8-P4-WARN-036882
T310-S8-P4-CLASS-018517	src/mvdm-host/softpc.new/host/src/nt_msscs.c	787	C4311	'type cast': pointer truncation from 'void *' to 'unsigned long'	x64	SPC-HOST-INPUT-BINDINGS	must-repair-width-or-pointer-abi	pointer/integer or variadic-width conversion; read the exact original value class and use a same-shaped native-width binding or the mapping manager	T310-S8-P4-WARN-036883
T310-S8-P4-CLASS-018518	src/mvdm-host/softpc.new/host/src/nt_msscs.c	871	C4311	'type cast': pointer truncation from 'void *' to 'unsigned long'	x64	SPC-HOST-INPUT-BINDINGS	must-repair-width-or-pointer-abi	pointer/integer or variadic-width conversion; read the exact original value class and use a same-shaped native-width binding or the mapping manager	T310-S8-P4-WARN-036884
T310-S8-P4-CLASS-018519	src/mvdm-host/softpc.new/host/src/nt_msscs.c	872	C4311	'type cast': pointer truncation from 'void *' to 'unsigned long'	x64	SPC-HOST-INPUT-BINDINGS	must-repair-width-or-pointer-abi	pointer/integer or variadic-width conversion; read the exact original value class and use a same-shaped native-width binding or the mapping manager	T310-S8-P4-WARN-036885
T310-S8-P4-CLASS-018520	src/mvdm-host/softpc.new/host/src/nt_msscs.c	890	C4312	'type cast': conversion from 'unsigned long' to 'void *' of greater size	x64	SPC-HOST-INPUT-BINDINGS	must-repair-width-or-pointer-abi	pointer/integer or variadic-width conversion; read the exact original value class and use a same-shaped native-width binding or the mapping manager	T310-S8-P4-WARN-036886
T310-S8-P4-CLASS-018521	src/mvdm-host/softpc.new/host/src/nt_msscs.c	924	C4311	'type cast': pointer truncation from 'void *' to 'unsigned long'	x64	SPC-HOST-INPUT-BINDINGS	must-repair-width-or-pointer-abi	pointer/integer or variadic-width conversion; read the exact original value class and use a same-shaped native-width binding or the mapping manager	T310-S8-P4-WARN-036887
T310-S8-P4-CLASS-018522	src/mvdm-host/softpc.new/host/src/nt_msscs.c	925	C4311	'type cast': pointer truncation from 'void *' to 'unsigned long'	x64	SPC-HOST-INPUT-BINDINGS	must-repair-width-or-pointer-abi	pointer/integer or variadic-width conversion; read the exact original value class and use a same-shaped native-width binding or the mapping manager	T310-S8-P4-WARN-036888
T310-S8-P4-CLASS-018523	src/mvdm-host/softpc.new/host/src/nt_msscs.c	932	C4312	'type cast': conversion from 'unsigned long' to 'void *' of greater size	x64	SPC-HOST-INPUT-BINDINGS	must-repair-width-or-pointer-abi	pointer/integer or variadic-width conversion; read the exact original value class and use a same-shaped native-width binding or the mapping manager	T310-S8-P4-WARN-036889
T310-S8-P4-CLASS-018524	src/mvdm-host/softpc.new/host/src/nt_msscs.c	957	C4311	'type cast': pointer truncation from 'void *' to 'unsigned long'	x64	SPC-HOST-INPUT-BINDINGS	must-repair-width-or-pointer-abi	pointer/integer or variadic-width conversion; read the exact original value class and use a same-shaped native-width binding or the mapping manager	T310-S8-P4-WARN-036890
T310-S8-P4-CLASS-018525	src/mvdm-host/softpc.new/host/src/nt_msscs.c	958	C4311	'type cast': pointer truncation from 'void *' to 'unsigned long'	x64	SPC-HOST-INPUT-BINDINGS	must-repair-width-or-pointer-abi	pointer/integer or variadic-width conversion; read the exact original value class and use a same-shaped native-width binding or the mapping manager	T310-S8-P4-WARN-036891
T310-S8-P4-CLASS-018526	src/mvdm-host/softpc.new/host/src/nt_msscs.c	965	C4312	'type cast': conversion from 'unsigned long' to 'void *' of greater size	x64	SPC-HOST-INPUT-BINDINGS	must-repair-width-or-pointer-abi	pointer/integer or variadic-width conversion; read the exact original value class and use a same-shaped native-width binding or the mapping manager	T310-S8-P4-WARN-036892
T310-S8-P4-CLASS-018528	src/mvdm-host/softpc.new/host/src/nt_msscs.c	991	C4311	'type cast': pointer truncation from 'void *' to 'unsigned long'	x64	SPC-HOST-INPUT-BINDINGS	must-repair-width-or-pointer-abi	pointer/integer or variadic-width conversion; read the exact original value class and use a same-shaped native-width binding or the mapping manager	T310-S8-P4-WARN-036895
T310-S8-P4-CLASS-018529	src/mvdm-host/softpc.new/host/src/nt_msscs.c	992	C4311	'type cast': pointer truncation from 'void *' to 'unsigned long'	x64	SPC-HOST-INPUT-BINDINGS	must-repair-width-or-pointer-abi	pointer/integer or variadic-width conversion; read the exact original value class and use a same-shaped native-width binding or the mapping manager	T310-S8-P4-WARN-036896
T310-S8-P4-CLASS-018531	src/mvdm-host/softpc.new/host/src/nt_msscs.c	1013	C4311	'type cast': pointer truncation from 'void *' to 'unsigned long'	x64	SPC-HOST-INPUT-BINDINGS	must-repair-width-or-pointer-abi	pointer/integer or variadic-width conversion; read the exact original value class and use a same-shaped native-width binding or the mapping manager	T310-S8-P4-WARN-036899
T310-S8-P4-CLASS-018532	src/mvdm-host/softpc.new/host/src/nt_msscs.c	1014	C4311	'type cast': pointer truncation from 'void *' to 'unsigned long'	x64	SPC-HOST-INPUT-BINDINGS	must-repair-width-or-pointer-abi	pointer/integer or variadic-width conversion; read the exact original value class and use a same-shaped native-width binding or the mapping manager	T310-S8-P4-WARN-036900
T310-S8-P4-CLASS-018533	src/mvdm-host/softpc.new/host/src/nt_msscs.c	1035	C4311	'type cast': pointer truncation from 'UCHAR *' to 'unsigned long'	x64	SPC-HOST-INPUT-BINDINGS	must-repair-width-or-pointer-abi	pointer/integer or variadic-width conversion; read the exact original value class and use a same-shaped native-width binding or the mapping manager	T310-S8-P4-WARN-036901
T310-S8-P4-CLASS-018534	src/mvdm-host/softpc.new/host/src/nt_msscs.c	1042	C4312	'type cast': conversion from 'unsigned long' to 'void *' of greater size	x64	SPC-HOST-INPUT-BINDINGS	must-repair-width-or-pointer-abi	pointer/integer or variadic-width conversion; read the exact original value class and use a same-shaped native-width binding or the mapping manager	T310-S8-P4-WARN-036902
T310-S8-P4-CLASS-018537	src/mvdm-host/softpc.new/host/src/nt_sound.c	68	C4131	'host_alarm': uses old-style declarator	x64,x86	SPC-HOST-INPUT-BINDINGS	must-read-old-style-call-contract	K&R declaration may hide a modern parameter/return ABI mismatch; compare the selected declaration and callers before deciding whether it is a harmless source-style warning	T310-S8-P4-WARN-036906,T310-S8-P4-WARN-036908
T310-S8-P4-CLASS-018538	src/mvdm-host/softpc.new/host/src/nt_sound.c	81	C4131	'host_ring_bell': uses old-style declarator	x64,x86	SPC-HOST-INPUT-BINDINGS	must-read-old-style-call-contract	K&R declaration may hide a modern parameter/return ABI mismatch; compare the selected declaration and callers before deciding whether it is a harmless source-style warning	T310-S8-P4-WARN-036909,T310-S8-P4-WARN-036910
T310-S8-P4-CLASS-018539	src/mvdm-host/softpc.new/host/src/nt_sound.c	96	C4013	'host_ica_lock' undefined; assuming extern returning int	x64,x86	SPC-HOST-INPUT-BINDINGS	must-repair-call-abi	undeclared, old-style, or incompatible call/table contract may truncate a pointer or pass the wrong calling convention; reconcile declaration, definition, table slot and selected callers	T310-S8-P4-WARN-036911,T310-S8-P4-WARN-036912
T310-S8-P4-CLASS-018540	src/mvdm-host/softpc.new/host/src/nt_sound.c	102	C4013	'host_ica_unlock' undefined; assuming extern returning int	x64,x86	SPC-HOST-INPUT-BINDINGS	must-repair-call-abi	undeclared, old-style, or incompatible call/table contract may truncate a pointer or pass the wrong calling convention; reconcile declaration, definition, table slot and selected callers	T310-S8-P4-WARN-036913,T310-S8-P4-WARN-036914
T310-S8-P4-CLASS-018541	src/mvdm-host/softpc.new/host/src/nt_sound.c	127	C4133	'function': incompatible types - from 'OPENNT_IO_STATUS_BLOCK *' to 'PIO_STATUS_BLOCK'	x64,x86	SPC-HOST-INPUT-BINDINGS	must-repair-call-abi	undeclared, old-style, or incompatible call/table contract may truncate a pointer or pass the wrong calling convention; reconcile declaration, definition, table slot and selected callers	T310-S8-P4-WARN-036915,T310-S8-P4-WARN-036916
T310-S8-P4-CLASS-018551	src/mvdm-host/softpc.new/host/inc/nt_event.h	58	C4431	missing type specifier - int assumed. Note: C no longer supports default-int	x64,x86	SPC-HOST-PLATFORM-BINDINGS	must-repair-call-abi	undeclared, old-style, or incompatible call/table contract may truncate a pointer or pass the wrong calling convention; reconcile declaration, definition, table slot and selected callers	T310-S8-P4-WARN-036935,T310-S8-P4-WARN-036936
T310-S8-P4-CLASS-018552	src/mvdm-host/softpc.new/host/src/copy_fnc.c	56	C4244	'=': conversion from '__int64' to 'unsigned int', possible loss of data	x64	SPC-HOST-PLATFORM-BINDINGS	must-read-x64-narrowing	narrowing/widening is not automatically a defect; determine guest fixed-width value, private native value, or host identity before selecting original correction, overlay, or mapping-manager boundary	T310-S8-P4-WARN-036937
T310-S8-P4-CLASS-018553	src/mvdm-host/softpc.new/host/src/copy_fnc.c	94	C4311	'type cast': pointer truncation from 'unsigned char *' to 'unsigned int'	x64	SPC-HOST-PLATFORM-BINDINGS	must-repair-width-or-pointer-abi	pointer/integer or variadic-width conversion; read the exact original value class and use a same-shaped native-width binding or the mapping manager	T310-S8-P4-WARN-036938
T310-S8-P4-CLASS-018554	src/mvdm-host/softpc.new/host/src/copy_fnc.c	94	C4312	'type cast': conversion from 'unsigned int' to 'unsigned int *' of greater size	x64	SPC-HOST-PLATFORM-BINDINGS	must-repair-width-or-pointer-abi	pointer/integer or variadic-width conversion; read the exact original value class and use a same-shaped native-width binding or the mapping manager	T310-S8-P4-WARN-036939
T310-S8-P4-CLASS-018555	src/mvdm-host/softpc.new/host/src/copy_fnc.c	95	C4311	'type cast': pointer truncation from 'unsigned char *' to 'unsigned int'	x64	SPC-HOST-PLATFORM-BINDINGS	must-repair-width-or-pointer-abi	pointer/integer or variadic-width conversion; read the exact original value class and use a same-shaped native-width binding or the mapping manager	T310-S8-P4-WARN-036940
T310-S8-P4-CLASS-018556	src/mvdm-host/softpc.new/host/src/copy_fnc.c	95	C4312	'type cast': conversion from 'unsigned int' to 'unsigned int *' of greater size	x64	SPC-HOST-PLATFORM-BINDINGS	must-repair-width-or-pointer-abi	pointer/integer or variadic-width conversion; read the exact original value class and use a same-shaped native-width binding or the mapping manager	T310-S8-P4-WARN-036941
T310-S8-P4-CLASS-018557	src/mvdm-host/softpc.new/host/src/copy_fnc.c	119	C4244	'=': conversion from '__int64' to 'unsigned int', possible loss of data	x64	SPC-HOST-PLATFORM-BINDINGS	must-read-x64-narrowing	narrowing/widening is not automatically a defect; determine guest fixed-width value, private native value, or host identity before selecting original correction, overlay, or mapping-manager boundary	T310-S8-P4-WARN-036942
T310-S8-P4-CLASS-018558	src/mvdm-host/softpc.new/host/src/copy_fnc.c	120	C4013	'RtlFillMemoryUlong' undefined; assuming extern returning int	x64,x86	SPC-HOST-PLATFORM-BINDINGS	must-repair-call-abi	undeclared, old-style, or incompatible call/table contract may truncate a pointer or pass the wrong calling convention; reconcile declaration, definition, table slot and selected callers	T310-S8-P4-WARN-036943,T310-S8-P4-WARN-036944
T310-S8-P4-CLASS-018566	src/mvdm-host/softpc.new/host/src/fprt.c	201	C4267	'=': conversion from 'size_t' to 'int', possible loss of data	x64	SPC-HOST-PLATFORM-BINDINGS	must-read-x64-narrowing	narrowing/widening is not automatically a defect; determine guest fixed-width value, private native value, or host identity before selecting original correction, overlay, or mapping-manager boundary	T310-S8-P4-WARN-036959
T310-S8-P4-CLASS-018569	src/mvdm-host/softpc.new/host/src/fprt.c	225	C4311	'type cast': pointer truncation from 'const void *' to 'DWORD'	x64	SPC-HOST-PLATFORM-BINDINGS	must-repair-width-or-pointer-abi	pointer/integer or variadic-width conversion; read the exact original value class and use a same-shaped native-width binding or the mapping manager	T310-S8-P4-WARN-036964
T310-S8-P4-CLASS-018570	src/mvdm-host/softpc.new/host/src/fprt.c	225	C4312	'type cast': conversion from 'DWORD' to 'char *' of greater size	x64	SPC-HOST-PLATFORM-BINDINGS	must-repair-width-or-pointer-abi	pointer/integer or variadic-width conversion; read the exact original value class and use a same-shaped native-width binding or the mapping manager	T310-S8-P4-WARN-036965
T310-S8-P4-CLASS-018571	src/mvdm-host/softpc.new/host/src/nt_det.c	168	C4013	'RegisterConsoleVDM' undefined; assuming extern returning int	x64,x86	SPC-HOST-PLATFORM-BINDINGS	must-repair-call-abi	undeclared, old-style, or incompatible call/table contract may truncate a pointer or pass the wrong calling convention; reconcile declaration, definition, table slot and selected callers	T310-S8-P4-WARN-036966,T310-S8-P4-WARN-036967
T310-S8-P4-CLASS-018583	src/mvdm-host/softpc.new/host/src/nt_error.c	236	C4311	'type cast': pointer truncation from 'LPVOID' to 'DWORD'	x64	SPC-HOST-PLATFORM-BINDINGS	must-repair-width-or-pointer-abi	pointer/integer or variadic-width conversion; read the exact original value class and use a same-shaped native-width binding or the mapping manager	T310-S8-P4-WARN-036990
T310-S8-P4-CLASS-018584	src/mvdm-host/softpc.new/host/src/nt_error.c	242	C4312	'type cast': conversion from 'DWORD' to 'LPVOID' of greater size	x64	SPC-HOST-PLATFORM-BINDINGS	must-repair-width-or-pointer-abi	pointer/integer or variadic-width conversion; read the exact original value class and use a same-shaped native-width binding or the mapping manager	T310-S8-P4-WARN-036991
T310-S8-P4-CLASS-018593	src/mvdm-host/softpc.new/host/src/nt_error.c	504	C4311	'type cast': pointer truncation from 'HWND' to 'DWORD'	x64	SPC-HOST-PLATFORM-BINDINGS	must-repair-width-or-pointer-abi	pointer/integer or variadic-width conversion; read the exact original value class and use a same-shaped native-width binding or the mapping manager	T310-S8-P4-WARN-037008
T310-S8-P4-CLASS-018594	src/mvdm-host/softpc.new/host/src/nt_error.c	548	C4312	'type cast': conversion from 'DWORD' to 'HWND' of greater size	x64	SPC-HOST-PLATFORM-BINDINGS	must-repair-width-or-pointer-abi	pointer/integer or variadic-width conversion; read the exact original value class and use a same-shaped native-width binding or the mapping manager	T310-S8-P4-WARN-037009
T310-S8-P4-CLASS-018595	src/mvdm-host/softpc.new/host/src/nt_error.c	550	C4312	'type cast': conversion from 'DWORD' to 'HWND' of greater size	x64	SPC-HOST-PLATFORM-BINDINGS	must-repair-width-or-pointer-abi	pointer/integer or variadic-width conversion; read the exact original value class and use a same-shaped native-width binding or the mapping manager	T310-S8-P4-WARN-037010
T310-S8-P4-CLASS-018596	src/mvdm-host/softpc.new/host/src/nt_error.c	688	C4244	'=': conversion from 'INT_PTR' to 'int', possible loss of data	x64	SPC-HOST-PLATFORM-BINDINGS	must-read-x64-narrowing	narrowing/widening is not automatically a defect; determine guest fixed-width value, private native value, or host identity before selecting original correction, overlay, or mapping-manager boundary	T310-S8-P4-WARN-037011
T310-S8-P4-CLASS-018597	src/mvdm-host/softpc.new/host/src/nt_error.c	727	C4312	'type cast': conversion from 'long' to 'PERRORDIALOGINFO' of greater size	x64	SPC-HOST-PLATFORM-BINDINGS	must-repair-width-or-pointer-abi	pointer/integer or variadic-width conversion; read the exact original value class and use a same-shaped native-width binding or the mapping manager	T310-S8-P4-WARN-037012
T310-S8-P4-CLASS-018599	src/mvdm-host/softpc.new/host/src/nt_error.c	813	C4244	'=': conversion from 'LRESULT' to 'long', possible loss of data	x64	SPC-HOST-PLATFORM-BINDINGS	must-read-x64-narrowing	narrowing/widening is not automatically a defect; determine guest fixed-width value, private native value, or host identity before selecting original correction, overlay, or mapping-manager boundary	T310-S8-P4-WARN-037015
T310-S8-P4-CLASS-018604	src/mvdm-host/softpc.new/host/src/nt_error.c	1105	C4311	'type cast': pointer truncation from 'UNICODE_STRING *' to 'unsigned long'	x64	SPC-HOST-PLATFORM-BINDINGS	must-repair-width-or-pointer-abi	pointer/integer or variadic-width conversion; read the exact original value class and use a same-shaped native-width binding or the mapping manager	T310-S8-P4-WARN-037024
T310-S8-P4-CLASS-018605	src/mvdm-host/softpc.new/host/src/nt_error.c	1106	C4311	'type cast': pointer truncation from 'UNICODE_STRING *' to 'unsigned long'	x64	SPC-HOST-PLATFORM-BINDINGS	must-repair-width-or-pointer-abi	pointer/integer or variadic-width conversion; read the exact original value class and use a same-shaped native-width binding or the mapping manager	T310-S8-P4-WARN-037025
T310-S8-P4-CLASS-018606	src/mvdm-host/softpc.new/host/src/nt_error.c	1113	C4013	'NtRaiseHardError' undefined; assuming extern returning int	x64,x86	SPC-HOST-PLATFORM-BINDINGS	must-repair-call-abi	undeclared, old-style, or incompatible call/table contract may truncate a pointer or pass the wrong calling convention; reconcile declaration, definition, table slot and selected callers	T310-S8-P4-WARN-037026,T310-S8-P4-WARN-037027
T310-S8-P4-CLASS-018609	src/mvdm-host/softpc.new/host/src/nt_event.c	110	C4431	missing type specifier - int assumed. Note: C no longer supports default-int	x64,x86	SPC-HOST-PLATFORM-BINDINGS	must-repair-call-abi	undeclared, old-style, or incompatible call/table contract may truncate a pointer or pass the wrong calling convention; reconcile declaration, definition, table slot and selected callers	T310-S8-P4-WARN-037032,T310-S8-P4-WARN-037033
T310-S8-P4-CLASS-018612	src/mvdm-host/softpc.new/host/src/nt_event.c	363	C4013	'NtWaitForMultipleObjects' undefined; assuming extern returning int	x64,x86	SPC-HOST-PLATFORM-BINDINGS	must-repair-call-abi	undeclared, old-style, or incompatible call/table contract may truncate a pointer or pass the wrong calling convention; reconcile declaration, definition, table slot and selected callers	T310-S8-P4-WARN-037038,T310-S8-P4-WARN-037039
T310-S8-P4-CLASS-018613	src/mvdm-host/softpc.new/host/src/nt_event.c	526	C4244	'initializing': conversion from '__int64' to 'int', possible loss of data	x64	SPC-HOST-PLATFORM-BINDINGS	must-read-x64-narrowing	narrowing/widening is not automatically a defect; determine guest fixed-width value, private native value, or host identity before selecting original correction, overlay, or mapping-manager boundary	T310-S8-P4-WARN-037040
T310-S8-P4-CLASS-018614	src/mvdm-host/softpc.new/host/src/nt_event.c	1597	C4133	'function': incompatible types - from 'OPENNT_IO_STATUS_BLOCK *' to 'PIO_STATUS_BLOCK'	x64,x86	SPC-HOST-PLATFORM-BINDINGS	must-repair-call-abi	undeclared, old-style, or incompatible call/table contract may truncate a pointer or pass the wrong calling convention; reconcile declaration, definition, table slot and selected callers	T310-S8-P4-WARN-037041,T310-S8-P4-WARN-037042
T310-S8-P4-CLASS-018615	src/mvdm-host/softpc.new/host/src/nt_event.c	1717	C4213	nonstandard extension used: cast on l-value	x64,x86	SPC-HOST-PLATFORM-BINDINGS	unclassified-read-source	warning class has no approved general disposition; read original source, declaration and selected caller before any change	T310-S8-P4-WARN-037043,T310-S8-P4-WARN-037044
T310-S8-P4-CLASS-018616	src/mvdm-host/softpc.new/host/src/nt_fulsc.c	127	C4431	missing type specifier - int assumed. Note: C no longer supports default-int	x64,x86	SPC-HOST-PLATFORM-BINDINGS	must-repair-call-abi	undeclared, old-style, or incompatible call/table contract may truncate a pointer or pass the wrong calling convention; reconcile declaration, definition, table slot and selected callers	T310-S8-P4-WARN-037045,T310-S8-P4-WARN-037046
T310-S8-P4-CLASS-018617	src/mvdm-host/softpc.new/host/src/nt_fulsc.c	196	C4244	'-=': conversion from 'int' to 'SHORT', possible loss of data	x64,x86	SPC-HOST-PLATFORM-BINDINGS	read-value-range-and-architecture-delta	narrowing/widening is not automatically a defect; determine guest fixed-width value, private native value, or host identity before selecting original correction, overlay, or mapping-manager boundary	T310-S8-P4-WARN-037047,T310-S8-P4-WARN-037048
T310-S8-P4-CLASS-018619	src/mvdm-host/softpc.new/host/src/nt_fulsc.c	1556	C4013	'RegisterConsoleVDM' undefined; assuming extern returning int	x64,x86	SPC-HOST-PLATFORM-BINDINGS	must-repair-call-abi	undeclared, old-style, or incompatible call/table contract may truncate a pointer or pass the wrong calling convention; reconcile declaration, definition, table slot and selected callers	T310-S8-P4-WARN-037051,T310-S8-P4-WARN-037052
T310-S8-P4-CLASS-018620	src/mvdm-host/softpc.new/host/src/nt_fulsc.c	1937	C4244	'=': conversion from 'int' to 'SHORT', possible loss of data	x64,x86	SPC-HOST-PLATFORM-BINDINGS	read-value-range-and-architecture-delta	narrowing/widening is not automatically a defect; determine guest fixed-width value, private native value, or host identity before selecting original correction, overlay, or mapping-manager boundary	T310-S8-P4-WARN-037053,T310-S8-P4-WARN-037054
T310-S8-P4-CLASS-018621	src/mvdm-host/softpc.new/host/src/nt_fulsc.c	2404	C4244	'-=': conversion from 'int' to 'SHORT', possible loss of data	x64,x86	SPC-HOST-PLATFORM-BINDINGS	read-value-range-and-architecture-delta	narrowing/widening is not automatically a defect; determine guest fixed-width value, private native value, or host identity before selecting original correction, overlay, or mapping-manager boundary	T310-S8-P4-WARN-037055,T310-S8-P4-WARN-037056
T310-S8-P4-CLASS-018623	src/mvdm-host/softpc.new/host/src/nt_ntfun.c	365	C4013	'NtWaitForMultipleObjects' undefined; assuming extern returning int	x64,x86	SPC-HOST-PLATFORM-BINDINGS	must-repair-call-abi	undeclared, old-style, or incompatible call/table contract may truncate a pointer or pass the wrong calling convention; reconcile declaration, definition, table slot and selected callers	T310-S8-P4-WARN-037059,T310-S8-P4-WARN-037060
T310-S8-P4-CLASS-018625	src/mvdm-host/softpc.new/host/src/nt_rez.c	99	C4131	'host_write_resource': uses old-style declarator	x64,x86	SPC-HOST-PLATFORM-BINDINGS	must-read-old-style-call-contract	K&R declaration may hide a modern parameter/return ABI mismatch; compare the selected declaration and callers before deciding whether it is a harmless source-style warning	T310-S8-P4-WARN-037063,T310-S8-P4-WARN-037064
T310-S8-P4-CLASS-018629	src/mvdm-host/softpc.new/host/src/nt_sec.c	67	C4013	'NtFreeVirtualMemory' undefined; assuming extern returning int	x64,x86	SPC-HOST-PLATFORM-BINDINGS	must-repair-call-abi	undeclared, old-style, or incompatible call/table contract may truncate a pointer or pass the wrong calling convention; reconcile declaration, definition, table slot and selected callers	T310-S8-P4-WARN-037071,T310-S8-P4-WARN-037072
T310-S8-P4-CLASS-018630	src/mvdm-host/softpc.new/host/src/nt_sec.c	101	C4311	'type cast': pointer truncation from 'HANDLE' to 'DWORD'	x64	SPC-HOST-PLATFORM-BINDINGS	must-repair-width-or-pointer-abi	pointer/integer or variadic-width conversion; read the exact original value class and use a same-shaped native-width binding or the mapping manager	T310-S8-P4-WARN-037073
T310-S8-P4-CLASS-018631	src/mvdm-host/softpc.new/host/src/nt_sec.c	103	C4013	'NtAllocateVirtualMemory' undefined; assuming extern returning int	x64,x86	SPC-HOST-PLATFORM-BINDINGS	must-repair-call-abi	undeclared, old-style, or incompatible call/table contract may truncate a pointer or pass the wrong calling convention; reconcile declaration, definition, table slot and selected callers	T310-S8-P4-WARN-037074,T310-S8-P4-WARN-037075
T310-S8-P4-CLASS-018632	src/mvdm-host/softpc.new/host/src/nt_thred.c	95	C4013	'ccpu386newthread' undefined; assuming extern returning int	x64,x86	SPC-HOST-PLATFORM-BINDINGS	must-repair-call-abi	undeclared, old-style, or incompatible call/table contract may truncate a pointer or pass the wrong calling convention; reconcile declaration, definition, table slot and selected callers	T310-S8-P4-WARN-037076,T310-S8-P4-WARN-037077
T310-S8-P4-CLASS-018633	src/mvdm-host/softpc.new/host/src/nt_thred.c	155	C4013	'ccpu386exitthread' undefined; assuming extern returning int	x64,x86	SPC-HOST-PLATFORM-BINDINGS	must-repair-call-abi	undeclared, old-style, or incompatible call/table contract may truncate a pointer or pass the wrong calling convention; reconcile declaration, definition, table slot and selected callers	T310-S8-P4-WARN-037078,T310-S8-P4-WARN-037079
T310-S8-P4-CLASS-018634	src/mvdm-host/softpc.new/host/src/nt_unix.c	60	C4131	'host_get_system_error': uses old-style declarator	x64,x86	SPC-HOST-PLATFORM-BINDINGS	must-read-old-style-call-contract	K&R declaration may hide a modern parameter/return ABI mismatch; compare the selected declaration and callers before deciding whether it is a harmless source-style warning	T310-S8-P4-WARN-037080,T310-S8-P4-WARN-037081
T310-S8-P4-CLASS-018636	src/mvdm-host/softpc.new/host/src/nt_unix.c	74	C4057	'function': 'char *const ' differs in indirection to slightly different base types from 'BYTE [256]'	x64,x86	SPC-HOST-PLATFORM-BINDINGS	must-repair-call-abi	undeclared, old-style, or incompatible call/table contract may truncate a pointer or pass the wrong calling convention; reconcile declaration, definition, table slot and selected callers	T310-S8-P4-WARN-037084,T310-S8-P4-WARN-037086
T310-S8-P4-CLASS-018638	src/mvdm-host/softpc.new/host/src/nt_unix.c	76	C4057	'return': 'LPSTR' differs in indirection to slightly different base types from 'BYTE [256]'	x64,x86	SPC-HOST-PLATFORM-BINDINGS	must-repair-call-abi	undeclared, old-style, or incompatible call/table contract may truncate a pointer or pass the wrong calling convention; reconcile declaration, definition, table slot and selected callers	T310-S8-P4-WARN-037088,T310-S8-P4-WARN-037089
T310-S8-P4-CLASS-018639	src/mvdm-host/softpc.new/host/src/nt_unix.c	306	C4131	'host_memset': uses old-style declarator	x64,x86	SPC-HOST-PLATFORM-BINDINGS	must-read-old-style-call-contract	K&R declaration may hide a modern parameter/return ABI mismatch; compare the selected declaration and callers before deciding whether it is a harmless source-style warning	T310-S8-P4-WARN-037090,T310-S8-P4-WARN-037091
T310-S8-P4-CLASS-018641	src/mvdm-host/softpc.new/host/src/nt_unix.c	347	C4131	'host_time': uses old-style declarator	x64,x86	SPC-HOST-PLATFORM-BINDINGS	must-read-old-style-call-contract	K&R declaration may hide a modern parameter/return ABI mismatch; compare the selected declaration and callers before deciding whether it is a harmless source-style warning	T310-S8-P4-WARN-037093,T310-S8-P4-WARN-037095
T310-S8-P4-CLASS-018643	src/mvdm-host/softpc.new/host/src/nt_unix.c	357	C4131	'host_file_is_char_dev': uses old-style declarator	x64,x86	SPC-HOST-PLATFORM-BINDINGS	must-read-old-style-call-contract	K&R declaration may hide a modern parameter/return ABI mismatch; compare the selected declaration and callers before deciding whether it is a harmless source-style warning	T310-S8-P4-WARN-037097,T310-S8-P4-WARN-037099
T310-S8-P4-CLASS-018644	src/mvdm-host/softpc.new/host/src/nt_unix.c	369	C4131	'host_find_file': uses old-style declarator	x64,x86	SPC-HOST-PLATFORM-BINDINGS	must-read-old-style-call-contract	K&R declaration may hide a modern parameter/return ABI mismatch; compare the selected declaration and callers before deciding whether it is a harmless source-style warning	T310-S8-P4-WARN-037100,T310-S8-P4-WARN-037101
T310-S8-P4-CLASS-018645	src/mvdm-host/softpc.new/host/src/stubs.c	44	C4131	'log1p': uses old-style declarator	x64,x86	SPC-HOST-PLATFORM-BINDINGS	must-read-old-style-call-contract	K&R declaration may hide a modern parameter/return ABI mismatch; compare the selected declaration and callers before deciding whether it is a harmless source-style warning	T310-S8-P4-WARN-037102,T310-S8-P4-WARN-037103
T310-S8-P4-CLASS-018647	src/mvdm-host/softpc.new/host/src/stubs.c	273	C4431	missing type specifier - int assumed. Note: C no longer supports default-int	x64,x86	SPC-HOST-PLATFORM-BINDINGS	must-repair-call-abi	undeclared, old-style, or incompatible call/table contract may truncate a pointer or pass the wrong calling convention; reconcile declaration, definition, table slot and selected callers	T310-S8-P4-WARN-037106,T310-S8-P4-WARN-037107
T310-S8-P4-CLASS-018648	src/mvdm-host/softpc.new/host/src/stubs.c	282	C4431	missing type specifier - int assumed. Note: C no longer supports default-int	x64,x86	SPC-HOST-PLATFORM-BINDINGS	must-repair-call-abi	undeclared, old-style, or incompatible call/table contract may truncate a pointer or pass the wrong calling convention; reconcile declaration, definition, table slot and selected callers	T310-S8-P4-WARN-037108,T310-S8-P4-WARN-037109
T310-S8-P4-CLASS-018650	src/mvdm-host/softpc.new/host/src/stubs.c	288	C4431	missing type specifier - int assumed. Note: C no longer supports default-int	x64,x86	SPC-HOST-PLATFORM-BINDINGS	must-repair-call-abi	undeclared, old-style, or incompatible call/table contract may truncate a pointer or pass the wrong calling convention; reconcile declaration, definition, table slot and selected callers	T310-S8-P4-WARN-037111,T310-S8-P4-WARN-037113
T310-S8-P4-CLASS-018652	src/mvdm-host/softpc.new/host/src/stubs.c	294	C4431	missing type specifier - int assumed. Note: C no longer supports default-int	x64,x86	SPC-HOST-PLATFORM-BINDINGS	must-repair-call-abi	undeclared, old-style, or incompatible call/table contract may truncate a pointer or pass the wrong calling convention; reconcile declaration, definition, table slot and selected callers	T310-S8-P4-WARN-037115,T310-S8-P4-WARN-037117
T310-S8-P4-CLASS-018655	src/mvdm-host/softpc.new/host/src/stubs.c	306	C4431	missing type specifier - int assumed. Note: C no longer supports default-int	x64,x86	SPC-HOST-PLATFORM-BINDINGS	must-repair-call-abi	undeclared, old-style, or incompatible call/table contract may truncate a pointer or pass the wrong calling convention; reconcile declaration, definition, table slot and selected callers	T310-S8-P4-WARN-037122,T310-S8-P4-WARN-037123
T310-S8-P4-CLASS-018658	src/mvdm-host/softpc.new/host/src/stubs.c	312	C4431	missing type specifier - int assumed. Note: C no longer supports default-int	x64,x86	SPC-HOST-PLATFORM-BINDINGS	must-repair-call-abi	undeclared, old-style, or incompatible call/table contract may truncate a pointer or pass the wrong calling convention; reconcile declaration, definition, table slot and selected callers	T310-S8-P4-WARN-037126,T310-S8-P4-WARN-037129
T310-S8-P4-CLASS-018659	src/mvdm-host/softpc.new/host/src/stubs.c	317	C4431	missing type specifier - int assumed. Note: C no longer supports default-int	x64,x86	SPC-HOST-PLATFORM-BINDINGS	must-repair-call-abi	undeclared, old-style, or incompatible call/table contract may truncate a pointer or pass the wrong calling convention; reconcile declaration, definition, table slot and selected callers	T310-S8-P4-WARN-037130,T310-S8-P4-WARN-037131
T310-S8-P4-CLASS-018660	src/mvdm-host/softpc.new/host/src/stubs.c	322	C4431	missing type specifier - int assumed. Note: C no longer supports default-int	x64,x86	SPC-HOST-PLATFORM-BINDINGS	must-repair-call-abi	undeclared, old-style, or incompatible call/table contract may truncate a pointer or pass the wrong calling convention; reconcile declaration, definition, table slot and selected callers	T310-S8-P4-WARN-037132,T310-S8-P4-WARN-037133
T310-S8-P4-CLASS-018661	src/mvdm-host/softpc.new/host/src/stubs.c	344	C4131	'sas_manage_xms': uses old-style declarator	x64,x86	SPC-HOST-PLATFORM-BINDINGS	must-read-old-style-call-contract	K&R declaration may hide a modern parameter/return ABI mismatch; compare the selected declaration and callers before deciding whether it is a harmless source-style warning	T310-S8-P4-WARN-037134,T310-S8-P4-WARN-037135
T310-S8-P4-CLASS-018662	src/mvdm-host/softpc.new/host/src/stubs.c	346	C4313	'printf': '%x' in format string conflicts with argument 1 of type 'void *'	x64	SPC-HOST-PLATFORM-BINDINGS	must-repair-width-or-pointer-abi	pointer/integer or variadic-width conversion; read the exact original value class and use a same-shaped native-width binding or the mapping manager	T310-S8-P4-WARN-037136
T310-S8-P4-CLASS-018663	src/mvdm-host/softpc.new/host/src/stubs.c	346	C4477	'printf' : format string '%lx' requires an argument of type 'unsigned long', but variadic argument 1 has type 'void *'	x64,x86	SPC-HOST-PLATFORM-BINDINGS	unclassified-read-source	warning class has no approved general disposition; read original source, declaration and selected caller before any change	T310-S8-P4-WARN-037137,T310-S8-P4-WARN-037138
T310-S8-P4-CLASS-018664	src/mvdm-host/softpc.new/host/src/stubs.c	351	C4131	'sas_loadw': uses old-style declarator	x64,x86	SPC-HOST-PLATFORM-BINDINGS	must-read-old-style-call-contract	K&R declaration may hide a modern parameter/return ABI mismatch; compare the selected declaration and callers before deciding whether it is a harmless source-style warning	T310-S8-P4-WARN-037139,T310-S8-P4-WARN-037140
T310-S8-P4-CLASS-018665	src/mvdm-host/softpc.new/host/src/stubs.c	402	C4431	missing type specifier - int assumed. Note: C no longer supports default-int	x64,x86	SPC-HOST-PLATFORM-BINDINGS	must-repair-call-abi	undeclared, old-style, or incompatible call/table contract may truncate a pointer or pass the wrong calling convention; reconcile declaration, definition, table slot and selected callers	T310-S8-P4-WARN-037141,T310-S8-P4-WARN-037142
T310-S8-P4-CLASS-018666	src/mvdm-host/softpc.new/host/src/stubs.c	436	C4431	missing type specifier - int assumed. Note: C no longer supports default-int	x64,x86	SPC-HOST-PLATFORM-BINDINGS	must-repair-call-abi	undeclared, old-style, or incompatible call/table contract may truncate a pointer or pass the wrong calling convention; reconcile declaration, definition, table slot and selected callers	T310-S8-P4-WARN-037143,T310-S8-P4-WARN-037144
T310-S8-P4-CLASS-018667	src/mvdm-host/softpc.new/host/src/stubs.c	442	C4431	missing type specifier - int assumed. Note: C no longer supports default-int	x64,x86	SPC-HOST-PLATFORM-BINDINGS	must-repair-call-abi	undeclared, old-style, or incompatible call/table contract may truncate a pointer or pass the wrong calling convention; reconcile declaration, definition, table slot and selected callers	T310-S8-P4-WARN-037145,T310-S8-P4-WARN-037146
T310-S8-P4-CLASS-018668	src/mvdm-host/softpc.new/host/src/stubs.c	463	C4431	missing type specifier - int assumed. Note: C no longer supports default-int	x64,x86	SPC-HOST-PLATFORM-BINDINGS	must-repair-call-abi	undeclared, old-style, or incompatible call/table contract may truncate a pointer or pass the wrong calling convention; reconcile declaration, definition, table slot and selected callers	T310-S8-P4-WARN-037147,T310-S8-P4-WARN-037148
T310-S8-P4-CLASS-018669	src/mvdm-host/softpc.new/host/src/stubs.c	469	C4431	missing type specifier - int assumed. Note: C no longer supports default-int	x64,x86	SPC-HOST-PLATFORM-BINDINGS	must-repair-call-abi	undeclared, old-style, or incompatible call/table contract may truncate a pointer or pass the wrong calling convention; reconcile declaration, definition, table slot and selected callers	T310-S8-P4-WARN-037149,T310-S8-P4-WARN-037150
T310-S8-P4-CLASS-018670	src/mvdm-host/softpc.new/host/src/stubs.c	475	C4431	missing type specifier - int assumed. Note: C no longer supports default-int	x64,x86	SPC-HOST-PLATFORM-BINDINGS	must-repair-call-abi	undeclared, old-style, or incompatible call/table contract may truncate a pointer or pass the wrong calling convention; reconcile declaration, definition, table slot and selected callers	T310-S8-P4-WARN-037151,T310-S8-P4-WARN-037152
T310-S8-P4-CLASS-018673	src/mvdm-host/softpc.new/host/src/stubs.c	517	C4131	'host_speed': uses old-style declarator	x64,x86	SPC-HOST-PLATFORM-BINDINGS	must-read-old-style-call-contract	K&R declaration may hide a modern parameter/return ABI mismatch; compare the selected declaration and callers before deciding whether it is a harmless source-style warning	T310-S8-P4-WARN-037156,T310-S8-P4-WARN-037158
T310-S8-P4-CLASS-018674	src/mvdm-host/softpc.new/host/src/stubs.c	525	C4431	missing type specifier - int assumed. Note: C no longer supports default-int	x64,x86	SPC-HOST-PLATFORM-BINDINGS	must-repair-call-abi	undeclared, old-style, or incompatible call/table contract may truncate a pointer or pass the wrong calling convention; reconcile declaration, definition, table slot and selected callers	T310-S8-P4-WARN-037159,T310-S8-P4-WARN-037160
T310-S8-P4-CLASS-018685	src/mvdm-host/softpc.new/host/src/nt_fdisk.c	151	C4131	'host_fdisk_seek0': uses old-style declarator	x64,x86	SPC-HOST-STORAGE-BINDINGS	must-read-old-style-call-contract	K&R declaration may hide a modern parameter/return ABI mismatch; compare the selected declaration and callers before deciding whether it is a harmless source-style warning	T310-S8-P4-WARN-037180,T310-S8-P4-WARN-037182
T310-S8-P4-CLASS-018696	src/mvdm-host/softpc.new/host/src/nt_fdisk.c	550	C4244	'=': conversion from 'UINT' to 'BOOLEAN', possible loss of data	x64,x86	SPC-HOST-STORAGE-BINDINGS	read-value-range-and-architecture-delta	narrowing/widening is not automatically a defect; determine guest fixed-width value, private native value, or host identity before selecting original correction, overlay, or mapping-manager boundary	T310-S8-P4-WARN-037203,T310-S8-P4-WARN-037204
T310-S8-P4-CLASS-018697	src/mvdm-host/softpc.new/host/src/nt_fdisk.c	771	C4311	'type cast': pointer truncation from 'void *' to 'DWORD'	x64	SPC-HOST-STORAGE-BINDINGS	must-repair-width-or-pointer-abi	pointer/integer or variadic-width conversion; read the exact original value class and use a same-shaped native-width binding or the mapping manager	T310-S8-P4-WARN-037205
T310-S8-P4-CLASS-018698	src/mvdm-host/softpc.new/host/src/nt_fdisk.c	775	C4312	'type cast': conversion from 'unsigned long' to 'PBYTE' of greater size	x64	SPC-HOST-STORAGE-BINDINGS	must-repair-width-or-pointer-abi	pointer/integer or variadic-width conversion; read the exact original value class and use a same-shaped native-width binding or the mapping manager	T310-S8-P4-WARN-037206
T310-S8-P4-CLASS-018707	src/mvdm-host/softpc.new/host/src/nt_rflop.c	859	C4244	'=': conversion from 'UINT' to 'BOOLEAN', possible loss of data	x64,x86	SPC-HOST-STORAGE-BINDINGS	read-value-range-and-architecture-delta	narrowing/widening is not automatically a defect; determine guest fixed-width value, private native value, or host identity before selecting original correction, overlay, or mapping-manager boundary	T310-S8-P4-WARN-037223,T310-S8-P4-WARN-037224
T310-S8-P4-CLASS-018709	src/mvdm-host/softpc.new/host/src/nt_rflop.c	1062	C4244	'=': conversion from 'UINT' to 'BOOLEAN', possible loss of data	x64,x86	SPC-HOST-STORAGE-BINDINGS	read-value-range-and-architecture-delta	narrowing/widening is not automatically a defect; determine guest fixed-width value, private native value, or host identity before selecting original correction, overlay, or mapping-manager boundary	T310-S8-P4-WARN-037227,T310-S8-P4-WARN-037228
T310-S8-P4-CLASS-018717	src/mvdm-host/softpc.new/host/src/nt_rflop.c	1816	C4244	'=': conversion from 'int' to 'IU8', possible loss of data	x64,x86	SPC-HOST-STORAGE-BINDINGS	read-value-range-and-architecture-delta	narrowing/widening is not automatically a defect; determine guest fixed-width value, private native value, or host identity before selecting original correction, overlay, or mapping-manager boundary	T310-S8-P4-WARN-037243,T310-S8-P4-WARN-037244
T310-S8-P4-CLASS-018718	src/mvdm-host/softpc.new/host/src/nt_rflop.c	2010	C4244	'=': conversion from 'int' to 'IU16', possible loss of data	x64,x86	SPC-HOST-STORAGE-BINDINGS	read-value-range-and-architecture-delta	narrowing/widening is not automatically a defect; determine guest fixed-width value, private native value, or host identity before selecting original correction, overlay, or mapping-manager boundary	T310-S8-P4-WARN-037245,T310-S8-P4-WARN-037246
T310-S8-P4-CLASS-018719	src/mvdm-host/softpc.new/host/src/nt_rflop.c	2013	C4244	'=': conversion from 'int' to 'IU16', possible loss of data	x64,x86	SPC-HOST-STORAGE-BINDINGS	read-value-range-and-architecture-delta	narrowing/widening is not automatically a defect; determine guest fixed-width value, private native value, or host identity before selecting original correction, overlay, or mapping-manager boundary	T310-S8-P4-WARN-037247,T310-S8-P4-WARN-037248
T310-S8-P4-CLASS-018722	src/mvdm-host/softpc.new/host/src/nt_inthk.c	115	C4152	nonstandard extension, function/data pointer conversion in expression	x64,x86	SPC-HOST-SYSTEM-INTERRUPT-BINDINGS	must-repair-call-abi	undeclared, old-style, or incompatible call/table contract may truncate a pointer or pass the wrong calling convention; reconcile declaration, definition, table slot and selected callers	T310-S8-P4-WARN-037252,T310-S8-P4-WARN-037253
T310-S8-P4-CLASS-018723	src/mvdm-host/softpc.new/host/src/nt_inthk.c	178	C4152	nonstandard extension, function/data pointer conversion in expression	x64,x86	SPC-HOST-SYSTEM-INTERRUPT-BINDINGS	must-repair-call-abi	undeclared, old-style, or incompatible call/table contract may truncate a pointer or pass the wrong calling convention; reconcile declaration, definition, table slot and selected callers	T310-S8-P4-WARN-037254,T310-S8-P4-WARN-037255
T310-S8-P4-CLASS-018724	src/mvdm-host/softpc.new/host/src/nt_inthk.c	242	C4152	nonstandard extension, function/data pointer conversion in expression	x64,x86	SPC-HOST-SYSTEM-INTERRUPT-BINDINGS	must-repair-call-abi	undeclared, old-style, or incompatible call/table contract may truncate a pointer or pass the wrong calling convention; reconcile declaration, definition, table slot and selected callers	T310-S8-P4-WARN-037256,T310-S8-P4-WARN-037257
T310-S8-P4-CLASS-018725	src/mvdm-host/softpc.new/host/src/nt_reset.c	208	C4267	'=': conversion from 'size_t' to 'int', possible loss of data	x64	SPC-HOST-SYSTEM-INTERRUPT-BINDINGS	must-read-x64-narrowing	narrowing/widening is not automatically a defect; determine guest fixed-width value, private native value, or host identity before selecting original correction, overlay, or mapping-manager boundary	T310-S8-P4-WARN-037258
T310-S8-P4-CLASS-018731	src/mvdm-host/softpc.new/host/src/nt_aorc.c	192	C4244	'return': conversion from 'ISM32' to 'IU16', possible loss of data	x64,x86	SPC-HOST-VIDEO-BINDINGS	read-value-range-and-architecture-delta	narrowing/widening is not automatically a defect; determine guest fixed-width value, private native value, or host identity before selecting original correction, overlay, or mapping-manager boundary	T310-S8-P4-WARN-037269,T310-S8-P4-WARN-037270
T310-S8-P4-CLASS-018732	src/mvdm-host/softpc.new/host/src/nt_aorc.c	198	C4244	'return': conversion from 'ISM32' to 'IU16', possible loss of data	x64,x86	SPC-HOST-VIDEO-BINDINGS	read-value-range-and-architecture-delta	narrowing/widening is not automatically a defect; determine guest fixed-width value, private native value, or host identity before selecting original correction, overlay, or mapping-manager boundary	T310-S8-P4-WARN-037271,T310-S8-P4-WARN-037272
T310-S8-P4-CLASS-018733	src/mvdm-host/softpc.new/host/src/nt_aorc.c	204	C4244	'return': conversion from 'ISM32' to 'IU16', possible loss of data	x64,x86	SPC-HOST-VIDEO-BINDINGS	read-value-range-and-architecture-delta	narrowing/widening is not automatically a defect; determine guest fixed-width value, private native value, or host identity before selecting original correction, overlay, or mapping-manager boundary	T310-S8-P4-WARN-037273,T310-S8-P4-WARN-037274
T310-S8-P4-CLASS-018734	src/mvdm-host/softpc.new/host/src/nt_aorc.c	210	C4244	'return': conversion from 'ISM32' to 'IU16', possible loss of data	x64,x86	SPC-HOST-VIDEO-BINDINGS	read-value-range-and-architecture-delta	narrowing/widening is not automatically a defect; determine guest fixed-width value, private native value, or host identity before selecting original correction, overlay, or mapping-manager boundary	T310-S8-P4-WARN-037275,T310-S8-P4-WARN-037276
T310-S8-P4-CLASS-018735	src/mvdm-host/softpc.new/host/src/nt_aorc.c	216	C4244	'return': conversion from 'ISM32' to 'IU16', possible loss of data	x64,x86	SPC-HOST-VIDEO-BINDINGS	read-value-range-and-architecture-delta	narrowing/widening is not automatically a defect; determine guest fixed-width value, private native value, or host identity before selecting original correction, overlay, or mapping-manager boundary	T310-S8-P4-WARN-037277,T310-S8-P4-WARN-037278
T310-S8-P4-CLASS-018736	src/mvdm-host/softpc.new/host/src/nt_aorc.c	222	C4244	'return': conversion from 'ISM32' to 'IU16', possible loss of data	x64,x86	SPC-HOST-VIDEO-BINDINGS	read-value-range-and-architecture-delta	narrowing/widening is not automatically a defect; determine guest fixed-width value, private native value, or host identity before selecting original correction, overlay, or mapping-manager boundary	T310-S8-P4-WARN-037279,T310-S8-P4-WARN-037280
T310-S8-P4-CLASS-018737	src/mvdm-host/softpc.new/host/src/nt_aorc.c	228	C4244	'return': conversion from 'ISM32' to 'IU16', possible loss of data	x64,x86	SPC-HOST-VIDEO-BINDINGS	read-value-range-and-architecture-delta	narrowing/widening is not automatically a defect; determine guest fixed-width value, private native value, or host identity before selecting original correction, overlay, or mapping-manager boundary	T310-S8-P4-WARN-037281,T310-S8-P4-WARN-037282
T310-S8-P4-CLASS-018738	src/mvdm-host/softpc.new/host/src/nt_aorc.c	234	C4244	'return': conversion from 'ISM32' to 'IU16', possible loss of data	x64,x86	SPC-HOST-VIDEO-BINDINGS	read-value-range-and-architecture-delta	narrowing/widening is not automatically a defect; determine guest fixed-width value, private native value, or host identity before selecting original correction, overlay, or mapping-manager boundary	T310-S8-P4-WARN-037283,T310-S8-P4-WARN-037284
T310-S8-P4-CLASS-018739	src/mvdm-host/softpc.new/host/src/nt_aorc.c	240	C4244	'return': conversion from 'ISM32' to 'IU16', possible loss of data	x64,x86	SPC-HOST-VIDEO-BINDINGS	read-value-range-and-architecture-delta	narrowing/widening is not automatically a defect; determine guest fixed-width value, private native value, or host identity before selecting original correction, overlay, or mapping-manager boundary	T310-S8-P4-WARN-037285,T310-S8-P4-WARN-037286
T310-S8-P4-CLASS-018740	src/mvdm-host/softpc.new/host/src/nt_aorc.c	251	C4244	'return': conversion from 'IUH' to 'IU16', possible loss of data	x64,x86	SPC-HOST-VIDEO-BINDINGS	read-value-range-and-architecture-delta	narrowing/widening is not automatically a defect; determine guest fixed-width value, private native value, or host identity before selecting original correction, overlay, or mapping-manager boundary	T310-S8-P4-WARN-037287,T310-S8-P4-WARN-037288
T310-S8-P4-CLASS-018741	src/mvdm-host/softpc.new/host/src/nt_aorc.c	255	C4131	'setAL': uses old-style declarator	x64,x86	SPC-HOST-VIDEO-BINDINGS	must-read-old-style-call-contract	K&R declaration may hide a modern parameter/return ABI mismatch; compare the selected declaration and callers before deciding whether it is a harmless source-style warning	T310-S8-P4-WARN-037289,T310-S8-P4-WARN-037290
T310-S8-P4-CLASS-018742	src/mvdm-host/softpc.new/host/src/nt_aorc.c	263	C4131	'setCL': uses old-style declarator	x64,x86	SPC-HOST-VIDEO-BINDINGS	must-read-old-style-call-contract	K&R declaration may hide a modern parameter/return ABI mismatch; compare the selected declaration and callers before deciding whether it is a harmless source-style warning	T310-S8-P4-WARN-037291,T310-S8-P4-WARN-037292
T310-S8-P4-CLASS-018743	src/mvdm-host/softpc.new/host/src/nt_aorc.c	271	C4131	'setDL': uses old-style declarator	x64,x86	SPC-HOST-VIDEO-BINDINGS	must-read-old-style-call-contract	K&R declaration may hide a modern parameter/return ABI mismatch; compare the selected declaration and callers before deciding whether it is a harmless source-style warning	T310-S8-P4-WARN-037293,T310-S8-P4-WARN-037294
T310-S8-P4-CLASS-018744	src/mvdm-host/softpc.new/host/src/nt_aorc.c	279	C4131	'setBL': uses old-style declarator	x64,x86	SPC-HOST-VIDEO-BINDINGS	must-read-old-style-call-contract	K&R declaration may hide a modern parameter/return ABI mismatch; compare the selected declaration and callers before deciding whether it is a harmless source-style warning	T310-S8-P4-WARN-037295,T310-S8-P4-WARN-037296
T310-S8-P4-CLASS-018745	src/mvdm-host/softpc.new/host/src/nt_aorc.c	287	C4131	'setAH': uses old-style declarator	x64,x86	SPC-HOST-VIDEO-BINDINGS	must-read-old-style-call-contract	K&R declaration may hide a modern parameter/return ABI mismatch; compare the selected declaration and callers before deciding whether it is a harmless source-style warning	T310-S8-P4-WARN-037297,T310-S8-P4-WARN-037298
T310-S8-P4-CLASS-018746	src/mvdm-host/softpc.new/host/src/nt_aorc.c	295	C4131	'setCH': uses old-style declarator	x64,x86	SPC-HOST-VIDEO-BINDINGS	must-read-old-style-call-contract	K&R declaration may hide a modern parameter/return ABI mismatch; compare the selected declaration and callers before deciding whether it is a harmless source-style warning	T310-S8-P4-WARN-037299,T310-S8-P4-WARN-037300
T310-S8-P4-CLASS-018747	src/mvdm-host/softpc.new/host/src/nt_aorc.c	303	C4131	'setDH': uses old-style declarator	x64,x86	SPC-HOST-VIDEO-BINDINGS	must-read-old-style-call-contract	K&R declaration may hide a modern parameter/return ABI mismatch; compare the selected declaration and callers before deciding whether it is a harmless source-style warning	T310-S8-P4-WARN-037301,T310-S8-P4-WARN-037302
T310-S8-P4-CLASS-018748	src/mvdm-host/softpc.new/host/src/nt_aorc.c	311	C4131	'setBH': uses old-style declarator	x64,x86	SPC-HOST-VIDEO-BINDINGS	must-read-old-style-call-contract	K&R declaration may hide a modern parameter/return ABI mismatch; compare the selected declaration and callers before deciding whether it is a harmless source-style warning	T310-S8-P4-WARN-037303,T310-S8-P4-WARN-037304
T310-S8-P4-CLASS-018749	src/mvdm-host/softpc.new/host/src/nt_aorc.c	319	C4131	'setAX': uses old-style declarator	x64,x86	SPC-HOST-VIDEO-BINDINGS	must-read-old-style-call-contract	K&R declaration may hide a modern parameter/return ABI mismatch; compare the selected declaration and callers before deciding whether it is a harmless source-style warning	T310-S8-P4-WARN-037305,T310-S8-P4-WARN-037306
T310-S8-P4-CLASS-018750	src/mvdm-host/softpc.new/host/src/nt_aorc.c	326	C4131	'setBX': uses old-style declarator	x64,x86	SPC-HOST-VIDEO-BINDINGS	must-read-old-style-call-contract	K&R declaration may hide a modern parameter/return ABI mismatch; compare the selected declaration and callers before deciding whether it is a harmless source-style warning	T310-S8-P4-WARN-037307,T310-S8-P4-WARN-037308
T310-S8-P4-CLASS-018751	src/mvdm-host/softpc.new/host/src/nt_aorc.c	334	C4131	'setCX': uses old-style declarator	x64,x86	SPC-HOST-VIDEO-BINDINGS	must-read-old-style-call-contract	K&R declaration may hide a modern parameter/return ABI mismatch; compare the selected declaration and callers before deciding whether it is a harmless source-style warning	T310-S8-P4-WARN-037309,T310-S8-P4-WARN-037310
T310-S8-P4-CLASS-018752	src/mvdm-host/softpc.new/host/src/nt_aorc.c	342	C4131	'setDX': uses old-style declarator	x64,x86	SPC-HOST-VIDEO-BINDINGS	must-read-old-style-call-contract	K&R declaration may hide a modern parameter/return ABI mismatch; compare the selected declaration and callers before deciding whether it is a harmless source-style warning	T310-S8-P4-WARN-037311,T310-S8-P4-WARN-037312
T310-S8-P4-CLASS-018753	src/mvdm-host/softpc.new/host/src/nt_aorc.c	351	C4131	'setSP': uses old-style declarator	x64,x86	SPC-HOST-VIDEO-BINDINGS	must-read-old-style-call-contract	K&R declaration may hide a modern parameter/return ABI mismatch; compare the selected declaration and callers before deciding whether it is a harmless source-style warning	T310-S8-P4-WARN-037313,T310-S8-P4-WARN-037314
T310-S8-P4-CLASS-018754	src/mvdm-host/softpc.new/host/src/nt_aorc.c	359	C4131	'setBP': uses old-style declarator	x64,x86	SPC-HOST-VIDEO-BINDINGS	must-read-old-style-call-contract	K&R declaration may hide a modern parameter/return ABI mismatch; compare the selected declaration and callers before deciding whether it is a harmless source-style warning	T310-S8-P4-WARN-037315,T310-S8-P4-WARN-037316
T310-S8-P4-CLASS-018755	src/mvdm-host/softpc.new/host/src/nt_aorc.c	367	C4131	'setSI': uses old-style declarator	x64,x86	SPC-HOST-VIDEO-BINDINGS	must-read-old-style-call-contract	K&R declaration may hide a modern parameter/return ABI mismatch; compare the selected declaration and callers before deciding whether it is a harmless source-style warning	T310-S8-P4-WARN-037317,T310-S8-P4-WARN-037318
T310-S8-P4-CLASS-018756	src/mvdm-host/softpc.new/host/src/nt_aorc.c	375	C4131	'setDI': uses old-style declarator	x64,x86	SPC-HOST-VIDEO-BINDINGS	must-read-old-style-call-contract	K&R declaration may hide a modern parameter/return ABI mismatch; compare the selected declaration and callers before deciding whether it is a harmless source-style warning	T310-S8-P4-WARN-037319,T310-S8-P4-WARN-037320
T310-S8-P4-CLASS-018757	src/mvdm-host/softpc.new/host/src/nt_aorc.c	383	C4131	'setIP': uses old-style declarator	x64,x86	SPC-HOST-VIDEO-BINDINGS	must-read-old-style-call-contract	K&R declaration may hide a modern parameter/return ABI mismatch; compare the selected declaration and callers before deciding whether it is a harmless source-style warning	T310-S8-P4-WARN-037321,T310-S8-P4-WARN-037322
T310-S8-P4-CLASS-018758	src/mvdm-host/softpc.new/host/src/nt_aorc.c	390	C4131	'setES': uses old-style declarator	x64,x86	SPC-HOST-VIDEO-BINDINGS	must-read-old-style-call-contract	K&R declaration may hide a modern parameter/return ABI mismatch; compare the selected declaration and callers before deciding whether it is a harmless source-style warning	T310-S8-P4-WARN-037323,T310-S8-P4-WARN-037325
T310-S8-P4-CLASS-018759	src/mvdm-host/softpc.new/host/src/nt_aorc.c	390	C4431	missing type specifier - int assumed. Note: C no longer supports default-int	x64,x86	SPC-HOST-VIDEO-BINDINGS	must-repair-call-abi	undeclared, old-style, or incompatible call/table contract may truncate a pointer or pass the wrong calling convention; reconcile declaration, definition, table slot and selected callers	T310-S8-P4-WARN-037324,T310-S8-P4-WARN-037326
T310-S8-P4-CLASS-018760	src/mvdm-host/softpc.new/host/src/nt_aorc.c	398	C4131	'setCS': uses old-style declarator	x64,x86	SPC-HOST-VIDEO-BINDINGS	must-read-old-style-call-contract	K&R declaration may hide a modern parameter/return ABI mismatch; compare the selected declaration and callers before deciding whether it is a harmless source-style warning	T310-S8-P4-WARN-037327,T310-S8-P4-WARN-037329
T310-S8-P4-CLASS-018761	src/mvdm-host/softpc.new/host/src/nt_aorc.c	398	C4431	missing type specifier - int assumed. Note: C no longer supports default-int	x64,x86	SPC-HOST-VIDEO-BINDINGS	must-repair-call-abi	undeclared, old-style, or incompatible call/table contract may truncate a pointer or pass the wrong calling convention; reconcile declaration, definition, table slot and selected callers	T310-S8-P4-WARN-037328,T310-S8-P4-WARN-037330
T310-S8-P4-CLASS-018762	src/mvdm-host/softpc.new/host/src/nt_aorc.c	405	C4131	'setSS': uses old-style declarator	x64,x86	SPC-HOST-VIDEO-BINDINGS	must-read-old-style-call-contract	K&R declaration may hide a modern parameter/return ABI mismatch; compare the selected declaration and callers before deciding whether it is a harmless source-style warning	T310-S8-P4-WARN-037331,T310-S8-P4-WARN-037333
T310-S8-P4-CLASS-018763	src/mvdm-host/softpc.new/host/src/nt_aorc.c	405	C4431	missing type specifier - int assumed. Note: C no longer supports default-int	x64,x86	SPC-HOST-VIDEO-BINDINGS	must-repair-call-abi	undeclared, old-style, or incompatible call/table contract may truncate a pointer or pass the wrong calling convention; reconcile declaration, definition, table slot and selected callers	T310-S8-P4-WARN-037332,T310-S8-P4-WARN-037334
T310-S8-P4-CLASS-018764	src/mvdm-host/softpc.new/host/src/nt_aorc.c	413	C4131	'setDS': uses old-style declarator	x64,x86	SPC-HOST-VIDEO-BINDINGS	must-read-old-style-call-contract	K&R declaration may hide a modern parameter/return ABI mismatch; compare the selected declaration and callers before deciding whether it is a harmless source-style warning	T310-S8-P4-WARN-037335,T310-S8-P4-WARN-037337
T310-S8-P4-CLASS-018765	src/mvdm-host/softpc.new/host/src/nt_aorc.c	413	C4431	missing type specifier - int assumed. Note: C no longer supports default-int	x64,x86	SPC-HOST-VIDEO-BINDINGS	must-repair-call-abi	undeclared, old-style, or incompatible call/table contract may truncate a pointer or pass the wrong calling convention; reconcile declaration, definition, table slot and selected callers	T310-S8-P4-WARN-037336,T310-S8-P4-WARN-037338
T310-S8-P4-CLASS-018766	src/mvdm-host/softpc.new/host/src/nt_aorc.c	422	C4131	'setCF': uses old-style declarator	x64,x86	SPC-HOST-VIDEO-BINDINGS	must-read-old-style-call-contract	K&R declaration may hide a modern parameter/return ABI mismatch; compare the selected declaration and callers before deciding whether it is a harmless source-style warning	T310-S8-P4-WARN-037339,T310-S8-P4-WARN-037340
T310-S8-P4-CLASS-018767	src/mvdm-host/softpc.new/host/src/nt_aorc.c	430	C4131	'setPF': uses old-style declarator	x64,x86	SPC-HOST-VIDEO-BINDINGS	must-read-old-style-call-contract	K&R declaration may hide a modern parameter/return ABI mismatch; compare the selected declaration and callers before deciding whether it is a harmless source-style warning	T310-S8-P4-WARN-037341,T310-S8-P4-WARN-037342
T310-S8-P4-CLASS-018768	src/mvdm-host/softpc.new/host/src/nt_aorc.c	438	C4131	'setAF': uses old-style declarator	x64,x86	SPC-HOST-VIDEO-BINDINGS	must-read-old-style-call-contract	K&R declaration may hide a modern parameter/return ABI mismatch; compare the selected declaration and callers before deciding whether it is a harmless source-style warning	T310-S8-P4-WARN-037343,T310-S8-P4-WARN-037344
T310-S8-P4-CLASS-018769	src/mvdm-host/softpc.new/host/src/nt_aorc.c	446	C4131	'setZF': uses old-style declarator	x64,x86	SPC-HOST-VIDEO-BINDINGS	must-read-old-style-call-contract	K&R declaration may hide a modern parameter/return ABI mismatch; compare the selected declaration and callers before deciding whether it is a harmless source-style warning	T310-S8-P4-WARN-037345,T310-S8-P4-WARN-037346
T310-S8-P4-CLASS-018770	src/mvdm-host/softpc.new/host/src/nt_aorc.c	454	C4131	'setSF': uses old-style declarator	x64,x86	SPC-HOST-VIDEO-BINDINGS	must-read-old-style-call-contract	K&R declaration may hide a modern parameter/return ABI mismatch; compare the selected declaration and callers before deciding whether it is a harmless source-style warning	T310-S8-P4-WARN-037347,T310-S8-P4-WARN-037348
T310-S8-P4-CLASS-018771	src/mvdm-host/softpc.new/host/src/nt_aorc.c	462	C4131	'setTF': uses old-style declarator	x64,x86	SPC-HOST-VIDEO-BINDINGS	must-read-old-style-call-contract	K&R declaration may hide a modern parameter/return ABI mismatch; compare the selected declaration and callers before deciding whether it is a harmless source-style warning	T310-S8-P4-WARN-037349,T310-S8-P4-WARN-037350
T310-S8-P4-CLASS-018772	src/mvdm-host/softpc.new/host/src/nt_aorc.c	470	C4131	'setIF': uses old-style declarator	x64,x86	SPC-HOST-VIDEO-BINDINGS	must-read-old-style-call-contract	K&R declaration may hide a modern parameter/return ABI mismatch; compare the selected declaration and callers before deciding whether it is a harmless source-style warning	T310-S8-P4-WARN-037351,T310-S8-P4-WARN-037352
T310-S8-P4-CLASS-018773	src/mvdm-host/softpc.new/host/src/nt_aorc.c	478	C4131	'setDF': uses old-style declarator	x64,x86	SPC-HOST-VIDEO-BINDINGS	must-read-old-style-call-contract	K&R declaration may hide a modern parameter/return ABI mismatch; compare the selected declaration and callers before deciding whether it is a harmless source-style warning	T310-S8-P4-WARN-037353,T310-S8-P4-WARN-037354
T310-S8-P4-CLASS-018774	src/mvdm-host/softpc.new/host/src/nt_aorc.c	486	C4131	'setOF': uses old-style declarator	x64,x86	SPC-HOST-VIDEO-BINDINGS	must-read-old-style-call-contract	K&R declaration may hide a modern parameter/return ABI mismatch; compare the selected declaration and callers before deciding whether it is a harmless source-style warning	T310-S8-P4-WARN-037355,T310-S8-P4-WARN-037356
T310-S8-P4-CLASS-018775	src/mvdm-host/softpc.new/host/src/nt_aorc.c	493	C4131	'setMSW': uses old-style declarator	x64,x86	SPC-HOST-VIDEO-BINDINGS	must-read-old-style-call-contract	K&R declaration may hide a modern parameter/return ABI mismatch; compare the selected declaration and callers before deciding whether it is a harmless source-style warning	T310-S8-P4-WARN-037357,T310-S8-P4-WARN-037358
T310-S8-P4-CLASS-018776	src/mvdm-host/softpc.new/host/src/nt_aorc.c	501	C4131	'setEIP': uses old-style declarator	x64,x86	SPC-HOST-VIDEO-BINDINGS	must-read-old-style-call-contract	K&R declaration may hide a modern parameter/return ABI mismatch; compare the selected declaration and callers before deciding whether it is a harmless source-style warning	T310-S8-P4-WARN-037359,T310-S8-P4-WARN-037360
T310-S8-P4-CLASS-018777	src/mvdm-host/softpc.new/host/src/nt_aorc.c	508	C4131	'setEFLAGS': uses old-style declarator	x64,x86	SPC-HOST-VIDEO-BINDINGS	must-read-old-style-call-contract	K&R declaration may hide a modern parameter/return ABI mismatch; compare the selected declaration and callers before deciding whether it is a harmless source-style warning	T310-S8-P4-WARN-037361,T310-S8-P4-WARN-037362
T310-S8-P4-CLASS-018778	src/mvdm-host/softpc.new/host/src/nt_aorc.c	524	C4131	'setESP': uses old-style declarator	x64,x86	SPC-HOST-VIDEO-BINDINGS	must-read-old-style-call-contract	K&R declaration may hide a modern parameter/return ABI mismatch; compare the selected declaration and callers before deciding whether it is a harmless source-style warning	T310-S8-P4-WARN-037363,T310-S8-P4-WARN-037364
T310-S8-P4-CLASS-018779	src/mvdm-host/softpc.new/host/src/nt_aorc.c	536	C4244	'return': conversion from 'IU32' to 'IU16', possible loss of data	x64,x86	SPC-HOST-VIDEO-BINDINGS	read-value-range-and-architecture-delta	narrowing/widening is not automatically a defect; determine guest fixed-width value, private native value, or host identity before selecting original correction, overlay, or mapping-manager boundary	T310-S8-P4-WARN-037365,T310-S8-P4-WARN-037366
T310-S8-P4-CLASS-018780	src/mvdm-host/softpc.new/host/src/nt_aorc.c	546	C4131	'setSS_BASE_LIMIT_AR': uses old-style declarator	x64,x86	SPC-HOST-VIDEO-BINDINGS	must-read-old-style-call-contract	K&R declaration may hide a modern parameter/return ABI mismatch; compare the selected declaration and callers before deciding whether it is a harmless source-style warning	T310-S8-P4-WARN-037367,T310-S8-P4-WARN-037368
T310-S8-P4-CLASS-018783	src/mvdm-host/softpc.new/host/src/nt_cga.c	367	C4244	'=': conversion from 'int' to 'SHORT', possible loss of data	x64,x86	SPC-HOST-VIDEO-BINDINGS	read-value-range-and-architecture-delta	narrowing/widening is not automatically a defect; determine guest fixed-width value, private native value, or host identity before selecting original correction, overlay, or mapping-manager boundary	T310-S8-P4-WARN-037373,T310-S8-P4-WARN-037374
T310-S8-P4-CLASS-018784	src/mvdm-host/softpc.new/host/src/nt_cga.c	368	C4244	'=': conversion from 'int' to 'SHORT', possible loss of data	x64,x86	SPC-HOST-VIDEO-BINDINGS	read-value-range-and-architecture-delta	narrowing/widening is not automatically a defect; determine guest fixed-width value, private native value, or host identity before selecting original correction, overlay, or mapping-manager boundary	T310-S8-P4-WARN-037375,T310-S8-P4-WARN-037376
T310-S8-P4-CLASS-018785	src/mvdm-host/softpc.new/host/src/nt_cga.c	370	C4244	'=': conversion from 'int' to 'SHORT', possible loss of data	x64,x86	SPC-HOST-VIDEO-BINDINGS	read-value-range-and-architecture-delta	narrowing/widening is not automatically a defect; determine guest fixed-width value, private native value, or host identity before selecting original correction, overlay, or mapping-manager boundary	T310-S8-P4-WARN-037377,T310-S8-P4-WARN-037378
T310-S8-P4-CLASS-018786	src/mvdm-host/softpc.new/host/src/nt_cga.c	371	C4244	'=': conversion from 'int' to 'SHORT', possible loss of data	x64,x86	SPC-HOST-VIDEO-BINDINGS	read-value-range-and-architecture-delta	narrowing/widening is not automatically a defect; determine guest fixed-width value, private native value, or host identity before selecting original correction, overlay, or mapping-manager boundary	T310-S8-P4-WARN-037379,T310-S8-P4-WARN-037380
T310-S8-P4-CLASS-018787	src/mvdm-host/softpc.new/host/src/nt_cga.c	378	C4002	too many arguments for function-like macro invocation 'sub_note_trace4'	x64,x86	SPC-HOST-VIDEO-BINDINGS	unclassified-read-source	warning class has no approved general disposition; read original source, declaration and selected caller before any change	T310-S8-P4-WARN-037381,T310-S8-P4-WARN-037382
T310-S8-P4-CLASS-018803	src/mvdm-host/softpc.new/host/src/nt_cga.c	521	C4244	'=': conversion from 'int' to 'SHORT', possible loss of data	x64,x86	SPC-HOST-VIDEO-BINDINGS	read-value-range-and-architecture-delta	narrowing/widening is not automatically a defect; determine guest fixed-width value, private native value, or host identity before selecting original correction, overlay, or mapping-manager boundary	T310-S8-P4-WARN-037413,T310-S8-P4-WARN-037414
T310-S8-P4-CLASS-018804	src/mvdm-host/softpc.new/host/src/nt_cga.c	522	C4244	'=': conversion from 'int' to 'SHORT', possible loss of data	x64,x86	SPC-HOST-VIDEO-BINDINGS	read-value-range-and-architecture-delta	narrowing/widening is not automatically a defect; determine guest fixed-width value, private native value, or host identity before selecting original correction, overlay, or mapping-manager boundary	T310-S8-P4-WARN-037415,T310-S8-P4-WARN-037416
T310-S8-P4-CLASS-018805	src/mvdm-host/softpc.new/host/src/nt_cga.c	523	C4244	'=': conversion from 'int' to 'SHORT', possible loss of data	x64,x86	SPC-HOST-VIDEO-BINDINGS	read-value-range-and-architecture-delta	narrowing/widening is not automatically a defect; determine guest fixed-width value, private native value, or host identity before selecting original correction, overlay, or mapping-manager boundary	T310-S8-P4-WARN-037417,T310-S8-P4-WARN-037418
T310-S8-P4-CLASS-018806	src/mvdm-host/softpc.new/host/src/nt_cga.c	524	C4244	'=': conversion from 'int' to 'SHORT', possible loss of data	x64,x86	SPC-HOST-VIDEO-BINDINGS	read-value-range-and-architecture-delta	narrowing/widening is not automatically a defect; determine guest fixed-width value, private native value, or host identity before selecting original correction, overlay, or mapping-manager boundary	T310-S8-P4-WARN-037419,T310-S8-P4-WARN-037420
T310-S8-P4-CLASS-018807	src/mvdm-host/softpc.new/host/src/nt_cga.c	620	C4244	'=': conversion from 'int' to 'SHORT', possible loss of data	x64,x86	SPC-HOST-VIDEO-BINDINGS	read-value-range-and-architecture-delta	narrowing/widening is not automatically a defect; determine guest fixed-width value, private native value, or host identity before selecting original correction, overlay, or mapping-manager boundary	T310-S8-P4-WARN-037421,T310-S8-P4-WARN-037422
T310-S8-P4-CLASS-018808	src/mvdm-host/softpc.new/host/src/nt_cga.c	621	C4244	'=': conversion from 'int' to 'SHORT', possible loss of data	x64,x86	SPC-HOST-VIDEO-BINDINGS	read-value-range-and-architecture-delta	narrowing/widening is not automatically a defect; determine guest fixed-width value, private native value, or host identity before selecting original correction, overlay, or mapping-manager boundary	T310-S8-P4-WARN-037423,T310-S8-P4-WARN-037424
T310-S8-P4-CLASS-018809	src/mvdm-host/softpc.new/host/src/nt_cga.c	622	C4244	'=': conversion from 'int' to 'SHORT', possible loss of data	x64,x86	SPC-HOST-VIDEO-BINDINGS	read-value-range-and-architecture-delta	narrowing/widening is not automatically a defect; determine guest fixed-width value, private native value, or host identity before selecting original correction, overlay, or mapping-manager boundary	T310-S8-P4-WARN-037425,T310-S8-P4-WARN-037426
T310-S8-P4-CLASS-018810	src/mvdm-host/softpc.new/host/src/nt_cga.c	623	C4244	'=': conversion from 'int' to 'SHORT', possible loss of data	x64,x86	SPC-HOST-VIDEO-BINDINGS	read-value-range-and-architecture-delta	narrowing/widening is not automatically a defect; determine guest fixed-width value, private native value, or host identity before selecting original correction, overlay, or mapping-manager boundary	T310-S8-P4-WARN-037427,T310-S8-P4-WARN-037428
T310-S8-P4-CLASS-018811	src/mvdm-host/softpc.new/host/src/nt_cga.c	724	C4244	'=': conversion from 'int' to 'SHORT', possible loss of data	x64,x86	SPC-HOST-VIDEO-BINDINGS	read-value-range-and-architecture-delta	narrowing/widening is not automatically a defect; determine guest fixed-width value, private native value, or host identity before selecting original correction, overlay, or mapping-manager boundary	T310-S8-P4-WARN-037429,T310-S8-P4-WARN-037430
T310-S8-P4-CLASS-018812	src/mvdm-host/softpc.new/host/src/nt_cga.c	725	C4244	'=': conversion from 'int' to 'SHORT', possible loss of data	x64,x86	SPC-HOST-VIDEO-BINDINGS	read-value-range-and-architecture-delta	narrowing/widening is not automatically a defect; determine guest fixed-width value, private native value, or host identity before selecting original correction, overlay, or mapping-manager boundary	T310-S8-P4-WARN-037431,T310-S8-P4-WARN-037432
T310-S8-P4-CLASS-018813	src/mvdm-host/softpc.new/host/src/nt_cga.c	726	C4244	'=': conversion from 'int' to 'SHORT', possible loss of data	x64,x86	SPC-HOST-VIDEO-BINDINGS	read-value-range-and-architecture-delta	narrowing/widening is not automatically a defect; determine guest fixed-width value, private native value, or host identity before selecting original correction, overlay, or mapping-manager boundary	T310-S8-P4-WARN-037433,T310-S8-P4-WARN-037434
T310-S8-P4-CLASS-018814	src/mvdm-host/softpc.new/host/src/nt_cga.c	727	C4244	'=': conversion from 'int' to 'SHORT', possible loss of data	x64,x86	SPC-HOST-VIDEO-BINDINGS	read-value-range-and-architecture-delta	narrowing/widening is not automatically a defect; determine guest fixed-width value, private native value, or host identity before selecting original correction, overlay, or mapping-manager boundary	T310-S8-P4-WARN-037435,T310-S8-P4-WARN-037436
T310-S8-P4-CLASS-018815	src/mvdm-host/softpc.new/host/src/nt_cga.c	802	C4244	'=': conversion from 'int' to 'SHORT', possible loss of data	x64,x86	SPC-HOST-VIDEO-BINDINGS	read-value-range-and-architecture-delta	narrowing/widening is not automatically a defect; determine guest fixed-width value, private native value, or host identity before selecting original correction, overlay, or mapping-manager boundary	T310-S8-P4-WARN-037437,T310-S8-P4-WARN-037438
T310-S8-P4-CLASS-018816	src/mvdm-host/softpc.new/host/src/nt_cga.c	803	C4244	'=': conversion from 'int' to 'SHORT', possible loss of data	x64,x86	SPC-HOST-VIDEO-BINDINGS	read-value-range-and-architecture-delta	narrowing/widening is not automatically a defect; determine guest fixed-width value, private native value, or host identity before selecting original correction, overlay, or mapping-manager boundary	T310-S8-P4-WARN-037439,T310-S8-P4-WARN-037440
T310-S8-P4-CLASS-018817	src/mvdm-host/softpc.new/host/src/nt_cga.c	804	C4244	'=': conversion from 'int' to 'SHORT', possible loss of data	x64,x86	SPC-HOST-VIDEO-BINDINGS	read-value-range-and-architecture-delta	narrowing/widening is not automatically a defect; determine guest fixed-width value, private native value, or host identity before selecting original correction, overlay, or mapping-manager boundary	T310-S8-P4-WARN-037441,T310-S8-P4-WARN-037442
T310-S8-P4-CLASS-018818	src/mvdm-host/softpc.new/host/src/nt_cga.c	805	C4244	'=': conversion from 'int' to 'SHORT', possible loss of data	x64,x86	SPC-HOST-VIDEO-BINDINGS	read-value-range-and-architecture-delta	narrowing/widening is not automatically a defect; determine guest fixed-width value, private native value, or host identity before selecting original correction, overlay, or mapping-manager boundary	T310-S8-P4-WARN-037443,T310-S8-P4-WARN-037444
T310-S8-P4-CLASS-018819	src/mvdm-host/softpc.new/host/src/nt_cga.c	887	C4244	'=': conversion from 'int' to 'SHORT', possible loss of data	x64,x86	SPC-HOST-VIDEO-BINDINGS	read-value-range-and-architecture-delta	narrowing/widening is not automatically a defect; determine guest fixed-width value, private native value, or host identity before selecting original correction, overlay, or mapping-manager boundary	T310-S8-P4-WARN-037445,T310-S8-P4-WARN-037446
T310-S8-P4-CLASS-018820	src/mvdm-host/softpc.new/host/src/nt_cga.c	888	C4244	'=': conversion from 'int' to 'SHORT', possible loss of data	x64,x86	SPC-HOST-VIDEO-BINDINGS	read-value-range-and-architecture-delta	narrowing/widening is not automatically a defect; determine guest fixed-width value, private native value, or host identity before selecting original correction, overlay, or mapping-manager boundary	T310-S8-P4-WARN-037447,T310-S8-P4-WARN-037448
T310-S8-P4-CLASS-018821	src/mvdm-host/softpc.new/host/src/nt_cga.c	889	C4244	'=': conversion from 'int' to 'SHORT', possible loss of data	x64,x86	SPC-HOST-VIDEO-BINDINGS	read-value-range-and-architecture-delta	narrowing/widening is not automatically a defect; determine guest fixed-width value, private native value, or host identity before selecting original correction, overlay, or mapping-manager boundary	T310-S8-P4-WARN-037449,T310-S8-P4-WARN-037450
T310-S8-P4-CLASS-018822	src/mvdm-host/softpc.new/host/src/nt_cga.c	890	C4244	'=': conversion from 'int' to 'SHORT', possible loss of data	x64,x86	SPC-HOST-VIDEO-BINDINGS	read-value-range-and-architecture-delta	narrowing/widening is not automatically a defect; determine guest fixed-width value, private native value, or host identity before selecting original correction, overlay, or mapping-manager boundary	T310-S8-P4-WARN-037451,T310-S8-P4-WARN-037452
T310-S8-P4-CLASS-018823	src/mvdm-host/softpc.new/host/src/nt_cga.c	958	C4244	'=': conversion from 'int' to 'SHORT', possible loss of data	x64,x86	SPC-HOST-VIDEO-BINDINGS	read-value-range-and-architecture-delta	narrowing/widening is not automatically a defect; determine guest fixed-width value, private native value, or host identity before selecting original correction, overlay, or mapping-manager boundary	T310-S8-P4-WARN-037453,T310-S8-P4-WARN-037454
T310-S8-P4-CLASS-018824	src/mvdm-host/softpc.new/host/src/nt_cga.c	959	C4244	'=': conversion from 'int' to 'SHORT', possible loss of data	x64,x86	SPC-HOST-VIDEO-BINDINGS	read-value-range-and-architecture-delta	narrowing/widening is not automatically a defect; determine guest fixed-width value, private native value, or host identity before selecting original correction, overlay, or mapping-manager boundary	T310-S8-P4-WARN-037455,T310-S8-P4-WARN-037456
T310-S8-P4-CLASS-018825	src/mvdm-host/softpc.new/host/src/nt_cga.c	960	C4244	'=': conversion from 'int' to 'SHORT', possible loss of data	x64,x86	SPC-HOST-VIDEO-BINDINGS	read-value-range-and-architecture-delta	narrowing/widening is not automatically a defect; determine guest fixed-width value, private native value, or host identity before selecting original correction, overlay, or mapping-manager boundary	T310-S8-P4-WARN-037457,T310-S8-P4-WARN-037458
T310-S8-P4-CLASS-018826	src/mvdm-host/softpc.new/host/src/nt_cga.c	961	C4244	'=': conversion from 'int' to 'SHORT', possible loss of data	x64,x86	SPC-HOST-VIDEO-BINDINGS	read-value-range-and-architecture-delta	narrowing/widening is not automatically a defect; determine guest fixed-width value, private native value, or host identity before selecting original correction, overlay, or mapping-manager boundary	T310-S8-P4-WARN-037459,T310-S8-P4-WARN-037460
T310-S8-P4-CLASS-018829	src/mvdm-host/softpc.new/host/src/nt_ega.c	683	C4244	'=': conversion from 'int' to 'SHORT', possible loss of data	x64,x86	SPC-HOST-VIDEO-BINDINGS	read-value-range-and-architecture-delta	narrowing/widening is not automatically a defect; determine guest fixed-width value, private native value, or host identity before selecting original correction, overlay, or mapping-manager boundary	T310-S8-P4-WARN-037465,T310-S8-P4-WARN-037466
T310-S8-P4-CLASS-018830	src/mvdm-host/softpc.new/host/src/nt_ega.c	684	C4244	'=': conversion from 'int' to 'SHORT', possible loss of data	x64,x86	SPC-HOST-VIDEO-BINDINGS	read-value-range-and-architecture-delta	narrowing/widening is not automatically a defect; determine guest fixed-width value, private native value, or host identity before selecting original correction, overlay, or mapping-manager boundary	T310-S8-P4-WARN-037467,T310-S8-P4-WARN-037468
T310-S8-P4-CLASS-018831	src/mvdm-host/softpc.new/host/src/nt_ega.c	685	C4244	'=': conversion from 'int' to 'SHORT', possible loss of data	x64,x86	SPC-HOST-VIDEO-BINDINGS	read-value-range-and-architecture-delta	narrowing/widening is not automatically a defect; determine guest fixed-width value, private native value, or host identity before selecting original correction, overlay, or mapping-manager boundary	T310-S8-P4-WARN-037469,T310-S8-P4-WARN-037470
T310-S8-P4-CLASS-018832	src/mvdm-host/softpc.new/host/src/nt_ega.c	686	C4244	'=': conversion from 'int' to 'SHORT', possible loss of data	x64,x86	SPC-HOST-VIDEO-BINDINGS	read-value-range-and-architecture-delta	narrowing/widening is not automatically a defect; determine guest fixed-width value, private native value, or host identity before selecting original correction, overlay, or mapping-manager boundary	T310-S8-P4-WARN-037471,T310-S8-P4-WARN-037472
T310-S8-P4-CLASS-018833	src/mvdm-host/softpc.new/host/src/nt_ega.c	830	C4244	'=': conversion from 'int' to 'SHORT', possible loss of data	x64,x86	SPC-HOST-VIDEO-BINDINGS	read-value-range-and-architecture-delta	narrowing/widening is not automatically a defect; determine guest fixed-width value, private native value, or host identity before selecting original correction, overlay, or mapping-manager boundary	T310-S8-P4-WARN-037473,T310-S8-P4-WARN-037474
T310-S8-P4-CLASS-018834	src/mvdm-host/softpc.new/host/src/nt_ega.c	831	C4244	'=': conversion from 'int' to 'SHORT', possible loss of data	x64,x86	SPC-HOST-VIDEO-BINDINGS	read-value-range-and-architecture-delta	narrowing/widening is not automatically a defect; determine guest fixed-width value, private native value, or host identity before selecting original correction, overlay, or mapping-manager boundary	T310-S8-P4-WARN-037475,T310-S8-P4-WARN-037476
T310-S8-P4-CLASS-018835	src/mvdm-host/softpc.new/host/src/nt_ega.c	832	C4244	'=': conversion from 'int' to 'SHORT', possible loss of data	x64,x86	SPC-HOST-VIDEO-BINDINGS	read-value-range-and-architecture-delta	narrowing/widening is not automatically a defect; determine guest fixed-width value, private native value, or host identity before selecting original correction, overlay, or mapping-manager boundary	T310-S8-P4-WARN-037477,T310-S8-P4-WARN-037478
T310-S8-P4-CLASS-018836	src/mvdm-host/softpc.new/host/src/nt_ega.c	833	C4244	'=': conversion from 'int' to 'SHORT', possible loss of data	x64,x86	SPC-HOST-VIDEO-BINDINGS	read-value-range-and-architecture-delta	narrowing/widening is not automatically a defect; determine guest fixed-width value, private native value, or host identity before selecting original correction, overlay, or mapping-manager boundary	T310-S8-P4-WARN-037479,T310-S8-P4-WARN-037480
T310-S8-P4-CLASS-018837	src/mvdm-host/softpc.new/host/src/nt_ega.c	1006	C4244	'=': conversion from 'int' to 'SHORT', possible loss of data	x64,x86	SPC-HOST-VIDEO-BINDINGS	read-value-range-and-architecture-delta	narrowing/widening is not automatically a defect; determine guest fixed-width value, private native value, or host identity before selecting original correction, overlay, or mapping-manager boundary	T310-S8-P4-WARN-037481,T310-S8-P4-WARN-037482
T310-S8-P4-CLASS-018838	src/mvdm-host/softpc.new/host/src/nt_ega.c	1007	C4244	'=': conversion from 'int' to 'SHORT', possible loss of data	x64,x86	SPC-HOST-VIDEO-BINDINGS	read-value-range-and-architecture-delta	narrowing/widening is not automatically a defect; determine guest fixed-width value, private native value, or host identity before selecting original correction, overlay, or mapping-manager boundary	T310-S8-P4-WARN-037483,T310-S8-P4-WARN-037484
T310-S8-P4-CLASS-018839	src/mvdm-host/softpc.new/host/src/nt_ega.c	1008	C4244	'=': conversion from 'int' to 'SHORT', possible loss of data	x64,x86	SPC-HOST-VIDEO-BINDINGS	read-value-range-and-architecture-delta	narrowing/widening is not automatically a defect; determine guest fixed-width value, private native value, or host identity before selecting original correction, overlay, or mapping-manager boundary	T310-S8-P4-WARN-037485,T310-S8-P4-WARN-037486
T310-S8-P4-CLASS-018840	src/mvdm-host/softpc.new/host/src/nt_ega.c	1009	C4244	'=': conversion from 'int' to 'SHORT', possible loss of data	x64,x86	SPC-HOST-VIDEO-BINDINGS	read-value-range-and-architecture-delta	narrowing/widening is not automatically a defect; determine guest fixed-width value, private native value, or host identity before selecting original correction, overlay, or mapping-manager boundary	T310-S8-P4-WARN-037487,T310-S8-P4-WARN-037488
T310-S8-P4-CLASS-018841	src/mvdm-host/softpc.new/host/src/nt_ega.c	1088	C4244	'=': conversion from 'int' to 'SHORT', possible loss of data	x64,x86	SPC-HOST-VIDEO-BINDINGS	read-value-range-and-architecture-delta	narrowing/widening is not automatically a defect; determine guest fixed-width value, private native value, or host identity before selecting original correction, overlay, or mapping-manager boundary	T310-S8-P4-WARN-037489,T310-S8-P4-WARN-037490
T310-S8-P4-CLASS-018842	src/mvdm-host/softpc.new/host/src/nt_ega.c	1089	C4244	'=': conversion from 'int' to 'SHORT', possible loss of data	x64,x86	SPC-HOST-VIDEO-BINDINGS	read-value-range-and-architecture-delta	narrowing/widening is not automatically a defect; determine guest fixed-width value, private native value, or host identity before selecting original correction, overlay, or mapping-manager boundary	T310-S8-P4-WARN-037491,T310-S8-P4-WARN-037492
T310-S8-P4-CLASS-018843	src/mvdm-host/softpc.new/host/src/nt_ega.c	1090	C4244	'=': conversion from 'int' to 'SHORT', possible loss of data	x64,x86	SPC-HOST-VIDEO-BINDINGS	read-value-range-and-architecture-delta	narrowing/widening is not automatically a defect; determine guest fixed-width value, private native value, or host identity before selecting original correction, overlay, or mapping-manager boundary	T310-S8-P4-WARN-037493,T310-S8-P4-WARN-037494
T310-S8-P4-CLASS-018844	src/mvdm-host/softpc.new/host/src/nt_ega.c	1091	C4244	'=': conversion from 'int' to 'SHORT', possible loss of data	x64,x86	SPC-HOST-VIDEO-BINDINGS	read-value-range-and-architecture-delta	narrowing/widening is not automatically a defect; determine guest fixed-width value, private native value, or host identity before selecting original correction, overlay, or mapping-manager boundary	T310-S8-P4-WARN-037495,T310-S8-P4-WARN-037496
T310-S8-P4-CLASS-018845	src/mvdm-host/softpc.new/host/src/nt_ega.c	1164	C4244	'=': conversion from 'int' to 'SHORT', possible loss of data	x64,x86	SPC-HOST-VIDEO-BINDINGS	read-value-range-and-architecture-delta	narrowing/widening is not automatically a defect; determine guest fixed-width value, private native value, or host identity before selecting original correction, overlay, or mapping-manager boundary	T310-S8-P4-WARN-037497,T310-S8-P4-WARN-037498
T310-S8-P4-CLASS-018846	src/mvdm-host/softpc.new/host/src/nt_ega.c	1165	C4244	'=': conversion from 'int' to 'SHORT', possible loss of data	x64,x86	SPC-HOST-VIDEO-BINDINGS	read-value-range-and-architecture-delta	narrowing/widening is not automatically a defect; determine guest fixed-width value, private native value, or host identity before selecting original correction, overlay, or mapping-manager boundary	T310-S8-P4-WARN-037499,T310-S8-P4-WARN-037500
T310-S8-P4-CLASS-018847	src/mvdm-host/softpc.new/host/src/nt_ega.c	1166	C4244	'=': conversion from 'int' to 'SHORT', possible loss of data	x64,x86	SPC-HOST-VIDEO-BINDINGS	read-value-range-and-architecture-delta	narrowing/widening is not automatically a defect; determine guest fixed-width value, private native value, or host identity before selecting original correction, overlay, or mapping-manager boundary	T310-S8-P4-WARN-037501,T310-S8-P4-WARN-037502
T310-S8-P4-CLASS-018848	src/mvdm-host/softpc.new/host/src/nt_ega.c	1167	C4244	'=': conversion from 'int' to 'SHORT', possible loss of data	x64,x86	SPC-HOST-VIDEO-BINDINGS	read-value-range-and-architecture-delta	narrowing/widening is not automatically a defect; determine guest fixed-width value, private native value, or host identity before selecting original correction, overlay, or mapping-manager boundary	T310-S8-P4-WARN-037503,T310-S8-P4-WARN-037504
T310-S8-P4-CLASS-018849	src/mvdm-host/softpc.new/host/src/nt_ega.c	1241	C4244	'=': conversion from 'int' to 'SHORT', possible loss of data	x64,x86	SPC-HOST-VIDEO-BINDINGS	read-value-range-and-architecture-delta	narrowing/widening is not automatically a defect; determine guest fixed-width value, private native value, or host identity before selecting original correction, overlay, or mapping-manager boundary	T310-S8-P4-WARN-037505,T310-S8-P4-WARN-037506
T310-S8-P4-CLASS-018850	src/mvdm-host/softpc.new/host/src/nt_ega.c	1242	C4244	'=': conversion from 'int' to 'SHORT', possible loss of data	x64,x86	SPC-HOST-VIDEO-BINDINGS	read-value-range-and-architecture-delta	narrowing/widening is not automatically a defect; determine guest fixed-width value, private native value, or host identity before selecting original correction, overlay, or mapping-manager boundary	T310-S8-P4-WARN-037507,T310-S8-P4-WARN-037508
T310-S8-P4-CLASS-018851	src/mvdm-host/softpc.new/host/src/nt_ega.c	1243	C4244	'=': conversion from 'int' to 'SHORT', possible loss of data	x64,x86	SPC-HOST-VIDEO-BINDINGS	read-value-range-and-architecture-delta	narrowing/widening is not automatically a defect; determine guest fixed-width value, private native value, or host identity before selecting original correction, overlay, or mapping-manager boundary	T310-S8-P4-WARN-037509,T310-S8-P4-WARN-037510
T310-S8-P4-CLASS-018852	src/mvdm-host/softpc.new/host/src/nt_ega.c	1244	C4244	'=': conversion from 'int' to 'SHORT', possible loss of data	x64,x86	SPC-HOST-VIDEO-BINDINGS	read-value-range-and-architecture-delta	narrowing/widening is not automatically a defect; determine guest fixed-width value, private native value, or host identity before selecting original correction, overlay, or mapping-manager boundary	T310-S8-P4-WARN-037511,T310-S8-P4-WARN-037512
T310-S8-P4-CLASS-018853	src/mvdm-host/softpc.new/host/src/nt_ega.c	1317	C4244	'=': conversion from 'int' to 'SHORT', possible loss of data	x64,x86	SPC-HOST-VIDEO-BINDINGS	read-value-range-and-architecture-delta	narrowing/widening is not automatically a defect; determine guest fixed-width value, private native value, or host identity before selecting original correction, overlay, or mapping-manager boundary	T310-S8-P4-WARN-037513,T310-S8-P4-WARN-037514
T310-S8-P4-CLASS-018854	src/mvdm-host/softpc.new/host/src/nt_ega.c	1318	C4244	'=': conversion from 'int' to 'SHORT', possible loss of data	x64,x86	SPC-HOST-VIDEO-BINDINGS	read-value-range-and-architecture-delta	narrowing/widening is not automatically a defect; determine guest fixed-width value, private native value, or host identity before selecting original correction, overlay, or mapping-manager boundary	T310-S8-P4-WARN-037515,T310-S8-P4-WARN-037516
T310-S8-P4-CLASS-018855	src/mvdm-host/softpc.new/host/src/nt_ega.c	1319	C4244	'=': conversion from 'int' to 'SHORT', possible loss of data	x64,x86	SPC-HOST-VIDEO-BINDINGS	read-value-range-and-architecture-delta	narrowing/widening is not automatically a defect; determine guest fixed-width value, private native value, or host identity before selecting original correction, overlay, or mapping-manager boundary	T310-S8-P4-WARN-037517,T310-S8-P4-WARN-037518
T310-S8-P4-CLASS-018856	src/mvdm-host/softpc.new/host/src/nt_ega.c	1320	C4244	'=': conversion from 'int' to 'SHORT', possible loss of data	x64,x86	SPC-HOST-VIDEO-BINDINGS	read-value-range-and-architecture-delta	narrowing/widening is not automatically a defect; determine guest fixed-width value, private native value, or host identity before selecting original correction, overlay, or mapping-manager boundary	T310-S8-P4-WARN-037519,T310-S8-P4-WARN-037520
T310-S8-P4-CLASS-018857	src/mvdm-host/softpc.new/host/src/nt_ega.c	1441	C4244	'=': conversion from 'int' to 'SHORT', possible loss of data	x64,x86	SPC-HOST-VIDEO-BINDINGS	read-value-range-and-architecture-delta	narrowing/widening is not automatically a defect; determine guest fixed-width value, private native value, or host identity before selecting original correction, overlay, or mapping-manager boundary	T310-S8-P4-WARN-037521,T310-S8-P4-WARN-037522
T310-S8-P4-CLASS-018858	src/mvdm-host/softpc.new/host/src/nt_ega.c	1442	C4244	'=': conversion from 'int' to 'SHORT', possible loss of data	x64,x86	SPC-HOST-VIDEO-BINDINGS	read-value-range-and-architecture-delta	narrowing/widening is not automatically a defect; determine guest fixed-width value, private native value, or host identity before selecting original correction, overlay, or mapping-manager boundary	T310-S8-P4-WARN-037523,T310-S8-P4-WARN-037524
T310-S8-P4-CLASS-018859	src/mvdm-host/softpc.new/host/src/nt_ega.c	1443	C4244	'=': conversion from 'int' to 'SHORT', possible loss of data	x64,x86	SPC-HOST-VIDEO-BINDINGS	read-value-range-and-architecture-delta	narrowing/widening is not automatically a defect; determine guest fixed-width value, private native value, or host identity before selecting original correction, overlay, or mapping-manager boundary	T310-S8-P4-WARN-037525,T310-S8-P4-WARN-037526
T310-S8-P4-CLASS-018860	src/mvdm-host/softpc.new/host/src/nt_ega.c	1444	C4244	'=': conversion from 'int' to 'SHORT', possible loss of data	x64,x86	SPC-HOST-VIDEO-BINDINGS	read-value-range-and-architecture-delta	narrowing/widening is not automatically a defect; determine guest fixed-width value, private native value, or host identity before selecting original correction, overlay, or mapping-manager boundary	T310-S8-P4-WARN-037527,T310-S8-P4-WARN-037528
T310-S8-P4-CLASS-018861	src/mvdm-host/softpc.new/host/src/nt_ega.c	1520	C4244	'=': conversion from 'int' to 'SHORT', possible loss of data	x64,x86	SPC-HOST-VIDEO-BINDINGS	read-value-range-and-architecture-delta	narrowing/widening is not automatically a defect; determine guest fixed-width value, private native value, or host identity before selecting original correction, overlay, or mapping-manager boundary	T310-S8-P4-WARN-037529,T310-S8-P4-WARN-037530
T310-S8-P4-CLASS-018862	src/mvdm-host/softpc.new/host/src/nt_ega.c	1521	C4244	'=': conversion from 'int' to 'SHORT', possible loss of data	x64,x86	SPC-HOST-VIDEO-BINDINGS	read-value-range-and-architecture-delta	narrowing/widening is not automatically a defect; determine guest fixed-width value, private native value, or host identity before selecting original correction, overlay, or mapping-manager boundary	T310-S8-P4-WARN-037531,T310-S8-P4-WARN-037532
T310-S8-P4-CLASS-018863	src/mvdm-host/softpc.new/host/src/nt_ega.c	1522	C4244	'=': conversion from 'int' to 'SHORT', possible loss of data	x64,x86	SPC-HOST-VIDEO-BINDINGS	read-value-range-and-architecture-delta	narrowing/widening is not automatically a defect; determine guest fixed-width value, private native value, or host identity before selecting original correction, overlay, or mapping-manager boundary	T310-S8-P4-WARN-037533,T310-S8-P4-WARN-037534
T310-S8-P4-CLASS-018864	src/mvdm-host/softpc.new/host/src/nt_ega.c	1523	C4244	'=': conversion from 'int' to 'SHORT', possible loss of data	x64,x86	SPC-HOST-VIDEO-BINDINGS	read-value-range-and-architecture-delta	narrowing/widening is not automatically a defect; determine guest fixed-width value, private native value, or host identity before selecting original correction, overlay, or mapping-manager boundary	T310-S8-P4-WARN-037535,T310-S8-P4-WARN-037536
T310-S8-P4-CLASS-018921	src/mvdm-host/softpc.new/host/src/nt_graph.c	633	C4305	'type cast': truncation from 'void *' to 'IU8'	x64,x86	SPC-HOST-VIDEO-BINDINGS	read-value-range-and-architecture-delta	narrowing/widening is not automatically a defect; determine guest fixed-width value, private native value, or host identity before selecting original correction, overlay, or mapping-manager boundary	T310-S8-P4-WARN-037649,T310-S8-P4-WARN-037650
T310-S8-P4-CLASS-018922	src/mvdm-host/softpc.new/host/src/nt_graph.c	647	C4305	'type cast': truncation from 'void *' to 'IS16'	x64,x86	SPC-HOST-VIDEO-BINDINGS	read-value-range-and-architecture-delta	narrowing/widening is not automatically a defect; determine guest fixed-width value, private native value, or host identity before selecting original correction, overlay, or mapping-manager boundary	T310-S8-P4-WARN-037651,T310-S8-P4-WARN-037652
T310-S8-P4-CLASS-018924	src/mvdm-host/softpc.new/host/src/nt_graph.c	974	C4244	'=': conversion from 'int' to 'SHORT', possible loss of data	x64,x86	SPC-HOST-VIDEO-BINDINGS	read-value-range-and-architecture-delta	narrowing/widening is not automatically a defect; determine guest fixed-width value, private native value, or host identity before selecting original correction, overlay, or mapping-manager boundary	T310-S8-P4-WARN-037655,T310-S8-P4-WARN-037656
T310-S8-P4-CLASS-018925	src/mvdm-host/softpc.new/host/src/nt_graph.c	975	C4244	'=': conversion from 'int' to 'SHORT', possible loss of data	x64,x86	SPC-HOST-VIDEO-BINDINGS	read-value-range-and-architecture-delta	narrowing/widening is not automatically a defect; determine guest fixed-width value, private native value, or host identity before selecting original correction, overlay, or mapping-manager boundary	T310-S8-P4-WARN-037657,T310-S8-P4-WARN-037658
T310-S8-P4-CLASS-018926	src/mvdm-host/softpc.new/host/src/nt_graph.c	977	C4244	'=': conversion from 'int' to 'SHORT', possible loss of data	x64,x86	SPC-HOST-VIDEO-BINDINGS	read-value-range-and-architecture-delta	narrowing/widening is not automatically a defect; determine guest fixed-width value, private native value, or host identity before selecting original correction, overlay, or mapping-manager boundary	T310-S8-P4-WARN-037659,T310-S8-P4-WARN-037660
T310-S8-P4-CLASS-018927	src/mvdm-host/softpc.new/host/src/nt_graph.c	978	C4244	'=': conversion from 'int' to 'SHORT', possible loss of data	x64,x86	SPC-HOST-VIDEO-BINDINGS	read-value-range-and-architecture-delta	narrowing/widening is not automatically a defect; determine guest fixed-width value, private native value, or host identity before selecting original correction, overlay, or mapping-manager boundary	T310-S8-P4-WARN-037661,T310-S8-P4-WARN-037662
T310-S8-P4-CLASS-018928	src/mvdm-host/softpc.new/host/src/nt_graph.c	982	C4244	'=': conversion from 'int' to 'SHORT', possible loss of data	x64,x86	SPC-HOST-VIDEO-BINDINGS	read-value-range-and-architecture-delta	narrowing/widening is not automatically a defect; determine guest fixed-width value, private native value, or host identity before selecting original correction, overlay, or mapping-manager boundary	T310-S8-P4-WARN-037663,T310-S8-P4-WARN-037664
T310-S8-P4-CLASS-018929	src/mvdm-host/softpc.new/host/src/nt_graph.c	988	C4244	'=': conversion from 'int' to 'WORD', possible loss of data	x64,x86	SPC-HOST-VIDEO-BINDINGS	read-value-range-and-architecture-delta	narrowing/widening is not automatically a defect; determine guest fixed-width value, private native value, or host identity before selecting original correction, overlay, or mapping-manager boundary	T310-S8-P4-WARN-037665,T310-S8-P4-WARN-037666
T310-S8-P4-CLASS-018930	src/mvdm-host/softpc.new/host/src/nt_graph.c	1046	C4244	'=': conversion from 'int' to 'SHORT', possible loss of data	x64,x86	SPC-HOST-VIDEO-BINDINGS	read-value-range-and-architecture-delta	narrowing/widening is not automatically a defect; determine guest fixed-width value, private native value, or host identity before selecting original correction, overlay, or mapping-manager boundary	T310-S8-P4-WARN-037667,T310-S8-P4-WARN-037668
T310-S8-P4-CLASS-018931	src/mvdm-host/softpc.new/host/src/nt_graph.c	1047	C4244	'=': conversion from 'int' to 'SHORT', possible loss of data	x64,x86	SPC-HOST-VIDEO-BINDINGS	read-value-range-and-architecture-delta	narrowing/widening is not automatically a defect; determine guest fixed-width value, private native value, or host identity before selecting original correction, overlay, or mapping-manager boundary	T310-S8-P4-WARN-037669,T310-S8-P4-WARN-037670
T310-S8-P4-CLASS-018932	src/mvdm-host/softpc.new/host/src/nt_graph.c	1049	C4244	'=': conversion from 'int' to 'SHORT', possible loss of data	x64,x86	SPC-HOST-VIDEO-BINDINGS	read-value-range-and-architecture-delta	narrowing/widening is not automatically a defect; determine guest fixed-width value, private native value, or host identity before selecting original correction, overlay, or mapping-manager boundary	T310-S8-P4-WARN-037671,T310-S8-P4-WARN-037672
T310-S8-P4-CLASS-018933	src/mvdm-host/softpc.new/host/src/nt_graph.c	1050	C4244	'=': conversion from 'int' to 'SHORT', possible loss of data	x64,x86	SPC-HOST-VIDEO-BINDINGS	read-value-range-and-architecture-delta	narrowing/widening is not automatically a defect; determine guest fixed-width value, private native value, or host identity before selecting original correction, overlay, or mapping-manager boundary	T310-S8-P4-WARN-037673,T310-S8-P4-WARN-037674
T310-S8-P4-CLASS-018934	src/mvdm-host/softpc.new/host/src/nt_graph.c	1054	C4244	'=': conversion from 'int' to 'SHORT', possible loss of data	x64,x86	SPC-HOST-VIDEO-BINDINGS	read-value-range-and-architecture-delta	narrowing/widening is not automatically a defect; determine guest fixed-width value, private native value, or host identity before selecting original correction, overlay, or mapping-manager boundary	T310-S8-P4-WARN-037675,T310-S8-P4-WARN-037676
T310-S8-P4-CLASS-018935	src/mvdm-host/softpc.new/host/src/nt_graph.c	1060	C4244	'=': conversion from 'int' to 'WORD', possible loss of data	x64,x86	SPC-HOST-VIDEO-BINDINGS	read-value-range-and-architecture-delta	narrowing/widening is not automatically a defect; determine guest fixed-width value, private native value, or host identity before selecting original correction, overlay, or mapping-manager boundary	T310-S8-P4-WARN-037677,T310-S8-P4-WARN-037678
T310-S8-P4-CLASS-018937	src/mvdm-host/softpc.new/host/src/nt_graph.c	1097	C4244	'=': conversion from 'int' to 'SHORT', possible loss of data	x64,x86	SPC-HOST-VIDEO-BINDINGS	read-value-range-and-architecture-delta	narrowing/widening is not automatically a defect; determine guest fixed-width value, private native value, or host identity before selecting original correction, overlay, or mapping-manager boundary	T310-S8-P4-WARN-037681,T310-S8-P4-WARN-037682
T310-S8-P4-CLASS-018939	src/mvdm-host/softpc.new/host/src/nt_graph.c	1401	C4131	'high_stretch3': uses old-style declarator	x64,x86	SPC-HOST-VIDEO-BINDINGS	must-read-old-style-call-contract	K&R declaration may hide a modern parameter/return ABI mismatch; compare the selected declaration and callers before deciding whether it is a harmless source-style warning	T310-S8-P4-WARN-037685,T310-S8-P4-WARN-037686
T310-S8-P4-CLASS-018940	src/mvdm-host/softpc.new/host/src/nt_graph.c	1422	C4131	'high_stretch4': uses old-style declarator	x64,x86	SPC-HOST-VIDEO-BINDINGS	must-read-old-style-call-contract	K&R declaration may hide a modern parameter/return ABI mismatch; compare the selected declaration and callers before deciding whether it is a harmless source-style warning	T310-S8-P4-WARN-037687,T310-S8-P4-WARN-037688
T310-S8-P4-CLASS-018943	src/mvdm-host/softpc.new/host/src/nt_graph.c	1733	C4013	'SetConsolePalette' undefined; assuming extern returning int	x64,x86	SPC-HOST-VIDEO-BINDINGS	must-repair-call-abi	undeclared, old-style, or incompatible call/table contract may truncate a pointer or pass the wrong calling convention; reconcile declaration, definition, table slot and selected callers	T310-S8-P4-WARN-037693,T310-S8-P4-WARN-037694
T310-S8-P4-CLASS-018959	src/mvdm-host/softpc.new/host/src/nt_graph.c	1886	C4244	'=': conversion from 'int' to 'SHORT', possible loss of data	x64,x86	SPC-HOST-VIDEO-BINDINGS	read-value-range-and-architecture-delta	narrowing/widening is not automatically a defect; determine guest fixed-width value, private native value, or host identity before selecting original correction, overlay, or mapping-manager boundary	T310-S8-P4-WARN-037725,T310-S8-P4-WARN-037726
T310-S8-P4-CLASS-018960	src/mvdm-host/softpc.new/host/src/nt_graph.c	1887	C4244	'=': conversion from 'int' to 'SHORT', possible loss of data	x64,x86	SPC-HOST-VIDEO-BINDINGS	read-value-range-and-architecture-delta	narrowing/widening is not automatically a defect; determine guest fixed-width value, private native value, or host identity before selecting original correction, overlay, or mapping-manager boundary	T310-S8-P4-WARN-037727,T310-S8-P4-WARN-037728
T310-S8-P4-CLASS-018961	src/mvdm-host/softpc.new/host/src/nt_graph.c	1888	C4244	'=': conversion from 'int' to 'SHORT', possible loss of data	x64,x86	SPC-HOST-VIDEO-BINDINGS	read-value-range-and-architecture-delta	narrowing/widening is not automatically a defect; determine guest fixed-width value, private native value, or host identity before selecting original correction, overlay, or mapping-manager boundary	T310-S8-P4-WARN-037729,T310-S8-P4-WARN-037730
T310-S8-P4-CLASS-018962	src/mvdm-host/softpc.new/host/src/nt_graph.c	1889	C4244	'=': conversion from 'int' to 'SHORT', possible loss of data	x64,x86	SPC-HOST-VIDEO-BINDINGS	read-value-range-and-architecture-delta	narrowing/widening is not automatically a defect; determine guest fixed-width value, private native value, or host identity before selecting original correction, overlay, or mapping-manager boundary	T310-S8-P4-WARN-037731,T310-S8-P4-WARN-037732
T310-S8-P4-CLASS-018963	src/mvdm-host/softpc.new/host/src/nt_graph.c	1909	C4244	'=': conversion from 'int' to 'SHORT', possible loss of data	x64,x86	SPC-HOST-VIDEO-BINDINGS	read-value-range-and-architecture-delta	narrowing/widening is not automatically a defect; determine guest fixed-width value, private native value, or host identity before selecting original correction, overlay, or mapping-manager boundary	T310-S8-P4-WARN-037733,T310-S8-P4-WARN-037734
T310-S8-P4-CLASS-018964	src/mvdm-host/softpc.new/host/src/nt_graph.c	1910	C4244	'=': conversion from 'int' to 'SHORT', possible loss of data	x64,x86	SPC-HOST-VIDEO-BINDINGS	read-value-range-and-architecture-delta	narrowing/widening is not automatically a defect; determine guest fixed-width value, private native value, or host identity before selecting original correction, overlay, or mapping-manager boundary	T310-S8-P4-WARN-037735,T310-S8-P4-WARN-037736
T310-S8-P4-CLASS-018969	src/mvdm-host/softpc.new/host/src/nt_vga.c	140	C4244	'=': conversion from 'int' to 'SHORT', possible loss of data	x64,x86	SPC-HOST-VIDEO-BINDINGS	read-value-range-and-architecture-delta	narrowing/widening is not automatically a defect; determine guest fixed-width value, private native value, or host identity before selecting original correction, overlay, or mapping-manager boundary	T310-S8-P4-WARN-037745,T310-S8-P4-WARN-037746
T310-S8-P4-CLASS-018970	src/mvdm-host/softpc.new/host/src/nt_vga.c	141	C4244	'=': conversion from 'int' to 'SHORT', possible loss of data	x64,x86	SPC-HOST-VIDEO-BINDINGS	read-value-range-and-architecture-delta	narrowing/widening is not automatically a defect; determine guest fixed-width value, private native value, or host identity before selecting original correction, overlay, or mapping-manager boundary	T310-S8-P4-WARN-037747,T310-S8-P4-WARN-037748
T310-S8-P4-CLASS-018971	src/mvdm-host/softpc.new/host/src/nt_vga.c	142	C4244	'=': conversion from 'int' to 'SHORT', possible loss of data	x64,x86	SPC-HOST-VIDEO-BINDINGS	read-value-range-and-architecture-delta	narrowing/widening is not automatically a defect; determine guest fixed-width value, private native value, or host identity before selecting original correction, overlay, or mapping-manager boundary	T310-S8-P4-WARN-037749,T310-S8-P4-WARN-037750
T310-S8-P4-CLASS-018972	src/mvdm-host/softpc.new/host/src/nt_vga.c	143	C4244	'=': conversion from 'int' to 'SHORT', possible loss of data	x64,x86	SPC-HOST-VIDEO-BINDINGS	read-value-range-and-architecture-delta	narrowing/widening is not automatically a defect; determine guest fixed-width value, private native value, or host identity before selecting original correction, overlay, or mapping-manager boundary	T310-S8-P4-WARN-037751,T310-S8-P4-WARN-037752
T310-S8-P4-CLASS-018973	src/mvdm-host/softpc.new/host/src/nt_vga.c	258	C4244	'=': conversion from 'int' to 'SHORT', possible loss of data	x64,x86	SPC-HOST-VIDEO-BINDINGS	read-value-range-and-architecture-delta	narrowing/widening is not automatically a defect; determine guest fixed-width value, private native value, or host identity before selecting original correction, overlay, or mapping-manager boundary	T310-S8-P4-WARN-037753,T310-S8-P4-WARN-037754
T310-S8-P4-CLASS-018974	src/mvdm-host/softpc.new/host/src/nt_vga.c	259	C4244	'=': conversion from 'int' to 'SHORT', possible loss of data	x64,x86	SPC-HOST-VIDEO-BINDINGS	read-value-range-and-architecture-delta	narrowing/widening is not automatically a defect; determine guest fixed-width value, private native value, or host identity before selecting original correction, overlay, or mapping-manager boundary	T310-S8-P4-WARN-037755,T310-S8-P4-WARN-037756
T310-S8-P4-CLASS-018975	src/mvdm-host/softpc.new/host/src/nt_vga.c	260	C4244	'=': conversion from 'int' to 'SHORT', possible loss of data	x64,x86	SPC-HOST-VIDEO-BINDINGS	read-value-range-and-architecture-delta	narrowing/widening is not automatically a defect; determine guest fixed-width value, private native value, or host identity before selecting original correction, overlay, or mapping-manager boundary	T310-S8-P4-WARN-037757,T310-S8-P4-WARN-037758
T310-S8-P4-CLASS-018976	src/mvdm-host/softpc.new/host/src/nt_vga.c	261	C4244	'=': conversion from 'int' to 'SHORT', possible loss of data	x64,x86	SPC-HOST-VIDEO-BINDINGS	read-value-range-and-architecture-delta	narrowing/widening is not automatically a defect; determine guest fixed-width value, private native value, or host identity before selecting original correction, overlay, or mapping-manager boundary	T310-S8-P4-WARN-037759,T310-S8-P4-WARN-037760
T310-S8-P4-CLASS-018977	src/mvdm-host/softpc.new/host/src/nt_vga.c	387	C4244	'=': conversion from 'int' to 'SHORT', possible loss of data	x64,x86	SPC-HOST-VIDEO-BINDINGS	read-value-range-and-architecture-delta	narrowing/widening is not automatically a defect; determine guest fixed-width value, private native value, or host identity before selecting original correction, overlay, or mapping-manager boundary	T310-S8-P4-WARN-037761,T310-S8-P4-WARN-037762
T310-S8-P4-CLASS-018978	src/mvdm-host/softpc.new/host/src/nt_vga.c	388	C4244	'=': conversion from 'int' to 'SHORT', possible loss of data	x64,x86	SPC-HOST-VIDEO-BINDINGS	read-value-range-and-architecture-delta	narrowing/widening is not automatically a defect; determine guest fixed-width value, private native value, or host identity before selecting original correction, overlay, or mapping-manager boundary	T310-S8-P4-WARN-037763,T310-S8-P4-WARN-037764
T310-S8-P4-CLASS-018979	src/mvdm-host/softpc.new/host/src/nt_vga.c	389	C4244	'=': conversion from 'int' to 'SHORT', possible loss of data	x64,x86	SPC-HOST-VIDEO-BINDINGS	read-value-range-and-architecture-delta	narrowing/widening is not automatically a defect; determine guest fixed-width value, private native value, or host identity before selecting original correction, overlay, or mapping-manager boundary	T310-S8-P4-WARN-037765,T310-S8-P4-WARN-037766
T310-S8-P4-CLASS-018980	src/mvdm-host/softpc.new/host/src/nt_vga.c	390	C4244	'=': conversion from 'int' to 'SHORT', possible loss of data	x64,x86	SPC-HOST-VIDEO-BINDINGS	read-value-range-and-architecture-delta	narrowing/widening is not automatically a defect; determine guest fixed-width value, private native value, or host identity before selecting original correction, overlay, or mapping-manager boundary	T310-S8-P4-WARN-037767,T310-S8-P4-WARN-037768
T310-S8-P4-CLASS-018981	src/mvdm-host/softpc.new/host/src/nt_vga.c	511	C4244	'=': conversion from 'int' to 'SHORT', possible loss of data	x64,x86	SPC-HOST-VIDEO-BINDINGS	read-value-range-and-architecture-delta	narrowing/widening is not automatically a defect; determine guest fixed-width value, private native value, or host identity before selecting original correction, overlay, or mapping-manager boundary	T310-S8-P4-WARN-037769,T310-S8-P4-WARN-037770
T310-S8-P4-CLASS-018982	src/mvdm-host/softpc.new/host/src/nt_vga.c	512	C4244	'=': conversion from 'int' to 'SHORT', possible loss of data	x64,x86	SPC-HOST-VIDEO-BINDINGS	read-value-range-and-architecture-delta	narrowing/widening is not automatically a defect; determine guest fixed-width value, private native value, or host identity before selecting original correction, overlay, or mapping-manager boundary	T310-S8-P4-WARN-037771,T310-S8-P4-WARN-037772
T310-S8-P4-CLASS-018983	src/mvdm-host/softpc.new/host/src/nt_vga.c	513	C4244	'=': conversion from 'int' to 'SHORT', possible loss of data	x64,x86	SPC-HOST-VIDEO-BINDINGS	read-value-range-and-architecture-delta	narrowing/widening is not automatically a defect; determine guest fixed-width value, private native value, or host identity before selecting original correction, overlay, or mapping-manager boundary	T310-S8-P4-WARN-037773,T310-S8-P4-WARN-037774
T310-S8-P4-CLASS-018984	src/mvdm-host/softpc.new/host/src/nt_vga.c	514	C4244	'=': conversion from 'int' to 'SHORT', possible loss of data	x64,x86	SPC-HOST-VIDEO-BINDINGS	read-value-range-and-architecture-delta	narrowing/widening is not automatically a defect; determine guest fixed-width value, private native value, or host identity before selecting original correction, overlay, or mapping-manager boundary	T310-S8-P4-WARN-037775,T310-S8-P4-WARN-037776
T310-S8-P4-CLASS-018985	src/mvdm-host/softpc.new/host/src/nt_vga.c	645	C4244	'=': conversion from 'int' to 'SHORT', possible loss of data	x64,x86	SPC-HOST-VIDEO-BINDINGS	read-value-range-and-architecture-delta	narrowing/widening is not automatically a defect; determine guest fixed-width value, private native value, or host identity before selecting original correction, overlay, or mapping-manager boundary	T310-S8-P4-WARN-037777,T310-S8-P4-WARN-037778
T310-S8-P4-CLASS-018986	src/mvdm-host/softpc.new/host/src/nt_vga.c	646	C4244	'=': conversion from 'int' to 'SHORT', possible loss of data	x64,x86	SPC-HOST-VIDEO-BINDINGS	read-value-range-and-architecture-delta	narrowing/widening is not automatically a defect; determine guest fixed-width value, private native value, or host identity before selecting original correction, overlay, or mapping-manager boundary	T310-S8-P4-WARN-037779,T310-S8-P4-WARN-037780
T310-S8-P4-CLASS-018987	src/mvdm-host/softpc.new/host/src/nt_vga.c	647	C4244	'=': conversion from 'int' to 'SHORT', possible loss of data	x64,x86	SPC-HOST-VIDEO-BINDINGS	read-value-range-and-architecture-delta	narrowing/widening is not automatically a defect; determine guest fixed-width value, private native value, or host identity before selecting original correction, overlay, or mapping-manager boundary	T310-S8-P4-WARN-037781,T310-S8-P4-WARN-037782
T310-S8-P4-CLASS-018988	src/mvdm-host/softpc.new/host/src/nt_vga.c	648	C4244	'=': conversion from 'int' to 'SHORT', possible loss of data	x64,x86	SPC-HOST-VIDEO-BINDINGS	read-value-range-and-architecture-delta	narrowing/widening is not automatically a defect; determine guest fixed-width value, private native value, or host identity before selecting original correction, overlay, or mapping-manager boundary	T310-S8-P4-WARN-037783,T310-S8-P4-WARN-037784
T310-S8-P4-CLASS-018989	src/mvdm-host/softpc.new/host/src/nt_vga.c	788	C4244	'=': conversion from 'int' to 'SHORT', possible loss of data	x64,x86	SPC-HOST-VIDEO-BINDINGS	read-value-range-and-architecture-delta	narrowing/widening is not automatically a defect; determine guest fixed-width value, private native value, or host identity before selecting original correction, overlay, or mapping-manager boundary	T310-S8-P4-WARN-037785,T310-S8-P4-WARN-037786
T310-S8-P4-CLASS-018990	src/mvdm-host/softpc.new/host/src/nt_vga.c	789	C4244	'=': conversion from 'int' to 'SHORT', possible loss of data	x64,x86	SPC-HOST-VIDEO-BINDINGS	read-value-range-and-architecture-delta	narrowing/widening is not automatically a defect; determine guest fixed-width value, private native value, or host identity before selecting original correction, overlay, or mapping-manager boundary	T310-S8-P4-WARN-037787,T310-S8-P4-WARN-037788
T310-S8-P4-CLASS-018991	src/mvdm-host/softpc.new/host/src/nt_vga.c	790	C4244	'=': conversion from 'int' to 'SHORT', possible loss of data	x64,x86	SPC-HOST-VIDEO-BINDINGS	read-value-range-and-architecture-delta	narrowing/widening is not automatically a defect; determine guest fixed-width value, private native value, or host identity before selecting original correction, overlay, or mapping-manager boundary	T310-S8-P4-WARN-037789,T310-S8-P4-WARN-037790
T310-S8-P4-CLASS-018992	src/mvdm-host/softpc.new/host/src/nt_vga.c	791	C4244	'=': conversion from 'int' to 'SHORT', possible loss of data	x64,x86	SPC-HOST-VIDEO-BINDINGS	read-value-range-and-architecture-delta	narrowing/widening is not automatically a defect; determine guest fixed-width value, private native value, or host identity before selecting original correction, overlay, or mapping-manager boundary	T310-S8-P4-WARN-037791,T310-S8-P4-WARN-037792
T310-S8-P4-CLASS-018993	src/mvdm-host/softpc.new/host/src/nt_vga.c	904	C4244	'=': conversion from 'int' to 'SHORT', possible loss of data	x64,x86	SPC-HOST-VIDEO-BINDINGS	read-value-range-and-architecture-delta	narrowing/widening is not automatically a defect; determine guest fixed-width value, private native value, or host identity before selecting original correction, overlay, or mapping-manager boundary	T310-S8-P4-WARN-037793,T310-S8-P4-WARN-037794
T310-S8-P4-CLASS-018994	src/mvdm-host/softpc.new/host/src/nt_vga.c	905	C4244	'=': conversion from 'int' to 'SHORT', possible loss of data	x64,x86	SPC-HOST-VIDEO-BINDINGS	read-value-range-and-architecture-delta	narrowing/widening is not automatically a defect; determine guest fixed-width value, private native value, or host identity before selecting original correction, overlay, or mapping-manager boundary	T310-S8-P4-WARN-037795,T310-S8-P4-WARN-037796
T310-S8-P4-CLASS-018995	src/mvdm-host/softpc.new/host/src/nt_vga.c	906	C4244	'=': conversion from 'int' to 'SHORT', possible loss of data	x64,x86	SPC-HOST-VIDEO-BINDINGS	read-value-range-and-architecture-delta	narrowing/widening is not automatically a defect; determine guest fixed-width value, private native value, or host identity before selecting original correction, overlay, or mapping-manager boundary	T310-S8-P4-WARN-037797,T310-S8-P4-WARN-037798
T310-S8-P4-CLASS-018996	src/mvdm-host/softpc.new/host/src/nt_vga.c	907	C4244	'=': conversion from 'int' to 'SHORT', possible loss of data	x64,x86	SPC-HOST-VIDEO-BINDINGS	read-value-range-and-architecture-delta	narrowing/widening is not automatically a defect; determine guest fixed-width value, private native value, or host identity before selecting original correction, overlay, or mapping-manager boundary	T310-S8-P4-WARN-037799,T310-S8-P4-WARN-037800
T310-S8-P4-CLASS-018997	src/mvdm-host/softpc.new/host/src/nt_vga.c	1063	C4244	'=': conversion from 'int' to 'SHORT', possible loss of data	x64,x86	SPC-HOST-VIDEO-BINDINGS	read-value-range-and-architecture-delta	narrowing/widening is not automatically a defect; determine guest fixed-width value, private native value, or host identity before selecting original correction, overlay, or mapping-manager boundary	T310-S8-P4-WARN-037801,T310-S8-P4-WARN-037802
T310-S8-P4-CLASS-018998	src/mvdm-host/softpc.new/host/src/nt_vga.c	1064	C4244	'=': conversion from 'int' to 'SHORT', possible loss of data	x64,x86	SPC-HOST-VIDEO-BINDINGS	read-value-range-and-architecture-delta	narrowing/widening is not automatically a defect; determine guest fixed-width value, private native value, or host identity before selecting original correction, overlay, or mapping-manager boundary	T310-S8-P4-WARN-037803,T310-S8-P4-WARN-037804
T310-S8-P4-CLASS-018999	src/mvdm-host/softpc.new/host/src/nt_vga.c	1065	C4244	'=': conversion from 'int' to 'SHORT', possible loss of data	x64,x86	SPC-HOST-VIDEO-BINDINGS	read-value-range-and-architecture-delta	narrowing/widening is not automatically a defect; determine guest fixed-width value, private native value, or host identity before selecting original correction, overlay, or mapping-manager boundary	T310-S8-P4-WARN-037805,T310-S8-P4-WARN-037806
T310-S8-P4-CLASS-019000	src/mvdm-host/softpc.new/host/src/nt_vga.c	1066	C4244	'=': conversion from 'int' to 'SHORT', possible loss of data	x64,x86	SPC-HOST-VIDEO-BINDINGS	read-value-range-and-architecture-delta	narrowing/widening is not automatically a defect; determine guest fixed-width value, private native value, or host identity before selecting original correction, overlay, or mapping-manager boundary	T310-S8-P4-WARN-037807,T310-S8-P4-WARN-037808
T310-S8-P4-CLASS-019001	src/mvdm-host/softpc.new/host/src/nt_vga.c	1186	C4244	'=': conversion from 'int' to 'SHORT', possible loss of data	x64,x86	SPC-HOST-VIDEO-BINDINGS	read-value-range-and-architecture-delta	narrowing/widening is not automatically a defect; determine guest fixed-width value, private native value, or host identity before selecting original correction, overlay, or mapping-manager boundary	T310-S8-P4-WARN-037809,T310-S8-P4-WARN-037810
T310-S8-P4-CLASS-019002	src/mvdm-host/softpc.new/host/src/nt_vga.c	1187	C4244	'=': conversion from 'int' to 'SHORT', possible loss of data	x64,x86	SPC-HOST-VIDEO-BINDINGS	read-value-range-and-architecture-delta	narrowing/widening is not automatically a defect; determine guest fixed-width value, private native value, or host identity before selecting original correction, overlay, or mapping-manager boundary	T310-S8-P4-WARN-037811,T310-S8-P4-WARN-037812
T310-S8-P4-CLASS-019003	src/mvdm-host/softpc.new/host/src/nt_vga.c	1188	C4244	'=': conversion from 'int' to 'SHORT', possible loss of data	x64,x86	SPC-HOST-VIDEO-BINDINGS	read-value-range-and-architecture-delta	narrowing/widening is not automatically a defect; determine guest fixed-width value, private native value, or host identity before selecting original correction, overlay, or mapping-manager boundary	T310-S8-P4-WARN-037813,T310-S8-P4-WARN-037814
T310-S8-P4-CLASS-019004	src/mvdm-host/softpc.new/host/src/nt_vga.c	1189	C4244	'=': conversion from 'int' to 'SHORT', possible loss of data	x64,x86	SPC-HOST-VIDEO-BINDINGS	read-value-range-and-architecture-delta	narrowing/widening is not automatically a defect; determine guest fixed-width value, private native value, or host identity before selecting original correction, overlay, or mapping-manager boundary	T310-S8-P4-WARN-037815,T310-S8-P4-WARN-037816
T310-S8-P4-CLASS-019050	src/mvdm-host/softpc.new/base/keymouse/keyba.c	1925	C4244	'function': conversion from 'int' to 'IU8', possible loss of data	x64,x86	SPC-INPUT-CONTROLLER-CALLBACKS	read-value-range-and-architecture-delta	narrowing/widening is not automatically a defect; determine guest fixed-width value, private native value, or host identity before selecting original correction, overlay, or mapping-manager boundary	T310-S8-P4-WARN-037907,T310-S8-P4-WARN-037908
T310-S8-P4-CLASS-019051	src/mvdm-host/softpc.new/base/keymouse/keyba.c	1940	C4244	'=': conversion from 'int' to 'IU8', possible loss of data	x64,x86	SPC-INPUT-CONTROLLER-CALLBACKS	read-value-range-and-architecture-delta	narrowing/widening is not automatically a defect; determine guest fixed-width value, private native value, or host identity before selecting original correction, overlay, or mapping-manager boundary	T310-S8-P4-WARN-037909,T310-S8-P4-WARN-037910
T310-S8-P4-CLASS-019054	src/mvdm-host/softpc.new/base/keymouse/keyba.c	2425	C4013	'xmsDisableA20Wrapping' undefined; assuming extern returning int	x64,x86	SPC-INPUT-CONTROLLER-CALLBACKS	must-repair-call-abi	undeclared, old-style, or incompatible call/table contract may truncate a pointer or pass the wrong calling convention; reconcile declaration, definition, table slot and selected callers	T310-S8-P4-WARN-037915,T310-S8-P4-WARN-037916
T310-S8-P4-CLASS-019055	src/mvdm-host/softpc.new/base/keymouse/keyba.c	2437	C4013	'xmsEnableA20Wrapping' undefined; assuming extern returning int	x64,x86	SPC-INPUT-CONTROLLER-CALLBACKS	must-repair-call-abi	undeclared, old-style, or incompatible call/table contract may truncate a pointer or pass the wrong calling convention; reconcile declaration, definition, table slot and selected callers	T310-S8-P4-WARN-037917,T310-S8-P4-WARN-037918
T310-S8-P4-CLASS-019056	src/mvdm-host/softpc.new/base/keymouse/keyba.c	3228	C4244	'function': conversion from 'int' to 'IU16', possible loss of data	x64,x86	SPC-INPUT-CONTROLLER-CALLBACKS	read-value-range-and-architecture-delta	narrowing/widening is not automatically a defect; determine guest fixed-width value, private native value, or host identity before selecting original correction, overlay, or mapping-manager boundary	T310-S8-P4-WARN-037919,T310-S8-P4-WARN-037920
T310-S8-P4-CLASS-019060	src/mvdm-host/softpc.new/base/keymouse/keybd_io.c	1208	C4244	'function': conversion from 'int' to 'IU8', possible loss of data	x64,x86	SPC-INPUT-CONTROLLER-CALLBACKS	read-value-range-and-architecture-delta	narrowing/widening is not automatically a defect; determine guest fixed-width value, private native value, or host identity before selecting original correction, overlay, or mapping-manager boundary	T310-S8-P4-WARN-037927,T310-S8-P4-WARN-037928
T310-S8-P4-CLASS-019061	src/mvdm-host/softpc.new/base/keymouse/mouse_io.c	473	C4431	missing type specifier - int assumed. Note: C no longer supports default-int	x64,x86	SPC-INPUT-CONTROLLER-CALLBACKS	must-repair-call-abi	undeclared, old-style, or incompatible call/table contract may truncate a pointer or pass the wrong calling convention; reconcile declaration, definition, table slot and selected callers	T310-S8-P4-WARN-037929,T310-S8-P4-WARN-037930
T310-S8-P4-CLASS-019062	src/mvdm-host/softpc.new/base/keymouse/mouse_io.c	474	C4431	missing type specifier - int assumed. Note: C no longer supports default-int	x64,x86	SPC-INPUT-CONTROLLER-CALLBACKS	must-repair-call-abi	undeclared, old-style, or incompatible call/table contract may truncate a pointer or pass the wrong calling convention; reconcile declaration, definition, table slot and selected callers	T310-S8-P4-WARN-037931,T310-S8-P4-WARN-037932
T310-S8-P4-CLASS-019063	src/mvdm-host/softpc.new/base/keymouse/mouse_io.c	795	C4431	missing type specifier - int assumed. Note: C no longer supports default-int	x64,x86	SPC-INPUT-CONTROLLER-CALLBACKS	must-repair-call-abi	undeclared, old-style, or incompatible call/table contract may truncate a pointer or pass the wrong calling convention; reconcile declaration, definition, table slot and selected callers	T310-S8-P4-WARN-037933,T310-S8-P4-WARN-037934
T310-S8-P4-CLASS-019064	src/mvdm-host/softpc.new/base/keymouse/mouse_io.c	798	C4431	missing type specifier - int assumed. Note: C no longer supports default-int	x64,x86	SPC-INPUT-CONTROLLER-CALLBACKS	must-repair-call-abi	undeclared, old-style, or incompatible call/table contract may truncate a pointer or pass the wrong calling convention; reconcile declaration, definition, table slot and selected callers	T310-S8-P4-WARN-037935,T310-S8-P4-WARN-037936
T310-S8-P4-CLASS-019065	src/mvdm-host/softpc.new/base/keymouse/mouse_io.c	819	C4013	'host_memset' undefined; assuming extern returning int	x64,x86	SPC-INPUT-CONTROLLER-CALLBACKS	must-repair-call-abi	undeclared, old-style, or incompatible call/table contract may truncate a pointer or pass the wrong calling convention; reconcile declaration, definition, table slot and selected callers	T310-S8-P4-WARN-037937,T310-S8-P4-WARN-037938
T310-S8-P4-CLASS-019066	src/mvdm-host/softpc.new/base/keymouse/mouse_io.c	854	C4244	'=': conversion from 'int' to 'MOUSE_SCREEN_DATA', possible loss of data	x64,x86	SPC-INPUT-CONTROLLER-CALLBACKS	read-value-range-and-architecture-delta	narrowing/widening is not automatically a defect; determine guest fixed-width value, private native value, or host identity before selecting original correction, overlay, or mapping-manager boundary	T310-S8-P4-WARN-037939,T310-S8-P4-WARN-037940
T310-S8-P4-CLASS-019067	src/mvdm-host/softpc.new/base/keymouse/mouse_io.c	855	C4244	'=': conversion from 'int' to 'MOUSE_SCREEN_DATA', possible loss of data	x64,x86	SPC-INPUT-CONTROLLER-CALLBACKS	read-value-range-and-architecture-delta	narrowing/widening is not automatically a defect; determine guest fixed-width value, private native value, or host identity before selecting original correction, overlay, or mapping-manager boundary	T310-S8-P4-WARN-037941,T310-S8-P4-WARN-037942
T310-S8-P4-CLASS-019074	src/mvdm-host/softpc.new/base/keymouse/mouse_io.c	1583	C4131	'restore_ega_defaults': uses old-style declarator	x64,x86	SPC-INPUT-CONTROLLER-CALLBACKS	must-read-old-style-call-contract	K&R declaration may hide a modern parameter/return ABI mismatch; compare the selected declaration and callers before deciding whether it is a harmless source-style warning	T310-S8-P4-WARN-037955,T310-S8-P4-WARN-037956
T310-S8-P4-CLASS-019075	src/mvdm-host/softpc.new/base/keymouse/mouse_io.c	1638	C4244	'function': conversion from 'int' to 'IU8', possible loss of data	x64,x86	SPC-INPUT-CONTROLLER-CALLBACKS	read-value-range-and-architecture-delta	narrowing/widening is not automatically a defect; determine guest fixed-width value, private native value, or host identity before selecting original correction, overlay, or mapping-manager boundary	T310-S8-P4-WARN-037957,T310-S8-P4-WARN-037958
T310-S8-P4-CLASS-019076	src/mvdm-host/softpc.new/base/keymouse/mouse_io.c	1649	C4244	'function': conversion from 'int' to 'IU8', possible loss of data	x64,x86	SPC-INPUT-CONTROLLER-CALLBACKS	read-value-range-and-architecture-delta	narrowing/widening is not automatically a defect; determine guest fixed-width value, private native value, or host identity before selecting original correction, overlay, or mapping-manager boundary	T310-S8-P4-WARN-037959,T310-S8-P4-WARN-037960
T310-S8-P4-CLASS-019077	src/mvdm-host/softpc.new/base/keymouse/mouse_io.c	1661	C4431	missing type specifier - int assumed. Note: C no longer supports default-int	x64,x86	SPC-INPUT-CONTROLLER-CALLBACKS	must-repair-call-abi	undeclared, old-style, or incompatible call/table contract may truncate a pointer or pass the wrong calling convention; reconcile declaration, definition, table slot and selected callers	T310-S8-P4-WARN-037961,T310-S8-P4-WARN-037962
T310-S8-P4-CLASS-019078	src/mvdm-host/softpc.new/base/keymouse/mouse_io.c	1707	C4013	'mouse_ega_mode' undefined; assuming extern returning int	x64,x86	SPC-INPUT-CONTROLLER-CALLBACKS	must-repair-call-abi	undeclared, old-style, or incompatible call/table contract may truncate a pointer or pass the wrong calling convention; reconcile declaration, definition, table slot and selected callers	T310-S8-P4-WARN-037963,T310-S8-P4-WARN-037964
T310-S8-P4-CLASS-019080	src/mvdm-host/softpc.new/base/keymouse/mouse_io.c	1713	C4131	'mouse_ega_mode': uses old-style declarator	x64,x86	SPC-INPUT-CONTROLLER-CALLBACKS	must-read-old-style-call-contract	K&R declaration may hide a modern parameter/return ABI mismatch; compare the selected declaration and callers before deciding whether it is a harmless source-style warning	T310-S8-P4-WARN-037966,T310-S8-P4-WARN-037969
T310-S8-P4-CLASS-019081	src/mvdm-host/softpc.new/base/keymouse/mouse_io.c	1713	C4431	missing type specifier - int assumed. Note: C no longer supports default-int	x64,x86	SPC-INPUT-CONTROLLER-CALLBACKS	must-repair-call-abi	undeclared, old-style, or incompatible call/table contract may truncate a pointer or pass the wrong calling convention; reconcile declaration, definition, table slot and selected callers	T310-S8-P4-WARN-037967,T310-S8-P4-WARN-037970
T310-S8-P4-CLASS-019082	src/mvdm-host/softpc.new/base/keymouse/mouse_io.c	1838	C4244	'function': conversion from 'int' to 'IU8', possible loss of data	x64,x86	SPC-INPUT-CONTROLLER-CALLBACKS	read-value-range-and-architecture-delta	narrowing/widening is not automatically a defect; determine guest fixed-width value, private native value, or host identity before selecting original correction, overlay, or mapping-manager boundary	T310-S8-P4-WARN-037971,T310-S8-P4-WARN-037972
T310-S8-P4-CLASS-019083	src/mvdm-host/softpc.new/base/keymouse/mouse_io.c	1839	C4244	'function': conversion from 'int' to 'IU8', possible loss of data	x64,x86	SPC-INPUT-CONTROLLER-CALLBACKS	read-value-range-and-architecture-delta	narrowing/widening is not automatically a defect; determine guest fixed-width value, private native value, or host identity before selecting original correction, overlay, or mapping-manager boundary	T310-S8-P4-WARN-037973,T310-S8-P4-WARN-037974
T310-S8-P4-CLASS-019084	src/mvdm-host/softpc.new/base/keymouse/mouse_io.c	1847	C4244	'function': conversion from 'MOUSE_SCALAR' to 'IU8', possible loss of data	x64,x86	SPC-INPUT-CONTROLLER-CALLBACKS	read-value-range-and-architecture-delta	narrowing/widening is not automatically a defect; determine guest fixed-width value, private native value, or host identity before selecting original correction, overlay, or mapping-manager boundary	T310-S8-P4-WARN-037975,T310-S8-P4-WARN-037976
T310-S8-P4-CLASS-019085	src/mvdm-host/softpc.new/base/keymouse/mouse_io.c	1855	C4244	'function': conversion from 'MOUSE_STATE' to 'IU8', possible loss of data	x64,x86	SPC-INPUT-CONTROLLER-CALLBACKS	read-value-range-and-architecture-delta	narrowing/widening is not automatically a defect; determine guest fixed-width value, private native value, or host identity before selecting original correction, overlay, or mapping-manager boundary	T310-S8-P4-WARN-037977,T310-S8-P4-WARN-037978
T310-S8-P4-CLASS-019086	src/mvdm-host/softpc.new/base/keymouse/mouse_io.c	1995	C4244	'function': conversion from 'int' to 'IU16', possible loss of data	x64,x86	SPC-INPUT-CONTROLLER-CALLBACKS	read-value-range-and-architecture-delta	narrowing/widening is not automatically a defect; determine guest fixed-width value, private native value, or host identity before selecting original correction, overlay, or mapping-manager boundary	T310-S8-P4-WARN-037979,T310-S8-P4-WARN-037980
T310-S8-P4-CLASS-019087	src/mvdm-host/softpc.new/base/keymouse/mouse_io.c	2003	C4244	'function': conversion from 'int' to 'IU16', possible loss of data	x64,x86	SPC-INPUT-CONTROLLER-CALLBACKS	read-value-range-and-architecture-delta	narrowing/widening is not automatically a defect; determine guest fixed-width value, private native value, or host identity before selecting original correction, overlay, or mapping-manager boundary	T310-S8-P4-WARN-037981,T310-S8-P4-WARN-037982
T310-S8-P4-CLASS-019088	src/mvdm-host/softpc.new/base/keymouse/mouse_io.c	2011	C4244	'function': conversion from 'int' to 'IU16', possible loss of data	x64,x86	SPC-INPUT-CONTROLLER-CALLBACKS	read-value-range-and-architecture-delta	narrowing/widening is not automatically a defect; determine guest fixed-width value, private native value, or host identity before selecting original correction, overlay, or mapping-manager boundary	T310-S8-P4-WARN-037983,T310-S8-P4-WARN-037984
T310-S8-P4-CLASS-019089	src/mvdm-host/softpc.new/base/keymouse/mouse_io.c	2025	C4244	'function': conversion from 'int' to 'IU8', possible loss of data	x64,x86	SPC-INPUT-CONTROLLER-CALLBACKS	read-value-range-and-architecture-delta	narrowing/widening is not automatically a defect; determine guest fixed-width value, private native value, or host identity before selecting original correction, overlay, or mapping-manager boundary	T310-S8-P4-WARN-037985,T310-S8-P4-WARN-037986
T310-S8-P4-CLASS-019090	src/mvdm-host/softpc.new/base/keymouse/mouse_io.c	2384	C4013	'host_os_mouse_pointer' undefined; assuming extern returning int	x64,x86	SPC-INPUT-CONTROLLER-CALLBACKS	must-repair-call-abi	undeclared, old-style, or incompatible call/table contract may truncate a pointer or pass the wrong calling convention; reconcile declaration, definition, table slot and selected callers	T310-S8-P4-WARN-037987,T310-S8-P4-WARN-037988
T310-S8-P4-CLASS-019114	src/mvdm-host/softpc.new/base/keymouse/mouse_io.c	3447	C4244	'function': conversion from 'MOUSE_SCREEN_DATA' to 'IU8', possible loss of data	x64,x86	SPC-INPUT-CONTROLLER-CALLBACKS	read-value-range-and-architecture-delta	narrowing/widening is not automatically a defect; determine guest fixed-width value, private native value, or host identity before selecting original correction, overlay, or mapping-manager boundary	T310-S8-P4-WARN-038035,T310-S8-P4-WARN-038036
T310-S8-P4-CLASS-019115	src/mvdm-host/softpc.new/base/keymouse/mouse_io.c	3448	C4244	'function': conversion from 'MOUSE_SCREEN_DATA' to 'IU8', possible loss of data	x64,x86	SPC-INPUT-CONTROLLER-CALLBACKS	read-value-range-and-architecture-delta	narrowing/widening is not automatically a defect; determine guest fixed-width value, private native value, or host identity before selecting original correction, overlay, or mapping-manager boundary	T310-S8-P4-WARN-038037,T310-S8-P4-WARN-038038
T310-S8-P4-CLASS-019147	src/mvdm-host/softpc.new/base/keymouse/mouse_io.c	3993	C4244	'=': conversion from 'IU16' to 'IU8', possible loss of data	x64,x86	SPC-INPUT-CONTROLLER-CALLBACKS	read-value-range-and-architecture-delta	narrowing/widening is not automatically a defect; determine guest fixed-width value, private native value, or host identity before selecting original correction, overlay, or mapping-manager boundary	T310-S8-P4-WARN-038101,T310-S8-P4-WARN-038102
T310-S8-P4-CLASS-019154	src/mvdm-host/softpc.new/base/keymouse/mouse_io.c	4037	C4244	'=': conversion from 'int' to 'IU16', possible loss of data	x64,x86	SPC-INPUT-CONTROLLER-CALLBACKS	read-value-range-and-architecture-delta	narrowing/widening is not automatically a defect; determine guest fixed-width value, private native value, or host identity before selecting original correction, overlay, or mapping-manager boundary	T310-S8-P4-WARN-038115,T310-S8-P4-WARN-038116
T310-S8-P4-CLASS-019176	src/mvdm-host/softpc.new/base/keymouse/mouse_io.c	4434	C4244	'=': conversion from 'int' to 'IU16', possible loss of data	x64,x86	SPC-INPUT-CONTROLLER-CALLBACKS	read-value-range-and-architecture-delta	narrowing/widening is not automatically a defect; determine guest fixed-width value, private native value, or host identity before selecting original correction, overlay, or mapping-manager boundary	T310-S8-P4-WARN-038159,T310-S8-P4-WARN-038160
T310-S8-P4-CLASS-019181	src/mvdm-host/softpc.new/base/keymouse/mouse_io.c	4651	C4244	'=': conversion from 'int' to 'IU16', possible loss of data	x64,x86	SPC-INPUT-CONTROLLER-CALLBACKS	read-value-range-and-architecture-delta	narrowing/widening is not automatically a defect; determine guest fixed-width value, private native value, or host identity before selecting original correction, overlay, or mapping-manager boundary	T310-S8-P4-WARN-038169,T310-S8-P4-WARN-038170
T310-S8-P4-CLASS-019184	src/mvdm-host/softpc.new/base/keymouse/mouse_io.c	4692	C4244	'=': conversion from 'int' to 'IU16', possible loss of data	x64,x86	SPC-INPUT-CONTROLLER-CALLBACKS	read-value-range-and-architecture-delta	narrowing/widening is not automatically a defect; determine guest fixed-width value, private native value, or host identity before selecting original correction, overlay, or mapping-manager boundary	T310-S8-P4-WARN-038175,T310-S8-P4-WARN-038176
T310-S8-P4-CLASS-019185	src/mvdm-host/softpc.new/base/keymouse/mouse_io.c	4706	C4244	'=': conversion from 'int' to 'IU16', possible loss of data	x64,x86	SPC-INPUT-CONTROLLER-CALLBACKS	read-value-range-and-architecture-delta	narrowing/widening is not automatically a defect; determine guest fixed-width value, private native value, or host identity before selecting original correction, overlay, or mapping-manager boundary	T310-S8-P4-WARN-038177,T310-S8-P4-WARN-038178
T310-S8-P4-CLASS-019186	src/mvdm-host/softpc.new/base/keymouse/mouse_io.c	4720	C4244	'=': conversion from 'int' to 'IU16', possible loss of data	x64,x86	SPC-INPUT-CONTROLLER-CALLBACKS	read-value-range-and-architecture-delta	narrowing/widening is not automatically a defect; determine guest fixed-width value, private native value, or host identity before selecting original correction, overlay, or mapping-manager boundary	T310-S8-P4-WARN-038179,T310-S8-P4-WARN-038180
T310-S8-P4-CLASS-019207	src/mvdm-host/softpc.new/base/keymouse/mouse_io.c	5581	C4244	'function': conversion from 'MOUSE_BYTE_ADDRESS' to 'IU8', possible loss of data	x64,x86	SPC-INPUT-CONTROLLER-CALLBACKS	read-value-range-and-architecture-delta	narrowing/widening is not automatically a defect; determine guest fixed-width value, private native value, or host identity before selecting original correction, overlay, or mapping-manager boundary	T310-S8-P4-WARN-038221,T310-S8-P4-WARN-038222
T310-S8-P4-CLASS-019208	src/mvdm-host/softpc.new/base/keymouse/mouse_io.c	5587	C4244	'function': conversion from 'MOUSE_BYTE_ADDRESS' to 'IU8', possible loss of data	x64,x86	SPC-INPUT-CONTROLLER-CALLBACKS	read-value-range-and-architecture-delta	narrowing/widening is not automatically a defect; determine guest fixed-width value, private native value, or host identity before selecting original correction, overlay, or mapping-manager boundary	T310-S8-P4-WARN-038223,T310-S8-P4-WARN-038224
T310-S8-P4-CLASS-019209	src/mvdm-host/softpc.new/base/keymouse/mouse_io.c	5603	C4431	missing type specifier - int assumed. Note: C no longer supports default-int	x64,x86	SPC-INPUT-CONTROLLER-CALLBACKS	must-repair-call-abi	undeclared, old-style, or incompatible call/table contract may truncate a pointer or pass the wrong calling convention; reconcile declaration, definition, table slot and selected callers	T310-S8-P4-WARN-038225,T310-S8-P4-WARN-038226
T310-S8-P4-CLASS-019210	src/mvdm-host/softpc.new/base/keymouse/mouse_io.c	5794	C4431	missing type specifier - int assumed. Note: C no longer supports default-int	x64,x86	SPC-INPUT-CONTROLLER-CALLBACKS	must-repair-call-abi	undeclared, old-style, or incompatible call/table contract may truncate a pointer or pass the wrong calling convention; reconcile declaration, definition, table slot and selected callers	T310-S8-P4-WARN-038227,T310-S8-P4-WARN-038228
T310-S8-P4-CLASS-019211	src/mvdm-host/softpc.new/base/keymouse/mouse_io.c	6101	C4244	'=': conversion from 'IU32' to 'MOUSE_SCREEN_DATA', possible loss of data	x64,x86	SPC-INPUT-CONTROLLER-CALLBACKS	read-value-range-and-architecture-delta	narrowing/widening is not automatically a defect; determine guest fixed-width value, private native value, or host identity before selecting original correction, overlay, or mapping-manager boundary	T310-S8-P4-WARN-038229,T310-S8-P4-WARN-038230
T310-S8-P4-CLASS-019212	src/mvdm-host/softpc.new/base/keymouse/mouse_io.c	6117	C4244	'function': conversion from 'IU32' to 'IU8', possible loss of data	x64,x86	SPC-INPUT-CONTROLLER-CALLBACKS	read-value-range-and-architecture-delta	narrowing/widening is not automatically a defect; determine guest fixed-width value, private native value, or host identity before selecting original correction, overlay, or mapping-manager boundary	T310-S8-P4-WARN-038231,T310-S8-P4-WARN-038232
T310-S8-P4-CLASS-019213	src/mvdm-host/softpc.new/base/keymouse/mouse_io.c	6121	C4244	'function': conversion from 'IU32' to 'IU8', possible loss of data	x64,x86	SPC-INPUT-CONTROLLER-CALLBACKS	read-value-range-and-architecture-delta	narrowing/widening is not automatically a defect; determine guest fixed-width value, private native value, or host identity before selecting original correction, overlay, or mapping-manager boundary	T310-S8-P4-WARN-038233,T310-S8-P4-WARN-038234
T310-S8-P4-CLASS-019214	src/mvdm-host/softpc.new/base/keymouse/mouse_io.c	6125	C4244	'function': conversion from 'IU32' to 'IU8', possible loss of data	x64,x86	SPC-INPUT-CONTROLLER-CALLBACKS	read-value-range-and-architecture-delta	narrowing/widening is not automatically a defect; determine guest fixed-width value, private native value, or host identity before selecting original correction, overlay, or mapping-manager boundary	T310-S8-P4-WARN-038235,T310-S8-P4-WARN-038236
T310-S8-P4-CLASS-019215	src/mvdm-host/softpc.new/base/keymouse/mouse_io.c	6147	C4244	'function': conversion from 'IU32' to 'IU8', possible loss of data	x64,x86	SPC-INPUT-CONTROLLER-CALLBACKS	read-value-range-and-architecture-delta	narrowing/widening is not automatically a defect; determine guest fixed-width value, private native value, or host identity before selecting original correction, overlay, or mapping-manager boundary	T310-S8-P4-WARN-038237,T310-S8-P4-WARN-038238
T310-S8-P4-CLASS-019216	src/mvdm-host/softpc.new/base/keymouse/mouse_io.c	6151	C4244	'function': conversion from 'IU32' to 'IU8', possible loss of data	x64,x86	SPC-INPUT-CONTROLLER-CALLBACKS	read-value-range-and-architecture-delta	narrowing/widening is not automatically a defect; determine guest fixed-width value, private native value, or host identity before selecting original correction, overlay, or mapping-manager boundary	T310-S8-P4-WARN-038239,T310-S8-P4-WARN-038240
T310-S8-P4-CLASS-019217	src/mvdm-host/softpc.new/base/keymouse/mouse_io.c	6389	C4244	'function': conversion from 'IU32' to 'IU8', possible loss of data	x64,x86	SPC-INPUT-CONTROLLER-CALLBACKS	read-value-range-and-architecture-delta	narrowing/widening is not automatically a defect; determine guest fixed-width value, private native value, or host identity before selecting original correction, overlay, or mapping-manager boundary	T310-S8-P4-WARN-038241,T310-S8-P4-WARN-038242
T310-S8-P4-CLASS-019218	src/mvdm-host/softpc.new/base/keymouse/mouse_io.c	6393	C4244	'function': conversion from 'IU32' to 'IU8', possible loss of data	x64,x86	SPC-INPUT-CONTROLLER-CALLBACKS	read-value-range-and-architecture-delta	narrowing/widening is not automatically a defect; determine guest fixed-width value, private native value, or host identity before selecting original correction, overlay, or mapping-manager boundary	T310-S8-P4-WARN-038243,T310-S8-P4-WARN-038244
T310-S8-P4-CLASS-019219	src/mvdm-host/softpc.new/base/keymouse/mouse_io.c	6397	C4244	'function': conversion from 'IU32' to 'IU8', possible loss of data	x64,x86	SPC-INPUT-CONTROLLER-CALLBACKS	read-value-range-and-architecture-delta	narrowing/widening is not automatically a defect; determine guest fixed-width value, private native value, or host identity before selecting original correction, overlay, or mapping-manager boundary	T310-S8-P4-WARN-038245,T310-S8-P4-WARN-038246
T310-S8-P4-CLASS-019220	src/mvdm-host/softpc.new/base/keymouse/mouse_io.c	6408	C4244	'function': conversion from 'IU32' to 'IU8', possible loss of data	x64,x86	SPC-INPUT-CONTROLLER-CALLBACKS	read-value-range-and-architecture-delta	narrowing/widening is not automatically a defect; determine guest fixed-width value, private native value, or host identity before selecting original correction, overlay, or mapping-manager boundary	T310-S8-P4-WARN-038247,T310-S8-P4-WARN-038248
T310-S8-P4-CLASS-019221	src/mvdm-host/softpc.new/base/keymouse/mouse_io.c	6412	C4244	'function': conversion from 'IU32' to 'IU8', possible loss of data	x64,x86	SPC-INPUT-CONTROLLER-CALLBACKS	read-value-range-and-architecture-delta	narrowing/widening is not automatically a defect; determine guest fixed-width value, private native value, or host identity before selecting original correction, overlay, or mapping-manager boundary	T310-S8-P4-WARN-038249,T310-S8-P4-WARN-038250
T310-S8-P4-CLASS-019223	src/mvdm-host/softpc.new/base/keymouse/mouse.c	201	C4244	'=': conversion from 'int' to 'IU8', possible loss of data	x64,x86	SPC-INPUT-CONTROLLER-CALLBACKS	read-value-range-and-architecture-delta	narrowing/widening is not automatically a defect; determine guest fixed-width value, private native value, or host identity before selecting original correction, overlay, or mapping-manager boundary	T310-S8-P4-WARN-038253,T310-S8-P4-WARN-038254
T310-S8-P4-CLASS-019224	src/mvdm-host/softpc.new/base/keymouse/mouse.c	202	C4244	'=': conversion from 'int' to 'IU8', possible loss of data	x64,x86	SPC-INPUT-CONTROLLER-CALLBACKS	read-value-range-and-architecture-delta	narrowing/widening is not automatically a defect; determine guest fixed-width value, private native value, or host identity before selecting original correction, overlay, or mapping-manager boundary	T310-S8-P4-WARN-038255,T310-S8-P4-WARN-038256
T310-S8-P4-CLASS-019225	src/mvdm-host/softpc.new/base/keymouse/mouse.c	204	C4244	'=': conversion from 'int' to 'IU8', possible loss of data	x64,x86	SPC-INPUT-CONTROLLER-CALLBACKS	read-value-range-and-architecture-delta	narrowing/widening is not automatically a defect; determine guest fixed-width value, private native value, or host identity before selecting original correction, overlay, or mapping-manager boundary	T310-S8-P4-WARN-038257,T310-S8-P4-WARN-038258
T310-S8-P4-CLASS-019226	src/mvdm-host/softpc.new/base/keymouse/mouse.c	210	C4244	'=': conversion from 'int' to 'IU8', possible loss of data	x64,x86	SPC-INPUT-CONTROLLER-CALLBACKS	read-value-range-and-architecture-delta	narrowing/widening is not automatically a defect; determine guest fixed-width value, private native value, or host identity before selecting original correction, overlay, or mapping-manager boundary	T310-S8-P4-WARN-038259,T310-S8-P4-WARN-038260
T310-S8-P4-CLASS-019227	src/mvdm-host/softpc.new/base/keymouse/mouse.c	215	C4244	'=': conversion from 'int' to 'IU8', possible loss of data	x64,x86	SPC-INPUT-CONTROLLER-CALLBACKS	read-value-range-and-architecture-delta	narrowing/widening is not automatically a defect; determine guest fixed-width value, private native value, or host identity before selecting original correction, overlay, or mapping-manager boundary	T310-S8-P4-WARN-038261,T310-S8-P4-WARN-038262
T310-S8-P4-CLASS-019228	src/mvdm-host/softpc.new/base/keymouse/mouse.c	348	C4131	'mouse_send': uses old-style declarator	x64,x86	SPC-INPUT-CONTROLLER-CALLBACKS	must-read-old-style-call-contract	K&R declaration may hide a modern parameter/return ABI mismatch; compare the selected declaration and callers before deciding whether it is a harmless source-style warning	T310-S8-P4-WARN-038263,T310-S8-P4-WARN-038264
T310-S8-P4-CLASS-019229	src/mvdm-host/softpc.new/base/keymouse/mouse.c	402	C4244	'function': conversion from 'int' to 'IU16', possible loss of data	x64,x86	SPC-INPUT-CONTROLLER-CALLBACKS	read-value-range-and-architecture-delta	narrowing/widening is not automatically a defect; determine guest fixed-width value, private native value, or host identity before selecting original correction, overlay, or mapping-manager boundary	T310-S8-P4-WARN-038265,T310-S8-P4-WARN-038266
T310-S8-P4-CLASS-019230	src/mvdm-host/softpc.new/host/src/nt_emm.c	254	C4311	'type cast': pointer truncation from 'void *' to 'long'	x64	SPC-MEMORY-MAPPING-BINDINGS	must-repair-width-or-pointer-abi	pointer/integer or variadic-width conversion; read the exact original value class and use a same-shaped native-width binding or the mapping manager	T310-S8-P4-WARN-038267
T310-S8-P4-CLASS-019231	src/mvdm-host/softpc.new/host/src/nt_emm.c	282	C4312	'type cast': conversion from 'long' to 'char *' of greater size	x64	SPC-MEMORY-MAPPING-BINDINGS	must-repair-width-or-pointer-abi	pointer/integer or variadic-width conversion; read the exact original value class and use a same-shaped native-width binding or the mapping manager	T310-S8-P4-WARN-038268
T310-S8-P4-CLASS-019233	src/mvdm-host/softpc.new/host/src/nt_emm.c	315	C4311	'type cast': pointer truncation from 'void *' to 'long'	x64	SPC-MEMORY-MAPPING-BINDINGS	must-repair-width-or-pointer-abi	pointer/integer or variadic-width conversion; read the exact original value class and use a same-shaped native-width binding or the mapping manager	T310-S8-P4-WARN-038271
T310-S8-P4-CLASS-019234	src/mvdm-host/softpc.new/host/src/nt_emm.c	315	C4312	'type cast': conversion from 'long' to 'char *' of greater size	x64	SPC-MEMORY-MAPPING-BINDINGS	must-repair-width-or-pointer-abi	pointer/integer or variadic-width conversion; read the exact original value class and use a same-shaped native-width binding or the mapping manager	T310-S8-P4-WARN-038272
T310-S8-P4-CLASS-019235	src/mvdm-host/softpc.new/host/src/nt_emm.c	354	C4013	'VdmMapDosMemory' undefined; assuming extern returning int	x64,x86	SPC-MEMORY-MAPPING-BINDINGS	must-repair-call-abi	undeclared, old-style, or incompatible call/table contract may truncate a pointer or pass the wrong calling convention; reconcile declaration, definition, table slot and selected callers	T310-S8-P4-WARN-038273,T310-S8-P4-WARN-038274
T310-S8-P4-CLASS-019236	src/mvdm-host/softpc.new/host/src/nt_emm.c	408	C4013	'VdmUnmapDosMemory' undefined; assuming extern returning int	x64,x86	SPC-MEMORY-MAPPING-BINDINGS	must-repair-call-abi	undeclared, old-style, or incompatible call/table contract may truncate a pointer or pass the wrong calling convention; reconcile declaration, definition, table slot and selected callers	T310-S8-P4-WARN-038275,T310-S8-P4-WARN-038276
T310-S8-P4-CLASS-019237	src/mvdm-host/softpc.new/host/src/nt_emm.c	588	C4013	'sas_overwrite_memory' undefined; assuming extern returning int	x64,x86	SPC-MEMORY-MAPPING-BINDINGS	must-repair-call-abi	undeclared, old-style, or incompatible call/table contract may truncate a pointer or pass the wrong calling convention; reconcile declaration, definition, table slot and selected callers	T310-S8-P4-WARN-038277,T310-S8-P4-WARN-038278
T310-S8-P4-CLASS-019239	src/mvdm-host/softpc.new/host/src/nt_mem.c	528	C4013	'sas_overwrite_memory' undefined; assuming extern returning int	x64,x86	SPC-MEMORY-MAPPING-BINDINGS	must-repair-call-abi	undeclared, old-style, or incompatible call/table contract may truncate a pointer or pass the wrong calling convention; reconcile declaration, definition, table slot and selected callers	T310-S8-P4-WARN-038281,T310-S8-P4-WARN-038282
T310-S8-P4-CLASS-019243	src/mvdm-host/softpc.new/host/src/nt_mem.c	1130	C4013	'printf' undefined; assuming extern returning int	x64,x86	SPC-MEMORY-MAPPING-BINDINGS	must-repair-call-abi	undeclared, old-style, or incompatible call/table contract may truncate a pointer or pass the wrong calling convention; reconcile declaration, definition, table slot and selected callers	T310-S8-P4-WARN-038289,T310-S8-P4-WARN-038290
T310-S8-P4-CLASS-019245	src/mvdm-host/softpc.new/base/dos/emm_mngr.c	172	C4013	'malloc' undefined; assuming extern returning int	x64,x86	SPC-OTHER-MACHINE-SOURCE	must-repair-call-abi	undeclared, old-style, or incompatible call/table contract may truncate a pointer or pass the wrong calling convention; reconcile declaration, definition, table slot and selected callers	T310-S8-P4-WARN-038293,T310-S8-P4-WARN-038295
T310-S8-P4-CLASS-019246	src/mvdm-host/softpc.new/base/dos/emm_mngr.c	172	C4047	'=': 'unsigned short *' differs in levels of indirection from 'int'	x64,x86	SPC-OTHER-MACHINE-SOURCE	must-repair-call-abi	undeclared, old-style, or incompatible call/table contract may truncate a pointer or pass the wrong calling convention; reconcile declaration, definition, table slot and selected callers	T310-S8-P4-WARN-038294,T310-S8-P4-WARN-038296
T310-S8-P4-CLASS-019247	src/mvdm-host/softpc.new/base/dos/emm_mngr.c	180	C4047	'=': 'IU8 *' differs in levels of indirection from 'int'	x64,x86	SPC-OTHER-MACHINE-SOURCE	must-repair-call-abi	undeclared, old-style, or incompatible call/table contract may truncate a pointer or pass the wrong calling convention; reconcile declaration, definition, table slot and selected callers	T310-S8-P4-WARN-038297,T310-S8-P4-WARN-038298
T310-S8-P4-CLASS-019248	src/mvdm-host/softpc.new/base/dos/emm_mngr.c	182	C4013	'free' undefined; assuming extern returning int	x64,x86	SPC-OTHER-MACHINE-SOURCE	must-repair-call-abi	undeclared, old-style, or incompatible call/table contract may truncate a pointer or pass the wrong calling convention; reconcile declaration, definition, table slot and selected callers	T310-S8-P4-WARN-038299,T310-S8-P4-WARN-038300
T310-S8-P4-CLASS-019254	src/mvdm-host/softpc.new/base/dos/emm_mngr.c	273	C4244	'function': conversion from 'int' to 'short', possible loss of data	x64,x86	SPC-OTHER-MACHINE-SOURCE	read-value-range-and-architecture-delta	narrowing/widening is not automatically a defect; determine guest fixed-width value, private native value, or host identity before selecting original correction, overlay, or mapping-manager boundary	T310-S8-P4-WARN-038311,T310-S8-P4-WARN-038312
T310-S8-P4-CLASS-019255	src/mvdm-host/softpc.new/base/dos/emm_mngr.c	295	C4244	'=': conversion from 'int' to 'unsigned short', possible loss of data	x64,x86	SPC-OTHER-MACHINE-SOURCE	read-value-range-and-architecture-delta	narrowing/widening is not automatically a defect; determine guest fixed-width value, private native value, or host identity before selecting original correction, overlay, or mapping-manager boundary	T310-S8-P4-WARN-038313,T310-S8-P4-WARN-038314
T310-S8-P4-CLASS-019256	src/mvdm-host/softpc.new/base/dos/emm_mngr.c	297	C4244	'=': conversion from 'int' to 'unsigned short', possible loss of data	x64,x86	SPC-OTHER-MACHINE-SOURCE	read-value-range-and-architecture-delta	narrowing/widening is not automatically a defect; determine guest fixed-width value, private native value, or host identity before selecting original correction, overlay, or mapping-manager boundary	T310-S8-P4-WARN-038315,T310-S8-P4-WARN-038316
T310-S8-P4-CLASS-019257	src/mvdm-host/softpc.new/base/dos/emm_mngr.c	303	C4311	'type cast': pointer truncation from 'void *' to 'long'	x64	SPC-OTHER-MACHINE-SOURCE	must-repair-width-or-pointer-abi	pointer/integer or variadic-width conversion; read the exact original value class and use a same-shaped native-width binding or the mapping manager	T310-S8-P4-WARN-038317
T310-S8-P4-CLASS-019258	src/mvdm-host/softpc.new/base/dos/emm_mngr.c	308	C4244	'=': conversion from 'long' to 'short', possible loss of data	x64,x86	SPC-OTHER-MACHINE-SOURCE	read-value-range-and-architecture-delta	narrowing/widening is not automatically a defect; determine guest fixed-width value, private native value, or host identity before selecting original correction, overlay, or mapping-manager boundary	T310-S8-P4-WARN-038318,T310-S8-P4-WARN-038319
T310-S8-P4-CLASS-019259	src/mvdm-host/softpc.new/base/dos/emm_mngr.c	472	C4311	'type cast': pointer truncation from 'void *' to 'long'	x64	SPC-OTHER-MACHINE-SOURCE	must-repair-width-or-pointer-abi	pointer/integer or variadic-width conversion; read the exact original value class and use a same-shaped native-width binding or the mapping manager	T310-S8-P4-WARN-038320
T310-S8-P4-CLASS-019260	src/mvdm-host/softpc.new/base/dos/emm_mngr.c	481	C4311	'type cast': pointer truncation from 'void *' to 'long'	x64	SPC-OTHER-MACHINE-SOURCE	must-repair-width-or-pointer-abi	pointer/integer or variadic-width conversion; read the exact original value class and use a same-shaped native-width binding or the mapping manager	T310-S8-P4-WARN-038321
T310-S8-P4-CLASS-019261	src/mvdm-host/softpc.new/base/dos/emm_mngr.c	487	C4244	'function': conversion from 'short' to 'unsigned char', possible loss of data	x64,x86	SPC-OTHER-MACHINE-SOURCE	read-value-range-and-architecture-delta	narrowing/widening is not automatically a defect; determine guest fixed-width value, private native value, or host identity before selecting original correction, overlay, or mapping-manager boundary	T310-S8-P4-WARN-038322,T310-S8-P4-WARN-038323
T310-S8-P4-CLASS-019262	src/mvdm-host/softpc.new/base/dos/emm_mngr.c	525	C4311	'type cast': pointer truncation from 'void *' to 'long'	x64	SPC-OTHER-MACHINE-SOURCE	must-repair-width-or-pointer-abi	pointer/integer or variadic-width conversion; read the exact original value class and use a same-shaped native-width binding or the mapping manager	T310-S8-P4-WARN-038324
T310-S8-P4-CLASS-019263	src/mvdm-host/softpc.new/base/dos/emm_mngr.c	565	C4311	'type cast': pointer truncation from 'void *' to 'long'	x64	SPC-OTHER-MACHINE-SOURCE	must-repair-width-or-pointer-abi	pointer/integer or variadic-width conversion; read the exact original value class and use a same-shaped native-width binding or the mapping manager	T310-S8-P4-WARN-038325
T310-S8-P4-CLASS-019264	src/mvdm-host/softpc.new/base/dos/emm_mngr.c	605	C4311	'type cast': pointer truncation from 'void *' to 'long'	x64	SPC-OTHER-MACHINE-SOURCE	must-repair-width-or-pointer-abi	pointer/integer or variadic-width conversion; read the exact original value class and use a same-shaped native-width binding or the mapping manager	T310-S8-P4-WARN-038326
T310-S8-P4-CLASS-019265	src/mvdm-host/softpc.new/base/dos/emm_mngr.c	634	C4312	'type cast': conversion from 'long' to 'unsigned char *' of greater size	x64	SPC-OTHER-MACHINE-SOURCE	must-repair-width-or-pointer-abi	pointer/integer or variadic-width conversion; read the exact original value class and use a same-shaped native-width binding or the mapping manager	T310-S8-P4-WARN-038327
T310-S8-P4-CLASS-019266	src/mvdm-host/softpc.new/base/dos/emm_mngr.c	668	C4312	'type cast': conversion from 'long' to 'unsigned char *' of greater size	x64	SPC-OTHER-MACHINE-SOURCE	must-repair-width-or-pointer-abi	pointer/integer or variadic-width conversion; read the exact original value class and use a same-shaped native-width binding or the mapping manager	T310-S8-P4-WARN-038328
T310-S8-P4-CLASS-019267	src/mvdm-host/softpc.new/base/dos/emm_mngr.c	706	C4312	'type cast': conversion from 'long' to 'unsigned char *' of greater size	x64	SPC-OTHER-MACHINE-SOURCE	must-repair-width-or-pointer-abi	pointer/integer or variadic-width conversion; read the exact original value class and use a same-shaped native-width binding or the mapping manager	T310-S8-P4-WARN-038329
T310-S8-P4-CLASS-019268	src/mvdm-host/softpc.new/base/dos/emm_mngr.c	744	C4312	'type cast': conversion from 'long' to 'unsigned char *' of greater size	x64	SPC-OTHER-MACHINE-SOURCE	must-repair-width-or-pointer-abi	pointer/integer or variadic-width conversion; read the exact original value class and use a same-shaped native-width binding or the mapping manager	T310-S8-P4-WARN-038330
T310-S8-P4-CLASS-019270	src/mvdm-host/softpc.new/base/dos/emm_mngr.c	780	C4312	'type cast': conversion from 'long' to 'unsigned char *' of greater size	x64	SPC-OTHER-MACHINE-SOURCE	must-repair-width-or-pointer-abi	pointer/integer or variadic-width conversion; read the exact original value class and use a same-shaped native-width binding or the mapping manager	T310-S8-P4-WARN-038333
T310-S8-P4-CLASS-019271	src/mvdm-host/softpc.new/base/dos/emm_mngr.c	814	C4312	'type cast': conversion from 'long' to 'unsigned char *' of greater size	x64	SPC-OTHER-MACHINE-SOURCE	must-repair-width-or-pointer-abi	pointer/integer or variadic-width conversion; read the exact original value class and use a same-shaped native-width binding or the mapping manager	T310-S8-P4-WARN-038334
T310-S8-P4-CLASS-019272	src/mvdm-host/softpc.new/base/dos/emm_mngr.c	852	C4312	'type cast': conversion from 'long' to 'unsigned char *' of greater size	x64	SPC-OTHER-MACHINE-SOURCE	must-repair-width-or-pointer-abi	pointer/integer or variadic-width conversion; read the exact original value class and use a same-shaped native-width binding or the mapping manager	T310-S8-P4-WARN-038335
T310-S8-P4-CLASS-019273	src/mvdm-host/softpc.new/base/dos/emm_mngr.c	887	C4312	'type cast': conversion from 'long' to 'unsigned char *' of greater size	x64	SPC-OTHER-MACHINE-SOURCE	must-repair-width-or-pointer-abi	pointer/integer or variadic-width conversion; read the exact original value class and use a same-shaped native-width binding or the mapping manager	T310-S8-P4-WARN-038336
T310-S8-P4-CLASS-019280	src/mvdm-host/softpc.new/base/dos/emm_mngr.c	1283	C4312	'type cast': conversion from 'long' to 'unsigned char *' of greater size	x64	SPC-OTHER-MACHINE-SOURCE	must-repair-width-or-pointer-abi	pointer/integer or variadic-width conversion; read the exact original value class and use a same-shaped native-width binding or the mapping manager	T310-S8-P4-WARN-038349
T310-S8-P4-CLASS-019281	src/mvdm-host/softpc.new/base/dos/emm_mngr.c	1335	C4244	'function': conversion from 'short' to 'unsigned char', possible loss of data	x64,x86	SPC-OTHER-MACHINE-SOURCE	read-value-range-and-architecture-delta	narrowing/widening is not automatically a defect; determine guest fixed-width value, private native value, or host identity before selecting original correction, overlay, or mapping-manager boundary	T310-S8-P4-WARN-038350,T310-S8-P4-WARN-038351
T310-S8-P4-CLASS-019283	src/mvdm-host/softpc.new/base/dos/emm_mngr.c	1429	C4244	'function': conversion from 'short' to 'unsigned char', possible loss of data	x64,x86	SPC-OTHER-MACHINE-SOURCE	read-value-range-and-architecture-delta	narrowing/widening is not automatically a defect; determine guest fixed-width value, private native value, or host identity before selecting original correction, overlay, or mapping-manager boundary	T310-S8-P4-WARN-038354,T310-S8-P4-WARN-038355
T310-S8-P4-CLASS-019284	src/mvdm-host/softpc.new/base/dos/emm_mngr.c	1634	C4244	'return': conversion from 'unsigned long' to 'IS16', possible loss of data	x64,x86	SPC-OTHER-MACHINE-SOURCE	read-value-range-and-architecture-delta	narrowing/widening is not automatically a defect; determine guest fixed-width value, private native value, or host identity before selecting original correction, overlay, or mapping-manager boundary	T310-S8-P4-WARN-038356,T310-S8-P4-WARN-038357
T310-S8-P4-CLASS-019285	src/mvdm-host/softpc.new/base/dos/emm_mngr.c	1814	C4057	'=': 'short *' differs in indirection to slightly different base types from 'unsigned short *'	x64,x86	SPC-OTHER-MACHINE-SOURCE	must-repair-call-abi	undeclared, old-style, or incompatible call/table contract may truncate a pointer or pass the wrong calling convention; reconcile declaration, definition, table slot and selected callers	T310-S8-P4-WARN-038358,T310-S8-P4-WARN-038359
T310-S8-P4-CLASS-019286	src/mvdm-host/softpc.new/base/dos/emm_mngr.c	1820	C4028	formal parameter 1 different from declaration	x64,x86	SPC-OTHER-MACHINE-SOURCE	unclassified-read-source	warning class has no approved general disposition; read original source, declaration and selected caller before any change	T310-S8-P4-WARN-038360,T310-S8-P4-WARN-038361
T310-S8-P4-CLASS-019287	src/mvdm-host/softpc.new/base/dos/emm_mngr.c	1853	C4057	'=': 'short *' differs in indirection to slightly different base types from 'unsigned short *'	x64,x86	SPC-OTHER-MACHINE-SOURCE	must-repair-call-abi	undeclared, old-style, or incompatible call/table contract may truncate a pointer or pass the wrong calling convention; reconcile declaration, definition, table slot and selected callers	T310-S8-P4-WARN-038362,T310-S8-P4-WARN-038363
T310-S8-P4-CLASS-019288	src/mvdm-host/softpc.new/base/dos/emm_mngr.c	1860	C4057	'=': 'short *' differs in indirection to slightly different base types from 'unsigned short *'	x64,x86	SPC-OTHER-MACHINE-SOURCE	must-repair-call-abi	undeclared, old-style, or incompatible call/table contract may truncate a pointer or pass the wrong calling convention; reconcile declaration, definition, table slot and selected callers	T310-S8-P4-WARN-038364,T310-S8-P4-WARN-038365
T310-S8-P4-CLASS-019289	src/mvdm-host/softpc.new/base/dos/emm_mngr.c	1878	C4057	'=': 'unsigned short *' differs in indirection to slightly different base types from 'short *'	x64,x86	SPC-OTHER-MACHINE-SOURCE	must-repair-call-abi	undeclared, old-style, or incompatible call/table contract may truncate a pointer or pass the wrong calling convention; reconcile declaration, definition, table slot and selected callers	T310-S8-P4-WARN-038366,T310-S8-P4-WARN-038367
T310-S8-P4-CLASS-019291	src/mvdm-host/softpc.new/base/inc/lock.h	39	C4115	'stat': named type definition in parentheses	x64,x86	SPC-OTHER-MACHINE-SOURCE	unclassified-read-source	warning class has no approved general disposition; read original source, declaration and selected caller before any change	T310-S8-P4-WARN-038370,T310-S8-P4-WARN-038371
T310-S8-P4-CLASS-019311	src/mvdm-host/softpc.new/base/ccpu386/ccpusas4.c	1624	C4033	'bios_read_byte' must return a value	x64,x86	SPC-SAS-MEMORY-CONTRACT	must-repair-control-or-result-contract	uninitialized or absent result can become architecture-visible state; repair the original failure/result contract, not the warning	T310-S8-P4-WARN-038410,T310-S8-P4-WARN-038411
T310-S8-P4-CLASS-019312	src/mvdm-host/softpc.new/base/ccpu386/ccpusas4.c	1689	C4033	'bios_read_word' must return a value	x64,x86	SPC-SAS-MEMORY-CONTRACT	must-repair-control-or-result-contract	uninitialized or absent result can become architecture-visible state; repair the original failure/result contract, not the warning	T310-S8-P4-WARN-038412,T310-S8-P4-WARN-038413
T310-S8-P4-CLASS-019313	src/mvdm-host/softpc.new/base/ccpu386/ccpusas4.c	1753	C4033	'bios_read_double' must return a value	x64,x86	SPC-SAS-MEMORY-CONTRACT	must-repair-control-or-result-contract	uninitialized or absent result can become architecture-visible state; repair the original failure/result contract, not the warning	T310-S8-P4-WARN-038414,T310-S8-P4-WARN-038415
T310-S8-P4-CLASS-019317	src/mvdm-host/softpc.new/base/disks/diskbios.c	347	C4244	'function': conversion from 'int' to 'IU8', possible loss of data	x64,x86	SPC-STORAGE-CONTROLLER-CALLBACKS	read-value-range-and-architecture-delta	narrowing/widening is not automatically a defect; determine guest fixed-width value, private native value, or host identity before selecting original correction, overlay, or mapping-manager boundary	T310-S8-P4-WARN-038422,T310-S8-P4-WARN-038423
T310-S8-P4-CLASS-019318	src/mvdm-host/softpc.new/base/disks/diskbios.c	362	C4244	'function': conversion from 'int' to 'IU8', possible loss of data	x64,x86	SPC-STORAGE-CONTROLLER-CALLBACKS	read-value-range-and-architecture-delta	narrowing/widening is not automatically a defect; determine guest fixed-width value, private native value, or host identity before selecting original correction, overlay, or mapping-manager boundary	T310-S8-P4-WARN-038424,T310-S8-P4-WARN-038425
T310-S8-P4-CLASS-019319	src/mvdm-host/softpc.new/base/disks/diskbios.c	823	C4244	'function': conversion from 'int' to 'IU8', possible loss of data	x64,x86	SPC-STORAGE-CONTROLLER-CALLBACKS	read-value-range-and-architecture-delta	narrowing/widening is not automatically a defect; determine guest fixed-width value, private native value, or host identity before selecting original correction, overlay, or mapping-manager boundary	T310-S8-P4-WARN-038426,T310-S8-P4-WARN-038427
T310-S8-P4-CLASS-019320	src/mvdm-host/softpc.new/base/disks/diskbios.c	921	C4244	'function': conversion from 'long' to 'IU8', possible loss of data	x64,x86	SPC-STORAGE-CONTROLLER-CALLBACKS	read-value-range-and-architecture-delta	narrowing/widening is not automatically a defect; determine guest fixed-width value, private native value, or host identity before selecting original correction, overlay, or mapping-manager boundary	T310-S8-P4-WARN-038428,T310-S8-P4-WARN-038429
T310-S8-P4-CLASS-019321	src/mvdm-host/softpc.new/base/disks/diskbios.c	1048	C4244	'function': conversion from 'int' to 'IU16', possible loss of data	x64,x86	SPC-STORAGE-CONTROLLER-CALLBACKS	read-value-range-and-architecture-delta	narrowing/widening is not automatically a defect; determine guest fixed-width value, private native value, or host identity before selecting original correction, overlay, or mapping-manager boundary	T310-S8-P4-WARN-038430,T310-S8-P4-WARN-038431
T310-S8-P4-CLASS-019322	src/mvdm-host/softpc.new/base/disks/diskbios.c	1083	C4244	'function': conversion from 'int' to 'IU8', possible loss of data	x64,x86	SPC-STORAGE-CONTROLLER-CALLBACKS	read-value-range-and-architecture-delta	narrowing/widening is not automatically a defect; determine guest fixed-width value, private native value, or host identity before selecting original correction, overlay, or mapping-manager boundary	T310-S8-P4-WARN-038432,T310-S8-P4-WARN-038433
T310-S8-P4-CLASS-019323	src/mvdm-host/softpc.new/base/disks/diskbios.c	1090	C4244	'function': conversion from 'int' to 'IU8', possible loss of data	x64,x86	SPC-STORAGE-CONTROLLER-CALLBACKS	read-value-range-and-architecture-delta	narrowing/widening is not automatically a defect; determine guest fixed-width value, private native value, or host identity before selecting original correction, overlay, or mapping-manager boundary	T310-S8-P4-WARN-038434,T310-S8-P4-WARN-038435
T310-S8-P4-CLASS-019324	src/mvdm-host/softpc.new/base/disks/fdisk.c	556	C4244	'=': conversion from 'int' to 'unsigned char', possible loss of data	x64,x86	SPC-STORAGE-CONTROLLER-CALLBACKS	read-value-range-and-architecture-delta	narrowing/widening is not automatically a defect; determine guest fixed-width value, private native value, or host identity before selecting original correction, overlay, or mapping-manager boundary	T310-S8-P4-WARN-038436,T310-S8-P4-WARN-038437
T310-S8-P4-CLASS-019332	src/mvdm-host/softpc.new/base/disks/fdisk.c	1244	C4244	'=': conversion from 'int' to 'unsigned char', possible loss of data	x64,x86	SPC-STORAGE-CONTROLLER-CALLBACKS	read-value-range-and-architecture-delta	narrowing/widening is not automatically a defect; determine guest fixed-width value, private native value, or host identity before selecting original correction, overlay, or mapping-manager boundary	T310-S8-P4-WARN-038452,T310-S8-P4-WARN-038453
T310-S8-P4-CLASS-019334	src/mvdm-host/softpc.new/base/disks/fdisk.c	1710	C4244	'=': conversion from 'long' to 'unsigned short', possible loss of data	x64,x86	SPC-STORAGE-CONTROLLER-CALLBACKS	read-value-range-and-architecture-delta	narrowing/widening is not automatically a defect; determine guest fixed-width value, private native value, or host identity before selecting original correction, overlay, or mapping-manager boundary	T310-S8-P4-WARN-038456,T310-S8-P4-WARN-038457
T310-S8-P4-CLASS-019335	src/mvdm-host/softpc.new/base/disks/fdisk.c	1711	C4244	'=': conversion from 'long' to 'unsigned char', possible loss of data	x64,x86	SPC-STORAGE-CONTROLLER-CALLBACKS	read-value-range-and-architecture-delta	narrowing/widening is not automatically a defect; determine guest fixed-width value, private native value, or host identity before selecting original correction, overlay, or mapping-manager boundary	T310-S8-P4-WARN-038458,T310-S8-P4-WARN-038459
T310-S8-P4-CLASS-019336	src/mvdm-host/softpc.new/base/disks/fdisk.c	1712	C4244	'=': conversion from 'long' to 'unsigned char', possible loss of data	x64,x86	SPC-STORAGE-CONTROLLER-CALLBACKS	read-value-range-and-architecture-delta	narrowing/widening is not automatically a defect; determine guest fixed-width value, private native value, or host identity before selecting original correction, overlay, or mapping-manager boundary	T310-S8-P4-WARN-038460,T310-S8-P4-WARN-038461
T310-S8-P4-CLASS-019337	src/mvdm-host/softpc.new/base/disks/fdisk.c	1738	C4244	'=': conversion from 'long' to 'unsigned short', possible loss of data	x64,x86	SPC-STORAGE-CONTROLLER-CALLBACKS	read-value-range-and-architecture-delta	narrowing/widening is not automatically a defect; determine guest fixed-width value, private native value, or host identity before selecting original correction, overlay, or mapping-manager boundary	T310-S8-P4-WARN-038462,T310-S8-P4-WARN-038463
T310-S8-P4-CLASS-019338	src/mvdm-host/softpc.new/base/disks/fdisk.c	1739	C4244	'=': conversion from 'long' to 'unsigned char', possible loss of data	x64,x86	SPC-STORAGE-CONTROLLER-CALLBACKS	read-value-range-and-architecture-delta	narrowing/widening is not automatically a defect; determine guest fixed-width value, private native value, or host identity before selecting original correction, overlay, or mapping-manager boundary	T310-S8-P4-WARN-038464,T310-S8-P4-WARN-038465
T310-S8-P4-CLASS-019339	src/mvdm-host/softpc.new/base/disks/fdisk.c	1740	C4244	'=': conversion from 'long' to 'unsigned char', possible loss of data	x64,x86	SPC-STORAGE-CONTROLLER-CALLBACKS	read-value-range-and-architecture-delta	narrowing/widening is not automatically a defect; determine guest fixed-width value, private native value, or host identity before selecting original correction, overlay, or mapping-manager boundary	T310-S8-P4-WARN-038466,T310-S8-P4-WARN-038467
T310-S8-P4-CLASS-019341	src/mvdm-host/softpc.new/base/disks/fdisk.c	1820	C4244	'function': conversion from 'int' to 'IU8', possible loss of data	x64,x86	SPC-STORAGE-CONTROLLER-CALLBACKS	read-value-range-and-architecture-delta	narrowing/widening is not automatically a defect; determine guest fixed-width value, private native value, or host identity before selecting original correction, overlay, or mapping-manager boundary	T310-S8-P4-WARN-038470,T310-S8-P4-WARN-038471
T310-S8-P4-CLASS-019342	src/mvdm-host/softpc.new/base/disks/fla.c	652	C4244	'=': conversion from 'int' to 'IU8', possible loss of data	x64,x86	SPC-STORAGE-CONTROLLER-CALLBACKS	read-value-range-and-architecture-delta	narrowing/widening is not automatically a defect; determine guest fixed-width value, private native value, or host identity before selecting original correction, overlay, or mapping-manager boundary	T310-S8-P4-WARN-038472,T310-S8-P4-WARN-038473
T310-S8-P4-CLASS-019344	src/mvdm-host/softpc.new/base/disks/fla.c	1120	C4244	'=': conversion from 'int' to 'FDC_CMD_BLOCK', possible loss of data	x64,x86	SPC-STORAGE-CONTROLLER-CALLBACKS	read-value-range-and-architecture-delta	narrowing/widening is not automatically a defect; determine guest fixed-width value, private native value, or host identity before selecting original correction, overlay, or mapping-manager boundary	T310-S8-P4-WARN-038476,T310-S8-P4-WARN-038477
T310-S8-P4-CLASS-019345	src/mvdm-host/softpc.new/base/disks/fla.c	1128	C4244	'=': conversion from 'int' to 'FDC_CMD_BLOCK', possible loss of data	x64,x86	SPC-STORAGE-CONTROLLER-CALLBACKS	read-value-range-and-architecture-delta	narrowing/widening is not automatically a defect; determine guest fixed-width value, private native value, or host identity before selecting original correction, overlay, or mapping-manager boundary	T310-S8-P4-WARN-038478,T310-S8-P4-WARN-038479
T310-S8-P4-CLASS-019346	src/mvdm-host/softpc.new/base/disks/floppy.c	174	C4431	missing type specifier - int assumed. Note: C no longer supports default-int	x64,x86	SPC-STORAGE-CONTROLLER-CALLBACKS	must-repair-call-abi	undeclared, old-style, or incompatible call/table contract may truncate a pointer or pass the wrong calling convention; reconcile declaration, definition, table slot and selected callers	T310-S8-P4-WARN-038480,T310-S8-P4-WARN-038481
T310-S8-P4-CLASS-019347	src/mvdm-host/softpc.new/base/disks/floppy.c	175	C4431	missing type specifier - int assumed. Note: C no longer supports default-int	x64,x86	SPC-STORAGE-CONTROLLER-CALLBACKS	must-repair-call-abi	undeclared, old-style, or incompatible call/table contract may truncate a pointer or pass the wrong calling convention; reconcile declaration, definition, table slot and selected callers	T310-S8-P4-WARN-038482,T310-S8-P4-WARN-038483
T310-S8-P4-CLASS-019348	src/mvdm-host/softpc.new/base/disks/floppy.c	177	C4431	missing type specifier - int assumed. Note: C no longer supports default-int	x64,x86	SPC-STORAGE-CONTROLLER-CALLBACKS	must-repair-call-abi	undeclared, old-style, or incompatible call/table contract may truncate a pointer or pass the wrong calling convention; reconcile declaration, definition, table slot and selected callers	T310-S8-P4-WARN-038484,T310-S8-P4-WARN-038485
T310-S8-P4-CLASS-019349	src/mvdm-host/softpc.new/base/disks/floppy.c	183	C4431	missing type specifier - int assumed. Note: C no longer supports default-int	x64,x86	SPC-STORAGE-CONTROLLER-CALLBACKS	must-repair-call-abi	undeclared, old-style, or incompatible call/table contract may truncate a pointer or pass the wrong calling convention; reconcile declaration, definition, table slot and selected callers	T310-S8-P4-WARN-038486,T310-S8-P4-WARN-038487
T310-S8-P4-CLASS-019350	src/mvdm-host/softpc.new/base/disks/floppy.c	184	C4431	missing type specifier - int assumed. Note: C no longer supports default-int	x64,x86	SPC-STORAGE-CONTROLLER-CALLBACKS	must-repair-call-abi	undeclared, old-style, or incompatible call/table contract may truncate a pointer or pass the wrong calling convention; reconcile declaration, definition, table slot and selected callers	T310-S8-P4-WARN-038488,T310-S8-P4-WARN-038489
T310-S8-P4-CLASS-019351	src/mvdm-host/softpc.new/base/disks/floppy.c	186	C4431	missing type specifier - int assumed. Note: C no longer supports default-int	x64,x86	SPC-STORAGE-CONTROLLER-CALLBACKS	must-repair-call-abi	undeclared, old-style, or incompatible call/table contract may truncate a pointer or pass the wrong calling convention; reconcile declaration, definition, table slot and selected callers	T310-S8-P4-WARN-038490,T310-S8-P4-WARN-038491
T310-S8-P4-CLASS-019352	src/mvdm-host/softpc.new/base/disks/floppy.c	188	C4431	missing type specifier - int assumed. Note: C no longer supports default-int	x64,x86	SPC-STORAGE-CONTROLLER-CALLBACKS	must-repair-call-abi	undeclared, old-style, or incompatible call/table contract may truncate a pointer or pass the wrong calling convention; reconcile declaration, definition, table slot and selected callers	T310-S8-P4-WARN-038492,T310-S8-P4-WARN-038493
T310-S8-P4-CLASS-019353	src/mvdm-host/softpc.new/base/disks/floppy.c	189	C4431	missing type specifier - int assumed. Note: C no longer supports default-int	x64,x86	SPC-STORAGE-CONTROLLER-CALLBACKS	must-repair-call-abi	undeclared, old-style, or incompatible call/table contract may truncate a pointer or pass the wrong calling convention; reconcile declaration, definition, table slot and selected callers	T310-S8-P4-WARN-038494,T310-S8-P4-WARN-038495
T310-S8-P4-CLASS-019354	src/mvdm-host/softpc.new/base/disks/floppy.c	191	C4431	missing type specifier - int assumed. Note: C no longer supports default-int	x64,x86	SPC-STORAGE-CONTROLLER-CALLBACKS	must-repair-call-abi	undeclared, old-style, or incompatible call/table contract may truncate a pointer or pass the wrong calling convention; reconcile declaration, definition, table slot and selected callers	T310-S8-P4-WARN-038496,T310-S8-P4-WARN-038497
T310-S8-P4-CLASS-019355	src/mvdm-host/softpc.new/base/disks/floppy.c	193	C4431	missing type specifier - int assumed. Note: C no longer supports default-int	x64,x86	SPC-STORAGE-CONTROLLER-CALLBACKS	must-repair-call-abi	undeclared, old-style, or incompatible call/table contract may truncate a pointer or pass the wrong calling convention; reconcile declaration, definition, table slot and selected callers	T310-S8-P4-WARN-038498,T310-S8-P4-WARN-038499
T310-S8-P4-CLASS-019356	src/mvdm-host/softpc.new/base/disks/floppy.c	194	C4431	missing type specifier - int assumed. Note: C no longer supports default-int	x64,x86	SPC-STORAGE-CONTROLLER-CALLBACKS	must-repair-call-abi	undeclared, old-style, or incompatible call/table contract may truncate a pointer or pass the wrong calling convention; reconcile declaration, definition, table slot and selected callers	T310-S8-P4-WARN-038500,T310-S8-P4-WARN-038501
T310-S8-P4-CLASS-019357	src/mvdm-host/softpc.new/base/disks/floppy.c	196	C4431	missing type specifier - int assumed. Note: C no longer supports default-int	x64,x86	SPC-STORAGE-CONTROLLER-CALLBACKS	must-repair-call-abi	undeclared, old-style, or incompatible call/table contract may truncate a pointer or pass the wrong calling convention; reconcile declaration, definition, table slot and selected callers	T310-S8-P4-WARN-038502,T310-S8-P4-WARN-038503
T310-S8-P4-CLASS-019358	src/mvdm-host/softpc.new/base/disks/floppy.c	198	C4431	missing type specifier - int assumed. Note: C no longer supports default-int	x64,x86	SPC-STORAGE-CONTROLLER-CALLBACKS	must-repair-call-abi	undeclared, old-style, or incompatible call/table contract may truncate a pointer or pass the wrong calling convention; reconcile declaration, definition, table slot and selected callers	T310-S8-P4-WARN-038504,T310-S8-P4-WARN-038505
T310-S8-P4-CLASS-019359	src/mvdm-host/softpc.new/base/disks/floppy.c	200	C4431	missing type specifier - int assumed. Note: C no longer supports default-int	x64,x86	SPC-STORAGE-CONTROLLER-CALLBACKS	must-repair-call-abi	undeclared, old-style, or incompatible call/table contract may truncate a pointer or pass the wrong calling convention; reconcile declaration, definition, table slot and selected callers	T310-S8-P4-WARN-038506,T310-S8-P4-WARN-038507
T310-S8-P4-CLASS-019360	src/mvdm-host/softpc.new/base/disks/floppy.c	201	C4431	missing type specifier - int assumed. Note: C no longer supports default-int	x64,x86	SPC-STORAGE-CONTROLLER-CALLBACKS	must-repair-call-abi	undeclared, old-style, or incompatible call/table contract may truncate a pointer or pass the wrong calling convention; reconcile declaration, definition, table slot and selected callers	T310-S8-P4-WARN-038508,T310-S8-P4-WARN-038509
T310-S8-P4-CLASS-019361	src/mvdm-host/softpc.new/base/disks/floppy.c	202	C4431	missing type specifier - int assumed. Note: C no longer supports default-int	x64,x86	SPC-STORAGE-CONTROLLER-CALLBACKS	must-repair-call-abi	undeclared, old-style, or incompatible call/table contract may truncate a pointer or pass the wrong calling convention; reconcile declaration, definition, table slot and selected callers	T310-S8-P4-WARN-038510,T310-S8-P4-WARN-038511
T310-S8-P4-CLASS-019362	src/mvdm-host/softpc.new/base/disks/floppy.c	204	C4431	missing type specifier - int assumed. Note: C no longer supports default-int	x64,x86	SPC-STORAGE-CONTROLLER-CALLBACKS	must-repair-call-abi	undeclared, old-style, or incompatible call/table contract may truncate a pointer or pass the wrong calling convention; reconcile declaration, definition, table slot and selected callers	T310-S8-P4-WARN-038512,T310-S8-P4-WARN-038513
T310-S8-P4-CLASS-019363	src/mvdm-host/softpc.new/base/disks/floppy.c	205	C4431	missing type specifier - int assumed. Note: C no longer supports default-int	x64,x86	SPC-STORAGE-CONTROLLER-CALLBACKS	must-repair-call-abi	undeclared, old-style, or incompatible call/table contract may truncate a pointer or pass the wrong calling convention; reconcile declaration, definition, table slot and selected callers	T310-S8-P4-WARN-038514,T310-S8-P4-WARN-038515
T310-S8-P4-CLASS-019366	src/mvdm-host/softpc.new/base/disks/floppy.c	1187	C4431	missing type specifier - int assumed. Note: C no longer supports default-int	x64,x86	SPC-STORAGE-CONTROLLER-CALLBACKS	must-repair-call-abi	undeclared, old-style, or incompatible call/table contract may truncate a pointer or pass the wrong calling convention; reconcile declaration, definition, table slot and selected callers	T310-S8-P4-WARN-038520,T310-S8-P4-WARN-038521
T310-S8-P4-CLASS-019367	src/mvdm-host/softpc.new/base/disks/floppy.c	1795	C4431	missing type specifier - int assumed. Note: C no longer supports default-int	x64,x86	SPC-STORAGE-CONTROLLER-CALLBACKS	must-repair-call-abi	undeclared, old-style, or incompatible call/table contract may truncate a pointer or pass the wrong calling convention; reconcile declaration, definition, table slot and selected callers	T310-S8-P4-WARN-038522,T310-S8-P4-WARN-038523
T310-S8-P4-CLASS-019368	src/mvdm-host/softpc.new/base/disks/floppy.c	1875	C4431	missing type specifier - int assumed. Note: C no longer supports default-int	x64,x86	SPC-STORAGE-CONTROLLER-CALLBACKS	must-repair-call-abi	undeclared, old-style, or incompatible call/table contract may truncate a pointer or pass the wrong calling convention; reconcile declaration, definition, table slot and selected callers	T310-S8-P4-WARN-038524,T310-S8-P4-WARN-038525
T310-S8-P4-CLASS-019369	src/mvdm-host/softpc.new/base/disks/floppy.c	1895	C4431	missing type specifier - int assumed. Note: C no longer supports default-int	x64,x86	SPC-STORAGE-CONTROLLER-CALLBACKS	must-repair-call-abi	undeclared, old-style, or incompatible call/table contract may truncate a pointer or pass the wrong calling convention; reconcile declaration, definition, table slot and selected callers	T310-S8-P4-WARN-038526,T310-S8-P4-WARN-038527
T310-S8-P4-CLASS-019370	src/mvdm-host/softpc.new/base/disks/floppy.c	1961	C4431	missing type specifier - int assumed. Note: C no longer supports default-int	x64,x86	SPC-STORAGE-CONTROLLER-CALLBACKS	must-repair-call-abi	undeclared, old-style, or incompatible call/table contract may truncate a pointer or pass the wrong calling convention; reconcile declaration, definition, table slot and selected callers	T310-S8-P4-WARN-038528,T310-S8-P4-WARN-038529
T310-S8-P4-CLASS-019371	src/mvdm-host/softpc.new/base/disks/floppy.c	2079	C4431	missing type specifier - int assumed. Note: C no longer supports default-int	x64,x86	SPC-STORAGE-CONTROLLER-CALLBACKS	must-repair-call-abi	undeclared, old-style, or incompatible call/table contract may truncate a pointer or pass the wrong calling convention; reconcile declaration, definition, table slot and selected callers	T310-S8-P4-WARN-038530,T310-S8-P4-WARN-038531
T310-S8-P4-CLASS-019372	src/mvdm-host/softpc.new/base/disks/floppy.c	2207	C4431	missing type specifier - int assumed. Note: C no longer supports default-int	x64,x86	SPC-STORAGE-CONTROLLER-CALLBACKS	must-repair-call-abi	undeclared, old-style, or incompatible call/table contract may truncate a pointer or pass the wrong calling convention; reconcile declaration, definition, table slot and selected callers	T310-S8-P4-WARN-038532,T310-S8-P4-WARN-038533
T310-S8-P4-CLASS-019373	src/mvdm-host/softpc.new/base/disks/floppy.c	2251	C4431	missing type specifier - int assumed. Note: C no longer supports default-int	x64,x86	SPC-STORAGE-CONTROLLER-CALLBACKS	must-repair-call-abi	undeclared, old-style, or incompatible call/table contract may truncate a pointer or pass the wrong calling convention; reconcile declaration, definition, table slot and selected callers	T310-S8-P4-WARN-038534,T310-S8-P4-WARN-038535
T310-S8-P4-CLASS-019374	src/mvdm-host/softpc.new/base/disks/floppy.c	2311	C4244	'function': conversion from 'int' to 'IU8', possible loss of data	x64,x86	SPC-STORAGE-CONTROLLER-CALLBACKS	read-value-range-and-architecture-delta	narrowing/widening is not automatically a defect; determine guest fixed-width value, private native value, or host identity before selecting original correction, overlay, or mapping-manager boundary	T310-S8-P4-WARN-038536,T310-S8-P4-WARN-038537
T310-S8-P4-CLASS-019375	src/mvdm-host/softpc.new/base/disks/floppy.c	2316	C4431	missing type specifier - int assumed. Note: C no longer supports default-int	x64,x86	SPC-STORAGE-CONTROLLER-CALLBACKS	must-repair-call-abi	undeclared, old-style, or incompatible call/table contract may truncate a pointer or pass the wrong calling convention; reconcile declaration, definition, table slot and selected callers	T310-S8-P4-WARN-038538,T310-S8-P4-WARN-038539
T310-S8-P4-CLASS-019377	src/mvdm-host/softpc.new/base/disks/floppy.c	2381	C4431	missing type specifier - int assumed. Note: C no longer supports default-int	x64,x86	SPC-STORAGE-CONTROLLER-CALLBACKS	must-repair-call-abi	undeclared, old-style, or incompatible call/table contract may truncate a pointer or pass the wrong calling convention; reconcile declaration, definition, table slot and selected callers	T310-S8-P4-WARN-038542,T310-S8-P4-WARN-038543
T310-S8-P4-CLASS-019378	src/mvdm-host/softpc.new/base/disks/floppy.c	2402	C4431	missing type specifier - int assumed. Note: C no longer supports default-int	x64,x86	SPC-STORAGE-CONTROLLER-CALLBACKS	must-repair-call-abi	undeclared, old-style, or incompatible call/table contract may truncate a pointer or pass the wrong calling convention; reconcile declaration, definition, table slot and selected callers	T310-S8-P4-WARN-038544,T310-S8-P4-WARN-038545
T310-S8-P4-CLASS-019379	src/mvdm-host/softpc.new/base/disks/floppy.c	2589	C4431	missing type specifier - int assumed. Note: C no longer supports default-int	x64,x86	SPC-STORAGE-CONTROLLER-CALLBACKS	must-repair-call-abi	undeclared, old-style, or incompatible call/table contract may truncate a pointer or pass the wrong calling convention; reconcile declaration, definition, table slot and selected callers	T310-S8-P4-WARN-038546,T310-S8-P4-WARN-038547
T310-S8-P4-CLASS-019381	src/mvdm-host/softpc.new/base/disks/floppy.c	2613	C4244	'=': conversion from 'int' to 'IU8', possible loss of data	x64,x86	SPC-STORAGE-CONTROLLER-CALLBACKS	read-value-range-and-architecture-delta	narrowing/widening is not automatically a defect; determine guest fixed-width value, private native value, or host identity before selecting original correction, overlay, or mapping-manager boundary	T310-S8-P4-WARN-038550,T310-S8-P4-WARN-038551
T310-S8-P4-CLASS-019382	src/mvdm-host/softpc.new/base/disks/floppy.c	2780	C4431	missing type specifier - int assumed. Note: C no longer supports default-int	x64,x86	SPC-STORAGE-CONTROLLER-CALLBACKS	must-repair-call-abi	undeclared, old-style, or incompatible call/table contract may truncate a pointer or pass the wrong calling convention; reconcile declaration, definition, table slot and selected callers	T310-S8-P4-WARN-038552,T310-S8-P4-WARN-038553
T310-S8-P4-CLASS-019383	src/mvdm-host/softpc.new/base/disks/floppy.c	2844	C4244	'function': conversion from 'int' to 'IU8', possible loss of data	x64,x86	SPC-STORAGE-CONTROLLER-CALLBACKS	read-value-range-and-architecture-delta	narrowing/widening is not automatically a defect; determine guest fixed-width value, private native value, or host identity before selecting original correction, overlay, or mapping-manager boundary	T310-S8-P4-WARN-038554,T310-S8-P4-WARN-038555
T310-S8-P4-CLASS-019384	src/mvdm-host/softpc.new/base/disks/floppy.c	2856	C4244	'=': conversion from 'int' to 'FDC_CMD_BLOCK', possible loss of data	x64,x86	SPC-STORAGE-CONTROLLER-CALLBACKS	read-value-range-and-architecture-delta	narrowing/widening is not automatically a defect; determine guest fixed-width value, private native value, or host identity before selecting original correction, overlay, or mapping-manager boundary	T310-S8-P4-WARN-038556,T310-S8-P4-WARN-038557
T310-S8-P4-CLASS-019385	src/mvdm-host/softpc.new/base/disks/floppy.c	2867	C4431	missing type specifier - int assumed. Note: C no longer supports default-int	x64,x86	SPC-STORAGE-CONTROLLER-CALLBACKS	must-repair-call-abi	undeclared, old-style, or incompatible call/table contract may truncate a pointer or pass the wrong calling convention; reconcile declaration, definition, table slot and selected callers	T310-S8-P4-WARN-038558,T310-S8-P4-WARN-038559
T310-S8-P4-CLASS-019386	src/mvdm-host/softpc.new/base/disks/floppy.c	2886	C4431	missing type specifier - int assumed. Note: C no longer supports default-int	x64,x86	SPC-STORAGE-CONTROLLER-CALLBACKS	must-repair-call-abi	undeclared, old-style, or incompatible call/table contract may truncate a pointer or pass the wrong calling convention; reconcile declaration, definition, table slot and selected callers	T310-S8-P4-WARN-038560,T310-S8-P4-WARN-038561
T310-S8-P4-CLASS-019387	src/mvdm-host/softpc.new/base/disks/floppy.c	2926	C4431	missing type specifier - int assumed. Note: C no longer supports default-int	x64,x86	SPC-STORAGE-CONTROLLER-CALLBACKS	must-repair-call-abi	undeclared, old-style, or incompatible call/table contract may truncate a pointer or pass the wrong calling convention; reconcile declaration, definition, table slot and selected callers	T310-S8-P4-WARN-038562,T310-S8-P4-WARN-038563
T310-S8-P4-CLASS-019389	src/mvdm-host/softpc.new/base/disks/floppy.c	3050	C4431	missing type specifier - int assumed. Note: C no longer supports default-int	x64,x86	SPC-STORAGE-CONTROLLER-CALLBACKS	must-repair-call-abi	undeclared, old-style, or incompatible call/table contract may truncate a pointer or pass the wrong calling convention; reconcile declaration, definition, table slot and selected callers	T310-S8-P4-WARN-038566,T310-S8-P4-WARN-038567
T310-S8-P4-CLASS-019390	src/mvdm-host/softpc.new/base/disks/floppy.c	3124	C4431	missing type specifier - int assumed. Note: C no longer supports default-int	x64,x86	SPC-STORAGE-CONTROLLER-CALLBACKS	must-repair-call-abi	undeclared, old-style, or incompatible call/table contract may truncate a pointer or pass the wrong calling convention; reconcile declaration, definition, table slot and selected callers	T310-S8-P4-WARN-038568,T310-S8-P4-WARN-038569
T310-S8-P4-CLASS-019394	src/mvdm-host/softpc.new/base/disks/gfi_mpty.c	230	C4244	'return': conversion from 'int' to 'IS16', possible loss of data	x64,x86	SPC-STORAGE-CONTROLLER-CALLBACKS	read-value-range-and-architecture-delta	narrowing/widening is not automatically a defect; determine guest fixed-width value, private native value, or host identity before selecting original correction, overlay, or mapping-manager boundary	T310-S8-P4-WARN-038576,T310-S8-P4-WARN-038577
T310-S8-P4-CLASS-019402	src/mvdm-host/softpc.new/base/disks/gfi.c	181	C4244	'return': conversion from 'int' to 'IS16', possible loss of data	x64,x86	SPC-STORAGE-CONTROLLER-CALLBACKS	read-value-range-and-architecture-delta	narrowing/widening is not automatically a defect; determine guest fixed-width value, private native value, or host identity before selecting original correction, overlay, or mapping-manager boundary	T310-S8-P4-WARN-038592,T310-S8-P4-WARN-038593
T310-S8-P4-CLASS-019404	src/mvdm-host/softpc.new/base/disks/gfi.c	378	C4244	'function': conversion from 'int' to 'IU8', possible loss of data	x64,x86	SPC-STORAGE-CONTROLLER-CALLBACKS	read-value-range-and-architecture-delta	narrowing/widening is not automatically a defect; determine guest fixed-width value, private native value, or host identity before selecting original correction, overlay, or mapping-manager boundary	T310-S8-P4-WARN-038596,T310-S8-P4-WARN-038597
T310-S8-P4-CLASS-019415	src/mvdm-host/softpc.new/base/support/main.c	306	C4013	'InitialiseDosEmulation' undefined; assuming extern returning int	x64,x86	SPC-SUPPORT-CONTROLLER-CALLBACKS	must-repair-call-abi	undeclared, old-style, or incompatible call/table contract may truncate a pointer or pass the wrong calling convention; reconcile declaration, definition, table slot and selected callers	T310-S8-P4-WARN-038618,T310-S8-P4-WARN-038619
T310-S8-P4-CLASS-019416	src/mvdm-host/softpc.new/base/support/main.c	318	C4013	'host_start_cpu' undefined; assuming extern returning int	x64,x86	SPC-SUPPORT-CONTROLLER-CALLBACKS	must-repair-call-abi	undeclared, old-style, or incompatible call/table contract may truncate a pointer or pass the wrong calling convention; reconcile declaration, definition, table slot and selected callers	T310-S8-P4-WARN-038620,T310-S8-P4-WARN-038621
T310-S8-P4-CLASS-019417	src/mvdm-host/softpc.new/base/support/main.c	338	C4013	'mouse_driver_initialisation' undefined; assuming extern returning int	x64,x86	SPC-SUPPORT-CONTROLLER-CALLBACKS	must-repair-call-abi	undeclared, old-style, or incompatible call/table contract may truncate a pointer or pass the wrong calling convention; reconcile declaration, definition, table slot and selected callers	T310-S8-P4-WARN-038622,T310-S8-P4-WARN-038623
T310-S8-P4-CLASS-019420	src/mvdm-host/softpc.new/base/system/at_dma.c	608	C4244	'+=': conversion from 'IU32' to 'IU16', possible loss of data	x64,x86	SPC-SYSTEM-CONTROLLER-CALLBACKS	read-value-range-and-architecture-delta	narrowing/widening is not automatically a defect; determine guest fixed-width value, private native value, or host identity before selecting original correction, overlay, or mapping-manager boundary	T310-S8-P4-WARN-038628,T310-S8-P4-WARN-038629
T310-S8-P4-CLASS-019421	src/mvdm-host/softpc.new/base/system/at_dma.c	609	C4244	'-=': conversion from 'IU32' to 'IU16', possible loss of data	x64,x86	SPC-SYSTEM-CONTROLLER-CALLBACKS	read-value-range-and-architecture-delta	narrowing/widening is not automatically a defect; determine guest fixed-width value, private native value, or host identity before selecting original correction, overlay, or mapping-manager boundary	T310-S8-P4-WARN-038630,T310-S8-P4-WARN-038631
T310-S8-P4-CLASS-019422	src/mvdm-host/softpc.new/base/system/at_dma.c	662	C4244	'-=': conversion from 'IU32' to 'IU16', possible loss of data	x64,x86	SPC-SYSTEM-CONTROLLER-CALLBACKS	read-value-range-and-architecture-delta	narrowing/widening is not automatically a defect; determine guest fixed-width value, private native value, or host identity before selecting original correction, overlay, or mapping-manager boundary	T310-S8-P4-WARN-038632,T310-S8-P4-WARN-038633
T310-S8-P4-CLASS-019423	src/mvdm-host/softpc.new/base/system/at_dma.c	663	C4244	'-=': conversion from 'IU32' to 'IU16', possible loss of data	x64,x86	SPC-SYSTEM-CONTROLLER-CALLBACKS	read-value-range-and-architecture-delta	narrowing/widening is not automatically a defect; determine guest fixed-width value, private native value, or host identity before selecting original correction, overlay, or mapping-manager boundary	T310-S8-P4-WARN-038634,T310-S8-P4-WARN-038635
T310-S8-P4-CLASS-019424	src/mvdm-host/softpc.new/base/system/at_dma.c	668	C4244	'=': conversion from 'IU16' to 'IU8', possible loss of data	x64,x86	SPC-SYSTEM-CONTROLLER-CALLBACKS	read-value-range-and-architecture-delta	narrowing/widening is not automatically a defect; determine guest fixed-width value, private native value, or host identity before selecting original correction, overlay, or mapping-manager boundary	T310-S8-P4-WARN-038636,T310-S8-P4-WARN-038637
T310-S8-P4-CLASS-019425	src/mvdm-host/softpc.new/base/system/at_dma.c	670	C4244	'=': conversion from 'IU16' to 'IU8', possible loss of data	x64,x86	SPC-SYSTEM-CONTROLLER-CALLBACKS	read-value-range-and-architecture-delta	narrowing/widening is not automatically a defect; determine guest fixed-width value, private native value, or host identity before selecting original correction, overlay, or mapping-manager boundary	T310-S8-P4-WARN-038638,T310-S8-P4-WARN-038639
T310-S8-P4-CLASS-019426	src/mvdm-host/softpc.new/base/system/cmosnt.c	216	C4244	'=': conversion from 'int' to 'CSHORT', possible loss of data	x64,x86	SPC-SYSTEM-CONTROLLER-CALLBACKS	read-value-range-and-architecture-delta	narrowing/widening is not automatically a defect; determine guest fixed-width value, private native value, or host identity before selecting original correction, overlay, or mapping-manager boundary	T310-S8-P4-WARN-038640,T310-S8-P4-WARN-038641
T310-S8-P4-CLASS-019427	src/mvdm-host/softpc.new/base/system/cmosnt.c	217	C4244	'=': conversion from 'int' to 'CSHORT', possible loss of data	x64,x86	SPC-SYSTEM-CONTROLLER-CALLBACKS	read-value-range-and-architecture-delta	narrowing/widening is not automatically a defect; determine guest fixed-width value, private native value, or host identity before selecting original correction, overlay, or mapping-manager boundary	T310-S8-P4-WARN-038642,T310-S8-P4-WARN-038643
T310-S8-P4-CLASS-019428	src/mvdm-host/softpc.new/base/system/cmosnt.c	218	C4244	'=': conversion from 'int' to 'CSHORT', possible loss of data	x64,x86	SPC-SYSTEM-CONTROLLER-CALLBACKS	read-value-range-and-architecture-delta	narrowing/widening is not automatically a defect; determine guest fixed-width value, private native value, or host identity before selecting original correction, overlay, or mapping-manager boundary	T310-S8-P4-WARN-038644,T310-S8-P4-WARN-038645
T310-S8-P4-CLASS-019429	src/mvdm-host/softpc.new/base/system/cmosnt.c	219	C4244	'=': conversion from 'int' to 'CSHORT', possible loss of data	x64,x86	SPC-SYSTEM-CONTROLLER-CALLBACKS	read-value-range-and-architecture-delta	narrowing/widening is not automatically a defect; determine guest fixed-width value, private native value, or host identity before selecting original correction, overlay, or mapping-manager boundary	T310-S8-P4-WARN-038646,T310-S8-P4-WARN-038647
T310-S8-P4-CLASS-019430	src/mvdm-host/softpc.new/base/system/cmosnt.c	220	C4244	'=': conversion from 'int' to 'CSHORT', possible loss of data	x64,x86	SPC-SYSTEM-CONTROLLER-CALLBACKS	read-value-range-and-architecture-delta	narrowing/widening is not automatically a defect; determine guest fixed-width value, private native value, or host identity before selecting original correction, overlay, or mapping-manager boundary	T310-S8-P4-WARN-038648,T310-S8-P4-WARN-038649
T310-S8-P4-CLASS-019431	src/mvdm-host/softpc.new/base/system/cmosnt.c	221	C4244	'=': conversion from 'int' to 'CSHORT', possible loss of data	x64,x86	SPC-SYSTEM-CONTROLLER-CALLBACKS	read-value-range-and-architecture-delta	narrowing/widening is not automatically a defect; determine guest fixed-width value, private native value, or host identity before selecting original correction, overlay, or mapping-manager boundary	T310-S8-P4-WARN-038650,T310-S8-P4-WARN-038651
T310-S8-P4-CLASS-019435	src/mvdm-host/softpc.new/base/system/cmosnt.c	379	C4244	'=': conversion from 'int' to 'IU8', possible loss of data	x64,x86	SPC-SYSTEM-CONTROLLER-CALLBACKS	read-value-range-and-architecture-delta	narrowing/widening is not automatically a defect; determine guest fixed-width value, private native value, or host identity before selecting original correction, overlay, or mapping-manager boundary	T310-S8-P4-WARN-038658,T310-S8-P4-WARN-038659
T310-S8-P4-CLASS-019436	src/mvdm-host/softpc.new/base/system/cmosnt.c	380	C4244	'=': conversion from 'int' to 'IU8', possible loss of data	x64,x86	SPC-SYSTEM-CONTROLLER-CALLBACKS	read-value-range-and-architecture-delta	narrowing/widening is not automatically a defect; determine guest fixed-width value, private native value, or host identity before selecting original correction, overlay, or mapping-manager boundary	T310-S8-P4-WARN-038660,T310-S8-P4-WARN-038661
T310-S8-P4-CLASS-019437	src/mvdm-host/softpc.new/base/system/cmosnt.c	448	C4305	'type cast': truncation from 'void *' to 'IS16'	x64,x86	SPC-SYSTEM-CONTROLLER-CALLBACKS	read-value-range-and-architecture-delta	narrowing/widening is not automatically a defect; determine guest fixed-width value, private native value, or host identity before selecting original correction, overlay, or mapping-manager boundary	T310-S8-P4-WARN-038662,T310-S8-P4-WARN-038663
T310-S8-P4-CLASS-019450	src/mvdm-host/softpc.new/base/system/cmosnt.c	1123	C4244	'=': conversion from 'int' to 'IU8', possible loss of data	x64,x86	SPC-SYSTEM-CONTROLLER-CALLBACKS	read-value-range-and-architecture-delta	narrowing/widening is not automatically a defect; determine guest fixed-width value, private native value, or host identity before selecting original correction, overlay, or mapping-manager boundary	T310-S8-P4-WARN-038688,T310-S8-P4-WARN-038689
T310-S8-P4-CLASS-019456	src/mvdm-host/softpc.new/base/system/idetect.c	435	C4131	'idetect': uses old-style declarator	x64,x86	SPC-SYSTEM-CONTROLLER-CALLBACKS	must-read-old-style-call-contract	K&R declaration may hide a modern parameter/return ABI mismatch; compare the selected declaration and callers before deciding whether it is a harmless source-style warning	T310-S8-P4-WARN-038700,T310-S8-P4-WARN-038701
T310-S8-P4-CLASS-019457	src/mvdm-host/softpc.new/base/system/idetect.c	484	C4131	'idle_set': uses old-style declarator	x64,x86	SPC-SYSTEM-CONTROLLER-CALLBACKS	must-read-old-style-call-contract	K&R declaration may hide a modern parameter/return ABI mismatch; compare the selected declaration and callers before deciding whether it is a harmless source-style warning	T310-S8-P4-WARN-038702,T310-S8-P4-WARN-038703
T310-S8-P4-CLASS-019458	src/mvdm-host/softpc.new/base/system/idetect.c	488	C4244	'=': conversion from 'int' to 'IU16', possible loss of data	x64,x86	SPC-SYSTEM-CONTROLLER-CALLBACKS	read-value-range-and-architecture-delta	narrowing/widening is not automatically a defect; determine guest fixed-width value, private native value, or host identity before selecting original correction, overlay, or mapping-manager boundary	T310-S8-P4-WARN-038704,T310-S8-P4-WARN-038705
T310-S8-P4-CLASS-019459	src/mvdm-host/softpc.new/base/system/idetect.c	491	C4244	'=': conversion from 'int' to 'IU16', possible loss of data	x64,x86	SPC-SYSTEM-CONTROLLER-CALLBACKS	read-value-range-and-architecture-delta	narrowing/widening is not automatically a defect; determine guest fixed-width value, private native value, or host identity before selecting original correction, overlay, or mapping-manager boundary	T310-S8-P4-WARN-038706,T310-S8-P4-WARN-038707
T310-S8-P4-CLASS-019460	src/mvdm-host/softpc.new/base/system/idetect.c	494	C4131	'idle_ctl': uses old-style declarator	x64,x86	SPC-SYSTEM-CONTROLLER-CALLBACKS	must-read-old-style-call-contract	K&R declaration may hide a modern parameter/return ABI mismatch; compare the selected declaration and callers before deciding whether it is a harmless source-style warning	T310-S8-P4-WARN-038708,T310-S8-P4-WARN-038709
T310-S8-P4-CLASS-019461	src/mvdm-host/softpc.new/base/system/idetect.c	504	C4244	'=': conversion from 'int' to 'IU16', possible loss of data	x64,x86	SPC-SYSTEM-CONTROLLER-CALLBACKS	read-value-range-and-architecture-delta	narrowing/widening is not automatically a defect; determine guest fixed-width value, private native value, or host identity before selecting original correction, overlay, or mapping-manager boundary	T310-S8-P4-WARN-038710,T310-S8-P4-WARN-038711
T310-S8-P4-CLASS-019463	src/mvdm-host/softpc.new/base/system/illegalp.c	109	C4067	unexpected tokens following preprocessor directive - expected a newline	x64,x86	SPC-SYSTEM-CONTROLLER-CALLBACKS	unclassified-read-source	warning class has no approved general disposition; read original source, declaration and selected caller before any change	T310-S8-P4-WARN-038714,T310-S8-P4-WARN-038715
T310-S8-P4-CLASS-019464	src/mvdm-host/softpc.new/base/system/qevnt.c	68	C4201	nonstandard extension used: nameless struct/union	x64,x86	SPC-SYSTEM-CONTROLLER-CALLBACKS	unclassified-read-source	warning class has no approved general disposition; read original source, declaration and selected caller before any change	T310-S8-P4-WARN-038716,T310-S8-P4-WARN-038717
T310-S8-P4-CLASS-019467	src/mvdm-host/softpc.new/base/system/rom.c	188	C4244	'function': conversion from 'IU32' to 'IU8', possible loss of data	x64,x86	SPC-SYSTEM-CONTROLLER-CALLBACKS	read-value-range-and-architecture-delta	narrowing/widening is not automatically a defect; determine guest fixed-width value, private native value, or host identity before selecting original correction, overlay, or mapping-manager boundary	T310-S8-P4-WARN-038722,T310-S8-P4-WARN-038723
T310-S8-P4-CLASS-019468	src/mvdm-host/softpc.new/base/system/rom.c	227	C4311	'type cast': pointer truncation from 'void *' to 'unsigned long'	x64	SPC-SYSTEM-CONTROLLER-CALLBACKS	must-repair-width-or-pointer-abi	pointer/integer or variadic-width conversion; read the exact original value class and use a same-shaped native-width binding or the mapping manager	T310-S8-P4-WARN-038724
T310-S8-P4-CLASS-019470	src/mvdm-host/softpc.new/base/system/rom.c	425	C4244	'function': conversion from 'IU32' to 'IU16', possible loss of data	x64,x86	SPC-SYSTEM-CONTROLLER-CALLBACKS	read-value-range-and-architecture-delta	narrowing/widening is not automatically a defect; determine guest fixed-width value, private native value, or host identity before selecting original correction, overlay, or mapping-manager boundary	T310-S8-P4-WARN-038727,T310-S8-P4-WARN-038728
T310-S8-P4-CLASS-019472	src/mvdm-host/softpc.new/base/system/rom.c	664	C4267	'=': conversion from 'size_t' to 'IU32', possible loss of data	x64	SPC-SYSTEM-CONTROLLER-CALLBACKS	must-read-x64-narrowing	narrowing/widening is not automatically a defect; determine guest fixed-width value, private native value, or host identity before selecting original correction, overlay, or mapping-manager boundary	T310-S8-P4-WARN-038731
T310-S8-P4-CLASS-019474	src/mvdm-host/softpc.new/base/system/rom.c	706	C4267	'+=': conversion from 'size_t' to 'IU32', possible loss of data	x64	SPC-SYSTEM-CONTROLLER-CALLBACKS	must-read-x64-narrowing	narrowing/widening is not automatically a defect; determine guest fixed-width value, private native value, or host identity before selecting original correction, overlay, or mapping-manager boundary	T310-S8-P4-WARN-038734
T310-S8-P4-CLASS-019475	src/mvdm-host/softpc.new/base/system/timer.c	959	C4244	'=': conversion from 'long' to 'unsigned char', possible loss of data	x64,x86	SPC-SYSTEM-CONTROLLER-CALLBACKS	read-value-range-and-architecture-delta	narrowing/widening is not automatically a defect; determine guest fixed-width value, private native value, or host identity before selecting original correction, overlay, or mapping-manager boundary	T310-S8-P4-WARN-038735,T310-S8-P4-WARN-038736
T310-S8-P4-CLASS-019476	src/mvdm-host/softpc.new/base/system/timer.c	1074	C4244	'=': conversion from 'int' to 'unsigned char', possible loss of data	x64,x86	SPC-SYSTEM-CONTROLLER-CALLBACKS	read-value-range-and-architecture-delta	narrowing/widening is not automatically a defect; determine guest fixed-width value, private native value, or host identity before selecting original correction, overlay, or mapping-manager boundary	T310-S8-P4-WARN-038737,T310-S8-P4-WARN-038738
T310-S8-P4-CLASS-019480	src/mvdm-host/softpc.new/base/video/cga.c	354	C4244	'=': conversion from 'int' to 'IU8', possible loss of data	x64,x86	SPC-VIDEO-CONTROLLER-DISPATCH	read-value-range-and-architecture-delta	narrowing/widening is not automatically a defect; determine guest fixed-width value, private native value, or host identity before selecting original correction, overlay, or mapping-manager boundary	T310-S8-P4-WARN-038745,T310-S8-P4-WARN-038746
T310-S8-P4-CLASS-019482	src/mvdm-host/softpc.new/base/video/cga.c	695	C4244	'-=': conversion from 'int' to 'IU16', possible loss of data	x64,x86	SPC-VIDEO-CONTROLLER-DISPATCH	read-value-range-and-architecture-delta	narrowing/widening is not automatically a defect; determine guest fixed-width value, private native value, or host identity before selecting original correction, overlay, or mapping-manager boundary	T310-S8-P4-WARN-038749,T310-S8-P4-WARN-038750
T310-S8-P4-CLASS-019483	src/mvdm-host/softpc.new/base/video/cga.c	713	C4244	'-=': conversion from 'int' to 'IU16', possible loss of data	x64,x86	SPC-VIDEO-CONTROLLER-DISPATCH	read-value-range-and-architecture-delta	narrowing/widening is not automatically a defect; determine guest fixed-width value, private native value, or host identity before selecting original correction, overlay, or mapping-manager boundary	T310-S8-P4-WARN-038751,T310-S8-P4-WARN-038752
T310-S8-P4-CLASS-019486	src/mvdm-host/softpc.new/base/video/cga.c	1415	C4013	'setWritePointers' undefined; assuming extern returning int	x64,x86	SPC-VIDEO-CONTROLLER-DISPATCH	must-repair-call-abi	undeclared, old-style, or incompatible call/table contract may truncate a pointer or pass the wrong calling convention; reconcile declaration, definition, table slot and selected callers	T310-S8-P4-WARN-038757,T310-S8-P4-WARN-038758
T310-S8-P4-CLASS-019487	src/mvdm-host/softpc.new/base/video/cga.c	1416	C4013	'setReadPointers' undefined; assuming extern returning int	x64,x86	SPC-VIDEO-CONTROLLER-DISPATCH	must-repair-call-abi	undeclared, old-style, or incompatible call/table contract may truncate a pointer or pass the wrong calling convention; reconcile declaration, definition, table slot and selected callers	T310-S8-P4-WARN-038759,T310-S8-P4-WARN-038760
T310-S8-P4-CLASS-019489	src/mvdm-host/softpc.new/base/video/ega_mode.c	538	C4131	'set_update_routine': uses old-style declarator	x64,x86	SPC-VIDEO-CONTROLLER-DISPATCH	must-read-old-style-call-contract	K&R declaration may hide a modern parameter/return ABI mismatch; compare the selected declaration and callers before deciding whether it is a harmless source-style warning	T310-S8-P4-WARN-038762,T310-S8-P4-WARN-038764
T310-S8-P4-CLASS-019490	src/mvdm-host/softpc.new/base/video/ega_prts.c	1655	C4018	'>=': signed/unsigned mismatch	x64,x86	SPC-VIDEO-CONTROLLER-DISPATCH	unclassified-read-source	warning class has no approved general disposition; read original source, declaration and selected caller before any change	T310-S8-P4-WARN-038765,T310-S8-P4-WARN-038766
T310-S8-P4-CLASS-019491	src/mvdm-host/softpc.new/base/video/ega_prts.c	1691	C4018	'>=': signed/unsigned mismatch	x64,x86	SPC-VIDEO-CONTROLLER-DISPATCH	unclassified-read-source	warning class has no approved general disposition; read original source, declaration and selected caller before any change	T310-S8-P4-WARN-038767,T310-S8-P4-WARN-038768
T310-S8-P4-CLASS-019494	src/mvdm-host/softpc.new/base/video/ega_prts.c	1882	C4013	'setMarkPointers' undefined; assuming extern returning int	x64,x86	SPC-VIDEO-CONTROLLER-DISPATCH	must-repair-call-abi	undeclared, old-style, or incompatible call/table contract may truncate a pointer or pass the wrong calling convention; reconcile declaration, definition, table slot and selected callers	T310-S8-P4-WARN-038773,T310-S8-P4-WARN-038774
T310-S8-P4-CLASS-019500	src/mvdm-host/softpc.new/base/video/ega_prts.c	2197	C4244	'function': conversion from 'unsigned int' to 'IU8', possible loss of data	x64,x86	SPC-VIDEO-CONTROLLER-DISPATCH	read-value-range-and-architecture-delta	narrowing/widening is not automatically a defect; determine guest fixed-width value, private native value, or host identity before selecting original correction, overlay, or mapping-manager boundary	T310-S8-P4-WARN-038785,T310-S8-P4-WARN-038786
T310-S8-P4-CLASS-019504	src/mvdm-host/softpc.new/base/video/ega_prts.c	2428	C4244	'-=': conversion from 'int' to 'IS16', possible loss of data	x64,x86	SPC-VIDEO-CONTROLLER-DISPATCH	read-value-range-and-architecture-delta	narrowing/widening is not automatically a defect; determine guest fixed-width value, private native value, or host identity before selecting original correction, overlay, or mapping-manager boundary	T310-S8-P4-WARN-038793,T310-S8-P4-WARN-038794
T310-S8-P4-CLASS-019505	src/mvdm-host/softpc.new/base/video/ega_prts.c	2446	C4244	'-=': conversion from 'int' to 'IS16', possible loss of data	x64,x86	SPC-VIDEO-CONTROLLER-DISPATCH	read-value-range-and-architecture-delta	narrowing/widening is not automatically a defect; determine guest fixed-width value, private native value, or host identity before selecting original correction, overlay, or mapping-manager boundary	T310-S8-P4-WARN-038795,T310-S8-P4-WARN-038796
T310-S8-P4-CLASS-019507	src/mvdm-host/softpc.new/base/video/ega_prts.c	2570	C4244	'=': conversion from 'unsigned int' to 'IU8', possible loss of data	x64,x86	SPC-VIDEO-CONTROLLER-DISPATCH	read-value-range-and-architecture-delta	narrowing/widening is not automatically a defect; determine guest fixed-width value, private native value, or host identity before selecting original correction, overlay, or mapping-manager boundary	T310-S8-P4-WARN-038799,T310-S8-P4-WARN-038800
T310-S8-P4-CLASS-019508	src/mvdm-host/softpc.new/base/video/ega_prts.c	2574	C4244	'=': conversion from 'unsigned int' to 'IU8', possible loss of data	x64,x86	SPC-VIDEO-CONTROLLER-DISPATCH	read-value-range-and-architecture-delta	narrowing/widening is not automatically a defect; determine guest fixed-width value, private native value, or host identity before selecting original correction, overlay, or mapping-manager boundary	T310-S8-P4-WARN-038801,T310-S8-P4-WARN-038802
T310-S8-P4-CLASS-019514	src/mvdm-host/softpc.new/base/video/ega_prts.c	2690	C4244	'function': conversion from 'unsigned int' to 'IU8', possible loss of data	x64,x86	SPC-VIDEO-CONTROLLER-DISPATCH	read-value-range-and-architecture-delta	narrowing/widening is not automatically a defect; determine guest fixed-width value, private native value, or host identity before selecting original correction, overlay, or mapping-manager boundary	T310-S8-P4-WARN-038813,T310-S8-P4-WARN-038814
T310-S8-P4-CLASS-019517	src/mvdm-host/softpc.new/base/video/ega_prts.c	2707	C4244	'=': conversion from 'unsigned int' to 'IU8', possible loss of data	x64,x86	SPC-VIDEO-CONTROLLER-DISPATCH	read-value-range-and-architecture-delta	narrowing/widening is not automatically a defect; determine guest fixed-width value, private native value, or host identity before selecting original correction, overlay, or mapping-manager boundary	T310-S8-P4-WARN-038819,T310-S8-P4-WARN-038820
T310-S8-P4-CLASS-019519	src/mvdm-host/softpc.new/base/video/ega_prts.c	2733	C4244	'function': conversion from 'unsigned int' to 'IU8', possible loss of data	x64,x86	SPC-VIDEO-CONTROLLER-DISPATCH	read-value-range-and-architecture-delta	narrowing/widening is not automatically a defect; determine guest fixed-width value, private native value, or host identity before selecting original correction, overlay, or mapping-manager boundary	T310-S8-P4-WARN-038823,T310-S8-P4-WARN-038824
T310-S8-P4-CLASS-019522	src/mvdm-host/softpc.new/base/video/ega_prts.c	2767	C4244	'=': conversion from 'unsigned int' to 'IU8', possible loss of data	x64,x86	SPC-VIDEO-CONTROLLER-DISPATCH	read-value-range-and-architecture-delta	narrowing/widening is not automatically a defect; determine guest fixed-width value, private native value, or host identity before selecting original correction, overlay, or mapping-manager boundary	T310-S8-P4-WARN-038829,T310-S8-P4-WARN-038830
T310-S8-P4-CLASS-019527	src/mvdm-host/softpc.new/base/video/ega_prts.c	2876	C4244	'=': conversion from 'unsigned int' to 'IU8', possible loss of data	x64,x86	SPC-VIDEO-CONTROLLER-DISPATCH	read-value-range-and-architecture-delta	narrowing/widening is not automatically a defect; determine guest fixed-width value, private native value, or host identity before selecting original correction, overlay, or mapping-manager boundary	T310-S8-P4-WARN-038839,T310-S8-P4-WARN-038840
T310-S8-P4-CLASS-019528	src/mvdm-host/softpc.new/base/video/ega_prts.c	2918	C4244	'function': conversion from 'unsigned int' to 'IU8', possible loss of data	x64,x86	SPC-VIDEO-CONTROLLER-DISPATCH	read-value-range-and-architecture-delta	narrowing/widening is not automatically a defect; determine guest fixed-width value, private native value, or host identity before selecting original correction, overlay, or mapping-manager boundary	T310-S8-P4-WARN-038841,T310-S8-P4-WARN-038842
T310-S8-P4-CLASS-019529	src/mvdm-host/softpc.new/base/video/ega_prts.c	2948	C4013	'Glue_set_vid_wrt_ptrs' undefined; assuming extern returning int	x64,x86	SPC-VIDEO-CONTROLLER-DISPATCH	must-repair-call-abi	undeclared, old-style, or incompatible call/table contract may truncate a pointer or pass the wrong calling convention; reconcile declaration, definition, table slot and selected callers	T310-S8-P4-WARN-038843,T310-S8-P4-WARN-038844
T310-S8-P4-CLASS-019535	src/mvdm-host/softpc.new/base/video/ega_prts.c	3112	C4244	'=': conversion from 'unsigned int' to 'IU8', possible loss of data	x64,x86	SPC-VIDEO-CONTROLLER-DISPATCH	read-value-range-and-architecture-delta	narrowing/widening is not automatically a defect; determine guest fixed-width value, private native value, or host identity before selecting original correction, overlay, or mapping-manager boundary	T310-S8-P4-WARN-038855,T310-S8-P4-WARN-038856
T310-S8-P4-CLASS-019536	src/mvdm-host/softpc.new/base/video/ega_prts.c	3114	C4244	'=': conversion from 'unsigned int' to 'IU8', possible loss of data	x64,x86	SPC-VIDEO-CONTROLLER-DISPATCH	read-value-range-and-architecture-delta	narrowing/widening is not automatically a defect; determine guest fixed-width value, private native value, or host identity before selecting original correction, overlay, or mapping-manager boundary	T310-S8-P4-WARN-038857,T310-S8-P4-WARN-038858
T310-S8-P4-CLASS-019537	src/mvdm-host/softpc.new/base/video/ega_prts.c	3116	C4244	'=': conversion from 'unsigned int' to 'IU8', possible loss of data	x64,x86	SPC-VIDEO-CONTROLLER-DISPATCH	read-value-range-and-architecture-delta	narrowing/widening is not automatically a defect; determine guest fixed-width value, private native value, or host identity before selecting original correction, overlay, or mapping-manager boundary	T310-S8-P4-WARN-038859,T310-S8-P4-WARN-038860
T310-S8-P4-CLASS-019538	src/mvdm-host/softpc.new/base/video/ega_prts.c	3122	C4244	'=': conversion from 'unsigned int' to 'IU8', possible loss of data	x64,x86	SPC-VIDEO-CONTROLLER-DISPATCH	read-value-range-and-architecture-delta	narrowing/widening is not automatically a defect; determine guest fixed-width value, private native value, or host identity before selecting original correction, overlay, or mapping-manager boundary	T310-S8-P4-WARN-038861,T310-S8-P4-WARN-038862
T310-S8-P4-CLASS-019539	src/mvdm-host/softpc.new/base/video/ega_prts.c	3124	C4244	'=': conversion from 'unsigned int' to 'IU8', possible loss of data	x64,x86	SPC-VIDEO-CONTROLLER-DISPATCH	read-value-range-and-architecture-delta	narrowing/widening is not automatically a defect; determine guest fixed-width value, private native value, or host identity before selecting original correction, overlay, or mapping-manager boundary	T310-S8-P4-WARN-038863,T310-S8-P4-WARN-038864
T310-S8-P4-CLASS-019540	src/mvdm-host/softpc.new/base/video/ega_prts.c	3126	C4244	'=': conversion from 'unsigned int' to 'IU8', possible loss of data	x64,x86	SPC-VIDEO-CONTROLLER-DISPATCH	read-value-range-and-architecture-delta	narrowing/widening is not automatically a defect; determine guest fixed-width value, private native value, or host identity before selecting original correction, overlay, or mapping-manager boundary	T310-S8-P4-WARN-038865,T310-S8-P4-WARN-038866
T310-S8-P4-CLASS-019541	src/mvdm-host/softpc.new/base/video/ega_prts.c	3158	C4244	'=': conversion from 'unsigned int' to 'IU8', possible loss of data	x64,x86	SPC-VIDEO-CONTROLLER-DISPATCH	read-value-range-and-architecture-delta	narrowing/widening is not automatically a defect; determine guest fixed-width value, private native value, or host identity before selecting original correction, overlay, or mapping-manager boundary	T310-S8-P4-WARN-038867,T310-S8-P4-WARN-038868
T310-S8-P4-CLASS-019542	src/mvdm-host/softpc.new/base/video/ega_prts.c	3159	C4244	'=': conversion from 'unsigned int' to 'IU8', possible loss of data	x64,x86	SPC-VIDEO-CONTROLLER-DISPATCH	read-value-range-and-architecture-delta	narrowing/widening is not automatically a defect; determine guest fixed-width value, private native value, or host identity before selecting original correction, overlay, or mapping-manager boundary	T310-S8-P4-WARN-038869,T310-S8-P4-WARN-038870
T310-S8-P4-CLASS-019543	src/mvdm-host/softpc.new/base/video/ega_prts.c	3160	C4244	'=': conversion from 'unsigned int' to 'IU8', possible loss of data	x64,x86	SPC-VIDEO-CONTROLLER-DISPATCH	read-value-range-and-architecture-delta	narrowing/widening is not automatically a defect; determine guest fixed-width value, private native value, or host identity before selecting original correction, overlay, or mapping-manager boundary	T310-S8-P4-WARN-038871,T310-S8-P4-WARN-038872
T310-S8-P4-CLASS-019548	src/mvdm-host/softpc.new/base/video/ega_prts.c	3255	C4244	'=': conversion from 'unsigned int' to 'IU8', possible loss of data	x64,x86	SPC-VIDEO-CONTROLLER-DISPATCH	read-value-range-and-architecture-delta	narrowing/widening is not automatically a defect; determine guest fixed-width value, private native value, or host identity before selecting original correction, overlay, or mapping-manager boundary	T310-S8-P4-WARN-038881,T310-S8-P4-WARN-038882
T310-S8-P4-CLASS-019550	src/mvdm-host/softpc.new/base/video/ega_read.c	382	C4431	missing type specifier - int assumed. Note: C no longer supports default-int	x64,x86	SPC-VIDEO-CONTROLLER-DISPATCH	must-repair-call-abi	undeclared, old-style, or incompatible call/table contract may truncate a pointer or pass the wrong calling convention; reconcile declaration, definition, table slot and selected callers	T310-S8-P4-WARN-038885,T310-S8-P4-WARN-038886
T310-S8-P4-CLASS-019551	src/mvdm-host/softpc.new/base/video/ega_read.c	383	C4431	missing type specifier - int assumed. Note: C no longer supports default-int	x64,x86	SPC-VIDEO-CONTROLLER-DISPATCH	must-repair-call-abi	undeclared, old-style, or incompatible call/table contract may truncate a pointer or pass the wrong calling convention; reconcile declaration, definition, table slot and selected callers	T310-S8-P4-WARN-038887,T310-S8-P4-WARN-038888
T310-S8-P4-CLASS-019552	src/mvdm-host/softpc.new/base/video/ega_read.c	384	C4431	missing type specifier - int assumed. Note: C no longer supports default-int	x64,x86	SPC-VIDEO-CONTROLLER-DISPATCH	must-repair-call-abi	undeclared, old-style, or incompatible call/table contract may truncate a pointer or pass the wrong calling convention; reconcile declaration, definition, table slot and selected callers	T310-S8-P4-WARN-038889,T310-S8-P4-WARN-038890
T310-S8-P4-CLASS-019553	src/mvdm-host/softpc.new/base/video/ega_read.c	387	C4057	'initializing': 'IU32 (__cdecl *)(unsigned long)' differs in indirection to slightly different base types from 'int (__cdecl *)(IU32)'	x64,x86	SPC-VIDEO-CONTROLLER-DISPATCH	must-repair-call-abi	undeclared, old-style, or incompatible call/table contract may truncate a pointer or pass the wrong calling convention; reconcile declaration, definition, table slot and selected callers	T310-S8-P4-WARN-038891,T310-S8-P4-WARN-038892
T310-S8-P4-CLASS-019554	src/mvdm-host/softpc.new/base/video/ega_read.c	388	C4057	'initializing': 'IU32 (__cdecl *)(unsigned long)' differs in indirection to slightly different base types from 'int (__cdecl *)(IU32)'	x64,x86	SPC-VIDEO-CONTROLLER-DISPATCH	must-repair-call-abi	undeclared, old-style, or incompatible call/table contract may truncate a pointer or pass the wrong calling convention; reconcile declaration, definition, table slot and selected callers	T310-S8-P4-WARN-038893,T310-S8-P4-WARN-038894
T310-S8-P4-CLASS-019555	src/mvdm-host/softpc.new/base/video/ega_read.c	616	C4244	'=': conversion from 'unsigned long' to 'IU8', possible loss of data	x64,x86	SPC-VIDEO-CONTROLLER-DISPATCH	read-value-range-and-architecture-delta	narrowing/widening is not automatically a defect; determine guest fixed-width value, private native value, or host identity before selecting original correction, overlay, or mapping-manager boundary	T310-S8-P4-WARN-038895,T310-S8-P4-WARN-038896
T310-S8-P4-CLASS-019556	src/mvdm-host/softpc.new/base/video/ega_read.c	626	C4244	'=': conversion from 'unsigned long' to 'IU8', possible loss of data	x64,x86	SPC-VIDEO-CONTROLLER-DISPATCH	read-value-range-and-architecture-delta	narrowing/widening is not automatically a defect; determine guest fixed-width value, private native value, or host identity before selecting original correction, overlay, or mapping-manager boundary	T310-S8-P4-WARN-038897,T310-S8-P4-WARN-038898
T310-S8-P4-CLASS-019557	src/mvdm-host/softpc.new/base/video/ega_read.c	632	C4244	'=': conversion from 'unsigned long' to 'IU8', possible loss of data	x64,x86	SPC-VIDEO-CONTROLLER-DISPATCH	read-value-range-and-architecture-delta	narrowing/widening is not automatically a defect; determine guest fixed-width value, private native value, or host identity before selecting original correction, overlay, or mapping-manager boundary	T310-S8-P4-WARN-038899,T310-S8-P4-WARN-038900
T310-S8-P4-CLASS-019558	src/mvdm-host/softpc.new/base/video/ega_read.c	640	C4244	'=': conversion from 'unsigned long' to 'IU8', possible loss of data	x64,x86	SPC-VIDEO-CONTROLLER-DISPATCH	read-value-range-and-architecture-delta	narrowing/widening is not automatically a defect; determine guest fixed-width value, private native value, or host identity before selecting original correction, overlay, or mapping-manager boundary	T310-S8-P4-WARN-038901,T310-S8-P4-WARN-038902
T310-S8-P4-CLASS-019560	src/mvdm-host/softpc.new/base/video/ega_read.c	764	C4013	'setReadPointers' undefined; assuming extern returning int	x64,x86	SPC-VIDEO-CONTROLLER-DISPATCH	must-repair-call-abi	undeclared, old-style, or incompatible call/table contract may truncate a pointer or pass the wrong calling convention; reconcile declaration, definition, table slot and selected callers	T310-S8-P4-WARN-038905,T310-S8-P4-WARN-038906
T310-S8-P4-CLASS-019561	src/mvdm-host/softpc.new/base/video/ega_vide.c	415	C4244	'function': conversion from 'int' to 'IU16', possible loss of data	x64,x86	SPC-VIDEO-CONTROLLER-DISPATCH	read-value-range-and-architecture-delta	narrowing/widening is not automatically a defect; determine guest fixed-width value, private native value, or host identity before selecting original correction, overlay, or mapping-manager boundary	T310-S8-P4-WARN-038907,T310-S8-P4-WARN-038909
T310-S8-P4-CLASS-019562	src/mvdm-host/softpc.new/base/video/ega_vide.c	415	C4244	'function': conversion from 'int' to 'IU8', possible loss of data	x64,x86	SPC-VIDEO-CONTROLLER-DISPATCH	read-value-range-and-architecture-delta	narrowing/widening is not automatically a defect; determine guest fixed-width value, private native value, or host identity before selecting original correction, overlay, or mapping-manager boundary	T310-S8-P4-WARN-038908,T310-S8-P4-WARN-038910
T310-S8-P4-CLASS-019563	src/mvdm-host/softpc.new/base/video/ega_vide.c	416	C4244	'function': conversion from 'int' to 'IU16', possible loss of data	x64,x86	SPC-VIDEO-CONTROLLER-DISPATCH	read-value-range-and-architecture-delta	narrowing/widening is not automatically a defect; determine guest fixed-width value, private native value, or host identity before selecting original correction, overlay, or mapping-manager boundary	T310-S8-P4-WARN-038911,T310-S8-P4-WARN-038912
T310-S8-P4-CLASS-019564	src/mvdm-host/softpc.new/base/video/ega_vide.c	489	C4244	'function': conversion from 'int' to 'IU8', possible loss of data	x64,x86	SPC-VIDEO-CONTROLLER-DISPATCH	read-value-range-and-architecture-delta	narrowing/widening is not automatically a defect; determine guest fixed-width value, private native value, or host identity before selecting original correction, overlay, or mapping-manager boundary	T310-S8-P4-WARN-038913,T310-S8-P4-WARN-038914
T310-S8-P4-CLASS-019565	src/mvdm-host/softpc.new/base/video/ega_vide.c	746	C4244	'function': conversion from 'int' to 'IU8', possible loss of data	x64,x86	SPC-VIDEO-CONTROLLER-DISPATCH	read-value-range-and-architecture-delta	narrowing/widening is not automatically a defect; determine guest fixed-width value, private native value, or host identity before selecting original correction, overlay, or mapping-manager boundary	T310-S8-P4-WARN-038915,T310-S8-P4-WARN-038916
T310-S8-P4-CLASS-019566	src/mvdm-host/softpc.new/base/video/ega_vide.c	747	C4244	'function': conversion from 'int' to 'IU8', possible loss of data	x64,x86	SPC-VIDEO-CONTROLLER-DISPATCH	read-value-range-and-architecture-delta	narrowing/widening is not automatically a defect; determine guest fixed-width value, private native value, or host identity before selecting original correction, overlay, or mapping-manager boundary	T310-S8-P4-WARN-038917,T310-S8-P4-WARN-038918
T310-S8-P4-CLASS-019567	src/mvdm-host/softpc.new/base/video/ega_vide.c	758	C4244	'function': conversion from 'unsigned int' to 'IU8', possible loss of data	x64,x86	SPC-VIDEO-CONTROLLER-DISPATCH	read-value-range-and-architecture-delta	narrowing/widening is not automatically a defect; determine guest fixed-width value, private native value, or host identity before selecting original correction, overlay, or mapping-manager boundary	T310-S8-P4-WARN-038919,T310-S8-P4-WARN-038920
T310-S8-P4-CLASS-019568	src/mvdm-host/softpc.new/base/video/ega_vide.c	761	C4244	'function': conversion from 'int' to 'IU8', possible loss of data	x64,x86	SPC-VIDEO-CONTROLLER-DISPATCH	read-value-range-and-architecture-delta	narrowing/widening is not automatically a defect; determine guest fixed-width value, private native value, or host identity before selecting original correction, overlay, or mapping-manager boundary	T310-S8-P4-WARN-038921,T310-S8-P4-WARN-038922
T310-S8-P4-CLASS-019569	src/mvdm-host/softpc.new/base/video/ega_vide.c	765	C4244	'function': conversion from 'int' to 'IU8', possible loss of data	x64,x86	SPC-VIDEO-CONTROLLER-DISPATCH	read-value-range-and-architecture-delta	narrowing/widening is not automatically a defect; determine guest fixed-width value, private native value, or host identity before selecting original correction, overlay, or mapping-manager boundary	T310-S8-P4-WARN-038923,T310-S8-P4-WARN-038924
T310-S8-P4-CLASS-019570	src/mvdm-host/softpc.new/base/video/ega_vide.c	783	C4244	'=': conversion from 'int' to 'IU16', possible loss of data	x64,x86	SPC-VIDEO-CONTROLLER-DISPATCH	read-value-range-and-architecture-delta	narrowing/widening is not automatically a defect; determine guest fixed-width value, private native value, or host identity before selecting original correction, overlay, or mapping-manager boundary	T310-S8-P4-WARN-038925,T310-S8-P4-WARN-038926
T310-S8-P4-CLASS-019571	src/mvdm-host/softpc.new/base/video/ega_vide.c	826	C4244	'=': conversion from 'int' to 'IU16', possible loss of data	x64,x86	SPC-VIDEO-CONTROLLER-DISPATCH	read-value-range-and-architecture-delta	narrowing/widening is not automatically a defect; determine guest fixed-width value, private native value, or host identity before selecting original correction, overlay, or mapping-manager boundary	T310-S8-P4-WARN-038927,T310-S8-P4-WARN-038928
T310-S8-P4-CLASS-019572	src/mvdm-host/softpc.new/base/video/ega_vide.c	841	C4244	'function': conversion from 'int' to 'IU8', possible loss of data	x64,x86	SPC-VIDEO-CONTROLLER-DISPATCH	read-value-range-and-architecture-delta	narrowing/widening is not automatically a defect; determine guest fixed-width value, private native value, or host identity before selecting original correction, overlay, or mapping-manager boundary	T310-S8-P4-WARN-038929,T310-S8-P4-WARN-038930
T310-S8-P4-CLASS-019573	src/mvdm-host/softpc.new/base/video/ega_vide.c	863	C4244	'function': conversion from 'int' to 'IU8', possible loss of data	x64,x86	SPC-VIDEO-CONTROLLER-DISPATCH	read-value-range-and-architecture-delta	narrowing/widening is not automatically a defect; determine guest fixed-width value, private native value, or host identity before selecting original correction, overlay, or mapping-manager boundary	T310-S8-P4-WARN-038931,T310-S8-P4-WARN-038932
T310-S8-P4-CLASS-019576	src/mvdm-host/softpc.new/base/video/ega_vide.c	1392	C4244	'=': conversion from 'int' to 'IU8', possible loss of data	x64,x86	SPC-VIDEO-CONTROLLER-DISPATCH	read-value-range-and-architecture-delta	narrowing/widening is not automatically a defect; determine guest fixed-width value, private native value, or host identity before selecting original correction, overlay, or mapping-manager boundary	T310-S8-P4-WARN-038937,T310-S8-P4-WARN-038938
T310-S8-P4-CLASS-019577	src/mvdm-host/softpc.new/base/video/ega_vide.c	1443	C4244	'function': conversion from 'int' to 'IU8', possible loss of data	x64,x86	SPC-VIDEO-CONTROLLER-DISPATCH	read-value-range-and-architecture-delta	narrowing/widening is not automatically a defect; determine guest fixed-width value, private native value, or host identity before selecting original correction, overlay, or mapping-manager boundary	T310-S8-P4-WARN-038939,T310-S8-P4-WARN-038940
T310-S8-P4-CLASS-019578	src/mvdm-host/softpc.new/base/video/ega_vide.c	1444	C4244	'function': conversion from 'int' to 'IU8', possible loss of data	x64,x86	SPC-VIDEO-CONTROLLER-DISPATCH	read-value-range-and-architecture-delta	narrowing/widening is not automatically a defect; determine guest fixed-width value, private native value, or host identity before selecting original correction, overlay, or mapping-manager boundary	T310-S8-P4-WARN-038941,T310-S8-P4-WARN-038942
T310-S8-P4-CLASS-019579	src/mvdm-host/softpc.new/base/video/ega_vide.c	1543	C4244	'function': conversion from 'int' to 'IU8', possible loss of data	x64,x86	SPC-VIDEO-CONTROLLER-DISPATCH	read-value-range-and-architecture-delta	narrowing/widening is not automatically a defect; determine guest fixed-width value, private native value, or host identity before selecting original correction, overlay, or mapping-manager boundary	T310-S8-P4-WARN-038943,T310-S8-P4-WARN-038944
T310-S8-P4-CLASS-019580	src/mvdm-host/softpc.new/base/video/ega_vide.c	2043	C4057	'function': 'unsigned int *' differs in indirection to slightly different base types from 'unsigned long *'	x64,x86	SPC-VIDEO-CONTROLLER-DISPATCH	must-repair-call-abi	undeclared, old-style, or incompatible call/table contract may truncate a pointer or pass the wrong calling convention; reconcile declaration, definition, table slot and selected callers	T310-S8-P4-WARN-038945,T310-S8-P4-WARN-038946
T310-S8-P4-CLASS-019581	src/mvdm-host/softpc.new/base/video/ega_vide.c	2090	C4057	'function': 'unsigned int *' differs in indirection to slightly different base types from 'unsigned long *'	x64,x86	SPC-VIDEO-CONTROLLER-DISPATCH	must-repair-call-abi	undeclared, old-style, or incompatible call/table contract may truncate a pointer or pass the wrong calling convention; reconcile declaration, definition, table slot and selected callers	T310-S8-P4-WARN-038947,T310-S8-P4-WARN-038948
T310-S8-P4-CLASS-019582	src/mvdm-host/softpc.new/base/video/ega_vide.c	2117	C4244	'function': conversion from 'int' to 'IU8', possible loss of data	x64,x86	SPC-VIDEO-CONTROLLER-DISPATCH	read-value-range-and-architecture-delta	narrowing/widening is not automatically a defect; determine guest fixed-width value, private native value, or host identity before selecting original correction, overlay, or mapping-manager boundary	T310-S8-P4-WARN-038949,T310-S8-P4-WARN-038950
T310-S8-P4-CLASS-019583	src/mvdm-host/softpc.new/base/video/ega_vide.c	2139	C4244	'=': conversion from 'int' to 'IU8', possible loss of data	x64,x86	SPC-VIDEO-CONTROLLER-DISPATCH	read-value-range-and-architecture-delta	narrowing/widening is not automatically a defect; determine guest fixed-width value, private native value, or host identity before selecting original correction, overlay, or mapping-manager boundary	T310-S8-P4-WARN-038951,T310-S8-P4-WARN-038952
T310-S8-P4-CLASS-019584	src/mvdm-host/softpc.new/base/video/ga_glue.c	45	C4131	'glue_b_write': uses old-style declarator	x64,x86	SPC-VIDEO-CONTROLLER-DISPATCH	must-read-old-style-call-contract	K&R declaration may hide a modern parameter/return ABI mismatch; compare the selected declaration and callers before deciding whether it is a harmless source-style warning	T310-S8-P4-WARN-038953,T310-S8-P4-WARN-038954
T310-S8-P4-CLASS-019585	src/mvdm-host/softpc.new/base/video/ga_glue.c	56	C4311	'type cast': pointer truncation from 'IU8 *' to 'unsigned long'	x64	SPC-VIDEO-CONTROLLER-DISPATCH	must-repair-width-or-pointer-abi	pointer/integer or variadic-width conversion; read the exact original value class and use a same-shaped native-width binding or the mapping manager	T310-S8-P4-WARN-038955
T310-S8-P4-CLASS-019586	src/mvdm-host/softpc.new/base/video/ga_glue.c	68	C4131	'glue_w_write': uses old-style declarator	x64,x86	SPC-VIDEO-CONTROLLER-DISPATCH	must-read-old-style-call-contract	K&R declaration may hide a modern parameter/return ABI mismatch; compare the selected declaration and callers before deciding whether it is a harmless source-style warning	T310-S8-P4-WARN-038956,T310-S8-P4-WARN-038957
T310-S8-P4-CLASS-019587	src/mvdm-host/softpc.new/base/video/ga_glue.c	79	C4311	'type cast': pointer truncation from 'IU8 *' to 'unsigned long'	x64	SPC-VIDEO-CONTROLLER-DISPATCH	must-repair-width-or-pointer-abi	pointer/integer or variadic-width conversion; read the exact original value class and use a same-shaped native-width binding or the mapping manager	T310-S8-P4-WARN-038958
T310-S8-P4-CLASS-019588	src/mvdm-host/softpc.new/base/video/ga_glue.c	94	C4131	'glue_b_fill': uses old-style declarator	x64,x86	SPC-VIDEO-CONTROLLER-DISPATCH	must-read-old-style-call-contract	K&R declaration may hide a modern parameter/return ABI mismatch; compare the selected declaration and callers before deciding whether it is a harmless source-style warning	T310-S8-P4-WARN-038959,T310-S8-P4-WARN-038960
T310-S8-P4-CLASS-019589	src/mvdm-host/softpc.new/base/video/ga_glue.c	103	C4244	'=': conversion from '__int64' to 'unsigned long', possible loss of data	x64	SPC-VIDEO-CONTROLLER-DISPATCH	must-read-x64-narrowing	narrowing/widening is not automatically a defect; determine guest fixed-width value, private native value, or host identity before selecting original correction, overlay, or mapping-manager boundary	T310-S8-P4-WARN-038961
T310-S8-P4-CLASS-019590	src/mvdm-host/softpc.new/base/video/ga_glue.c	106	C4311	'type cast': pointer truncation from 'IU8 *' to 'unsigned long'	x64	SPC-VIDEO-CONTROLLER-DISPATCH	must-repair-width-or-pointer-abi	pointer/integer or variadic-width conversion; read the exact original value class and use a same-shaped native-width binding or the mapping manager	T310-S8-P4-WARN-038962
T310-S8-P4-CLASS-019591	src/mvdm-host/softpc.new/base/video/ga_glue.c	119	C4131	'glue_w_fill': uses old-style declarator	x64,x86	SPC-VIDEO-CONTROLLER-DISPATCH	must-read-old-style-call-contract	K&R declaration may hide a modern parameter/return ABI mismatch; compare the selected declaration and callers before deciding whether it is a harmless source-style warning	T310-S8-P4-WARN-038963,T310-S8-P4-WARN-038964
T310-S8-P4-CLASS-019592	src/mvdm-host/softpc.new/base/video/ga_glue.c	128	C4244	'=': conversion from '__int64' to 'unsigned long', possible loss of data	x64	SPC-VIDEO-CONTROLLER-DISPATCH	must-read-x64-narrowing	narrowing/widening is not automatically a defect; determine guest fixed-width value, private native value, or host identity before selecting original correction, overlay, or mapping-manager boundary	T310-S8-P4-WARN-038965
T310-S8-P4-CLASS-019593	src/mvdm-host/softpc.new/base/video/ga_glue.c	131	C4311	'type cast': pointer truncation from 'IU8 *' to 'unsigned long'	x64	SPC-VIDEO-CONTROLLER-DISPATCH	must-repair-width-or-pointer-abi	pointer/integer or variadic-width conversion; read the exact original value class and use a same-shaped native-width binding or the mapping manager	T310-S8-P4-WARN-038966
T310-S8-P4-CLASS-019594	src/mvdm-host/softpc.new/base/video/ga_glue.c	144	C4131	'glue_b_move': uses old-style declarator	x64,x86	SPC-VIDEO-CONTROLLER-DISPATCH	must-read-old-style-call-contract	K&R declaration may hide a modern parameter/return ABI mismatch; compare the selected declaration and callers before deciding whether it is a harmless source-style warning	T310-S8-P4-WARN-038967,T310-S8-P4-WARN-038968
T310-S8-P4-CLASS-019595	src/mvdm-host/softpc.new/base/video/ga_glue.c	152	C4244	'=': conversion from '__int64' to 'unsigned long', possible loss of data	x64	SPC-VIDEO-CONTROLLER-DISPATCH	must-read-x64-narrowing	narrowing/widening is not automatically a defect; determine guest fixed-width value, private native value, or host identity before selecting original correction, overlay, or mapping-manager boundary	T310-S8-P4-WARN-038969
T310-S8-P4-CLASS-019596	src/mvdm-host/softpc.new/base/video/ga_glue.c	155	C4311	'type cast': pointer truncation from 'IU8 *' to 'unsigned long'	x64	SPC-VIDEO-CONTROLLER-DISPATCH	must-repair-width-or-pointer-abi	pointer/integer or variadic-width conversion; read the exact original value class and use a same-shaped native-width binding or the mapping manager	T310-S8-P4-WARN-038970
T310-S8-P4-CLASS-019597	src/mvdm-host/softpc.new/base/video/ga_glue.c	156	C4311	'type cast': pointer truncation from 'IU8 *' to 'unsigned long'	x64	SPC-VIDEO-CONTROLLER-DISPATCH	must-repair-width-or-pointer-abi	pointer/integer or variadic-width conversion; read the exact original value class and use a same-shaped native-width binding or the mapping manager	T310-S8-P4-WARN-038971
T310-S8-P4-CLASS-019598	src/mvdm-host/softpc.new/base/video/ga_glue.c	183	C4311	'type cast': pointer truncation from 'IU8 *' to 'IU32'	x64	SPC-VIDEO-CONTROLLER-DISPATCH	must-repair-width-or-pointer-abi	pointer/integer or variadic-width conversion; read the exact original value class and use a same-shaped native-width binding or the mapping manager	T310-S8-P4-WARN-038972
T310-S8-P4-CLASS-019599	src/mvdm-host/softpc.new/base/video/ga_glue.c	183	C4311	'type cast': pointer truncation from 'IU8 *' to 'unsigned long'	x64	SPC-VIDEO-CONTROLLER-DISPATCH	must-repair-width-or-pointer-abi	pointer/integer or variadic-width conversion; read the exact original value class and use a same-shaped native-width binding or the mapping manager	T310-S8-P4-WARN-038973
T310-S8-P4-CLASS-019600	src/mvdm-host/softpc.new/base/video/ga_glue.c	211	C4131	'glue_w_move': uses old-style declarator	x64,x86	SPC-VIDEO-CONTROLLER-DISPATCH	must-read-old-style-call-contract	K&R declaration may hide a modern parameter/return ABI mismatch; compare the selected declaration and callers before deciding whether it is a harmless source-style warning	T310-S8-P4-WARN-038974,T310-S8-P4-WARN-038975
T310-S8-P4-CLASS-019601	src/mvdm-host/softpc.new/base/video/ga_glue.c	219	C4244	'=': conversion from '__int64' to 'unsigned long', possible loss of data	x64	SPC-VIDEO-CONTROLLER-DISPATCH	must-read-x64-narrowing	narrowing/widening is not automatically a defect; determine guest fixed-width value, private native value, or host identity before selecting original correction, overlay, or mapping-manager boundary	T310-S8-P4-WARN-038976
T310-S8-P4-CLASS-019602	src/mvdm-host/softpc.new/base/video/ga_glue.c	222	C4311	'type cast': pointer truncation from 'IU8 *' to 'unsigned long'	x64	SPC-VIDEO-CONTROLLER-DISPATCH	must-repair-width-or-pointer-abi	pointer/integer or variadic-width conversion; read the exact original value class and use a same-shaped native-width binding or the mapping manager	T310-S8-P4-WARN-038977
T310-S8-P4-CLASS-019603	src/mvdm-host/softpc.new/base/video/ga_glue.c	223	C4311	'type cast': pointer truncation from 'IU8 *' to 'unsigned long'	x64	SPC-VIDEO-CONTROLLER-DISPATCH	must-repair-width-or-pointer-abi	pointer/integer or variadic-width conversion; read the exact original value class and use a same-shaped native-width binding or the mapping manager	T310-S8-P4-WARN-038978
T310-S8-P4-CLASS-019604	src/mvdm-host/softpc.new/base/video/ga_glue.c	242	C4311	'type cast': pointer truncation from 'IU8 *' to 'IU32'	x64	SPC-VIDEO-CONTROLLER-DISPATCH	must-repair-width-or-pointer-abi	pointer/integer or variadic-width conversion; read the exact original value class and use a same-shaped native-width binding or the mapping manager	T310-S8-P4-WARN-038979
T310-S8-P4-CLASS-019605	src/mvdm-host/softpc.new/base/video/ga_glue.c	242	C4311	'type cast': pointer truncation from 'IU8 *' to 'unsigned long'	x64	SPC-VIDEO-CONTROLLER-DISPATCH	must-repair-width-or-pointer-abi	pointer/integer or variadic-width conversion; read the exact original value class and use a same-shaped native-width binding or the mapping manager	T310-S8-P4-WARN-038980
T310-S8-P4-CLASS-019606	src/mvdm-host/softpc.new/base/video/ga_glue.c	277	C4131	'glue_b_read': uses old-style declarator	x64,x86	SPC-VIDEO-CONTROLLER-DISPATCH	must-read-old-style-call-contract	K&R declaration may hide a modern parameter/return ABI mismatch; compare the selected declaration and callers before deciding whether it is a harmless source-style warning	T310-S8-P4-WARN-038981,T310-S8-P4-WARN-038982
T310-S8-P4-CLASS-019607	src/mvdm-host/softpc.new/base/video/ga_glue.c	286	C4311	'type cast': pointer truncation from 'IU8 *' to 'unsigned long'	x64	SPC-VIDEO-CONTROLLER-DISPATCH	must-repair-width-or-pointer-abi	pointer/integer or variadic-width conversion; read the exact original value class and use a same-shaped native-width binding or the mapping manager	T310-S8-P4-WARN-038983
T310-S8-P4-CLASS-019608	src/mvdm-host/softpc.new/base/video/ga_glue.c	302	C4131	'glue_w_read': uses old-style declarator	x64,x86	SPC-VIDEO-CONTROLLER-DISPATCH	must-read-old-style-call-contract	K&R declaration may hide a modern parameter/return ABI mismatch; compare the selected declaration and callers before deciding whether it is a harmless source-style warning	T310-S8-P4-WARN-038984,T310-S8-P4-WARN-038985
T310-S8-P4-CLASS-019609	src/mvdm-host/softpc.new/base/video/ga_glue.c	311	C4311	'type cast': pointer truncation from 'IU8 *' to 'unsigned long'	x64	SPC-VIDEO-CONTROLLER-DISPATCH	must-repair-width-or-pointer-abi	pointer/integer or variadic-width conversion; read the exact original value class and use a same-shaped native-width binding or the mapping manager	T310-S8-P4-WARN-038986
T310-S8-P4-CLASS-019610	src/mvdm-host/softpc.new/base/video/ga_glue.c	329	C4131	'glue_str_read': uses old-style declarator	x64,x86	SPC-VIDEO-CONTROLLER-DISPATCH	must-read-old-style-call-contract	K&R declaration may hide a modern parameter/return ABI mismatch; compare the selected declaration and callers before deciding whether it is a harmless source-style warning	T310-S8-P4-WARN-038987,T310-S8-P4-WARN-038988
T310-S8-P4-CLASS-019611	src/mvdm-host/softpc.new/base/video/ga_glue.c	338	C4244	'=': conversion from '__int64' to 'unsigned long', possible loss of data	x64	SPC-VIDEO-CONTROLLER-DISPATCH	must-read-x64-narrowing	narrowing/widening is not automatically a defect; determine guest fixed-width value, private native value, or host identity before selecting original correction, overlay, or mapping-manager boundary	T310-S8-P4-WARN-038989
T310-S8-P4-CLASS-019612	src/mvdm-host/softpc.new/base/video/ga_glue.c	340	C4311	'type cast': pointer truncation from 'IU8 *' to 'unsigned long'	x64	SPC-VIDEO-CONTROLLER-DISPATCH	must-repair-width-or-pointer-abi	pointer/integer or variadic-width conversion; read the exact original value class and use a same-shaped native-width binding or the mapping manager	T310-S8-P4-WARN-038990
T310-S8-P4-CLASS-019613	src/mvdm-host/softpc.new/base/video/ga_glue.c	344	C4311	'type cast': pointer truncation from 'IU8 *' to 'unsigned long'	x64	SPC-VIDEO-CONTROLLER-DISPATCH	must-repair-width-or-pointer-abi	pointer/integer or variadic-width conversion; read the exact original value class and use a same-shaped native-width binding or the mapping manager	T310-S8-P4-WARN-038991
T310-S8-P4-CLASS-019614	src/mvdm-host/softpc.new/base/video/ga_glue.c	346	C4312	'type cast': conversion from 'unsigned long' to 'IU8 *' of greater size	x64	SPC-VIDEO-CONTROLLER-DISPATCH	must-repair-width-or-pointer-abi	pointer/integer or variadic-width conversion; read the exact original value class and use a same-shaped native-width binding or the mapping manager	T310-S8-P4-WARN-038992
T310-S8-P4-CLASS-019615	src/mvdm-host/softpc.new/base/video/vga_prts.c	522	C4244	'+=': conversion from 'unsigned int' to 'IS16', possible loss of data	x64,x86	SPC-VIDEO-CONTROLLER-DISPATCH	read-value-range-and-architecture-delta	narrowing/widening is not automatically a defect; determine guest fixed-width value, private native value, or host identity before selecting original correction, overlay, or mapping-manager boundary	T310-S8-P4-WARN-038993,T310-S8-P4-WARN-038994
T310-S8-P4-CLASS-019616	src/mvdm-host/softpc.new/base/video/vga_prts.c	523	C4244	'+=': conversion from 'unsigned int' to 'IS16', possible loss of data	x64,x86	SPC-VIDEO-CONTROLLER-DISPATCH	read-value-range-and-architecture-delta	narrowing/widening is not automatically a defect; determine guest fixed-width value, private native value, or host identity before selecting original correction, overlay, or mapping-manager boundary	T310-S8-P4-WARN-038995,T310-S8-P4-WARN-038996
T310-S8-P4-CLASS-019617	src/mvdm-host/softpc.new/base/video/vga_prts.c	570	C4018	'>=': signed/unsigned mismatch	x64,x86	SPC-VIDEO-CONTROLLER-DISPATCH	unclassified-read-source	warning class has no approved general disposition; read original source, declaration and selected caller before any change	T310-S8-P4-WARN-038997,T310-S8-P4-WARN-038998
T310-S8-P4-CLASS-019618	src/mvdm-host/softpc.new/base/video/vga_prts.c	606	C4018	'>=': signed/unsigned mismatch	x64,x86	SPC-VIDEO-CONTROLLER-DISPATCH	unclassified-read-source	warning class has no approved general disposition; read original source, declaration and selected caller before any change	T310-S8-P4-WARN-038999,T310-S8-P4-WARN-039000
T310-S8-P4-CLASS-019619	src/mvdm-host/softpc.new/base/video/vga_prts.c	805	C4305	'=': truncation from 'int' to 'IU8'	x64,x86	SPC-VIDEO-CONTROLLER-DISPATCH	read-value-range-and-architecture-delta	narrowing/widening is not automatically a defect; determine guest fixed-width value, private native value, or host identity before selecting original correction, overlay, or mapping-manager boundary	T310-S8-P4-WARN-039001,T310-S8-P4-WARN-039002
T310-S8-P4-CLASS-019624	src/mvdm-host/softpc.new/base/video/vga_prts.c	1038	C4244	'=': conversion from 'unsigned int' to 'IS8', possible loss of data	x64,x86	SPC-VIDEO-CONTROLLER-DISPATCH	read-value-range-and-architecture-delta	narrowing/widening is not automatically a defect; determine guest fixed-width value, private native value, or host identity before selecting original correction, overlay, or mapping-manager boundary	T310-S8-P4-WARN-039011,T310-S8-P4-WARN-039012
T310-S8-P4-CLASS-019625	src/mvdm-host/softpc.new/base/video/vga_prts.c	1039	C4244	'=': conversion from 'unsigned int' to 'IS8', possible loss of data	x64,x86	SPC-VIDEO-CONTROLLER-DISPATCH	read-value-range-and-architecture-delta	narrowing/widening is not automatically a defect; determine guest fixed-width value, private native value, or host identity before selecting original correction, overlay, or mapping-manager boundary	T310-S8-P4-WARN-039013,T310-S8-P4-WARN-039014
T310-S8-P4-CLASS-019629	src/mvdm-host/softpc.new/base/video/vga_prts.c	1082	C4244	'=': conversion from 'unsigned int' to 'IS8', possible loss of data	x64,x86	SPC-VIDEO-CONTROLLER-DISPATCH	read-value-range-and-architecture-delta	narrowing/widening is not automatically a defect; determine guest fixed-width value, private native value, or host identity before selecting original correction, overlay, or mapping-manager boundary	T310-S8-P4-WARN-039021,T310-S8-P4-WARN-039022
T310-S8-P4-CLASS-019631	src/mvdm-host/softpc.new/base/video/vga_prts.c	1094	C4244	'=': conversion from 'unsigned int' to 'IS8', possible loss of data	x64,x86	SPC-VIDEO-CONTROLLER-DISPATCH	read-value-range-and-architecture-delta	narrowing/widening is not automatically a defect; determine guest fixed-width value, private native value, or host identity before selecting original correction, overlay, or mapping-manager boundary	T310-S8-P4-WARN-039025,T310-S8-P4-WARN-039026
T310-S8-P4-CLASS-019632	src/mvdm-host/softpc.new/base/video/vga_prts.c	1095	C4244	'=': conversion from 'unsigned int' to 'IS8', possible loss of data	x64,x86	SPC-VIDEO-CONTROLLER-DISPATCH	read-value-range-and-architecture-delta	narrowing/widening is not automatically a defect; determine guest fixed-width value, private native value, or host identity before selecting original correction, overlay, or mapping-manager boundary	T310-S8-P4-WARN-039027,T310-S8-P4-WARN-039028
T310-S8-P4-CLASS-019634	src/mvdm-host/softpc.new/base/video/vga_prts.c	1115	C4244	'=': conversion from 'unsigned int' to 'IS8', possible loss of data	x64,x86	SPC-VIDEO-CONTROLLER-DISPATCH	read-value-range-and-architecture-delta	narrowing/widening is not automatically a defect; determine guest fixed-width value, private native value, or host identity before selecting original correction, overlay, or mapping-manager boundary	T310-S8-P4-WARN-039031,T310-S8-P4-WARN-039032
T310-S8-P4-CLASS-019636	src/mvdm-host/softpc.new/base/video/vga_prts.c	1159	C4244	'=': conversion from 'unsigned int' to 'IU8', possible loss of data	x64,x86	SPC-VIDEO-CONTROLLER-DISPATCH	read-value-range-and-architecture-delta	narrowing/widening is not automatically a defect; determine guest fixed-width value, private native value, or host identity before selecting original correction, overlay, or mapping-manager boundary	T310-S8-P4-WARN-039035,T310-S8-P4-WARN-039036
T310-S8-P4-CLASS-019637	src/mvdm-host/softpc.new/base/video/vga_prts.c	1170	C4244	'=': conversion from 'unsigned int' to 'IU8', possible loss of data	x64,x86	SPC-VIDEO-CONTROLLER-DISPATCH	read-value-range-and-architecture-delta	narrowing/widening is not automatically a defect; determine guest fixed-width value, private native value, or host identity before selecting original correction, overlay, or mapping-manager boundary	T310-S8-P4-WARN-039037,T310-S8-P4-WARN-039038
T310-S8-P4-CLASS-019638	src/mvdm-host/softpc.new/base/video/vga_prts.c	1173	C4244	'=': conversion from 'IU32' to 'IU8', possible loss of data	x64,x86	SPC-VIDEO-CONTROLLER-DISPATCH	read-value-range-and-architecture-delta	narrowing/widening is not automatically a defect; determine guest fixed-width value, private native value, or host identity before selecting original correction, overlay, or mapping-manager boundary	T310-S8-P4-WARN-039039,T310-S8-P4-WARN-039040
T310-S8-P4-CLASS-019639	src/mvdm-host/softpc.new/base/video/vga_prts.c	1176	C4244	'=': conversion from 'unsigned int' to 'IU8', possible loss of data	x64,x86	SPC-VIDEO-CONTROLLER-DISPATCH	read-value-range-and-architecture-delta	narrowing/widening is not automatically a defect; determine guest fixed-width value, private native value, or host identity before selecting original correction, overlay, or mapping-manager boundary	T310-S8-P4-WARN-039041,T310-S8-P4-WARN-039042
T310-S8-P4-CLASS-019640	src/mvdm-host/softpc.new/base/video/vga_prts.c	1179	C4244	'=': conversion from 'unsigned int' to 'IU8', possible loss of data	x64,x86	SPC-VIDEO-CONTROLLER-DISPATCH	read-value-range-and-architecture-delta	narrowing/widening is not automatically a defect; determine guest fixed-width value, private native value, or host identity before selecting original correction, overlay, or mapping-manager boundary	T310-S8-P4-WARN-039043,T310-S8-P4-WARN-039044
T310-S8-P4-CLASS-019641	src/mvdm-host/softpc.new/base/video/vga_prts.c	1303	C4244	'=': conversion from 'unsigned int' to 'IU8', possible loss of data	x64,x86	SPC-VIDEO-CONTROLLER-DISPATCH	read-value-range-and-architecture-delta	narrowing/widening is not automatically a defect; determine guest fixed-width value, private native value, or host identity before selecting original correction, overlay, or mapping-manager boundary	T310-S8-P4-WARN-039045,T310-S8-P4-WARN-039046
T310-S8-P4-CLASS-019642	src/mvdm-host/softpc.new/base/video/vga_prts.c	1526	C4244	'-=': conversion from 'int' to 'IS16', possible loss of data	x64,x86	SPC-VIDEO-CONTROLLER-DISPATCH	read-value-range-and-architecture-delta	narrowing/widening is not automatically a defect; determine guest fixed-width value, private native value, or host identity before selecting original correction, overlay, or mapping-manager boundary	T310-S8-P4-WARN-039047,T310-S8-P4-WARN-039048
T310-S8-P4-CLASS-019643	src/mvdm-host/softpc.new/base/video/vga_prts.c	1544	C4244	'-=': conversion from 'int' to 'IS16', possible loss of data	x64,x86	SPC-VIDEO-CONTROLLER-DISPATCH	read-value-range-and-architecture-delta	narrowing/widening is not automatically a defect; determine guest fixed-width value, private native value, or host identity before selecting original correction, overlay, or mapping-manager boundary	T310-S8-P4-WARN-039049,T310-S8-P4-WARN-039050
T310-S8-P4-CLASS-019645	src/mvdm-host/softpc.new/base/video/vga_prts.c	1698	C4244	'=': conversion from 'unsigned int' to 'IU8', possible loss of data	x64,x86	SPC-VIDEO-CONTROLLER-DISPATCH	read-value-range-and-architecture-delta	narrowing/widening is not automatically a defect; determine guest fixed-width value, private native value, or host identity before selecting original correction, overlay, or mapping-manager boundary	T310-S8-P4-WARN-039053,T310-S8-P4-WARN-039054
T310-S8-P4-CLASS-019646	src/mvdm-host/softpc.new/base/video/vga_prts.c	1704	C4244	'=': conversion from 'unsigned int' to 'IU8', possible loss of data	x64,x86	SPC-VIDEO-CONTROLLER-DISPATCH	read-value-range-and-architecture-delta	narrowing/widening is not automatically a defect; determine guest fixed-width value, private native value, or host identity before selecting original correction, overlay, or mapping-manager boundary	T310-S8-P4-WARN-039055,T310-S8-P4-WARN-039056
T310-S8-P4-CLASS-019647	src/mvdm-host/softpc.new/base/video/vga_prts.c	1710	C4244	'=': conversion from 'unsigned int' to 'IU8', possible loss of data	x64,x86	SPC-VIDEO-CONTROLLER-DISPATCH	read-value-range-and-architecture-delta	narrowing/widening is not automatically a defect; determine guest fixed-width value, private native value, or host identity before selecting original correction, overlay, or mapping-manager boundary	T310-S8-P4-WARN-039057,T310-S8-P4-WARN-039058
T310-S8-P4-CLASS-019648	src/mvdm-host/softpc.new/base/video/vga_prts.c	1713	C4244	'=': conversion from 'unsigned int' to 'IU8', possible loss of data	x64,x86	SPC-VIDEO-CONTROLLER-DISPATCH	read-value-range-and-architecture-delta	narrowing/widening is not automatically a defect; determine guest fixed-width value, private native value, or host identity before selecting original correction, overlay, or mapping-manager boundary	T310-S8-P4-WARN-039059,T310-S8-P4-WARN-039060
T310-S8-P4-CLASS-019649	src/mvdm-host/softpc.new/base/video/vga_prts.c	1716	C4244	'=': conversion from 'unsigned int' to 'IU8', possible loss of data	x64,x86	SPC-VIDEO-CONTROLLER-DISPATCH	read-value-range-and-architecture-delta	narrowing/widening is not automatically a defect; determine guest fixed-width value, private native value, or host identity before selecting original correction, overlay, or mapping-manager boundary	T310-S8-P4-WARN-039061,T310-S8-P4-WARN-039062
T310-S8-P4-CLASS-019650	src/mvdm-host/softpc.new/base/video/vga_prts.c	1719	C4244	'=': conversion from 'unsigned int' to 'IU8', possible loss of data	x64,x86	SPC-VIDEO-CONTROLLER-DISPATCH	read-value-range-and-architecture-delta	narrowing/widening is not automatically a defect; determine guest fixed-width value, private native value, or host identity before selecting original correction, overlay, or mapping-manager boundary	T310-S8-P4-WARN-039063,T310-S8-P4-WARN-039064
T310-S8-P4-CLASS-019651	src/mvdm-host/softpc.new/base/video/vga_prts.c	1723	C4244	'=': conversion from 'unsigned int' to 'IU8', possible loss of data	x64,x86	SPC-VIDEO-CONTROLLER-DISPATCH	read-value-range-and-architecture-delta	narrowing/widening is not automatically a defect; determine guest fixed-width value, private native value, or host identity before selecting original correction, overlay, or mapping-manager boundary	T310-S8-P4-WARN-039065,T310-S8-P4-WARN-039066
T310-S8-P4-CLASS-019652	src/mvdm-host/softpc.new/base/video/vga_prts.c	1749	C4244	'=': conversion from 'unsigned short' to 'IU8', possible loss of data	x64,x86	SPC-VIDEO-CONTROLLER-DISPATCH	read-value-range-and-architecture-delta	narrowing/widening is not automatically a defect; determine guest fixed-width value, private native value, or host identity before selecting original correction, overlay, or mapping-manager boundary	T310-S8-P4-WARN-039067,T310-S8-P4-WARN-039068
T310-S8-P4-CLASS-019653	src/mvdm-host/softpc.new/base/video/vga_prts.c	1755	C4244	'=': conversion from 'unsigned int' to 'IU8', possible loss of data	x64,x86	SPC-VIDEO-CONTROLLER-DISPATCH	read-value-range-and-architecture-delta	narrowing/widening is not automatically a defect; determine guest fixed-width value, private native value, or host identity before selecting original correction, overlay, or mapping-manager boundary	T310-S8-P4-WARN-039069,T310-S8-P4-WARN-039070
T310-S8-P4-CLASS-019654	src/mvdm-host/softpc.new/base/video/vga_prts.c	1764	C4244	'=': conversion from 'unsigned int' to 'IU8', possible loss of data	x64,x86	SPC-VIDEO-CONTROLLER-DISPATCH	read-value-range-and-architecture-delta	narrowing/widening is not automatically a defect; determine guest fixed-width value, private native value, or host identity before selecting original correction, overlay, or mapping-manager boundary	T310-S8-P4-WARN-039071,T310-S8-P4-WARN-039072
T310-S8-P4-CLASS-019656	src/mvdm-host/softpc.new/base/video/vga_prts.c	1819	C4244	'=': conversion from 'unsigned int' to 'IU8', possible loss of data	x64,x86	SPC-VIDEO-CONTROLLER-DISPATCH	read-value-range-and-architecture-delta	narrowing/widening is not automatically a defect; determine guest fixed-width value, private native value, or host identity before selecting original correction, overlay, or mapping-manager boundary	T310-S8-P4-WARN-039075,T310-S8-P4-WARN-039076
T310-S8-P4-CLASS-019659	src/mvdm-host/softpc.new/base/video/vga_prts.c	1925	C4244	'=': conversion from 'unsigned int' to 'IS8', possible loss of data	x64,x86	SPC-VIDEO-CONTROLLER-DISPATCH	read-value-range-and-architecture-delta	narrowing/widening is not automatically a defect; determine guest fixed-width value, private native value, or host identity before selecting original correction, overlay, or mapping-manager boundary	T310-S8-P4-WARN-039081,T310-S8-P4-WARN-039082
T310-S8-P4-CLASS-019662	src/mvdm-host/softpc.new/base/video/vga_prts.c	1943	C4244	'=': conversion from 'unsigned int' to 'IS8', possible loss of data	x64,x86	SPC-VIDEO-CONTROLLER-DISPATCH	read-value-range-and-architecture-delta	narrowing/widening is not automatically a defect; determine guest fixed-width value, private native value, or host identity before selecting original correction, overlay, or mapping-manager boundary	T310-S8-P4-WARN-039087,T310-S8-P4-WARN-039088
T310-S8-P4-CLASS-019664	src/mvdm-host/softpc.new/base/video/vga_prts.c	1949	C4244	'function': conversion from 'unsigned int' to 'IU8', possible loss of data	x64,x86	SPC-VIDEO-CONTROLLER-DISPATCH	read-value-range-and-architecture-delta	narrowing/widening is not automatically a defect; determine guest fixed-width value, private native value, or host identity before selecting original correction, overlay, or mapping-manager boundary	T310-S8-P4-WARN-039091,T310-S8-P4-WARN-039092
T310-S8-P4-CLASS-019666	src/mvdm-host/softpc.new/base/video/vga_prts.c	1963	C4244	'=': conversion from 'unsigned int' to 'IS8', possible loss of data	x64,x86	SPC-VIDEO-CONTROLLER-DISPATCH	read-value-range-and-architecture-delta	narrowing/widening is not automatically a defect; determine guest fixed-width value, private native value, or host identity before selecting original correction, overlay, or mapping-manager boundary	T310-S8-P4-WARN-039095,T310-S8-P4-WARN-039096
T310-S8-P4-CLASS-019668	src/mvdm-host/softpc.new/base/video/vga_prts.c	1967	C4244	'=': conversion from 'unsigned int' to 'IU8', possible loss of data	x64,x86	SPC-VIDEO-CONTROLLER-DISPATCH	read-value-range-and-architecture-delta	narrowing/widening is not automatically a defect; determine guest fixed-width value, private native value, or host identity before selecting original correction, overlay, or mapping-manager boundary	T310-S8-P4-WARN-039099,T310-S8-P4-WARN-039100
T310-S8-P4-CLASS-019670	src/mvdm-host/softpc.new/base/video/vga_prts.c	1990	C4244	'function': conversion from 'unsigned int' to 'IU8', possible loss of data	x64,x86	SPC-VIDEO-CONTROLLER-DISPATCH	read-value-range-and-architecture-delta	narrowing/widening is not automatically a defect; determine guest fixed-width value, private native value, or host identity before selecting original correction, overlay, or mapping-manager boundary	T310-S8-P4-WARN-039103,T310-S8-P4-WARN-039104
T310-S8-P4-CLASS-019673	src/mvdm-host/softpc.new/base/video/vga_prts.c	2020	C4244	'=': conversion from 'unsigned int' to 'IS8', possible loss of data	x64,x86	SPC-VIDEO-CONTROLLER-DISPATCH	read-value-range-and-architecture-delta	narrowing/widening is not automatically a defect; determine guest fixed-width value, private native value, or host identity before selecting original correction, overlay, or mapping-manager boundary	T310-S8-P4-WARN-039109,T310-S8-P4-WARN-039110
T310-S8-P4-CLASS-019676	src/mvdm-host/softpc.new/base/video/vga_prts.c	2084	C4244	'=': conversion from 'unsigned int' to 'IS8', possible loss of data	x64,x86	SPC-VIDEO-CONTROLLER-DISPATCH	read-value-range-and-architecture-delta	narrowing/widening is not automatically a defect; determine guest fixed-width value, private native value, or host identity before selecting original correction, overlay, or mapping-manager boundary	T310-S8-P4-WARN-039115,T310-S8-P4-WARN-039116
T310-S8-P4-CLASS-019678	src/mvdm-host/softpc.new/base/video/vga_prts.c	2088	C4244	'=': conversion from 'unsigned int' to 'IU8', possible loss of data	x64,x86	SPC-VIDEO-CONTROLLER-DISPATCH	read-value-range-and-architecture-delta	narrowing/widening is not automatically a defect; determine guest fixed-width value, private native value, or host identity before selecting original correction, overlay, or mapping-manager boundary	T310-S8-P4-WARN-039119,T310-S8-P4-WARN-039120
T310-S8-P4-CLASS-019679	src/mvdm-host/softpc.new/base/video/vga_prts.c	2134	C4244	'function': conversion from 'unsigned int' to 'IU8', possible loss of data	x64,x86	SPC-VIDEO-CONTROLLER-DISPATCH	read-value-range-and-architecture-delta	narrowing/widening is not automatically a defect; determine guest fixed-width value, private native value, or host identity before selecting original correction, overlay, or mapping-manager boundary	T310-S8-P4-WARN-039121,T310-S8-P4-WARN-039122
T310-S8-P4-CLASS-019680	src/mvdm-host/softpc.new/base/video/vga_prts.c	2164	C4013	'Glue_set_vid_wrt_ptrs' undefined; assuming extern returning int	x64,x86	SPC-VIDEO-CONTROLLER-DISPATCH	must-repair-call-abi	undeclared, old-style, or incompatible call/table contract may truncate a pointer or pass the wrong calling convention; reconcile declaration, definition, table slot and selected callers	T310-S8-P4-WARN-039123,T310-S8-P4-WARN-039124
T310-S8-P4-CLASS-019684	src/mvdm-host/softpc.new/base/video/vga_prts.c	2295	C4244	'function': conversion from 'unsigned int' to 'IU8', possible loss of data	x64,x86	SPC-VIDEO-CONTROLLER-DISPATCH	read-value-range-and-architecture-delta	narrowing/widening is not automatically a defect; determine guest fixed-width value, private native value, or host identity before selecting original correction, overlay, or mapping-manager boundary	T310-S8-P4-WARN-039131,T310-S8-P4-WARN-039132
T310-S8-P4-CLASS-019687	src/mvdm-host/softpc.new/base/video/vga_prts.c	2401	C4013	'set_index_state' undefined; assuming extern returning int	x64,x86	SPC-VIDEO-CONTROLLER-DISPATCH	must-repair-call-abi	undeclared, old-style, or incompatible call/table contract may truncate a pointer or pass the wrong calling convention; reconcile declaration, definition, table slot and selected callers	T310-S8-P4-WARN-039137,T310-S8-P4-WARN-039138
T310-S8-P4-CLASS-019688	src/mvdm-host/softpc.new/base/video/vga_prts.c	2561	C4244	'=': conversion from 'unsigned int' to 'IU8', possible loss of data	x64,x86	SPC-VIDEO-CONTROLLER-DISPATCH	read-value-range-and-architecture-delta	narrowing/widening is not automatically a defect; determine guest fixed-width value, private native value, or host identity before selecting original correction, overlay, or mapping-manager boundary	T310-S8-P4-WARN-039139,T310-S8-P4-WARN-039140
T310-S8-P4-CLASS-019689	src/mvdm-host/softpc.new/base/video/vga_prts.c	2569	C4244	'=': conversion from 'unsigned int' to 'IU8', possible loss of data	x64,x86	SPC-VIDEO-CONTROLLER-DISPATCH	read-value-range-and-architecture-delta	narrowing/widening is not automatically a defect; determine guest fixed-width value, private native value, or host identity before selecting original correction, overlay, or mapping-manager boundary	T310-S8-P4-WARN-039141,T310-S8-P4-WARN-039142
T310-S8-P4-CLASS-019690	src/mvdm-host/softpc.new/base/video/vga_prts.c	2572	C4244	'=': conversion from 'unsigned int' to 'IU8', possible loss of data	x64,x86	SPC-VIDEO-CONTROLLER-DISPATCH	read-value-range-and-architecture-delta	narrowing/widening is not automatically a defect; determine guest fixed-width value, private native value, or host identity before selecting original correction, overlay, or mapping-manager boundary	T310-S8-P4-WARN-039143,T310-S8-P4-WARN-039144
T310-S8-P4-CLASS-019691	src/mvdm-host/softpc.new/base/video/vga_prts.c	2575	C4244	'=': conversion from 'unsigned int' to 'IU8', possible loss of data	x64,x86	SPC-VIDEO-CONTROLLER-DISPATCH	read-value-range-and-architecture-delta	narrowing/widening is not automatically a defect; determine guest fixed-width value, private native value, or host identity before selecting original correction, overlay, or mapping-manager boundary	T310-S8-P4-WARN-039145,T310-S8-P4-WARN-039146
T310-S8-P4-CLASS-019692	src/mvdm-host/softpc.new/base/video/vga_prts.c	2578	C4244	'=': conversion from 'unsigned int' to 'IU8', possible loss of data	x64,x86	SPC-VIDEO-CONTROLLER-DISPATCH	read-value-range-and-architecture-delta	narrowing/widening is not automatically a defect; determine guest fixed-width value, private native value, or host identity before selecting original correction, overlay, or mapping-manager boundary	T310-S8-P4-WARN-039147,T310-S8-P4-WARN-039148
T310-S8-P4-CLASS-019693	src/mvdm-host/softpc.new/base/video/vga_prts.c	2581	C4244	'=': conversion from 'IU32' to 'IU8', possible loss of data	x64,x86	SPC-VIDEO-CONTROLLER-DISPATCH	read-value-range-and-architecture-delta	narrowing/widening is not automatically a defect; determine guest fixed-width value, private native value, or host identity before selecting original correction, overlay, or mapping-manager boundary	T310-S8-P4-WARN-039149,T310-S8-P4-WARN-039150
T310-S8-P4-CLASS-019694	src/mvdm-host/softpc.new/base/video/vga_prts.c	2584	C4244	'=': conversion from 'unsigned int' to 'IU8', possible loss of data	x64,x86	SPC-VIDEO-CONTROLLER-DISPATCH	read-value-range-and-architecture-delta	narrowing/widening is not automatically a defect; determine guest fixed-width value, private native value, or host identity before selecting original correction, overlay, or mapping-manager boundary	T310-S8-P4-WARN-039151,T310-S8-P4-WARN-039152
T310-S8-P4-CLASS-019695	src/mvdm-host/softpc.new/base/video/vga_prts.c	2587	C4244	'=': conversion from 'unsigned int' to 'IU8', possible loss of data	x64,x86	SPC-VIDEO-CONTROLLER-DISPATCH	read-value-range-and-architecture-delta	narrowing/widening is not automatically a defect; determine guest fixed-width value, private native value, or host identity before selecting original correction, overlay, or mapping-manager boundary	T310-S8-P4-WARN-039153,T310-S8-P4-WARN-039154
T310-S8-P4-CLASS-019696	src/mvdm-host/softpc.new/base/video/vga_prts.c	2590	C4244	'=': conversion from 'unsigned int' to 'IU8', possible loss of data	x64,x86	SPC-VIDEO-CONTROLLER-DISPATCH	read-value-range-and-architecture-delta	narrowing/widening is not automatically a defect; determine guest fixed-width value, private native value, or host identity before selecting original correction, overlay, or mapping-manager boundary	T310-S8-P4-WARN-039155,T310-S8-P4-WARN-039156
T310-S8-P4-CLASS-019698	src/mvdm-host/softpc.new/base/video/vga_prts.c	2624	C4013	'in_index_state' undefined; assuming extern returning int	x64,x86	SPC-VIDEO-CONTROLLER-DISPATCH	must-repair-call-abi	undeclared, old-style, or incompatible call/table contract may truncate a pointer or pass the wrong calling convention; reconcile declaration, definition, table slot and selected callers	T310-S8-P4-WARN-039159,T310-S8-P4-WARN-039160
T310-S8-P4-CLASS-019700	src/mvdm-host/softpc.new/base/video/vga_prts.c	2709	C4244	'=': conversion from 'unsigned int' to 'IU8', possible loss of data	x64,x86	SPC-VIDEO-CONTROLLER-DISPATCH	read-value-range-and-architecture-delta	narrowing/widening is not automatically a defect; determine guest fixed-width value, private native value, or host identity before selecting original correction, overlay, or mapping-manager boundary	T310-S8-P4-WARN-039163,T310-S8-P4-WARN-039164
T310-S8-P4-CLASS-019701	src/mvdm-host/softpc.new/base/video/vga_prts.c	2710	C4244	'=': conversion from 'unsigned int' to 'IU8', possible loss of data	x64,x86	SPC-VIDEO-CONTROLLER-DISPATCH	read-value-range-and-architecture-delta	narrowing/widening is not automatically a defect; determine guest fixed-width value, private native value, or host identity before selecting original correction, overlay, or mapping-manager boundary	T310-S8-P4-WARN-039165,T310-S8-P4-WARN-039166
T310-S8-P4-CLASS-019702	src/mvdm-host/softpc.new/base/video/vga_prts.c	2711	C4244	'=': conversion from 'unsigned int' to 'IU8', possible loss of data	x64,x86	SPC-VIDEO-CONTROLLER-DISPATCH	read-value-range-and-architecture-delta	narrowing/widening is not automatically a defect; determine guest fixed-width value, private native value, or host identity before selecting original correction, overlay, or mapping-manager boundary	T310-S8-P4-WARN-039167,T310-S8-P4-WARN-039168
T310-S8-P4-CLASS-019703	src/mvdm-host/softpc.new/base/video/vga_prts.c	2754	C4244	'=': conversion from 'unsigned int' to 'IU8', possible loss of data	x64,x86	SPC-VIDEO-CONTROLLER-DISPATCH	read-value-range-and-architecture-delta	narrowing/widening is not automatically a defect; determine guest fixed-width value, private native value, or host identity before selecting original correction, overlay, or mapping-manager boundary	T310-S8-P4-WARN-039169,T310-S8-P4-WARN-039170
T310-S8-P4-CLASS-019704	src/mvdm-host/softpc.new/base/video/vga_prts.c	2776	C4244	'=': conversion from 'unsigned int' to 'IU8', possible loss of data	x64,x86	SPC-VIDEO-CONTROLLER-DISPATCH	read-value-range-and-architecture-delta	narrowing/widening is not automatically a defect; determine guest fixed-width value, private native value, or host identity before selecting original correction, overlay, or mapping-manager boundary	T310-S8-P4-WARN-039171,T310-S8-P4-WARN-039172
T310-S8-P4-CLASS-019705	src/mvdm-host/softpc.new/base/video/vga_prts.c	2779	C4244	'=': conversion from 'unsigned int' to 'IU8', possible loss of data	x64,x86	SPC-VIDEO-CONTROLLER-DISPATCH	read-value-range-and-architecture-delta	narrowing/widening is not automatically a defect; determine guest fixed-width value, private native value, or host identity before selecting original correction, overlay, or mapping-manager boundary	T310-S8-P4-WARN-039173,T310-S8-P4-WARN-039174
T310-S8-P4-CLASS-019706	src/mvdm-host/softpc.new/base/video/vga_prts.c	2782	C4244	'=': conversion from 'unsigned int' to 'IU8', possible loss of data	x64,x86	SPC-VIDEO-CONTROLLER-DISPATCH	read-value-range-and-architecture-delta	narrowing/widening is not automatically a defect; determine guest fixed-width value, private native value, or host identity before selecting original correction, overlay, or mapping-manager boundary	T310-S8-P4-WARN-039175,T310-S8-P4-WARN-039176
T310-S8-P4-CLASS-019707	src/mvdm-host/softpc.new/base/video/vga_prts.c	2785	C4244	'=': conversion from 'unsigned int' to 'IU8', possible loss of data	x64,x86	SPC-VIDEO-CONTROLLER-DISPATCH	read-value-range-and-architecture-delta	narrowing/widening is not automatically a defect; determine guest fixed-width value, private native value, or host identity before selecting original correction, overlay, or mapping-manager boundary	T310-S8-P4-WARN-039177,T310-S8-P4-WARN-039178
T310-S8-P4-CLASS-019708	src/mvdm-host/softpc.new/base/video/vga_prts.c	2788	C4244	'=': conversion from 'unsigned int' to 'IU8', possible loss of data	x64,x86	SPC-VIDEO-CONTROLLER-DISPATCH	read-value-range-and-architecture-delta	narrowing/widening is not automatically a defect; determine guest fixed-width value, private native value, or host identity before selecting original correction, overlay, or mapping-manager boundary	T310-S8-P4-WARN-039179,T310-S8-P4-WARN-039180
T310-S8-P4-CLASS-019709	src/mvdm-host/softpc.new/base/video/vga_prts.c	2791	C4244	'=': conversion from 'unsigned int' to 'IU8', possible loss of data	x64,x86	SPC-VIDEO-CONTROLLER-DISPATCH	read-value-range-and-architecture-delta	narrowing/widening is not automatically a defect; determine guest fixed-width value, private native value, or host identity before selecting original correction, overlay, or mapping-manager boundary	T310-S8-P4-WARN-039181,T310-S8-P4-WARN-039182
T310-S8-P4-CLASS-019712	src/mvdm-host/softpc.new/base/video/vga_prts.c	2847	C4244	'=': conversion from 'unsigned int' to 'IU8', possible loss of data	x64,x86	SPC-VIDEO-CONTROLLER-DISPATCH	read-value-range-and-architecture-delta	narrowing/widening is not automatically a defect; determine guest fixed-width value, private native value, or host identity before selecting original correction, overlay, or mapping-manager boundary	T310-S8-P4-WARN-039187,T310-S8-P4-WARN-039188
T310-S8-P4-CLASS-019714	src/mvdm-host/softpc.new/base/video/vga_prts.c	2856	C4244	'=': conversion from 'unsigned int' to 'IU8', possible loss of data	x64,x86	SPC-VIDEO-CONTROLLER-DISPATCH	read-value-range-and-architecture-delta	narrowing/widening is not automatically a defect; determine guest fixed-width value, private native value, or host identity before selecting original correction, overlay, or mapping-manager boundary	T310-S8-P4-WARN-039191,T310-S8-P4-WARN-039192
T310-S8-P4-CLASS-019717	src/mvdm-host/softpc.new/base/video/vga_prts.c	2872	C4244	'=': conversion from 'unsigned int' to 'IU8', possible loss of data	x64,x86	SPC-VIDEO-CONTROLLER-DISPATCH	read-value-range-and-architecture-delta	narrowing/widening is not automatically a defect; determine guest fixed-width value, private native value, or host identity before selecting original correction, overlay, or mapping-manager boundary	T310-S8-P4-WARN-039197,T310-S8-P4-WARN-039198
T310-S8-P4-CLASS-019720	src/mvdm-host/softpc.new/base/video/vga_vide.c	100	C4131	'greyify': uses old-style declarator	x64,x86	SPC-VIDEO-CONTROLLER-DISPATCH	must-read-old-style-call-contract	K&R declaration may hide a modern parameter/return ABI mismatch; compare the selected declaration and callers before deciding whether it is a harmless source-style warning	T310-S8-P4-WARN-039203,T310-S8-P4-WARN-039204
T310-S8-P4-CLASS-019721	src/mvdm-host/softpc.new/base/video/vga_vide.c	106	C4244	'=': conversion from 'unsigned int' to 'IU8', possible loss of data	x64,x86	SPC-VIDEO-CONTROLLER-DISPATCH	read-value-range-and-architecture-delta	narrowing/widening is not automatically a defect; determine guest fixed-width value, private native value, or host identity before selecting original correction, overlay, or mapping-manager boundary	T310-S8-P4-WARN-039205,T310-S8-P4-WARN-039206
T310-S8-P4-CLASS-019722	src/mvdm-host/softpc.new/base/video/vga_vide.c	109	C4131	'set_dac': uses old-style declarator	x64,x86	SPC-VIDEO-CONTROLLER-DISPATCH	must-read-old-style-call-contract	K&R declaration may hide a modern parameter/return ABI mismatch; compare the selected declaration and callers before deciding whether it is a harmless source-style warning	T310-S8-P4-WARN-039207,T310-S8-P4-WARN-039208
T310-S8-P4-CLASS-019723	src/mvdm-host/softpc.new/base/video/vga_vide.c	120	C4131	'get_dac': uses old-style declarator	x64,x86	SPC-VIDEO-CONTROLLER-DISPATCH	must-read-old-style-call-contract	K&R declaration may hide a modern parameter/return ABI mismatch; compare the selected declaration and callers before deciding whether it is a harmless source-style warning	T310-S8-P4-WARN-039209,T310-S8-P4-WARN-039210
T310-S8-P4-CLASS-019724	src/mvdm-host/softpc.new/base/video/vga_vide.c	138	C4131	'init_vga_dac': uses old-style declarator	x64,x86	SPC-VIDEO-CONTROLLER-DISPATCH	must-read-old-style-call-contract	K&R declaration may hide a modern parameter/return ABI mismatch; compare the selected declaration and callers before deciding whether it is a harmless source-style warning	T310-S8-P4-WARN-039211,T310-S8-P4-WARN-039212
T310-S8-P4-CLASS-019726	src/mvdm-host/softpc.new/base/video/vga_vide.c	244	C4244	'=': conversion from 'long' to 'IU8', possible loss of data	x64,x86	SPC-VIDEO-CONTROLLER-DISPATCH	read-value-range-and-architecture-delta	narrowing/widening is not automatically a defect; determine guest fixed-width value, private native value, or host identity before selecting original correction, overlay, or mapping-manager boundary	T310-S8-P4-WARN-039215,T310-S8-P4-WARN-039216
T310-S8-P4-CLASS-019728	src/mvdm-host/softpc.new/base/video/vga_vide.c	264	C4244	'=': conversion from 'long' to 'IU8', possible loss of data	x64,x86	SPC-VIDEO-CONTROLLER-DISPATCH	read-value-range-and-architecture-delta	narrowing/widening is not automatically a defect; determine guest fixed-width value, private native value, or host identity before selecting original correction, overlay, or mapping-manager boundary	T310-S8-P4-WARN-039219,T310-S8-P4-WARN-039220
T310-S8-P4-CLASS-019729	src/mvdm-host/softpc.new/base/video/vga_vide.c	267	C4244	'=': conversion from 'long' to 'IU8', possible loss of data	x64,x86	SPC-VIDEO-CONTROLLER-DISPATCH	read-value-range-and-architecture-delta	narrowing/widening is not automatically a defect; determine guest fixed-width value, private native value, or host identity before selecting original correction, overlay, or mapping-manager boundary	T310-S8-P4-WARN-039221,T310-S8-P4-WARN-039222
T310-S8-P4-CLASS-019732	src/mvdm-host/softpc.new/base/video/vga_vide.c	461	C4244	'function': conversion from 'int' to 'IU8', possible loss of data	x64,x86	SPC-VIDEO-CONTROLLER-DISPATCH	read-value-range-and-architecture-delta	narrowing/widening is not automatically a defect; determine guest fixed-width value, private native value, or host identity before selecting original correction, overlay, or mapping-manager boundary	T310-S8-P4-WARN-039227,T310-S8-P4-WARN-039228
T310-S8-P4-CLASS-019733	src/mvdm-host/softpc.new/base/video/vga_vide.c	743	C4244	'function': conversion from 'int' to 'IU8', possible loss of data	x64,x86	SPC-VIDEO-CONTROLLER-DISPATCH	read-value-range-and-architecture-delta	narrowing/widening is not automatically a defect; determine guest fixed-width value, private native value, or host identity before selecting original correction, overlay, or mapping-manager boundary	T310-S8-P4-WARN-039229,T310-S8-P4-WARN-039230
T310-S8-P4-CLASS-019734	src/mvdm-host/softpc.new/base/video/vga_vide.c	851	C4244	'function': conversion from 'int' to 'IU8', possible loss of data	x64,x86	SPC-VIDEO-CONTROLLER-DISPATCH	read-value-range-and-architecture-delta	narrowing/widening is not automatically a defect; determine guest fixed-width value, private native value, or host identity before selecting original correction, overlay, or mapping-manager boundary	T310-S8-P4-WARN-039231,T310-S8-P4-WARN-039232
T310-S8-P4-CLASS-019735	src/mvdm-host/softpc.new/base/video/vga_vide.c	859	C4244	'function': conversion from 'int' to 'IU8', possible loss of data	x64,x86	SPC-VIDEO-CONTROLLER-DISPATCH	read-value-range-and-architecture-delta	narrowing/widening is not automatically a defect; determine guest fixed-width value, private native value, or host identity before selecting original correction, overlay, or mapping-manager boundary	T310-S8-P4-WARN-039233,T310-S8-P4-WARN-039234
T310-S8-P4-CLASS-019736	src/mvdm-host/softpc.new/base/video/vga_vide.c	866	C4244	'function': conversion from 'int' to 'IU8', possible loss of data	x64,x86	SPC-VIDEO-CONTROLLER-DISPATCH	read-value-range-and-architecture-delta	narrowing/widening is not automatically a defect; determine guest fixed-width value, private native value, or host identity before selecting original correction, overlay, or mapping-manager boundary	T310-S8-P4-WARN-039235,T310-S8-P4-WARN-039236
T310-S8-P4-CLASS-019737	src/mvdm-host/softpc.new/base/video/vga_vide.c	877	C4244	'function': conversion from 'int' to 'IU8', possible loss of data	x64,x86	SPC-VIDEO-CONTROLLER-DISPATCH	read-value-range-and-architecture-delta	narrowing/widening is not automatically a defect; determine guest fixed-width value, private native value, or host identity before selecting original correction, overlay, or mapping-manager boundary	T310-S8-P4-WARN-039237,T310-S8-P4-WARN-039238
T310-S8-P4-CLASS-019738	src/mvdm-host/softpc.new/base/video/vga_vide.c	942	C4244	'function': conversion from 'int' to 'IU8', possible loss of data	x64,x86	SPC-VIDEO-CONTROLLER-DISPATCH	read-value-range-and-architecture-delta	narrowing/widening is not automatically a defect; determine guest fixed-width value, private native value, or host identity before selecting original correction, overlay, or mapping-manager boundary	T310-S8-P4-WARN-039239,T310-S8-P4-WARN-039240
T310-S8-P4-CLASS-019739	src/mvdm-host/softpc.new/base/video/vga_vide.c	948	C4244	'function': conversion from 'int' to 'IU8', possible loss of data	x64,x86	SPC-VIDEO-CONTROLLER-DISPATCH	read-value-range-and-architecture-delta	narrowing/widening is not automatically a defect; determine guest fixed-width value, private native value, or host identity before selecting original correction, overlay, or mapping-manager boundary	T310-S8-P4-WARN-039241,T310-S8-P4-WARN-039242
T310-S8-P4-CLASS-019740	src/mvdm-host/softpc.new/base/video/vga_vide.c	954	C4244	'function': conversion from 'int' to 'IU8', possible loss of data	x64,x86	SPC-VIDEO-CONTROLLER-DISPATCH	read-value-range-and-architecture-delta	narrowing/widening is not automatically a defect; determine guest fixed-width value, private native value, or host identity before selecting original correction, overlay, or mapping-manager boundary	T310-S8-P4-WARN-039243,T310-S8-P4-WARN-039244
T310-S8-P4-CLASS-019741	src/mvdm-host/softpc.new/base/video/vga_vide.c	960	C4244	'function': conversion from 'int' to 'IU8', possible loss of data	x64,x86	SPC-VIDEO-CONTROLLER-DISPATCH	read-value-range-and-architecture-delta	narrowing/widening is not automatically a defect; determine guest fixed-width value, private native value, or host identity before selecting original correction, overlay, or mapping-manager boundary	T310-S8-P4-WARN-039245,T310-S8-P4-WARN-039246
T310-S8-P4-CLASS-019742	src/mvdm-host/softpc.new/base/video/video.c	393	C4244	'function': conversion from 'IS16' to 'IU8', possible loss of data	x64,x86	SPC-VIDEO-CONTROLLER-DISPATCH	read-value-range-and-architecture-delta	narrowing/widening is not automatically a defect; determine guest fixed-width value, private native value, or host identity before selecting original correction, overlay, or mapping-manager boundary	T310-S8-P4-WARN-039247,T310-S8-P4-WARN-039248
T310-S8-P4-CLASS-019743	src/mvdm-host/softpc.new/base/video/video.c	824	C4244	'function': conversion from 'int' to 'IU16', possible loss of data	x64,x86	SPC-VIDEO-CONTROLLER-DISPATCH	read-value-range-and-architecture-delta	narrowing/widening is not automatically a defect; determine guest fixed-width value, private native value, or host identity before selecting original correction, overlay, or mapping-manager boundary	T310-S8-P4-WARN-039249,T310-S8-P4-WARN-039250
T310-S8-P4-CLASS-019744	src/mvdm-host/softpc.new/base/video/video.c	901	C4244	'function': conversion from 'int' to 'IU8', possible loss of data	x64,x86	SPC-VIDEO-CONTROLLER-DISPATCH	read-value-range-and-architecture-delta	narrowing/widening is not automatically a defect; determine guest fixed-width value, private native value, or host identity before selecting original correction, overlay, or mapping-manager boundary	T310-S8-P4-WARN-039251,T310-S8-P4-WARN-039252
T310-S8-P4-CLASS-019745	src/mvdm-host/softpc.new/base/video/video.c	902	C4244	'function': conversion from 'int' to 'IU8', possible loss of data	x64,x86	SPC-VIDEO-CONTROLLER-DISPATCH	read-value-range-and-architecture-delta	narrowing/widening is not automatically a defect; determine guest fixed-width value, private native value, or host identity before selecting original correction, overlay, or mapping-manager boundary	T310-S8-P4-WARN-039253,T310-S8-P4-WARN-039254
T310-S8-P4-CLASS-019746	src/mvdm-host/softpc.new/base/video/video.c	1006	C4244	'function': conversion from 'int' to 'IU16', possible loss of data	x64,x86	SPC-VIDEO-CONTROLLER-DISPATCH	read-value-range-and-architecture-delta	narrowing/widening is not automatically a defect; determine guest fixed-width value, private native value, or host identity before selecting original correction, overlay, or mapping-manager boundary	T310-S8-P4-WARN-039255,T310-S8-P4-WARN-039256
T310-S8-P4-CLASS-019747	src/mvdm-host/softpc.new/base/video/video.c	1018	C4244	'function': conversion from 'int' to 'IU8', possible loss of data	x64,x86	SPC-VIDEO-CONTROLLER-DISPATCH	read-value-range-and-architecture-delta	narrowing/widening is not automatically a defect; determine guest fixed-width value, private native value, or host identity before selecting original correction, overlay, or mapping-manager boundary	T310-S8-P4-WARN-039257,T310-S8-P4-WARN-039258
T310-S8-P4-CLASS-019748	src/mvdm-host/softpc.new/base/video/video.c	1019	C4244	'function': conversion from 'int' to 'IU8', possible loss of data	x64,x86	SPC-VIDEO-CONTROLLER-DISPATCH	read-value-range-and-architecture-delta	narrowing/widening is not automatically a defect; determine guest fixed-width value, private native value, or host identity before selecting original correction, overlay, or mapping-manager boundary	T310-S8-P4-WARN-039259,T310-S8-P4-WARN-039260
T310-S8-P4-CLASS-019749	src/mvdm-host/softpc.new/base/video/video.c	1165	C4244	'function': conversion from 'int' to 'IU16', possible loss of data	x64,x86	SPC-VIDEO-CONTROLLER-DISPATCH	read-value-range-and-architecture-delta	narrowing/widening is not automatically a defect; determine guest fixed-width value, private native value, or host identity before selecting original correction, overlay, or mapping-manager boundary	T310-S8-P4-WARN-039261,T310-S8-P4-WARN-039262
T310-S8-P4-CLASS-019750	src/mvdm-host/softpc.new/base/video/video.c	1233	C4244	'function': conversion from 'int' to 'IU8', possible loss of data	x64,x86	SPC-VIDEO-CONTROLLER-DISPATCH	read-value-range-and-architecture-delta	narrowing/widening is not automatically a defect; determine guest fixed-width value, private native value, or host identity before selecting original correction, overlay, or mapping-manager boundary	T310-S8-P4-WARN-039263,T310-S8-P4-WARN-039264
T310-S8-P4-CLASS-019751	src/mvdm-host/softpc.new/base/video/video.c	1234	C4244	'function': conversion from 'int' to 'IU8', possible loss of data	x64,x86	SPC-VIDEO-CONTROLLER-DISPATCH	read-value-range-and-architecture-delta	narrowing/widening is not automatically a defect; determine guest fixed-width value, private native value, or host identity before selecting original correction, overlay, or mapping-manager boundary	T310-S8-P4-WARN-039265,T310-S8-P4-WARN-039266
T310-S8-P4-CLASS-019752	src/mvdm-host/softpc.new/base/video/video.c	1323	C4244	'function': conversion from 'int' to 'IU16', possible loss of data	x64,x86	SPC-VIDEO-CONTROLLER-DISPATCH	read-value-range-and-architecture-delta	narrowing/widening is not automatically a defect; determine guest fixed-width value, private native value, or host identity before selecting original correction, overlay, or mapping-manager boundary	T310-S8-P4-WARN-039267,T310-S8-P4-WARN-039268
T310-S8-P4-CLASS-019753	src/mvdm-host/softpc.new/base/video/video.c	1335	C4244	'function': conversion from 'int' to 'IU8', possible loss of data	x64,x86	SPC-VIDEO-CONTROLLER-DISPATCH	read-value-range-and-architecture-delta	narrowing/widening is not automatically a defect; determine guest fixed-width value, private native value, or host identity before selecting original correction, overlay, or mapping-manager boundary	T310-S8-P4-WARN-039269,T310-S8-P4-WARN-039270
T310-S8-P4-CLASS-019754	src/mvdm-host/softpc.new/base/video/video.c	1336	C4244	'function': conversion from 'int' to 'IU8', possible loss of data	x64,x86	SPC-VIDEO-CONTROLLER-DISPATCH	read-value-range-and-architecture-delta	narrowing/widening is not automatically a defect; determine guest fixed-width value, private native value, or host identity before selecting original correction, overlay, or mapping-manager boundary	T310-S8-P4-WARN-039271,T310-S8-P4-WARN-039272
T310-S8-P4-CLASS-019755	src/mvdm-host/softpc.new/base/video/video.c	1840	C4013	'ega_read_dot' undefined; assuming extern returning int	x64,x86	SPC-VIDEO-CONTROLLER-DISPATCH	must-repair-call-abi	undeclared, old-style, or incompatible call/table contract may truncate a pointer or pass the wrong calling convention; reconcile declaration, definition, table slot and selected callers	T310-S8-P4-WARN-039273,T310-S8-P4-WARN-039274
T310-S8-P4-CLASS-019758	src/mvdm-host/softpc.new/base/video/video.c	2171	C4244	'function': conversion from 'int' to 'IU8', possible loss of data	x64,x86	SPC-VIDEO-CONTROLLER-DISPATCH	read-value-range-and-architecture-delta	narrowing/widening is not automatically a defect; determine guest fixed-width value, private native value, or host identity before selecting original correction, overlay, or mapping-manager boundary	T310-S8-P4-WARN-039279,T310-S8-P4-WARN-039280
T310-S8-P4-CLASS-019759	src/mvdm-host/softpc.new/base/video/video.c	2331	C4244	'function': conversion from 'int' to 'IU8', possible loss of data	x64,x86	SPC-VIDEO-CONTROLLER-DISPATCH	read-value-range-and-architecture-delta	narrowing/widening is not automatically a defect; determine guest fixed-width value, private native value, or host identity before selecting original correction, overlay, or mapping-manager boundary	T310-S8-P4-WARN-039281,T310-S8-P4-WARN-039282
T310-S8-P4-CLASS-019760	src/mvdm-host/softpc.new/base/video/video.c	2359	C4244	'function': conversion from 'int' to 'IU8', possible loss of data	x64,x86	SPC-VIDEO-CONTROLLER-DISPATCH	read-value-range-and-architecture-delta	narrowing/widening is not automatically a defect; determine guest fixed-width value, private native value, or host identity before selecting original correction, overlay, or mapping-manager boundary	T310-S8-P4-WARN-039283,T310-S8-P4-WARN-039284
T310-S8-P4-CLASS-019761	src/mvdm-host/softpc.new/base/video/video.c	2365	C4244	'function': conversion from 'int' to 'IU8', possible loss of data	x64,x86	SPC-VIDEO-CONTROLLER-DISPATCH	read-value-range-and-architecture-delta	narrowing/widening is not automatically a defect; determine guest fixed-width value, private native value, or host identity before selecting original correction, overlay, or mapping-manager boundary	T310-S8-P4-WARN-039285,T310-S8-P4-WARN-039286
T310-S8-P4-CLASS-019762	src/mvdm-host/softpc.new/base/video/video.c	2391	C4244	'function': conversion from 'IU16' to 'IU8', possible loss of data	x64,x86	SPC-VIDEO-CONTROLLER-DISPATCH	read-value-range-and-architecture-delta	narrowing/widening is not automatically a defect; determine guest fixed-width value, private native value, or host identity before selecting original correction, overlay, or mapping-manager boundary	T310-S8-P4-WARN-039287,T310-S8-P4-WARN-039288
T310-S8-P4-CLASS-019763	src/mvdm-host/softpc.new/base/video/video.c	2439	C4244	'return': conversion from 'IU16' to 'IU8', possible loss of data	x64,x86	SPC-VIDEO-CONTROLLER-DISPATCH	read-value-range-and-architecture-delta	narrowing/widening is not automatically a defect; determine guest fixed-width value, private native value, or host identity before selecting original correction, overlay, or mapping-manager boundary	T310-S8-P4-WARN-039289,T310-S8-P4-WARN-039290
T310-S8-P4-CLASS-019764	src/mvdm-host/softpc.new/base/video/video.c	2598	C4244	'function': conversion from 'IU16' to 'IU8', possible loss of data	x64,x86	SPC-VIDEO-CONTROLLER-DISPATCH	read-value-range-and-architecture-delta	narrowing/widening is not automatically a defect; determine guest fixed-width value, private native value, or host identity before selecting original correction, overlay, or mapping-manager boundary	T310-S8-P4-WARN-039291,T310-S8-P4-WARN-039292
T310-S8-P4-CLASS-019765	src/mvdm-host/softpc.new/base/video/video.c	2690	C4244	'function': conversion from 'int' to 'IU8', possible loss of data	x64,x86	SPC-VIDEO-CONTROLLER-DISPATCH	read-value-range-and-architecture-delta	narrowing/widening is not automatically a defect; determine guest fixed-width value, private native value, or host identity before selecting original correction, overlay, or mapping-manager boundary	T310-S8-P4-WARN-039293,T310-S8-P4-WARN-039294
T310-S8-P4-CLASS-019766	src/mvdm-host/softpc.new/base/video/video.c	2708	C4244	'function': conversion from 'int' to 'IU8', possible loss of data	x64,x86	SPC-VIDEO-CONTROLLER-DISPATCH	read-value-range-and-architecture-delta	narrowing/widening is not automatically a defect; determine guest fixed-width value, private native value, or host identity before selecting original correction, overlay, or mapping-manager boundary	T310-S8-P4-WARN-039295,T310-S8-P4-WARN-039296
T310-S8-P4-CLASS-019767	src/mvdm-host/softpc.new/base/video/video.c	2842	C4057	'=': 'IU16 *' differs in indirection to slightly different base types from 'short *'	x64,x86	SPC-VIDEO-CONTROLLER-DISPATCH	must-repair-call-abi	undeclared, old-style, or incompatible call/table contract may truncate a pointer or pass the wrong calling convention; reconcile declaration, definition, table slot and selected callers	T310-S8-P4-WARN-039297,T310-S8-P4-WARN-039298
