candidate_id	caller_symbol	caller_source_path	caller_source_sha256	caller_source_line	callee_spelling	selected_definition_identity	call_argument_count	declaration_argument_counts	definition_argument_count	shape_basis	caller_condition_context	definition_condition_context	next_disposition
"MVDM-FIRST-REBASELINED-000006"	"TaskInfo"	"bde/bdemisc.c"	"0bf544626a6e6b2bcd80f52efb21942eaa58fcfd0e1b1a682652c975e290919b"	"351"	"DumpTaskInfo"	"O:\repos.external\OpenNT\base\mvdm|bde/bdemisc.c|0bf544626a6e6b2bcd80f52efb21942eaa58fcfd0e1b1a682652c975e290919b|272"	"2"	"unresolved"	"2"	"same-translation-unit original definition"	"unconditional"	"unconditional"	"source call/declaration/definition arity confirmed; retain conditional contexts for profile binding and admit zero-degree closure rebase"
"MVDM-FIRST-REBASELINED-000007"	"TaskInfo"	"bde/bdemisc.c"	"0bf544626a6e6b2bcd80f52efb21942eaa58fcfd0e1b1a682652c975e290919b"	"356"	"DumpTaskInfo"	"O:\repos.external\OpenNT\base\mvdm|bde/bdemisc.c|0bf544626a6e6b2bcd80f52efb21942eaa58fcfd0e1b1a682652c975e290919b|272"	"2"	"unresolved"	"2"	"same-translation-unit original definition"	"unconditional"	"unconditional"	"source call/declaration/definition arity confirmed; retain conditional contexts for profile binding and admit zero-degree closure rebase"
"MVDM-FIRST-REBASELINED-000184"	"ExpandConfigFiles"	"dos/command/cmdconf.c"	"32892c8c489bed9e4be8faed12e1bafbc6c580ba81a509425e8493de1e6ffc0a"	"251"	"cmdCreateTempFile"	"O:\repos.external\OpenNT\base\mvdm|dos/command/cmdredir.c|a403f15ba9ec33af85ab38aaa7c4fea301016c4bb09a1ccbd3adee71a07dcc49|99"	"2"	"2"	"2"	"reachable original declaration and definition"	"unconditional"	"unconditional"	"source call/declaration/definition arity confirmed; retain conditional contexts for profile binding and admit zero-degree closure rebase"
"MVDM-FIRST-REBASELINED-000207"	"ExpandConfigFiles"	"dos/command/cmdconf.c"	"32892c8c489bed9e4be8faed12e1bafbc6c580ba81a509425e8493de1e6ffc0a"	"530"	"cmdInitConsole"	"O:\repos.external\OpenNT\base\mvdm|dos/command/cmdmisc.c|1ca036932368a0d0bf1848b078cc80cd66e67a4cc46ad26a0c1b236fe40f4281|729"	"0"	"0"	"0"	"reachable original declaration and definition"	"unconditional"	"unconditional"	"source call/declaration/definition arity confirmed; retain conditional contexts for profile binding and admit zero-degree closure rebase"
"MVDM-FIRST-REBASELINED-000361"	"cmdReturnExitCode"	"dos/command/cmdexec.c"	"98a941095d47ae73ef9731d389a433203c7184b0a016b62e24b202bb89f829d0"	"625"	"cmdUpdateCurrentDirectories"	"O:\repos.external\OpenNT\base\mvdm|dos/command/cmdmisc.c|1ca036932368a0d0bf1848b078cc80cd66e67a4cc46ad26a0c1b236fe40f4281|778"	"1"	"1"	"1"	"reachable original declaration and definition"	"unconditional"	"unconditional"	"source call/declaration/definition arity confirmed; retain conditional contexts for profile binding and admit zero-degree closure rebase"
"MVDM-FIRST-REBASELINED-000362"	"cmdReturnExitCode"	"dos/command/cmdexec.c"	"98a941095d47ae73ef9731d389a433203c7184b0a016b62e24b202bb89f829d0"	"630"	"cmdCheckCopyForRedirection"	"O:\repos.external\OpenNT\base\mvdm|dos/command/cmdredir.c|a403f15ba9ec33af85ab38aaa7c4fea301016c4bb09a1ccbd3adee71a07dcc49|20"	"1"	"1"	"1"	"reachable original declaration and definition"	"unconditional"	"unconditional"	"source call/declaration/definition arity confirmed; retain conditional contexts for profile binding and admit zero-degree closure rebase"
"MVDM-FIRST-REBASELINED-000391"	"cmdGetKbdLayout"	"dos/command/cmdkeyb.c"	"b945cd4a072b592211f6427ee526b2ca47be05ac6bef9a33956105749d899eba"	"248"	"cmdInitConsole"	"O:\repos.external\OpenNT\base\mvdm|dos/command/cmdmisc.c|1ca036932368a0d0bf1848b078cc80cd66e67a4cc46ad26a0c1b236fe40f4281|729"	"0"	"0"	"0"	"reachable original declaration and definition"	"unconditional"	"unconditional"	"source call/declaration/definition arity confirmed; retain conditional contexts for profile binding and admit zero-degree closure rebase"
"MVDM-FIRST-REBASELINED-000439"	"demFdiskInit"	"dos/dem/demdasd.c"	"7438f5d4df1803664e66f16b7464d719c8e4341d1d9c2e7721ce7184bdf08942"	"650"	"demGetPhysicalDriveType"	"O:\repos.external\OpenNT\base\mvdm|dos/dem/demgset.c|19c5999308a479cc9c0fcb30d23e8301d9a835408417aa965b85523dfb8a1653|220"	"1"	"1;1"	"1"	"reachable original declaration and definition"	"unconditional"	"unconditional"	"source call/declaration/definition arity confirmed; retain conditional contexts for profile binding and admit zero-degree closure rebase"
"MVDM-FIRST-REBASELINED-000472"	"demIoctlChangeable"	"dos/dem/demioctl.c"	"6f480bf758d071b1fd2f76a137f892b77d1ea8d2d8ffb4690d395aedf5f733fa"	"116"	"demGetPhysicalDriveType"	"O:\repos.external\OpenNT\base\mvdm|dos/dem/demgset.c|19c5999308a479cc9c0fcb30d23e8301d9a835408417aa965b85523dfb8a1653|220"	"1"	"1;1"	"1"	"reachable original declaration and definition"	"unconditional"	"unconditional"	"source call/declaration/definition arity confirmed; retain conditional contexts for profile binding and admit zero-degree closure rebase"
"MVDM-FIRST-REBASELINED-000473"	"demIoctlDiskGeneric"	"dos/dem/demioctl.c"	"6f480bf758d071b1fd2f76a137f892b77d1ea8d2d8ffb4690d395aedf5f733fa"	"189"	"GetMediaId"	"O:\repos.external\OpenNT\base\mvdm|dos/dem/demgset.c|19c5999308a479cc9c0fcb30d23e8301d9a835408417aa965b85523dfb8a1653|619"	"2"	"2"	"2"	"reachable original declaration and definition"	"unconditional"	"unconditional"	"source call/declaration/definition arity confirmed; retain conditional contexts for profile binding and admit zero-degree closure rebase"
"MVDM-FIRST-REBASELINED-000488"	"demIoctlDiskGeneric"	"dos/dem/demioctl.c"	"6f480bf758d071b1fd2f76a137f892b77d1ea8d2d8ffb4690d395aedf5f733fa"	"371"	"demGetDiskFreeSpace"	"O:\repos.external\OpenNT\base\mvdm|dos/dem/demgset.c|19c5999308a479cc9c0fcb30d23e8301d9a835408417aa965b85523dfb8a1653|825"	"5"	"5"	"5"	"reachable original declaration and definition"	"unconditional"	"unconditional"	"source call/declaration/definition arity confirmed; retain conditional contexts for profile binding and admit zero-degree closure rebase"
"MVDM-FIRST-REBASELINED-000530"	"DpmiSegmentToSelector"	"dpmi32/buffer.c"	"6123c2acefa990be5bf87600a232a32feb1b7435ea0c2f346aa174b56ca37abc"	"290"	"DpmiSwitchToDosxStack"	"O:\repos.external\OpenNT\base\mvdm|dpmi32/stack.c|e7423b2c5b7c6108b55c262d1329e1b1d279850b65af1abfbc6ec3fcf2af0fe5|25"	"1"	"1"	"1"	"reachable original declaration and definition"	"unconditional"	"unconditional"	"source call/declaration/definition arity confirmed; retain conditional contexts for profile binding and admit zero-degree closure rebase"
"MVDM-FIRST-REBASELINED-000531"	"DpmiSegmentToSelector"	"dpmi32/buffer.c"	"6123c2acefa990be5bf87600a232a32feb1b7435ea0c2f346aa174b56ca37abc"	"334"	"DpmiSwitchFromDosxStack"	"O:\repos.external\OpenNT\base\mvdm|dpmi32/stack.c|e7423b2c5b7c6108b55c262d1329e1b1d279850b65af1abfbc6ec3fcf2af0fe5|57"	"0"	"0"	"0"	"reachable original declaration and definition"	"unconditional"	"unconditional"	"source call/declaration/definition arity confirmed; retain conditional contexts for profile binding and admit zero-degree closure rebase"
"MVDM-FIRST-REBASELINED-000532"	"DpmiDpmiInUse"	"dpmi32/dpmimscr.c"	"41494b9f44e53863d31527ca082dfc286f34e2b4cace556baf501274d3eba061"	"84"	"EnableIntHooks"	"O:\repos.external\OpenNT\base\mvdm|dpmi32/dpmiint.c|d0607f266b8c6ee0556af13ff9260c7c07df8c0dc05ab25b37567430fb28a4aa|1145"	"0"	"0"	"0"	"reachable original declaration and definition"	"unconditional"	"unconditional"	"source call/declaration/definition arity confirmed; retain conditional contexts for profile binding and admit zero-degree closure rebase"
"MVDM-FIRST-REBASELINED-000533"	"DpmiDpmiNoLongerInUse"	"dpmi32/dpmimscr.c"	"41494b9f44e53863d31527ca082dfc286f34e2b4cace556baf501274d3eba061"	"109"	"DisableIntHooks"	"O:\repos.external\OpenNT\base\mvdm|dpmi32/dpmiint.c|d0607f266b8c6ee0556af13ff9260c7c07df8c0dc05ab25b37567430fb28a4aa|1179"	"0"	"0"	"0"	"reachable original declaration and definition"	"unconditional"	"unconditional"	"source call/declaration/definition arity confirmed; retain conditional contexts for profile binding and admit zero-degree closure rebase"
"MVDM-FIRST-REBASELINED-000555"	"NoTranslation"	"dpmi32/int21map.c"	"b0a8632ddb1bb0ed609115bcb113c7a43a0b042930cd281d333540089589c7e1"	"241"	"DpmiSimulateIretCF"	"O:\repos.external\OpenNT\base\mvdm|dpmi32/stack.c|e7423b2c5b7c6108b55c262d1329e1b1d279850b65af1abfbc6ec3fcf2af0fe5|131"	"0"	"0"	"0"	"reachable original declaration and definition"	"unconditional"	"unconditional"	"source call/declaration/definition arity confirmed; retain conditional contexts for profile binding and admit zero-degree closure rebase"
"MVDM-FIRST-REBASELINED-000556"	"DisplayString"	"dpmi32/int21map.c"	"b0a8632ddb1bb0ed609115bcb113c7a43a0b042930cd281d333540089589c7e1"	"300"	"DpmiSimulateIretCF"	"O:\repos.external\OpenNT\base\mvdm|dpmi32/stack.c|e7423b2c5b7c6108b55c262d1329e1b1d279850b65af1abfbc6ec3fcf2af0fe5|131"	"0"	"0"	"0"	"reachable original declaration and definition"	"unconditional"	"unconditional"	"source call/declaration/definition arity confirmed; retain conditional contexts for profile binding and admit zero-degree closure rebase"
"MVDM-FIRST-REBASELINED-000557"	"BufferedKeyboardInput"	"dpmi32/int21map.c"	"b0a8632ddb1bb0ed609115bcb113c7a43a0b042930cd281d333540089589c7e1"	"373"	"DpmiSimulateIretCF"	"O:\repos.external\OpenNT\base\mvdm|dpmi32/stack.c|e7423b2c5b7c6108b55c262d1329e1b1d279850b65af1abfbc6ec3fcf2af0fe5|131"	"0"	"0"	"0"	"reachable original declaration and definition"	"unconditional"	"unconditional"	"source call/declaration/definition arity confirmed; retain conditional contexts for profile binding and admit zero-degree closure rebase"
"MVDM-FIRST-REBASELINED-000563"	"FindFileFCB"	"dpmi32/int21map.c"	"b0a8632ddb1bb0ed609115bcb113c7a43a0b042930cd281d333540089589c7e1"	"521"	"DpmiSimulateIretCF"	"O:\repos.external\OpenNT\base\mvdm|dpmi32/stack.c|e7423b2c5b7c6108b55c262d1329e1b1d279850b65af1abfbc6ec3fcf2af0fe5|131"	"0"	"0"	"0"	"reachable original declaration and definition"	"unconditional"	"unconditional"	"source call/declaration/definition arity confirmed; retain conditional contexts for profile binding and admit zero-degree closure rebase"
"MVDM-FIRST-REBASELINED-000564"	"MapFCB"	"dpmi32/int21map.c"	"b0a8632ddb1bb0ed609115bcb113c7a43a0b042930cd281d333540089589c7e1"	"590"	"DpmiSimulateIretCF"	"O:\repos.external\OpenNT\base\mvdm|dpmi32/stack.c|e7423b2c5b7c6108b55c262d1329e1b1d279850b65af1abfbc6ec3fcf2af0fe5|131"	"0"	"0"	"0"	"reachable original declaration and definition"	"unconditional"	"unconditional"	"source call/declaration/definition arity confirmed; retain conditional contexts for profile binding and admit zero-degree closure rebase"
"MVDM-FIRST-REBASELINED-000565"	"RenameFCB"	"dpmi32/int21map.c"	"b0a8632ddb1bb0ed609115bcb113c7a43a0b042930cd281d333540089589c7e1"	"654"	"DpmiSimulateIretCF"	"O:\repos.external\OpenNT\base\mvdm|dpmi32/stack.c|e7423b2c5b7c6108b55c262d1329e1b1d279850b65af1abfbc6ec3fcf2af0fe5|131"	"0"	"0"	"0"	"reachable original declaration and definition"	"unconditional"	"unconditional"	"source call/declaration/definition arity confirmed; retain conditional contexts for profile binding and admit zero-degree closure rebase"
"MVDM-FIRST-REBASELINED-000566"	"GetDriveData"	"dpmi32/int21map.c"	"b0a8632ddb1bb0ed609115bcb113c7a43a0b042930cd281d333540089589c7e1"	"692"	"DpmiSimulateIretCF"	"O:\repos.external\OpenNT\base\mvdm|dpmi32/stack.c|e7423b2c5b7c6108b55c262d1329e1b1d279850b65af1abfbc6ec3fcf2af0fe5|131"	"0"	"0"	"0"	"reachable original declaration and definition"	"unconditional"	"unconditional"	"source call/declaration/definition arity confirmed; retain conditional contexts for profile binding and admit zero-degree closure rebase"
"MVDM-FIRST-REBASELINED-000567"	"CreatePSP"	"dpmi32/int21map.c"	"b0a8632ddb1bb0ed609115bcb113c7a43a0b042930cd281d333540089589c7e1"	"738"	"DpmiSimulateIretCF"	"O:\repos.external\OpenNT\base\mvdm|dpmi32/stack.c|e7423b2c5b7c6108b55c262d1329e1b1d279850b65af1abfbc6ec3fcf2af0fe5|131"	"0"	"0"	"0"	"reachable original declaration and definition"	"unconditional"	"unconditional"	"source call/declaration/definition arity confirmed; retain conditional contexts for profile binding and admit zero-degree closure rebase"
"MVDM-FIRST-REBASELINED-000568"	"ParseFilename"	"dpmi32/int21map.c"	"b0a8632ddb1bb0ed609115bcb113c7a43a0b042930cd281d333540089589c7e1"	"809"	"DpmiSimulateIretCF"	"O:\repos.external\OpenNT\base\mvdm|dpmi32/stack.c|e7423b2c5b7c6108b55c262d1329e1b1d279850b65af1abfbc6ec3fcf2af0fe5|131"	"0"	"0"	"0"	"reachable original declaration and definition"	"unconditional"	"unconditional"	"source call/declaration/definition arity confirmed; retain conditional contexts for profile binding and admit zero-degree closure rebase"
"MVDM-FIRST-REBASELINED-000569"	"GetDTA"	"dpmi32/int21map.c"	"b0a8632ddb1bb0ed609115bcb113c7a43a0b042930cd281d333540089589c7e1"	"848"	"DpmiSimulateIretCF"	"O:\repos.external\OpenNT\base\mvdm|dpmi32/stack.c|e7423b2c5b7c6108b55c262d1329e1b1d279850b65af1abfbc6ec3fcf2af0fe5|131"	"0"	"0"	"0"	"reachable original declaration and definition"	"unconditional"	"unconditional"	"source call/declaration/definition arity confirmed; retain conditional contexts for profile binding and admit zero-degree closure rebase"
"MVDM-FIRST-REBASELINED-000570"	"SetDTA"	"dpmi32/int21map.c"	"b0a8632ddb1bb0ed609115bcb113c7a43a0b042930cd281d333540089589c7e1"	"894"	"DpmiSimulateIretCF"	"O:\repos.external\OpenNT\base\mvdm|dpmi32/stack.c|e7423b2c5b7c6108b55c262d1329e1b1d279850b65af1abfbc6ec3fcf2af0fe5|131"	"0"	"0"	"0"	"reachable original declaration and definition"	"unconditional"	"unconditional"	"source call/declaration/definition arity confirmed; retain conditional contexts for profile binding and admit zero-degree closure rebase"
"MVDM-FIRST-REBASELINED-000571"	"GetDevParamBlock"	"dpmi32/int21map.c"	"b0a8632ddb1bb0ed609115bcb113c7a43a0b042930cd281d333540089589c7e1"	"1055"	"DpmiSimulateIretCF"	"O:\repos.external\OpenNT\base\mvdm|dpmi32/stack.c|e7423b2c5b7c6108b55c262d1329e1b1d279850b65af1abfbc6ec3fcf2af0fe5|131"	"0"	"0"	"0"	"reachable original declaration and definition"	"unconditional"	"unconditional"	"source call/declaration/definition arity confirmed; retain conditional contexts for profile binding and admit zero-degree closure rebase"
"MVDM-FIRST-REBASELINED-000572"	"ReturnESBX"	"dpmi32/int21map.c"	"b0a8632ddb1bb0ed609115bcb113c7a43a0b042930cd281d333540089589c7e1"	"1093"	"DpmiSimulateIretCF"	"O:\repos.external\OpenNT\base\mvdm|dpmi32/stack.c|e7423b2c5b7c6108b55c262d1329e1b1d279850b65af1abfbc6ec3fcf2af0fe5|131"	"0"	"0"	"0"	"reachable original declaration and definition"	"unconditional"	"unconditional"	"source call/declaration/definition arity confirmed; retain conditional contexts for profile binding and admit zero-degree closure rebase"
"MVDM-FIRST-REBASELINED-000573"	"GetSetCountry"	"dpmi32/int21map.c"	"b0a8632ddb1bb0ed609115bcb113c7a43a0b042930cd281d333540089589c7e1"	"1149"	"DpmiSimulateIretCF"	"O:\repos.external\OpenNT\base\mvdm|dpmi32/stack.c|e7423b2c5b7c6108b55c262d1329e1b1d279850b65af1abfbc6ec3fcf2af0fe5|131"	"0"	"0"	"0"	"reachable original declaration and definition"	"unconditional"	"unconditional"	"source call/declaration/definition arity confirmed; retain conditional contexts for profile binding and admit zero-degree closure rebase"
"MVDM-FIRST-REBASELINED-000574"	"MapASCIIZDSDX"	"dpmi32/int21map.c"	"b0a8632ddb1bb0ed609115bcb113c7a43a0b042930cd281d333540089589c7e1"	"1193"	"DpmiSimulateIretCF"	"O:\repos.external\OpenNT\base\mvdm|dpmi32/stack.c|e7423b2c5b7c6108b55c262d1329e1b1d279850b65af1abfbc6ec3fcf2af0fe5|131"	"0"	"0"	"0"	"reachable original declaration and definition"	"unconditional"	"unconditional"	"source call/declaration/definition arity confirmed; retain conditional contexts for profile binding and admit zero-degree closure rebase"
"MVDM-FIRST-REBASELINED-000576"	"ReadWriteFile"	"dpmi32/int21map.c"	"b0a8632ddb1bb0ed609115bcb113c7a43a0b042930cd281d333540089589c7e1"	"1292"	"DpmiSimulateIretCF"	"O:\repos.external\OpenNT\base\mvdm|dpmi32/stack.c|e7423b2c5b7c6108b55c262d1329e1b1d279850b65af1abfbc6ec3fcf2af0fe5|131"	"0"	"0"	"0"	"reachable original declaration and definition"	"unconditional"	"unconditional"	"source call/declaration/definition arity confirmed; retain conditional contexts for profile binding and admit zero-degree closure rebase"
"MVDM-FIRST-REBASELINED-000578"	"GetCurDir"	"dpmi32/int21map.c"	"b0a8632ddb1bb0ed609115bcb113c7a43a0b042930cd281d333540089589c7e1"	"1430"	"DpmiSimulateIretCF"	"O:\repos.external\OpenNT\base\mvdm|dpmi32/stack.c|e7423b2c5b7c6108b55c262d1329e1b1d279850b65af1abfbc6ec3fcf2af0fe5|131"	"0"	"0"	"0"	"reachable original declaration and definition"	"unconditional"	"unconditional"	"source call/declaration/definition arity confirmed; retain conditional contexts for profile binding and admit zero-degree closure rebase"
"MVDM-FIRST-REBASELINED-000580"	"AllocateMemoryBlock"	"dpmi32/int21map.c"	"b0a8632ddb1bb0ed609115bcb113c7a43a0b042930cd281d333540089589c7e1"	"1469"	"DpmiSimulateIretCF"	"O:\repos.external\OpenNT\base\mvdm|dpmi32/stack.c|e7423b2c5b7c6108b55c262d1329e1b1d279850b65af1abfbc6ec3fcf2af0fe5|131"	"0"	"0"	"0"	"reachable original declaration and definition"	"ifdef:NT_ALLOC_DOS_MEM"	"unconditional"	"source call/declaration/definition arity confirmed; retain conditional contexts for profile binding and admit zero-degree closure rebase"
"MVDM-FIRST-REBASELINED-000582"	"FreeMemoryBlock"	"dpmi32/int21map.c"	"b0a8632ddb1bb0ed609115bcb113c7a43a0b042930cd281d333540089589c7e1"	"1513"	"DpmiSimulateIretCF"	"O:\repos.external\OpenNT\base\mvdm|dpmi32/stack.c|e7423b2c5b7c6108b55c262d1329e1b1d279850b65af1abfbc6ec3fcf2af0fe5|131"	"0"	"0"	"0"	"reachable original declaration and definition"	"ifdef:NT_ALLOC_DOS_MEM"	"unconditional"	"source call/declaration/definition arity confirmed; retain conditional contexts for profile binding and admit zero-degree closure rebase"
"MVDM-FIRST-REBASELINED-000584"	"ResizeMemoryBlock"	"dpmi32/int21map.c"	"b0a8632ddb1bb0ed609115bcb113c7a43a0b042930cd281d333540089589c7e1"	"1558"	"DpmiSimulateIretCF"	"O:\repos.external\OpenNT\base\mvdm|dpmi32/stack.c|e7423b2c5b7c6108b55c262d1329e1b1d279850b65af1abfbc6ec3fcf2af0fe5|131"	"0"	"0"	"0"	"reachable original declaration and definition"	"ifdef:NT_ALLOC_DOS_MEM"	"unconditional"	"source call/declaration/definition arity confirmed; retain conditional contexts for profile binding and admit zero-degree closure rebase"
"MVDM-FIRST-REBASELINED-000587"	"LoadExec"	"dpmi32/int21map.c"	"b0a8632ddb1bb0ed609115bcb113c7a43a0b042930cd281d333540089589c7e1"	"1731"	"DpmiSimulateIretCF"	"O:\repos.external\OpenNT\base\mvdm|dpmi32/stack.c|e7423b2c5b7c6108b55c262d1329e1b1d279850b65af1abfbc6ec3fcf2af0fe5|131"	"0"	"0"	"0"	"reachable original declaration and definition"	"unconditional"	"unconditional"	"source call/declaration/definition arity confirmed; retain conditional contexts for profile binding and admit zero-degree closure rebase"
"MVDM-FIRST-REBASELINED-000590"	"FindFirstFileHandle"	"dpmi32/int21map.c"	"b0a8632ddb1bb0ed609115bcb113c7a43a0b042930cd281d333540089589c7e1"	"1826"	"DpmiSimulateIretCF"	"O:\repos.external\OpenNT\base\mvdm|dpmi32/stack.c|e7423b2c5b7c6108b55c262d1329e1b1d279850b65af1abfbc6ec3fcf2af0fe5|131"	"0"	"0"	"0"	"reachable original declaration and definition"	"unconditional"	"unconditional"	"source call/declaration/definition arity confirmed; retain conditional contexts for profile binding and admit zero-degree closure rebase"
"MVDM-FIRST-REBASELINED-000593"	"FindNextFileHandle"	"dpmi32/int21map.c"	"b0a8632ddb1bb0ed609115bcb113c7a43a0b042930cd281d333540089589c7e1"	"1880"	"DpmiSimulateIretCF"	"O:\repos.external\OpenNT\base\mvdm|dpmi32/stack.c|e7423b2c5b7c6108b55c262d1329e1b1d279850b65af1abfbc6ec3fcf2af0fe5|131"	"0"	"0"	"0"	"reachable original declaration and definition"	"unconditional"	"unconditional"	"source call/declaration/definition arity confirmed; retain conditional contexts for profile binding and admit zero-degree closure rebase"
"MVDM-FIRST-REBASELINED-000594"	"SetPSP"	"dpmi32/int21map.c"	"b0a8632ddb1bb0ed609115bcb113c7a43a0b042930cd281d333540089589c7e1"	"1932"	"DpmiSimulateIretCF"	"O:\repos.external\OpenNT\base\mvdm|dpmi32/stack.c|e7423b2c5b7c6108b55c262d1329e1b1d279850b65af1abfbc6ec3fcf2af0fe5|131"	"0"	"0"	"0"	"reachable original declaration and definition"	"unconditional"	"unconditional"	"source call/declaration/definition arity confirmed; retain conditional contexts for profile binding and admit zero-degree closure rebase"
"MVDM-FIRST-REBASELINED-000595"	"GetPSP"	"dpmi32/int21map.c"	"b0a8632ddb1bb0ed609115bcb113c7a43a0b042930cd281d333540089589c7e1"	"1977"	"DpmiSimulateIretCF"	"O:\repos.external\OpenNT\base\mvdm|dpmi32/stack.c|e7423b2c5b7c6108b55c262d1329e1b1d279850b65af1abfbc6ec3fcf2af0fe5|131"	"0"	"0"	"0"	"reachable original declaration and definition"	"unconditional"	"unconditional"	"source call/declaration/definition arity confirmed; retain conditional contexts for profile binding and admit zero-degree closure rebase"
"MVDM-FIRST-REBASELINED-000597"	"TranslateBPB"	"dpmi32/int21map.c"	"b0a8632ddb1bb0ed609115bcb113c7a43a0b042930cd281d333540089589c7e1"	"2006"	"DpmiSimulateIretCF"	"O:\repos.external\OpenNT\base\mvdm|dpmi32/stack.c|e7423b2c5b7c6108b55c262d1329e1b1d279850b65af1abfbc6ec3fcf2af0fe5|131"	"0"	"0"	"0"	"reachable original declaration and definition"	"unconditional"	"unconditional"	"source call/declaration/definition arity confirmed; retain conditional contexts for profile binding and admit zero-degree closure rebase"
"MVDM-FIRST-REBASELINED-000598"	"RenameFile"	"dpmi32/int21map.c"	"b0a8632ddb1bb0ed609115bcb113c7a43a0b042930cd281d333540089589c7e1"	"2054"	"DpmiSimulateIretCF"	"O:\repos.external\OpenNT\base\mvdm|dpmi32/stack.c|e7423b2c5b7c6108b55c262d1329e1b1d279850b65af1abfbc6ec3fcf2af0fe5|131"	"0"	"0"	"0"	"reachable original declaration and definition"	"unconditional"	"unconditional"	"source call/declaration/definition arity confirmed; retain conditional contexts for profile binding and admit zero-degree closure rebase"
"MVDM-FIRST-REBASELINED-000599"	"CreateTempFile"	"dpmi32/int21map.c"	"b0a8632ddb1bb0ed609115bcb113c7a43a0b042930cd281d333540089589c7e1"	"2114"	"DpmiSimulateIretCF"	"O:\repos.external\OpenNT\base\mvdm|dpmi32/stack.c|e7423b2c5b7c6108b55c262d1329e1b1d279850b65af1abfbc6ec3fcf2af0fe5|131"	"0"	"0"	"0"	"reachable original declaration and definition"	"unconditional"	"unconditional"	"source call/declaration/definition arity confirmed; retain conditional contexts for profile binding and admit zero-degree closure rebase"
"MVDM-FIRST-REBASELINED-000602"	"Func5Fh"	"dpmi32/int21map.c"	"b0a8632ddb1bb0ed609115bcb113c7a43a0b042930cd281d333540089589c7e1"	"2293"	"DpmiSimulateIretCF"	"O:\repos.external\OpenNT\base\mvdm|dpmi32/stack.c|e7423b2c5b7c6108b55c262d1329e1b1d279850b65af1abfbc6ec3fcf2af0fe5|131"	"0"	"0"	"0"	"reachable original declaration and definition"	"unconditional"	"unconditional"	"source call/declaration/definition arity confirmed; retain conditional contexts for profile binding and admit zero-degree closure rebase"
"MVDM-FIRST-REBASELINED-000607"	"ReturnDSSI"	"dpmi32/int21map.c"	"b0a8632ddb1bb0ed609115bcb113c7a43a0b042930cd281d333540089589c7e1"	"2368"	"DpmiSimulateIretCF"	"O:\repos.external\OpenNT\base\mvdm|dpmi32/stack.c|e7423b2c5b7c6108b55c262d1329e1b1d279850b65af1abfbc6ec3fcf2af0fe5|131"	"0"	"0"	"0"	"reachable original declaration and definition"	"unconditional"	"unconditional"	"source call/declaration/definition arity confirmed; retain conditional contexts for profile binding and admit zero-degree closure rebase"
"MVDM-FIRST-REBASELINED-000612"	"GetExtendedCountryInfo"	"dpmi32/int21map.c"	"b0a8632ddb1bb0ed609115bcb113c7a43a0b042930cd281d333540089589c7e1"	"2453"	"DpmiSimulateIretCF"	"O:\repos.external\OpenNT\base\mvdm|dpmi32/stack.c|e7423b2c5b7c6108b55c262d1329e1b1d279850b65af1abfbc6ec3fcf2af0fe5|131"	"0"	"0"	"0"	"reachable original declaration and definition"	"unconditional"	"unconditional"	"source call/declaration/definition arity confirmed; retain conditional contexts for profile binding and admit zero-degree closure rebase"
"MVDM-FIRST-REBASELINED-000613"	"MapASCIIZDSSI"	"dpmi32/int21map.c"	"b0a8632ddb1bb0ed609115bcb113c7a43a0b042930cd281d333540089589c7e1"	"2495"	"DpmiSimulateIretCF"	"O:\repos.external\OpenNT\base\mvdm|dpmi32/stack.c|e7423b2c5b7c6108b55c262d1329e1b1d279850b65af1abfbc6ec3fcf2af0fe5|131"	"0"	"0"	"0"	"reachable original declaration and definition"	"unconditional"	"unconditional"	"source call/declaration/definition arity confirmed; retain conditional contexts for profile binding and admit zero-degree closure rebase"
"MVDM-FIRST-REBASELINED-000614"	"MapDSDXLenCX"	"dpmi32/int21map.c"	"b0a8632ddb1bb0ed609115bcb113c7a43a0b042930cd281d333540089589c7e1"	"2575"	"DpmiSimulateIretCF"	"O:\repos.external\OpenNT\base\mvdm|dpmi32/stack.c|e7423b2c5b7c6108b55c262d1329e1b1d279850b65af1abfbc6ec3fcf2af0fe5|131"	"0"	"0"	"0"	"reachable original declaration and definition"	"unconditional"	"unconditional"	"source call/declaration/definition arity confirmed; retain conditional contexts for profile binding and admit zero-degree closure rebase"
"MVDM-FIRST-REBASELINED-000615"	"IOCTLMap2Bytes"	"dpmi32/int21map.c"	"b0a8632ddb1bb0ed609115bcb113c7a43a0b042930cd281d333540089589c7e1"	"2628"	"DpmiSimulateIretCF"	"O:\repos.external\OpenNT\base\mvdm|dpmi32/stack.c|e7423b2c5b7c6108b55c262d1329e1b1d279850b65af1abfbc6ec3fcf2af0fe5|131"	"0"	"0"	"0"	"reachable original declaration and definition"	"unconditional"	"unconditional"	"source call/declaration/definition arity confirmed; retain conditional contexts for profile binding and admit zero-degree closure rebase"
"MVDM-FIRST-REBASELINED-000617"	"IOCTLBlockDevs"	"dpmi32/int21map.c"	"b0a8632ddb1bb0ed609115bcb113c7a43a0b042930cd281d333540089589c7e1"	"2733"	"DpmiSimulateIretCF"	"O:\repos.external\OpenNT\base\mvdm|dpmi32/stack.c|e7423b2c5b7c6108b55c262d1329e1b1d279850b65af1abfbc6ec3fcf2af0fe5|131"	"0"	"0"	"0"	"reachable original declaration and definition"	"unconditional"	"unconditional"	"source call/declaration/definition arity confirmed; retain conditional contexts for profile binding and admit zero-degree closure rebase"
"MVDM-FIRST-REBASELINED-000618"	"IoctlReadWriteTrack"	"dpmi32/int21map.c"	"b0a8632ddb1bb0ed609115bcb113c7a43a0b042930cd281d333540089589c7e1"	"2773"	"DpmiAllocateBuffer"	"O:\repos.external\OpenNT\base\mvdm|dpmi32/buffer.c|6123c2acefa990be5bf87600a232a32feb1b7435ea0c2f346aa174b56ca37abc|346"	"1"	"1"	"1"	"reachable original declaration and definition"	"unconditional"	"unconditional"	"source call/declaration/definition arity confirmed; retain conditional contexts for profile binding and admit zero-degree closure rebase"
"MVDM-FIRST-REBASELINED-000619"	"IoctlReadWriteTrack"	"dpmi32/int21map.c"	"b0a8632ddb1bb0ed609115bcb113c7a43a0b042930cd281d333540089589c7e1"	"2793"	"DpmiSimulateIretCF"	"O:\repos.external\OpenNT\base\mvdm|dpmi32/stack.c|e7423b2c5b7c6108b55c262d1329e1b1d279850b65af1abfbc6ec3fcf2af0fe5|131"	"0"	"0"	"0"	"reachable original declaration and definition"	"unconditional"	"unconditional"	"source call/declaration/definition arity confirmed; retain conditional contexts for profile binding and admit zero-degree closure rebase"
"MVDM-FIRST-REBASELINED-000620"	"IoctlReadWriteTrack"	"dpmi32/int21map.c"	"b0a8632ddb1bb0ed609115bcb113c7a43a0b042930cd281d333540089589c7e1"	"2900"	"DpmiSimulateIretCF"	"O:\repos.external\OpenNT\base\mvdm|dpmi32/stack.c|e7423b2c5b7c6108b55c262d1329e1b1d279850b65af1abfbc6ec3fcf2af0fe5|131"	"0"	"0"	"0"	"reachable original declaration and definition"	"unconditional"	"unconditional"	"source call/declaration/definition arity confirmed; retain conditional contexts for profile binding and admit zero-degree closure rebase"
"MVDM-FIRST-REBASELINED-000621"	"MapDPL"	"dpmi32/int21map.c"	"b0a8632ddb1bb0ed609115bcb113c7a43a0b042930cd281d333540089589c7e1"	"2953"	"DpmiSimulateIretCF"	"O:\repos.external\OpenNT\base\mvdm|dpmi32/stack.c|e7423b2c5b7c6108b55c262d1329e1b1d279850b65af1abfbc6ec3fcf2af0fe5|131"	"0"	"0"	"0"	"reachable original declaration and definition"	"unconditional"	"unconditional"	"source call/declaration/definition arity confirmed; retain conditional contexts for profile binding and admit zero-degree closure rebase"
"MVDM-FIRST-REBASELINED-000622"	"GetMachineName"	"dpmi32/int21map.c"	"b0a8632ddb1bb0ed609115bcb113c7a43a0b042930cd281d333540089589c7e1"	"3005"	"DpmiSimulateIretCF"	"O:\repos.external\OpenNT\base\mvdm|dpmi32/stack.c|e7423b2c5b7c6108b55c262d1329e1b1d279850b65af1abfbc6ec3fcf2af0fe5|131"	"0"	"0"	"0"	"reachable original declaration and definition"	"unconditional"	"unconditional"	"source call/declaration/definition arity confirmed; retain conditional contexts for profile binding and admit zero-degree closure rebase"
"MVDM-FIRST-REBASELINED-000623"	"GetPrinterSetup"	"dpmi32/int21map.c"	"b0a8632ddb1bb0ed609115bcb113c7a43a0b042930cd281d333540089589c7e1"	"3058"	"DpmiSimulateIretCF"	"O:\repos.external\OpenNT\base\mvdm|dpmi32/stack.c|e7423b2c5b7c6108b55c262d1329e1b1d279850b65af1abfbc6ec3fcf2af0fe5|131"	"0"	"0"	"0"	"reachable original declaration and definition"	"unconditional"	"unconditional"	"source call/declaration/definition arity confirmed; retain conditional contexts for profile binding and admit zero-degree closure rebase"
"MVDM-FIRST-REBASELINED-000624"	"SetPrinterSetup"	"dpmi32/int21map.c"	"b0a8632ddb1bb0ed609115bcb113c7a43a0b042930cd281d333540089589c7e1"	"3110"	"DpmiSimulateIretCF"	"O:\repos.external\OpenNT\base\mvdm|dpmi32/stack.c|e7423b2c5b7c6108b55c262d1329e1b1d279850b65af1abfbc6ec3fcf2af0fe5|131"	"0"	"0"	"0"	"reachable original declaration and definition"	"unconditional"	"unconditional"	"source call/declaration/definition arity confirmed; retain conditional contexts for profile binding and admit zero-degree closure rebase"
"MVDM-FIRST-REBASELINED-000685"	"InterProcCommHandler"	"fax/wowfaxui/wfhelper.c"	"bf8cd7fe0a51e9339b98c1ced13a7d295a25a0f49dc08be83d7c07e1b6785bec"	"437"	"GetFaxDataMapName"	"O:\repos.external\OpenNT\base\mvdm|inc/wowfax.h|97c6c40dc2d0565a21dc1be4112fe24f138b10ddbb55fbd29e55da972a2a2c84|284"	"2"	"2;2;2;2"	"2"	"reachable original declaration and definition"	"unconditional"	"ifdef:WOWFAX_INC_COMMON_CODE"	"source call/declaration/definition arity confirmed; retain conditional contexts for profile binding and admit zero-degree closure rebase"
"MVDM-FIRST-REBASELINED-000969"	"set_tod"	"softpc.new/base/bios/cmos_bis.c"	"e3b6710db5887ef77c5a38c881ebb4eeff2575db65e86a3468258aaa9293e1bd"	"85"	"cmos_read"	"O:\repos.external\OpenNT\base\mvdm|softpc.new/base/bios/cmos_bis.c|e3b6710db5887ef77c5a38c881ebb4eeff2575db65e86a3468258aaa9293e1bd|143"	"1"	"0;0"	"1"	"same-translation-unit original definition"	"ifndef:NTVDM"	"unconditional"	"source call/declaration/definition arity confirmed; retain conditional contexts for profile binding and admit zero-degree closure rebase"
"MVDM-FIRST-REBASELINED-000970"	"set_tod"	"softpc.new/base/bios/cmos_bis.c"	"e3b6710db5887ef77c5a38c881ebb4eeff2575db65e86a3468258aaa9293e1bd"	"88"	"cmos_read"	"O:\repos.external\OpenNT\base\mvdm|softpc.new/base/bios/cmos_bis.c|e3b6710db5887ef77c5a38c881ebb4eeff2575db65e86a3468258aaa9293e1bd|143"	"1"	"0;0"	"1"	"same-translation-unit original definition"	"ifndef:NTVDM"	"unconditional"	"source call/declaration/definition arity confirmed; retain conditional contexts for profile binding and admit zero-degree closure rebase"
"MVDM-FIRST-REBASELINED-000971"	"set_tod"	"softpc.new/base/bios/cmos_bis.c"	"e3b6710db5887ef77c5a38c881ebb4eeff2575db65e86a3468258aaa9293e1bd"	"89"	"cmos_write"	"O:\repos.external\OpenNT\base\mvdm|softpc.new/base/bios/cmos_bis.c|e3b6710db5887ef77c5a38c881ebb4eeff2575db65e86a3468258aaa9293e1bd|178"	"2"	"0;0"	"2"	"same-translation-unit original definition"	"ifndef:NTVDM"	"unconditional"	"source call/declaration/definition arity confirmed; retain conditional contexts for profile binding and admit zero-degree closure rebase"
"MVDM-FIRST-REBASELINED-000972"	"set_tod"	"softpc.new/base/bios/cmos_bis.c"	"e3b6710db5887ef77c5a38c881ebb4eeff2575db65e86a3468258aaa9293e1bd"	"97"	"cmos_read"	"O:\repos.external\OpenNT\base\mvdm|softpc.new/base/bios/cmos_bis.c|e3b6710db5887ef77c5a38c881ebb4eeff2575db65e86a3468258aaa9293e1bd|143"	"1"	"0;0"	"1"	"same-translation-unit original definition"	"ifndef:NTVDM"	"unconditional"	"source call/declaration/definition arity confirmed; retain conditional contexts for profile binding and admit zero-degree closure rebase"
"MVDM-FIRST-REBASELINED-000973"	"set_tod"	"softpc.new/base/bios/cmos_bis.c"	"e3b6710db5887ef77c5a38c881ebb4eeff2575db65e86a3468258aaa9293e1bd"	"100"	"cmos_read"	"O:\repos.external\OpenNT\base\mvdm|softpc.new/base/bios/cmos_bis.c|e3b6710db5887ef77c5a38c881ebb4eeff2575db65e86a3468258aaa9293e1bd|143"	"1"	"0;0"	"1"	"same-translation-unit original definition"	"ifndef:NTVDM"	"unconditional"	"source call/declaration/definition arity confirmed; retain conditional contexts for profile binding and admit zero-degree closure rebase"
"MVDM-FIRST-REBASELINED-000974"	"set_tod"	"softpc.new/base/bios/cmos_bis.c"	"e3b6710db5887ef77c5a38c881ebb4eeff2575db65e86a3468258aaa9293e1bd"	"101"	"cmos_write"	"O:\repos.external\OpenNT\base\mvdm|softpc.new/base/bios/cmos_bis.c|e3b6710db5887ef77c5a38c881ebb4eeff2575db65e86a3468258aaa9293e1bd|178"	"2"	"0;0"	"2"	"same-translation-unit original definition"	"ifndef:NTVDM"	"unconditional"	"source call/declaration/definition arity confirmed; retain conditional contexts for profile binding and admit zero-degree closure rebase"
"MVDM-FIRST-REBASELINED-000975"	"set_tod"	"softpc.new/base/bios/cmos_bis.c"	"e3b6710db5887ef77c5a38c881ebb4eeff2575db65e86a3468258aaa9293e1bd"	"109"	"cmos_read"	"O:\repos.external\OpenNT\base\mvdm|softpc.new/base/bios/cmos_bis.c|e3b6710db5887ef77c5a38c881ebb4eeff2575db65e86a3468258aaa9293e1bd|143"	"1"	"0;0"	"1"	"same-translation-unit original definition"	"ifndef:NTVDM"	"unconditional"	"source call/declaration/definition arity confirmed; retain conditional contexts for profile binding and admit zero-degree closure rebase"
"MVDM-FIRST-REBASELINED-000976"	"set_tod"	"softpc.new/base/bios/cmos_bis.c"	"e3b6710db5887ef77c5a38c881ebb4eeff2575db65e86a3468258aaa9293e1bd"	"112"	"cmos_read"	"O:\repos.external\OpenNT\base\mvdm|softpc.new/base/bios/cmos_bis.c|e3b6710db5887ef77c5a38c881ebb4eeff2575db65e86a3468258aaa9293e1bd|143"	"1"	"0;0"	"1"	"same-translation-unit original definition"	"ifndef:NTVDM"	"unconditional"	"source call/declaration/definition arity confirmed; retain conditional contexts for profile binding and admit zero-degree closure rebase"
"MVDM-FIRST-REBASELINED-000977"	"set_tod"	"softpc.new/base/bios/cmos_bis.c"	"e3b6710db5887ef77c5a38c881ebb4eeff2575db65e86a3468258aaa9293e1bd"	"113"	"cmos_write"	"O:\repos.external\OpenNT\base\mvdm|softpc.new/base/bios/cmos_bis.c|e3b6710db5887ef77c5a38c881ebb4eeff2575db65e86a3468258aaa9293e1bd|178"	"2"	"0;0"	"2"	"same-translation-unit original definition"	"ifndef:NTVDM"	"unconditional"	"source call/declaration/definition arity confirmed; retain conditional contexts for profile binding and admit zero-degree closure rebase"
"MVDM-FIRST-REBASELINED-001203"	"com_init"	"softpc.new/base/comms/com.c"	"64ea04370f3e5295b9cdc88d34d3badc03b68ec33ce23715c58a29085ba1e4b3"	"2635"	"io_define_inb"	"O:\repos.external\OpenNT\base\mvdm|softpc.new/base/support/ios.c|e4f39908ff9534adde52e46def732a93790ac48f2bb481590622c537c2f3b205|692"	"2"	"unresolved"	"2"	"unresolved"	"ifdef:NTVDM"	"ifdef:ANSI"	"call/declaration/definition shape not fully confirmed; preserve first-degree record"
"MVDM-FIRST-REBASELINED-001204"	"com_init"	"softpc.new/base/comms/com.c"	"64ea04370f3e5295b9cdc88d34d3badc03b68ec33ce23715c58a29085ba1e4b3"	"2640"	"io_define_inb"	"O:\repos.external\OpenNT\base\mvdm|softpc.new/base/support/ios.c|e4f39908ff9534adde52e46def732a93790ac48f2bb481590622c537c2f3b205|692"	"2"	"unresolved"	"2"	"unresolved"	"else:"	"ifdef:ANSI"	"call/declaration/definition shape not fully confirmed; preserve first-degree record"
"MVDM-FIRST-REBASELINED-001212"	"com_do_inb"	"softpc.new/base/comms/com.c"	"64ea04370f3e5295b9cdc88d34d3badc03b68ec33ce23715c58a29085ba1e4b3"	"2939"	"conv_com_reg"	"O:\repos.external\OpenNT\base\mvdm|softpc.new/base/comms/com.c|64ea04370f3e5295b9cdc88d34d3badc03b68ec33ce23715c58a29085ba1e4b3|2920"	"1"	"unresolved"	"1"	"same-translation-unit original definition"	"ifndef:PROD"	"ifndef:PROD"	"source call/declaration/definition arity confirmed; retain conditional contexts for profile binding and admit zero-degree closure rebase"
"MVDM-FIRST-REBASELINED-001214"	"com_do_outb"	"softpc.new/base/comms/com.c"	"64ea04370f3e5295b9cdc88d34d3badc03b68ec33ce23715c58a29085ba1e4b3"	"2957"	"conv_com_reg"	"O:\repos.external\OpenNT\base\mvdm|softpc.new/base/comms/com.c|64ea04370f3e5295b9cdc88d34d3badc03b68ec33ce23715c58a29085ba1e4b3|2920"	"1"	"unresolved"	"1"	"same-translation-unit original definition"	"ifndef:PROD"	"ifndef:PROD"	"source call/declaration/definition arity confirmed; retain conditional contexts for profile binding and admit zero-degree closure rebase"
"MVDM-FIRST-REBASELINED-001219"	"com_run_file"	"softpc.new/base/comms/com.c"	"64ea04370f3e5295b9cdc88d34d3badc03b68ec33ce23715c58a29085ba1e4b3"	"3000"	"conv_com_reg"	"O:\repos.external\OpenNT\base\mvdm|softpc.new/base/comms/com.c|64ea04370f3e5295b9cdc88d34d3badc03b68ec33ce23715c58a29085ba1e4b3|2920"	"1"	"unresolved"	"1"	"same-translation-unit original definition"	"ifndef:PROD"	"ifndef:PROD"	"source call/declaration/definition arity confirmed; retain conditional contexts for profile binding and admit zero-degree closure rebase"
"MVDM-FIRST-REBASELINED-001224"	"com_p_rx"	"softpc.new/base/comms/com.c"	"64ea04370f3e5295b9cdc88d34d3badc03b68ec33ce23715c58a29085ba1e4b3"	"3098"	"psaved"	"O:\repos.external\OpenNT\base\mvdm|softpc.new/base/comms/com.c|64ea04370f3e5295b9cdc88d34d3badc03b68ec33ce23715c58a29085ba1e4b3|3135"	"2"	"unresolved"	"2"	"same-translation-unit original definition"	"ifndef:PROD"	"ifndef:PROD"	"source call/declaration/definition arity confirmed; retain conditional contexts for profile binding and admit zero-degree closure rebase"
"MVDM-FIRST-REBASELINED-001225"	"com_p_tx"	"softpc.new/base/comms/com.c"	"64ea04370f3e5295b9cdc88d34d3badc03b68ec33ce23715c58a29085ba1e4b3"	"3106"	"psaved"	"O:\repos.external\OpenNT\base\mvdm|softpc.new/base/comms/com.c|64ea04370f3e5295b9cdc88d34d3badc03b68ec33ce23715c58a29085ba1e4b3|3135"	"2"	"unresolved"	"2"	"same-translation-unit original definition"	"ifndef:PROD"	"ifndef:PROD"	"source call/declaration/definition arity confirmed; retain conditional contexts for profile binding and admit zero-degree closure rebase"
"MVDM-FIRST-REBASELINED-001226"	"com_p_all"	"softpc.new/base/comms/com.c"	"64ea04370f3e5295b9cdc88d34d3badc03b68ec33ce23715c58a29085ba1e4b3"	"3113"	"psaved"	"O:\repos.external\OpenNT\base\mvdm|softpc.new/base/comms/com.c|64ea04370f3e5295b9cdc88d34d3badc03b68ec33ce23715c58a29085ba1e4b3|3135"	"2"	"unresolved"	"2"	"same-translation-unit original definition"	"ifndef:PROD"	"ifndef:PROD"	"source call/declaration/definition arity confirmed; retain conditional contexts for profile binding and admit zero-degree closure rebase"
"MVDM-FIRST-REBASELINED-001227"	"com_d_all"	"softpc.new/base/comms/com.c"	"64ea04370f3e5295b9cdc88d34d3badc03b68ec33ce23715c58a29085ba1e4b3"	"3128"	"psaved"	"O:\repos.external\OpenNT\base\mvdm|softpc.new/base/comms/com.c|64ea04370f3e5295b9cdc88d34d3badc03b68ec33ce23715c58a29085ba1e4b3|3135"	"2"	"unresolved"	"2"	"same-translation-unit original definition"	"ifndef:PROD"	"ifndef:PROD"	"source call/declaration/definition arity confirmed; retain conditional contexts for profile binding and admit zero-degree closure rebase"
"MVDM-FIRST-REBASELINED-001230"	"printer_init"	"softpc.new/base/comms/printer.c"	"b1456dcbc0dc6b4d1fd5d101bfaa6bdc9a4cd5d970c14215f3ae62a173f17ccb"	"683"	"io_define_inb"	"O:\repos.external\OpenNT\base\mvdm|softpc.new/base/support/ios.c|e4f39908ff9534adde52e46def732a93790ac48f2bb481590622c537c2f3b205|692"	"2"	"unresolved"	"2"	"unresolved"	"ifdef:PRINTER"	"ifdef:ANSI"	"call/declaration/definition shape not fully confirmed; preserve first-degree record"
"MVDM-FIRST-REBASELINED-005726"	"pig_yoda"	"softpc.new/base/debug/pigyoda.c"	"ede413a201fc0d4115b5bb0cd50aad3dd34d93a61dc734df49bfd464132ee7f2"	"345"	"tokenise_pig_cmd"	"O:\repos.external\OpenNT\base\mvdm|softpc.new/base/debug/pigyoda.c|ede413a201fc0d4115b5bb0cd50aad3dd34d93a61dc734df49bfd464132ee7f2|301"	"5"	"unresolved"	"5"	"same-translation-unit original definition"	"ifdef:PIG"	"ifdef:PIG"	"source call/declaration/definition arity confirmed; retain conditional contexts for profile binding and admit zero-degree closure rebase"
"MVDM-FIRST-REBASELINED-005727"	"pig_yoda"	"softpc.new/base/debug/pigyoda.c"	"ede413a201fc0d4115b5bb0cd50aad3dd34d93a61dc734df49bfd464132ee7f2"	"346"	"searchCommandTable"	"O:\repos.external\OpenNT\base\mvdm|softpc.new/base/debug/pigyoda.c|ede413a201fc0d4115b5bb0cd50aad3dd34d93a61dc734df49bfd464132ee7f2|313"	"1"	"unresolved"	"1"	"same-translation-unit original definition"	"ifdef:PIG"	"ifdef:PIG"	"source call/declaration/definition arity confirmed; retain conditional contexts for profile binding and admit zero-degree closure rebase"
"MVDM-FIRST-REBASELINED-005864"	"YODA_COMMAND"	"softpc.new/base/debug/yoda.c"	"444f1350d7c50b270652d7b062a375536e327952ebb5ba83937fba090db3c817"	"4434"	"idle_ctl"	"O:\repos.external\OpenNT\base\mvdm|softpc.new/base/system/idetect.c|b93eb0784830446b53eeadb4b4f2dc5506787cd5313b313ecfc1ec14c5b7d160|490"	"unresolved"	"0;1;0;1"	"1"	"unresolved"	"unresolved-call-form"	"unconditional"	"call/declaration/definition shape not fully confirmed; preserve first-degree record"
"MVDM-FIRST-REBASELINED-005866"	"YODA_COMMAND"	"softpc.new/base/debug/yoda.c"	"444f1350d7c50b270652d7b062a375536e327952ebb5ba83937fba090db3c817"	"4440"	"idle_ctl"	"O:\repos.external\OpenNT\base\mvdm|softpc.new/base/system/idetect.c|b93eb0784830446b53eeadb4b4f2dc5506787cd5313b313ecfc1ec14c5b7d160|490"	"unresolved"	"0;1;0;1"	"1"	"unresolved"	"unresolved-call-form"	"unconditional"	"call/declaration/definition shape not fully confirmed; preserve first-degree record"
"MVDM-FIRST-REBASELINED-005934"	"check_I"	"softpc.new/base/debug/yoda.c"	"444f1350d7c50b270652d7b062a375536e327952ebb5ba83937fba090db3c817"	"7606"	"btrace"	"O:\repos.external\OpenNT\base\mvdm|softpc.new/base/debug/btrace.c|5a19a8cf73bd5c06c47bf3292189c8989bc970933bb4968336580f4be0028e3f|96"	"unresolved"	"unresolved"	"1"	"unresolved"	"unresolved-call-form"	"ifndef:PROD"	"call/declaration/definition shape not fully confirmed; preserve first-degree record"
"MVDM-FIRST-REBASELINED-005939"	"do_back_trace"	"softpc.new/base/debug/yoda.c"	"444f1350d7c50b270652d7b062a375536e327952ebb5ba83937fba090db3c817"	"8213"	"file_back_trace"	"O:\repos.external\OpenNT\base\mvdm|softpc.new/base/debug/btrace.c|5a19a8cf73bd5c06c47bf3292189c8989bc970933bb4968336580f4be0028e3f|58"	"unresolved"	"1;0;1;0"	"1"	"unresolved"	"unresolved-call-form"	"ifndef:PROD"	"call/declaration/definition shape not fully confirmed; preserve first-degree record"
"MVDM-FIRST-REBASELINED-005949"	"disk_reset"	"softpc.new/base/disks/diskbios.c"	"d05908d6199675e65ebcf0f2b2c864169e80276639fb8de25b007c5e66751cdc"	"745"	"host_fdisk_seek0"	"O:\repos.external\OpenNT\base\mvdm|softpc.new/host/src/nt_fdisk.c|f4cca0215e2ff4f49113fe95a26529854b712e096af1c3cc54536061808c4867|150"	"1"	"unresolved"	"1"	"unresolved"	"unconditional"	"unconditional"	"call/declaration/definition shape not fully confirmed; preserve first-degree record"
"MVDM-FIRST-REBASELINED-005950"	"disk_read"	"softpc.new/base/disks/diskbios.c"	"d05908d6199675e65ebcf0f2b2c864169e80276639fb8de25b007c5e66751cdc"	"800"	"host_fdisk_rd"	"O:\repos.external\OpenNT\base\mvdm|softpc.new/host/src/nt_fdisk.c|f4cca0215e2ff4f49113fe95a26529854b712e096af1c3cc54536061808c4867|162"	"4"	"unresolved"	"4"	"unresolved"	"unconditional"	"unconditional"	"call/declaration/definition shape not fully confirmed; preserve first-degree record"
"MVDM-FIRST-REBASELINED-005951"	"disk_write"	"softpc.new/base/disks/diskbios.c"	"d05908d6199675e65ebcf0f2b2c864169e80276639fb8de25b007c5e66751cdc"	"852"	"host_fdisk_wt"	"O:\repos.external\OpenNT\base\mvdm|softpc.new/host/src/nt_fdisk.c|f4cca0215e2ff4f49113fe95a26529854b712e096af1c3cc54536061808c4867|168"	"4"	"unresolved"	"4"	"unresolved"	"unconditional"	"unconditional"	"call/declaration/definition shape not fully confirmed; preserve first-degree record"
"MVDM-FIRST-REBASELINED-005952"	"recalibrate"	"softpc.new/base/disks/diskbios.c"	"d05908d6199675e65ebcf0f2b2c864169e80276639fb8de25b007c5e66751cdc"	"1011"	"host_fdisk_seek0"	"O:\repos.external\OpenNT\base\mvdm|softpc.new/host/src/nt_fdisk.c|f4cca0215e2ff4f49113fe95a26529854b712e096af1c3cc54536061808c4867|150"	"1"	"unresolved"	"1"	"unresolved"	"unconditional"	"unconditional"	"call/declaration/definition shape not fully confirmed; preserve first-degree record"
"MVDM-FIRST-REBASELINED-005953"	"wdctrl_bop"	"softpc.new/base/disks/diskbios.c"	"d05908d6199675e65ebcf0f2b2c864169e80276639fb8de25b007c5e66751cdc"	"1350"	"host_fdisk_rd"	"O:\repos.external\OpenNT\base\mvdm|softpc.new/host/src/nt_fdisk.c|f4cca0215e2ff4f49113fe95a26529854b712e096af1c3cc54536061808c4867|162"	"4"	"unresolved"	"4"	"unresolved"	"ifdef:WDCTRL_BOP"	"unconditional"	"call/declaration/definition shape not fully confirmed; preserve first-degree record"
"MVDM-FIRST-REBASELINED-005954"	"wdctrl_bop"	"softpc.new/base/disks/diskbios.c"	"d05908d6199675e65ebcf0f2b2c864169e80276639fb8de25b007c5e66751cdc"	"1361"	"host_fdisk_wt"	"O:\repos.external\OpenNT\base\mvdm|softpc.new/host/src/nt_fdisk.c|f4cca0215e2ff4f49113fe95a26529854b712e096af1c3cc54536061808c4867|168"	"4"	"unresolved"	"4"	"unresolved"	"ifdef:WDCTRL_BOP"	"unconditional"	"call/declaration/definition shape not fully confirmed; preserve first-degree record"
"MVDM-FIRST-REBASELINED-005955"	"wdctrl_bop"	"softpc.new/base/disks/diskbios.c"	"d05908d6199675e65ebcf0f2b2c864169e80276639fb8de25b007c5e66751cdc"	"1407"	"host_fdisk_rd"	"O:\repos.external\OpenNT\base\mvdm|softpc.new/host/src/nt_fdisk.c|f4cca0215e2ff4f49113fe95a26529854b712e096af1c3cc54536061808c4867|162"	"4"	"unresolved"	"4"	"unresolved"	"ifdef:WDCTRL_BOP"	"unconditional"	"call/declaration/definition shape not fully confirmed; preserve first-degree record"
"MVDM-FIRST-REBASELINED-005956"	"disktobuffer"	"softpc.new/base/disks/fdisk.c"	"f95a9a26a9ef201e9552f2459a6ba85080e17fb8ccae3fb6280c63eb2fa78607"	"1432"	"host_fdisk_rd"	"O:\repos.external\OpenNT\base\mvdm|softpc.new/host/src/nt_fdisk.c|f4cca0215e2ff4f49113fe95a26529854b712e096af1c3cc54536061808c4867|162"	"4"	"unresolved"	"4"	"unresolved"	"unconditional"	"unconditional"	"call/declaration/definition shape not fully confirmed; preserve first-degree record"
"MVDM-FIRST-REBASELINED-005957"	"buffertodisk"	"softpc.new/base/disks/fdisk.c"	"f95a9a26a9ef201e9552f2459a6ba85080e17fb8ccae3fb6280c63eb2fa78607"	"1449"	"host_fdisk_wt"	"O:\repos.external\OpenNT\base\mvdm|softpc.new/host/src/nt_fdisk.c|f4cca0215e2ff4f49113fe95a26529854b712e096af1c3cc54536061808c4867|168"	"4"	"unresolved"	"4"	"unresolved"	"unconditional"	"unconditional"	"call/declaration/definition shape not fully confirmed; preserve first-degree record"
"MVDM-FIRST-REBASELINED-005967"	"fdisk_physattach"	"softpc.new/base/disks/fdisk.c"	"f95a9a26a9ef201e9552f2459a6ba85080e17fb8ccae3fb6280c63eb2fa78607"	"1826"	"host_fdisk_get_params"	"O:\repos.external\OpenNT\base\mvdm|softpc.new/host/src/nt_fdisk.c|f4cca0215e2ff4f49113fe95a26529854b712e096af1c3cc54536061808c4867|140"	"4"	"unresolved"	"4"	"unresolved"	"unconditional"	"unconditional"	"call/declaration/definition shape not fully confirmed; preserve first-degree record"
"MVDM-FIRST-REBASELINED-005969"	"fdisk_reset"	"softpc.new/base/disks/fdisk.c"	"f95a9a26a9ef201e9552f2459a6ba85080e17fb8ccae3fb6280c63eb2fa78607"	"1886"	"host_fdisk_seek0"	"O:\repos.external\OpenNT\base\mvdm|softpc.new/host/src/nt_fdisk.c|f4cca0215e2ff4f49113fe95a26529854b712e096af1c3cc54536061808c4867|150"	"1"	"unresolved"	"1"	"unresolved"	"unconditional"	"unconditional"	"call/declaration/definition shape not fully confirmed; preserve first-degree record"
"MVDM-FIRST-REBASELINED-005970"	"fdisk_reset"	"softpc.new/base/disks/fdisk.c"	"f95a9a26a9ef201e9552f2459a6ba85080e17fb8ccae3fb6280c63eb2fa78607"	"1895"	"host_fdisk_seek0"	"O:\repos.external\OpenNT\base\mvdm|softpc.new/host/src/nt_fdisk.c|f4cca0215e2ff4f49113fe95a26529854b712e096af1c3cc54536061808c4867|150"	"1"	"unresolved"	"1"	"unresolved"	"unconditional"	"unconditional"	"call/declaration/definition shape not fully confirmed; preserve first-degree record"
"MVDM-FIRST-REBASELINED-005971"	"fla_init"	"softpc.new/base/disks/fla.c"	"b8c5f0420eac7f14f662799b995b37e86d14dc252271b7bf4ae309ba6650fb5d"	"1151"	"io_define_inb"	"O:\repos.external\OpenNT\base\mvdm|softpc.new/base/support/ios.c|e4f39908ff9534adde52e46def732a93790ac48f2bb481590622c537c2f3b205|692"	"2"	"unresolved"	"2"	"unresolved"	"unconditional"	"ifdef:ANSI"	"call/declaration/definition shape not fully confirmed; preserve first-degree record"
"MVDM-FIRST-REBASELINED-005975"	"cmos_type"	"softpc.new/base/disks/floppy.c"	"35efd26857a3f5c7960b0890a6ec3fd778dfde7dc8e74959fd3a8e3d41db424c"	"2412"	"cmos_read"	"O:\repos.external\OpenNT\base\mvdm|softpc.new/base/bios/cmos_bis.c|e3b6710db5887ef77c5a38c881ebb4eeff2575db65e86a3468258aaa9293e1bd|143"	"1"	"0;0"	"1"	"unresolved"	"unconditional"	"unconditional"	"call/declaration/definition shape not fully confirmed; preserve first-degree record"
"MVDM-FIRST-REBASELINED-005976"	"cmos_type"	"softpc.new/base/disks/floppy.c"	"35efd26857a3f5c7960b0890a6ec3fd778dfde7dc8e74959fd3a8e3d41db424c"	"2422"	"cmos_read"	"O:\repos.external\OpenNT\base\mvdm|softpc.new/base/bios/cmos_bis.c|e3b6710db5887ef77c5a38c881ebb4eeff2575db65e86a3468258aaa9293e1bd|143"	"1"	"0;0"	"1"	"unresolved"	"unconditional"	"unconditional"	"call/declaration/definition shape not fully confirmed; preserve first-degree record"
"MVDM-FIRST-REBASELINED-005978"	"gfi_slave_change"	"softpc.new/base/disks/gfi_sflp.c"	"396c621a6c6abf135fdec730a0be91c8bc5582de51687ed006ca5df97d354dc5"	"149"	"logout"	"O:\repos.external\OpenNT\base\mvdm|softpc.new/base/disks/gfi_ibm.c|234d4fdac97c117a01ee642242dbab691e6809d0a3d25e63df4604d5fbbd955f|166"	"1"	"unresolved"	"1"	"unresolved"	"ifdef:SLAVEPC"	"ifdef:SLAVEPC"	"call/declaration/definition shape not fully confirmed; preserve first-degree record"
"MVDM-FIRST-REBASELINED-005982"	"gfi_slave_active"	"softpc.new/base/disks/gfi_sflp.c"	"396c621a6c6abf135fdec730a0be91c8bc5582de51687ed006ca5df97d354dc5"	"198"	"login"	"O:\repos.external\OpenNT\base\mvdm|softpc.new/base/disks/gfi_ibm.c|234d4fdac97c117a01ee642242dbab691e6809d0a3d25e63df4604d5fbbd955f|148"	"1"	"unresolved"	"1"	"unresolved"	"ifdef:SLAVEPC"	"ifdef:SLAVEPC"	"call/declaration/definition shape not fully confirmed; preserve first-degree record"
"MVDM-FIRST-REBASELINED-005985"	"gfi_slave_active"	"softpc.new/base/disks/gfi_sflp.c"	"396c621a6c6abf135fdec730a0be91c8bc5582de51687ed006ca5df97d354dc5"	"240"	"logout"	"O:\repos.external\OpenNT\base\mvdm|softpc.new/base/disks/gfi_ibm.c|234d4fdac97c117a01ee642242dbab691e6809d0a3d25e63df4604d5fbbd955f|166"	"1"	"unresolved"	"1"	"unresolved"	"ifdef:SLAVEPC"	"ifdef:SLAVEPC"	"call/declaration/definition shape not fully confirmed; preserve first-degree record"
"MVDM-FIRST-REBASELINED-005987"	"gfi_slave_drive_on"	"softpc.new/base/disks/gfi_sflp.c"	"396c621a6c6abf135fdec730a0be91c8bc5582de51687ed006ca5df97d354dc5"	"281"	"wt_digital_output_register"	"O:\repos.external\OpenNT\base\mvdm|softpc.new/base/disks/gfi_ibm.c|234d4fdac97c117a01ee642242dbab691e6809d0a3d25e63df4604d5fbbd955f|222"	"3"	"unresolved"	"3"	"unresolved"	"ifdef:SLAVEPC"	"ifdef:SLAVEPC"	"call/declaration/definition shape not fully confirmed; preserve first-degree record"
"MVDM-FIRST-REBASELINED-005988"	"gfi_slave_drive_on"	"softpc.new/base/disks/gfi_sflp.c"	"396c621a6c6abf135fdec730a0be91c8bc5582de51687ed006ca5df97d354dc5"	"283"	"wt_digital_output_register"	"O:\repos.external\OpenNT\base\mvdm|softpc.new/base/disks/gfi_ibm.c|234d4fdac97c117a01ee642242dbab691e6809d0a3d25e63df4604d5fbbd955f|222"	"3"	"unresolved"	"3"	"unresolved"	"ifdef:SLAVEPC"	"ifdef:SLAVEPC"	"call/declaration/definition shape not fully confirmed; preserve first-degree record"
"MVDM-FIRST-REBASELINED-005989"	"gfi_slave_drive_off"	"softpc.new/base/disks/gfi_sflp.c"	"396c621a6c6abf135fdec730a0be91c8bc5582de51687ed006ca5df97d354dc5"	"311"	"wt_digital_output_register"	"O:\repos.external\OpenNT\base\mvdm|softpc.new/base/disks/gfi_ibm.c|234d4fdac97c117a01ee642242dbab691e6809d0a3d25e63df4604d5fbbd955f|222"	"3"	"unresolved"	"3"	"unresolved"	"ifdef:SLAVEPC"	"ifdef:SLAVEPC"	"call/declaration/definition shape not fully confirmed; preserve first-degree record"
"MVDM-FIRST-REBASELINED-005990"	"gfi_slave_drive_off"	"softpc.new/base/disks/gfi_sflp.c"	"396c621a6c6abf135fdec730a0be91c8bc5582de51687ed006ca5df97d354dc5"	"313"	"wt_digital_output_register"	"O:\repos.external\OpenNT\base\mvdm|softpc.new/base/disks/gfi_ibm.c|234d4fdac97c117a01ee642242dbab691e6809d0a3d25e63df4604d5fbbd955f|222"	"3"	"unresolved"	"3"	"unresolved"	"ifdef:SLAVEPC"	"ifdef:SLAVEPC"	"call/declaration/definition shape not fully confirmed; preserve first-degree record"
"MVDM-FIRST-REBASELINED-005991"	"gfi_slave_high"	"softpc.new/base/disks/gfi_sflp.c"	"396c621a6c6abf135fdec730a0be91c8bc5582de51687ed006ca5df97d354dc5"	"333"	"datarate"	"O:\repos.external\OpenNT\base\mvdm|softpc.new/base/disks/gfi_ibm.c|234d4fdac97c117a01ee642242dbab691e6809d0a3d25e63df4604d5fbbd955f|67"	"2"	"unresolved"	"2"	"unresolved"	"ifdef:SLAVEPC"	"ifdef:SLAVEPC"	"call/declaration/definition shape not fully confirmed; preserve first-degree record"
"MVDM-FIRST-REBASELINED-005992"	"gfi_slave_high"	"softpc.new/base/disks/gfi_sflp.c"	"396c621a6c6abf135fdec730a0be91c8bc5582de51687ed006ca5df97d354dc5"	"334"	"datarate"	"O:\repos.external\OpenNT\base\mvdm|softpc.new/base/disks/gfi_ibm.c|234d4fdac97c117a01ee642242dbab691e6809d0a3d25e63df4604d5fbbd955f|67"	"2"	"unresolved"	"2"	"unresolved"	"ifdef:SLAVEPC"	"ifdef:SLAVEPC"	"call/declaration/definition shape not fully confirmed; preserve first-degree record"
"MVDM-FIRST-REBASELINED-005993"	"gfi_slave_high"	"softpc.new/base/disks/gfi_sflp.c"	"396c621a6c6abf135fdec730a0be91c8bc5582de51687ed006ca5df97d354dc5"	"335"	"datarate"	"O:\repos.external\OpenNT\base\mvdm|softpc.new/base/disks/gfi_ibm.c|234d4fdac97c117a01ee642242dbab691e6809d0a3d25e63df4604d5fbbd955f|67"	"2"	"unresolved"	"2"	"unresolved"	"ifdef:SLAVEPC"	"ifdef:SLAVEPC"	"call/declaration/definition shape not fully confirmed; preserve first-degree record"
"MVDM-FIRST-REBASELINED-005994"	"gfi_slave_drive_type"	"softpc.new/base/disks/gfi_sflp.c"	"396c621a6c6abf135fdec730a0be91c8bc5582de51687ed006ca5df97d354dc5"	"365"	"drivetype"	"O:\repos.external\OpenNT\base\mvdm|softpc.new/base/disks/gfi_ibm.c|234d4fdac97c117a01ee642242dbab691e6809d0a3d25e63df4604d5fbbd955f|88"	"3"	"unresolved"	"3"	"unresolved"	"ifdef:SLAVEPC"	"ifdef:SLAVEPC"	"call/declaration/definition shape not fully confirmed; preserve first-degree record"
"MVDM-FIRST-REBASELINED-005995"	"gfi_slave_change_line"	"softpc.new/base/disks/gfi_sflp.c"	"396c621a6c6abf135fdec730a0be91c8bc5582de51687ed006ca5df97d354dc5"	"408"	"diskchange"	"O:\repos.external\OpenNT\base\mvdm|softpc.new/base/disks/gfi_ibm.c|234d4fdac97c117a01ee642242dbab691e6809d0a3d25e63df4604d5fbbd955f|112"	"3"	"unresolved"	"3"	"unresolved"	"ifdef:SLAVEPC"	"ifdef:SLAVEPC"	"call/declaration/definition shape not fully confirmed; preserve first-degree record"
"MVDM-FIRST-REBASELINED-005996"	"gfi_slave_reset"	"softpc.new/base/disks/gfi_sflp.c"	"396c621a6c6abf135fdec730a0be91c8bc5582de51687ed006ca5df97d354dc5"	"447"	"clrintflag"	"O:\repos.external\OpenNT\base\mvdm|softpc.new/base/disks/gfi_ibm.c|234d4fdac97c117a01ee642242dbab691e6809d0a3d25e63df4604d5fbbd955f|130"	"1"	"unresolved"	"1"	"unresolved"	"ifdef:SLAVEPC"	"ifdef:SLAVEPC"	"call/declaration/definition shape not fully confirmed; preserve first-degree record"
"MVDM-FIRST-REBASELINED-005997"	"gfi_slave_reset"	"softpc.new/base/disks/gfi_sflp.c"	"396c621a6c6abf135fdec730a0be91c8bc5582de51687ed006ca5df97d354dc5"	"450"	"wt_digital_output_register"	"O:\repos.external\OpenNT\base\mvdm|softpc.new/base/disks/gfi_ibm.c|234d4fdac97c117a01ee642242dbab691e6809d0a3d25e63df4604d5fbbd955f|222"	"3"	"unresolved"	"3"	"unresolved"	"ifdef:SLAVEPC"	"ifdef:SLAVEPC"	"call/declaration/definition shape not fully confirmed; preserve first-degree record"
"MVDM-FIRST-REBASELINED-005998"	"gfi_slave_reset"	"softpc.new/base/disks/gfi_sflp.c"	"396c621a6c6abf135fdec730a0be91c8bc5582de51687ed006ca5df97d354dc5"	"454"	"wt_digital_output_register"	"O:\repos.external\OpenNT\base\mvdm|softpc.new/base/disks/gfi_ibm.c|234d4fdac97c117a01ee642242dbab691e6809d0a3d25e63df4604d5fbbd955f|222"	"3"	"unresolved"	"3"	"unresolved"	"ifdef:SLAVEPC"	"ifdef:SLAVEPC"	"call/declaration/definition shape not fully confirmed; preserve first-degree record"
"MVDM-FIRST-REBASELINED-005999"	"gfi_slave_reset"	"softpc.new/base/disks/gfi_sflp.c"	"396c621a6c6abf135fdec730a0be91c8bc5582de51687ed006ca5df97d354dc5"	"458"	"wt_floppy_disk_controller"	"O:\repos.external\OpenNT\base\mvdm|softpc.new/base/disks/gfi_ibm.c|234d4fdac97c117a01ee642242dbab691e6809d0a3d25e63df4604d5fbbd955f|263"	"5"	"unresolved"	"5"	"unresolved"	"ifdef:SLAVEPC"	"ifdef:SLAVEPC"	"call/declaration/definition shape not fully confirmed; preserve first-degree record"
"MVDM-FIRST-REBASELINED-006000"	"gfi_slave_reset"	"softpc.new/base/disks/gfi_sflp.c"	"396c621a6c6abf135fdec730a0be91c8bc5582de51687ed006ca5df97d354dc5"	"461"	"rd_floppy_disk_controller"	"O:\repos.external\OpenNT\base\mvdm|softpc.new/base/disks/gfi_ibm.c|234d4fdac97c117a01ee642242dbab691e6809d0a3d25e63df4604d5fbbd955f|304"	"3"	"unresolved"	"3"	"unresolved"	"ifdef:SLAVEPC"	"ifdef:SLAVEPC"	"call/declaration/definition shape not fully confirmed; preserve first-degree record"
"MVDM-FIRST-REBASELINED-006001"	"gfi_slave_command"	"softpc.new/base/disks/gfi_sflp.c"	"396c621a6c6abf135fdec730a0be91c8bc5582de51687ed006ca5df97d354dc5"	"561"	"wt_dma_controller"	"O:\repos.external\OpenNT\base\mvdm|softpc.new/base/disks/gfi_ibm.c|234d4fdac97c117a01ee642242dbab691e6809d0a3d25e63df4604d5fbbd955f|185"	"3"	"unresolved"	"3"	"unresolved"	"ifdef:SLAVEPC"	"ifdef:SLAVEPC"	"call/declaration/definition shape not fully confirmed; preserve first-degree record"
"MVDM-FIRST-REBASELINED-006002"	"gfi_slave_command"	"softpc.new/base/disks/gfi_sflp.c"	"396c621a6c6abf135fdec730a0be91c8bc5582de51687ed006ca5df97d354dc5"	"578"	"clrintflag"	"O:\repos.external\OpenNT\base\mvdm|softpc.new/base/disks/gfi_ibm.c|234d4fdac97c117a01ee642242dbab691e6809d0a3d25e63df4604d5fbbd955f|130"	"1"	"unresolved"	"1"	"unresolved"	"ifdef:SLAVEPC"	"ifdef:SLAVEPC"	"call/declaration/definition shape not fully confirmed; preserve first-degree record"
"MVDM-FIRST-REBASELINED-006003"	"gfi_slave_command"	"softpc.new/base/disks/gfi_sflp.c"	"396c621a6c6abf135fdec730a0be91c8bc5582de51687ed006ca5df97d354dc5"	"584"	"wt_floppy_disk_controller"	"O:\repos.external\OpenNT\base\mvdm|softpc.new/base/disks/gfi_ibm.c|234d4fdac97c117a01ee642242dbab691e6809d0a3d25e63df4604d5fbbd955f|263"	"5"	"unresolved"	"5"	"unresolved"	"ifdef:SLAVEPC"	"ifdef:SLAVEPC"	"call/declaration/definition shape not fully confirmed; preserve first-degree record"
"MVDM-FIRST-REBASELINED-006004"	"gfi_slave_command"	"softpc.new/base/disks/gfi_sflp.c"	"396c621a6c6abf135fdec730a0be91c8bc5582de51687ed006ca5df97d354dc5"	"603"	"wt_floppy_disk_controller"	"O:\repos.external\OpenNT\base\mvdm|softpc.new/base/disks/gfi_ibm.c|234d4fdac97c117a01ee642242dbab691e6809d0a3d25e63df4604d5fbbd955f|263"	"5"	"unresolved"	"5"	"unresolved"	"ifdef:SLAVEPC"	"ifdef:SLAVEPC"	"call/declaration/definition shape not fully confirmed; preserve first-degree record"
"MVDM-FIRST-REBASELINED-006005"	"gfi_slave_command"	"softpc.new/base/disks/gfi_sflp.c"	"396c621a6c6abf135fdec730a0be91c8bc5582de51687ed006ca5df97d354dc5"	"629"	"rd_floppy_disk_controller"	"O:\repos.external\OpenNT\base\mvdm|softpc.new/base/disks/gfi_ibm.c|234d4fdac97c117a01ee642242dbab691e6809d0a3d25e63df4604d5fbbd955f|304"	"3"	"unresolved"	"3"	"unresolved"	"ifdef:SLAVEPC"	"ifdef:SLAVEPC"	"call/declaration/definition shape not fully confirmed; preserve first-degree record"
"MVDM-FIRST-REBASELINED-006006"	"gfi_slave_command"	"softpc.new/base/disks/gfi_sflp.c"	"396c621a6c6abf135fdec730a0be91c8bc5582de51687ed006ca5df97d354dc5"	"660"	"rd_diskdata"	"O:\repos.external\OpenNT\base\mvdm|softpc.new/base/disks/gfi_sflp.c|396c621a6c6abf135fdec730a0be91c8bc5582de51687ed006ca5df97d354dc5|718"	"2"	"unresolved"	"2"	"same-translation-unit original definition"	"ifdef:SLAVEPC"	"ifdef:SLAVEPC"	"source call/declaration/definition arity confirmed; retain conditional contexts for profile binding and admit zero-degree closure rebase"
"MVDM-FIRST-REBASELINED-006007"	"wt_diskdata"	"softpc.new/base/disks/gfi_sflp.c"	"396c621a6c6abf135fdec730a0be91c8bc5582de51687ed006ca5df97d354dc5"	"701"	"wt_disk_buffer"	"O:\repos.external\OpenNT\base\mvdm|softpc.new/base/disks/gfi_ibm.c|234d4fdac97c117a01ee642242dbab691e6809d0a3d25e63df4604d5fbbd955f|348"	"4"	"unresolved"	"4"	"unresolved"	"ifdef:SLAVEPC"	"ifdef:SLAVEPC"	"call/declaration/definition shape not fully confirmed; preserve first-degree record"
"MVDM-FIRST-REBASELINED-006008"	"gfi_fdc_command"	"softpc.new/base/disks/gfi.c"	"0b332182c606cfef8b0788b50866b9e13acd389445a52f60f3cb65caf8f916e6"	"157"	"gfi_test_command"	"O:\repos.external\OpenNT\base\mvdm|softpc.new/base/disks/gfi_test.c|cfba520508d5e274ac23d471af6656b7bc41af1a8b0606b3b7020570ab2e2210|74"	"2"	"unresolved"	"2"	"unresolved"	"ifndef:PROD"	"ifndef:PROD"	"call/declaration/definition shape not fully confirmed; preserve first-degree record"
"MVDM-FIRST-REBASELINED-006009"	"gfi_drive_on"	"softpc.new/base/disks/gfi.c"	"0b332182c606cfef8b0788b50866b9e13acd389445a52f60f3cb65caf8f916e6"	"189"	"gfi_test_drive_on"	"O:\repos.external\OpenNT\base\mvdm|softpc.new/base/disks/gfi_test.c|cfba520508d5e274ac23d471af6656b7bc41af1a8b0606b3b7020570ab2e2210|151"	"1"	"unresolved"	"1"	"unresolved"	"ifndef:PROD"	"ifndef:PROD"	"call/declaration/definition shape not fully confirmed; preserve first-degree record"
"MVDM-FIRST-REBASELINED-006010"	"gfi_drive_off"	"softpc.new/base/disks/gfi.c"	"0b332182c606cfef8b0788b50866b9e13acd389445a52f60f3cb65caf8f916e6"	"203"	"gfi_test_drive_off"	"O:\repos.external\OpenNT\base\mvdm|softpc.new/base/disks/gfi_test.c|cfba520508d5e274ac23d471af6656b7bc41af1a8b0606b3b7020570ab2e2210|159"	"1"	"unresolved"	"1"	"unresolved"	"ifndef:PROD"	"ifndef:PROD"	"call/declaration/definition shape not fully confirmed; preserve first-degree record"
"MVDM-FIRST-REBASELINED-006011"	"gfi_reset"	"softpc.new/base/disks/gfi.c"	"0b332182c606cfef8b0788b50866b9e13acd389445a52f60f3cb65caf8f916e6"	"222"	"gfi_test_reset"	"O:\repos.external\OpenNT\base\mvdm|softpc.new/base/disks/gfi_test.c|cfba520508d5e274ac23d471af6656b7bc41af1a8b0606b3b7020570ab2e2210|191"	"1"	"unresolved"	"1"	"unresolved"	"ifndef:PROD"	"ifndef:PROD"	"call/declaration/definition shape not fully confirmed; preserve first-degree record"
"MVDM-FIRST-REBASELINED-006012"	"gfi_high"	"softpc.new/base/disks/gfi.c"	"0b332182c606cfef8b0788b50866b9e13acd389445a52f60f3cb65caf8f916e6"	"250"	"gfi_test_high"	"O:\repos.external\OpenNT\base\mvdm|softpc.new/base/disks/gfi_test.c|cfba520508d5e274ac23d471af6656b7bc41af1a8b0606b3b7020570ab2e2210|167"	"1"	"unresolved"	"1"	"unresolved"	"ifndef:PROD"	"ifndef:PROD"	"call/declaration/definition shape not fully confirmed; preserve first-degree record"
"MVDM-FIRST-REBASELINED-006013"	"gfi_drive_type"	"softpc.new/base/disks/gfi.c"	"0b332182c606cfef8b0788b50866b9e13acd389445a52f60f3cb65caf8f916e6"	"265"	"gfi_test_drive_type"	"O:\repos.external\OpenNT\base\mvdm|softpc.new/base/disks/gfi_test.c|cfba520508d5e274ac23d471af6656b7bc41af1a8b0606b3b7020570ab2e2210|175"	"1"	"unresolved"	"1"	"unresolved"	"ifndef:PROD"	"ifndef:PROD"	"call/declaration/definition shape not fully confirmed; preserve first-degree record"
"MVDM-FIRST-REBASELINED-006014"	"gfi_change"	"softpc.new/base/disks/gfi.c"	"0b332182c606cfef8b0788b50866b9e13acd389445a52f60f3cb65caf8f916e6"	"279"	"gfi_test_change"	"O:\repos.external\OpenNT\base\mvdm|softpc.new/base/disks/gfi_test.c|cfba520508d5e274ac23d471af6656b7bc41af1a8b0606b3b7020570ab2e2210|183"	"1"	"unresolved"	"1"	"unresolved"	"ifndef:PROD"	"ifndef:PROD"	"call/declaration/definition shape not fully confirmed; preserve first-degree record"
"MVDM-FIRST-REBASELINED-006028"	"AT_kbd_init"	"softpc.new/base/keymouse/keyba.c"	"d3326210be154866924ca99f1e44e0a76e9a912e15975305804f6b59c4cf7953"	"3183"	"io_define_inb"	"O:\repos.external\OpenNT\base\mvdm|softpc.new/base/support/ios.c|e4f39908ff9534adde52e46def732a93790ac48f2bb481590622c537c2f3b205|692"	"2"	"unresolved"	"2"	"unresolved"	"ifndef:NTVDM"	"ifdef:ANSI"	"call/declaration/definition shape not fully confirmed; preserve first-degree record"
"MVDM-FIRST-REBASELINED-006029"	"AT_kbd_init"	"softpc.new/base/keymouse/keyba.c"	"d3326210be154866924ca99f1e44e0a76e9a912e15975305804f6b59c4cf7953"	"3224"	"io_define_inb"	"O:\repos.external\OpenNT\base\mvdm|softpc.new/base/support/ios.c|e4f39908ff9534adde52e46def732a93790ac48f2bb481590622c537c2f3b205|692"	"2"	"unresolved"	"2"	"unresolved"	"else:/* NTVDM */"	"ifdef:ANSI"	"call/declaration/definition shape not fully confirmed; preserve first-degree record"
"MVDM-FIRST-REBASELINED-006030"	"mouse_driver_initialisation"	"softpc.new/base/keymouse/mouse_io.c"	"1aa3cbd915eb31fa37d4a0b7e0310f77612d39c45d3f552b78ca68b3ce9a3439"	"816"	"host_memset"	"O:\repos.external\OpenNT\base\mvdm|softpc.new/host/src/nt_unix.c|f2ab1f40420a0928884cf524305a9b87b8c65b0c3440ab97367aa1cbce6417a7|307"	"3"	"unresolved"	"3"	"unresolved"	"unconditional"	"unconditional"	"call/declaration/definition shape not fully confirmed; preserve first-degree record"
"MVDM-FIRST-REBASELINED-006035"	"mouse_video_mode_changed"	"softpc.new/base/keymouse/mouse_io.c"	"1aa3cbd915eb31fa37d4a0b7e0310f77612d39c45d3f552b78ca68b3ce9a3439"	"1704"	"mouse_ega_mode"	"O:\repos.external\OpenNT\base\mvdm|softpc.new/base/keymouse/mouse_io.c|1aa3cbd915eb31fa37d4a0b7e0310f77612d39c45d3f552b78ca68b3ce9a3439|1710"	"1"	"unresolved"	"1"	"same-translation-unit original definition"	"ifdef:EGG > if:defined(NTVDM) && !defined(X86GFX)"	"ifdef:EGG"	"source call/declaration/definition arity confirmed; retain conditional contexts for profile binding and admit zero-degree closure rebase"
"MVDM-FIRST-REBASELINED-006041"	"mouse_init"	"softpc.new/base/keymouse/mouse.c"	"2d196d9f0c1ef860436d8eb47c01820913a1164dd1b32e3bd518226653476785"	"398"	"io_define_inb"	"O:\repos.external\OpenNT\base\mvdm|softpc.new/base/support/ios.c|e4f39908ff9534adde52e46def732a93790ac48f2bb481590622c537c2f3b205|692"	"2"	"unresolved"	"2"	"unresolved"	"unconditional"	"ifdef:ANSI"	"call/declaration/definition shape not fully confirmed; preserve first-degree record"
"MVDM-FIRST-REBASELINED-006043"	"ppi_init"	"softpc.new/base/keymouse/ppi.c"	"367cceaa88345e16b2e138faef9addd441da2cd39f95ea3ab6c359651bd8ebf5"	"193"	"io_define_inb"	"O:\repos.external\OpenNT\base\mvdm|softpc.new/base/support/ios.c|e4f39908ff9534adde52e46def732a93790ac48f2bb481590622c537c2f3b205|692"	"2"	"unresolved"	"2"	"unresolved"	"unconditional"	"ifdef:ANSI"	"call/declaration/definition shape not fully confirmed; preserve first-degree record"
"MVDM-FIRST-REBASELINED-006050"	"inb"	"softpc.new/base/support/ios.c"	"e4f39908ff9534adde52e46def732a93790ac48f2bb481590622c537c2f3b205"	"475"	"dump_inb"	"O:\repos.external\OpenNT\base\mvdm|softpc.new/base/video/ega_trcr.c|f69389e877975d277405c21af95b5fea6fe2794b5ac7928d8634efbbbd432e9c|45"	"1"	"unresolved"	"1"	"unresolved"	"ifdef:EGA_DUMP"	"if:!defined(NTVDM) || (defined(NTVDM) && !defined(X86GFX) ) > ifdef:EGA_DUMP"	"call/declaration/definition shape not fully confirmed; preserve first-degree record"
"MVDM-FIRST-REBASELINED-006051"	"outb"	"softpc.new/base/support/ios.c"	"e4f39908ff9534adde52e46def732a93790ac48f2bb481590622c537c2f3b205"	"516"	"dump_outb"	"O:\repos.external\OpenNT\base\mvdm|softpc.new/base/video/ega_trcr.c|f69389e877975d277405c21af95b5fea6fe2794b5ac7928d8634efbbbd432e9c|61"	"2"	"unresolved"	"2"	"unresolved"	"ifdef:EGA_DUMP"	"if:!defined(NTVDM) || (defined(NTVDM) && !defined(X86GFX) ) > ifdef:EGA_DUMP"	"call/declaration/definition shape not fully confirmed; preserve first-degree record"
"MVDM-FIRST-REBASELINED-006052"	"inw"	"softpc.new/base/support/ios.c"	"e4f39908ff9534adde52e46def732a93790ac48f2bb481590622c537c2f3b205"	"553"	"dump_inw"	"O:\repos.external\OpenNT\base\mvdm|softpc.new/base/video/ega_trcr.c|f69389e877975d277405c21af95b5fea6fe2794b5ac7928d8634efbbbd432e9c|53"	"1"	"unresolved"	"1"	"unresolved"	"ifdef:EGA_DUMP"	"if:!defined(NTVDM) || (defined(NTVDM) && !defined(X86GFX) ) > ifdef:EGA_DUMP"	"call/declaration/definition shape not fully confirmed; preserve first-degree record"
"MVDM-FIRST-REBASELINED-006053"	"outw"	"softpc.new/base/support/ios.c"	"e4f39908ff9534adde52e46def732a93790ac48f2bb481590622c537c2f3b205"	"593"	"dump_outw"	"O:\repos.external\OpenNT\base\mvdm|softpc.new/base/video/ega_trcr.c|f69389e877975d277405c21af95b5fea6fe2794b5ac7928d8634efbbbd432e9c|70"	"2"	"unresolved"	"2"	"unresolved"	"ifdef:EGA_DUMP"	"if:!defined(NTVDM) || (defined(NTVDM) && !defined(X86GFX) ) > ifdef:EGA_DUMP"	"call/declaration/definition shape not fully confirmed; preserve first-degree record"
"MVDM-FIRST-REBASELINED-006054"	"io_init"	"softpc.new/base/support/ios.c"	"e4f39908ff9534adde52e46def732a93790ac48f2bb481590622c537c2f3b205"	"974"	"io_define_inb"	"O:\repos.external\OpenNT\base\mvdm|softpc.new/base/support/ios.c|e4f39908ff9534adde52e46def732a93790ac48f2bb481590622c537c2f3b205|692"	"2"	"unresolved"	"2"	"same-translation-unit original definition"	"unconditional"	"ifdef:ANSI"	"source call/declaration/definition arity confirmed; retain conditional contexts for profile binding and admit zero-degree closure rebase"
"MVDM-FIRST-REBASELINED-006072"	"terminate"	"softpc.new/base/support/terminat.c"	"b085166424614a154a41f794bf3505f50a77a2ea60338bcefcb845be8e092e53"	"99"	"host_fdisk_term"	"O:\repos.external\OpenNT\base\mvdm|softpc.new/host/src/nt_fdisk.c|f4cca0215e2ff4f49113fe95a26529854b712e096af1c3cc54536061808c4867|133"	"0"	"unresolved"	"0"	"unresolved"	"unconditional"	"unconditional"	"call/declaration/definition shape not fully confirmed; preserve first-degree record"
"MVDM-FIRST-REBASELINED-006076"	"time_of_day"	"softpc.new/base/support/time_day.c"	"af7a3d2b6dd80dec1f72910ae627f2ed87906fe8986e8c7c930ae6fbf35bd1b2"	"171"	"get_host_timestamp"	"O:\repos.external\OpenNT\base\mvdm|softpc.new/base/support/time_day.c|af7a3d2b6dd80dec1f72910ae627f2ed87906fe8986e8c7c930ae6fbf35bd1b2|523"	"3"	"unresolved"	"0"	"unresolved"	"else:/* ! NTVDM */"	"ifndef:NTVDM"	"call/declaration/definition shape not fully confirmed; preserve first-degree record"
"MVDM-FIRST-REBASELINED-006077"	"time_of_day"	"softpc.new/base/support/time_day.c"	"af7a3d2b6dd80dec1f72910ae627f2ed87906fe8986e8c7c930ae6fbf35bd1b2"	"223"	"write_host_timestamp"	"O:\repos.external\OpenNT\base\mvdm|softpc.new/base/support/time_day.c|af7a3d2b6dd80dec1f72910ae627f2ed87906fe8986e8c7c930ae6fbf35bd1b2|654"	"2"	"unresolved"	"2"	"same-translation-unit original definition"	"ifndef:NTVDM"	"ifndef:NTVDM"	"source call/declaration/definition arity confirmed; retain conditional contexts for profile binding and admit zero-degree closure rebase"
"MVDM-FIRST-REBASELINED-006078"	"time_of_day"	"softpc.new/base/support/time_day.c"	"af7a3d2b6dd80dec1f72910ae627f2ed87906fe8986e8c7c930ae6fbf35bd1b2"	"237"	"cmos_read"	"O:\repos.external\OpenNT\base\mvdm|softpc.new/base/bios/cmos_bis.c|e3b6710db5887ef77c5a38c881ebb4eeff2575db65e86a3468258aaa9293e1bd|143"	"1"	"0;0"	"1"	"unresolved"	"unconditional"	"unconditional"	"call/declaration/definition shape not fully confirmed; preserve first-degree record"
"MVDM-FIRST-REBASELINED-006079"	"time_of_day"	"softpc.new/base/support/time_day.c"	"af7a3d2b6dd80dec1f72910ae627f2ed87906fe8986e8c7c930ae6fbf35bd1b2"	"238"	"cmos_read"	"O:\repos.external\OpenNT\base\mvdm|softpc.new/base/bios/cmos_bis.c|e3b6710db5887ef77c5a38c881ebb4eeff2575db65e86a3468258aaa9293e1bd|143"	"1"	"0;0"	"1"	"unresolved"	"unconditional"	"unconditional"	"call/declaration/definition shape not fully confirmed; preserve first-degree record"
"MVDM-FIRST-REBASELINED-006080"	"time_of_day"	"softpc.new/base/support/time_day.c"	"af7a3d2b6dd80dec1f72910ae627f2ed87906fe8986e8c7c930ae6fbf35bd1b2"	"239"	"cmos_read"	"O:\repos.external\OpenNT\base\mvdm|softpc.new/base/bios/cmos_bis.c|e3b6710db5887ef77c5a38c881ebb4eeff2575db65e86a3468258aaa9293e1bd|143"	"1"	"0;0"	"1"	"unresolved"	"unconditional"	"unconditional"	"call/declaration/definition shape not fully confirmed; preserve first-degree record"
"MVDM-FIRST-REBASELINED-006081"	"time_of_day"	"softpc.new/base/support/time_day.c"	"af7a3d2b6dd80dec1f72910ae627f2ed87906fe8986e8c7c930ae6fbf35bd1b2"	"240"	"cmos_read"	"O:\repos.external\OpenNT\base\mvdm|softpc.new/base/bios/cmos_bis.c|e3b6710db5887ef77c5a38c881ebb4eeff2575db65e86a3468258aaa9293e1bd|143"	"1"	"0;0"	"1"	"unresolved"	"unconditional"	"unconditional"	"call/declaration/definition shape not fully confirmed; preserve first-degree record"
"MVDM-FIRST-REBASELINED-006082"	"time_of_day"	"softpc.new/base/support/time_day.c"	"af7a3d2b6dd80dec1f72910ae627f2ed87906fe8986e8c7c930ae6fbf35bd1b2"	"268"	"cmos_write"	"O:\repos.external\OpenNT\base\mvdm|softpc.new/base/bios/cmos_bis.c|e3b6710db5887ef77c5a38c881ebb4eeff2575db65e86a3468258aaa9293e1bd|178"	"2"	"0;0"	"2"	"unresolved"	"unconditional"	"unconditional"	"call/declaration/definition shape not fully confirmed; preserve first-degree record"
"MVDM-FIRST-REBASELINED-006083"	"time_of_day"	"softpc.new/base/support/time_day.c"	"af7a3d2b6dd80dec1f72910ae627f2ed87906fe8986e8c7c930ae6fbf35bd1b2"	"269"	"cmos_write"	"O:\repos.external\OpenNT\base\mvdm|softpc.new/base/bios/cmos_bis.c|e3b6710db5887ef77c5a38c881ebb4eeff2575db65e86a3468258aaa9293e1bd|178"	"2"	"0;0"	"2"	"unresolved"	"unconditional"	"unconditional"	"call/declaration/definition shape not fully confirmed; preserve first-degree record"
"MVDM-FIRST-REBASELINED-006084"	"time_of_day"	"softpc.new/base/support/time_day.c"	"af7a3d2b6dd80dec1f72910ae627f2ed87906fe8986e8c7c930ae6fbf35bd1b2"	"270"	"cmos_read"	"O:\repos.external\OpenNT\base\mvdm|softpc.new/base/bios/cmos_bis.c|e3b6710db5887ef77c5a38c881ebb4eeff2575db65e86a3468258aaa9293e1bd|143"	"1"	"0;0"	"1"	"unresolved"	"unconditional"	"unconditional"	"call/declaration/definition shape not fully confirmed; preserve first-degree record"
"MVDM-FIRST-REBASELINED-006085"	"time_of_day"	"softpc.new/base/support/time_day.c"	"af7a3d2b6dd80dec1f72910ae627f2ed87906fe8986e8c7c930ae6fbf35bd1b2"	"271"	"cmos_read"	"O:\repos.external\OpenNT\base\mvdm|softpc.new/base/bios/cmos_bis.c|e3b6710db5887ef77c5a38c881ebb4eeff2575db65e86a3468258aaa9293e1bd|143"	"1"	"0;0"	"1"	"unresolved"	"unconditional"	"unconditional"	"call/declaration/definition shape not fully confirmed; preserve first-degree record"
"MVDM-FIRST-REBASELINED-006086"	"time_of_day"	"softpc.new/base/support/time_day.c"	"af7a3d2b6dd80dec1f72910ae627f2ed87906fe8986e8c7c930ae6fbf35bd1b2"	"273"	"cmos_write"	"O:\repos.external\OpenNT\base\mvdm|softpc.new/base/bios/cmos_bis.c|e3b6710db5887ef77c5a38c881ebb4eeff2575db65e86a3468258aaa9293e1bd|178"	"2"	"0;0"	"2"	"unresolved"	"unconditional"	"unconditional"	"call/declaration/definition shape not fully confirmed; preserve first-degree record"
"MVDM-FIRST-REBASELINED-006087"	"time_of_day"	"softpc.new/base/support/time_day.c"	"af7a3d2b6dd80dec1f72910ae627f2ed87906fe8986e8c7c930ae6fbf35bd1b2"	"274"	"cmos_write"	"O:\repos.external\OpenNT\base\mvdm|softpc.new/base/bios/cmos_bis.c|e3b6710db5887ef77c5a38c881ebb4eeff2575db65e86a3468258aaa9293e1bd|178"	"2"	"0;0"	"2"	"unresolved"	"unconditional"	"unconditional"	"call/declaration/definition shape not fully confirmed; preserve first-degree record"
"MVDM-FIRST-REBASELINED-006088"	"time_of_day"	"softpc.new/base/support/time_day.c"	"af7a3d2b6dd80dec1f72910ae627f2ed87906fe8986e8c7c930ae6fbf35bd1b2"	"275"	"cmos_write"	"O:\repos.external\OpenNT\base\mvdm|softpc.new/base/bios/cmos_bis.c|e3b6710db5887ef77c5a38c881ebb4eeff2575db65e86a3468258aaa9293e1bd|178"	"2"	"0;0"	"2"	"unresolved"	"unconditional"	"unconditional"	"call/declaration/definition shape not fully confirmed; preserve first-degree record"
"MVDM-FIRST-REBASELINED-006089"	"time_of_day"	"softpc.new/base/support/time_day.c"	"af7a3d2b6dd80dec1f72910ae627f2ed87906fe8986e8c7c930ae6fbf35bd1b2"	"276"	"cmos_read"	"O:\repos.external\OpenNT\base\mvdm|softpc.new/base/bios/cmos_bis.c|e3b6710db5887ef77c5a38c881ebb4eeff2575db65e86a3468258aaa9293e1bd|143"	"1"	"0;0"	"1"	"unresolved"	"unconditional"	"unconditional"	"call/declaration/definition shape not fully confirmed; preserve first-degree record"
"MVDM-FIRST-REBASELINED-006090"	"time_of_day"	"softpc.new/base/support/time_day.c"	"af7a3d2b6dd80dec1f72910ae627f2ed87906fe8986e8c7c930ae6fbf35bd1b2"	"278"	"cmos_write"	"O:\repos.external\OpenNT\base\mvdm|softpc.new/base/bios/cmos_bis.c|e3b6710db5887ef77c5a38c881ebb4eeff2575db65e86a3468258aaa9293e1bd|178"	"2"	"0;0"	"2"	"unresolved"	"unconditional"	"unconditional"	"call/declaration/definition shape not fully confirmed; preserve first-degree record"
"MVDM-FIRST-REBASELINED-006091"	"time_of_day"	"softpc.new/base/support/time_day.c"	"af7a3d2b6dd80dec1f72910ae627f2ed87906fe8986e8c7c930ae6fbf35bd1b2"	"294"	"cmos_read"	"O:\repos.external\OpenNT\base\mvdm|softpc.new/base/bios/cmos_bis.c|e3b6710db5887ef77c5a38c881ebb4eeff2575db65e86a3468258aaa9293e1bd|143"	"1"	"0;0"	"1"	"unresolved"	"unconditional"	"unconditional"	"call/declaration/definition shape not fully confirmed; preserve first-degree record"
"MVDM-FIRST-REBASELINED-006092"	"time_of_day"	"softpc.new/base/support/time_day.c"	"af7a3d2b6dd80dec1f72910ae627f2ed87906fe8986e8c7c930ae6fbf35bd1b2"	"295"	"cmos_read"	"O:\repos.external\OpenNT\base\mvdm|softpc.new/base/bios/cmos_bis.c|e3b6710db5887ef77c5a38c881ebb4eeff2575db65e86a3468258aaa9293e1bd|143"	"1"	"0;0"	"1"	"unresolved"	"unconditional"	"unconditional"	"call/declaration/definition shape not fully confirmed; preserve first-degree record"
"MVDM-FIRST-REBASELINED-006093"	"time_of_day"	"softpc.new/base/support/time_day.c"	"af7a3d2b6dd80dec1f72910ae627f2ed87906fe8986e8c7c930ae6fbf35bd1b2"	"296"	"cmos_read"	"O:\repos.external\OpenNT\base\mvdm|softpc.new/base/bios/cmos_bis.c|e3b6710db5887ef77c5a38c881ebb4eeff2575db65e86a3468258aaa9293e1bd|143"	"1"	"0;0"	"1"	"unresolved"	"unconditional"	"unconditional"	"call/declaration/definition shape not fully confirmed; preserve first-degree record"
"MVDM-FIRST-REBASELINED-006094"	"time_of_day"	"softpc.new/base/support/time_day.c"	"af7a3d2b6dd80dec1f72910ae627f2ed87906fe8986e8c7c930ae6fbf35bd1b2"	"297"	"cmos_read"	"O:\repos.external\OpenNT\base\mvdm|softpc.new/base/bios/cmos_bis.c|e3b6710db5887ef77c5a38c881ebb4eeff2575db65e86a3468258aaa9293e1bd|143"	"1"	"0;0"	"1"	"unresolved"	"unconditional"	"unconditional"	"call/declaration/definition shape not fully confirmed; preserve first-degree record"
"MVDM-FIRST-REBASELINED-006095"	"time_of_day"	"softpc.new/base/support/time_day.c"	"af7a3d2b6dd80dec1f72910ae627f2ed87906fe8986e8c7c930ae6fbf35bd1b2"	"325"	"cmos_write"	"O:\repos.external\OpenNT\base\mvdm|softpc.new/base/bios/cmos_bis.c|e3b6710db5887ef77c5a38c881ebb4eeff2575db65e86a3468258aaa9293e1bd|178"	"2"	"0;0"	"2"	"unresolved"	"unconditional"	"unconditional"	"call/declaration/definition shape not fully confirmed; preserve first-degree record"
"MVDM-FIRST-REBASELINED-006096"	"time_of_day"	"softpc.new/base/support/time_day.c"	"af7a3d2b6dd80dec1f72910ae627f2ed87906fe8986e8c7c930ae6fbf35bd1b2"	"326"	"cmos_write"	"O:\repos.external\OpenNT\base\mvdm|softpc.new/base/bios/cmos_bis.c|e3b6710db5887ef77c5a38c881ebb4eeff2575db65e86a3468258aaa9293e1bd|178"	"2"	"0;0"	"2"	"unresolved"	"unconditional"	"unconditional"	"call/declaration/definition shape not fully confirmed; preserve first-degree record"
"MVDM-FIRST-REBASELINED-006097"	"time_of_day"	"softpc.new/base/support/time_day.c"	"af7a3d2b6dd80dec1f72910ae627f2ed87906fe8986e8c7c930ae6fbf35bd1b2"	"327"	"cmos_read"	"O:\repos.external\OpenNT\base\mvdm|softpc.new/base/bios/cmos_bis.c|e3b6710db5887ef77c5a38c881ebb4eeff2575db65e86a3468258aaa9293e1bd|143"	"1"	"0;0"	"1"	"unresolved"	"unconditional"	"unconditional"	"call/declaration/definition shape not fully confirmed; preserve first-degree record"
"MVDM-FIRST-REBASELINED-006098"	"time_of_day"	"softpc.new/base/support/time_day.c"	"af7a3d2b6dd80dec1f72910ae627f2ed87906fe8986e8c7c930ae6fbf35bd1b2"	"328"	"cmos_read"	"O:\repos.external\OpenNT\base\mvdm|softpc.new/base/bios/cmos_bis.c|e3b6710db5887ef77c5a38c881ebb4eeff2575db65e86a3468258aaa9293e1bd|143"	"1"	"0;0"	"1"	"unresolved"	"unconditional"	"unconditional"	"call/declaration/definition shape not fully confirmed; preserve first-degree record"
"MVDM-FIRST-REBASELINED-006099"	"time_of_day"	"softpc.new/base/support/time_day.c"	"af7a3d2b6dd80dec1f72910ae627f2ed87906fe8986e8c7c930ae6fbf35bd1b2"	"330"	"cmos_write"	"O:\repos.external\OpenNT\base\mvdm|softpc.new/base/bios/cmos_bis.c|e3b6710db5887ef77c5a38c881ebb4eeff2575db65e86a3468258aaa9293e1bd|178"	"2"	"0;0"	"2"	"unresolved"	"unconditional"	"unconditional"	"call/declaration/definition shape not fully confirmed; preserve first-degree record"
"MVDM-FIRST-REBASELINED-006100"	"time_of_day"	"softpc.new/base/support/time_day.c"	"af7a3d2b6dd80dec1f72910ae627f2ed87906fe8986e8c7c930ae6fbf35bd1b2"	"331"	"cmos_write"	"O:\repos.external\OpenNT\base\mvdm|softpc.new/base/bios/cmos_bis.c|e3b6710db5887ef77c5a38c881ebb4eeff2575db65e86a3468258aaa9293e1bd|178"	"2"	"0;0"	"2"	"unresolved"	"unconditional"	"unconditional"	"call/declaration/definition shape not fully confirmed; preserve first-degree record"
"MVDM-FIRST-REBASELINED-006101"	"time_of_day"	"softpc.new/base/support/time_day.c"	"af7a3d2b6dd80dec1f72910ae627f2ed87906fe8986e8c7c930ae6fbf35bd1b2"	"332"	"cmos_write"	"O:\repos.external\OpenNT\base\mvdm|softpc.new/base/bios/cmos_bis.c|e3b6710db5887ef77c5a38c881ebb4eeff2575db65e86a3468258aaa9293e1bd|178"	"2"	"0;0"	"2"	"unresolved"	"unconditional"	"unconditional"	"call/declaration/definition shape not fully confirmed; preserve first-degree record"
"MVDM-FIRST-REBASELINED-006102"	"time_of_day"	"softpc.new/base/support/time_day.c"	"af7a3d2b6dd80dec1f72910ae627f2ed87906fe8986e8c7c930ae6fbf35bd1b2"	"333"	"cmos_write"	"O:\repos.external\OpenNT\base\mvdm|softpc.new/base/bios/cmos_bis.c|e3b6710db5887ef77c5a38c881ebb4eeff2575db65e86a3468258aaa9293e1bd|178"	"2"	"0;0"	"2"	"unresolved"	"unconditional"	"unconditional"	"call/declaration/definition shape not fully confirmed; preserve first-degree record"
"MVDM-FIRST-REBASELINED-006103"	"time_of_day"	"softpc.new/base/support/time_day.c"	"af7a3d2b6dd80dec1f72910ae627f2ed87906fe8986e8c7c930ae6fbf35bd1b2"	"334"	"cmos_write"	"O:\repos.external\OpenNT\base\mvdm|softpc.new/base/bios/cmos_bis.c|e3b6710db5887ef77c5a38c881ebb4eeff2575db65e86a3468258aaa9293e1bd|178"	"2"	"0;0"	"2"	"unresolved"	"unconditional"	"unconditional"	"call/declaration/definition shape not fully confirmed; preserve first-degree record"
"MVDM-FIRST-REBASELINED-006104"	"time_of_day"	"softpc.new/base/support/time_day.c"	"af7a3d2b6dd80dec1f72910ae627f2ed87906fe8986e8c7c930ae6fbf35bd1b2"	"335"	"cmos_read"	"O:\repos.external\OpenNT\base\mvdm|softpc.new/base/bios/cmos_bis.c|e3b6710db5887ef77c5a38c881ebb4eeff2575db65e86a3468258aaa9293e1bd|143"	"1"	"0;0"	"1"	"unresolved"	"unconditional"	"unconditional"	"call/declaration/definition shape not fully confirmed; preserve first-degree record"
"MVDM-FIRST-REBASELINED-006105"	"time_of_day"	"softpc.new/base/support/time_day.c"	"af7a3d2b6dd80dec1f72910ae627f2ed87906fe8986e8c7c930ae6fbf35bd1b2"	"336"	"cmos_write"	"O:\repos.external\OpenNT\base\mvdm|softpc.new/base/bios/cmos_bis.c|e3b6710db5887ef77c5a38c881ebb4eeff2575db65e86a3468258aaa9293e1bd|178"	"2"	"0;0"	"2"	"unresolved"	"unconditional"	"unconditional"	"call/declaration/definition shape not fully confirmed; preserve first-degree record"
"MVDM-FIRST-REBASELINED-006106"	"time_of_day"	"softpc.new/base/support/time_day.c"	"af7a3d2b6dd80dec1f72910ae627f2ed87906fe8986e8c7c930ae6fbf35bd1b2"	"342"	"cmos_read"	"O:\repos.external\OpenNT\base\mvdm|softpc.new/base/bios/cmos_bis.c|e3b6710db5887ef77c5a38c881ebb4eeff2575db65e86a3468258aaa9293e1bd|143"	"1"	"0;0"	"1"	"unresolved"	"unconditional"	"unconditional"	"call/declaration/definition shape not fully confirmed; preserve first-degree record"
"MVDM-FIRST-REBASELINED-006107"	"time_of_day"	"softpc.new/base/support/time_day.c"	"af7a3d2b6dd80dec1f72910ae627f2ed87906fe8986e8c7c930ae6fbf35bd1b2"	"353"	"cmos_write"	"O:\repos.external\OpenNT\base\mvdm|softpc.new/base/bios/cmos_bis.c|e3b6710db5887ef77c5a38c881ebb4eeff2575db65e86a3468258aaa9293e1bd|178"	"2"	"0;0"	"2"	"unresolved"	"unconditional"	"unconditional"	"call/declaration/definition shape not fully confirmed; preserve first-degree record"
"MVDM-FIRST-REBASELINED-006108"	"time_of_day"	"softpc.new/base/support/time_day.c"	"af7a3d2b6dd80dec1f72910ae627f2ed87906fe8986e8c7c930ae6fbf35bd1b2"	"354"	"cmos_write"	"O:\repos.external\OpenNT\base\mvdm|softpc.new/base/bios/cmos_bis.c|e3b6710db5887ef77c5a38c881ebb4eeff2575db65e86a3468258aaa9293e1bd|178"	"2"	"0;0"	"2"	"unresolved"	"unconditional"	"unconditional"	"call/declaration/definition shape not fully confirmed; preserve first-degree record"
"MVDM-FIRST-REBASELINED-006109"	"time_of_day"	"softpc.new/base/support/time_day.c"	"af7a3d2b6dd80dec1f72910ae627f2ed87906fe8986e8c7c930ae6fbf35bd1b2"	"355"	"cmos_read"	"O:\repos.external\OpenNT\base\mvdm|softpc.new/base/bios/cmos_bis.c|e3b6710db5887ef77c5a38c881ebb4eeff2575db65e86a3468258aaa9293e1bd|143"	"1"	"0;0"	"1"	"unresolved"	"unconditional"	"unconditional"	"call/declaration/definition shape not fully confirmed; preserve first-degree record"
"MVDM-FIRST-REBASELINED-006110"	"time_of_day"	"softpc.new/base/support/time_day.c"	"af7a3d2b6dd80dec1f72910ae627f2ed87906fe8986e8c7c930ae6fbf35bd1b2"	"356"	"cmos_read"	"O:\repos.external\OpenNT\base\mvdm|softpc.new/base/bios/cmos_bis.c|e3b6710db5887ef77c5a38c881ebb4eeff2575db65e86a3468258aaa9293e1bd|143"	"1"	"0;0"	"1"	"unresolved"	"unconditional"	"unconditional"	"call/declaration/definition shape not fully confirmed; preserve first-degree record"
"MVDM-FIRST-REBASELINED-006111"	"time_of_day"	"softpc.new/base/support/time_day.c"	"af7a3d2b6dd80dec1f72910ae627f2ed87906fe8986e8c7c930ae6fbf35bd1b2"	"358"	"cmos_write"	"O:\repos.external\OpenNT\base\mvdm|softpc.new/base/bios/cmos_bis.c|e3b6710db5887ef77c5a38c881ebb4eeff2575db65e86a3468258aaa9293e1bd|178"	"2"	"0;0"	"2"	"unresolved"	"unconditional"	"unconditional"	"call/declaration/definition shape not fully confirmed; preserve first-degree record"
"MVDM-FIRST-REBASELINED-006112"	"time_of_day"	"softpc.new/base/support/time_day.c"	"af7a3d2b6dd80dec1f72910ae627f2ed87906fe8986e8c7c930ae6fbf35bd1b2"	"359"	"cmos_write"	"O:\repos.external\OpenNT\base\mvdm|softpc.new/base/bios/cmos_bis.c|e3b6710db5887ef77c5a38c881ebb4eeff2575db65e86a3468258aaa9293e1bd|178"	"2"	"0;0"	"2"	"unresolved"	"unconditional"	"unconditional"	"call/declaration/definition shape not fully confirmed; preserve first-degree record"
"MVDM-FIRST-REBASELINED-006113"	"time_of_day"	"softpc.new/base/support/time_day.c"	"af7a3d2b6dd80dec1f72910ae627f2ed87906fe8986e8c7c930ae6fbf35bd1b2"	"360"	"cmos_write"	"O:\repos.external\OpenNT\base\mvdm|softpc.new/base/bios/cmos_bis.c|e3b6710db5887ef77c5a38c881ebb4eeff2575db65e86a3468258aaa9293e1bd|178"	"2"	"0;0"	"2"	"unresolved"	"unconditional"	"unconditional"	"call/declaration/definition shape not fully confirmed; preserve first-degree record"
"MVDM-FIRST-REBASELINED-006114"	"time_of_day"	"softpc.new/base/support/time_day.c"	"af7a3d2b6dd80dec1f72910ae627f2ed87906fe8986e8c7c930ae6fbf35bd1b2"	"364"	"cmos_read"	"O:\repos.external\OpenNT\base\mvdm|softpc.new/base/bios/cmos_bis.c|e3b6710db5887ef77c5a38c881ebb4eeff2575db65e86a3468258aaa9293e1bd|143"	"1"	"0;0"	"1"	"unresolved"	"unconditional"	"unconditional"	"call/declaration/definition shape not fully confirmed; preserve first-degree record"
"MVDM-FIRST-REBASELINED-006115"	"time_of_day"	"softpc.new/base/support/time_day.c"	"af7a3d2b6dd80dec1f72910ae627f2ed87906fe8986e8c7c930ae6fbf35bd1b2"	"366"	"cmos_write"	"O:\repos.external\OpenNT\base\mvdm|softpc.new/base/bios/cmos_bis.c|e3b6710db5887ef77c5a38c881ebb4eeff2575db65e86a3468258aaa9293e1bd|178"	"2"	"0;0"	"2"	"unresolved"	"unconditional"	"unconditional"	"call/declaration/definition shape not fully confirmed; preserve first-degree record"
"MVDM-FIRST-REBASELINED-006116"	"time_of_day"	"softpc.new/base/support/time_day.c"	"af7a3d2b6dd80dec1f72910ae627f2ed87906fe8986e8c7c930ae6fbf35bd1b2"	"371"	"cmos_read"	"O:\repos.external\OpenNT\base\mvdm|softpc.new/base/bios/cmos_bis.c|e3b6710db5887ef77c5a38c881ebb4eeff2575db65e86a3468258aaa9293e1bd|143"	"1"	"0;0"	"1"	"unresolved"	"unconditional"	"unconditional"	"call/declaration/definition shape not fully confirmed; preserve first-degree record"
"MVDM-FIRST-REBASELINED-006117"	"time_of_day"	"softpc.new/base/support/time_day.c"	"af7a3d2b6dd80dec1f72910ae627f2ed87906fe8986e8c7c930ae6fbf35bd1b2"	"373"	"cmos_write"	"O:\repos.external\OpenNT\base\mvdm|softpc.new/base/bios/cmos_bis.c|e3b6710db5887ef77c5a38c881ebb4eeff2575db65e86a3468258aaa9293e1bd|178"	"2"	"0;0"	"2"	"unresolved"	"unconditional"	"unconditional"	"call/declaration/definition shape not fully confirmed; preserve first-degree record"
"MVDM-FIRST-REBASELINED-006118"	"time_of_day_init"	"softpc.new/base/support/time_day.c"	"af7a3d2b6dd80dec1f72910ae627f2ed87906fe8986e8c7c930ae6fbf35bd1b2"	"778"	"get_host_time"	"O:\repos.external\OpenNT\base\mvdm|softpc.new/base/support/time_day.c|af7a3d2b6dd80dec1f72910ae627f2ed87906fe8986e8c7c930ae6fbf35bd1b2|726"	"3"	"unresolved"	"3"	"same-translation-unit original definition"	"ifndef:NTVDM"	"ifndef:NTVDM"	"source call/declaration/definition arity confirmed; retain conditional contexts for profile binding and admit zero-degree closure rebase"
"MVDM-FIRST-REBASELINED-006119"	"time_of_day_init"	"softpc.new/base/support/time_day.c"	"af7a3d2b6dd80dec1f72910ae627f2ed87906fe8986e8c7c930ae6fbf35bd1b2"	"780"	"TimeToTicks"	"O:\repos.external\OpenNT\base\mvdm|softpc.new/base/support/time_day.c|af7a3d2b6dd80dec1f72910ae627f2ed87906fe8986e8c7c930ae6fbf35bd1b2|743"	"5"	"unresolved"	"5"	"same-translation-unit original definition"	"ifndef:NTVDM"	"ifndef:NTVDM"	"source call/declaration/definition arity confirmed; retain conditional contexts for profile binding and admit zero-degree closure rebase"
"MVDM-FIRST-REBASELINED-006120"	"time_of_day_init"	"softpc.new/base/support/time_day.c"	"af7a3d2b6dd80dec1f72910ae627f2ed87906fe8986e8c7c930ae6fbf35bd1b2"	"790"	"write_host_timestamp"	"O:\repos.external\OpenNT\base\mvdm|softpc.new/base/support/time_day.c|af7a3d2b6dd80dec1f72910ae627f2ed87906fe8986e8c7c930ae6fbf35bd1b2|654"	"2"	"unresolved"	"2"	"same-translation-unit original definition"	"ifndef:NTVDM"	"ifndef:NTVDM"	"source call/declaration/definition arity confirmed; retain conditional contexts for profile binding and admit zero-degree closure rebase"
"MVDM-FIRST-REBASELINED-006121"	"UpDateInProgress"	"softpc.new/base/support/time_day.c"	"af7a3d2b6dd80dec1f72910ae627f2ed87906fe8986e8c7c930ae6fbf35bd1b2"	"821"	"cmos_read"	"O:\repos.external\OpenNT\base\mvdm|softpc.new/base/bios/cmos_bis.c|e3b6710db5887ef77c5a38c881ebb4eeff2575db65e86a3468258aaa9293e1bd|143"	"1"	"0;0"	"1"	"unresolved"	"ifdef:NTVDM"	"unconditional"	"call/declaration/definition shape not fully confirmed; preserve first-degree record"
"MVDM-FIRST-REBASELINED-006123"	"dma_init"	"softpc.new/base/system/at_dma.c"	"4867e3e03e0a5f49066963a37a957d231ec9addbc203789beed42bcf510f3f01"	"909"	"io_define_inb"	"O:\repos.external\OpenNT\base\mvdm|softpc.new/base/support/ios.c|e4f39908ff9534adde52e46def732a93790ac48f2bb481590622c537c2f3b205|692"	"2"	"unresolved"	"2"	"unresolved"	"unconditional"	"ifdef:ANSI"	"call/declaration/definition shape not fully confirmed; preserve first-degree record"
"MVDM-FIRST-REBASELINED-006124"	"dma_init"	"softpc.new/base/system/at_dma.c"	"4867e3e03e0a5f49066963a37a957d231ec9addbc203789beed42bcf510f3f01"	"919"	"io_define_inb"	"O:\repos.external\OpenNT\base\mvdm|softpc.new/base/support/ios.c|e4f39908ff9534adde52e46def732a93790ac48f2bb481590622c537c2f3b205|692"	"2"	"unresolved"	"2"	"unresolved"	"unconditional"	"ifdef:ANSI"	"call/declaration/definition shape not fully confirmed; preserve first-degree record"
"MVDM-FIRST-REBASELINED-006126"	"write_cmos"	"softpc.new/base/system/cmos.c"	"c993b3e020ddd2f25524e20bef0b7651bcdf52a7d222e90fd643f828b788ac1e"	"844"	"host_write_resource"	"O:\repos.external\OpenNT\base\mvdm|softpc.new/host/src/nt_rez.c|12a6486b8cf81e2469b1acd7f9e9d03cada6b4690fad03ea171941802f0945fc|99"	"4"	"unresolved"	"4"	"unresolved"	"if:defined(NTVDM) || defined(macintosh)"	"unconditional"	"call/declaration/definition shape not fully confirmed; preserve first-degree record"
"MVDM-FIRST-REBASELINED-006137"	"cmos_io_attach"	"softpc.new/base/system/cmos.c"	"c993b3e020ddd2f25524e20bef0b7651bcdf52a7d222e90fd643f828b788ac1e"	"994"	"io_define_inb"	"O:\repos.external\OpenNT\base\mvdm|softpc.new/base/support/ios.c|e4f39908ff9534adde52e46def732a93790ac48f2bb481590622c537c2f3b205|692"	"2"	"unresolved"	"2"	"unresolved"	"unconditional"	"ifdef:ANSI"	"call/declaration/definition shape not fully confirmed; preserve first-degree record"
"MVDM-FIRST-REBASELINED-006142"	"rtc_init"	"softpc.new/base/system/cmos.c"	"c993b3e020ddd2f25524e20bef0b7651bcdf52a7d222e90fd643f828b788ac1e"	"1143"	"host_time"	"O:\repos.external\OpenNT\base\mvdm|softpc.new/host/src/nt_unix.c|f2ab1f40420a0928884cf524305a9b87b8c65b0c3440ab97367aa1cbce6417a7|348"	"1"	"unresolved"	"1"	"unresolved"	"ifdef:NTVDM"	"unconditional"	"call/declaration/definition shape not fully confirmed; preserve first-degree record"
"MVDM-FIRST-REBASELINED-006143"	"rtc_init"	"softpc.new/base/system/cmos.c"	"c993b3e020ddd2f25524e20bef0b7651bcdf52a7d222e90fd643f828b788ac1e"	"1144"	"host_localtime"	"O:\repos.external\OpenNT\base\mvdm|softpc.new/host/src/nt_unix.c|f2ab1f40420a0928884cf524305a9b87b8c65b0c3440ab97367aa1cbce6417a7|322"	"1"	"unresolved"	"1"	"unresolved"	"ifdef:NTVDM"	"ifdef:NO_LONGER_USED"	"call/declaration/definition shape not fully confirmed; preserve first-degree record"
"MVDM-FIRST-REBASELINED-006145"	"sync_rtc_to_host_time"	"softpc.new/base/system/cmos.c"	"c993b3e020ddd2f25524e20bef0b7651bcdf52a7d222e90fd643f828b788ac1e"	"1185"	"host_time"	"O:\repos.external\OpenNT\base\mvdm|softpc.new/host/src/nt_unix.c|f2ab1f40420a0928884cf524305a9b87b8c65b0c3440ab97367aa1cbce6417a7|348"	"1"	"unresolved"	"1"	"unresolved"	"else:"	"unconditional"	"call/declaration/definition shape not fully confirmed; preserve first-degree record"
"MVDM-FIRST-REBASELINED-006146"	"sync_rtc_to_host_time"	"softpc.new/base/system/cmos.c"	"c993b3e020ddd2f25524e20bef0b7651bcdf52a7d222e90fd643f828b788ac1e"	"1186"	"host_localtime"	"O:\repos.external\OpenNT\base\mvdm|softpc.new/host/src/nt_unix.c|f2ab1f40420a0928884cf524305a9b87b8c65b0c3440ab97367aa1cbce6417a7|322"	"1"	"unresolved"	"1"	"unresolved"	"else:"	"ifdef:NO_LONGER_USED"	"call/declaration/definition shape not fully confirmed; preserve first-degree record"
"MVDM-FIRST-REBASELINED-006163"	"cmos_init"	"softpc.new/base/system/cmosnt.c"	"00156a734520b5d59442bf9d6127f4e722a7a697f9be33f34feecf4aef06d850"	"1066"	"io_define_inb"	"O:\repos.external\OpenNT\base\mvdm|softpc.new/base/support/ios.c|e4f39908ff9534adde52e46def732a93790ac48f2bb481590622c537c2f3b205|692"	"2"	"unresolved"	"2"	"unresolved"	"unconditional"	"ifdef:ANSI"	"call/declaration/definition shape not fully confirmed; preserve first-degree record"
"MVDM-FIRST-REBASELINED-006190"	"ica0_init"	"softpc.new/base/system/ica.c"	"3874e59a27410e56c2d8c28b576c528d82acd2f04e64c50664d1ecda9a846075"	"2039"	"io_define_inb"	"O:\repos.external\OpenNT\base\mvdm|softpc.new/base/support/ios.c|e4f39908ff9534adde52e46def732a93790ac48f2bb481590622c537c2f3b205|692"	"2"	"unresolved"	"2"	"unresolved"	"ifdef:NTVDM"	"ifdef:ANSI"	"call/declaration/definition shape not fully confirmed; preserve first-degree record"
"MVDM-FIRST-REBASELINED-006191"	"ica0_init"	"softpc.new/base/system/ica.c"	"3874e59a27410e56c2d8c28b576c528d82acd2f04e64c50664d1ecda9a846075"	"2042"	"io_define_inb"	"O:\repos.external\OpenNT\base\mvdm|softpc.new/base/support/ios.c|e4f39908ff9534adde52e46def732a93790ac48f2bb481590622c537c2f3b205|692"	"2"	"unresolved"	"2"	"unresolved"	"else:"	"ifdef:ANSI"	"call/declaration/definition shape not fully confirmed; preserve first-degree record"
"MVDM-FIRST-REBASELINED-006192"	"ica1_init"	"softpc.new/base/system/ica.c"	"3874e59a27410e56c2d8c28b576c528d82acd2f04e64c50664d1ecda9a846075"	"2114"	"io_define_inb"	"O:\repos.external\OpenNT\base\mvdm|softpc.new/base/support/ios.c|e4f39908ff9534adde52e46def732a93790ac48f2bb481590622c537c2f3b205|692"	"2"	"unresolved"	"2"	"unresolved"	"ifdef:NTVDM"	"ifdef:ANSI"	"call/declaration/definition shape not fully confirmed; preserve first-degree record"
"MVDM-FIRST-REBASELINED-006193"	"ica1_init"	"softpc.new/base/system/ica.c"	"3874e59a27410e56c2d8c28b576c528d82acd2f04e64c50664d1ecda9a846075"	"2117"	"io_define_inb"	"O:\repos.external\OpenNT\base\mvdm|softpc.new/base/support/ios.c|e4f39908ff9534adde52e46def732a93790ac48f2bb481590622c537c2f3b205|692"	"2"	"unresolved"	"2"	"unresolved"	"else:"	"ifdef:ANSI"	"call/declaration/definition shape not fully confirmed; preserve first-degree record"
"MVDM-FIRST-REBASELINED-006251"	"q_event_init"	"softpc.new/base/system/quick_ev.c"	"fe23e0ef2fb79aebadc5c0404a2369a694ac6d82347bcae5f2a7bca74b807111"	"304"	"q_event_init_structs"	"O:\repos.external\OpenNT\base\mvdm|softpc.new/base/system/quick_ev.c|fe23e0ef2fb79aebadc5c0404a2369a694ac6d82347bcae5f2a7bca74b807111|234"	"5"	"unresolved"	"5"	"same-translation-unit original definition"	"unconditional"	"ifdef:ANSI"	"source call/declaration/definition arity confirmed; retain conditional contexts for profile binding and admit zero-degree closure rebase"
"MVDM-FIRST-REBASELINED-006252"	"tic_event_init"	"softpc.new/base/system/quick_ev.c"	"fe23e0ef2fb79aebadc5c0404a2369a694ac6d82347bcae5f2a7bca74b807111"	"330"	"q_event_init_structs"	"O:\repos.external\OpenNT\base\mvdm|softpc.new/base/system/quick_ev.c|fe23e0ef2fb79aebadc5c0404a2369a694ac6d82347bcae5f2a7bca74b807111|234"	"5"	"unresolved"	"5"	"same-translation-unit original definition"	"unconditional"	"ifdef:ANSI"	"source call/declaration/definition arity confirmed; retain conditional contexts for profile binding and admit zero-degree closure rebase"
"MVDM-FIRST-REBASELINED-006286"	"timer_init"	"softpc.new/base/system/timer.c"	"0e2efd46f011009e1512eb309c330626984f1590ba637b8ad9dae9c968699f55"	"2778"	"io_define_inb"	"O:\repos.external\OpenNT\base\mvdm|softpc.new/base/support/ios.c|e4f39908ff9534adde52e46def732a93790ac48f2bb481590622c537c2f3b205|692"	"2"	"unresolved"	"2"	"unresolved"	"unconditional"	"ifdef:ANSI"	"call/declaration/definition shape not fully confirmed; preserve first-degree record"
"MVDM-FIRST-REBASELINED-006293"	"cga_init"	"softpc.new/base/video/cga.c"	"8591c1b0e178f4b8791ed289588d3ed8a06ef514f8bdfca4797a190eb51e2777"	"1352"	"io_define_inb"	"O:\repos.external\OpenNT\base\mvdm|softpc.new/base/support/ios.c|e4f39908ff9534adde52e46def732a93790ac48f2bb481590622c537c2f3b205|692"	"2"	"unresolved"	"2"	"unresolved"	"if:!defined(NTVDM) || (defined(NTVDM) && !defined(X86GFX) )"	"ifdef:ANSI"	"call/declaration/definition shape not fully confirmed; preserve first-degree record"
"MVDM-FIRST-REBASELINED-006300"	"update_banking"	"softpc.new/base/video/ega_prts.c"	"1dedadd482f631e9b82a0fde92b84ff74c724faaaac782ae538639e0738e7002"	"1859"	"v7_get_banks"	"O:\repos.external\OpenNT\base\mvdm|softpc.new/base/video/v7_ports.c|d02575bd0594f9ccc3a23ad7ed0eb208ec7c1414eeffd558dd1ce6b648f1991b|102"	"2"	"unresolved"	"2"	"unresolved"	"ifndef:REAL_VGA	/* ega port handling moved to host for REAL_VGA */ > ifdef:EGG > ifdef:V7VGA"	"ifdef:V7VGA"	"call/declaration/definition shape not fully confirmed; preserve first-degree record"
"MVDM-FIRST-REBASELINED-006301"	"ega_init"	"softpc.new/base/video/ega_prts.c"	"1dedadd482f631e9b82a0fde92b84ff74c724faaaac782ae538639e0738e7002"	"1907"	"io_define_inb"	"O:\repos.external\OpenNT\base\mvdm|softpc.new/base/support/ios.c|e4f39908ff9534adde52e46def732a93790ac48f2bb481590622c537c2f3b205|692"	"2"	"unresolved"	"2"	"unresolved"	"ifndef:REAL_VGA	/* ega port handling moved to host for REAL_VGA */ > ifdef:EGG"	"ifdef:ANSI"	"call/declaration/definition shape not fully confirmed; preserve first-degree record"
"MVDM-FIRST-REBASELINED-006302"	"ega_init"	"softpc.new/base/video/ega_prts.c"	"1dedadd482f631e9b82a0fde92b84ff74c724faaaac782ae538639e0738e7002"	"1959"	"io_define_inb"	"O:\repos.external\OpenNT\base\mvdm|softpc.new/base/support/ios.c|e4f39908ff9534adde52e46def732a93790ac48f2bb481590622c537c2f3b205|692"	"2"	"unresolved"	"2"	"unresolved"	"ifndef:REAL_VGA	/* ega port handling moved to host for REAL_VGA */ > ifdef:EGG"	"ifdef:ANSI"	"call/declaration/definition shape not fully confirmed; preserve first-degree record"
"MVDM-FIRST-REBASELINED-006303"	"ega_init"	"softpc.new/base/video/ega_prts.c"	"1dedadd482f631e9b82a0fde92b84ff74c724faaaac782ae538639e0738e7002"	"1966"	"io_define_inb"	"O:\repos.external\OpenNT\base\mvdm|softpc.new/base/support/ios.c|e4f39908ff9534adde52e46def732a93790ac48f2bb481590622c537c2f3b205|692"	"2"	"unresolved"	"2"	"unresolved"	"ifndef:REAL_VGA	/* ega port handling moved to host for REAL_VGA */ > ifdef:EGG"	"ifdef:ANSI"	"call/declaration/definition shape not fully confirmed; preserve first-degree record"
"MVDM-FIRST-REBASELINED-006313"	"low_set_mode"	"softpc.new/base/video/ega_vide.c"	"049c4ea27ebb73296fdc96f932571598e76be8ebcf5165e5cf5815a5095de20f"	"630"	"init_vga_dac"	"O:\repos.external\OpenNT\base\mvdm|softpc.new/base/video/vga_vide.c|3d0159b8bd4d1bcc3448bc61fb90f5b1c34c09099bba49187fe4573354ccc89d|138"	"1"	"unresolved"	"1"	"unresolved"	"ifdef:EGG > ifdef:VGG"	"ifdef:VGG"	"call/declaration/definition shape not fully confirmed; preserve first-degree record"
"MVDM-FIRST-REBASELINED-006314"	"low_set_mode"	"softpc.new/base/video/ega_vide.c"	"049c4ea27ebb73296fdc96f932571598e76be8ebcf5165e5cf5815a5095de20f"	"634"	"init_vga_dac"	"O:\repos.external\OpenNT\base\mvdm|softpc.new/base/video/vga_vide.c|3d0159b8bd4d1bcc3448bc61fb90f5b1c34c09099bba49187fe4573354ccc89d|138"	"1"	"unresolved"	"1"	"unresolved"	"ifdef:EGG > ifdef:VGG"	"ifdef:VGG"	"call/declaration/definition shape not fully confirmed; preserve first-degree record"
"MVDM-FIRST-REBASELINED-006315"	"low_set_mode"	"softpc.new/base/video/ega_vide.c"	"049c4ea27ebb73296fdc96f932571598e76be8ebcf5165e5cf5815a5095de20f"	"638"	"init_vga_dac"	"O:\repos.external\OpenNT\base\mvdm|softpc.new/base/video/vga_vide.c|3d0159b8bd4d1bcc3448bc61fb90f5b1c34c09099bba49187fe4573354ccc89d|138"	"1"	"unresolved"	"1"	"unresolved"	"ifdef:EGG > ifdef:VGG"	"ifdef:VGG"	"call/declaration/definition shape not fully confirmed; preserve first-degree record"
"MVDM-FIRST-REBASELINED-006411"	"gvi_init"	"softpc.new/base/video/gvi.c"	"2aeb2f79fd87002ea70bafe745612e9c8131f56863c90ed7ad11127439682b80"	"294"	"dump_init"	"O:\repos.external\OpenNT\base\mvdm|softpc.new/base/video/ega_trcr.c|f69389e877975d277405c21af95b5fea6fe2794b5ac7928d8634efbbbd432e9c|254"	"2"	"unresolved"	"2"	"unresolved"	"ifdef:EGA_DUMP"	"if:!defined(NTVDM) || (defined(NTVDM) && !defined(X86GFX) ) > ifdef:EGA_DUMP"	"call/declaration/definition shape not fully confirmed; preserve first-degree record"
"MVDM-FIRST-REBASELINED-006416"	"vga_init"	"softpc.new/base/video/vga_prts.c"	"16305a48051b980b4c9f8aba15dda7bd6801964bb02897b8c2290a1eff04fbbc"	"669"	"io_define_inb"	"O:\repos.external\OpenNT\base\mvdm|softpc.new/base/support/ios.c|e4f39908ff9534adde52e46def732a93790ac48f2bb481590622c537c2f3b205|692"	"2"	"unresolved"	"2"	"unresolved"	"ifndef:REAL_VGA	/* ega port handling moved to host for REAL_VGA */ > ifdef:VGG"	"ifdef:ANSI"	"call/declaration/definition shape not fully confirmed; preserve first-degree record"
"MVDM-FIRST-REBASELINED-006417"	"vga_init"	"softpc.new/base/video/vga_prts.c"	"16305a48051b980b4c9f8aba15dda7bd6801964bb02897b8c2290a1eff04fbbc"	"670"	"io_define_inb"	"O:\repos.external\OpenNT\base\mvdm|softpc.new/base/support/ios.c|e4f39908ff9534adde52e46def732a93790ac48f2bb481590622c537c2f3b205|692"	"2"	"unresolved"	"2"	"unresolved"	"ifndef:REAL_VGA	/* ega port handling moved to host for REAL_VGA */ > ifdef:VGG"	"ifdef:ANSI"	"call/declaration/definition shape not fully confirmed; preserve first-degree record"
"MVDM-FIRST-REBASELINED-006418"	"vga_init"	"softpc.new/base/video/vga_prts.c"	"16305a48051b980b4c9f8aba15dda7bd6801964bb02897b8c2290a1eff04fbbc"	"679"	"io_define_inb"	"O:\repos.external\OpenNT\base\mvdm|softpc.new/base/support/ios.c|e4f39908ff9534adde52e46def732a93790ac48f2bb481590622c537c2f3b205|692"	"2"	"unresolved"	"2"	"unresolved"	"ifndef:REAL_VGA	/* ega port handling moved to host for REAL_VGA */ > ifdef:VGG"	"ifdef:ANSI"	"call/declaration/definition shape not fully confirmed; preserve first-degree record"
"MVDM-FIRST-REBASELINED-006419"	"vga_init"	"softpc.new/base/video/vga_prts.c"	"16305a48051b980b4c9f8aba15dda7bd6801964bb02897b8c2290a1eff04fbbc"	"711"	"io_define_inb"	"O:\repos.external\OpenNT\base\mvdm|softpc.new/base/support/ios.c|e4f39908ff9534adde52e46def732a93790ac48f2bb481590622c537c2f3b205|692"	"2"	"unresolved"	"2"	"unresolved"	"ifndef:REAL_VGA	/* ega port handling moved to host for REAL_VGA */ > ifdef:VGG"	"ifdef:ANSI"	"call/declaration/definition shape not fully confirmed; preserve first-degree record"
"MVDM-FIRST-REBASELINED-006420"	"vga_init"	"softpc.new/base/video/vga_prts.c"	"16305a48051b980b4c9f8aba15dda7bd6801964bb02897b8c2290a1eff04fbbc"	"712"	"io_define_inb"	"O:\repos.external\OpenNT\base\mvdm|softpc.new/base/support/ios.c|e4f39908ff9534adde52e46def732a93790ac48f2bb481590622c537c2f3b205|692"	"2"	"unresolved"	"2"	"unresolved"	"ifndef:REAL_VGA	/* ega port handling moved to host for REAL_VGA */ > ifdef:VGG"	"ifdef:ANSI"	"call/declaration/definition shape not fully confirmed; preserve first-degree record"
"MVDM-FIRST-REBASELINED-006421"	"vga_init"	"softpc.new/base/video/vga_prts.c"	"16305a48051b980b4c9f8aba15dda7bd6801964bb02897b8c2290a1eff04fbbc"	"722"	"io_define_inb"	"O:\repos.external\OpenNT\base\mvdm|softpc.new/base/support/ios.c|e4f39908ff9534adde52e46def732a93790ac48f2bb481590622c537c2f3b205|692"	"2"	"unresolved"	"2"	"unresolved"	"ifndef:REAL_VGA	/* ega port handling moved to host for REAL_VGA */ > ifdef:VGG"	"ifdef:ANSI"	"call/declaration/definition shape not fully confirmed; preserve first-degree record"
"MVDM-FIRST-REBASELINED-006422"	"vga_init"	"softpc.new/base/video/vga_prts.c"	"16305a48051b980b4c9f8aba15dda7bd6801964bb02897b8c2290a1eff04fbbc"	"731"	"io_define_inb"	"O:\repos.external\OpenNT\base\mvdm|softpc.new/base/support/ios.c|e4f39908ff9534adde52e46def732a93790ac48f2bb481590622c537c2f3b205|692"	"2"	"unresolved"	"2"	"unresolved"	"ifndef:REAL_VGA	/* ega port handling moved to host for REAL_VGA */ > ifdef:VGG"	"ifdef:ANSI"	"call/declaration/definition shape not fully confirmed; preserve first-degree record"
"MVDM-FIRST-REBASELINED-006423"	"vga_init"	"softpc.new/base/video/vga_prts.c"	"16305a48051b980b4c9f8aba15dda7bd6801964bb02897b8c2290a1eff04fbbc"	"740"	"io_define_inb"	"O:\repos.external\OpenNT\base\mvdm|softpc.new/base/support/ios.c|e4f39908ff9534adde52e46def732a93790ac48f2bb481590622c537c2f3b205|692"	"2"	"unresolved"	"2"	"unresolved"	"ifndef:REAL_VGA	/* ega port handling moved to host for REAL_VGA */ > ifdef:VGG"	"ifdef:ANSI"	"call/declaration/definition shape not fully confirmed; preserve first-degree record"
"MVDM-FIRST-REBASELINED-006424"	"vga_init"	"softpc.new/base/video/vga_prts.c"	"16305a48051b980b4c9f8aba15dda7bd6801964bb02897b8c2290a1eff04fbbc"	"748"	"io_define_inb"	"O:\repos.external\OpenNT\base\mvdm|softpc.new/base/support/ios.c|e4f39908ff9534adde52e46def732a93790ac48f2bb481590622c537c2f3b205|692"	"2"	"unresolved"	"2"	"unresolved"	"ifndef:REAL_VGA	/* ega port handling moved to host for REAL_VGA */ > ifdef:VGG"	"ifdef:ANSI"	"call/declaration/definition shape not fully confirmed; preserve first-degree record"
"MVDM-FIRST-REBASELINED-006425"	"vga_init"	"softpc.new/base/video/vga_prts.c"	"16305a48051b980b4c9f8aba15dda7bd6801964bb02897b8c2290a1eff04fbbc"	"755"	"io_define_inb"	"O:\repos.external\OpenNT\base\mvdm|softpc.new/base/support/ios.c|e4f39908ff9534adde52e46def732a93790ac48f2bb481590622c537c2f3b205|692"	"2"	"unresolved"	"2"	"unresolved"	"ifndef:REAL_VGA	/* ega port handling moved to host for REAL_VGA */ > ifdef:VGG"	"ifdef:ANSI"	"call/declaration/definition shape not fully confirmed; preserve first-degree record"
"MVDM-FIRST-REBASELINED-006426"	"vga_init"	"softpc.new/base/video/vga_prts.c"	"16305a48051b980b4c9f8aba15dda7bd6801964bb02897b8c2290a1eff04fbbc"	"761"	"io_define_inb"	"O:\repos.external\OpenNT\base\mvdm|softpc.new/base/support/ios.c|e4f39908ff9534adde52e46def732a93790ac48f2bb481590622c537c2f3b205|692"	"2"	"unresolved"	"2"	"unresolved"	"ifndef:REAL_VGA	/* ega port handling moved to host for REAL_VGA */ > ifdef:VGG"	"ifdef:ANSI"	"call/declaration/definition shape not fully confirmed; preserve first-degree record"
"MVDM-FIRST-REBASELINED-006427"	"vga_init"	"softpc.new/base/video/vga_prts.c"	"16305a48051b980b4c9f8aba15dda7bd6801964bb02897b8c2290a1eff04fbbc"	"766"	"io_define_inb"	"O:\repos.external\OpenNT\base\mvdm|softpc.new/base/support/ios.c|e4f39908ff9534adde52e46def732a93790ac48f2bb481590622c537c2f3b205|692"	"2"	"unresolved"	"2"	"unresolved"	"ifndef:REAL_VGA	/* ega port handling moved to host for REAL_VGA */ > ifdef:VGG"	"ifdef:ANSI"	"call/declaration/definition shape not fully confirmed; preserve first-degree record"
"MVDM-FIRST-REBASELINED-006431"	"mapRealIOPorts"	"softpc.new/base/video/vga_prts.c"	"16305a48051b980b4c9f8aba15dda7bd6801964bb02897b8c2290a1eff04fbbc"	"3087"	"io_define_inb"	"O:\repos.external\OpenNT\base\mvdm|softpc.new/base/support/ios.c|e4f39908ff9534adde52e46def732a93790ac48f2bb481590622c537c2f3b205|692"	"2"	"unresolved"	"2"	"unresolved"	"ifndef:REAL_VGA	/* ega port handling moved to host for REAL_VGA */ > ifdef:VGG > ifdef:GISP_SVGA"	"ifdef:ANSI"	"call/declaration/definition shape not fully confirmed; preserve first-degree record"
"MVDM-FIRST-REBASELINED-006432"	"mapRealIOPorts"	"softpc.new/base/video/vga_prts.c"	"16305a48051b980b4c9f8aba15dda7bd6801964bb02897b8c2290a1eff04fbbc"	"3088"	"io_define_inb"	"O:\repos.external\OpenNT\base\mvdm|softpc.new/base/support/ios.c|e4f39908ff9534adde52e46def732a93790ac48f2bb481590622c537c2f3b205|692"	"2"	"unresolved"	"2"	"unresolved"	"ifndef:REAL_VGA	/* ega port handling moved to host for REAL_VGA */ > ifdef:VGG > ifdef:GISP_SVGA"	"ifdef:ANSI"	"call/declaration/definition shape not fully confirmed; preserve first-degree record"
"MVDM-FIRST-REBASELINED-006433"	"mapRealIOPorts"	"softpc.new/base/video/vga_prts.c"	"16305a48051b980b4c9f8aba15dda7bd6801964bb02897b8c2290a1eff04fbbc"	"3095"	"io_define_inb"	"O:\repos.external\OpenNT\base\mvdm|softpc.new/base/support/ios.c|e4f39908ff9534adde52e46def732a93790ac48f2bb481590622c537c2f3b205|692"	"2"	"unresolved"	"2"	"unresolved"	"ifndef:REAL_VGA	/* ega port handling moved to host for REAL_VGA */ > ifdef:VGG > ifdef:GISP_SVGA"	"ifdef:ANSI"	"call/declaration/definition shape not fully confirmed; preserve first-degree record"
"MVDM-FIRST-REBASELINED-006434"	"mapRealIOPorts"	"softpc.new/base/video/vga_prts.c"	"16305a48051b980b4c9f8aba15dda7bd6801964bb02897b8c2290a1eff04fbbc"	"3107"	"io_define_inb"	"O:\repos.external\OpenNT\base\mvdm|softpc.new/base/support/ios.c|e4f39908ff9534adde52e46def732a93790ac48f2bb481590622c537c2f3b205|692"	"2"	"unresolved"	"2"	"unresolved"	"ifndef:REAL_VGA	/* ega port handling moved to host for REAL_VGA */ > ifdef:VGG > ifdef:GISP_SVGA"	"ifdef:ANSI"	"call/declaration/definition shape not fully confirmed; preserve first-degree record"
"MVDM-FIRST-REBASELINED-006435"	"mapRealIOPorts"	"softpc.new/base/video/vga_prts.c"	"16305a48051b980b4c9f8aba15dda7bd6801964bb02897b8c2290a1eff04fbbc"	"3108"	"io_define_inb"	"O:\repos.external\OpenNT\base\mvdm|softpc.new/base/support/ios.c|e4f39908ff9534adde52e46def732a93790ac48f2bb481590622c537c2f3b205|692"	"2"	"unresolved"	"2"	"unresolved"	"ifndef:REAL_VGA	/* ega port handling moved to host for REAL_VGA */ > ifdef:VGG > ifdef:GISP_SVGA"	"ifdef:ANSI"	"call/declaration/definition shape not fully confirmed; preserve first-degree record"
"MVDM-FIRST-REBASELINED-006436"	"mapRealIOPorts"	"softpc.new/base/video/vga_prts.c"	"16305a48051b980b4c9f8aba15dda7bd6801964bb02897b8c2290a1eff04fbbc"	"3115"	"io_define_inb"	"O:\repos.external\OpenNT\base\mvdm|softpc.new/base/support/ios.c|e4f39908ff9534adde52e46def732a93790ac48f2bb481590622c537c2f3b205|692"	"2"	"unresolved"	"2"	"unresolved"	"ifndef:REAL_VGA	/* ega port handling moved to host for REAL_VGA */ > ifdef:VGG > ifdef:GISP_SVGA"	"ifdef:ANSI"	"call/declaration/definition shape not fully confirmed; preserve first-degree record"
"MVDM-FIRST-REBASELINED-006437"	"mapRealIOPorts"	"softpc.new/base/video/vga_prts.c"	"16305a48051b980b4c9f8aba15dda7bd6801964bb02897b8c2290a1eff04fbbc"	"3122"	"io_define_inb"	"O:\repos.external\OpenNT\base\mvdm|softpc.new/base/support/ios.c|e4f39908ff9534adde52e46def732a93790ac48f2bb481590622c537c2f3b205|692"	"2"	"unresolved"	"2"	"unresolved"	"ifndef:REAL_VGA	/* ega port handling moved to host for REAL_VGA */ > ifdef:VGG > ifdef:GISP_SVGA"	"ifdef:ANSI"	"call/declaration/definition shape not fully confirmed; preserve first-degree record"
"MVDM-FIRST-REBASELINED-006438"	"mapRealIOPorts"	"softpc.new/base/video/vga_prts.c"	"16305a48051b980b4c9f8aba15dda7bd6801964bb02897b8c2290a1eff04fbbc"	"3129"	"io_define_inb"	"O:\repos.external\OpenNT\base\mvdm|softpc.new/base/support/ios.c|e4f39908ff9534adde52e46def732a93790ac48f2bb481590622c537c2f3b205|692"	"2"	"unresolved"	"2"	"unresolved"	"ifndef:REAL_VGA	/* ega port handling moved to host for REAL_VGA */ > ifdef:VGG > ifdef:GISP_SVGA"	"ifdef:ANSI"	"call/declaration/definition shape not fully confirmed; preserve first-degree record"
"MVDM-FIRST-REBASELINED-006439"	"mapRealIOPorts"	"softpc.new/base/video/vga_prts.c"	"16305a48051b980b4c9f8aba15dda7bd6801964bb02897b8c2290a1eff04fbbc"	"3135"	"io_define_inb"	"O:\repos.external\OpenNT\base\mvdm|softpc.new/base/support/ios.c|e4f39908ff9534adde52e46def732a93790ac48f2bb481590622c537c2f3b205|692"	"2"	"unresolved"	"2"	"unresolved"	"ifndef:REAL_VGA	/* ega port handling moved to host for REAL_VGA */ > ifdef:VGG > ifdef:GISP_SVGA"	"ifdef:ANSI"	"call/declaration/definition shape not fully confirmed; preserve first-degree record"
"MVDM-FIRST-REBASELINED-006440"	"mapRealIOPorts"	"softpc.new/base/video/vga_prts.c"	"16305a48051b980b4c9f8aba15dda7bd6801964bb02897b8c2290a1eff04fbbc"	"3141"	"io_define_inb"	"O:\repos.external\OpenNT\base\mvdm|softpc.new/base/support/ios.c|e4f39908ff9534adde52e46def732a93790ac48f2bb481590622c537c2f3b205|692"	"2"	"unresolved"	"2"	"unresolved"	"ifndef:REAL_VGA	/* ega port handling moved to host for REAL_VGA */ > ifdef:VGG > ifdef:GISP_SVGA"	"ifdef:ANSI"	"call/declaration/definition shape not fully confirmed; preserve first-degree record"
"MVDM-FIRST-REBASELINED-006441"	"mapRealIOPorts"	"softpc.new/base/video/vga_prts.c"	"16305a48051b980b4c9f8aba15dda7bd6801964bb02897b8c2290a1eff04fbbc"	"3146"	"io_define_inb"	"O:\repos.external\OpenNT\base\mvdm|softpc.new/base/support/ios.c|e4f39908ff9534adde52e46def732a93790ac48f2bb481590622c537c2f3b205|692"	"2"	"unresolved"	"2"	"unresolved"	"ifndef:REAL_VGA	/* ega port handling moved to host for REAL_VGA */ > ifdef:VGG > ifdef:GISP_SVGA"	"ifdef:ANSI"	"call/declaration/definition shape not fully confirmed; preserve first-degree record"
"MVDM-FIRST-REBASELINED-006442"	"mapRealIOPorts"	"softpc.new/base/video/vga_prts.c"	"16305a48051b980b4c9f8aba15dda7bd6801964bb02897b8c2290a1eff04fbbc"	"3148"	"io_define_inb"	"O:\repos.external\OpenNT\base\mvdm|softpc.new/base/support/ios.c|e4f39908ff9534adde52e46def732a93790ac48f2bb481590622c537c2f3b205|692"	"2"	"unresolved"	"2"	"unresolved"	"ifndef:REAL_VGA	/* ega port handling moved to host for REAL_VGA */ > ifdef:VGG > ifdef:GISP_SVGA"	"ifdef:ANSI"	"call/declaration/definition shape not fully confirmed; preserve first-degree record"
"MVDM-FIRST-REBASELINED-006443"	"mapEmulatedIOPorts"	"softpc.new/base/video/vga_prts.c"	"16305a48051b980b4c9f8aba15dda7bd6801964bb02897b8c2290a1eff04fbbc"	"3179"	"io_define_inb"	"O:\repos.external\OpenNT\base\mvdm|softpc.new/base/support/ios.c|e4f39908ff9534adde52e46def732a93790ac48f2bb481590622c537c2f3b205|692"	"2"	"unresolved"	"2"	"unresolved"	"ifndef:REAL_VGA	/* ega port handling moved to host for REAL_VGA */ > ifdef:VGG > ifdef:GISP_SVGA"	"ifdef:ANSI"	"call/declaration/definition shape not fully confirmed; preserve first-degree record"
"MVDM-FIRST-REBASELINED-006444"	"mapEmulatedIOPorts"	"softpc.new/base/video/vga_prts.c"	"16305a48051b980b4c9f8aba15dda7bd6801964bb02897b8c2290a1eff04fbbc"	"3180"	"io_define_inb"	"O:\repos.external\OpenNT\base\mvdm|softpc.new/base/support/ios.c|e4f39908ff9534adde52e46def732a93790ac48f2bb481590622c537c2f3b205|692"	"2"	"unresolved"	"2"	"unresolved"	"ifndef:REAL_VGA	/* ega port handling moved to host for REAL_VGA */ > ifdef:VGG > ifdef:GISP_SVGA"	"ifdef:ANSI"	"call/declaration/definition shape not fully confirmed; preserve first-degree record"
"MVDM-FIRST-REBASELINED-006445"	"mapEmulatedIOPorts"	"softpc.new/base/video/vga_prts.c"	"16305a48051b980b4c9f8aba15dda7bd6801964bb02897b8c2290a1eff04fbbc"	"3189"	"io_define_inb"	"O:\repos.external\OpenNT\base\mvdm|softpc.new/base/support/ios.c|e4f39908ff9534adde52e46def732a93790ac48f2bb481590622c537c2f3b205|692"	"2"	"unresolved"	"2"	"unresolved"	"ifndef:REAL_VGA	/* ega port handling moved to host for REAL_VGA */ > ifdef:VGG > ifdef:GISP_SVGA"	"ifdef:ANSI"	"call/declaration/definition shape not fully confirmed; preserve first-degree record"
"MVDM-FIRST-REBASELINED-006446"	"mapEmulatedIOPorts"	"softpc.new/base/video/vga_prts.c"	"16305a48051b980b4c9f8aba15dda7bd6801964bb02897b8c2290a1eff04fbbc"	"3205"	"io_define_inb"	"O:\repos.external\OpenNT\base\mvdm|softpc.new/base/support/ios.c|e4f39908ff9534adde52e46def732a93790ac48f2bb481590622c537c2f3b205|692"	"2"	"unresolved"	"2"	"unresolved"	"ifndef:REAL_VGA	/* ega port handling moved to host for REAL_VGA */ > ifdef:VGG > ifdef:GISP_SVGA"	"ifdef:ANSI"	"call/declaration/definition shape not fully confirmed; preserve first-degree record"
"MVDM-FIRST-REBASELINED-006447"	"mapEmulatedIOPorts"	"softpc.new/base/video/vga_prts.c"	"16305a48051b980b4c9f8aba15dda7bd6801964bb02897b8c2290a1eff04fbbc"	"3206"	"io_define_inb"	"O:\repos.external\OpenNT\base\mvdm|softpc.new/base/support/ios.c|e4f39908ff9534adde52e46def732a93790ac48f2bb481590622c537c2f3b205|692"	"2"	"unresolved"	"2"	"unresolved"	"ifndef:REAL_VGA	/* ega port handling moved to host for REAL_VGA */ > ifdef:VGG > ifdef:GISP_SVGA"	"ifdef:ANSI"	"call/declaration/definition shape not fully confirmed; preserve first-degree record"
"MVDM-FIRST-REBASELINED-006448"	"mapEmulatedIOPorts"	"softpc.new/base/video/vga_prts.c"	"16305a48051b980b4c9f8aba15dda7bd6801964bb02897b8c2290a1eff04fbbc"	"3216"	"io_define_inb"	"O:\repos.external\OpenNT\base\mvdm|softpc.new/base/support/ios.c|e4f39908ff9534adde52e46def732a93790ac48f2bb481590622c537c2f3b205|692"	"2"	"unresolved"	"2"	"unresolved"	"ifndef:REAL_VGA	/* ega port handling moved to host for REAL_VGA */ > ifdef:VGG > ifdef:GISP_SVGA"	"ifdef:ANSI"	"call/declaration/definition shape not fully confirmed; preserve first-degree record"
"MVDM-FIRST-REBASELINED-006449"	"mapEmulatedIOPorts"	"softpc.new/base/video/vga_prts.c"	"16305a48051b980b4c9f8aba15dda7bd6801964bb02897b8c2290a1eff04fbbc"	"3225"	"io_define_inb"	"O:\repos.external\OpenNT\base\mvdm|softpc.new/base/support/ios.c|e4f39908ff9534adde52e46def732a93790ac48f2bb481590622c537c2f3b205|692"	"2"	"unresolved"	"2"	"unresolved"	"ifndef:REAL_VGA	/* ega port handling moved to host for REAL_VGA */ > ifdef:VGG > ifdef:GISP_SVGA"	"ifdef:ANSI"	"call/declaration/definition shape not fully confirmed; preserve first-degree record"
"MVDM-FIRST-REBASELINED-006450"	"mapEmulatedIOPorts"	"softpc.new/base/video/vga_prts.c"	"16305a48051b980b4c9f8aba15dda7bd6801964bb02897b8c2290a1eff04fbbc"	"3234"	"io_define_inb"	"O:\repos.external\OpenNT\base\mvdm|softpc.new/base/support/ios.c|e4f39908ff9534adde52e46def732a93790ac48f2bb481590622c537c2f3b205|692"	"2"	"unresolved"	"2"	"unresolved"	"ifndef:REAL_VGA	/* ega port handling moved to host for REAL_VGA */ > ifdef:VGG > ifdef:GISP_SVGA"	"ifdef:ANSI"	"call/declaration/definition shape not fully confirmed; preserve first-degree record"
"MVDM-FIRST-REBASELINED-006451"	"mapEmulatedIOPorts"	"softpc.new/base/video/vga_prts.c"	"16305a48051b980b4c9f8aba15dda7bd6801964bb02897b8c2290a1eff04fbbc"	"3242"	"io_define_inb"	"O:\repos.external\OpenNT\base\mvdm|softpc.new/base/support/ios.c|e4f39908ff9534adde52e46def732a93790ac48f2bb481590622c537c2f3b205|692"	"2"	"unresolved"	"2"	"unresolved"	"ifndef:REAL_VGA	/* ega port handling moved to host for REAL_VGA */ > ifdef:VGG > ifdef:GISP_SVGA"	"ifdef:ANSI"	"call/declaration/definition shape not fully confirmed; preserve first-degree record"
"MVDM-FIRST-REBASELINED-006452"	"mapEmulatedIOPorts"	"softpc.new/base/video/vga_prts.c"	"16305a48051b980b4c9f8aba15dda7bd6801964bb02897b8c2290a1eff04fbbc"	"3249"	"io_define_inb"	"O:\repos.external\OpenNT\base\mvdm|softpc.new/base/support/ios.c|e4f39908ff9534adde52e46def732a93790ac48f2bb481590622c537c2f3b205|692"	"2"	"unresolved"	"2"	"unresolved"	"ifndef:REAL_VGA	/* ega port handling moved to host for REAL_VGA */ > ifdef:VGG > ifdef:GISP_SVGA"	"ifdef:ANSI"	"call/declaration/definition shape not fully confirmed; preserve first-degree record"
"MVDM-FIRST-REBASELINED-006453"	"mapEmulatedIOPorts"	"softpc.new/base/video/vga_prts.c"	"16305a48051b980b4c9f8aba15dda7bd6801964bb02897b8c2290a1eff04fbbc"	"3255"	"io_define_inb"	"O:\repos.external\OpenNT\base\mvdm|softpc.new/base/support/ios.c|e4f39908ff9534adde52e46def732a93790ac48f2bb481590622c537c2f3b205|692"	"2"	"unresolved"	"2"	"unresolved"	"ifndef:REAL_VGA	/* ega port handling moved to host for REAL_VGA */ > ifdef:VGG > ifdef:GISP_SVGA"	"ifdef:ANSI"	"call/declaration/definition shape not fully confirmed; preserve first-degree record"
"MVDM-FIRST-REBASELINED-006454"	"mapEmulatedIOPorts"	"softpc.new/base/video/vga_prts.c"	"16305a48051b980b4c9f8aba15dda7bd6801964bb02897b8c2290a1eff04fbbc"	"3260"	"io_define_inb"	"O:\repos.external\OpenNT\base\mvdm|softpc.new/base/support/ios.c|e4f39908ff9534adde52e46def732a93790ac48f2bb481590622c537c2f3b205|692"	"2"	"unresolved"	"2"	"unresolved"	"ifndef:REAL_VGA	/* ega port handling moved to host for REAL_VGA */ > ifdef:VGG > ifdef:GISP_SVGA"	"ifdef:ANSI"	"call/declaration/definition shape not fully confirmed; preserve first-degree record"
"MVDM-FIRST-REBASELINED-006472"	"vd_scroll_up"	"softpc.new/base/video/video.c"	"664f399f40c4fafcd850e2cbc166fa632be5ddf7cc1f0d6bbcfaa017bec4ed31"	"757"	"dump_scroll"	"O:\repos.external\OpenNT\base\mvdm|softpc.new/base/video/ega_trcr.c|f69389e877975d277405c21af95b5fea6fe2794b5ac7928d8634efbbbd432e9c|163"	"11"	"unresolved"	"11"	"unresolved"	"ifdef:EGA_DUMP"	"if:!defined(NTVDM) || (defined(NTVDM) && !defined(X86GFX) ) > ifdef:EGA_DUMP"	"call/declaration/definition shape not fully confirmed; preserve first-degree record"
"MVDM-FIRST-REBASELINED-006473"	"vd_scroll_down"	"softpc.new/base/video/video.c"	"664f399f40c4fafcd850e2cbc166fa632be5ddf7cc1f0d6bbcfaa017bec4ed31"	"1110"	"dump_scroll"	"O:\repos.external\OpenNT\base\mvdm|softpc.new/base/video/ega_trcr.c|f69389e877975d277405c21af95b5fea6fe2794b5ac7928d8634efbbbd432e9c|163"	"11"	"unresolved"	"11"	"unresolved"	"ifdef:EGA_DUMP"	"if:!defined(NTVDM) || (defined(NTVDM) && !defined(X86GFX) ) > ifdef:EGA_DUMP"	"call/declaration/definition shape not fully confirmed; preserve first-degree record"
"MVDM-FIRST-REBASELINED-006478"	"vd_write_teletype"	"softpc.new/base/video/video.c"	"664f399f40c4fafcd850e2cbc166fa632be5ddf7cc1f0d6bbcfaa017bec4ed31"	"1985"	"host_ring_bell"	"O:\repos.external\OpenNT\base\mvdm|softpc.new/host/src/nt_sound.c|19e602c67a87241daf66e8613f4897d632acc7c6765f74c2b1eb09cf080e53f6|81"	"1"	"unresolved"	"1"	"unresolved"	"unconditional"	"unconditional"	"call/declaration/definition shape not fully confirmed; preserve first-degree record"
"MVDM-FIRST-REBASELINED-006480"	"vd_write_teletype"	"softpc.new/base/video/video.c"	"664f399f40c4fafcd850e2cbc166fa632be5ddf7cc1f0d6bbcfaa017bec4ed31"	"2226"	"dump_scroll"	"O:\repos.external\OpenNT\base\mvdm|softpc.new/base/video/ega_trcr.c|f69389e877975d277405c21af95b5fea6fe2794b5ac7928d8634efbbbd432e9c|163"	"11"	"unresolved"	"11"	"unresolved"	"ifdef:EGA_DUMP"	"if:!defined(NTVDM) || (defined(NTVDM) && !defined(X86GFX) ) > ifdef:EGA_DUMP"	"call/declaration/definition shape not fully confirmed; preserve first-degree record"
"MVDM-FIRST-REBASELINED-006482"	"herc_video_init"	"softpc.new/base/video/video.c"	"664f399f40c4fafcd850e2cbc166fa632be5ddf7cc1f0d6bbcfaa017bec4ed31"	"2735"	"host_memset"	"O:\repos.external\OpenNT\base\mvdm|softpc.new/host/src/nt_unix.c|f2ab1f40420a0928884cf524305a9b87b8c65b0c3440ab97367aa1cbce6417a7|307"	"3"	"unresolved"	"3"	"unresolved"	"ifdef:HERC"	"unconditional"	"call/declaration/definition shape not fully confirmed; preserve first-degree record"
"MVDM-FIRST-REBASELINED-006562"	"config_inquire"	"softpc.new/host/src/config.c"	"2a87d13d633e62b7bda2d982127feea19b20b5a779ff1e384966c2eb3ce6ddfa"	"606"	"host_using_fdisk"	"O:\repos.external\OpenNT\base\mvdm|softpc.new/host/src/nt_fdisk.c|f4cca0215e2ff4f49113fe95a26529854b712e096af1c3cc54536061808c4867|100"	"1"	"1;1"	"1"	"reachable original declaration and definition"	"unconditional"	"unconditional"	"source call/declaration/definition arity confirmed; retain conditional contexts for profile binding and admit zero-degree closure rebase"
"MVDM-FIRST-REBASELINED-006565"	"config_inquire"	"softpc.new/host/src/config.c"	"2a87d13d633e62b7bda2d982127feea19b20b5a779ff1e384966c2eb3ce6ddfa"	"615"	"host_fdisk_valid"	"O:\repos.external\OpenNT\base\mvdm|softpc.new/host/src/nt_fdisk.c|f4cca0215e2ff4f49113fe95a26529854b712e096af1c3cc54536061808c4867|106"	"4"	"unresolved"	"4"	"unresolved"	"unconditional"	"unconditional"	"call/declaration/definition shape not fully confirmed; preserve first-degree record"
"MVDM-FIRST-REBASELINED-006566"	"config_inquire"	"softpc.new/host/src/config.c"	"2a87d13d633e62b7bda2d982127feea19b20b5a779ff1e384966c2eb3ce6ddfa"	"616"	"host_fdisk_change"	"O:\repos.external\OpenNT\base\mvdm|softpc.new/host/src/nt_fdisk.c|f4cca0215e2ff4f49113fe95a26529854b712e096af1c3cc54536061808c4867|121"	"2"	"2;2"	"2"	"reachable original declaration and definition"	"unconditional"	"unconditional"	"source call/declaration/definition arity confirmed; retain conditional contexts for profile binding and admit zero-degree closure rebase"
"MVDM-FIRST-REBASELINED-006567"	"config_inquire"	"softpc.new/host/src/config.c"	"2a87d13d633e62b7bda2d982127feea19b20b5a779ff1e384966c2eb3ce6ddfa"	"617"	"host_fdisk_active"	"O:\repos.external\OpenNT\base\mvdm|softpc.new/host/src/nt_fdisk.c|f4cca0215e2ff4f49113fe95a26529854b712e096af1c3cc54536061808c4867|127"	"3"	"unresolved"	"3"	"unresolved"	"unconditional"	"unconditional"	"call/declaration/definition shape not fully confirmed; preserve first-degree record"
"MVDM-FIRST-REBASELINED-006642"	"nt_cga_colour_hi_graph_big"	"softpc.new/host/src/nt_cga.c"	"ef84222253b20092ab43505ea3232b3c1174833166ebb4880cb378880a967cc7"	"878"	"high_stretch3"	"O:\repos.external\OpenNT\base\mvdm|softpc.new/host/src/nt_graph.c|e08e6414c0261656b67a97f839256ee4ba6565f84ce6799197f92b98436131d9|1401"	"1"	"2;2"	"2"	"unresolved"	"ifdef:BIGWIN"	"ifdef:BIGWIN"	"call/declaration/definition shape not fully confirmed; preserve first-degree record"
"MVDM-FIRST-REBASELINED-006647"	"nt_cga_colour_hi_graph_huge"	"softpc.new/host/src/nt_cga.c"	"ef84222253b20092ab43505ea3232b3c1174833166ebb4880cb378880a967cc7"	"948"	"high_stretch4"	"O:\repos.external\OpenNT\base\mvdm|softpc.new/host/src/nt_graph.c|e08e6414c0261656b67a97f839256ee4ba6565f84ce6799197f92b98436131d9|1422"	"2"	"2;2"	"2"	"reachable original declaration and definition"	"ifdef:BIGWIN"	"ifdef:BIGWIN"	"source call/declaration/definition arity confirmed; retain conditional contexts for profile binding and admit zero-degree closure rebase"
"MVDM-FIRST-REBASELINED-007370"	"HostTerminatePDB"	"softpc.new/host/src/nt_msscs.c"	"96ee0fb677da9f35811f9dc1715d583474ce72bba9fa91f5eb2d5f6ab242b0c3"	"1413"	"FloppyTerminatePDB"	"O:\repos.external\OpenNT\base\mvdm|softpc.new/host/src/nt_rflop.c|22c82627bf993ac4fd072ad1bb7d4f62000b60889e6955e83f5f676ac5bd7a29|862"	"1"	"unresolved"	"1"	"unresolved"	"unconditional"	"unconditional"	"call/declaration/definition shape not fully confirmed; preserve first-degree record"
"MVDM-FIRST-REBASELINED-007371"	"HostTerminatePDB"	"softpc.new/host/src/nt_msscs.c"	"96ee0fb677da9f35811f9dc1715d583474ce72bba9fa91f5eb2d5f6ab242b0c3"	"1414"	"FdiskTerminatePDB"	"O:\repos.external\OpenNT\base\mvdm|softpc.new/host/src/nt_fdisk.c|f4cca0215e2ff4f49113fe95a26529854b712e096af1c3cc54536061808c4867|594"	"1"	"unresolved"	"1"	"unresolved"	"unconditional"	"unconditional"	"call/declaration/definition shape not fully confirmed; preserve first-degree record"
"MVDM-FIRST-REBASELINED-007465"	"host_read_resource"	"softpc.new/host/src/nt_rez.c"	"12a6486b8cf81e2469b1acd7f9e9d03cada6b4690fad03ea171941802f0945fc"	"67"	"host_find_file"	"O:\repos.external\OpenNT\base\mvdm|softpc.new/host/src/nt_unix.c|f2ab1f40420a0928884cf524305a9b87b8c65b0c3440ab97367aa1cbce6417a7|370"	"3"	"0;0"	"3"	"unresolved"	"unconditional"	"unconditional"	"call/declaration/definition shape not fully confirmed; preserve first-degree record"
"MVDM-FIRST-REBASELINED-007468"	"host_read_resource"	"softpc.new/host/src/nt_rez.c"	"12a6486b8cf81e2469b1acd7f9e9d03cada6b4690fad03ea171941802f0945fc"	"76"	"host_find_file"	"O:\repos.external\OpenNT\base\mvdm|softpc.new/host/src/nt_unix.c|f2ab1f40420a0928884cf524305a9b87b8c65b0c3440ab97367aa1cbce6417a7|370"	"3"	"0;0"	"3"	"unresolved"	"unconditional"	"unconditional"	"call/declaration/definition shape not fully confirmed; preserve first-degree record"
"MVDM-FIRST-REBASELINED-007520"	"host_timer_event"	"softpc.new/host/src/nt_timer.c"	"10ea0d5a6de6466e7e9af8efd89c3a77a78077cd38e05332a416a404b655ab33"	"435"	"host_flpy_heart_beat"	"O:\repos.external\OpenNT\base\mvdm|softpc.new/host/src/nt_rflop.c|22c82627bf993ac4fd072ad1bb7d4f62000b60889e6955e83f5f676ac5bd7a29|509"	"0"	"0;0"	"0"	"reachable original declaration and definition"	"unconditional"	"unconditional"	"source call/declaration/definition arity confirmed; retain conditional contexts for profile binding and admit zero-degree closure rebase"
"MVDM-FIRST-REBASELINED-008471"	"DumpTask"	"vdmexts/wow.c"	"385755e94188901161a9e22d63790210f25af014e0a06878655c86f0af856ec4"	"243"	"DumpTaskInfo"	"O:\repos.external\OpenNT\base\mvdm|vdmexts/wow.c|385755e94188901161a9e22d63790210f25af014e0a06878655c86f0af856ec4|152"	"2"	"unresolved"	"2"	"same-translation-unit original definition"	"unconditional"	"unconditional"	"source call/declaration/definition arity confirmed; retain conditional contexts for profile binding and admit zero-degree closure rebase"
"MVDM-FIRST-REBASELINED-008472"	"DumpTask"	"vdmexts/wow.c"	"385755e94188901161a9e22d63790210f25af014e0a06878655c86f0af856ec4"	"248"	"DumpTaskInfo"	"O:\repos.external\OpenNT\base\mvdm|vdmexts/wow.c|385755e94188901161a9e22d63790210f25af014e0a06878655c86f0af856ec4|152"	"2"	"unresolved"	"2"	"same-translation-unit original definition"	"unconditional"	"unconditional"	"source call/declaration/definition arity confirmed; retain conditional contexts for profile binding and admit zero-degree closure rebase"
"MVDM-FIRST-REBASELINED-008684"	"VrDlc5cHandler"	"vdmredir/vrdlc5c.c"	"850f2f1a746eee3610f06ebf489cb662bcd628f556299e445daac7fdd24e9bbf"	"710"	"MapDosCommandsToNt"	"O:\repos.external\OpenNT\base\mvdm|vdmredir/vrdlc5c.c|850f2f1a746eee3610f06ebf489cb662bcd628f556299e445daac7fdd24e9bbf|1250"	"3"	"unresolved"	"3"	"same-translation-unit original definition"	"unconditional"	"unconditional"	"source call/declaration/definition arity confirmed; retain conditional contexts for profile binding and admit zero-degree closure rebase"
"MVDM-FIRST-REBASELINED-008711"	"VrDlcInit"	"vdmredir/vrdlc5c.c"	"850f2f1a746eee3610f06ebf489cb662bcd628f556299e445daac7fdd24e9bbf"	"3479"	"InitializeEventHandler"	"O:\repos.external\OpenNT\base\mvdm|vdmredir/vrdlcpst.c|ea7ce5c516434bd5b08fddd53881705385f3d925388ff4e439b337faa388cf01|2996"	"1"	"0"	"0"	"unresolved"	"unconditional"	"unconditional"	"call/declaration/definition shape not fully confirmed; preserve first-degree record"
"MVDM-FIRST-REBASELINED-008780"	"VrDlcHwInterrupt"	"vdmredir/vrdlcpst.c"	"ea7ce5c516434bd5b08fddd53881705385f3d925388ff4e439b337faa388cf01"	"819"	"ProcessReceiveFrame"	"O:\repos.external\OpenNT\base\mvdm|vdmredir/vrdlcpst.c|ea7ce5c516434bd5b08fddd53881705385f3d925388ff4e439b337faa388cf01|1437"	"4"	"unresolved"	"4"	"same-translation-unit original definition"	"unconditional"	"unconditional"	"source call/declaration/definition arity confirmed; retain conditional contexts for profile binding and admit zero-degree closure rebase"
"MVDM-FIRST-REBASELINED-008891"	"VrTerminateDosProcess"	"vdmredir/vrmisc.c"	"1af57aba3be6a1425eb18187a73c579f56619a2593bce3b2c20be8cf67216b6d"	"79"	"VrTerminateMailslots"	"O:\repos.external\OpenNT\base\mvdm|vdmredir/vrmslot.c|70294b72780d3287137310dd4b018b7e572328e1b8bcf9bf4178c32734b95c7c|842"	"1"	"1;1"	"1"	"reachable original declaration and definition"	"unconditional"	"unconditional"	"source call/declaration/definition arity confirmed; retain conditional contexts for profile binding and admit zero-degree closure rebase"
"MVDM-FIRST-REBASELINED-008965"	"VrNetRemoteApi"	"vdmredir/vrnetapi.c"	"9074aa1c5d287996c95547c08b7e06dac578a29d90aa3b91278c00bbe7392a70"	"1121"	"VrRemoteApi"	"O:\repos.external\OpenNT\base\mvdm|vdmredir/vrremote.c|f75d2984624cee1a77b6f5bf6a18fe4a7f38a059d32b0e711edb97d03a08c9b8|154"	"6"	"6;6;6"	"6"	"reachable original declaration and definition"	"unconditional"	"unconditional"	"source call/declaration/definition arity confirmed; retain conditional contexts for profile binding and admit zero-degree closure rebase"
"MVDM-FIRST-REBASELINED-008998"	"VrNetUseAdd"	"vdmredir/vrnetapi.c"	"9074aa1c5d287996c95547c08b7e06dac578a29d90aa3b91278c00bbe7392a70"	"1777"	"VrpPackSendBuffer"	"O:\repos.external\OpenNT\base\mvdm|vdmredir/vrremote.c|f75d2984624cee1a77b6f5bf6a18fe4a7f38a059d32b0e711edb97d03a08c9b8|1245"	"10"	"10;10;10"	"10"	"reachable original declaration and definition"	"unconditional"	"unconditional"	"source call/declaration/definition arity confirmed; retain conditional contexts for profile binding and admit zero-degree closure rebase"
"MVDM-FIRST-REBASELINED-009474"	"Register"	"wow16/ddeml/ddeml.c"	"db5e05ec3476aad827158ee92c97bcf499d5e16afe6cdbab8b232210ea100de6"	"190"	"CreatePile"	"O:\repos.external\OpenNT\base\mvdm|wow16/ddeml/dmgdb.c|a1f7df43d0ce8cdef64271e778fd1e2d5d55ce7ce92df7e8508e1abb175e5b71|552"	"3"	"3"	"3"	"reachable original declaration and definition"	"unconditional"	"unconditional"	"source call/declaration/definition arity confirmed; retain conditional contexts for profile binding and admit zero-degree closure rebase"
"MVDM-FIRST-REBASELINED-009475"	"Register"	"wow16/ddeml/ddeml.c"	"db5e05ec3476aad827158ee92c97bcf499d5e16afe6cdbab8b232210ea100de6"	"196"	"CreatePile"	"O:\repos.external\OpenNT\base\mvdm|wow16/ddeml/dmgdb.c|a1f7df43d0ce8cdef64271e778fd1e2d5d55ce7ce92df7e8508e1abb175e5b71|552"	"3"	"3"	"3"	"reachable original declaration and definition"	"unconditional"	"unconditional"	"source call/declaration/definition arity confirmed; retain conditional contexts for profile binding and admit zero-degree closure rebase"
"MVDM-FIRST-REBASELINED-009476"	"Register"	"wow16/ddeml/ddeml.c"	"db5e05ec3476aad827158ee92c97bcf499d5e16afe6cdbab8b232210ea100de6"	"201"	"FarAllocMem"	"O:\repos.external\OpenNT\base\mvdm|wow16/ddeml/dmgmem.c|94dbd9d00a8d907fe86eeccaf066e880ff5763381527979d0b5f35ac9b90edb8|430"	"2"	"2"	"2"	"reachable original declaration and definition"	"unconditional"	"unconditional"	"source call/declaration/definition arity confirmed; retain conditional contexts for profile binding and admit zero-degree closure rebase"
"MVDM-FIRST-REBASELINED-009477"	"Register"	"wow16/ddeml/ddeml.c"	"db5e05ec3476aad827158ee92c97bcf499d5e16afe6cdbab8b232210ea100de6"	"207"	"DmgCreateHeap"	"O:\repos.external\OpenNT\base\mvdm|wow16/ddeml/dmgmem.c|94dbd9d00a8d907fe86eeccaf066e880ff5763381527979d0b5f35ac9b90edb8|337"	"1"	"1"	"1"	"reachable original declaration and definition"	"unconditional"	"unconditional"	"source call/declaration/definition arity confirmed; retain conditional contexts for profile binding and admit zero-degree closure rebase"
"MVDM-FIRST-REBASELINED-009478"	"Register"	"wow16/ddeml/ddeml.c"	"db5e05ec3476aad827158ee92c97bcf499d5e16afe6cdbab8b232210ea100de6"	"220"	"CreatePile"	"O:\repos.external\OpenNT\base\mvdm|wow16/ddeml/dmgdb.c|a1f7df43d0ce8cdef64271e778fd1e2d5d55ce7ce92df7e8508e1abb175e5b71|552"	"3"	"3"	"3"	"reachable original declaration and definition"	"unconditional"	"unconditional"	"source call/declaration/definition arity confirmed; retain conditional contexts for profile binding and admit zero-degree closure rebase"
"MVDM-FIRST-REBASELINED-009479"	"Register"	"wow16/ddeml/ddeml.c"	"db5e05ec3476aad827158ee92c97bcf499d5e16afe6cdbab8b232210ea100de6"	"221"	"CreatePile"	"O:\repos.external\OpenNT\base\mvdm|wow16/ddeml/dmgdb.c|a1f7df43d0ce8cdef64271e778fd1e2d5d55ce7ce92df7e8508e1abb175e5b71|552"	"3"	"3"	"3"	"reachable original declaration and definition"	"unconditional"	"unconditional"	"source call/declaration/definition arity confirmed; retain conditional contexts for profile binding and admit zero-degree closure rebase"
"MVDM-FIRST-REBASELINED-009480"	"Register"	"wow16/ddeml/ddeml.c"	"db5e05ec3476aad827158ee92c97bcf499d5e16afe6cdbab8b232210ea100de6"	"224"	"CreateLst"	"O:\repos.external\OpenNT\base\mvdm|wow16/ddeml/dmgdb.c|a1f7df43d0ce8cdef64271e778fd1e2d5d55ce7ce92df7e8508e1abb175e5b71|89"	"2"	"2"	"2"	"reachable original declaration and definition"	"unconditional"	"unconditional"	"source call/declaration/definition arity confirmed; retain conditional contexts for profile binding and admit zero-degree closure rebase"
"MVDM-FIRST-REBASELINED-009482"	"Register"	"wow16/ddeml/ddeml.c"	"db5e05ec3476aad827158ee92c97bcf499d5e16afe6cdbab8b232210ea100de6"	"237"	"CreateLst"	"O:\repos.external\OpenNT\base\mvdm|wow16/ddeml/dmgdb.c|a1f7df43d0ce8cdef64271e778fd1e2d5d55ce7ce92df7e8508e1abb175e5b71|89"	"2"	"2"	"2"	"reachable original declaration and definition"	"unconditional"	"unconditional"	"source call/declaration/definition arity confirmed; retain conditional contexts for profile binding and admit zero-degree closure rebase"
"MVDM-FIRST-REBASELINED-009483"	"Register"	"wow16/ddeml/ddeml.c"	"db5e05ec3476aad827158ee92c97bcf499d5e16afe6cdbab8b232210ea100de6"	"238"	"FarAllocMem"	"O:\repos.external\OpenNT\base\mvdm|wow16/ddeml/dmgmem.c|94dbd9d00a8d907fe86eeccaf066e880ff5763381527979d0b5f35ac9b90edb8|430"	"2"	"2"	"2"	"reachable original declaration and definition"	"unconditional"	"unconditional"	"source call/declaration/definition arity confirmed; retain conditional contexts for profile binding and admit zero-degree closure rebase"
"MVDM-FIRST-REBASELINED-009504"	"DdeUninitialize"	"wow16/ddeml/ddeml.c"	"db5e05ec3476aad827158ee92c97bcf499d5e16afe6cdbab8b232210ea100de6"	"492"	"DmgDestroyWindow"	"O:\repos.external\OpenNT\base\mvdm|wow16/ddeml/dmgdb.c|a1f7df43d0ce8cdef64271e778fd1e2d5d55ce7ce92df7e8508e1abb175e5b71|916"	"1"	"1"	"1"	"reachable original declaration and definition"	"unconditional"	"unconditional"	"source call/declaration/definition arity confirmed; retain conditional contexts for profile binding and admit zero-degree closure rebase"
"MVDM-FIRST-REBASELINED-009507"	"DdeUninitialize"	"wow16/ddeml/ddeml.c"	"db5e05ec3476aad827158ee92c97bcf499d5e16afe6cdbab8b232210ea100de6"	"498"	"UnlinkAppInfo"	"O:\repos.external\OpenNT\base\mvdm|wow16/ddeml/dmgdb.c|a1f7df43d0ce8cdef64271e778fd1e2d5d55ce7ce92df7e8508e1abb175e5b71|58"	"1"	"1"	"1"	"reachable original declaration and definition"	"unconditional"	"unconditional"	"source call/declaration/definition arity confirmed; retain conditional contexts for profile binding and admit zero-degree closure rebase"
"MVDM-FIRST-REBASELINED-009508"	"DdeUninitialize"	"wow16/ddeml/ddeml.c"	"db5e05ec3476aad827158ee92c97bcf499d5e16afe6cdbab8b232210ea100de6"	"500"	"DmgDestroyWindow"	"O:\repos.external\OpenNT\base\mvdm|wow16/ddeml/dmgdb.c|a1f7df43d0ce8cdef64271e778fd1e2d5d55ce7ce92df7e8508e1abb175e5b71|916"	"1"	"1"	"1"	"reachable original declaration and definition"	"unconditional"	"unconditional"	"source call/declaration/definition arity confirmed; retain conditional contexts for profile binding and admit zero-degree closure rebase"
"MVDM-FIRST-REBASELINED-009509"	"DdeUninitialize"	"wow16/ddeml/ddeml.c"	"db5e05ec3476aad827158ee92c97bcf499d5e16afe6cdbab8b232210ea100de6"	"501"	"DmgDestroyWindow"	"O:\repos.external\OpenNT\base\mvdm|wow16/ddeml/dmgdb.c|a1f7df43d0ce8cdef64271e778fd1e2d5d55ce7ce92df7e8508e1abb175e5b71|916"	"1"	"1"	"1"	"reachable original declaration and definition"	"unconditional"	"unconditional"	"source call/declaration/definition arity confirmed; retain conditional contexts for profile binding and admit zero-degree closure rebase"
"MVDM-FIRST-REBASELINED-009510"	"DdeUninitialize"	"wow16/ddeml/ddeml.c"	"db5e05ec3476aad827158ee92c97bcf499d5e16afe6cdbab8b232210ea100de6"	"503"	"PopPileSubitem"	"O:\repos.external\OpenNT\base\mvdm|wow16/ddeml/dmgdb.c|a1f7df43d0ce8cdef64271e778fd1e2d5d55ce7ce92df7e8508e1abb175e5b71|743"	"2"	"2"	"2"	"reachable original declaration and definition"	"unconditional"	"unconditional"	"source call/declaration/definition arity confirmed; retain conditional contexts for profile binding and admit zero-degree closure rebase"
"MVDM-FIRST-REBASELINED-009511"	"DdeUninitialize"	"wow16/ddeml/ddeml.c"	"db5e05ec3476aad827158ee92c97bcf499d5e16afe6cdbab8b232210ea100de6"	"505"	"DestroyPile"	"O:\repos.external\OpenNT\base\mvdm|wow16/ddeml/dmgdb.c|a1f7df43d0ce8cdef64271e778fd1e2d5d55ce7ce92df7e8508e1abb175e5b71|572"	"1"	"1"	"1"	"reachable original declaration and definition"	"unconditional"	"unconditional"	"source call/declaration/definition arity confirmed; retain conditional contexts for profile binding and admit zero-degree closure rebase"
"MVDM-FIRST-REBASELINED-009512"	"DdeUninitialize"	"wow16/ddeml/ddeml.c"	"db5e05ec3476aad827158ee92c97bcf499d5e16afe6cdbab8b232210ea100de6"	"507"	"PopPileSubitem"	"O:\repos.external\OpenNT\base\mvdm|wow16/ddeml/dmgdb.c|a1f7df43d0ce8cdef64271e778fd1e2d5d55ce7ce92df7e8508e1abb175e5b71|743"	"2"	"2"	"2"	"reachable original declaration and definition"	"unconditional"	"unconditional"	"source call/declaration/definition arity confirmed; retain conditional contexts for profile binding and admit zero-degree closure rebase"
"MVDM-FIRST-REBASELINED-009513"	"DdeUninitialize"	"wow16/ddeml/ddeml.c"	"db5e05ec3476aad827158ee92c97bcf499d5e16afe6cdbab8b232210ea100de6"	"509"	"FreeHsz"	"O:\repos.external\OpenNT\base\mvdm|wow16/ddeml/dmghsz.c|057b6e90ed65a296ef1151a02c5e5b8319d7ea5dd2a1904667acd6baf25562a3|32"	"1"	"1"	"1"	"reachable original declaration and definition"	"unconditional"	"unconditional"	"source call/declaration/definition arity confirmed; retain conditional contexts for profile binding and admit zero-degree closure rebase"
"MVDM-FIRST-REBASELINED-009514"	"DdeUninitialize"	"wow16/ddeml/ddeml.c"	"db5e05ec3476aad827158ee92c97bcf499d5e16afe6cdbab8b232210ea100de6"	"511"	"DestroyPile"	"O:\repos.external\OpenNT\base\mvdm|wow16/ddeml/dmgdb.c|a1f7df43d0ce8cdef64271e778fd1e2d5d55ce7ce92df7e8508e1abb175e5b71|572"	"1"	"1"	"1"	"reachable original declaration and definition"	"unconditional"	"unconditional"	"source call/declaration/definition arity confirmed; retain conditional contexts for profile binding and admit zero-degree closure rebase"
"MVDM-FIRST-REBASELINED-009515"	"DdeUninitialize"	"wow16/ddeml/ddeml.c"	"db5e05ec3476aad827158ee92c97bcf499d5e16afe6cdbab8b232210ea100de6"	"512"	"DestroyPile"	"O:\repos.external\OpenNT\base\mvdm|wow16/ddeml/dmgdb.c|a1f7df43d0ce8cdef64271e778fd1e2d5d55ce7ce92df7e8508e1abb175e5b71|572"	"1"	"1"	"1"	"reachable original declaration and definition"	"unconditional"	"unconditional"	"source call/declaration/definition arity confirmed; retain conditional contexts for profile binding and admit zero-degree closure rebase"
"MVDM-FIRST-REBASELINED-009516"	"DdeUninitialize"	"wow16/ddeml/ddeml.c"	"db5e05ec3476aad827158ee92c97bcf499d5e16afe6cdbab8b232210ea100de6"	"513"	"DestroyLst"	"O:\repos.external\OpenNT\base\mvdm|wow16/ddeml/dmgdb.c|a1f7df43d0ce8cdef64271e778fd1e2d5d55ce7ce92df7e8508e1abb175e5b71|110"	"1"	"1"	"1"	"reachable original declaration and definition"	"unconditional"	"unconditional"	"source call/declaration/definition arity confirmed; retain conditional contexts for profile binding and admit zero-degree closure rebase"
"MVDM-FIRST-REBASELINED-009517"	"DdeUninitialize"	"wow16/ddeml/ddeml.c"	"db5e05ec3476aad827158ee92c97bcf499d5e16afe6cdbab8b232210ea100de6"	"514"	"DmgDestroyHeap"	"O:\repos.external\OpenNT\base\mvdm|wow16/ddeml/dmgmem.c|94dbd9d00a8d907fe86eeccaf066e880ff5763381527979d0b5f35ac9b90edb8|367"	"1"	"1"	"1"	"reachable original declaration and definition"	"unconditional"	"unconditional"	"source call/declaration/definition arity confirmed; retain conditional contexts for profile binding and admit zero-degree closure rebase"
"MVDM-FIRST-REBASELINED-009518"	"DdeUninitialize"	"wow16/ddeml/ddeml.c"	"db5e05ec3476aad827158ee92c97bcf499d5e16afe6cdbab8b232210ea100de6"	"523"	"PopPileSubitem"	"O:\repos.external\OpenNT\base\mvdm|wow16/ddeml/dmgdb.c|a1f7df43d0ce8cdef64271e778fd1e2d5d55ce7ce92df7e8508e1abb175e5b71|743"	"2"	"2"	"2"	"reachable original declaration and definition"	"ifdef:DEBUG"	"unconditional"	"source call/declaration/definition arity confirmed; retain conditional contexts for profile binding and admit zero-degree closure rebase"
"MVDM-FIRST-REBASELINED-009519"	"DdeUninitialize"	"wow16/ddeml/ddeml.c"	"db5e05ec3476aad827158ee92c97bcf499d5e16afe6cdbab8b232210ea100de6"	"526"	"DestroyPile"	"O:\repos.external\OpenNT\base\mvdm|wow16/ddeml/dmgdb.c|a1f7df43d0ce8cdef64271e778fd1e2d5d55ce7ce92df7e8508e1abb175e5b71|572"	"1"	"1"	"1"	"reachable original declaration and definition"	"unconditional"	"unconditional"	"source call/declaration/definition arity confirmed; retain conditional contexts for profile binding and admit zero-degree closure rebase"
"MVDM-FIRST-REBASELINED-009520"	"DdeUninitialize"	"wow16/ddeml/ddeml.c"	"db5e05ec3476aad827158ee92c97bcf499d5e16afe6cdbab8b232210ea100de6"	"527"	"DestroyPile"	"O:\repos.external\OpenNT\base\mvdm|wow16/ddeml/dmgdb.c|a1f7df43d0ce8cdef64271e778fd1e2d5d55ce7ce92df7e8508e1abb175e5b71|572"	"1"	"1"	"1"	"reachable original declaration and definition"	"unconditional"	"unconditional"	"source call/declaration/definition arity confirmed; retain conditional contexts for profile binding and admit zero-degree closure rebase"
"MVDM-FIRST-REBASELINED-009558"	"DdeQueryConvInfo"	"wow16/ddeml/ddeml.c"	"db5e05ec3476aad827158ee92c97bcf499d5e16afe6cdbab8b232210ea100de6"	"980"	"Findqi"	"O:\repos.external\OpenNT\base\mvdm|wow16/ddeml/dmgq.c|254d37ce3990229730dbbfc3cb97c2d32f2eef2d514385abc08b49f77f825e0b|164"	"2"	"2"	"2"	"reachable original declaration and definition"	"unconditional"	"unconditional"	"source call/declaration/definition arity confirmed; retain conditional contexts for profile binding and admit zero-degree closure rebase"
"MVDM-FIRST-REBASELINED-009564"	"DdeSetUserHandle"	"wow16/ddeml/ddeml.c"	"db5e05ec3476aad827158ee92c97bcf499d5e16afe6cdbab8b232210ea100de6"	"1070"	"Findqi"	"O:\repos.external\OpenNT\base\mvdm|wow16/ddeml/dmgq.c|254d37ce3990229730dbbfc3cb97c2d32f2eef2d514385abc08b49f77f825e0b|164"	"2"	"2"	"2"	"reachable original declaration and definition"	"unconditional"	"unconditional"	"source call/declaration/definition arity confirmed; retain conditional contexts for profile binding and admit zero-degree closure rebase"
"MVDM-FIRST-REBASELINED-009566"	"DdePostAdvise"	"wow16/ddeml/ddeml.c"	"db5e05ec3476aad827158ee92c97bcf499d5e16afe6cdbab8b232210ea100de6"	"1151"	"IncHszCount"	"O:\repos.external\OpenNT\base\mvdm|wow16/ddeml/dmghsz.c|057b6e90ed65a296ef1151a02c5e5b8319d7ea5dd2a1904667acd6baf25562a3|50"	"1"	"1"	"1"	"reachable original declaration and definition"	"unconditional"	"unconditional"	"source call/declaration/definition arity confirmed; retain conditional contexts for profile binding and admit zero-degree closure rebase"
"MVDM-FIRST-REBASELINED-009569"	"DdeClientTransaction"	"wow16/ddeml/ddeml.c"	"db5e05ec3476aad827158ee92c97bcf499d5e16afe6cdbab8b232210ea100de6"	"1313"	"PutData"	"O:\repos.external\OpenNT\base\mvdm|wow16/ddeml/hdata.c|ccb5dae526bf31363aae403a71e57ec90adb9d621700b3ba3677e3b38d5317a8|13"	"7"	"7"	"7"	"reachable original declaration and definition"	"unconditional"	"unconditional"	"source call/declaration/definition arity confirmed; retain conditional contexts for profile binding and admit zero-degree closure rebase"
"MVDM-FIRST-REBASELINED-009570"	"DdeClientTransaction"	"wow16/ddeml/ddeml.c"	"db5e05ec3476aad827158ee92c97bcf499d5e16afe6cdbab8b232210ea100de6"	"1356"	"FarAllocMem"	"O:\repos.external\OpenNT\base\mvdm|wow16/ddeml/dmgmem.c|94dbd9d00a8d907fe86eeccaf066e880ff5763381527979d0b5f35ac9b90edb8|430"	"2"	"2"	"2"	"reachable original declaration and definition"	"unconditional"	"unconditional"	"source call/declaration/definition arity confirmed; retain conditional contexts for profile binding and admit zero-degree closure rebase"
"MVDM-FIRST-REBASELINED-009571"	"DdeCreateDataHandle"	"wow16/ddeml/ddeml.c"	"db5e05ec3476aad827158ee92c97bcf499d5e16afe6cdbab8b232210ea100de6"	"1528"	"PutData"	"O:\repos.external\OpenNT\base\mvdm|wow16/ddeml/hdata.c|ccb5dae526bf31363aae403a71e57ec90adb9d621700b3ba3677e3b38d5317a8|13"	"7"	"7"	"7"	"reachable original declaration and definition"	"unconditional"	"unconditional"	"source call/declaration/definition arity confirmed; retain conditional contexts for profile binding and admit zero-degree closure rebase"
"MVDM-FIRST-REBASELINED-009572"	"DdeCreateDataHandle"	"wow16/ddeml/ddeml.c"	"db5e05ec3476aad827158ee92c97bcf499d5e16afe6cdbab8b232210ea100de6"	"1533"	"FarAllocMem"	"O:\repos.external\OpenNT\base\mvdm|wow16/ddeml/dmgmem.c|94dbd9d00a8d907fe86eeccaf066e880ff5763381527979d0b5f35ac9b90edb8|430"	"2"	"2"	"2"	"reachable original declaration and definition"	"unconditional"	"unconditional"	"source call/declaration/definition arity confirmed; retain conditional contexts for profile binding and admit zero-degree closure rebase"
"MVDM-FIRST-REBASELINED-009573"	"DdeAddData"	"wow16/ddeml/ddeml.c"	"db5e05ec3476aad827158ee92c97bcf499d5e16afe6cdbab8b232210ea100de6"	"1585"	"FindPileItem"	"O:\repos.external\OpenNT\base\mvdm|wow16/ddeml/dmgdb.c|a1f7df43d0ce8cdef64271e778fd1e2d5d55ce7ce92df7e8508e1abb175e5b71|627"	"4"	"4"	"4"	"reachable original declaration and definition"	"unconditional"	"unconditional"	"source call/declaration/definition arity confirmed; retain conditional contexts for profile binding and admit zero-degree closure rebase"
"MVDM-FIRST-REBASELINED-009575"	"DdeAddData"	"wow16/ddeml/ddeml.c"	"db5e05ec3476aad827158ee92c97bcf499d5e16afe6cdbab8b232210ea100de6"	"1617"	"CopyHugeBlock"	"O:\repos.external\OpenNT\base\mvdm|wow16/ddeml/dmgdb.c|a1f7df43d0ce8cdef64271e778fd1e2d5d55ce7ce92df7e8508e1abb175e5b71|843"	"3"	"3"	"3"	"reachable original declaration and definition"	"unconditional"	"unconditional"	"source call/declaration/definition arity confirmed; retain conditional contexts for profile binding and admit zero-degree closure rebase"
"MVDM-FIRST-REBASELINED-009577"	"DdeAddData"	"wow16/ddeml/ddeml.c"	"db5e05ec3476aad827158ee92c97bcf499d5e16afe6cdbab8b232210ea100de6"	"1623"	"FindPileItem"	"O:\repos.external\OpenNT\base\mvdm|wow16/ddeml/dmgdb.c|a1f7df43d0ce8cdef64271e778fd1e2d5d55ce7ce92df7e8508e1abb175e5b71|627"	"4"	"4"	"4"	"reachable original declaration and definition"	"unconditional"	"unconditional"	"source call/declaration/definition arity confirmed; retain conditional contexts for profile binding and admit zero-degree closure rebase"
"MVDM-FIRST-REBASELINED-009578"	"DdeAddData"	"wow16/ddeml/ddeml.c"	"db5e05ec3476aad827158ee92c97bcf499d5e16afe6cdbab8b232210ea100de6"	"1629"	"FindPileItem"	"O:\repos.external\OpenNT\base\mvdm|wow16/ddeml/dmgdb.c|a1f7df43d0ce8cdef64271e778fd1e2d5d55ce7ce92df7e8508e1abb175e5b71|627"	"4"	"4"	"4"	"reachable original declaration and definition"	"unconditional"	"unconditional"	"source call/declaration/definition arity confirmed; retain conditional contexts for profile binding and admit zero-degree closure rebase"
"MVDM-FIRST-REBASELINED-009579"	"DdeAddData"	"wow16/ddeml/ddeml.c"	"db5e05ec3476aad827158ee92c97bcf499d5e16afe6cdbab8b232210ea100de6"	"1634"	"FindPileItem"	"O:\repos.external\OpenNT\base\mvdm|wow16/ddeml/dmgdb.c|a1f7df43d0ce8cdef64271e778fd1e2d5d55ce7ce92df7e8508e1abb175e5b71|627"	"4"	"4"	"4"	"reachable original declaration and definition"	"unconditional"	"unconditional"	"source call/declaration/definition arity confirmed; retain conditional contexts for profile binding and admit zero-degree closure rebase"
"MVDM-FIRST-REBASELINED-009580"	"DdeAddData"	"wow16/ddeml/ddeml.c"	"db5e05ec3476aad827158ee92c97bcf499d5e16afe6cdbab8b232210ea100de6"	"1636"	"AddPileItem"	"O:\repos.external\OpenNT\base\mvdm|wow16/ddeml/dmgdb.c|a1f7df43d0ce8cdef64271e778fd1e2d5d55ce7ce92df7e8508e1abb175e5b71|688"	"3"	"3"	"3"	"reachable original declaration and definition"	"unconditional"	"unconditional"	"source call/declaration/definition arity confirmed; retain conditional contexts for profile binding and admit zero-degree closure rebase"
"MVDM-FIRST-REBASELINED-009581"	"DdeAddData"	"wow16/ddeml/ddeml.c"	"db5e05ec3476aad827158ee92c97bcf499d5e16afe6cdbab8b232210ea100de6"	"1639"	"AddPileItem"	"O:\repos.external\OpenNT\base\mvdm|wow16/ddeml/dmgdb.c|a1f7df43d0ce8cdef64271e778fd1e2d5d55ce7ce92df7e8508e1abb175e5b71|688"	"3"	"3"	"3"	"reachable original declaration and definition"	"unconditional"	"unconditional"	"source call/declaration/definition arity confirmed; retain conditional contexts for profile binding and admit zero-degree closure rebase"
"MVDM-FIRST-REBASELINED-009582"	"DdeAddData"	"wow16/ddeml/ddeml.c"	"db5e05ec3476aad827158ee92c97bcf499d5e16afe6cdbab8b232210ea100de6"	"1646"	"CopyHugeBlock"	"O:\repos.external\OpenNT\base\mvdm|wow16/ddeml/dmgdb.c|a1f7df43d0ce8cdef64271e778fd1e2d5d55ce7ce92df7e8508e1abb175e5b71|843"	"3"	"3"	"3"	"reachable original declaration and definition"	"unconditional"	"unconditional"	"source call/declaration/definition arity confirmed; retain conditional contexts for profile binding and admit zero-degree closure rebase"
"MVDM-FIRST-REBASELINED-009590"	"DdeCreateStringHandle"	"wow16/ddeml/ddeml.c"	"db5e05ec3476aad827158ee92c97bcf499d5e16afe6cdbab8b232210ea100de6"	"1906"	"FindAddHsz"	"O:\repos.external\OpenNT\base\mvdm|wow16/ddeml/dmghsz.c|057b6e90ed65a296ef1151a02c5e5b8319d7ea5dd2a1904667acd6baf25562a3|134"	"2"	"2"	"2"	"reachable original declaration and definition"	"unconditional"	"unconditional"	"source call/declaration/definition arity confirmed; retain conditional contexts for profile binding and admit zero-degree closure rebase"
"MVDM-FIRST-REBASELINED-009591"	"DdeCreateStringHandle"	"wow16/ddeml/ddeml.c"	"db5e05ec3476aad827158ee92c97bcf499d5e16afe6cdbab8b232210ea100de6"	"1910"	"AddPileItem"	"O:\repos.external\OpenNT\base\mvdm|wow16/ddeml/dmgdb.c|a1f7df43d0ce8cdef64271e778fd1e2d5d55ce7ce92df7e8508e1abb175e5b71|688"	"3"	"3"	"3"	"reachable original declaration and definition"	"unconditional"	"unconditional"	"source call/declaration/definition arity confirmed; retain conditional contexts for profile binding and admit zero-degree closure rebase"
"MVDM-FIRST-REBASELINED-009592"	"DdeFreeStringHandle"	"wow16/ddeml/ddeml.c"	"db5e05ec3476aad827158ee92c97bcf499d5e16afe6cdbab8b232210ea100de6"	"1945"	"FindPileItem"	"O:\repos.external\OpenNT\base\mvdm|wow16/ddeml/dmgdb.c|a1f7df43d0ce8cdef64271e778fd1e2d5d55ce7ce92df7e8508e1abb175e5b71|627"	"4"	"4"	"4"	"reachable original declaration and definition"	"unconditional"	"unconditional"	"source call/declaration/definition arity confirmed; retain conditional contexts for profile binding and admit zero-degree closure rebase"
"MVDM-FIRST-REBASELINED-009593"	"DdeFreeStringHandle"	"wow16/ddeml/ddeml.c"	"db5e05ec3476aad827158ee92c97bcf499d5e16afe6cdbab8b232210ea100de6"	"1946"	"FreeHsz"	"O:\repos.external\OpenNT\base\mvdm|wow16/ddeml/dmghsz.c|057b6e90ed65a296ef1151a02c5e5b8319d7ea5dd2a1904667acd6baf25562a3|32"	"1"	"1"	"1"	"reachable original declaration and definition"	"unconditional"	"unconditional"	"source call/declaration/definition arity confirmed; retain conditional contexts for profile binding and admit zero-degree closure rebase"
"MVDM-FIRST-REBASELINED-009594"	"DdeKeepStringHandle"	"wow16/ddeml/ddeml.c"	"db5e05ec3476aad827158ee92c97bcf499d5e16afe6cdbab8b232210ea100de6"	"1971"	"AddPileItem"	"O:\repos.external\OpenNT\base\mvdm|wow16/ddeml/dmgdb.c|a1f7df43d0ce8cdef64271e778fd1e2d5d55ce7ce92df7e8508e1abb175e5b71|688"	"3"	"3"	"3"	"reachable original declaration and definition"	"unconditional"	"unconditional"	"source call/declaration/definition arity confirmed; retain conditional contexts for profile binding and admit zero-degree closure rebase"
"MVDM-FIRST-REBASELINED-009595"	"DdeKeepStringHandle"	"wow16/ddeml/ddeml.c"	"db5e05ec3476aad827158ee92c97bcf499d5e16afe6cdbab8b232210ea100de6"	"1972"	"IncHszCount"	"O:\repos.external\OpenNT\base\mvdm|wow16/ddeml/dmghsz.c|057b6e90ed65a296ef1151a02c5e5b8319d7ea5dd2a1904667acd6baf25562a3|50"	"1"	"1"	"1"	"reachable original declaration and definition"	"unconditional"	"unconditional"	"source call/declaration/definition arity confirmed; retain conditional contexts for profile binding and admit zero-degree closure rebase"
"MVDM-FIRST-REBASELINED-009597"	"DdeQueryString"	"wow16/ddeml/ddeml.c"	"db5e05ec3476aad827158ee92c97bcf499d5e16afe6cdbab8b232210ea100de6"	"2004"	"QueryHszName"	"O:\repos.external\OpenNT\base\mvdm|wow16/ddeml/dmghsz.c|057b6e90ed65a296ef1151a02c5e5b8319d7ea5dd2a1904667acd6baf25562a3|101"	"3"	"3"	"3"	"reachable original declaration and definition"	"unconditional"	"unconditional"	"source call/declaration/definition arity confirmed; retain conditional contexts for profile binding and admit zero-degree closure rebase"
"MVDM-FIRST-REBASELINED-009598"	"DdeQueryString"	"wow16/ddeml/ddeml.c"	"db5e05ec3476aad827158ee92c97bcf499d5e16afe6cdbab8b232210ea100de6"	"2013"	"QueryHszLength"	"O:\repos.external\OpenNT\base\mvdm|wow16/ddeml/dmghsz.c|057b6e90ed65a296ef1151a02c5e5b8319d7ea5dd2a1904667acd6baf25562a3|78"	"1"	"1"	"1"	"reachable original declaration and definition"	"unconditional"	"unconditional"	"source call/declaration/definition arity confirmed; retain conditional contexts for profile binding and admit zero-degree closure rebase"
"MVDM-FIRST-REBASELINED-009603"	"AbandonTransaction"	"wow16/ddeml/ddeml.c"	"db5e05ec3476aad827158ee92c97bcf499d5e16afe6cdbab8b232210ea100de6"	"2135"	"Findqi"	"O:\repos.external\OpenNT\base\mvdm|wow16/ddeml/dmgq.c|254d37ce3990229730dbbfc3cb97c2d32f2eef2d514385abc08b49f77f825e0b|164"	"2"	"2"	"2"	"reachable original declaration and definition"	"unconditional"	"unconditional"	"source call/declaration/definition arity confirmed; retain conditional contexts for profile binding and admit zero-degree closure rebase"
"MVDM-FIRST-REBASELINED-009604"	"AbandonTransaction"	"wow16/ddeml/ddeml.c"	"db5e05ec3476aad827158ee92c97bcf499d5e16afe6cdbab8b232210ea100de6"	"2155"	"FindPileItem"	"O:\repos.external\OpenNT\base\mvdm|wow16/ddeml/dmgdb.c|a1f7df43d0ce8cdef64271e778fd1e2d5d55ce7ce92df7e8508e1abb175e5b71|627"	"4"	"4"	"4"	"reachable original declaration and definition"	"unconditional"	"unconditional"	"source call/declaration/definition arity confirmed; retain conditional contexts for profile binding and admit zero-degree closure rebase"
"MVDM-FIRST-REBASELINED-009605"	"AbandonTransaction"	"wow16/ddeml/ddeml.c"	"db5e05ec3476aad827158ee92c97bcf499d5e16afe6cdbab8b232210ea100de6"	"2165"	"FreeHsz"	"O:\repos.external\OpenNT\base\mvdm|wow16/ddeml/dmghsz.c|057b6e90ed65a296ef1151a02c5e5b8319d7ea5dd2a1904667acd6baf25562a3|32"	"1"	"1"	"1"	"reachable original declaration and definition"	"unconditional"	"unconditional"	"source call/declaration/definition arity confirmed; retain conditional contexts for profile binding and admit zero-degree closure rebase"
"MVDM-FIRST-REBASELINED-009606"	"AbandonTransaction"	"wow16/ddeml/ddeml.c"	"db5e05ec3476aad827158ee92c97bcf499d5e16afe6cdbab8b232210ea100de6"	"2166"	"Deleteqi"	"O:\repos.external\OpenNT\base\mvdm|wow16/ddeml/dmgq.c|254d37ce3990229730dbbfc3cb97c2d32f2eef2d514385abc08b49f77f825e0b|124"	"2"	"2"	"2"	"reachable original declaration and definition"	"unconditional"	"unconditional"	"source call/declaration/definition arity confirmed; retain conditional contexts for profile binding and admit zero-degree closure rebase"
"MVDM-FIRST-REBASELINED-009609"	"DdeNameService"	"wow16/ddeml/ddeml.c"	"db5e05ec3476aad827158ee92c97bcf499d5e16afe6cdbab8b232210ea100de6"	"2311"	"PopPileSubitem"	"O:\repos.external\OpenNT\base\mvdm|wow16/ddeml/dmgdb.c|a1f7df43d0ce8cdef64271e778fd1e2d5d55ce7ce92df7e8508e1abb175e5b71|743"	"2"	"2"	"2"	"reachable original declaration and definition"	"unconditional"	"unconditional"	"source call/declaration/definition arity confirmed; retain conditional contexts for profile binding and admit zero-degree closure rebase"
"MVDM-FIRST-REBASELINED-009610"	"DdeNameService"	"wow16/ddeml/ddeml.c"	"db5e05ec3476aad827158ee92c97bcf499d5e16afe6cdbab8b232210ea100de6"	"2313"	"FreeHsz"	"O:\repos.external\OpenNT\base\mvdm|wow16/ddeml/dmghsz.c|057b6e90ed65a296ef1151a02c5e5b8319d7ea5dd2a1904667acd6baf25562a3|32"	"1"	"1"	"1"	"reachable original declaration and definition"	"unconditional"	"unconditional"	"source call/declaration/definition arity confirmed; retain conditional contexts for profile binding and admit zero-degree closure rebase"
"MVDM-FIRST-REBASELINED-009611"	"DdeNameService"	"wow16/ddeml/ddeml.c"	"db5e05ec3476aad827158ee92c97bcf499d5e16afe6cdbab8b232210ea100de6"	"2322"	"CreatePile"	"O:\repos.external\OpenNT\base\mvdm|wow16/ddeml/dmgdb.c|a1f7df43d0ce8cdef64271e778fd1e2d5d55ce7ce92df7e8508e1abb175e5b71|552"	"3"	"3"	"3"	"reachable original declaration and definition"	"unconditional"	"unconditional"	"source call/declaration/definition arity confirmed; retain conditional contexts for profile binding and admit zero-degree closure rebase"
"MVDM-FIRST-REBASELINED-009612"	"DdeNameService"	"wow16/ddeml/ddeml.c"	"db5e05ec3476aad827158ee92c97bcf499d5e16afe6cdbab8b232210ea100de6"	"2324"	"IncHszCount"	"O:\repos.external\OpenNT\base\mvdm|wow16/ddeml/dmghsz.c|057b6e90ed65a296ef1151a02c5e5b8319d7ea5dd2a1904667acd6baf25562a3|50"	"1"	"1"	"1"	"reachable original declaration and definition"	"unconditional"	"unconditional"	"source call/declaration/definition arity confirmed; retain conditional contexts for profile binding and admit zero-degree closure rebase"
"MVDM-FIRST-REBASELINED-009613"	"DdeNameService"	"wow16/ddeml/ddeml.c"	"db5e05ec3476aad827158ee92c97bcf499d5e16afe6cdbab8b232210ea100de6"	"2325"	"AddPileItem"	"O:\repos.external\OpenNT\base\mvdm|wow16/ddeml/dmgdb.c|a1f7df43d0ce8cdef64271e778fd1e2d5d55ce7ce92df7e8508e1abb175e5b71|688"	"3"	"3"	"3"	"reachable original declaration and definition"	"unconditional"	"unconditional"	"source call/declaration/definition arity confirmed; retain conditional contexts for profile binding and admit zero-degree closure rebase"
"MVDM-FIRST-REBASELINED-009614"	"DdeNameService"	"wow16/ddeml/ddeml.c"	"db5e05ec3476aad827158ee92c97bcf499d5e16afe6cdbab8b232210ea100de6"	"2327"	"FindPileItem"	"O:\repos.external\OpenNT\base\mvdm|wow16/ddeml/dmgdb.c|a1f7df43d0ce8cdef64271e778fd1e2d5d55ce7ce92df7e8508e1abb175e5b71|627"	"4"	"4"	"4"	"reachable original declaration and definition"	"unconditional"	"unconditional"	"source call/declaration/definition arity confirmed; retain conditional contexts for profile binding and admit zero-degree closure rebase"
"MVDM-FIRST-REBASELINED-009615"	"DdeNameService"	"wow16/ddeml/ddeml.c"	"db5e05ec3476aad827158ee92c97bcf499d5e16afe6cdbab8b232210ea100de6"	"2334"	"FreeHsz"	"O:\repos.external\OpenNT\base\mvdm|wow16/ddeml/dmghsz.c|057b6e90ed65a296ef1151a02c5e5b8319d7ea5dd2a1904667acd6baf25562a3|32"	"1"	"1"	"1"	"reachable original declaration and definition"	"unconditional"	"unconditional"	"source call/declaration/definition arity confirmed; retain conditional contexts for profile binding and admit zero-degree closure rebase"
"MVDM-FIRST-REBASELINED-009617"	"AddAdvList"	"wow16/ddeml/dmgdb.c"	"a1f7df43d0ce8cdef64271e778fd1e2d5d55ce7ce92df7e8508e1abb175e5b71"	"407"	"IncHszCount"	"O:\repos.external\OpenNT\base\mvdm|wow16/ddeml/dmghsz.c|057b6e90ed65a296ef1151a02c5e5b8319d7ea5dd2a1904667acd6baf25562a3|50"	"1"	"1"	"1"	"reachable original declaration and definition"	"unconditional"	"unconditional"	"source call/declaration/definition arity confirmed; retain conditional contexts for profile binding and admit zero-degree closure rebase"
"MVDM-FIRST-REBASELINED-009618"	"AddAdvList"	"wow16/ddeml/dmgdb.c"	"a1f7df43d0ce8cdef64271e778fd1e2d5d55ce7ce92df7e8508e1abb175e5b71"	"408"	"NewLstItem"	"O:\repos.external\OpenNT\base\mvdm|wow16/ddeml/dmgdb.c|a1f7df43d0ce8cdef64271e778fd1e2d5d55ce7ce92df7e8508e1abb175e5b71|206"	"2"	"2"	"2"	"reachable original declaration and definition"	"unconditional"	"unconditional"	"source call/declaration/definition arity confirmed; retain conditional contexts for profile binding and admit zero-degree closure rebase"
"MVDM-FIRST-REBASELINED-009619"	"DeleteAdvList"	"wow16/ddeml/dmgdb.c"	"a1f7df43d0ce8cdef64271e778fd1e2d5d55ce7ce92df7e8508e1abb175e5b71"	"441"	"FreeHsz"	"O:\repos.external\OpenNT\base\mvdm|wow16/ddeml/dmghsz.c|057b6e90ed65a296ef1151a02c5e5b8319d7ea5dd2a1904667acd6baf25562a3|32"	"1"	"1"	"1"	"reachable original declaration and definition"	"unconditional"	"unconditional"	"source call/declaration/definition arity confirmed; retain conditional contexts for profile binding and admit zero-degree closure rebase"
"MVDM-FIRST-REBASELINED-009620"	"DeleteAdvList"	"wow16/ddeml/dmgdb.c"	"a1f7df43d0ce8cdef64271e778fd1e2d5d55ce7ce92df7e8508e1abb175e5b71"	"442"	"RemoveLstItem"	"O:\repos.external\OpenNT\base\mvdm|wow16/ddeml/dmgdb.c|a1f7df43d0ce8cdef64271e778fd1e2d5d55ce7ce92df7e8508e1abb175e5b71|246"	"2"	"2"	"2"	"reachable original declaration and definition"	"unconditional"	"unconditional"	"source call/declaration/definition arity confirmed; retain conditional contexts for profile binding and admit zero-degree closure rebase"
"MVDM-FIRST-REBASELINED-009621"	"FindAdvList"	"wow16/ddeml/dmgdb.c"	"a1f7df43d0ce8cdef64271e778fd1e2d5d55ce7ce92df7e8508e1abb175e5b71"	"471"	"FindLstItem"	"O:\repos.external\OpenNT\base\mvdm|wow16/ddeml/dmgdb.c|a1f7df43d0ce8cdef64271e778fd1e2d5d55ce7ce92df7e8508e1abb175e5b71|140"	"3"	"3"	"3"	"reachable original declaration and definition"	"unconditional"	"unconditional"	"source call/declaration/definition arity confirmed; retain conditional contexts for profile binding and admit zero-degree closure rebase"
"MVDM-FIRST-REBASELINED-009622"	"CleanupAdvList"	"wow16/ddeml/dmgdb.c"	"a1f7df43d0ce8cdef64271e778fd1e2d5d55ce7ce92df7e8508e1abb175e5b71"	"536"	"FreeHsz"	"O:\repos.external\OpenNT\base\mvdm|wow16/ddeml/dmghsz.c|057b6e90ed65a296ef1151a02c5e5b8319d7ea5dd2a1904667acd6baf25562a3|32"	"1"	"1"	"1"	"reachable original declaration and definition"	"unconditional"	"unconditional"	"source call/declaration/definition arity confirmed; retain conditional contexts for profile binding and admit zero-degree closure rebase"
"MVDM-FIRST-REBASELINED-009623"	"CleanupAdvList"	"wow16/ddeml/dmgdb.c"	"a1f7df43d0ce8cdef64271e778fd1e2d5d55ce7ce92df7e8508e1abb175e5b71"	"537"	"RemoveLstItem"	"O:\repos.external\OpenNT\base\mvdm|wow16/ddeml/dmgdb.c|a1f7df43d0ce8cdef64271e778fd1e2d5d55ce7ce92df7e8508e1abb175e5b71|246"	"2"	"2"	"2"	"reachable original declaration and definition"	"unconditional"	"unconditional"	"source call/declaration/definition arity confirmed; retain conditional contexts for profile binding and admit zero-degree closure rebase"
"MVDM-FIRST-REBASELINED-009638"	"PostDdeMessage"	"wow16/ddeml/dmgdde.c"	"e9b8d0ee1e58cbb1944171704c735d35d8de41a9d366b25db06094be1ce40505"	"316"	"Addqi"	"O:\repos.external\OpenNT\base\mvdm|wow16/ddeml/dmgq.c|254d37ce3990229730dbbfc3cb97c2d32f2eef2d514385abc08b49f77f825e0b|86"	"1"	"1"	"1"	"reachable original declaration and definition"	"unconditional"	"unconditional"	"source call/declaration/definition arity confirmed; retain conditional contexts for profile binding and admit zero-degree closure rebase"
"MVDM-FIRST-REBASELINED-009645"	"PostDdeMessage"	"wow16/ddeml/dmgdde.c"	"e9b8d0ee1e58cbb1944171704c735d35d8de41a9d366b25db06094be1ce40505"	"395"	"FarAllocMem"	"O:\repos.external\OpenNT\base\mvdm|wow16/ddeml/dmgmem.c|94dbd9d00a8d907fe86eeccaf066e880ff5763381527979d0b5f35ac9b90edb8|430"	"2"	"2"	"2"	"reachable original declaration and definition"	"unconditional"	"unconditional"	"source call/declaration/definition arity confirmed; retain conditional contexts for profile binding and admit zero-degree closure rebase"
"MVDM-FIRST-REBASELINED-009646"	"PostDdeMessage"	"wow16/ddeml/dmgdde.c"	"e9b8d0ee1e58cbb1944171704c735d35d8de41a9d366b25db06094be1ce40505"	"400"	"CreateQ"	"O:\repos.external\OpenNT\base\mvdm|wow16/ddeml/dmgq.c|254d37ce3990229730dbbfc3cb97c2d32f2eef2d514385abc08b49f77f825e0b|38"	"1"	"1"	"1"	"reachable original declaration and definition"	"unconditional"	"unconditional"	"source call/declaration/definition arity confirmed; retain conditional contexts for profile binding and admit zero-degree closure rebase"
"MVDM-FIRST-REBASELINED-009647"	"PostDdeMessage"	"wow16/ddeml/dmgdde.c"	"e9b8d0ee1e58cbb1944171704c735d35d8de41a9d366b25db06094be1ce40505"	"412"	"Addqi"	"O:\repos.external\OpenNT\base\mvdm|wow16/ddeml/dmgq.c|254d37ce3990229730dbbfc3cb97c2d32f2eef2d514385abc08b49f77f825e0b|86"	"1"	"1"	"1"	"reachable original declaration and definition"	"unconditional"	"unconditional"	"source call/declaration/definition arity confirmed; retain conditional contexts for profile binding and admit zero-degree closure rebase"
"MVDM-FIRST-REBASELINED-009648"	"EmptyDDEPostQ"	"wow16/ddeml/dmgdde.c"	"e9b8d0ee1e58cbb1944171704c735d35d8de41a9d366b25db06094be1ce40505"	"464"	"Findqi"	"O:\repos.external\OpenNT\base\mvdm|wow16/ddeml/dmgq.c|254d37ce3990229730dbbfc3cb97c2d32f2eef2d514385abc08b49f77f825e0b|164"	"2"	"2"	"2"	"reachable original declaration and definition"	"unconditional"	"unconditional"	"source call/declaration/definition arity confirmed; retain conditional contexts for profile binding and admit zero-degree closure rebase"
"MVDM-FIRST-REBASELINED-009651"	"EmptyDDEPostQ"	"wow16/ddeml/dmgdde.c"	"e9b8d0ee1e58cbb1944171704c735d35d8de41a9d366b25db06094be1ce40505"	"483"	"Deleteqi"	"O:\repos.external\OpenNT\base\mvdm|wow16/ddeml/dmgq.c|254d37ce3990229730dbbfc3cb97c2d32f2eef2d514385abc08b49f77f825e0b|124"	"2"	"2"	"2"	"reachable original declaration and definition"	"unconditional"	"unconditional"	"source call/declaration/definition arity confirmed; retain conditional contexts for profile binding and admit zero-degree closure rebase"
"MVDM-FIRST-REBASELINED-009652"	"EmptyDDEPostQ"	"wow16/ddeml/dmgdde.c"	"e9b8d0ee1e58cbb1944171704c735d35d8de41a9d366b25db06094be1ce40505"	"490"	"DestroyQ"	"O:\repos.external\OpenNT\base\mvdm|wow16/ddeml/dmgq.c|254d37ce3990229730dbbfc3cb97c2d32f2eef2d514385abc08b49f77f825e0b|66"	"1"	"1"	"1"	"reachable original declaration and definition"	"unconditional"	"unconditional"	"source call/declaration/definition arity confirmed; retain conditional contexts for profile binding and admit zero-degree closure rebase"
"MVDM-FIRST-REBASELINED-009670"	"RegisterClasses"	"wow16/ddeml/dmgmem.c"	"94dbd9d00a8d907fe86eeccaf066e880ff5763381527979d0b5f35ac9b90edb8"	"595"	"LoadCursor"	"O:\repos.external\OpenNT\base\mvdm|wow16/user/rmload.c|8d96c263db2c272ed5577667cc9c214543945ea210d278c5404f808e49b150e3|637"	"2"	"unresolved"	"3"	"unresolved"	"ifdef:WATCHHEAPS"	"ifdef:NEEDED"	"call/declaration/definition shape not fully confirmed; preserve first-degree record"
"MVDM-FIRST-REBASELINED-009677"	"allocMonBuf"	"wow16/ddeml/dmgmon.c"	"cc5f2fc70db0a2fb0bfed3f5ef6b43edad78f9cb90e4ab7e8c9662f3fbff0925"	"261"	"AllocDDESel"	"O:\repos.external\OpenNT\base\mvdm|wow16/ddeml/dmgdde.c|e9b8d0ee1e58cbb1944171704c735d35d8de41a9d366b25db06094be1ce40505|156"	"3"	"3"	"3"	"reachable original declaration and definition"	"unconditional"	"unconditional"	"source call/declaration/definition arity confirmed; retain conditional contexts for profile binding and admit zero-degree closure rebase"
"MVDM-FIRST-REBASELINED-009678"	"FindNextQi"	"wow16/ddeml/dmgq.c"	"254d37ce3990229730dbbfc3cb97c2d32f2eef2d514385abc08b49f77f825e0b"	"206"	"Deleteqi"	"O:\repos.external\OpenNT\base\mvdm|wow16/ddeml/dmgq.c|254d37ce3990229730dbbfc3cb97c2d32f2eef2d514385abc08b49f77f825e0b|124"	"2"	"2"	"2"	"reachable original declaration and definition"	"unconditional"	"unconditional"	"source call/declaration/definition arity confirmed; retain conditional contexts for profile binding and admit zero-degree closure rebase"
"MVDM-FIRST-REBASELINED-009681"	"CheckCBQ"	"wow16/ddeml/dmgwndp.c"	"90ed7ba26029ba4b2dda2cd4bc6f857bf6a6150c6f8f97d9fe2ce02a89283875"	"587"	"RemoveLstItem"	"O:\repos.external\OpenNT\base\mvdm|wow16/ddeml/dmgdb.c|a1f7df43d0ce8cdef64271e778fd1e2d5d55ce7ce92df7e8508e1abb175e5b71|246"	"2"	"2"	"2"	"reachable original declaration and definition"	"unconditional"	"unconditional"	"source call/declaration/definition arity confirmed; retain conditional contexts for profile binding and admit zero-degree closure rebase"
"MVDM-FIRST-REBASELINED-009682"	"CheckCBQ"	"wow16/ddeml/dmgwndp.c"	"90ed7ba26029ba4b2dda2cd4bc6f857bf6a6150c6f8f97d9fe2ce02a89283875"	"631"	"RemoveLstItem"	"O:\repos.external\OpenNT\base\mvdm|wow16/ddeml/dmgdb.c|a1f7df43d0ce8cdef64271e778fd1e2d5d55ce7ce92df7e8508e1abb175e5b71|246"	"2"	"2"	"2"	"reachable original declaration and definition"	"unconditional"	"unconditional"	"source call/declaration/definition arity confirmed; retain conditional contexts for profile binding and admit zero-degree closure rebase"
"MVDM-FIRST-REBASELINED-009692"	"DoCallback"	"wow16/ddeml/dmgwndp.c"	"90ed7ba26029ba4b2dda2cd4bc6f857bf6a6150c6f8f97d9fe2ce02a89283875"	"1314"	"PutData"	"O:\repos.external\OpenNT\base\mvdm|wow16/ddeml/hdata.c|ccb5dae526bf31363aae403a71e57ec90adb9d621700b3ba3677e3b38d5317a8|13"	"7"	"7"	"7"	"reachable original declaration and definition"	"ifdef:MSG"	"unconditional"	"source call/declaration/definition arity confirmed; retain conditional contexts for profile binding and admit zero-degree closure rebase"
"MVDM-FIRST-REBASELINED-009696"	"FreeDataHandle"	"wow16/ddeml/hdata.c"	"ccb5dae526bf31363aae403a71e57ec90adb9d621700b3ba3677e3b38d5317a8"	"111"	"FindPileItem"	"O:\repos.external\OpenNT\base\mvdm|wow16/ddeml/dmgdb.c|a1f7df43d0ce8cdef64271e778fd1e2d5d55ce7ce92df7e8508e1abb175e5b71|627"	"4"	"4"	"4"	"reachable original declaration and definition"	"unconditional"	"unconditional"	"source call/declaration/definition arity confirmed; retain conditional contexts for profile binding and admit zero-degree closure rebase"
"MVDM-FIRST-REBASELINED-009697"	"FreeDataHandle"	"wow16/ddeml/hdata.c"	"ccb5dae526bf31363aae403a71e57ec90adb9d621700b3ba3677e3b38d5317a8"	"125"	"FindPileItem"	"O:\repos.external\OpenNT\base\mvdm|wow16/ddeml/dmgdb.c|a1f7df43d0ce8cdef64271e778fd1e2d5d55ce7ce92df7e8508e1abb175e5b71|627"	"4"	"4"	"4"	"reachable original declaration and definition"	"unconditional"	"unconditional"	"source call/declaration/definition arity confirmed; retain conditional contexts for profile binding and admit zero-degree closure rebase"
"MVDM-FIRST-REBASELINED-009698"	"FreeDataHandle"	"wow16/ddeml/hdata.c"	"ccb5dae526bf31363aae403a71e57ec90adb9d621700b3ba3677e3b38d5317a8"	"134"	"FindPileItem"	"O:\repos.external\OpenNT\base\mvdm|wow16/ddeml/dmgdb.c|a1f7df43d0ce8cdef64271e778fd1e2d5d55ce7ce92df7e8508e1abb175e5b71|627"	"4"	"4"	"4"	"reachable original declaration and definition"	"unconditional"	"unconditional"	"source call/declaration/definition arity confirmed; retain conditional contexts for profile binding and admit zero-degree closure rebase"
"MVDM-FIRST-REBASELINED-009699"	"DllEntry"	"wow16/ddeml/hdata.c"	"ccb5dae526bf31363aae403a71e57ec90adb9d621700b3ba3677e3b38d5317a8"	"190"	"AddPileItem"	"O:\repos.external\OpenNT\base\mvdm|wow16/ddeml/dmgdb.c|a1f7df43d0ce8cdef64271e778fd1e2d5d55ce7ce92df7e8508e1abb175e5b71|688"	"3"	"3"	"3"	"reachable original declaration and definition"	"unconditional"	"unconditional"	"source call/declaration/definition arity confirmed; retain conditional contexts for profile binding and admit zero-degree closure rebase"
"MVDM-FIRST-REBASELINED-009700"	"XmitPrep"	"wow16/ddeml/hdata.c"	"ccb5dae526bf31363aae403a71e57ec90adb9d621700b3ba3677e3b38d5317a8"	"211"	"FindPileItem"	"O:\repos.external\OpenNT\base\mvdm|wow16/ddeml/dmgdb.c|a1f7df43d0ce8cdef64271e778fd1e2d5d55ce7ce92df7e8508e1abb175e5b71|627"	"4"	"4"	"4"	"reachable original declaration and definition"	"unconditional"	"unconditional"	"source call/declaration/definition arity confirmed; retain conditional contexts for profile binding and admit zero-degree closure rebase"
"MVDM-FIRST-REBASELINED-009702"	"CopyDDEShareHandle"	"wow16/ddeml/hdata.c"	"ccb5dae526bf31363aae403a71e57ec90adb9d621700b3ba3677e3b38d5317a8"	"271"	"CopyHugeBlock"	"O:\repos.external\OpenNT\base\mvdm|wow16/ddeml/dmgdb.c|a1f7df43d0ce8cdef64271e778fd1e2d5d55ce7ce92df7e8508e1abb175e5b71|843"	"3"	"3"	"3"	"reachable original declaration and definition"	"unconditional"	"unconditional"	"source call/declaration/definition arity confirmed; retain conditional contexts for profile binding and admit zero-degree closure rebase"
"MVDM-FIRST-REBASELINED-009724"	"CopyHDDEDATA"	"wow16/ddeml/hdata.c"	"ccb5dae526bf31363aae403a71e57ec90adb9d621700b3ba3677e3b38d5317a8"	"412"	"AddPileItem"	"O:\repos.external\OpenNT\base\mvdm|wow16/ddeml/dmgdb.c|a1f7df43d0ce8cdef64271e778fd1e2d5d55ce7ce92df7e8508e1abb175e5b71|688"	"3"	"3"	"3"	"reachable original declaration and definition"	"unconditional"	"unconditional"	"source call/declaration/definition arity confirmed; retain conditional contexts for profile binding and admit zero-degree closure rebase"
"MVDM-FIRST-REBASELINED-009748"	"SendMessageToClass"	"wow16/ddeml/register.c"	"9b47a313bc08e784c7ddd277030d19aa61f8d5c86314c28272a0f51ed923fef2"	"53"	"IncHszCount"	"O:\repos.external\OpenNT\base\mvdm|wow16/ddeml/dmghsz.c|057b6e90ed65a296ef1151a02c5e5b8319d7ea5dd2a1904667acd6baf25562a3|50"	"1"	"1"	"1"	"reachable original declaration and definition"	"unconditional"	"unconditional"	"source call/declaration/definition arity confirmed; retain conditional contexts for profile binding and admit zero-degree closure rebase"
"MVDM-FIRST-REBASELINED-009752"	"RegisterService"	"wow16/ddeml/register.c"	"9b47a313bc08e784c7ddd277030d19aa61f8d5c86314c28272a0f51ed923fef2"	"87"	"IncHszCount"	"O:\repos.external\OpenNT\base\mvdm|wow16/ddeml/dmghsz.c|057b6e90ed65a296ef1151a02c5e5b8319d7ea5dd2a1904667acd6baf25562a3|50"	"1"	"1"	"1"	"reachable original declaration and definition"	"unconditional"	"unconditional"	"source call/declaration/definition arity confirmed; retain conditional contexts for profile binding and admit zero-degree closure rebase"
"MVDM-FIRST-REBASELINED-009763"	"ClientXferReq"	"wow16/ddeml/stdptcl.c"	"742cf96c570e94df2f809012d212d2336901dccb215ab4bb00bb335dfa3d4037"	"81"	"CreateQ"	"O:\repos.external\OpenNT\base\mvdm|wow16/ddeml/dmgq.c|254d37ce3990229730dbbfc3cb97c2d32f2eef2d514385abc08b49f77f825e0b|38"	"1"	"1"	"1"	"reachable original declaration and definition"	"unconditional"	"unconditional"	"source call/declaration/definition arity confirmed; retain conditional contexts for profile binding and admit zero-degree closure rebase"
"MVDM-FIRST-REBASELINED-009764"	"ClientXferReq"	"wow16/ddeml/stdptcl.c"	"742cf96c570e94df2f809012d212d2336901dccb215ab4bb00bb335dfa3d4037"	"91"	"Addqi"	"O:\repos.external\OpenNT\base\mvdm|wow16/ddeml/dmgq.c|254d37ce3990229730dbbfc3cb97c2d32f2eef2d514385abc08b49f77f825e0b|86"	"1"	"1"	"1"	"reachable original declaration and definition"	"unconditional"	"unconditional"	"source call/declaration/definition arity confirmed; retain conditional contexts for profile binding and admit zero-degree closure rebase"
"MVDM-FIRST-REBASELINED-009765"	"ClientXferReq"	"wow16/ddeml/stdptcl.c"	"742cf96c570e94df2f809012d212d2336901dccb215ab4bb00bb335dfa3d4037"	"97"	"IncHszCount"	"O:\repos.external\OpenNT\base\mvdm|wow16/ddeml/dmghsz.c|057b6e90ed65a296ef1151a02c5e5b8319d7ea5dd2a1904667acd6baf25562a3|50"	"1"	"1"	"1"	"reachable original declaration and definition"	"unconditional"	"unconditional"	"source call/declaration/definition arity confirmed; retain conditional contexts for profile binding and admit zero-degree closure rebase"
"MVDM-FIRST-REBASELINED-009767"	"ClientXferReq"	"wow16/ddeml/stdptcl.c"	"742cf96c570e94df2f809012d212d2336901dccb215ab4bb00bb335dfa3d4037"	"114"	"FreeHsz"	"O:\repos.external\OpenNT\base\mvdm|wow16/ddeml/dmghsz.c|057b6e90ed65a296ef1151a02c5e5b8319d7ea5dd2a1904667acd6baf25562a3|32"	"1"	"1"	"1"	"reachable original declaration and definition"	"unconditional"	"unconditional"	"source call/declaration/definition arity confirmed; retain conditional contexts for profile binding and admit zero-degree closure rebase"
"MVDM-FIRST-REBASELINED-009768"	"ClientXferReq"	"wow16/ddeml/stdptcl.c"	"742cf96c570e94df2f809012d212d2336901dccb215ab4bb00bb335dfa3d4037"	"115"	"Deleteqi"	"O:\repos.external\OpenNT\base\mvdm|wow16/ddeml/dmgq.c|254d37ce3990229730dbbfc3cb97c2d32f2eef2d514385abc08b49f77f825e0b|124"	"2"	"2"	"2"	"reachable original declaration and definition"	"unconditional"	"unconditional"	"source call/declaration/definition arity confirmed; retain conditional contexts for profile binding and admit zero-degree closure rebase"
"MVDM-FIRST-REBASELINED-009769"	"ClientXferReq"	"wow16/ddeml/stdptcl.c"	"742cf96c570e94df2f809012d212d2336901dccb215ab4bb00bb335dfa3d4037"	"165"	"AddPileItem"	"O:\repos.external\OpenNT\base\mvdm|wow16/ddeml/dmgdb.c|a1f7df43d0ce8cdef64271e778fd1e2d5d55ce7ce92df7e8508e1abb175e5b71|688"	"3"	"3"	"3"	"reachable original declaration and definition"	"unconditional"	"unconditional"	"source call/declaration/definition arity confirmed; retain conditional contexts for profile binding and admit zero-degree closure rebase"
"MVDM-FIRST-REBASELINED-009770"	"SendClientReq"	"wow16/ddeml/stdptcl.c"	"742cf96c570e94df2f809012d212d2336901dccb215ab4bb00bb335dfa3d4037"	"205"	"IncHszCount"	"O:\repos.external\OpenNT\base\mvdm|wow16/ddeml/dmghsz.c|057b6e90ed65a296ef1151a02c5e5b8319d7ea5dd2a1904667acd6baf25562a3|50"	"1"	"1"	"1"	"reachable original declaration and definition"	"unconditional"	"unconditional"	"source call/declaration/definition arity confirmed; retain conditional contexts for profile binding and admit zero-degree closure rebase"
"MVDM-FIRST-REBASELINED-009771"	"SendClientReq"	"wow16/ddeml/stdptcl.c"	"742cf96c570e94df2f809012d212d2336901dccb215ab4bb00bb335dfa3d4037"	"242"	"AllocDDESel"	"O:\repos.external\OpenNT\base\mvdm|wow16/ddeml/dmgdde.c|e9b8d0ee1e58cbb1944171704c735d35d8de41a9d366b25db06094be1ce40505|156"	"3"	"3"	"3"	"reachable original declaration and definition"	"unconditional"	"unconditional"	"source call/declaration/definition arity confirmed; retain conditional contexts for profile binding and admit zero-degree closure rebase"
"MVDM-FIRST-REBASELINED-009774"	"PostServerAdvise"	"wow16/ddeml/stdptcl.c"	"742cf96c570e94df2f809012d212d2336901dccb215ab4bb00bb335dfa3d4037"	"511"	"FindPileItem"	"O:\repos.external\OpenNT\base\mvdm|wow16/ddeml/dmgdb.c|a1f7df43d0ce8cdef64271e778fd1e2d5d55ce7ce92df7e8508e1abb175e5b71|627"	"4"	"4"	"4"	"reachable original declaration and definition"	"unconditional"	"unconditional"	"source call/declaration/definition arity confirmed; retain conditional contexts for profile binding and admit zero-degree closure rebase"
"MVDM-FIRST-REBASELINED-009775"	"PostServerAdvise"	"wow16/ddeml/stdptcl.c"	"742cf96c570e94df2f809012d212d2336901dccb215ab4bb00bb335dfa3d4037"	"517"	"IncHszCount"	"O:\repos.external\OpenNT\base\mvdm|wow16/ddeml/dmghsz.c|057b6e90ed65a296ef1151a02c5e5b8319d7ea5dd2a1904667acd6baf25562a3|50"	"1"	"1"	"1"	"reachable original declaration and definition"	"unconditional"	"unconditional"	"source call/declaration/definition arity confirmed; retain conditional contexts for profile binding and admit zero-degree closure rebase"
"MVDM-FIRST-REBASELINED-009779"	"QReply"	"wow16/ddeml/stdptcl.c"	"742cf96c570e94df2f809012d212d2336901dccb215ab4bb00bb335dfa3d4037"	"596"	"FindPileItem"	"O:\repos.external\OpenNT\base\mvdm|wow16/ddeml/dmgdb.c|a1f7df43d0ce8cdef64271e778fd1e2d5d55ce7ce92df7e8508e1abb175e5b71|627"	"4"	"4"	"4"	"reachable original declaration and definition"	"unconditional"	"unconditional"	"source call/declaration/definition arity confirmed; retain conditional contexts for profile binding and admit zero-degree closure rebase"
"MVDM-FIRST-REBASELINED-009782"	"QReply"	"wow16/ddeml/stdptcl.c"	"742cf96c570e94df2f809012d212d2336901dccb215ab4bb00bb335dfa3d4037"	"705"	"FreeHsz"	"O:\repos.external\OpenNT\base\mvdm|wow16/ddeml/dmghsz.c|057b6e90ed65a296ef1151a02c5e5b8319d7ea5dd2a1904667acd6baf25562a3|32"	"1"	"1"	"1"	"reachable original declaration and definition"	"unconditional"	"unconditional"	"source call/declaration/definition arity confirmed; retain conditional contexts for profile binding and admit zero-degree closure rebase"
"MVDM-FIRST-REBASELINED-009783"	"QReply"	"wow16/ddeml/stdptcl.c"	"742cf96c570e94df2f809012d212d2336901dccb215ab4bb00bb335dfa3d4037"	"707"	"Deleteqi"	"O:\repos.external\OpenNT\base\mvdm|wow16/ddeml/dmgq.c|254d37ce3990229730dbbfc3cb97c2d32f2eef2d514385abc08b49f77f825e0b|124"	"2"	"2"	"2"	"reachable original declaration and definition"	"unconditional"	"unconditional"	"source call/declaration/definition arity confirmed; retain conditional contexts for profile binding and admit zero-degree closure rebase"
"MVDM-FIRST-REBASELINED-009922"	"RecordParms"	"wow16/gdi/metarec.c"	"b7e60597669551b22e69d072c95414df1398211be863292ce82a9293fd99f0de"	"155"	"AttemptWrite"	"O:\repos.external\OpenNT\base\mvdm|wow16/gdi/metarec.c|b7e60597669551b22e69d072c95414df1398211be863292ce82a9293fd99f0de|242"	"4"	"unresolved"	"4"	"same-translation-unit original definition"	"unconditional"	"unconditional"	"source call/declaration/definition arity confirmed; retain conditional contexts for profile binding and admit zero-degree closure rebase"
"MVDM-FIRST-REBASELINED-009923"	"RecordParms"	"wow16/gdi/metarec.c"	"b7e60597669551b22e69d072c95414df1398211be863292ce82a9293fd99f0de"	"189"	"AttemptWrite"	"O:\repos.external\OpenNT\base\mvdm|wow16/gdi/metarec.c|b7e60597669551b22e69d072c95414df1398211be863292ce82a9293fd99f0de|242"	"4"	"unresolved"	"4"	"same-translation-unit original definition"	"unconditional"	"unconditional"	"source call/declaration/definition arity confirmed; retain conditional contexts for profile binding and admit zero-degree closure rebase"
"MVDM-FIRST-REBASELINED-009924"	"RecordParms"	"wow16/gdi/metarec.c"	"b7e60597669551b22e69d072c95414df1398211be863292ce82a9293fd99f0de"	"198"	"AttemptWrite"	"O:\repos.external\OpenNT\base\mvdm|wow16/gdi/metarec.c|b7e60597669551b22e69d072c95414df1398211be863292ce82a9293fd99f0de|242"	"4"	"unresolved"	"4"	"same-translation-unit original definition"	"unconditional"	"unconditional"	"source call/declaration/definition arity confirmed; retain conditional contexts for profile binding and admit zero-degree closure rebase"
"MVDM-FIRST-REBASELINED-009939"	"CloseMetaFile"	"wow16/gdi/metarec.c"	"b7e60597669551b22e69d072c95414df1398211be863292ce82a9293fd99f0de"	"1856"	"AttemptWrite"	"O:\repos.external\OpenNT\base\mvdm|wow16/gdi/metarec.c|b7e60597669551b22e69d072c95414df1398211be863292ce82a9293fd99f0de|242"	"4"	"unresolved"	"4"	"same-translation-unit original definition"	"if:0 // this is going to gdi.dll"	"unconditional"	"source call/declaration/definition arity confirmed; retain conditional contexts for profile binding and admit zero-degree closure rebase"
"MVDM-FIRST-REBASELINED-010061"	"fQuestion"	"wow16/mmsystem/mmsex.c"	"93afa83a4fa5993db93888b4dedf0adf8908eab0e39d4c23e49ba31798cc6196"	"224"	"MessageBox"	"O:\repos.external\OpenNT\base\mvdm|wow16/user/wmsyserr.c|7356b11ebb35366d49276db2374230d587ae59ebed87d690121de9f9951615a2|1188"	"4"	"unresolved"	"1"	"unresolved"	"unconditional"	"ifndef:WOW"	"call/declaration/definition shape not fully confirmed; preserve first-degree record"
"MVDM-FIRST-REBASELINED-010607"	"DosWowSetCurrentDirectory"	"wow32/wdos.c"	"e87b5cb3825ed937266c3badd287efd03cec3af0c26acb32ccc86d71fa47f314"	"434"	"NormalizeDosPath"	"O:\repos.external\OpenNT\base\mvdm|wow32/wkfileio.c|3437d0886ec49109668f09a46f5cf8b533ccfbd08f78ef441cbf71853482a8ad|1001"	"3"	"3"	"3"	"reachable original declaration and definition"	"unconditional"	"unconditional"	"source call/declaration/definition arity confirmed; retain conditional contexts for profile binding and admit zero-degree closure rebase"
"MVDM-FIRST-REBASELINED-011178"	"WK32WowFailedExec"	"wow32/wkman.c"	"56be1989f2bc3acaffcfa6345b20e38f5e7312badf03af04d4565f8f4a489ac9"	"2500"	"FlushMapFileCaches"	"O:\repos.external\OpenNT\base\mvdm|wow32/wkfileio.c|3437d0886ec49109668f09a46f5cf8b533ccfbd08f78ef441cbf71853482a8ad|712"	"0"	"0"	"0"	"reachable original declaration and definition"	"unconditional"	"unconditional"	"source call/declaration/definition arity confirmed; retain conditional contexts for profile binding and admit zero-degree closure rebase"
"MVDM-FIRST-REBASELINED-011551"	"WowFaxWndProc"	"wow32/wow32fax.c"	"855ac6c5d6d6ca97cc78802994784e8612e5eb6197533790466664bf0e892700"	"174"	"GetFaxDataMapName"	"O:\repos.external\OpenNT\base\mvdm|inc/wowfax.h|97c6c40dc2d0565a21dc1be4112fe24f138b10ddbb55fbd29e55da972a2a2c84|284"	"2"	"2;2;2;2"	"2"	"reachable original declaration and definition"	"unconditional"	"ifdef:WOWFAX_INC_COMMON_CODE"	"source call/declaration/definition arity confirmed; retain conditional contexts for profile binding and admit zero-degree closure rebase"
