candidate_id	caller_symbol	caller_source_path	caller_source_sha256	caller_source_line	caller_source_root	callee_spelling	original_mvdm_definition_candidate_count	root_matching_candidate_count	linkage_matching_candidate_count	allowed_package_roots	selectable_definition_count	selectable_definition_identities	next_disposition
"MVDM-FIRST-REBASELINED-000184"	"ExpandConfigFiles"	"dos/command/cmdconf.c"	"32892c8c489bed9e4be8faed12e1bafbc6c580ba81a509425e8493de1e6ffc0a"	"251"	"O:\repos.external\OpenNT\base\mvdm"	"cmdCreateTempFile"	"2"	"1"	"1"	"base/mvdm/dos;base/mvdm/inc;nt/private/mvdm/inc;nt/private/windows/inc;public/internal"	"1"	"O:\repos.external\OpenNT\base\mvdm|dos/command/cmdredir.c|a403f15ba9ec33af85ab38aaa7c4fea301016c4bb09a1ccbd3adee71a07dcc49|99"	"one original-MVDM body meets root/linkage/package gate; signature and conditional-form proof remains"
"MVDM-FIRST-REBASELINED-000207"	"ExpandConfigFiles"	"dos/command/cmdconf.c"	"32892c8c489bed9e4be8faed12e1bafbc6c580ba81a509425e8493de1e6ffc0a"	"530"	"O:\repos.external\OpenNT\base\mvdm"	"cmdInitConsole"	"2"	"1"	"1"	"base/mvdm/dos;base/mvdm/inc;nt/private/mvdm/inc;nt/private/windows/inc;public/internal"	"1"	"O:\repos.external\OpenNT\base\mvdm|dos/command/cmdmisc.c|1ca036932368a0d0bf1848b078cc80cd66e67a4cc46ad26a0c1b236fe40f4281|729"	"one original-MVDM body meets root/linkage/package gate; signature and conditional-form proof remains"
"MVDM-FIRST-REBASELINED-000220"	"CmdDispatch"	"dos/command/cmddisp.c"	"2a906e7100da9db6f16bab91c767b149f28e63a0db2803297812a8e86d2b19d6"	"48"	"O:\repos.external\OpenNT\base\mvdm"	"DbgPrint"	"0"	"0"	"0"	"base/mvdm/dos;base/mvdm/inc;nt/private/mvdm/inc;nt/private/windows/inc;public/internal"	"0"	""	"no original-MVDM body candidate; continue approved-source-union resolution"
"MVDM-FIRST-REBASELINED-000331"	"cmdCreateProcess"	"dos/command/cmdexec.c"	"98a941095d47ae73ef9731d389a433203c7184b0a016b62e24b202bb89f829d0"	"330"	"O:\repos.external\OpenNT\base\mvdm"	"GetNextVDMCommand"	"0"	"0"	"0"	"base/mvdm/dos;base/mvdm/inc;nt/private/mvdm/inc;nt/private/windows/inc;public/internal"	"0"	""	"no original-MVDM body candidate; continue approved-source-union resolution"
"MVDM-FIRST-REBASELINED-000351"	"cmdCreateProcess"	"dos/command/cmdexec.c"	"98a941095d47ae73ef9731d389a433203c7184b0a016b62e24b202bb89f829d0"	"419"	"O:\repos.external\OpenNT\base\mvdm"	"GetNextVDMCommand"	"0"	"0"	"0"	"base/mvdm/dos;base/mvdm/inc;nt/private/mvdm/inc;nt/private/windows/inc;public/internal"	"0"	""	"no original-MVDM body candidate; continue approved-source-union resolution"
"MVDM-FIRST-REBASELINED-000355"	"cmdExec32"	"dos/command/cmdexec.c"	"98a941095d47ae73ef9731d389a433203c7184b0a016b62e24b202bb89f829d0"	"472"	"O:\repos.external\OpenNT\base\mvdm"	"GetNextVDMCommand"	"0"	"0"	"0"	"base/mvdm/dos;base/mvdm/inc;nt/private/mvdm/inc;nt/private/windows/inc;public/internal"	"0"	""	"no original-MVDM body candidate; continue approved-source-union resolution"
"MVDM-FIRST-REBASELINED-000361"	"cmdReturnExitCode"	"dos/command/cmdexec.c"	"98a941095d47ae73ef9731d389a433203c7184b0a016b62e24b202bb89f829d0"	"625"	"O:\repos.external\OpenNT\base\mvdm"	"cmdUpdateCurrentDirectories"	"2"	"1"	"1"	"base/mvdm/dos;base/mvdm/inc;nt/private/mvdm/inc;nt/private/windows/inc;public/internal"	"1"	"O:\repos.external\OpenNT\base\mvdm|dos/command/cmdmisc.c|1ca036932368a0d0bf1848b078cc80cd66e67a4cc46ad26a0c1b236fe40f4281|778"	"one original-MVDM body meets root/linkage/package gate; signature and conditional-form proof remains"
"MVDM-FIRST-REBASELINED-000362"	"cmdReturnExitCode"	"dos/command/cmdexec.c"	"98a941095d47ae73ef9731d389a433203c7184b0a016b62e24b202bb89f829d0"	"630"	"O:\repos.external\OpenNT\base\mvdm"	"cmdCheckCopyForRedirection"	"2"	"1"	"1"	"base/mvdm/dos;base/mvdm/inc;nt/private/mvdm/inc;nt/private/windows/inc;public/internal"	"1"	"O:\repos.external\OpenNT\base\mvdm|dos/command/cmdredir.c|a403f15ba9ec33af85ab38aaa7c4fea301016c4bb09a1ccbd3adee71a07dcc49|20"	"one original-MVDM body meets root/linkage/package gate; signature and conditional-form proof remains"
"MVDM-FIRST-REBASELINED-000363"	"cmdReturnExitCode"	"dos/command/cmdexec.c"	"98a941095d47ae73ef9731d389a433203c7184b0a016b62e24b202bb89f829d0"	"633"	"O:\repos.external\OpenNT\base\mvdm"	"GetNextVDMCommand"	"0"	"0"	"0"	"base/mvdm/dos;base/mvdm/inc;nt/private/mvdm/inc;nt/private/windows/inc;public/internal"	"0"	""	"no original-MVDM body candidate; continue approved-source-union resolution"
"MVDM-FIRST-REBASELINED-000391"	"cmdGetKbdLayout"	"dos/command/cmdkeyb.c"	"b945cd4a072b592211f6427ee526b2ca47be05ac6bef9a33956105749d899eba"	"248"	"O:\repos.external\OpenNT\base\mvdm"	"cmdInitConsole"	"2"	"1"	"1"	"base/mvdm/dos;base/mvdm/inc;nt/private/mvdm/inc;nt/private/windows/inc;public/internal"	"1"	"O:\repos.external\OpenNT\base\mvdm|dos/command/cmdmisc.c|1ca036932368a0d0bf1848b078cc80cd66e67a4cc46ad26a0c1b236fe40f4281|729"	"one original-MVDM body meets root/linkage/package gate; signature and conditional-form proof remains"
"MVDM-FIRST-REBASELINED-000420"	"demDasdRead"	"dos/dem/demdasd.c"	"7438f5d4df1803664e66f16b7464d719c8e4341d1d9c2e7721ce7184bdf08942"	"213"	"O:\repos.external\OpenNT\base\mvdm"	"nt_floppy_media_check"	"2"	"1"	"1"	"base/mvdm/dos;base/mvdm/inc;nt/private/mvdm/inc"	"0"	""	"original-MVDM body exists but fails root/linkage/package gate; preserve first-degree record"
"MVDM-FIRST-REBASELINED-000424"	"demDasdRead"	"dos/dem/demdasd.c"	"7438f5d4df1803664e66f16b7464d719c8e4341d1d9c2e7721ce7184bdf08942"	"250"	"O:\repos.external\OpenNT\base\mvdm"	"nt_floppy_read"	"2"	"1"	"1"	"base/mvdm/dos;base/mvdm/inc;nt/private/mvdm/inc"	"0"	""	"original-MVDM body exists but fails root/linkage/package gate; preserve first-degree record"
"MVDM-FIRST-REBASELINED-000425"	"demDasdWrite"	"dos/dem/demdasd.c"	"7438f5d4df1803664e66f16b7464d719c8e4341d1d9c2e7721ce7184bdf08942"	"293"	"O:\repos.external\OpenNT\base\mvdm"	"nt_floppy_media_check"	"2"	"1"	"1"	"base/mvdm/dos;base/mvdm/inc;nt/private/mvdm/inc"	"0"	""	"original-MVDM body exists but fails root/linkage/package gate; preserve first-degree record"
"MVDM-FIRST-REBASELINED-000429"	"demDasdWrite"	"dos/dem/demdasd.c"	"7438f5d4df1803664e66f16b7464d719c8e4341d1d9c2e7721ce7184bdf08942"	"330"	"O:\repos.external\OpenNT\base\mvdm"	"nt_floppy_write"	"2"	"1"	"1"	"base/mvdm/dos;base/mvdm/inc;nt/private/mvdm/inc"	"0"	""	"original-MVDM body exists but fails root/linkage/package gate; preserve first-degree record"
"MVDM-FIRST-REBASELINED-000430"	"demDasdFormat"	"dos/dem/demdasd.c"	"7438f5d4df1803664e66f16b7464d719c8e4341d1d9c2e7721ce7184bdf08942"	"363"	"O:\repos.external\OpenNT\base\mvdm"	"nt_floppy_get_media_type"	"2"	"1"	"1"	"base/mvdm/dos;base/mvdm/inc;nt/private/mvdm/inc"	"0"	""	"original-MVDM body exists but fails root/linkage/package gate; preserve first-degree record"
"MVDM-FIRST-REBASELINED-000431"	"demDasdFormat"	"dos/dem/demdasd.c"	"7438f5d4df1803664e66f16b7464d719c8e4341d1d9c2e7721ce7184bdf08942"	"371"	"O:\repos.external\OpenNT\base\mvdm"	"nt_floppy_format"	"2"	"1"	"1"	"base/mvdm/dos;base/mvdm/inc;nt/private/mvdm/inc"	"0"	""	"original-MVDM body exists but fails root/linkage/package gate; preserve first-degree record"
"MVDM-FIRST-REBASELINED-000432"	"demDasdVerify"	"dos/dem/demdasd.c"	"7438f5d4df1803664e66f16b7464d719c8e4341d1d9c2e7721ce7184bdf08942"	"393"	"O:\repos.external\OpenNT\base\mvdm"	"nt_floppy_verify"	"2"	"1"	"1"	"base/mvdm/dos;base/mvdm/inc;nt/private/mvdm/inc"	"0"	""	"original-MVDM body exists but fails root/linkage/package gate; preserve first-degree record"
"MVDM-FIRST-REBASELINED-000435"	"demGetBPB"	"dos/dem/demdasd.c"	"7438f5d4df1803664e66f16b7464d719c8e4341d1d9c2e7721ce7184bdf08942"	"425"	"O:\repos.external\OpenNT\base\mvdm"	"nt_floppy_media_check"	"2"	"1"	"1"	"base/mvdm/dos;base/mvdm/inc;nt/private/mvdm/inc"	"0"	""	"original-MVDM body exists but fails root/linkage/package gate; preserve first-degree record"
"MVDM-FIRST-REBASELINED-000436"	"demGetBPB"	"dos/dem/demdasd.c"	"7438f5d4df1803664e66f16b7464d719c8e4341d1d9c2e7721ce7184bdf08942"	"428"	"O:\repos.external\OpenNT\base\mvdm"	"nt_floppy_close"	"2"	"1"	"1"	"base/mvdm/dos;base/mvdm/inc;nt/private/mvdm/inc"	"0"	""	"original-MVDM body exists but fails root/linkage/package gate; preserve first-degree record"
"MVDM-FIRST-REBASELINED-000437"	"demGetBPB"	"dos/dem/demdasd.c"	"7438f5d4df1803664e66f16b7464d719c8e4341d1d9c2e7721ce7184bdf08942"	"429"	"O:\repos.external\OpenNT\base\mvdm"	"nt_floppy_read"	"2"	"1"	"1"	"base/mvdm/dos;base/mvdm/inc;nt/private/mvdm/inc"	"0"	""	"original-MVDM body exists but fails root/linkage/package gate; preserve first-degree record"
"MVDM-FIRST-REBASELINED-000440"	"demFdiskInit"	"dos/dem/demdasd.c"	"7438f5d4df1803664e66f16b7464d719c8e4341d1d9c2e7721ce7184bdf08942"	"651"	"O:\repos.external\OpenNT\base\mvdm"	"nt_fdisk_init"	"2"	"1"	"1"	"base/mvdm/dos;base/mvdm/inc;nt/private/mvdm/inc"	"0"	""	"original-MVDM body exists but fails root/linkage/package gate; preserve first-degree record"
"MVDM-FIRST-REBASELINED-000473"	"demIoctlDiskGeneric"	"dos/dem/demioctl.c"	"6f480bf758d071b1fd2f76a137f892b77d1ea8d2d8ffb4690d395aedf5f733fa"	"189"	"O:\repos.external\OpenNT\base\mvdm"	"GetMediaId"	"2"	"1"	"1"	"base/mvdm/dos;base/mvdm/inc;nt/private/mvdm/inc"	"1"	"O:\repos.external\OpenNT\base\mvdm|dos/dem/demgset.c|19c5999308a479cc9c0fcb30d23e8301d9a835408417aa965b85523dfb8a1653|619"	"one original-MVDM body meets root/linkage/package gate; signature and conditional-form proof remains"
"MVDM-FIRST-REBASELINED-000475"	"demIoctlDiskGeneric"	"dos/dem/demioctl.c"	"6f480bf758d071b1fd2f76a137f892b77d1ea8d2d8ffb4690d395aedf5f733fa"	"236"	"O:\repos.external\OpenNT\base\mvdm"	"nt_floppy_close"	"2"	"1"	"1"	"base/mvdm/dos;base/mvdm/inc;nt/private/mvdm/inc"	"0"	""	"original-MVDM body exists but fails root/linkage/package gate; preserve first-degree record"
"MVDM-FIRST-REBASELINED-000481"	"demIoctlDiskGeneric"	"dos/dem/demioctl.c"	"6f480bf758d071b1fd2f76a137f892b77d1ea8d2d8ffb4690d395aedf5f733fa"	"318"	"O:\repos.external\OpenNT\base\mvdm"	"nt_floppy_read"	"2"	"1"	"1"	"base/mvdm/dos;base/mvdm/inc;nt/private/mvdm/inc"	"0"	""	"original-MVDM body exists but fails root/linkage/package gate; preserve first-degree record"
"MVDM-FIRST-REBASELINED-000485"	"demIoctlDiskGeneric"	"dos/dem/demioctl.c"	"6f480bf758d071b1fd2f76a137f892b77d1ea8d2d8ffb4690d395aedf5f733fa"	"346"	"O:\repos.external\OpenNT\base\mvdm"	"nt_floppy_write"	"2"	"1"	"1"	"base/mvdm/dos;base/mvdm/inc;nt/private/mvdm/inc"	"0"	""	"original-MVDM body exists but fails root/linkage/package gate; preserve first-degree record"
"MVDM-FIRST-REBASELINED-000486"	"demIoctlDiskGeneric"	"dos/dem/demioctl.c"	"6f480bf758d071b1fd2f76a137f892b77d1ea8d2d8ffb4690d395aedf5f733fa"	"351"	"O:\repos.external\OpenNT\base\mvdm"	"nt_floppy_close"	"2"	"1"	"1"	"base/mvdm/dos;base/mvdm/inc;nt/private/mvdm/inc"	"0"	""	"original-MVDM body exists but fails root/linkage/package gate; preserve first-degree record"
"MVDM-FIRST-REBASELINED-000488"	"demIoctlDiskGeneric"	"dos/dem/demioctl.c"	"6f480bf758d071b1fd2f76a137f892b77d1ea8d2d8ffb4690d395aedf5f733fa"	"371"	"O:\repos.external\OpenNT\base\mvdm"	"demGetDiskFreeSpace"	"2"	"1"	"1"	"base/mvdm/dos;base/mvdm/inc;nt/private/mvdm/inc"	"1"	"O:\repos.external\OpenNT\base\mvdm|dos/dem/demgset.c|19c5999308a479cc9c0fcb30d23e8301d9a835408417aa965b85523dfb8a1653|825"	"one original-MVDM body meets root/linkage/package gate; signature and conditional-form proof remains"
"MVDM-FIRST-REBASELINED-000525"	"demDiskReset"	"dos/dem/demmisc.c"	"19676fa5995555ec0b16c2923953b4e6236467dc42bf36cc7e746f45d0fcf912"	"611"	"O:\repos.external\OpenNT\base\mvdm"	"HostFloppyReset"	"2"	"1"	"1"	"base/mvdm/dos;base/mvdm/inc;nt/private/mvdm/inc;nt/public/sdk/inc;public/sdk"	"0"	""	"original-MVDM body exists but fails root/linkage/package gate; preserve first-degree record"
"MVDM-FIRST-REBASELINED-000526"	"demDiskReset"	"dos/dem/demmisc.c"	"19676fa5995555ec0b16c2923953b4e6236467dc42bf36cc7e746f45d0fcf912"	"612"	"O:\repos.external\OpenNT\base\mvdm"	"HostFdiskReset"	"2"	"1"	"1"	"base/mvdm/dos;base/mvdm/inc;nt/private/mvdm/inc;nt/public/sdk/inc;public/sdk"	"0"	""	"original-MVDM body exists but fails root/linkage/package gate; preserve first-degree record"
"MVDM-FIRST-REBASELINED-000530"	"DpmiSegmentToSelector"	"dpmi32/buffer.c"	"6123c2acefa990be5bf87600a232a32feb1b7435ea0c2f346aa174b56ca37abc"	"290"	"O:\repos.external\OpenNT\base\mvdm"	"DpmiSwitchToDosxStack"	"2"	"1"	"1"	"base/mvdm/dpmi32;base/mvdm/inc;nt/private/mvdm/inc"	"1"	"O:\repos.external\OpenNT\base\mvdm|dpmi32/stack.c|e7423b2c5b7c6108b55c262d1329e1b1d279850b65af1abfbc6ec3fcf2af0fe5|25"	"one original-MVDM body meets root/linkage/package gate; signature and conditional-form proof remains"
"MVDM-FIRST-REBASELINED-000531"	"DpmiSegmentToSelector"	"dpmi32/buffer.c"	"6123c2acefa990be5bf87600a232a32feb1b7435ea0c2f346aa174b56ca37abc"	"334"	"O:\repos.external\OpenNT\base\mvdm"	"DpmiSwitchFromDosxStack"	"2"	"1"	"1"	"base/mvdm/dpmi32;base/mvdm/inc;nt/private/mvdm/inc"	"1"	"O:\repos.external\OpenNT\base\mvdm|dpmi32/stack.c|e7423b2c5b7c6108b55c262d1329e1b1d279850b65af1abfbc6ec3fcf2af0fe5|57"	"one original-MVDM body meets root/linkage/package gate; signature and conditional-form proof remains"
"MVDM-FIRST-REBASELINED-000555"	"NoTranslation"	"dpmi32/int21map.c"	"b0a8632ddb1bb0ed609115bcb113c7a43a0b042930cd281d333540089589c7e1"	"241"	"O:\repos.external\OpenNT\base\mvdm"	"DpmiSimulateIretCF"	"2"	"1"	"1"	"base/mvdm/dpmi32;base/mvdm/inc;nt/private/mvdm/inc"	"1"	"O:\repos.external\OpenNT\base\mvdm|dpmi32/stack.c|e7423b2c5b7c6108b55c262d1329e1b1d279850b65af1abfbc6ec3fcf2af0fe5|131"	"one original-MVDM body meets root/linkage/package gate; signature and conditional-form proof remains"
"MVDM-FIRST-REBASELINED-000556"	"DisplayString"	"dpmi32/int21map.c"	"b0a8632ddb1bb0ed609115bcb113c7a43a0b042930cd281d333540089589c7e1"	"300"	"O:\repos.external\OpenNT\base\mvdm"	"DpmiSimulateIretCF"	"2"	"1"	"1"	"base/mvdm/dpmi32;base/mvdm/inc;nt/private/mvdm/inc"	"1"	"O:\repos.external\OpenNT\base\mvdm|dpmi32/stack.c|e7423b2c5b7c6108b55c262d1329e1b1d279850b65af1abfbc6ec3fcf2af0fe5|131"	"one original-MVDM body meets root/linkage/package gate; signature and conditional-form proof remains"
"MVDM-FIRST-REBASELINED-000557"	"BufferedKeyboardInput"	"dpmi32/int21map.c"	"b0a8632ddb1bb0ed609115bcb113c7a43a0b042930cd281d333540089589c7e1"	"373"	"O:\repos.external\OpenNT\base\mvdm"	"DpmiSimulateIretCF"	"2"	"1"	"1"	"base/mvdm/dpmi32;base/mvdm/inc;nt/private/mvdm/inc"	"1"	"O:\repos.external\OpenNT\base\mvdm|dpmi32/stack.c|e7423b2c5b7c6108b55c262d1329e1b1d279850b65af1abfbc6ec3fcf2af0fe5|131"	"one original-MVDM body meets root/linkage/package gate; signature and conditional-form proof remains"
"MVDM-FIRST-REBASELINED-000563"	"FindFileFCB"	"dpmi32/int21map.c"	"b0a8632ddb1bb0ed609115bcb113c7a43a0b042930cd281d333540089589c7e1"	"521"	"O:\repos.external\OpenNT\base\mvdm"	"DpmiSimulateIretCF"	"2"	"1"	"1"	"base/mvdm/dpmi32;base/mvdm/inc;nt/private/mvdm/inc"	"1"	"O:\repos.external\OpenNT\base\mvdm|dpmi32/stack.c|e7423b2c5b7c6108b55c262d1329e1b1d279850b65af1abfbc6ec3fcf2af0fe5|131"	"one original-MVDM body meets root/linkage/package gate; signature and conditional-form proof remains"
"MVDM-FIRST-REBASELINED-000564"	"MapFCB"	"dpmi32/int21map.c"	"b0a8632ddb1bb0ed609115bcb113c7a43a0b042930cd281d333540089589c7e1"	"590"	"O:\repos.external\OpenNT\base\mvdm"	"DpmiSimulateIretCF"	"2"	"1"	"1"	"base/mvdm/dpmi32;base/mvdm/inc;nt/private/mvdm/inc"	"1"	"O:\repos.external\OpenNT\base\mvdm|dpmi32/stack.c|e7423b2c5b7c6108b55c262d1329e1b1d279850b65af1abfbc6ec3fcf2af0fe5|131"	"one original-MVDM body meets root/linkage/package gate; signature and conditional-form proof remains"
"MVDM-FIRST-REBASELINED-000565"	"RenameFCB"	"dpmi32/int21map.c"	"b0a8632ddb1bb0ed609115bcb113c7a43a0b042930cd281d333540089589c7e1"	"654"	"O:\repos.external\OpenNT\base\mvdm"	"DpmiSimulateIretCF"	"2"	"1"	"1"	"base/mvdm/dpmi32;base/mvdm/inc;nt/private/mvdm/inc"	"1"	"O:\repos.external\OpenNT\base\mvdm|dpmi32/stack.c|e7423b2c5b7c6108b55c262d1329e1b1d279850b65af1abfbc6ec3fcf2af0fe5|131"	"one original-MVDM body meets root/linkage/package gate; signature and conditional-form proof remains"
"MVDM-FIRST-REBASELINED-000566"	"GetDriveData"	"dpmi32/int21map.c"	"b0a8632ddb1bb0ed609115bcb113c7a43a0b042930cd281d333540089589c7e1"	"692"	"O:\repos.external\OpenNT\base\mvdm"	"DpmiSimulateIretCF"	"2"	"1"	"1"	"base/mvdm/dpmi32;base/mvdm/inc;nt/private/mvdm/inc"	"1"	"O:\repos.external\OpenNT\base\mvdm|dpmi32/stack.c|e7423b2c5b7c6108b55c262d1329e1b1d279850b65af1abfbc6ec3fcf2af0fe5|131"	"one original-MVDM body meets root/linkage/package gate; signature and conditional-form proof remains"
"MVDM-FIRST-REBASELINED-000567"	"CreatePSP"	"dpmi32/int21map.c"	"b0a8632ddb1bb0ed609115bcb113c7a43a0b042930cd281d333540089589c7e1"	"738"	"O:\repos.external\OpenNT\base\mvdm"	"DpmiSimulateIretCF"	"2"	"1"	"1"	"base/mvdm/dpmi32;base/mvdm/inc;nt/private/mvdm/inc"	"1"	"O:\repos.external\OpenNT\base\mvdm|dpmi32/stack.c|e7423b2c5b7c6108b55c262d1329e1b1d279850b65af1abfbc6ec3fcf2af0fe5|131"	"one original-MVDM body meets root/linkage/package gate; signature and conditional-form proof remains"
"MVDM-FIRST-REBASELINED-000568"	"ParseFilename"	"dpmi32/int21map.c"	"b0a8632ddb1bb0ed609115bcb113c7a43a0b042930cd281d333540089589c7e1"	"809"	"O:\repos.external\OpenNT\base\mvdm"	"DpmiSimulateIretCF"	"2"	"1"	"1"	"base/mvdm/dpmi32;base/mvdm/inc;nt/private/mvdm/inc"	"1"	"O:\repos.external\OpenNT\base\mvdm|dpmi32/stack.c|e7423b2c5b7c6108b55c262d1329e1b1d279850b65af1abfbc6ec3fcf2af0fe5|131"	"one original-MVDM body meets root/linkage/package gate; signature and conditional-form proof remains"
"MVDM-FIRST-REBASELINED-000569"	"GetDTA"	"dpmi32/int21map.c"	"b0a8632ddb1bb0ed609115bcb113c7a43a0b042930cd281d333540089589c7e1"	"848"	"O:\repos.external\OpenNT\base\mvdm"	"DpmiSimulateIretCF"	"2"	"1"	"1"	"base/mvdm/dpmi32;base/mvdm/inc;nt/private/mvdm/inc"	"1"	"O:\repos.external\OpenNT\base\mvdm|dpmi32/stack.c|e7423b2c5b7c6108b55c262d1329e1b1d279850b65af1abfbc6ec3fcf2af0fe5|131"	"one original-MVDM body meets root/linkage/package gate; signature and conditional-form proof remains"
"MVDM-FIRST-REBASELINED-000570"	"SetDTA"	"dpmi32/int21map.c"	"b0a8632ddb1bb0ed609115bcb113c7a43a0b042930cd281d333540089589c7e1"	"894"	"O:\repos.external\OpenNT\base\mvdm"	"DpmiSimulateIretCF"	"2"	"1"	"1"	"base/mvdm/dpmi32;base/mvdm/inc;nt/private/mvdm/inc"	"1"	"O:\repos.external\OpenNT\base\mvdm|dpmi32/stack.c|e7423b2c5b7c6108b55c262d1329e1b1d279850b65af1abfbc6ec3fcf2af0fe5|131"	"one original-MVDM body meets root/linkage/package gate; signature and conditional-form proof remains"
"MVDM-FIRST-REBASELINED-000571"	"GetDevParamBlock"	"dpmi32/int21map.c"	"b0a8632ddb1bb0ed609115bcb113c7a43a0b042930cd281d333540089589c7e1"	"1055"	"O:\repos.external\OpenNT\base\mvdm"	"DpmiSimulateIretCF"	"2"	"1"	"1"	"base/mvdm/dpmi32;base/mvdm/inc;nt/private/mvdm/inc"	"1"	"O:\repos.external\OpenNT\base\mvdm|dpmi32/stack.c|e7423b2c5b7c6108b55c262d1329e1b1d279850b65af1abfbc6ec3fcf2af0fe5|131"	"one original-MVDM body meets root/linkage/package gate; signature and conditional-form proof remains"
"MVDM-FIRST-REBASELINED-000572"	"ReturnESBX"	"dpmi32/int21map.c"	"b0a8632ddb1bb0ed609115bcb113c7a43a0b042930cd281d333540089589c7e1"	"1093"	"O:\repos.external\OpenNT\base\mvdm"	"DpmiSimulateIretCF"	"2"	"1"	"1"	"base/mvdm/dpmi32;base/mvdm/inc;nt/private/mvdm/inc"	"1"	"O:\repos.external\OpenNT\base\mvdm|dpmi32/stack.c|e7423b2c5b7c6108b55c262d1329e1b1d279850b65af1abfbc6ec3fcf2af0fe5|131"	"one original-MVDM body meets root/linkage/package gate; signature and conditional-form proof remains"
"MVDM-FIRST-REBASELINED-000573"	"GetSetCountry"	"dpmi32/int21map.c"	"b0a8632ddb1bb0ed609115bcb113c7a43a0b042930cd281d333540089589c7e1"	"1149"	"O:\repos.external\OpenNT\base\mvdm"	"DpmiSimulateIretCF"	"2"	"1"	"1"	"base/mvdm/dpmi32;base/mvdm/inc;nt/private/mvdm/inc"	"1"	"O:\repos.external\OpenNT\base\mvdm|dpmi32/stack.c|e7423b2c5b7c6108b55c262d1329e1b1d279850b65af1abfbc6ec3fcf2af0fe5|131"	"one original-MVDM body meets root/linkage/package gate; signature and conditional-form proof remains"
"MVDM-FIRST-REBASELINED-000574"	"MapASCIIZDSDX"	"dpmi32/int21map.c"	"b0a8632ddb1bb0ed609115bcb113c7a43a0b042930cd281d333540089589c7e1"	"1193"	"O:\repos.external\OpenNT\base\mvdm"	"DpmiSimulateIretCF"	"2"	"1"	"1"	"base/mvdm/dpmi32;base/mvdm/inc;nt/private/mvdm/inc"	"1"	"O:\repos.external\OpenNT\base\mvdm|dpmi32/stack.c|e7423b2c5b7c6108b55c262d1329e1b1d279850b65af1abfbc6ec3fcf2af0fe5|131"	"one original-MVDM body meets root/linkage/package gate; signature and conditional-form proof remains"
"MVDM-FIRST-REBASELINED-000576"	"ReadWriteFile"	"dpmi32/int21map.c"	"b0a8632ddb1bb0ed609115bcb113c7a43a0b042930cd281d333540089589c7e1"	"1292"	"O:\repos.external\OpenNT\base\mvdm"	"DpmiSimulateIretCF"	"2"	"1"	"1"	"base/mvdm/dpmi32;base/mvdm/inc;nt/private/mvdm/inc"	"1"	"O:\repos.external\OpenNT\base\mvdm|dpmi32/stack.c|e7423b2c5b7c6108b55c262d1329e1b1d279850b65af1abfbc6ec3fcf2af0fe5|131"	"one original-MVDM body meets root/linkage/package gate; signature and conditional-form proof remains"
"MVDM-FIRST-REBASELINED-000578"	"GetCurDir"	"dpmi32/int21map.c"	"b0a8632ddb1bb0ed609115bcb113c7a43a0b042930cd281d333540089589c7e1"	"1430"	"O:\repos.external\OpenNT\base\mvdm"	"DpmiSimulateIretCF"	"2"	"1"	"1"	"base/mvdm/dpmi32;base/mvdm/inc;nt/private/mvdm/inc"	"1"	"O:\repos.external\OpenNT\base\mvdm|dpmi32/stack.c|e7423b2c5b7c6108b55c262d1329e1b1d279850b65af1abfbc6ec3fcf2af0fe5|131"	"one original-MVDM body meets root/linkage/package gate; signature and conditional-form proof remains"
"MVDM-FIRST-REBASELINED-000580"	"AllocateMemoryBlock"	"dpmi32/int21map.c"	"b0a8632ddb1bb0ed609115bcb113c7a43a0b042930cd281d333540089589c7e1"	"1469"	"O:\repos.external\OpenNT\base\mvdm"	"DpmiSimulateIretCF"	"2"	"1"	"1"	"base/mvdm/dpmi32;base/mvdm/inc;nt/private/mvdm/inc"	"1"	"O:\repos.external\OpenNT\base\mvdm|dpmi32/stack.c|e7423b2c5b7c6108b55c262d1329e1b1d279850b65af1abfbc6ec3fcf2af0fe5|131"	"one original-MVDM body meets root/linkage/package gate; signature and conditional-form proof remains"
"MVDM-FIRST-REBASELINED-000582"	"FreeMemoryBlock"	"dpmi32/int21map.c"	"b0a8632ddb1bb0ed609115bcb113c7a43a0b042930cd281d333540089589c7e1"	"1513"	"O:\repos.external\OpenNT\base\mvdm"	"DpmiSimulateIretCF"	"2"	"1"	"1"	"base/mvdm/dpmi32;base/mvdm/inc;nt/private/mvdm/inc"	"1"	"O:\repos.external\OpenNT\base\mvdm|dpmi32/stack.c|e7423b2c5b7c6108b55c262d1329e1b1d279850b65af1abfbc6ec3fcf2af0fe5|131"	"one original-MVDM body meets root/linkage/package gate; signature and conditional-form proof remains"
"MVDM-FIRST-REBASELINED-000584"	"ResizeMemoryBlock"	"dpmi32/int21map.c"	"b0a8632ddb1bb0ed609115bcb113c7a43a0b042930cd281d333540089589c7e1"	"1558"	"O:\repos.external\OpenNT\base\mvdm"	"DpmiSimulateIretCF"	"2"	"1"	"1"	"base/mvdm/dpmi32;base/mvdm/inc;nt/private/mvdm/inc"	"1"	"O:\repos.external\OpenNT\base\mvdm|dpmi32/stack.c|e7423b2c5b7c6108b55c262d1329e1b1d279850b65af1abfbc6ec3fcf2af0fe5|131"	"one original-MVDM body meets root/linkage/package gate; signature and conditional-form proof remains"
"MVDM-FIRST-REBASELINED-000587"	"LoadExec"	"dpmi32/int21map.c"	"b0a8632ddb1bb0ed609115bcb113c7a43a0b042930cd281d333540089589c7e1"	"1731"	"O:\repos.external\OpenNT\base\mvdm"	"DpmiSimulateIretCF"	"2"	"1"	"1"	"base/mvdm/dpmi32;base/mvdm/inc;nt/private/mvdm/inc"	"1"	"O:\repos.external\OpenNT\base\mvdm|dpmi32/stack.c|e7423b2c5b7c6108b55c262d1329e1b1d279850b65af1abfbc6ec3fcf2af0fe5|131"	"one original-MVDM body meets root/linkage/package gate; signature and conditional-form proof remains"
"MVDM-FIRST-REBASELINED-000590"	"FindFirstFileHandle"	"dpmi32/int21map.c"	"b0a8632ddb1bb0ed609115bcb113c7a43a0b042930cd281d333540089589c7e1"	"1826"	"O:\repos.external\OpenNT\base\mvdm"	"DpmiSimulateIretCF"	"2"	"1"	"1"	"base/mvdm/dpmi32;base/mvdm/inc;nt/private/mvdm/inc"	"1"	"O:\repos.external\OpenNT\base\mvdm|dpmi32/stack.c|e7423b2c5b7c6108b55c262d1329e1b1d279850b65af1abfbc6ec3fcf2af0fe5|131"	"one original-MVDM body meets root/linkage/package gate; signature and conditional-form proof remains"
"MVDM-FIRST-REBASELINED-000593"	"FindNextFileHandle"	"dpmi32/int21map.c"	"b0a8632ddb1bb0ed609115bcb113c7a43a0b042930cd281d333540089589c7e1"	"1880"	"O:\repos.external\OpenNT\base\mvdm"	"DpmiSimulateIretCF"	"2"	"1"	"1"	"base/mvdm/dpmi32;base/mvdm/inc;nt/private/mvdm/inc"	"1"	"O:\repos.external\OpenNT\base\mvdm|dpmi32/stack.c|e7423b2c5b7c6108b55c262d1329e1b1d279850b65af1abfbc6ec3fcf2af0fe5|131"	"one original-MVDM body meets root/linkage/package gate; signature and conditional-form proof remains"
"MVDM-FIRST-REBASELINED-000594"	"SetPSP"	"dpmi32/int21map.c"	"b0a8632ddb1bb0ed609115bcb113c7a43a0b042930cd281d333540089589c7e1"	"1932"	"O:\repos.external\OpenNT\base\mvdm"	"DpmiSimulateIretCF"	"2"	"1"	"1"	"base/mvdm/dpmi32;base/mvdm/inc;nt/private/mvdm/inc"	"1"	"O:\repos.external\OpenNT\base\mvdm|dpmi32/stack.c|e7423b2c5b7c6108b55c262d1329e1b1d279850b65af1abfbc6ec3fcf2af0fe5|131"	"one original-MVDM body meets root/linkage/package gate; signature and conditional-form proof remains"
"MVDM-FIRST-REBASELINED-000595"	"GetPSP"	"dpmi32/int21map.c"	"b0a8632ddb1bb0ed609115bcb113c7a43a0b042930cd281d333540089589c7e1"	"1977"	"O:\repos.external\OpenNT\base\mvdm"	"DpmiSimulateIretCF"	"2"	"1"	"1"	"base/mvdm/dpmi32;base/mvdm/inc;nt/private/mvdm/inc"	"1"	"O:\repos.external\OpenNT\base\mvdm|dpmi32/stack.c|e7423b2c5b7c6108b55c262d1329e1b1d279850b65af1abfbc6ec3fcf2af0fe5|131"	"one original-MVDM body meets root/linkage/package gate; signature and conditional-form proof remains"
"MVDM-FIRST-REBASELINED-000597"	"TranslateBPB"	"dpmi32/int21map.c"	"b0a8632ddb1bb0ed609115bcb113c7a43a0b042930cd281d333540089589c7e1"	"2006"	"O:\repos.external\OpenNT\base\mvdm"	"DpmiSimulateIretCF"	"2"	"1"	"1"	"base/mvdm/dpmi32;base/mvdm/inc;nt/private/mvdm/inc"	"1"	"O:\repos.external\OpenNT\base\mvdm|dpmi32/stack.c|e7423b2c5b7c6108b55c262d1329e1b1d279850b65af1abfbc6ec3fcf2af0fe5|131"	"one original-MVDM body meets root/linkage/package gate; signature and conditional-form proof remains"
"MVDM-FIRST-REBASELINED-000598"	"RenameFile"	"dpmi32/int21map.c"	"b0a8632ddb1bb0ed609115bcb113c7a43a0b042930cd281d333540089589c7e1"	"2054"	"O:\repos.external\OpenNT\base\mvdm"	"DpmiSimulateIretCF"	"2"	"1"	"1"	"base/mvdm/dpmi32;base/mvdm/inc;nt/private/mvdm/inc"	"1"	"O:\repos.external\OpenNT\base\mvdm|dpmi32/stack.c|e7423b2c5b7c6108b55c262d1329e1b1d279850b65af1abfbc6ec3fcf2af0fe5|131"	"one original-MVDM body meets root/linkage/package gate; signature and conditional-form proof remains"
"MVDM-FIRST-REBASELINED-000599"	"CreateTempFile"	"dpmi32/int21map.c"	"b0a8632ddb1bb0ed609115bcb113c7a43a0b042930cd281d333540089589c7e1"	"2114"	"O:\repos.external\OpenNT\base\mvdm"	"DpmiSimulateIretCF"	"2"	"1"	"1"	"base/mvdm/dpmi32;base/mvdm/inc;nt/private/mvdm/inc"	"1"	"O:\repos.external\OpenNT\base\mvdm|dpmi32/stack.c|e7423b2c5b7c6108b55c262d1329e1b1d279850b65af1abfbc6ec3fcf2af0fe5|131"	"one original-MVDM body meets root/linkage/package gate; signature and conditional-form proof remains"
"MVDM-FIRST-REBASELINED-000602"	"Func5Fh"	"dpmi32/int21map.c"	"b0a8632ddb1bb0ed609115bcb113c7a43a0b042930cd281d333540089589c7e1"	"2293"	"O:\repos.external\OpenNT\base\mvdm"	"DpmiSimulateIretCF"	"2"	"1"	"1"	"base/mvdm/dpmi32;base/mvdm/inc;nt/private/mvdm/inc"	"1"	"O:\repos.external\OpenNT\base\mvdm|dpmi32/stack.c|e7423b2c5b7c6108b55c262d1329e1b1d279850b65af1abfbc6ec3fcf2af0fe5|131"	"one original-MVDM body meets root/linkage/package gate; signature and conditional-form proof remains"
"MVDM-FIRST-REBASELINED-000607"	"ReturnDSSI"	"dpmi32/int21map.c"	"b0a8632ddb1bb0ed609115bcb113c7a43a0b042930cd281d333540089589c7e1"	"2368"	"O:\repos.external\OpenNT\base\mvdm"	"DpmiSimulateIretCF"	"2"	"1"	"1"	"base/mvdm/dpmi32;base/mvdm/inc;nt/private/mvdm/inc"	"1"	"O:\repos.external\OpenNT\base\mvdm|dpmi32/stack.c|e7423b2c5b7c6108b55c262d1329e1b1d279850b65af1abfbc6ec3fcf2af0fe5|131"	"one original-MVDM body meets root/linkage/package gate; signature and conditional-form proof remains"
"MVDM-FIRST-REBASELINED-000612"	"GetExtendedCountryInfo"	"dpmi32/int21map.c"	"b0a8632ddb1bb0ed609115bcb113c7a43a0b042930cd281d333540089589c7e1"	"2453"	"O:\repos.external\OpenNT\base\mvdm"	"DpmiSimulateIretCF"	"2"	"1"	"1"	"base/mvdm/dpmi32;base/mvdm/inc;nt/private/mvdm/inc"	"1"	"O:\repos.external\OpenNT\base\mvdm|dpmi32/stack.c|e7423b2c5b7c6108b55c262d1329e1b1d279850b65af1abfbc6ec3fcf2af0fe5|131"	"one original-MVDM body meets root/linkage/package gate; signature and conditional-form proof remains"
"MVDM-FIRST-REBASELINED-000613"	"MapASCIIZDSSI"	"dpmi32/int21map.c"	"b0a8632ddb1bb0ed609115bcb113c7a43a0b042930cd281d333540089589c7e1"	"2495"	"O:\repos.external\OpenNT\base\mvdm"	"DpmiSimulateIretCF"	"2"	"1"	"1"	"base/mvdm/dpmi32;base/mvdm/inc;nt/private/mvdm/inc"	"1"	"O:\repos.external\OpenNT\base\mvdm|dpmi32/stack.c|e7423b2c5b7c6108b55c262d1329e1b1d279850b65af1abfbc6ec3fcf2af0fe5|131"	"one original-MVDM body meets root/linkage/package gate; signature and conditional-form proof remains"
"MVDM-FIRST-REBASELINED-000614"	"MapDSDXLenCX"	"dpmi32/int21map.c"	"b0a8632ddb1bb0ed609115bcb113c7a43a0b042930cd281d333540089589c7e1"	"2575"	"O:\repos.external\OpenNT\base\mvdm"	"DpmiSimulateIretCF"	"2"	"1"	"1"	"base/mvdm/dpmi32;base/mvdm/inc;nt/private/mvdm/inc"	"1"	"O:\repos.external\OpenNT\base\mvdm|dpmi32/stack.c|e7423b2c5b7c6108b55c262d1329e1b1d279850b65af1abfbc6ec3fcf2af0fe5|131"	"one original-MVDM body meets root/linkage/package gate; signature and conditional-form proof remains"
"MVDM-FIRST-REBASELINED-000615"	"IOCTLMap2Bytes"	"dpmi32/int21map.c"	"b0a8632ddb1bb0ed609115bcb113c7a43a0b042930cd281d333540089589c7e1"	"2628"	"O:\repos.external\OpenNT\base\mvdm"	"DpmiSimulateIretCF"	"2"	"1"	"1"	"base/mvdm/dpmi32;base/mvdm/inc;nt/private/mvdm/inc"	"1"	"O:\repos.external\OpenNT\base\mvdm|dpmi32/stack.c|e7423b2c5b7c6108b55c262d1329e1b1d279850b65af1abfbc6ec3fcf2af0fe5|131"	"one original-MVDM body meets root/linkage/package gate; signature and conditional-form proof remains"
"MVDM-FIRST-REBASELINED-000617"	"IOCTLBlockDevs"	"dpmi32/int21map.c"	"b0a8632ddb1bb0ed609115bcb113c7a43a0b042930cd281d333540089589c7e1"	"2733"	"O:\repos.external\OpenNT\base\mvdm"	"DpmiSimulateIretCF"	"2"	"1"	"1"	"base/mvdm/dpmi32;base/mvdm/inc;nt/private/mvdm/inc"	"1"	"O:\repos.external\OpenNT\base\mvdm|dpmi32/stack.c|e7423b2c5b7c6108b55c262d1329e1b1d279850b65af1abfbc6ec3fcf2af0fe5|131"	"one original-MVDM body meets root/linkage/package gate; signature and conditional-form proof remains"
"MVDM-FIRST-REBASELINED-000618"	"IoctlReadWriteTrack"	"dpmi32/int21map.c"	"b0a8632ddb1bb0ed609115bcb113c7a43a0b042930cd281d333540089589c7e1"	"2773"	"O:\repos.external\OpenNT\base\mvdm"	"DpmiAllocateBuffer"	"2"	"1"	"1"	"base/mvdm/dpmi32;base/mvdm/inc;nt/private/mvdm/inc"	"1"	"O:\repos.external\OpenNT\base\mvdm|dpmi32/buffer.c|6123c2acefa990be5bf87600a232a32feb1b7435ea0c2f346aa174b56ca37abc|346"	"one original-MVDM body meets root/linkage/package gate; signature and conditional-form proof remains"
"MVDM-FIRST-REBASELINED-000619"	"IoctlReadWriteTrack"	"dpmi32/int21map.c"	"b0a8632ddb1bb0ed609115bcb113c7a43a0b042930cd281d333540089589c7e1"	"2793"	"O:\repos.external\OpenNT\base\mvdm"	"DpmiSimulateIretCF"	"2"	"1"	"1"	"base/mvdm/dpmi32;base/mvdm/inc;nt/private/mvdm/inc"	"1"	"O:\repos.external\OpenNT\base\mvdm|dpmi32/stack.c|e7423b2c5b7c6108b55c262d1329e1b1d279850b65af1abfbc6ec3fcf2af0fe5|131"	"one original-MVDM body meets root/linkage/package gate; signature and conditional-form proof remains"
"MVDM-FIRST-REBASELINED-000620"	"IoctlReadWriteTrack"	"dpmi32/int21map.c"	"b0a8632ddb1bb0ed609115bcb113c7a43a0b042930cd281d333540089589c7e1"	"2900"	"O:\repos.external\OpenNT\base\mvdm"	"DpmiSimulateIretCF"	"2"	"1"	"1"	"base/mvdm/dpmi32;base/mvdm/inc;nt/private/mvdm/inc"	"1"	"O:\repos.external\OpenNT\base\mvdm|dpmi32/stack.c|e7423b2c5b7c6108b55c262d1329e1b1d279850b65af1abfbc6ec3fcf2af0fe5|131"	"one original-MVDM body meets root/linkage/package gate; signature and conditional-form proof remains"
"MVDM-FIRST-REBASELINED-000621"	"MapDPL"	"dpmi32/int21map.c"	"b0a8632ddb1bb0ed609115bcb113c7a43a0b042930cd281d333540089589c7e1"	"2953"	"O:\repos.external\OpenNT\base\mvdm"	"DpmiSimulateIretCF"	"2"	"1"	"1"	"base/mvdm/dpmi32;base/mvdm/inc;nt/private/mvdm/inc"	"1"	"O:\repos.external\OpenNT\base\mvdm|dpmi32/stack.c|e7423b2c5b7c6108b55c262d1329e1b1d279850b65af1abfbc6ec3fcf2af0fe5|131"	"one original-MVDM body meets root/linkage/package gate; signature and conditional-form proof remains"
"MVDM-FIRST-REBASELINED-000622"	"GetMachineName"	"dpmi32/int21map.c"	"b0a8632ddb1bb0ed609115bcb113c7a43a0b042930cd281d333540089589c7e1"	"3005"	"O:\repos.external\OpenNT\base\mvdm"	"DpmiSimulateIretCF"	"2"	"1"	"1"	"base/mvdm/dpmi32;base/mvdm/inc;nt/private/mvdm/inc"	"1"	"O:\repos.external\OpenNT\base\mvdm|dpmi32/stack.c|e7423b2c5b7c6108b55c262d1329e1b1d279850b65af1abfbc6ec3fcf2af0fe5|131"	"one original-MVDM body meets root/linkage/package gate; signature and conditional-form proof remains"
"MVDM-FIRST-REBASELINED-000623"	"GetPrinterSetup"	"dpmi32/int21map.c"	"b0a8632ddb1bb0ed609115bcb113c7a43a0b042930cd281d333540089589c7e1"	"3058"	"O:\repos.external\OpenNT\base\mvdm"	"DpmiSimulateIretCF"	"2"	"1"	"1"	"base/mvdm/dpmi32;base/mvdm/inc;nt/private/mvdm/inc"	"1"	"O:\repos.external\OpenNT\base\mvdm|dpmi32/stack.c|e7423b2c5b7c6108b55c262d1329e1b1d279850b65af1abfbc6ec3fcf2af0fe5|131"	"one original-MVDM body meets root/linkage/package gate; signature and conditional-form proof remains"
"MVDM-FIRST-REBASELINED-000624"	"SetPrinterSetup"	"dpmi32/int21map.c"	"b0a8632ddb1bb0ed609115bcb113c7a43a0b042930cd281d333540089589c7e1"	"3110"	"O:\repos.external\OpenNT\base\mvdm"	"DpmiSimulateIretCF"	"2"	"1"	"1"	"base/mvdm/dpmi32;base/mvdm/inc;nt/private/mvdm/inc"	"1"	"O:\repos.external\OpenNT\base\mvdm|dpmi32/stack.c|e7423b2c5b7c6108b55c262d1329e1b1d279850b65af1abfbc6ec3fcf2af0fe5|131"	"one original-MVDM body meets root/linkage/package gate; signature and conditional-form proof remains"
"MVDM-FIRST-REBASELINED-000685"	"InterProcCommHandler"	"fax/wowfaxui/wfhelper.c"	"bf8cd7fe0a51e9339b98c1ced13a7d295a25a0f49dc08be83d7c07e1b6785bec"	"437"	"O:\repos.external\OpenNT\base\mvdm"	"GetFaxDataMapName"	"2"	"1"	"1"	"base/mvdm/fax;base/mvdm/inc;nt/private/mvdm/fax;nt/private/mvdm/inc"	"1"	"O:\repos.external\OpenNT\base\mvdm|inc/wowfax.h|97c6c40dc2d0565a21dc1be4112fe24f138b10ddbb55fbd29e55da972a2a2c84|284"	"one original-MVDM body meets root/linkage/package gate; signature and conditional-form proof remains"
"MVDM-FIRST-REBASELINED-000749"	"SetupFaxDev"	"fax/wowfaxui/wowfaxui.c"	"d96bf03ebd449b537c25e0126529af008e5ecc8d7421658497fe35fde4261ca4"	"101"	"O:\repos.external\OpenNT\base\mvdm"	"lstrlen"	"0"	"0"	"0"	"base/mvdm/fax;base/mvdm/inc;nt/private/mvdm/fax;nt/private/mvdm/inc;nt/private/windows/inc;nt/public/oak/inc;public/internal"	"0"	""	"no original-MVDM body candidate; continue approved-source-union resolution"
"MVDM-FIRST-REBASELINED-000750"	"SetupFaxDev"	"fax/wowfaxui/wowfaxui.c"	"d96bf03ebd449b537c25e0126529af008e5ecc8d7421658497fe35fde4261ca4"	"102"	"O:\repos.external\OpenNT\base\mvdm"	"lstrlen"	"0"	"0"	"0"	"base/mvdm/fax;base/mvdm/inc;nt/private/mvdm/fax;nt/private/mvdm/inc;nt/private/windows/inc;nt/public/oak/inc;public/internal"	"0"	""	"no original-MVDM body candidate; continue approved-source-union resolution"
"MVDM-FIRST-REBASELINED-000752"	"SetupFaxDev"	"fax/wowfaxui/wowfaxui.c"	"d96bf03ebd449b537c25e0126529af008e5ecc8d7421658497fe35fde4261ca4"	"110"	"O:\repos.external\OpenNT\base\mvdm"	"lstrcpy"	"0"	"0"	"0"	"base/mvdm/fax;base/mvdm/inc;nt/private/mvdm/fax;nt/private/mvdm/inc;nt/private/windows/inc;nt/public/oak/inc;public/internal"	"0"	""	"no original-MVDM body candidate; continue approved-source-union resolution"
"MVDM-FIRST-REBASELINED-000753"	"SetupFaxDev"	"fax/wowfaxui/wowfaxui.c"	"d96bf03ebd449b537c25e0126529af008e5ecc8d7421658497fe35fde4261ca4"	"118"	"O:\repos.external\OpenNT\base\mvdm"	"lstrlen"	"0"	"0"	"0"	"base/mvdm/fax;base/mvdm/inc;nt/private/mvdm/fax;nt/private/mvdm/inc;nt/private/windows/inc;nt/public/oak/inc;public/internal"	"0"	""	"no original-MVDM body candidate; continue approved-source-union resolution"
"MVDM-FIRST-REBASELINED-000754"	"SetupFaxDev"	"fax/wowfaxui/wowfaxui.c"	"d96bf03ebd449b537c25e0126529af008e5ecc8d7421658497fe35fde4261ca4"	"119"	"O:\repos.external\OpenNT\base\mvdm"	"lstrcpy"	"0"	"0"	"0"	"base/mvdm/fax;base/mvdm/inc;nt/private/mvdm/fax;nt/private/mvdm/inc;nt/private/windows/inc;nt/public/oak/inc;public/internal"	"0"	""	"no original-MVDM body candidate; continue approved-source-union resolution"
"MVDM-FIRST-REBASELINED-000755"	"SetupFaxDev"	"fax/wowfaxui/wowfaxui.c"	"d96bf03ebd449b537c25e0126529af008e5ecc8d7421658497fe35fde4261ca4"	"121"	"O:\repos.external\OpenNT\base\mvdm"	"lstrlen"	"0"	"0"	"0"	"base/mvdm/fax;base/mvdm/inc;nt/private/mvdm/fax;nt/private/mvdm/inc;nt/private/windows/inc;nt/public/oak/inc;public/internal"	"0"	""	"no original-MVDM body candidate; continue approved-source-union resolution"
"MVDM-FIRST-REBASELINED-000756"	"SetupFaxDev"	"fax/wowfaxui/wowfaxui.c"	"d96bf03ebd449b537c25e0126529af008e5ecc8d7421658497fe35fde4261ca4"	"122"	"O:\repos.external\OpenNT\base\mvdm"	"lstrcpy"	"0"	"0"	"0"	"base/mvdm/fax;base/mvdm/inc;nt/private/mvdm/fax;nt/private/mvdm/inc;nt/private/windows/inc;nt/public/oak/inc;public/internal"	"0"	""	"no original-MVDM body candidate; continue approved-source-union resolution"
"MVDM-FIRST-REBASELINED-000772"	"DocEvntCreateDCpre"	"fax/wowfaxui/wowfaxui.c"	"d96bf03ebd449b537c25e0126529af008e5ecc8d7421658497fe35fde4261ca4"	"575"	"O:\repos.external\OpenNT\base\mvdm"	"lstrlen"	"0"	"0"	"0"	"base/mvdm/fax;base/mvdm/inc;nt/private/mvdm/fax;nt/private/mvdm/inc;nt/private/windows/inc;nt/public/oak/inc;public/internal"	"0"	""	"no original-MVDM body candidate; continue approved-source-union resolution"
"MVDM-FIRST-REBASELINED-000773"	"DocEvntCreateDCpre"	"fax/wowfaxui/wowfaxui.c"	"d96bf03ebd449b537c25e0126529af008e5ecc8d7421658497fe35fde4261ca4"	"576"	"O:\repos.external\OpenNT\base\mvdm"	"lstrlen"	"0"	"0"	"0"	"base/mvdm/fax;base/mvdm/inc;nt/private/mvdm/fax;nt/private/mvdm/inc;nt/private/windows/inc;nt/public/oak/inc;public/internal"	"0"	""	"no original-MVDM body candidate; continue approved-source-union resolution"
"MVDM-FIRST-REBASELINED-000774"	"DocEvntCreateDCpre"	"fax/wowfaxui/wowfaxui.c"	"d96bf03ebd449b537c25e0126529af008e5ecc8d7421658497fe35fde4261ca4"	"587"	"O:\repos.external\OpenNT\base\mvdm"	"lstrcpy"	"0"	"0"	"0"	"base/mvdm/fax;base/mvdm/inc;nt/private/mvdm/fax;nt/private/mvdm/inc;nt/private/windows/inc;nt/public/oak/inc;public/internal"	"0"	""	"no original-MVDM body candidate; continue approved-source-union resolution"
"MVDM-FIRST-REBASELINED-000775"	"DocEvntCreateDCpre"	"fax/wowfaxui/wowfaxui.c"	"d96bf03ebd449b537c25e0126529af008e5ecc8d7421658497fe35fde4261ca4"	"600"	"O:\repos.external\OpenNT\base\mvdm"	"lstrlen"	"0"	"0"	"0"	"base/mvdm/fax;base/mvdm/inc;nt/private/mvdm/fax;nt/private/mvdm/inc;nt/private/windows/inc;nt/public/oak/inc;public/internal"	"0"	""	"no original-MVDM body candidate; continue approved-source-union resolution"
"MVDM-FIRST-REBASELINED-000776"	"DocEvntCreateDCpre"	"fax/wowfaxui/wowfaxui.c"	"d96bf03ebd449b537c25e0126529af008e5ecc8d7421658497fe35fde4261ca4"	"601"	"O:\repos.external\OpenNT\base\mvdm"	"lstrcpy"	"0"	"0"	"0"	"base/mvdm/fax;base/mvdm/inc;nt/private/mvdm/fax;nt/private/mvdm/inc;nt/private/windows/inc;nt/public/oak/inc;public/internal"	"0"	""	"no original-MVDM body candidate; continue approved-source-union resolution"
"MVDM-FIRST-REBASELINED-000777"	"DocEvntCreateDCpre"	"fax/wowfaxui/wowfaxui.c"	"d96bf03ebd449b537c25e0126529af008e5ecc8d7421658497fe35fde4261ca4"	"603"	"O:\repos.external\OpenNT\base\mvdm"	"lstrlen"	"0"	"0"	"0"	"base/mvdm/fax;base/mvdm/inc;nt/private/mvdm/fax;nt/private/mvdm/inc;nt/private/windows/inc;nt/public/oak/inc;public/internal"	"0"	""	"no original-MVDM body candidate; continue approved-source-union resolution"
"MVDM-FIRST-REBASELINED-000778"	"DocEvntCreateDCpre"	"fax/wowfaxui/wowfaxui.c"	"d96bf03ebd449b537c25e0126529af008e5ecc8d7421658497fe35fde4261ca4"	"604"	"O:\repos.external\OpenNT\base\mvdm"	"lstrcpy"	"0"	"0"	"0"	"base/mvdm/fax;base/mvdm/inc;nt/private/mvdm/fax;nt/private/mvdm/inc;nt/private/windows/inc;nt/public/oak/inc;public/internal"	"0"	""	"no original-MVDM body candidate; continue approved-source-union resolution"
"MVDM-FIRST-REBASELINED-000969"	"set_tod"	"softpc.new/base/bios/cmos_bis.c"	"e3b6710db5887ef77c5a38c881ebb4eeff2575db65e86a3468258aaa9293e1bd"	"85"	"O:\repos.external\OpenNT\base\mvdm"	"cmos_read"	"2"	"1"	"1"	"base/mvdm/softpc.new;nt/private/mvdm/softpc.new"	"1"	"O:\repos.external\OpenNT\base\mvdm|softpc.new/base/bios/cmos_bis.c|e3b6710db5887ef77c5a38c881ebb4eeff2575db65e86a3468258aaa9293e1bd|143"	"one original-MVDM body meets root/linkage/package gate; signature and conditional-form proof remains"
"MVDM-FIRST-REBASELINED-000970"	"set_tod"	"softpc.new/base/bios/cmos_bis.c"	"e3b6710db5887ef77c5a38c881ebb4eeff2575db65e86a3468258aaa9293e1bd"	"88"	"O:\repos.external\OpenNT\base\mvdm"	"cmos_read"	"2"	"1"	"1"	"base/mvdm/softpc.new;nt/private/mvdm/softpc.new"	"1"	"O:\repos.external\OpenNT\base\mvdm|softpc.new/base/bios/cmos_bis.c|e3b6710db5887ef77c5a38c881ebb4eeff2575db65e86a3468258aaa9293e1bd|143"	"one original-MVDM body meets root/linkage/package gate; signature and conditional-form proof remains"
"MVDM-FIRST-REBASELINED-000971"	"set_tod"	"softpc.new/base/bios/cmos_bis.c"	"e3b6710db5887ef77c5a38c881ebb4eeff2575db65e86a3468258aaa9293e1bd"	"89"	"O:\repos.external\OpenNT\base\mvdm"	"cmos_write"	"2"	"1"	"1"	"base/mvdm/softpc.new;nt/private/mvdm/softpc.new"	"1"	"O:\repos.external\OpenNT\base\mvdm|softpc.new/base/bios/cmos_bis.c|e3b6710db5887ef77c5a38c881ebb4eeff2575db65e86a3468258aaa9293e1bd|178"	"one original-MVDM body meets root/linkage/package gate; signature and conditional-form proof remains"
"MVDM-FIRST-REBASELINED-000972"	"set_tod"	"softpc.new/base/bios/cmos_bis.c"	"e3b6710db5887ef77c5a38c881ebb4eeff2575db65e86a3468258aaa9293e1bd"	"97"	"O:\repos.external\OpenNT\base\mvdm"	"cmos_read"	"2"	"1"	"1"	"base/mvdm/softpc.new;nt/private/mvdm/softpc.new"	"1"	"O:\repos.external\OpenNT\base\mvdm|softpc.new/base/bios/cmos_bis.c|e3b6710db5887ef77c5a38c881ebb4eeff2575db65e86a3468258aaa9293e1bd|143"	"one original-MVDM body meets root/linkage/package gate; signature and conditional-form proof remains"
"MVDM-FIRST-REBASELINED-000973"	"set_tod"	"softpc.new/base/bios/cmos_bis.c"	"e3b6710db5887ef77c5a38c881ebb4eeff2575db65e86a3468258aaa9293e1bd"	"100"	"O:\repos.external\OpenNT\base\mvdm"	"cmos_read"	"2"	"1"	"1"	"base/mvdm/softpc.new;nt/private/mvdm/softpc.new"	"1"	"O:\repos.external\OpenNT\base\mvdm|softpc.new/base/bios/cmos_bis.c|e3b6710db5887ef77c5a38c881ebb4eeff2575db65e86a3468258aaa9293e1bd|143"	"one original-MVDM body meets root/linkage/package gate; signature and conditional-form proof remains"
"MVDM-FIRST-REBASELINED-000974"	"set_tod"	"softpc.new/base/bios/cmos_bis.c"	"e3b6710db5887ef77c5a38c881ebb4eeff2575db65e86a3468258aaa9293e1bd"	"101"	"O:\repos.external\OpenNT\base\mvdm"	"cmos_write"	"2"	"1"	"1"	"base/mvdm/softpc.new;nt/private/mvdm/softpc.new"	"1"	"O:\repos.external\OpenNT\base\mvdm|softpc.new/base/bios/cmos_bis.c|e3b6710db5887ef77c5a38c881ebb4eeff2575db65e86a3468258aaa9293e1bd|178"	"one original-MVDM body meets root/linkage/package gate; signature and conditional-form proof remains"
"MVDM-FIRST-REBASELINED-000975"	"set_tod"	"softpc.new/base/bios/cmos_bis.c"	"e3b6710db5887ef77c5a38c881ebb4eeff2575db65e86a3468258aaa9293e1bd"	"109"	"O:\repos.external\OpenNT\base\mvdm"	"cmos_read"	"2"	"1"	"1"	"base/mvdm/softpc.new;nt/private/mvdm/softpc.new"	"1"	"O:\repos.external\OpenNT\base\mvdm|softpc.new/base/bios/cmos_bis.c|e3b6710db5887ef77c5a38c881ebb4eeff2575db65e86a3468258aaa9293e1bd|143"	"one original-MVDM body meets root/linkage/package gate; signature and conditional-form proof remains"
"MVDM-FIRST-REBASELINED-000976"	"set_tod"	"softpc.new/base/bios/cmos_bis.c"	"e3b6710db5887ef77c5a38c881ebb4eeff2575db65e86a3468258aaa9293e1bd"	"112"	"O:\repos.external\OpenNT\base\mvdm"	"cmos_read"	"2"	"1"	"1"	"base/mvdm/softpc.new;nt/private/mvdm/softpc.new"	"1"	"O:\repos.external\OpenNT\base\mvdm|softpc.new/base/bios/cmos_bis.c|e3b6710db5887ef77c5a38c881ebb4eeff2575db65e86a3468258aaa9293e1bd|143"	"one original-MVDM body meets root/linkage/package gate; signature and conditional-form proof remains"
"MVDM-FIRST-REBASELINED-000977"	"set_tod"	"softpc.new/base/bios/cmos_bis.c"	"e3b6710db5887ef77c5a38c881ebb4eeff2575db65e86a3468258aaa9293e1bd"	"113"	"O:\repos.external\OpenNT\base\mvdm"	"cmos_write"	"2"	"1"	"1"	"base/mvdm/softpc.new;nt/private/mvdm/softpc.new"	"1"	"O:\repos.external\OpenNT\base\mvdm|softpc.new/base/bios/cmos_bis.c|e3b6710db5887ef77c5a38c881ebb4eeff2575db65e86a3468258aaa9293e1bd|178"	"one original-MVDM body meets root/linkage/package gate; signature and conditional-form proof remains"
"MVDM-FIRST-REBASELINED-001017"	"reset"	"softpc.new/base/bios/reset.c"	"46e2507ad47182125ed59206780763c5dadf6ea752a43d4d946451de1024d90b"	"991"	"O:\repos.external\OpenNT\base\mvdm"	"init_gen_drivers"	"0"	"0"	"0"	"base/mvdm/softpc.new;nt/private/mvdm/softpc.new"	"0"	""	"no original-MVDM body candidate; continue approved-source-union resolution"
"MVDM-FIRST-REBASELINED-005939"	"do_back_trace"	"softpc.new/base/debug/yoda.c"	"444f1350d7c50b270652d7b062a375536e327952ebb5ba83937fba090db3c817"	"8213"	"O:\repos.external\OpenNT\base\mvdm"	"file_back_trace"	"2"	"1"	"1"	"base/mvdm/softpc.new;nt/private/mvdm/softpc.new"	"1"	"O:\repos.external\OpenNT\base\mvdm|softpc.new/base/debug/btrace.c|5a19a8cf73bd5c06c47bf3292189c8989bc970933bb4968336580f4be0028e3f|58"	"one original-MVDM body meets root/linkage/package gate; signature and conditional-form proof remains"
"MVDM-FIRST-REBASELINED-005975"	"cmos_type"	"softpc.new/base/disks/floppy.c"	"35efd26857a3f5c7960b0890a6ec3fd778dfde7dc8e74959fd3a8e3d41db424c"	"2412"	"O:\repos.external\OpenNT\base\mvdm"	"cmos_read"	"2"	"1"	"1"	"base/mvdm/softpc.new;nt/private/mvdm/softpc.new"	"1"	"O:\repos.external\OpenNT\base\mvdm|softpc.new/base/bios/cmos_bis.c|e3b6710db5887ef77c5a38c881ebb4eeff2575db65e86a3468258aaa9293e1bd|143"	"one original-MVDM body meets root/linkage/package gate; signature and conditional-form proof remains"
"MVDM-FIRST-REBASELINED-005976"	"cmos_type"	"softpc.new/base/disks/floppy.c"	"35efd26857a3f5c7960b0890a6ec3fd778dfde7dc8e74959fd3a8e3d41db424c"	"2422"	"O:\repos.external\OpenNT\base\mvdm"	"cmos_read"	"2"	"1"	"1"	"base/mvdm/softpc.new;nt/private/mvdm/softpc.new"	"1"	"O:\repos.external\OpenNT\base\mvdm|softpc.new/base/bios/cmos_bis.c|e3b6710db5887ef77c5a38c881ebb4eeff2575db65e86a3468258aaa9293e1bd|143"	"one original-MVDM body meets root/linkage/package gate; signature and conditional-form proof remains"
"MVDM-FIRST-REBASELINED-006078"	"time_of_day"	"softpc.new/base/support/time_day.c"	"af7a3d2b6dd80dec1f72910ae627f2ed87906fe8986e8c7c930ae6fbf35bd1b2"	"237"	"O:\repos.external\OpenNT\base\mvdm"	"cmos_read"	"2"	"1"	"1"	"base/mvdm/softpc.new;nt/private/mvdm/softpc.new"	"1"	"O:\repos.external\OpenNT\base\mvdm|softpc.new/base/bios/cmos_bis.c|e3b6710db5887ef77c5a38c881ebb4eeff2575db65e86a3468258aaa9293e1bd|143"	"one original-MVDM body meets root/linkage/package gate; signature and conditional-form proof remains"
"MVDM-FIRST-REBASELINED-006079"	"time_of_day"	"softpc.new/base/support/time_day.c"	"af7a3d2b6dd80dec1f72910ae627f2ed87906fe8986e8c7c930ae6fbf35bd1b2"	"238"	"O:\repos.external\OpenNT\base\mvdm"	"cmos_read"	"2"	"1"	"1"	"base/mvdm/softpc.new;nt/private/mvdm/softpc.new"	"1"	"O:\repos.external\OpenNT\base\mvdm|softpc.new/base/bios/cmos_bis.c|e3b6710db5887ef77c5a38c881ebb4eeff2575db65e86a3468258aaa9293e1bd|143"	"one original-MVDM body meets root/linkage/package gate; signature and conditional-form proof remains"
"MVDM-FIRST-REBASELINED-006080"	"time_of_day"	"softpc.new/base/support/time_day.c"	"af7a3d2b6dd80dec1f72910ae627f2ed87906fe8986e8c7c930ae6fbf35bd1b2"	"239"	"O:\repos.external\OpenNT\base\mvdm"	"cmos_read"	"2"	"1"	"1"	"base/mvdm/softpc.new;nt/private/mvdm/softpc.new"	"1"	"O:\repos.external\OpenNT\base\mvdm|softpc.new/base/bios/cmos_bis.c|e3b6710db5887ef77c5a38c881ebb4eeff2575db65e86a3468258aaa9293e1bd|143"	"one original-MVDM body meets root/linkage/package gate; signature and conditional-form proof remains"
"MVDM-FIRST-REBASELINED-006081"	"time_of_day"	"softpc.new/base/support/time_day.c"	"af7a3d2b6dd80dec1f72910ae627f2ed87906fe8986e8c7c930ae6fbf35bd1b2"	"240"	"O:\repos.external\OpenNT\base\mvdm"	"cmos_read"	"2"	"1"	"1"	"base/mvdm/softpc.new;nt/private/mvdm/softpc.new"	"1"	"O:\repos.external\OpenNT\base\mvdm|softpc.new/base/bios/cmos_bis.c|e3b6710db5887ef77c5a38c881ebb4eeff2575db65e86a3468258aaa9293e1bd|143"	"one original-MVDM body meets root/linkage/package gate; signature and conditional-form proof remains"
"MVDM-FIRST-REBASELINED-006082"	"time_of_day"	"softpc.new/base/support/time_day.c"	"af7a3d2b6dd80dec1f72910ae627f2ed87906fe8986e8c7c930ae6fbf35bd1b2"	"268"	"O:\repos.external\OpenNT\base\mvdm"	"cmos_write"	"2"	"1"	"1"	"base/mvdm/softpc.new;nt/private/mvdm/softpc.new"	"1"	"O:\repos.external\OpenNT\base\mvdm|softpc.new/base/bios/cmos_bis.c|e3b6710db5887ef77c5a38c881ebb4eeff2575db65e86a3468258aaa9293e1bd|178"	"one original-MVDM body meets root/linkage/package gate; signature and conditional-form proof remains"
"MVDM-FIRST-REBASELINED-006083"	"time_of_day"	"softpc.new/base/support/time_day.c"	"af7a3d2b6dd80dec1f72910ae627f2ed87906fe8986e8c7c930ae6fbf35bd1b2"	"269"	"O:\repos.external\OpenNT\base\mvdm"	"cmos_write"	"2"	"1"	"1"	"base/mvdm/softpc.new;nt/private/mvdm/softpc.new"	"1"	"O:\repos.external\OpenNT\base\mvdm|softpc.new/base/bios/cmos_bis.c|e3b6710db5887ef77c5a38c881ebb4eeff2575db65e86a3468258aaa9293e1bd|178"	"one original-MVDM body meets root/linkage/package gate; signature and conditional-form proof remains"
"MVDM-FIRST-REBASELINED-006084"	"time_of_day"	"softpc.new/base/support/time_day.c"	"af7a3d2b6dd80dec1f72910ae627f2ed87906fe8986e8c7c930ae6fbf35bd1b2"	"270"	"O:\repos.external\OpenNT\base\mvdm"	"cmos_read"	"2"	"1"	"1"	"base/mvdm/softpc.new;nt/private/mvdm/softpc.new"	"1"	"O:\repos.external\OpenNT\base\mvdm|softpc.new/base/bios/cmos_bis.c|e3b6710db5887ef77c5a38c881ebb4eeff2575db65e86a3468258aaa9293e1bd|143"	"one original-MVDM body meets root/linkage/package gate; signature and conditional-form proof remains"
"MVDM-FIRST-REBASELINED-006085"	"time_of_day"	"softpc.new/base/support/time_day.c"	"af7a3d2b6dd80dec1f72910ae627f2ed87906fe8986e8c7c930ae6fbf35bd1b2"	"271"	"O:\repos.external\OpenNT\base\mvdm"	"cmos_read"	"2"	"1"	"1"	"base/mvdm/softpc.new;nt/private/mvdm/softpc.new"	"1"	"O:\repos.external\OpenNT\base\mvdm|softpc.new/base/bios/cmos_bis.c|e3b6710db5887ef77c5a38c881ebb4eeff2575db65e86a3468258aaa9293e1bd|143"	"one original-MVDM body meets root/linkage/package gate; signature and conditional-form proof remains"
"MVDM-FIRST-REBASELINED-006086"	"time_of_day"	"softpc.new/base/support/time_day.c"	"af7a3d2b6dd80dec1f72910ae627f2ed87906fe8986e8c7c930ae6fbf35bd1b2"	"273"	"O:\repos.external\OpenNT\base\mvdm"	"cmos_write"	"2"	"1"	"1"	"base/mvdm/softpc.new;nt/private/mvdm/softpc.new"	"1"	"O:\repos.external\OpenNT\base\mvdm|softpc.new/base/bios/cmos_bis.c|e3b6710db5887ef77c5a38c881ebb4eeff2575db65e86a3468258aaa9293e1bd|178"	"one original-MVDM body meets root/linkage/package gate; signature and conditional-form proof remains"
"MVDM-FIRST-REBASELINED-006087"	"time_of_day"	"softpc.new/base/support/time_day.c"	"af7a3d2b6dd80dec1f72910ae627f2ed87906fe8986e8c7c930ae6fbf35bd1b2"	"274"	"O:\repos.external\OpenNT\base\mvdm"	"cmos_write"	"2"	"1"	"1"	"base/mvdm/softpc.new;nt/private/mvdm/softpc.new"	"1"	"O:\repos.external\OpenNT\base\mvdm|softpc.new/base/bios/cmos_bis.c|e3b6710db5887ef77c5a38c881ebb4eeff2575db65e86a3468258aaa9293e1bd|178"	"one original-MVDM body meets root/linkage/package gate; signature and conditional-form proof remains"
"MVDM-FIRST-REBASELINED-006088"	"time_of_day"	"softpc.new/base/support/time_day.c"	"af7a3d2b6dd80dec1f72910ae627f2ed87906fe8986e8c7c930ae6fbf35bd1b2"	"275"	"O:\repos.external\OpenNT\base\mvdm"	"cmos_write"	"2"	"1"	"1"	"base/mvdm/softpc.new;nt/private/mvdm/softpc.new"	"1"	"O:\repos.external\OpenNT\base\mvdm|softpc.new/base/bios/cmos_bis.c|e3b6710db5887ef77c5a38c881ebb4eeff2575db65e86a3468258aaa9293e1bd|178"	"one original-MVDM body meets root/linkage/package gate; signature and conditional-form proof remains"
"MVDM-FIRST-REBASELINED-006089"	"time_of_day"	"softpc.new/base/support/time_day.c"	"af7a3d2b6dd80dec1f72910ae627f2ed87906fe8986e8c7c930ae6fbf35bd1b2"	"276"	"O:\repos.external\OpenNT\base\mvdm"	"cmos_read"	"2"	"1"	"1"	"base/mvdm/softpc.new;nt/private/mvdm/softpc.new"	"1"	"O:\repos.external\OpenNT\base\mvdm|softpc.new/base/bios/cmos_bis.c|e3b6710db5887ef77c5a38c881ebb4eeff2575db65e86a3468258aaa9293e1bd|143"	"one original-MVDM body meets root/linkage/package gate; signature and conditional-form proof remains"
"MVDM-FIRST-REBASELINED-006090"	"time_of_day"	"softpc.new/base/support/time_day.c"	"af7a3d2b6dd80dec1f72910ae627f2ed87906fe8986e8c7c930ae6fbf35bd1b2"	"278"	"O:\repos.external\OpenNT\base\mvdm"	"cmos_write"	"2"	"1"	"1"	"base/mvdm/softpc.new;nt/private/mvdm/softpc.new"	"1"	"O:\repos.external\OpenNT\base\mvdm|softpc.new/base/bios/cmos_bis.c|e3b6710db5887ef77c5a38c881ebb4eeff2575db65e86a3468258aaa9293e1bd|178"	"one original-MVDM body meets root/linkage/package gate; signature and conditional-form proof remains"
"MVDM-FIRST-REBASELINED-006091"	"time_of_day"	"softpc.new/base/support/time_day.c"	"af7a3d2b6dd80dec1f72910ae627f2ed87906fe8986e8c7c930ae6fbf35bd1b2"	"294"	"O:\repos.external\OpenNT\base\mvdm"	"cmos_read"	"2"	"1"	"1"	"base/mvdm/softpc.new;nt/private/mvdm/softpc.new"	"1"	"O:\repos.external\OpenNT\base\mvdm|softpc.new/base/bios/cmos_bis.c|e3b6710db5887ef77c5a38c881ebb4eeff2575db65e86a3468258aaa9293e1bd|143"	"one original-MVDM body meets root/linkage/package gate; signature and conditional-form proof remains"
"MVDM-FIRST-REBASELINED-006092"	"time_of_day"	"softpc.new/base/support/time_day.c"	"af7a3d2b6dd80dec1f72910ae627f2ed87906fe8986e8c7c930ae6fbf35bd1b2"	"295"	"O:\repos.external\OpenNT\base\mvdm"	"cmos_read"	"2"	"1"	"1"	"base/mvdm/softpc.new;nt/private/mvdm/softpc.new"	"1"	"O:\repos.external\OpenNT\base\mvdm|softpc.new/base/bios/cmos_bis.c|e3b6710db5887ef77c5a38c881ebb4eeff2575db65e86a3468258aaa9293e1bd|143"	"one original-MVDM body meets root/linkage/package gate; signature and conditional-form proof remains"
"MVDM-FIRST-REBASELINED-006093"	"time_of_day"	"softpc.new/base/support/time_day.c"	"af7a3d2b6dd80dec1f72910ae627f2ed87906fe8986e8c7c930ae6fbf35bd1b2"	"296"	"O:\repos.external\OpenNT\base\mvdm"	"cmos_read"	"2"	"1"	"1"	"base/mvdm/softpc.new;nt/private/mvdm/softpc.new"	"1"	"O:\repos.external\OpenNT\base\mvdm|softpc.new/base/bios/cmos_bis.c|e3b6710db5887ef77c5a38c881ebb4eeff2575db65e86a3468258aaa9293e1bd|143"	"one original-MVDM body meets root/linkage/package gate; signature and conditional-form proof remains"
"MVDM-FIRST-REBASELINED-006094"	"time_of_day"	"softpc.new/base/support/time_day.c"	"af7a3d2b6dd80dec1f72910ae627f2ed87906fe8986e8c7c930ae6fbf35bd1b2"	"297"	"O:\repos.external\OpenNT\base\mvdm"	"cmos_read"	"2"	"1"	"1"	"base/mvdm/softpc.new;nt/private/mvdm/softpc.new"	"1"	"O:\repos.external\OpenNT\base\mvdm|softpc.new/base/bios/cmos_bis.c|e3b6710db5887ef77c5a38c881ebb4eeff2575db65e86a3468258aaa9293e1bd|143"	"one original-MVDM body meets root/linkage/package gate; signature and conditional-form proof remains"
"MVDM-FIRST-REBASELINED-006095"	"time_of_day"	"softpc.new/base/support/time_day.c"	"af7a3d2b6dd80dec1f72910ae627f2ed87906fe8986e8c7c930ae6fbf35bd1b2"	"325"	"O:\repos.external\OpenNT\base\mvdm"	"cmos_write"	"2"	"1"	"1"	"base/mvdm/softpc.new;nt/private/mvdm/softpc.new"	"1"	"O:\repos.external\OpenNT\base\mvdm|softpc.new/base/bios/cmos_bis.c|e3b6710db5887ef77c5a38c881ebb4eeff2575db65e86a3468258aaa9293e1bd|178"	"one original-MVDM body meets root/linkage/package gate; signature and conditional-form proof remains"
"MVDM-FIRST-REBASELINED-006096"	"time_of_day"	"softpc.new/base/support/time_day.c"	"af7a3d2b6dd80dec1f72910ae627f2ed87906fe8986e8c7c930ae6fbf35bd1b2"	"326"	"O:\repos.external\OpenNT\base\mvdm"	"cmos_write"	"2"	"1"	"1"	"base/mvdm/softpc.new;nt/private/mvdm/softpc.new"	"1"	"O:\repos.external\OpenNT\base\mvdm|softpc.new/base/bios/cmos_bis.c|e3b6710db5887ef77c5a38c881ebb4eeff2575db65e86a3468258aaa9293e1bd|178"	"one original-MVDM body meets root/linkage/package gate; signature and conditional-form proof remains"
"MVDM-FIRST-REBASELINED-006097"	"time_of_day"	"softpc.new/base/support/time_day.c"	"af7a3d2b6dd80dec1f72910ae627f2ed87906fe8986e8c7c930ae6fbf35bd1b2"	"327"	"O:\repos.external\OpenNT\base\mvdm"	"cmos_read"	"2"	"1"	"1"	"base/mvdm/softpc.new;nt/private/mvdm/softpc.new"	"1"	"O:\repos.external\OpenNT\base\mvdm|softpc.new/base/bios/cmos_bis.c|e3b6710db5887ef77c5a38c881ebb4eeff2575db65e86a3468258aaa9293e1bd|143"	"one original-MVDM body meets root/linkage/package gate; signature and conditional-form proof remains"
"MVDM-FIRST-REBASELINED-006098"	"time_of_day"	"softpc.new/base/support/time_day.c"	"af7a3d2b6dd80dec1f72910ae627f2ed87906fe8986e8c7c930ae6fbf35bd1b2"	"328"	"O:\repos.external\OpenNT\base\mvdm"	"cmos_read"	"2"	"1"	"1"	"base/mvdm/softpc.new;nt/private/mvdm/softpc.new"	"1"	"O:\repos.external\OpenNT\base\mvdm|softpc.new/base/bios/cmos_bis.c|e3b6710db5887ef77c5a38c881ebb4eeff2575db65e86a3468258aaa9293e1bd|143"	"one original-MVDM body meets root/linkage/package gate; signature and conditional-form proof remains"
"MVDM-FIRST-REBASELINED-006099"	"time_of_day"	"softpc.new/base/support/time_day.c"	"af7a3d2b6dd80dec1f72910ae627f2ed87906fe8986e8c7c930ae6fbf35bd1b2"	"330"	"O:\repos.external\OpenNT\base\mvdm"	"cmos_write"	"2"	"1"	"1"	"base/mvdm/softpc.new;nt/private/mvdm/softpc.new"	"1"	"O:\repos.external\OpenNT\base\mvdm|softpc.new/base/bios/cmos_bis.c|e3b6710db5887ef77c5a38c881ebb4eeff2575db65e86a3468258aaa9293e1bd|178"	"one original-MVDM body meets root/linkage/package gate; signature and conditional-form proof remains"
"MVDM-FIRST-REBASELINED-006100"	"time_of_day"	"softpc.new/base/support/time_day.c"	"af7a3d2b6dd80dec1f72910ae627f2ed87906fe8986e8c7c930ae6fbf35bd1b2"	"331"	"O:\repos.external\OpenNT\base\mvdm"	"cmos_write"	"2"	"1"	"1"	"base/mvdm/softpc.new;nt/private/mvdm/softpc.new"	"1"	"O:\repos.external\OpenNT\base\mvdm|softpc.new/base/bios/cmos_bis.c|e3b6710db5887ef77c5a38c881ebb4eeff2575db65e86a3468258aaa9293e1bd|178"	"one original-MVDM body meets root/linkage/package gate; signature and conditional-form proof remains"
"MVDM-FIRST-REBASELINED-006101"	"time_of_day"	"softpc.new/base/support/time_day.c"	"af7a3d2b6dd80dec1f72910ae627f2ed87906fe8986e8c7c930ae6fbf35bd1b2"	"332"	"O:\repos.external\OpenNT\base\mvdm"	"cmos_write"	"2"	"1"	"1"	"base/mvdm/softpc.new;nt/private/mvdm/softpc.new"	"1"	"O:\repos.external\OpenNT\base\mvdm|softpc.new/base/bios/cmos_bis.c|e3b6710db5887ef77c5a38c881ebb4eeff2575db65e86a3468258aaa9293e1bd|178"	"one original-MVDM body meets root/linkage/package gate; signature and conditional-form proof remains"
"MVDM-FIRST-REBASELINED-006102"	"time_of_day"	"softpc.new/base/support/time_day.c"	"af7a3d2b6dd80dec1f72910ae627f2ed87906fe8986e8c7c930ae6fbf35bd1b2"	"333"	"O:\repos.external\OpenNT\base\mvdm"	"cmos_write"	"2"	"1"	"1"	"base/mvdm/softpc.new;nt/private/mvdm/softpc.new"	"1"	"O:\repos.external\OpenNT\base\mvdm|softpc.new/base/bios/cmos_bis.c|e3b6710db5887ef77c5a38c881ebb4eeff2575db65e86a3468258aaa9293e1bd|178"	"one original-MVDM body meets root/linkage/package gate; signature and conditional-form proof remains"
"MVDM-FIRST-REBASELINED-006103"	"time_of_day"	"softpc.new/base/support/time_day.c"	"af7a3d2b6dd80dec1f72910ae627f2ed87906fe8986e8c7c930ae6fbf35bd1b2"	"334"	"O:\repos.external\OpenNT\base\mvdm"	"cmos_write"	"2"	"1"	"1"	"base/mvdm/softpc.new;nt/private/mvdm/softpc.new"	"1"	"O:\repos.external\OpenNT\base\mvdm|softpc.new/base/bios/cmos_bis.c|e3b6710db5887ef77c5a38c881ebb4eeff2575db65e86a3468258aaa9293e1bd|178"	"one original-MVDM body meets root/linkage/package gate; signature and conditional-form proof remains"
"MVDM-FIRST-REBASELINED-006104"	"time_of_day"	"softpc.new/base/support/time_day.c"	"af7a3d2b6dd80dec1f72910ae627f2ed87906fe8986e8c7c930ae6fbf35bd1b2"	"335"	"O:\repos.external\OpenNT\base\mvdm"	"cmos_read"	"2"	"1"	"1"	"base/mvdm/softpc.new;nt/private/mvdm/softpc.new"	"1"	"O:\repos.external\OpenNT\base\mvdm|softpc.new/base/bios/cmos_bis.c|e3b6710db5887ef77c5a38c881ebb4eeff2575db65e86a3468258aaa9293e1bd|143"	"one original-MVDM body meets root/linkage/package gate; signature and conditional-form proof remains"
"MVDM-FIRST-REBASELINED-006105"	"time_of_day"	"softpc.new/base/support/time_day.c"	"af7a3d2b6dd80dec1f72910ae627f2ed87906fe8986e8c7c930ae6fbf35bd1b2"	"336"	"O:\repos.external\OpenNT\base\mvdm"	"cmos_write"	"2"	"1"	"1"	"base/mvdm/softpc.new;nt/private/mvdm/softpc.new"	"1"	"O:\repos.external\OpenNT\base\mvdm|softpc.new/base/bios/cmos_bis.c|e3b6710db5887ef77c5a38c881ebb4eeff2575db65e86a3468258aaa9293e1bd|178"	"one original-MVDM body meets root/linkage/package gate; signature and conditional-form proof remains"
"MVDM-FIRST-REBASELINED-006106"	"time_of_day"	"softpc.new/base/support/time_day.c"	"af7a3d2b6dd80dec1f72910ae627f2ed87906fe8986e8c7c930ae6fbf35bd1b2"	"342"	"O:\repos.external\OpenNT\base\mvdm"	"cmos_read"	"2"	"1"	"1"	"base/mvdm/softpc.new;nt/private/mvdm/softpc.new"	"1"	"O:\repos.external\OpenNT\base\mvdm|softpc.new/base/bios/cmos_bis.c|e3b6710db5887ef77c5a38c881ebb4eeff2575db65e86a3468258aaa9293e1bd|143"	"one original-MVDM body meets root/linkage/package gate; signature and conditional-form proof remains"
"MVDM-FIRST-REBASELINED-006107"	"time_of_day"	"softpc.new/base/support/time_day.c"	"af7a3d2b6dd80dec1f72910ae627f2ed87906fe8986e8c7c930ae6fbf35bd1b2"	"353"	"O:\repos.external\OpenNT\base\mvdm"	"cmos_write"	"2"	"1"	"1"	"base/mvdm/softpc.new;nt/private/mvdm/softpc.new"	"1"	"O:\repos.external\OpenNT\base\mvdm|softpc.new/base/bios/cmos_bis.c|e3b6710db5887ef77c5a38c881ebb4eeff2575db65e86a3468258aaa9293e1bd|178"	"one original-MVDM body meets root/linkage/package gate; signature and conditional-form proof remains"
"MVDM-FIRST-REBASELINED-006108"	"time_of_day"	"softpc.new/base/support/time_day.c"	"af7a3d2b6dd80dec1f72910ae627f2ed87906fe8986e8c7c930ae6fbf35bd1b2"	"354"	"O:\repos.external\OpenNT\base\mvdm"	"cmos_write"	"2"	"1"	"1"	"base/mvdm/softpc.new;nt/private/mvdm/softpc.new"	"1"	"O:\repos.external\OpenNT\base\mvdm|softpc.new/base/bios/cmos_bis.c|e3b6710db5887ef77c5a38c881ebb4eeff2575db65e86a3468258aaa9293e1bd|178"	"one original-MVDM body meets root/linkage/package gate; signature and conditional-form proof remains"
"MVDM-FIRST-REBASELINED-006109"	"time_of_day"	"softpc.new/base/support/time_day.c"	"af7a3d2b6dd80dec1f72910ae627f2ed87906fe8986e8c7c930ae6fbf35bd1b2"	"355"	"O:\repos.external\OpenNT\base\mvdm"	"cmos_read"	"2"	"1"	"1"	"base/mvdm/softpc.new;nt/private/mvdm/softpc.new"	"1"	"O:\repos.external\OpenNT\base\mvdm|softpc.new/base/bios/cmos_bis.c|e3b6710db5887ef77c5a38c881ebb4eeff2575db65e86a3468258aaa9293e1bd|143"	"one original-MVDM body meets root/linkage/package gate; signature and conditional-form proof remains"
"MVDM-FIRST-REBASELINED-006110"	"time_of_day"	"softpc.new/base/support/time_day.c"	"af7a3d2b6dd80dec1f72910ae627f2ed87906fe8986e8c7c930ae6fbf35bd1b2"	"356"	"O:\repos.external\OpenNT\base\mvdm"	"cmos_read"	"2"	"1"	"1"	"base/mvdm/softpc.new;nt/private/mvdm/softpc.new"	"1"	"O:\repos.external\OpenNT\base\mvdm|softpc.new/base/bios/cmos_bis.c|e3b6710db5887ef77c5a38c881ebb4eeff2575db65e86a3468258aaa9293e1bd|143"	"one original-MVDM body meets root/linkage/package gate; signature and conditional-form proof remains"
"MVDM-FIRST-REBASELINED-006111"	"time_of_day"	"softpc.new/base/support/time_day.c"	"af7a3d2b6dd80dec1f72910ae627f2ed87906fe8986e8c7c930ae6fbf35bd1b2"	"358"	"O:\repos.external\OpenNT\base\mvdm"	"cmos_write"	"2"	"1"	"1"	"base/mvdm/softpc.new;nt/private/mvdm/softpc.new"	"1"	"O:\repos.external\OpenNT\base\mvdm|softpc.new/base/bios/cmos_bis.c|e3b6710db5887ef77c5a38c881ebb4eeff2575db65e86a3468258aaa9293e1bd|178"	"one original-MVDM body meets root/linkage/package gate; signature and conditional-form proof remains"
"MVDM-FIRST-REBASELINED-006112"	"time_of_day"	"softpc.new/base/support/time_day.c"	"af7a3d2b6dd80dec1f72910ae627f2ed87906fe8986e8c7c930ae6fbf35bd1b2"	"359"	"O:\repos.external\OpenNT\base\mvdm"	"cmos_write"	"2"	"1"	"1"	"base/mvdm/softpc.new;nt/private/mvdm/softpc.new"	"1"	"O:\repos.external\OpenNT\base\mvdm|softpc.new/base/bios/cmos_bis.c|e3b6710db5887ef77c5a38c881ebb4eeff2575db65e86a3468258aaa9293e1bd|178"	"one original-MVDM body meets root/linkage/package gate; signature and conditional-form proof remains"
"MVDM-FIRST-REBASELINED-006113"	"time_of_day"	"softpc.new/base/support/time_day.c"	"af7a3d2b6dd80dec1f72910ae627f2ed87906fe8986e8c7c930ae6fbf35bd1b2"	"360"	"O:\repos.external\OpenNT\base\mvdm"	"cmos_write"	"2"	"1"	"1"	"base/mvdm/softpc.new;nt/private/mvdm/softpc.new"	"1"	"O:\repos.external\OpenNT\base\mvdm|softpc.new/base/bios/cmos_bis.c|e3b6710db5887ef77c5a38c881ebb4eeff2575db65e86a3468258aaa9293e1bd|178"	"one original-MVDM body meets root/linkage/package gate; signature and conditional-form proof remains"
"MVDM-FIRST-REBASELINED-006114"	"time_of_day"	"softpc.new/base/support/time_day.c"	"af7a3d2b6dd80dec1f72910ae627f2ed87906fe8986e8c7c930ae6fbf35bd1b2"	"364"	"O:\repos.external\OpenNT\base\mvdm"	"cmos_read"	"2"	"1"	"1"	"base/mvdm/softpc.new;nt/private/mvdm/softpc.new"	"1"	"O:\repos.external\OpenNT\base\mvdm|softpc.new/base/bios/cmos_bis.c|e3b6710db5887ef77c5a38c881ebb4eeff2575db65e86a3468258aaa9293e1bd|143"	"one original-MVDM body meets root/linkage/package gate; signature and conditional-form proof remains"
"MVDM-FIRST-REBASELINED-006115"	"time_of_day"	"softpc.new/base/support/time_day.c"	"af7a3d2b6dd80dec1f72910ae627f2ed87906fe8986e8c7c930ae6fbf35bd1b2"	"366"	"O:\repos.external\OpenNT\base\mvdm"	"cmos_write"	"2"	"1"	"1"	"base/mvdm/softpc.new;nt/private/mvdm/softpc.new"	"1"	"O:\repos.external\OpenNT\base\mvdm|softpc.new/base/bios/cmos_bis.c|e3b6710db5887ef77c5a38c881ebb4eeff2575db65e86a3468258aaa9293e1bd|178"	"one original-MVDM body meets root/linkage/package gate; signature and conditional-form proof remains"
"MVDM-FIRST-REBASELINED-006116"	"time_of_day"	"softpc.new/base/support/time_day.c"	"af7a3d2b6dd80dec1f72910ae627f2ed87906fe8986e8c7c930ae6fbf35bd1b2"	"371"	"O:\repos.external\OpenNT\base\mvdm"	"cmos_read"	"2"	"1"	"1"	"base/mvdm/softpc.new;nt/private/mvdm/softpc.new"	"1"	"O:\repos.external\OpenNT\base\mvdm|softpc.new/base/bios/cmos_bis.c|e3b6710db5887ef77c5a38c881ebb4eeff2575db65e86a3468258aaa9293e1bd|143"	"one original-MVDM body meets root/linkage/package gate; signature and conditional-form proof remains"
"MVDM-FIRST-REBASELINED-006117"	"time_of_day"	"softpc.new/base/support/time_day.c"	"af7a3d2b6dd80dec1f72910ae627f2ed87906fe8986e8c7c930ae6fbf35bd1b2"	"373"	"O:\repos.external\OpenNT\base\mvdm"	"cmos_write"	"2"	"1"	"1"	"base/mvdm/softpc.new;nt/private/mvdm/softpc.new"	"1"	"O:\repos.external\OpenNT\base\mvdm|softpc.new/base/bios/cmos_bis.c|e3b6710db5887ef77c5a38c881ebb4eeff2575db65e86a3468258aaa9293e1bd|178"	"one original-MVDM body meets root/linkage/package gate; signature and conditional-form proof remains"
"MVDM-FIRST-REBASELINED-006121"	"UpDateInProgress"	"softpc.new/base/support/time_day.c"	"af7a3d2b6dd80dec1f72910ae627f2ed87906fe8986e8c7c930ae6fbf35bd1b2"	"821"	"O:\repos.external\OpenNT\base\mvdm"	"cmos_read"	"2"	"1"	"1"	"base/mvdm/softpc.new;nt/private/mvdm/softpc.new"	"1"	"O:\repos.external\OpenNT\base\mvdm|softpc.new/base/bios/cmos_bis.c|e3b6710db5887ef77c5a38c881ebb4eeff2575db65e86a3468258aaa9293e1bd|143"	"one original-MVDM body meets root/linkage/package gate; signature and conditional-form proof remains"
"MVDM-FIRST-REBASELINED-006290"	"time_strobe"	"softpc.new/base/system/timestrb.c"	"e314b1b5e88474ac9d1c978b3db71820fee667f7de3eff23b66e48bf0d3532e7"	"82"	"O:\repos.external\OpenNT\base\mvdm"	"do_hunter"	"0"	"0"	"0"	"base/mvdm/softpc.new;nt/private/mvdm/softpc.new"	"0"	""	"no original-MVDM body candidate; continue approved-source-union resolution"
"MVDM-FIRST-REBASELINED-006554"	"config"	"softpc.new/host/src/config.c"	"2a87d13d633e62b7bda2d982127feea19b20b5a779ff1e384966c2eb3ce6ddfa"	"397"	"O:\repos.external\OpenNT\base\mvdm"	"GetNextVDMCommand"	"0"	"0"	"0"	"base/mvdm/inc;base/mvdm/softpc.new;nt/private/mvdm/inc;nt/private/mvdm/softpc.new;nt/private/windows/inc;public/internal"	"0"	""	"no original-MVDM body candidate; continue approved-source-union resolution"
"MVDM-FIRST-REBASELINED-006562"	"config_inquire"	"softpc.new/host/src/config.c"	"2a87d13d633e62b7bda2d982127feea19b20b5a779ff1e384966c2eb3ce6ddfa"	"606"	"O:\repos.external\OpenNT\base\mvdm"	"host_using_fdisk"	"2"	"1"	"1"	"base/mvdm/inc;base/mvdm/softpc.new;nt/private/mvdm/inc;nt/private/mvdm/softpc.new;nt/private/windows/inc;public/internal"	"1"	"O:\repos.external\OpenNT\base\mvdm|softpc.new/host/src/nt_fdisk.c|f4cca0215e2ff4f49113fe95a26529854b712e096af1c3cc54536061808c4867|100"	"one original-MVDM body meets root/linkage/package gate; signature and conditional-form proof remains"
"MVDM-FIRST-REBASELINED-006566"	"config_inquire"	"softpc.new/host/src/config.c"	"2a87d13d633e62b7bda2d982127feea19b20b5a779ff1e384966c2eb3ce6ddfa"	"616"	"O:\repos.external\OpenNT\base\mvdm"	"host_fdisk_change"	"2"	"1"	"1"	"base/mvdm/inc;base/mvdm/softpc.new;nt/private/mvdm/inc;nt/private/mvdm/softpc.new;nt/private/windows/inc;public/internal"	"1"	"O:\repos.external\OpenNT\base\mvdm|softpc.new/host/src/nt_fdisk.c|f4cca0215e2ff4f49113fe95a26529854b712e096af1c3cc54536061808c4867|121"	"one original-MVDM body meets root/linkage/package gate; signature and conditional-form proof remains"
"MVDM-FIRST-REBASELINED-006642"	"nt_cga_colour_hi_graph_big"	"softpc.new/host/src/nt_cga.c"	"ef84222253b20092ab43505ea3232b3c1174833166ebb4880cb378880a967cc7"	"878"	"O:\repos.external\OpenNT\base\mvdm"	"high_stretch3"	"2"	"1"	"1"	"base/mvdm/softpc.new;nt/private/mvdm/softpc.new"	"1"	"O:\repos.external\OpenNT\base\mvdm|softpc.new/host/src/nt_graph.c|e08e6414c0261656b67a97f839256ee4ba6565f84ce6799197f92b98436131d9|1401"	"one original-MVDM body meets root/linkage/package gate; signature and conditional-form proof remains"
"MVDM-FIRST-REBASELINED-006647"	"nt_cga_colour_hi_graph_huge"	"softpc.new/host/src/nt_cga.c"	"ef84222253b20092ab43505ea3232b3c1174833166ebb4880cb378880a967cc7"	"948"	"O:\repos.external\OpenNT\base\mvdm"	"high_stretch4"	"2"	"1"	"1"	"base/mvdm/softpc.new;nt/private/mvdm/softpc.new"	"1"	"O:\repos.external\OpenNT\base\mvdm|softpc.new/host/src/nt_graph.c|e08e6414c0261656b67a97f839256ee4ba6565f84ce6799197f92b98436131d9|1422"	"one original-MVDM body meets root/linkage/package gate; signature and conditional-form proof remains"
"MVDM-FIRST-REBASELINED-007009"	"nt_event_loop"	"softpc.new/host/src/nt_event.c"	"7f555a87ba029627d6811c0f7b96964bb8a96af90c60c89012975a4ac5442076"	"354"	"O:\repos.external\OpenNT\base\mvdm"	"GetConsoleInputWaitHandle"	"0"	"0"	"0"	"base/mvdm/softpc.new;nt/private/mvdm/softpc.new;nt/private/windows/inc;nt/public/sdk/inc;public/internal;public/sdk"	"0"	""	"no original-MVDM body candidate; continue approved-source-union resolution"
"MVDM-FIRST-REBASELINED-007061"	"cmdPushExitInConsoleBuffer"	"softpc.new/host/src/nt_event.c"	"7f555a87ba029627d6811c0f7b96964bb8a96af90c60c89012975a4ac5442076"	"1900"	"O:\repos.external\OpenNT\base\mvdm"	"ExitVDM"	"0"	"0"	"0"	"base/mvdm/softpc.new;nt/private/mvdm/softpc.new;nt/private/windows/inc;nt/public/sdk/inc;public/internal;public/sdk"	"0"	""	"no original-MVDM body candidate; continue approved-source-union resolution"
"MVDM-FIRST-REBASELINED-007327"	"scs_init"	"softpc.new/host/src/nt_msscs.c"	"96ee0fb677da9f35811f9dc1715d583474ce72bba9fa91f5eb2d5f6ab242b0c3"	"60"	"O:\repos.external\OpenNT\base\mvdm"	"GetNextVDMCommand"	"0"	"0"	"0"	"base/mvdm/inc;base/mvdm/softpc.new;nt/private/mvdm/inc;nt/private/mvdm/softpc.new;nt/private/windows/inc;nt/public/sdk/inc;public/internal;public/sdk"	"0"	""	"no original-MVDM body candidate; continue approved-source-union resolution"
"MVDM-FIRST-REBASELINED-007462"	"host_terminate"	"softpc.new/host/src/nt_reset.c"	"9aa8120237ffa104c87318ef39747a0e66c28bf56bfe9af03511bddf13f11b47"	"330"	"O:\repos.external\OpenNT\base\mvdm"	"ExitVDM"	"0"	"0"	"0"	"base/mvdm/softpc.new;nt/private/mvdm/softpc.new;nt/private/windows/inc;public/internal"	"0"	""	"no original-MVDM body candidate; continue approved-source-union resolution"
"MVDM-FIRST-REBASELINED-007463"	"host_terminate"	"softpc.new/host/src/nt_reset.c"	"9aa8120237ffa104c87318ef39747a0e66c28bf56bfe9af03511bddf13f11b47"	"332"	"O:\repos.external\OpenNT\base\mvdm"	"ExitVDM"	"0"	"0"	"0"	"base/mvdm/softpc.new;nt/private/mvdm/softpc.new;nt/private/windows/inc;public/internal"	"0"	""	"no original-MVDM body candidate; continue approved-source-union resolution"
"MVDM-FIRST-REBASELINED-007465"	"host_read_resource"	"softpc.new/host/src/nt_rez.c"	"12a6486b8cf81e2469b1acd7f9e9d03cada6b4690fad03ea171941802f0945fc"	"67"	"O:\repos.external\OpenNT\base\mvdm"	"host_find_file"	"2"	"1"	"1"	"base/mvdm/softpc.new;nt/private/mvdm/softpc.new"	"1"	"O:\repos.external\OpenNT\base\mvdm|softpc.new/host/src/nt_unix.c|f2ab1f40420a0928884cf524305a9b87b8c65b0c3440ab97367aa1cbce6417a7|370"	"one original-MVDM body meets root/linkage/package gate; signature and conditional-form proof remains"
"MVDM-FIRST-REBASELINED-007468"	"host_read_resource"	"softpc.new/host/src/nt_rez.c"	"12a6486b8cf81e2469b1acd7f9e9d03cada6b4690fad03ea171941802f0945fc"	"76"	"O:\repos.external\OpenNT\base\mvdm"	"host_find_file"	"2"	"1"	"1"	"base/mvdm/softpc.new;nt/private/mvdm/softpc.new"	"1"	"O:\repos.external\OpenNT\base\mvdm|softpc.new/host/src/nt_unix.c|f2ab1f40420a0928884cf524305a9b87b8c65b0c3440ab97367aa1cbce6417a7|370"	"one original-MVDM body meets root/linkage/package gate; signature and conditional-form proof remains"
"MVDM-FIRST-REBASELINED-007491"	"host_terminate"	"softpc.new/host/src/nt_term.c"	"ad5c8c0d28944ea163df5738ed03ca7e19415cca02884083ed69fa98667149be"	"62"	"O:\repos.external\OpenNT\base\mvdm"	"ExitVDM"	"0"	"0"	"0"	"base/mvdm/softpc.new;nt/private/mvdm/softpc.new;nt/private/windows/inc;public/internal"	"0"	""	"no original-MVDM body candidate; continue approved-source-union resolution"
"MVDM-FIRST-REBASELINED-007492"	"host_terminate"	"softpc.new/host/src/nt_term.c"	"ad5c8c0d28944ea163df5738ed03ca7e19415cca02884083ed69fa98667149be"	"64"	"O:\repos.external\OpenNT\base\mvdm"	"ExitVDM"	"0"	"0"	"0"	"base/mvdm/softpc.new;nt/private/mvdm/softpc.new;nt/private/windows/inc;public/internal"	"0"	""	"no original-MVDM body candidate; continue approved-source-union resolution"
"MVDM-FIRST-REBASELINED-007520"	"host_timer_event"	"softpc.new/host/src/nt_timer.c"	"10ea0d5a6de6466e7e9af8efd89c3a77a78077cd38e05332a416a404b655ab33"	"435"	"O:\repos.external\OpenNT\base\mvdm"	"host_flpy_heart_beat"	"2"	"1"	"1"	"base/mvdm/softpc.new;nt/private/mvdm/softpc.new"	"1"	"O:\repos.external\OpenNT\base\mvdm|softpc.new/host/src/nt_rflop.c|22c82627bf993ac4fd072ad1bb7d4f62000b60889e6955e83f5f676ac5bd7a29|509"	"one original-MVDM body meets root/linkage/package gate; signature and conditional-form proof remains"
"MVDM-FIRST-REBASELINED-007797"	"InterruptInit"	"v86/monitor/i386/int.c"	"e9284fc1b320f2aef47a0f0409b004244f9fb8a5a989fba8fb321880dcc4f0ae"	"67"	"O:\repos.external\OpenNT\base\mvdm"	"DbgPrint"	"0"	"0"	"0"	"base/mvdm/inc;base/mvdm/softpc.new;base/mvdm/v86;nt/private/mvdm/inc;nt/private/mvdm/softpc.new"	"0"	""	"no original-MVDM body candidate; continue approved-source-union resolution"
"MVDM-FIRST-REBASELINED-007798"	"cpu_interrupt"	"v86/monitor/i386/int.c"	"e9284fc1b320f2aef47a0f0409b004244f9fb8a5a989fba8fb321880dcc4f0ae"	"152"	"O:\repos.external\OpenNT\base\mvdm"	"DbgPrint"	"0"	"0"	"0"	"base/mvdm/inc;base/mvdm/softpc.new;base/mvdm/v86;nt/private/mvdm/inc;nt/private/mvdm/softpc.new"	"0"	""	"no original-MVDM body candidate; continue approved-source-union resolution"
"MVDM-FIRST-REBASELINED-007801"	"cpu_interrupt"	"v86/monitor/i386/int.c"	"e9284fc1b320f2aef47a0f0409b004244f9fb8a5a989fba8fb321880dcc4f0ae"	"174"	"O:\repos.external\OpenNT\base\mvdm"	"DbgPrint"	"0"	"0"	"0"	"base/mvdm/inc;base/mvdm/softpc.new;base/mvdm/v86;nt/private/mvdm/inc;nt/private/mvdm/softpc.new"	"0"	""	"no original-MVDM body candidate; continue approved-source-union resolution"
"MVDM-FIRST-REBASELINED-007804"	"cpu_init"	"v86/monitor/i386/monitor.c"	"80e97a535ae7760089b2ee9fad8f6ae8202936240f7bc47c17227611aa0268b6"	"226"	"O:\repos.external\OpenNT\base\mvdm"	"DbgPrint"	"0"	"0"	"0"	"base/mvdm/inc;base/mvdm/softpc.new;base/mvdm/v86;nt/private/mvdm/inc;nt/private/mvdm/softpc.new"	"0"	""	"no original-MVDM body candidate; continue approved-source-union resolution"
"MVDM-FIRST-REBASELINED-007807"	"cpu_init"	"v86/monitor/i386/monitor.c"	"80e97a535ae7760089b2ee9fad8f6ae8202936240f7bc47c17227611aa0268b6"	"266"	"O:\repos.external\OpenNT\base\mvdm"	"DbgPrint"	"0"	"0"	"0"	"base/mvdm/inc;base/mvdm/softpc.new;base/mvdm/v86;nt/private/mvdm/inc;nt/private/mvdm/softpc.new"	"0"	""	"no original-MVDM body candidate; continue approved-source-union resolution"
"MVDM-FIRST-REBASELINED-007812"	"cpu_simulate"	"v86/monitor/i386/monitor.c"	"80e97a535ae7760089b2ee9fad8f6ae8202936240f7bc47c17227611aa0268b6"	"363"	"O:\repos.external\OpenNT\base\mvdm"	"FastEnterPm"	"0"	"0"	"0"	"base/mvdm/inc;base/mvdm/softpc.new;base/mvdm/v86;nt/private/mvdm/inc;nt/private/mvdm/softpc.new"	"0"	""	"no original-MVDM body candidate; continue approved-source-union resolution"
"MVDM-FIRST-REBASELINED-007814"	"cpu_simulate"	"v86/monitor/i386/monitor.c"	"80e97a535ae7760089b2ee9fad8f6ae8202936240f7bc47c17227611aa0268b6"	"371"	"O:\repos.external\OpenNT\base\mvdm"	"DbgPrint"	"0"	"0"	"0"	"base/mvdm/inc;base/mvdm/softpc.new;base/mvdm/v86;nt/private/mvdm/inc;nt/private/mvdm/softpc.new"	"0"	""	"no original-MVDM body candidate; continue approved-source-union resolution"
"MVDM-FIRST-REBASELINED-007816"	"cpu_simulate"	"v86/monitor/i386/monitor.c"	"80e97a535ae7760089b2ee9fad8f6ae8202936240f7bc47c17227611aa0268b6"	"398"	"O:\repos.external\OpenNT\base\mvdm"	"DbgPrint"	"0"	"0"	"0"	"base/mvdm/inc;base/mvdm/softpc.new;base/mvdm/v86;nt/private/mvdm/inc;nt/private/mvdm/softpc.new"	"0"	""	"no original-MVDM body candidate; continue approved-source-union resolution"
"MVDM-FIRST-REBASELINED-007817"	"EventVdmIo"	"v86/monitor/i386/monitor.c"	"80e97a535ae7760089b2ee9fad8f6ae8202936240f7bc47c17227611aa0268b6"	"484"	"O:\repos.external\OpenNT\base\mvdm"	"DbgPrint"	"0"	"0"	"0"	"base/mvdm/inc;base/mvdm/softpc.new;base/mvdm/v86;nt/private/mvdm/inc;nt/private/mvdm/softpc.new"	"0"	""	"no original-MVDM body candidate; continue approved-source-union resolution"
"MVDM-FIRST-REBASELINED-007818"	"EventVdmStringIo"	"v86/monitor/i386/monitor.c"	"80e97a535ae7760089b2ee9fad8f6ae8202936240f7bc47c17227611aa0268b6"	"550"	"O:\repos.external\OpenNT\base\mvdm"	"DbgPrint"	"0"	"0"	"0"	"base/mvdm/inc;base/mvdm/softpc.new;base/mvdm/v86;nt/private/mvdm/inc;nt/private/mvdm/softpc.new"	"0"	""	"no original-MVDM body candidate; continue approved-source-union resolution"
"MVDM-FIRST-REBASELINED-007819"	"EventVdmBop"	"v86/monitor/i386/monitor.c"	"80e97a535ae7760089b2ee9fad8f6ae8202936240f7bc47c17227611aa0268b6"	"637"	"O:\repos.external\OpenNT\base\mvdm"	"DbgPrint"	"0"	"0"	"0"	"base/mvdm/inc;base/mvdm/softpc.new;base/mvdm/v86;nt/private/mvdm/inc;nt/private/mvdm/softpc.new"	"0"	""	"no original-MVDM body candidate; continue approved-source-union resolution"
"MVDM-FIRST-REBASELINED-007820"	"EventVdmBop"	"v86/monitor/i386/monitor.c"	"80e97a535ae7760089b2ee9fad8f6ae8202936240f7bc47c17227611aa0268b6"	"646"	"O:\repos.external\OpenNT\base\mvdm"	"DbgPrint"	"0"	"0"	"0"	"base/mvdm/inc;base/mvdm/softpc.new;base/mvdm/v86;nt/private/mvdm/inc;nt/private/mvdm/softpc.new"	"0"	""	"no original-MVDM body candidate; continue approved-source-union resolution"
"MVDM-FIRST-REBASELINED-007822"	"EventVdmError"	"v86/monitor/i386/monitor.c"	"80e97a535ae7760089b2ee9fad8f6ae8202936240f7bc47c17227611aa0268b6"	"680"	"O:\repos.external\OpenNT\base\mvdm"	"DbgPrint"	"0"	"0"	"0"	"base/mvdm/inc;base/mvdm/softpc.new;base/mvdm/v86;nt/private/mvdm/inc;nt/private/mvdm/softpc.new"	"0"	""	"no original-MVDM body candidate; continue approved-source-union resolution"
"MVDM-FIRST-REBASELINED-007909"	"sas_init"	"v86/monitor/i386/sas.c"	"d28d27e4bb22e955330dcbaf3a62ff6533b79fed8df46fe3eee615ce444e7834"	"176"	"O:\repos.external\OpenNT\base\mvdm"	"DbgPrint"	"0"	"0"	"0"	"base/mvdm/inc;base/mvdm/softpc.new;base/mvdm/v86;nt/private/mvdm/inc;nt/private/mvdm/softpc.new"	"0"	""	"no original-MVDM body candidate; continue approved-source-union resolution"
"MVDM-FIRST-REBASELINED-007912"	"sas_init"	"v86/monitor/i386/sas.c"	"d28d27e4bb22e955330dcbaf3a62ff6533b79fed8df46fe3eee615ce444e7834"	"201"	"O:\repos.external\OpenNT\base\mvdm"	"DbgPrint"	"0"	"0"	"0"	"base/mvdm/inc;base/mvdm/softpc.new;base/mvdm/v86;nt/private/mvdm/inc;nt/private/mvdm/softpc.new"	"0"	""	"no original-MVDM body candidate; continue approved-source-union resolution"
"MVDM-FIRST-REBASELINED-007915"	"sas_init"	"v86/monitor/i386/sas.c"	"d28d27e4bb22e955330dcbaf3a62ff6533b79fed8df46fe3eee615ce444e7834"	"219"	"O:\repos.external\OpenNT\base\mvdm"	"DbgPrint"	"0"	"0"	"0"	"base/mvdm/inc;base/mvdm/softpc.new;base/mvdm/v86;nt/private/mvdm/inc;nt/private/mvdm/softpc.new"	"0"	""	"no original-MVDM body candidate; continue approved-source-union resolution"
"MVDM-FIRST-REBASELINED-007918"	"sas_init"	"v86/monitor/i386/sas.c"	"d28d27e4bb22e955330dcbaf3a62ff6533b79fed8df46fe3eee615ce444e7834"	"244"	"O:\repos.external\OpenNT\base\mvdm"	"DbgPrint"	"0"	"0"	"0"	"base/mvdm/inc;base/mvdm/softpc.new;base/mvdm/v86;nt/private/mvdm/inc;nt/private/mvdm/softpc.new"	"0"	""	"no original-MVDM body candidate; continue approved-source-union resolution"
"MVDM-FIRST-REBASELINED-007921"	"sas_init"	"v86/monitor/i386/sas.c"	"d28d27e4bb22e955330dcbaf3a62ff6533b79fed8df46fe3eee615ce444e7834"	"265"	"O:\repos.external\OpenNT\base\mvdm"	"DbgPrint"	"0"	"0"	"0"	"base/mvdm/inc;base/mvdm/softpc.new;base/mvdm/v86;nt/private/mvdm/inc;nt/private/mvdm/softpc.new"	"0"	""	"no original-MVDM body candidate; continue approved-source-union resolution"
"MVDM-FIRST-REBASELINED-007924"	"sas_init"	"v86/monitor/i386/sas.c"	"d28d27e4bb22e955330dcbaf3a62ff6533b79fed8df46fe3eee615ce444e7834"	"302"	"O:\repos.external\OpenNT\base\mvdm"	"DbgPrint"	"0"	"0"	"0"	"base/mvdm/inc;base/mvdm/softpc.new;base/mvdm/v86;nt/private/mvdm/inc;nt/private/mvdm/softpc.new"	"0"	""	"no original-MVDM body candidate; continue approved-source-union resolution"
"MVDM-FIRST-REBASELINED-007925"	"sas_init"	"v86/monitor/i386/sas.c"	"d28d27e4bb22e955330dcbaf3a62ff6533b79fed8df46fe3eee615ce444e7834"	"321"	"O:\repos.external\OpenNT\base\mvdm"	"DbgPrint"	"0"	"0"	"0"	"base/mvdm/inc;base/mvdm/softpc.new;base/mvdm/v86;nt/private/mvdm/inc;nt/private/mvdm/softpc.new"	"0"	""	"no original-MVDM body candidate; continue approved-source-union resolution"
"MVDM-FIRST-REBASELINED-007928"	"sas_init"	"v86/monitor/i386/sas.c"	"d28d27e4bb22e955330dcbaf3a62ff6533b79fed8df46fe3eee615ce444e7834"	"343"	"O:\repos.external\OpenNT\base\mvdm"	"DbgPrint"	"0"	"0"	"0"	"base/mvdm/inc;base/mvdm/softpc.new;base/mvdm/v86;nt/private/mvdm/inc;nt/private/mvdm/softpc.new"	"0"	""	"no original-MVDM body candidate; continue approved-source-union resolution"
"MVDM-FIRST-REBASELINED-007934"	"sas_enable_20_bit_wrapping"	"v86/monitor/i386/sas.c"	"d28d27e4bb22e955330dcbaf3a62ff6533b79fed8df46fe3eee615ce444e7834"	"619"	"O:\repos.external\OpenNT\base\mvdm"	"DbgPrint"	"0"	"0"	"0"	"base/mvdm/inc;base/mvdm/softpc.new;base/mvdm/v86;nt/private/mvdm/inc;nt/private/mvdm/softpc.new"	"0"	""	"no original-MVDM body candidate; continue approved-source-union resolution"
"MVDM-FIRST-REBASELINED-007937"	"sas_enable_20_bit_wrapping"	"v86/monitor/i386/sas.c"	"d28d27e4bb22e955330dcbaf3a62ff6533b79fed8df46fe3eee615ce444e7834"	"639"	"O:\repos.external\OpenNT\base\mvdm"	"DbgPrint"	"0"	"0"	"0"	"base/mvdm/inc;base/mvdm/softpc.new;base/mvdm/v86;nt/private/mvdm/inc;nt/private/mvdm/softpc.new"	"0"	""	"no original-MVDM body candidate; continue approved-source-union resolution"
"MVDM-FIRST-REBASELINED-007940"	"sas_disable_20_bit_wrapping"	"v86/monitor/i386/sas.c"	"d28d27e4bb22e955330dcbaf3a62ff6533b79fed8df46fe3eee615ce444e7834"	"687"	"O:\repos.external\OpenNT\base\mvdm"	"DbgPrint"	"0"	"0"	"0"	"base/mvdm/inc;base/mvdm/softpc.new;base/mvdm/v86;nt/private/mvdm/inc;nt/private/mvdm/softpc.new"	"0"	""	"no original-MVDM body candidate; continue approved-source-union resolution"
"MVDM-FIRST-REBASELINED-007943"	"sas_disable_20_bit_wrapping"	"v86/monitor/i386/sas.c"	"d28d27e4bb22e955330dcbaf3a62ff6533b79fed8df46fe3eee615ce444e7834"	"708"	"O:\repos.external\OpenNT\base\mvdm"	"DbgPrint"	"0"	"0"	"0"	"base/mvdm/inc;base/mvdm/softpc.new;base/mvdm/v86;nt/private/mvdm/inc;nt/private/mvdm/softpc.new"	"0"	""	"no original-MVDM body candidate; continue approved-source-union resolution"
"MVDM-FIRST-REBASELINED-007973"	"cpu_createthread"	"v86/monitor/i386/thread.c"	"7211199f4c8c1975dc973971008763ea87e795dfd18a05a7e9b12c852a5c8348"	"82"	"O:\repos.external\OpenNT\base\mvdm"	"DbgPrint"	"0"	"0"	"0"	"base/mvdm/inc;base/mvdm/softpc.new;base/mvdm/v86;nt/private/mvdm/inc;nt/private/mvdm/softpc.new"	"0"	""	"no original-MVDM body candidate; continue approved-source-union resolution"
"MVDM-FIRST-REBASELINED-007975"	"cpu_createthread"	"v86/monitor/i386/thread.c"	"7211199f4c8c1975dc973971008763ea87e795dfd18a05a7e9b12c852a5c8348"	"96"	"O:\repos.external\OpenNT\base\mvdm"	"DbgPrint"	"0"	"0"	"0"	"base/mvdm/inc;base/mvdm/softpc.new;base/mvdm/v86;nt/private/mvdm/inc;nt/private/mvdm/softpc.new"	"0"	""	"no original-MVDM body candidate; continue approved-source-union resolution"
"MVDM-FIRST-REBASELINED-007979"	"cpu_createthread"	"v86/monitor/i386/thread.c"	"7211199f4c8c1975dc973971008763ea87e795dfd18a05a7e9b12c852a5c8348"	"118"	"O:\repos.external\OpenNT\base\mvdm"	"DbgPrint"	"0"	"0"	"0"	"base/mvdm/inc;base/mvdm/softpc.new;base/mvdm/v86;nt/private/mvdm/inc;nt/private/mvdm/softpc.new"	"0"	""	"no original-MVDM body candidate; continue approved-source-union resolution"
"MVDM-FIRST-REBASELINED-007981"	"cpu_createthread"	"v86/monitor/i386/thread.c"	"7211199f4c8c1975dc973971008763ea87e795dfd18a05a7e9b12c852a5c8348"	"136"	"O:\repos.external\OpenNT\base\mvdm"	"DbgPrint"	"0"	"0"	"0"	"base/mvdm/inc;base/mvdm/softpc.new;base/mvdm/v86;nt/private/mvdm/inc;nt/private/mvdm/softpc.new"	"0"	""	"no original-MVDM body candidate; continue approved-source-union resolution"
"MVDM-FIRST-REBASELINED-007983"	"cpu_exitthread"	"v86/monitor/i386/thread.c"	"7211199f4c8c1975dc973971008763ea87e795dfd18a05a7e9b12c852a5c8348"	"215"	"O:\repos.external\OpenNT\base\mvdm"	"DbgPrint"	"0"	"0"	"0"	"base/mvdm/inc;base/mvdm/softpc.new;base/mvdm/v86;nt/private/mvdm/inc;nt/private/mvdm/softpc.new"	"0"	""	"no original-MVDM body candidate; continue approved-source-union resolution"
"MVDM-FIRST-REBASELINED-007985"	"cpu_exitthread"	"v86/monitor/i386/thread.c"	"7211199f4c8c1975dc973971008763ea87e795dfd18a05a7e9b12c852a5c8348"	"227"	"O:\repos.external\OpenNT\base\mvdm"	"DbgPrint"	"0"	"0"	"0"	"base/mvdm/inc;base/mvdm/softpc.new;base/mvdm/v86;nt/private/mvdm/inc;nt/private/mvdm/softpc.new"	"0"	""	"no original-MVDM body candidate; continue approved-source-union resolution"
"MVDM-FIRST-REBASELINED-008036"	"BiosVidInit"	"v86/scaffold/i386/fakevid.c"	"303eb5d066d565f6a061a5a7fba5f4e1d5bc876e0816a809fedb24aecc2679dc"	"94"	"O:\repos.external\OpenNT\base\mvdm"	"clearconsole"	"0"	"0"	"0"	"base/mvdm/inc;base/mvdm/v86;nt/private/mvdm/inc"	"0"	""	"no original-MVDM body candidate; continue approved-source-union resolution"
"MVDM-FIRST-REBASELINED-008043"	"ParseSwitches"	"v86/scaffold/i386/softpc.c"	"4272b1aafa096106981fb1445846c5e3c317f8849b084734c1c2f472c5c3b3f6"	"367"	"O:\repos.external\OpenNT\base\mvdm"	"DbgPrint"	"0"	"0"	"0"	"base/mvdm/inc;base/mvdm/v86;nt/private/mvdm/inc"	"0"	""	"no original-MVDM body candidate; continue approved-source-union resolution"
"MVDM-FIRST-REBASELINED-008045"	"usage"	"v86/scaffold/i386/softpc.c"	"4272b1aafa096106981fb1445846c5e3c317f8849b084734c1c2f472c5c3b3f6"	"393"	"O:\repos.external\OpenNT\base\mvdm"	"DbgPrint"	"0"	"0"	"0"	"base/mvdm/inc;base/mvdm/v86;nt/private/mvdm/inc"	"0"	""	"no original-MVDM body candidate; continue approved-source-union resolution"
"MVDM-FIRST-REBASELINED-008206"	"VDMCallRemote16"	"vdmdbg/vdmdbg.c"	"11cad596254d09929987cf110f5b492862972d06077c5fecc100dc79b087e1d2"	"1603"	"O:\repos.external\OpenNT\base\mvdm"	"WaitForSingleObject"	"0"	"0"	"0"	"base/mvdm/inc;nt/private/mvdm/inc;nt/private/sdktools/jetadmin;nt/public/sdk/inc;public/sdk;sdktools/jetadmin"	"0"	""	"no original-MVDM body candidate; continue approved-source-union resolution"
"MVDM-FIRST-REBASELINED-008225"	"u"	"vdmexts/disasm.c"	"6da5a9f7cf7510a0e93586aef7d25f3f14b149250bb7419422edeb32f0c8da71"	"88"	"O:\repos.external\OpenNT\base\mvdm"	"strcpy"	"0"	"0"	"0"	"base/mvdm/inc;base/mvdm/vdmexts;nt/private/mvdm/inc;nt/private/sdktools/jetadmin;nt/public/sdk/inc;public/sdk;sdktools/jetadmin"	"0"	""	"no original-MVDM body candidate; continue approved-source-union resolution"
"MVDM-FIRST-REBASELINED-008226"	"AppendString"	"vdmexts/disasm.c"	"6da5a9f7cf7510a0e93586aef7d25f3f14b149250bb7419422edeb32f0c8da71"	"1414"	"O:\repos.external\OpenNT\base\mvdm"	"strcpy"	"0"	"0"	"0"	"base/mvdm/inc;base/mvdm/vdmexts;nt/private/mvdm/inc;nt/private/sdktools/jetadmin;nt/public/sdk/inc;public/sdk;sdktools/jetadmin"	"0"	""	"no original-MVDM body candidate; continue approved-source-union resolution"
"MVDM-FIRST-REBASELINED-008227"	"AppendString"	"vdmexts/disasm.c"	"6da5a9f7cf7510a0e93586aef7d25f3f14b149250bb7419422edeb32f0c8da71"	"1415"	"O:\repos.external\OpenNT\base\mvdm"	"strlen"	"0"	"0"	"0"	"base/mvdm/inc;base/mvdm/vdmexts;nt/private/mvdm/inc;nt/private/sdktools/jetadmin;nt/public/sdk/inc;public/sdk;sdktools/jetadmin"	"0"	""	"no original-MVDM body candidate; continue approved-source-union resolution"
"MVDM-FIRST-REBASELINED-008228"	"ExtraString"	"vdmexts/disasm.c"	"6da5a9f7cf7510a0e93586aef7d25f3f14b149250bb7419422edeb32f0c8da71"	"1420"	"O:\repos.external\OpenNT\base\mvdm"	"strcpy"	"0"	"0"	"0"	"base/mvdm/inc;base/mvdm/vdmexts;nt/private/mvdm/inc;nt/private/sdktools/jetadmin;nt/public/sdk/inc;public/sdk;sdktools/jetadmin"	"0"	""	"no original-MVDM body candidate; continue approved-source-union resolution"
"MVDM-FIRST-REBASELINED-008229"	"ExtraString"	"vdmexts/disasm.c"	"6da5a9f7cf7510a0e93586aef7d25f3f14b149250bb7419422edeb32f0c8da71"	"1421"	"O:\repos.external\OpenNT\base\mvdm"	"strlen"	"0"	"0"	"0"	"base/mvdm/inc;base/mvdm/vdmexts;nt/private/mvdm/inc;nt/private/sdktools/jetadmin;nt/public/sdk/inc;public/sdk;sdktools/jetadmin"	"0"	""	"no original-MVDM body candidate; continue approved-source-union resolution"
"MVDM-FIRST-REBASELINED-008230"	"GetHeapOwnerInfo"	"vdmexts/heap.c"	"3e4544bbd3030ea995b0d79c91ad34a45c6a022f8e67c69060454049b3489d8f"	"80"	"O:\repos.external\OpenNT\base\mvdm"	"strcpy"	"0"	"0"	"0"	"base/mvdm/inc;base/mvdm/vdmexts;nt/private/mvdm/inc;nt/private/sdktools/jetadmin;nt/public/sdk/inc;public/sdk;sdktools/jetadmin"	"0"	""	"no original-MVDM body candidate; continue approved-source-union resolution"
"MVDM-FIRST-REBASELINED-008231"	"GetHeapOwnerInfo"	"vdmexts/heap.c"	"3e4544bbd3030ea995b0d79c91ad34a45c6a022f8e67c69060454049b3489d8f"	"83"	"O:\repos.external\OpenNT\base\mvdm"	"strcpy"	"0"	"0"	"0"	"base/mvdm/inc;base/mvdm/vdmexts;nt/private/mvdm/inc;nt/private/sdktools/jetadmin;nt/public/sdk/inc;public/sdk;sdktools/jetadmin"	"0"	""	"no original-MVDM body candidate; continue approved-source-union resolution"
"MVDM-FIRST-REBASELINED-008233"	"GetHeapOwnerInfo"	"vdmexts/heap.c"	"3e4544bbd3030ea995b0d79c91ad34a45c6a022f8e67c69060454049b3489d8f"	"104"	"O:\repos.external\OpenNT\base\mvdm"	"strcpy"	"0"	"0"	"0"	"base/mvdm/inc;base/mvdm/vdmexts;nt/private/mvdm/inc;nt/private/sdktools/jetadmin;nt/public/sdk/inc;public/sdk;sdktools/jetadmin"	"0"	""	"no original-MVDM body candidate; continue approved-source-union resolution"
"MVDM-FIRST-REBASELINED-008234"	"GetHeapOwnerInfo"	"vdmexts/heap.c"	"3e4544bbd3030ea995b0d79c91ad34a45c6a022f8e67c69060454049b3489d8f"	"106"	"O:\repos.external\OpenNT\base\mvdm"	"strcpy"	"0"	"0"	"0"	"base/mvdm/inc;base/mvdm/vdmexts;nt/private/mvdm/inc;nt/private/sdktools/jetadmin;nt/public/sdk/inc;public/sdk;sdktools/jetadmin"	"0"	""	"no original-MVDM body candidate; continue approved-source-union resolution"
"MVDM-FIRST-REBASELINED-008257"	"lm"	"vdmexts/misc.c"	"bfbf56ceda6cdb56e09ba098377b1edaa2aa9cfa168c3d79b083e74d754bfca9"	"383"	"O:\repos.external\OpenNT\base\mvdm"	"strcpy"	"0"	"0"	"0"	"base/mvdm/inc;base/mvdm/vdmexts;nt/private/mvdm/inc;nt/private/sdktools/jetadmin;nt/public/sdk/inc;public/sdk;sdktools/jetadmin"	"0"	""	"no original-MVDM body candidate; continue approved-source-union resolution"
"MVDM-FIRST-REBASELINED-008258"	"lm"	"vdmexts/misc.c"	"bfbf56ceda6cdb56e09ba098377b1edaa2aa9cfa168c3d79b083e74d754bfca9"	"384"	"O:\repos.external\OpenNT\base\mvdm"	"strlen"	"0"	"0"	"0"	"base/mvdm/inc;base/mvdm/vdmexts;nt/private/mvdm/inc;nt/private/sdktools/jetadmin;nt/public/sdk/inc;public/sdk;sdktools/jetadmin"	"0"	""	"no original-MVDM body candidate; continue approved-source-union resolution"
"MVDM-FIRST-REBASELINED-008261"	"lm"	"vdmexts/misc.c"	"bfbf56ceda6cdb56e09ba098377b1edaa2aa9cfa168c3d79b083e74d754bfca9"	"450"	"O:\repos.external\OpenNT\base\mvdm"	"strcpy"	"0"	"0"	"0"	"base/mvdm/inc;base/mvdm/vdmexts;nt/private/mvdm/inc;nt/private/sdktools/jetadmin;nt/public/sdk/inc;public/sdk;sdktools/jetadmin"	"0"	""	"no original-MVDM body candidate; continue approved-source-union resolution"
"MVDM-FIRST-REBASELINED-008268"	"look_for_far"	"vdmexts/stack.c"	"eb5992dad41aeb3d8cc325a49aae8f586e3fdf6552250d71bd84708c86525f39"	"398"	"O:\repos.external\OpenNT\base\mvdm"	"strcpy"	"0"	"0"	"0"	"base/mvdm/inc;base/mvdm/vdmexts;nt/private/mvdm/inc;nt/private/sdktools/jetadmin;nt/public/sdk/inc;public/sdk;sdktools/jetadmin"	"0"	""	"no original-MVDM body candidate; continue approved-source-union resolution"
"MVDM-FIRST-REBASELINED-008270"	"AddModuleNameList"	"vdmexts/sym.c"	"469c9612de293034fdbc7a74e1d2bd479222fe1cd3e1350f1f90c0737c2d701e"	"97"	"O:\repos.external\OpenNT\base\mvdm"	"strlen"	"0"	"0"	"0"	"base/mvdm/inc;base/mvdm/vdmexts;nt/private/mvdm/inc;nt/private/sdktools/jetadmin;nt/public/sdk/inc;public/sdk;sdktools/jetadmin"	"0"	""	"no original-MVDM body candidate; continue approved-source-union resolution"
"MVDM-FIRST-REBASELINED-008271"	"AddModuleNameList"	"vdmexts/sym.c"	"469c9612de293034fdbc7a74e1d2bd479222fe1cd3e1350f1f90c0737c2d701e"	"105"	"O:\repos.external\OpenNT\base\mvdm"	"strcpy"	"0"	"0"	"0"	"base/mvdm/inc;base/mvdm/vdmexts;nt/private/mvdm/inc;nt/private/sdktools/jetadmin;nt/public/sdk/inc;public/sdk;sdktools/jetadmin"	"0"	""	"no original-MVDM body candidate; continue approved-source-union resolution"
"MVDM-FIRST-REBASELINED-008272"	"GetOwnerSegmentFromSelector"	"vdmexts/sym.c"	"469c9612de293034fdbc7a74e1d2bd479222fe1cd3e1350f1f90c0737c2d701e"	"187"	"O:\repos.external\OpenNT\base\mvdm"	"strcpy"	"0"	"0"	"0"	"base/mvdm/inc;base/mvdm/vdmexts;nt/private/mvdm/inc;nt/private/sdktools/jetadmin;nt/public/sdk/inc;public/sdk;sdktools/jetadmin"	"0"	""	"no original-MVDM body candidate; continue approved-source-union resolution"
"MVDM-FIRST-REBASELINED-008277"	"FindExport"	"vdmexts/sym.c"	"469c9612de293034fdbc7a74e1d2bd479222fe1cd3e1350f1f90c0737c2d701e"	"320"	"O:\repos.external\OpenNT\base\mvdm"	"strcpy"	"0"	"0"	"0"	"base/mvdm/inc;base/mvdm/vdmexts;nt/private/mvdm/inc;nt/private/sdktools/jetadmin;nt/public/sdk/inc;public/sdk;sdktools/jetadmin"	"0"	""	"no original-MVDM body candidate; continue approved-source-union resolution"
"MVDM-FIRST-REBASELINED-008279"	"FindExport"	"vdmexts/sym.c"	"469c9612de293034fdbc7a74e1d2bd479222fe1cd3e1350f1f90c0737c2d701e"	"324"	"O:\repos.external\OpenNT\base\mvdm"	"strcpy"	"0"	"0"	"0"	"base/mvdm/inc;base/mvdm/vdmexts;nt/private/mvdm/inc;nt/private/sdktools/jetadmin;nt/public/sdk/inc;public/sdk;sdktools/jetadmin"	"0"	""	"no original-MVDM body candidate; continue approved-source-union resolution"
"MVDM-FIRST-REBASELINED-008282"	"FindExport"	"vdmexts/sym.c"	"469c9612de293034fdbc7a74e1d2bd479222fe1cd3e1350f1f90c0737c2d701e"	"330"	"O:\repos.external\OpenNT\base\mvdm"	"strcpy"	"0"	"0"	"0"	"base/mvdm/inc;base/mvdm/vdmexts;nt/private/mvdm/inc;nt/private/sdktools/jetadmin;nt/public/sdk/inc;public/sdk;sdktools/jetadmin"	"0"	""	"no original-MVDM body candidate; continue approved-source-union resolution"
"MVDM-FIRST-REBASELINED-008297"	"ExtractSymbol"	"vdmexts/sym.c"	"469c9612de293034fdbc7a74e1d2bd479222fe1cd3e1350f1f90c0737c2d701e"	"547"	"O:\repos.external\OpenNT\base\mvdm"	"strcpy"	"0"	"0"	"0"	"base/mvdm/inc;base/mvdm/vdmexts;nt/private/mvdm/inc;nt/private/sdktools/jetadmin;nt/public/sdk/inc;public/sdk;sdktools/jetadmin"	"0"	""	"no original-MVDM body candidate; continue approved-source-union resolution"
"MVDM-FIRST-REBASELINED-008298"	"ExtractSymbol"	"vdmexts/sym.c"	"469c9612de293034fdbc7a74e1d2bd479222fe1cd3e1350f1f90c0737c2d701e"	"554"	"O:\repos.external\OpenNT\base\mvdm"	"strcpy"	"0"	"0"	"0"	"base/mvdm/inc;base/mvdm/vdmexts;nt/private/mvdm/inc;nt/private/sdktools/jetadmin;nt/public/sdk/inc;public/sdk;sdktools/jetadmin"	"0"	""	"no original-MVDM body candidate; continue approved-source-union resolution"
"MVDM-FIRST-REBASELINED-008331"	"ExtractSymbol"	"vdmexts/sym.c"	"469c9612de293034fdbc7a74e1d2bd479222fe1cd3e1350f1f90c0737c2d701e"	"750"	"O:\repos.external\OpenNT\base\mvdm"	"strcpy"	"0"	"0"	"0"	"base/mvdm/inc;base/mvdm/vdmexts;nt/private/mvdm/inc;nt/private/sdktools/jetadmin;nt/public/sdk/inc;public/sdk;sdktools/jetadmin"	"0"	""	"no original-MVDM body candidate; continue approved-source-union resolution"
"MVDM-FIRST-REBASELINED-008339"	"ExtractAddress"	"vdmexts/sym.c"	"469c9612de293034fdbc7a74e1d2bd479222fe1cd3e1350f1f90c0737c2d701e"	"840"	"O:\repos.external\OpenNT\base\mvdm"	"strcpy"	"0"	"0"	"0"	"base/mvdm/inc;base/mvdm/vdmexts;nt/private/mvdm/inc;nt/private/sdktools/jetadmin;nt/public/sdk/inc;public/sdk;sdktools/jetadmin"	"0"	""	"no original-MVDM body candidate; continue approved-source-union resolution"
"MVDM-FIRST-REBASELINED-008341"	"ExtractAddress"	"vdmexts/sym.c"	"469c9612de293034fdbc7a74e1d2bd479222fe1cd3e1350f1f90c0737c2d701e"	"843"	"O:\repos.external\OpenNT\base\mvdm"	"strcpy"	"0"	"0"	"0"	"base/mvdm/inc;base/mvdm/vdmexts;nt/private/mvdm/inc;nt/private/sdktools/jetadmin;nt/public/sdk/inc;public/sdk;sdktools/jetadmin"	"0"	""	"no original-MVDM body candidate; continue approved-source-union resolution"
"MVDM-FIRST-REBASELINED-008376"	"ExtractAddress"	"vdmexts/sym.c"	"469c9612de293034fdbc7a74e1d2bd479222fe1cd3e1350f1f90c0737c2d701e"	"1005"	"O:\repos.external\OpenNT\base\mvdm"	"strcpy"	"0"	"0"	"0"	"base/mvdm/inc;base/mvdm/vdmexts;nt/private/mvdm/inc;nt/private/sdktools/jetadmin;nt/public/sdk/inc;public/sdk;sdktools/jetadmin"	"0"	""	"no original-MVDM body candidate; continue approved-source-union resolution"
"MVDM-FIRST-REBASELINED-008380"	"FindAddress"	"vdmexts/sym.c"	"469c9612de293034fdbc7a74e1d2bd479222fe1cd3e1350f1f90c0737c2d701e"	"1045"	"O:\repos.external\OpenNT\base\mvdm"	"strcpy"	"0"	"0"	"0"	"base/mvdm/inc;base/mvdm/vdmexts;nt/private/mvdm/inc;nt/private/sdktools/jetadmin;nt/public/sdk/inc;public/sdk;sdktools/jetadmin"	"0"	""	"no original-MVDM body candidate; continue approved-source-union resolution"
"MVDM-FIRST-REBASELINED-008468"	"ParseIntelAddress"	"vdmexts/util.c"	"572625bf57190ade673921f11a564c36e45f8458cbb5c63726b9d00d55e89702"	"799"	"O:\repos.external\OpenNT\base\mvdm"	"strcpy"	"0"	"0"	"0"	"base/mvdm/inc;base/mvdm/vdmexts;nt/private/mvdm/inc;nt/private/sdktools/jetadmin;nt/public/sdk/inc;public/sdk;sdktools/jetadmin"	"0"	""	"no original-MVDM body candidate; continue approved-source-union resolution"
"MVDM-FIRST-REBASELINED-008469"	"ParseIntelAddress"	"vdmexts/util.c"	"572625bf57190ade673921f11a564c36e45f8458cbb5c63726b9d00d55e89702"	"801"	"O:\repos.external\OpenNT\base\mvdm"	"strcpy"	"0"	"0"	"0"	"base/mvdm/inc;base/mvdm/vdmexts;nt/private/mvdm/inc;nt/private/sdktools/jetadmin;nt/public/sdk/inc;public/sdk;sdktools/jetadmin"	"0"	""	"no original-MVDM body candidate; continue approved-source-union resolution"
"MVDM-FIRST-REBASELINED-008600"	"logfile"	"vdmexts/wow.c"	"385755e94188901161a9e22d63790210f25af014e0a06878655c86f0af856ec4"	"1161"	"O:\repos.external\OpenNT\base\mvdm"	"strcpy"	"0"	"0"	"0"	"base/mvdm/inc;base/mvdm/vdmexts;base/mvdm/wow32;nt/private/mvdm/inc;nt/private/mvdm/wow32;nt/private/sdktools/jetadmin;nt/private/windows/inc;nt/public/sdk/inc;public/internal;public/sdk;sdktools/jetadmin"	"0"	""	"no original-MVDM body candidate; continue approved-source-union resolution"
"MVDM-FIRST-REBASELINED-008601"	"logfile"	"vdmexts/wow.c"	"385755e94188901161a9e22d63790210f25af014e0a06878655c86f0af856ec4"	"1164"	"O:\repos.external\OpenNT\base\mvdm"	"strcpy"	"0"	"0"	"0"	"base/mvdm/inc;base/mvdm/vdmexts;base/mvdm/wow32;nt/private/mvdm/inc;nt/private/mvdm/wow32;nt/private/sdktools/jetadmin;nt/private/windows/inc;nt/public/sdk/inc;public/internal;public/sdk;sdktools/jetadmin"	"0"	""	"no original-MVDM body candidate; continue approved-source-union resolution"
"MVDM-FIRST-REBASELINED-008680"	"VrDispatch"	"vdmredir/vrdisp.c"	"030a3a2f2baaeb36bb58eb459cc91a0f6bf15bfdec777fc2998e3c3d69b2a389"	"139"	"O:\repos.external\OpenNT\base\mvdm"	"DbgPrint"	"0"	"0"	"0"	"base/mvdm/inc;base/mvdm/vdmredir;nt/private/inc/dlcio.h;nt/private/mvdm/inc;nt/private/sdktools/jetadmin;nt/public/sdk/inc;public/ddk;public/sdk;sdktools/jetadmin"	"0"	""	"no original-MVDM body candidate; continue approved-source-union resolution"
"MVDM-FIRST-REBASELINED-008681"	"VrDispatch"	"vdmredir/vrdisp.c"	"030a3a2f2baaeb36bb58eb459cc91a0f6bf15bfdec777fc2998e3c3d69b2a389"	"147"	"O:\repos.external\OpenNT\base\mvdm"	"DbgPrint"	"0"	"0"	"0"	"base/mvdm/inc;base/mvdm/vdmredir;nt/private/inc/dlcio.h;nt/private/mvdm/inc;nt/private/sdktools/jetadmin;nt/public/sdk/inc;public/ddk;public/sdk;sdktools/jetadmin"	"0"	""	"no original-MVDM body candidate; continue approved-source-union resolution"
"MVDM-FIRST-REBASELINED-008711"	"VrDlcInit"	"vdmredir/vrdlc5c.c"	"850f2f1a746eee3610f06ebf489cb662bcd628f556299e445daac7fdd24e9bbf"	"3479"	"O:\repos.external\OpenNT\base\mvdm"	"InitializeEventHandler"	"2"	"1"	"1"	"base/mvdm/inc;base/mvdm/vdmredir;nt/private/inc/dlcio.h;nt/private/mvdm/inc;nt/private/sdktools/jetadmin;nt/public/sdk/inc;public/ddk;public/sdk;sdktools/jetadmin"	"1"	"O:\repos.external\OpenNT\base\mvdm|vdmredir/vrdlcpst.c|ea7ce5c516434bd5b08fddd53881705385f3d925388ff4e439b337faa388cf01|2996"	"one original-MVDM body meets root/linkage/package gate; signature and conditional-form proof remains"
"MVDM-FIRST-REBASELINED-008870"	"VrRaiseInterrupt"	"vdmredir/vrinit.c"	"088ecff80459ed358ebf4f7dd291821748475a8fbdccaf27a1ee1df2b6648273"	"325"	"O:\repos.external\OpenNT\base\mvdm"	"call_ica_hw_interrupt"	"0"	"0"	"0"	"base/mvdm/inc;base/mvdm/softpc.new;base/mvdm/vdmredir;nt/private/mvdm/inc;nt/private/mvdm/softpc.new;nt/private/sdktools/jetadmin;nt/public/sdk/inc;public/sdk;sdktools/jetadmin"	"0"	""	"no original-MVDM body candidate; continue approved-source-union resolution"
"MVDM-FIRST-REBASELINED-008873"	"VrDismissInterrupt"	"vdmredir/vrinit.c"	"088ecff80459ed358ebf4f7dd291821748475a8fbdccaf27a1ee1df2b6648273"	"388"	"O:\repos.external\OpenNT\base\mvdm"	"call_ica_hw_interrupt"	"0"	"0"	"0"	"base/mvdm/inc;base/mvdm/softpc.new;base/mvdm/vdmredir;nt/private/mvdm/inc;nt/private/mvdm/softpc.new;nt/private/sdktools/jetadmin;nt/public/sdk/inc;public/sdk;sdktools/jetadmin"	"0"	""	"no original-MVDM body candidate; continue approved-source-union resolution"
"MVDM-FIRST-REBASELINED-008887"	"VrResumeHook"	"vdmredir/vrinit.c"	"088ecff80459ed358ebf4f7dd291821748475a8fbdccaf27a1ee1df2b6648273"	"744"	"O:\repos.external\OpenNT\base\mvdm"	"call_ica_hw_interrupt"	"0"	"0"	"0"	"base/mvdm/inc;base/mvdm/softpc.new;base/mvdm/vdmredir;nt/private/mvdm/inc;nt/private/mvdm/softpc.new;nt/private/sdktools/jetadmin;nt/public/sdk/inc;public/sdk;sdktools/jetadmin"	"0"	""	"no original-MVDM body candidate; continue approved-source-union resolution"
"MVDM-FIRST-REBASELINED-008891"	"VrTerminateDosProcess"	"vdmredir/vrmisc.c"	"1af57aba3be6a1425eb18187a73c579f56619a2593bce3b2c20be8cf67216b6d"	"79"	"O:\repos.external\OpenNT\base\mvdm"	"VrTerminateMailslots"	"2"	"1"	"1"	"base/mvdm/inc;base/mvdm/vdmredir;nt/private/mvdm/inc"	"1"	"O:\repos.external\OpenNT\base\mvdm|vdmredir/vrmslot.c|70294b72780d3287137310dd4b018b7e572328e1b8bcf9bf4178c32734b95c7c|842"	"one original-MVDM body meets root/linkage/package gate; signature and conditional-form proof remains"
"MVDM-FIRST-REBASELINED-008895"	"VrGetCDNames"	"vdmredir/vrnetapi.c"	"9074aa1c5d287996c95547c08b7e06dac578a29d90aa3b91278c00bbe7392a70"	"219"	"O:\repos.external\OpenNT\base\mvdm"	"NetWkstaGetInfo"	"0"	"0"	"0"	"base/mvdm/inc;base/mvdm/vdmredir;nt/private/mvdm/inc;nt/private/net/inc;nt/private/os2/client;nt/private/sdktools/jetadmin;nt/public/sdk/inc;public/internal;public/sdk;sdktools/jetadmin"	"0"	""	"no original-MVDM body candidate; continue approved-source-union resolution"
"MVDM-FIRST-REBASELINED-008943"	"VrNetMessageBufferSend"	"vdmredir/vrnetapi.c"	"9074aa1c5d287996c95547c08b7e06dac578a29d90aa3b91278c00bbe7392a70"	"616"	"O:\repos.external\OpenNT\base\mvdm"	"XsNetMessageBufferSend"	"0"	"0"	"0"	"base/mvdm/inc;base/mvdm/vdmredir;nt/private/mvdm/inc;nt/private/net/inc;nt/private/os2/client;nt/private/sdktools/jetadmin;nt/public/sdk/inc;public/internal;public/sdk;sdktools/jetadmin"	"0"	""	"no original-MVDM body candidate; continue approved-source-union resolution"
"MVDM-FIRST-REBASELINED-008944"	"VrNetMessageBufferSend"	"vdmredir/vrnetapi.c"	"9074aa1c5d287996c95547c08b7e06dac578a29d90aa3b91278c00bbe7392a70"	"618"	"O:\repos.external\OpenNT\base\mvdm"	"NetpNtStatusToApiStatus"	"0"	"0"	"0"	"base/mvdm/inc;base/mvdm/vdmredir;nt/private/mvdm/inc;nt/private/net/inc;nt/private/os2/client;nt/private/sdktools/jetadmin;nt/public/sdk/inc;public/internal;public/sdk;sdktools/jetadmin"	"0"	""	"no original-MVDM body candidate; continue approved-source-union resolution"
"MVDM-FIRST-REBASELINED-008953"	"VrNetRemoteApi"	"vdmredir/vrnetapi.c"	"9074aa1c5d287996c95547c08b7e06dac578a29d90aa3b91278c00bbe7392a70"	"822"	"O:\repos.external\OpenNT\base\mvdm"	"RxNetUserPasswordSet"	"0"	"0"	"0"	"base/mvdm/inc;base/mvdm/vdmredir;nt/private/mvdm/inc;nt/private/net/inc;nt/private/os2/client;nt/private/sdktools/jetadmin;nt/public/sdk/inc;public/internal;public/sdk;sdktools/jetadmin"	"0"	""	"no original-MVDM body candidate; continue approved-source-union resolution"
"MVDM-FIRST-REBASELINED-008965"	"VrNetRemoteApi"	"vdmredir/vrnetapi.c"	"9074aa1c5d287996c95547c08b7e06dac578a29d90aa3b91278c00bbe7392a70"	"1121"	"O:\repos.external\OpenNT\base\mvdm"	"VrRemoteApi"	"2"	"1"	"1"	"base/mvdm/inc;base/mvdm/vdmredir;nt/private/mvdm/inc;nt/private/net/inc;nt/private/os2/client;nt/private/sdktools/jetadmin;nt/public/sdk/inc;public/internal;public/sdk;sdktools/jetadmin"	"1"	"O:\repos.external\OpenNT\base\mvdm|vdmredir/vrremote.c|f75d2984624cee1a77b6f5bf6a18fe4a7f38a059d32b0e711edb97d03a08c9b8|154"	"one original-MVDM body meets root/linkage/package gate; signature and conditional-form proof remains"
"MVDM-FIRST-REBASELINED-008979"	"VrNetServerEnum"	"vdmredir/vrnetapi.c"	"9074aa1c5d287996c95547c08b7e06dac578a29d90aa3b91278c00bbe7392a70"	"1429"	"O:\repos.external\OpenNT\base\mvdm"	"XsNetServerEnum2"	"0"	"0"	"0"	"base/mvdm/inc;base/mvdm/vdmredir;nt/private/mvdm/inc;nt/private/net/inc;nt/private/os2/client;nt/private/sdktools/jetadmin;nt/public/sdk/inc;public/internal;public/sdk;sdktools/jetadmin"	"0"	""	"no original-MVDM body candidate; continue approved-source-union resolution"
"MVDM-FIRST-REBASELINED-008980"	"VrNetServerEnum"	"vdmredir/vrnetapi.c"	"9074aa1c5d287996c95547c08b7e06dac578a29d90aa3b91278c00bbe7392a70"	"1431"	"O:\repos.external\OpenNT\base\mvdm"	"NetpNtStatusToApiStatus"	"0"	"0"	"0"	"base/mvdm/inc;base/mvdm/vdmredir;nt/private/mvdm/inc;nt/private/net/inc;nt/private/os2/client;nt/private/sdktools/jetadmin;nt/public/sdk/inc;public/internal;public/sdk;sdktools/jetadmin"	"0"	""	"no original-MVDM body candidate; continue approved-source-union resolution"
"MVDM-FIRST-REBASELINED-008988"	"VrNetServiceControl"	"vdmredir/vrnetapi.c"	"9074aa1c5d287996c95547c08b7e06dac578a29d90aa3b91278c00bbe7392a70"	"1589"	"O:\repos.external\OpenNT\base\mvdm"	"XsNetServiceControl"	"0"	"0"	"0"	"base/mvdm/inc;base/mvdm/vdmredir;nt/private/mvdm/inc;nt/private/net/inc;nt/private/os2/client;nt/private/sdktools/jetadmin;nt/public/sdk/inc;public/internal;public/sdk;sdktools/jetadmin"	"0"	""	"no original-MVDM body candidate; continue approved-source-union resolution"
"MVDM-FIRST-REBASELINED-008989"	"VrNetServiceControl"	"vdmredir/vrnetapi.c"	"9074aa1c5d287996c95547c08b7e06dac578a29d90aa3b91278c00bbe7392a70"	"1591"	"O:\repos.external\OpenNT\base\mvdm"	"NetpNtStatusToApiStatus"	"0"	"0"	"0"	"base/mvdm/inc;base/mvdm/vdmredir;nt/private/mvdm/inc;nt/private/net/inc;nt/private/os2/client;nt/private/sdktools/jetadmin;nt/public/sdk/inc;public/internal;public/sdk;sdktools/jetadmin"	"0"	""	"no original-MVDM body candidate; continue approved-source-union resolution"
"MVDM-FIRST-REBASELINED-008999"	"VrNetUseAdd"	"vdmredir/vrnetapi.c"	"9074aa1c5d287996c95547c08b7e06dac578a29d90aa3b91278c00bbe7392a70"	"1801"	"O:\repos.external\OpenNT\base\mvdm"	"XsNetUseAdd"	"0"	"0"	"0"	"base/mvdm/inc;base/mvdm/vdmredir;nt/private/mvdm/inc;nt/private/net/inc;nt/private/os2/client;nt/private/sdktools/jetadmin;nt/public/sdk/inc;public/internal;public/sdk;sdktools/jetadmin"	"0"	""	"no original-MVDM body candidate; continue approved-source-union resolution"
"MVDM-FIRST-REBASELINED-009000"	"VrNetUseAdd"	"vdmredir/vrnetapi.c"	"9074aa1c5d287996c95547c08b7e06dac578a29d90aa3b91278c00bbe7392a70"	"1803"	"O:\repos.external\OpenNT\base\mvdm"	"NetpNtStatusToApiStatus"	"0"	"0"	"0"	"base/mvdm/inc;base/mvdm/vdmredir;nt/private/mvdm/inc;nt/private/net/inc;nt/private/os2/client;nt/private/sdktools/jetadmin;nt/public/sdk/inc;public/internal;public/sdk;sdktools/jetadmin"	"0"	""	"no original-MVDM body candidate; continue approved-source-union resolution"
"MVDM-FIRST-REBASELINED-009006"	"VrNetUseDel"	"vdmredir/vrnetapi.c"	"9074aa1c5d287996c95547c08b7e06dac578a29d90aa3b91278c00bbe7392a70"	"1897"	"O:\repos.external\OpenNT\base\mvdm"	"XsNetUseDel"	"0"	"0"	"0"	"base/mvdm/inc;base/mvdm/vdmredir;nt/private/mvdm/inc;nt/private/net/inc;nt/private/os2/client;nt/private/sdktools/jetadmin;nt/public/sdk/inc;public/internal;public/sdk;sdktools/jetadmin"	"0"	""	"no original-MVDM body candidate; continue approved-source-union resolution"
"MVDM-FIRST-REBASELINED-009007"	"VrNetUseDel"	"vdmredir/vrnetapi.c"	"9074aa1c5d287996c95547c08b7e06dac578a29d90aa3b91278c00bbe7392a70"	"1905"	"O:\repos.external\OpenNT\base\mvdm"	"NetpNtStatusToApiStatus"	"0"	"0"	"0"	"base/mvdm/inc;base/mvdm/vdmredir;nt/private/mvdm/inc;nt/private/net/inc;nt/private/os2/client;nt/private/sdktools/jetadmin;nt/public/sdk/inc;public/internal;public/sdk;sdktools/jetadmin"	"0"	""	"no original-MVDM body candidate; continue approved-source-union resolution"
"MVDM-FIRST-REBASELINED-009010"	"VrNetUseEnum"	"vdmredir/vrnetapi.c"	"9074aa1c5d287996c95547c08b7e06dac578a29d90aa3b91278c00bbe7392a70"	"1971"	"O:\repos.external\OpenNT\base\mvdm"	"XsNetUseEnum"	"0"	"0"	"0"	"base/mvdm/inc;base/mvdm/vdmredir;nt/private/mvdm/inc;nt/private/net/inc;nt/private/os2/client;nt/private/sdktools/jetadmin;nt/public/sdk/inc;public/internal;public/sdk;sdktools/jetadmin"	"0"	""	"no original-MVDM body candidate; continue approved-source-union resolution"
"MVDM-FIRST-REBASELINED-009011"	"VrNetUseEnum"	"vdmredir/vrnetapi.c"	"9074aa1c5d287996c95547c08b7e06dac578a29d90aa3b91278c00bbe7392a70"	"1979"	"O:\repos.external\OpenNT\base\mvdm"	"NetpNtStatusToApiStatus"	"0"	"0"	"0"	"base/mvdm/inc;base/mvdm/vdmredir;nt/private/mvdm/inc;nt/private/net/inc;nt/private/os2/client;nt/private/sdktools/jetadmin;nt/public/sdk/inc;public/internal;public/sdk;sdktools/jetadmin"	"0"	""	"no original-MVDM body candidate; continue approved-source-union resolution"
"MVDM-FIRST-REBASELINED-009024"	"VrNetUseGetInfo"	"vdmredir/vrnetapi.c"	"9074aa1c5d287996c95547c08b7e06dac578a29d90aa3b91278c00bbe7392a70"	"2128"	"O:\repos.external\OpenNT\base\mvdm"	"XsNetUseGetInfo"	"0"	"0"	"0"	"base/mvdm/inc;base/mvdm/vdmredir;nt/private/mvdm/inc;nt/private/net/inc;nt/private/os2/client;nt/private/sdktools/jetadmin;nt/public/sdk/inc;public/internal;public/sdk;sdktools/jetadmin"	"0"	""	"no original-MVDM body candidate; continue approved-source-union resolution"
"MVDM-FIRST-REBASELINED-009025"	"VrNetUseGetInfo"	"vdmredir/vrnetapi.c"	"9074aa1c5d287996c95547c08b7e06dac578a29d90aa3b91278c00bbe7392a70"	"2130"	"O:\repos.external\OpenNT\base\mvdm"	"NetpNtStatusToApiStatus"	"0"	"0"	"0"	"base/mvdm/inc;base/mvdm/vdmredir;nt/private/mvdm/inc;nt/private/net/inc;nt/private/os2/client;nt/private/sdktools/jetadmin;nt/public/sdk/inc;public/internal;public/sdk;sdktools/jetadmin"	"0"	""	"no original-MVDM body candidate; continue approved-source-union resolution"
"MVDM-FIRST-REBASELINED-009037"	"VrNetWkstaGetInfo"	"vdmredir/vrnetapi.c"	"9074aa1c5d287996c95547c08b7e06dac578a29d90aa3b91278c00bbe7392a70"	"2305"	"O:\repos.external\OpenNT\base\mvdm"	"XsNetWkstaGetInfo"	"0"	"0"	"0"	"base/mvdm/inc;base/mvdm/vdmredir;nt/private/mvdm/inc;nt/private/net/inc;nt/private/os2/client;nt/private/sdktools/jetadmin;nt/public/sdk/inc;public/internal;public/sdk;sdktools/jetadmin"	"0"	""	"no original-MVDM body candidate; continue approved-source-union resolution"
"MVDM-FIRST-REBASELINED-009038"	"VrNetWkstaGetInfo"	"vdmredir/vrnetapi.c"	"9074aa1c5d287996c95547c08b7e06dac578a29d90aa3b91278c00bbe7392a70"	"2307"	"O:\repos.external\OpenNT\base\mvdm"	"NetpNtStatusToApiStatus"	"0"	"0"	"0"	"base/mvdm/inc;base/mvdm/vdmredir;nt/private/mvdm/inc;nt/private/net/inc;nt/private/os2/client;nt/private/sdktools/jetadmin;nt/public/sdk/inc;public/internal;public/sdk;sdktools/jetadmin"	"0"	""	"no original-MVDM body candidate; continue approved-source-union resolution"
"MVDM-FIRST-REBASELINED-009096"	"VrGetAssignListEntry"	"vdmredir/vrnetapi.c"	"9074aa1c5d287996c95547c08b7e06dac578a29d90aa3b91278c00bbe7392a70"	"3148"	"O:\repos.external\OpenNT\base\mvdm"	"XsNetUseEnum"	"0"	"0"	"0"	"base/mvdm/inc;base/mvdm/vdmredir;nt/private/mvdm/inc;nt/private/net/inc;nt/private/os2/client;nt/private/sdktools/jetadmin;nt/public/sdk/inc;public/internal;public/sdk;sdktools/jetadmin"	"0"	""	"no original-MVDM body candidate; continue approved-source-union resolution"
"MVDM-FIRST-REBASELINED-009097"	"VrGetAssignListEntry"	"vdmredir/vrnetapi.c"	"9074aa1c5d287996c95547c08b7e06dac578a29d90aa3b91278c00bbe7392a70"	"3156"	"O:\repos.external\OpenNT\base\mvdm"	"NetpNtStatusToApiStatus"	"0"	"0"	"0"	"base/mvdm/inc;base/mvdm/vdmredir;nt/private/mvdm/inc;nt/private/net/inc;nt/private/os2/client;nt/private/sdktools/jetadmin;nt/public/sdk/inc;public/internal;public/sdk;sdktools/jetadmin"	"0"	""	"no original-MVDM body candidate; continue approved-source-union resolution"
"MVDM-FIRST-REBASELINED-009121"	"VrDefineMacro"	"vdmredir/vrnetapi.c"	"9074aa1c5d287996c95547c08b7e06dac578a29d90aa3b91278c00bbe7392a70"	"3533"	"O:\repos.external\OpenNT\base\mvdm"	"XsNetUseAdd"	"0"	"0"	"0"	"base/mvdm/inc;base/mvdm/vdmredir;nt/private/mvdm/inc;nt/private/net/inc;nt/private/os2/client;nt/private/sdktools/jetadmin;nt/public/sdk/inc;public/internal;public/sdk;sdktools/jetadmin"	"0"	""	"no original-MVDM body candidate; continue approved-source-union resolution"
"MVDM-FIRST-REBASELINED-009122"	"VrDefineMacro"	"vdmredir/vrnetapi.c"	"9074aa1c5d287996c95547c08b7e06dac578a29d90aa3b91278c00bbe7392a70"	"3536"	"O:\repos.external\OpenNT\base\mvdm"	"NetpNtStatusToApiStatus"	"0"	"0"	"0"	"base/mvdm/inc;base/mvdm/vdmredir;nt/private/mvdm/inc;nt/private/net/inc;nt/private/os2/client;nt/private/sdktools/jetadmin;nt/public/sdk/inc;public/internal;public/sdk;sdktools/jetadmin"	"0"	""	"no original-MVDM body candidate; continue approved-source-union resolution"
"MVDM-FIRST-REBASELINED-009129"	"VrBreakMacro"	"vdmredir/vrnetapi.c"	"9074aa1c5d287996c95547c08b7e06dac578a29d90aa3b91278c00bbe7392a70"	"3642"	"O:\repos.external\OpenNT\base\mvdm"	"XsNetUseDel"	"0"	"0"	"0"	"base/mvdm/inc;base/mvdm/vdmredir;nt/private/mvdm/inc;nt/private/net/inc;nt/private/os2/client;nt/private/sdktools/jetadmin;nt/public/sdk/inc;public/internal;public/sdk;sdktools/jetadmin"	"0"	""	"no original-MVDM body candidate; continue approved-source-union resolution"
"MVDM-FIRST-REBASELINED-009130"	"VrBreakMacro"	"vdmredir/vrnetapi.c"	"9074aa1c5d287996c95547c08b7e06dac578a29d90aa3b91278c00bbe7392a70"	"3650"	"O:\repos.external\OpenNT\base\mvdm"	"NetpNtStatusToApiStatus"	"0"	"0"	"0"	"base/mvdm/inc;base/mvdm/vdmredir;nt/private/mvdm/inc;nt/private/net/inc;nt/private/os2/client;nt/private/sdktools/jetadmin;nt/public/sdk/inc;public/internal;public/sdk;sdktools/jetadmin"	"0"	""	"no original-MVDM body candidate; continue approved-source-union resolution"
"MVDM-FIRST-REBASELINED-009463"	"VrpMapLastError"	"vdmredir/vrputil.c"	"1440cd1379dee1bbe65b0a1e6f6a637a3de48765da85cfd94153e8876a66fe16"	"74"	"O:\repos.external\OpenNT\base\mvdm"	"DbgPrint"	"0"	"0"	"0"	"base/mvdm/inc;base/mvdm/vdmredir;nt/private/mvdm/inc;nt/private/sdktools/jetadmin;nt/public/sdk/inc;public/sdk;sdktools/jetadmin"	"0"	""	"no original-MVDM body candidate; continue approved-source-union resolution"
"MVDM-FIRST-REBASELINED-009474"	"Register"	"wow16/ddeml/ddeml.c"	"db5e05ec3476aad827158ee92c97bcf499d5e16afe6cdbab8b232210ea100de6"	"190"	"O:\repos.external\OpenNT\base\mvdm"	"CreatePile"	"2"	"1"	"1"	"base/mvdm/wow16"	"1"	"O:\repos.external\OpenNT\base\mvdm|wow16/ddeml/dmgdb.c|a1f7df43d0ce8cdef64271e778fd1e2d5d55ce7ce92df7e8508e1abb175e5b71|552"	"one original-MVDM body meets root/linkage/package gate; signature and conditional-form proof remains"
"MVDM-FIRST-REBASELINED-009475"	"Register"	"wow16/ddeml/ddeml.c"	"db5e05ec3476aad827158ee92c97bcf499d5e16afe6cdbab8b232210ea100de6"	"196"	"O:\repos.external\OpenNT\base\mvdm"	"CreatePile"	"2"	"1"	"1"	"base/mvdm/wow16"	"1"	"O:\repos.external\OpenNT\base\mvdm|wow16/ddeml/dmgdb.c|a1f7df43d0ce8cdef64271e778fd1e2d5d55ce7ce92df7e8508e1abb175e5b71|552"	"one original-MVDM body meets root/linkage/package gate; signature and conditional-form proof remains"
"MVDM-FIRST-REBASELINED-009476"	"Register"	"wow16/ddeml/ddeml.c"	"db5e05ec3476aad827158ee92c97bcf499d5e16afe6cdbab8b232210ea100de6"	"201"	"O:\repos.external\OpenNT\base\mvdm"	"FarAllocMem"	"2"	"1"	"1"	"base/mvdm/wow16"	"1"	"O:\repos.external\OpenNT\base\mvdm|wow16/ddeml/dmgmem.c|94dbd9d00a8d907fe86eeccaf066e880ff5763381527979d0b5f35ac9b90edb8|430"	"one original-MVDM body meets root/linkage/package gate; signature and conditional-form proof remains"
"MVDM-FIRST-REBASELINED-009477"	"Register"	"wow16/ddeml/ddeml.c"	"db5e05ec3476aad827158ee92c97bcf499d5e16afe6cdbab8b232210ea100de6"	"207"	"O:\repos.external\OpenNT\base\mvdm"	"DmgCreateHeap"	"2"	"1"	"1"	"base/mvdm/wow16"	"1"	"O:\repos.external\OpenNT\base\mvdm|wow16/ddeml/dmgmem.c|94dbd9d00a8d907fe86eeccaf066e880ff5763381527979d0b5f35ac9b90edb8|337"	"one original-MVDM body meets root/linkage/package gate; signature and conditional-form proof remains"
"MVDM-FIRST-REBASELINED-009478"	"Register"	"wow16/ddeml/ddeml.c"	"db5e05ec3476aad827158ee92c97bcf499d5e16afe6cdbab8b232210ea100de6"	"220"	"O:\repos.external\OpenNT\base\mvdm"	"CreatePile"	"2"	"1"	"1"	"base/mvdm/wow16"	"1"	"O:\repos.external\OpenNT\base\mvdm|wow16/ddeml/dmgdb.c|a1f7df43d0ce8cdef64271e778fd1e2d5d55ce7ce92df7e8508e1abb175e5b71|552"	"one original-MVDM body meets root/linkage/package gate; signature and conditional-form proof remains"
"MVDM-FIRST-REBASELINED-009479"	"Register"	"wow16/ddeml/ddeml.c"	"db5e05ec3476aad827158ee92c97bcf499d5e16afe6cdbab8b232210ea100de6"	"221"	"O:\repos.external\OpenNT\base\mvdm"	"CreatePile"	"2"	"1"	"1"	"base/mvdm/wow16"	"1"	"O:\repos.external\OpenNT\base\mvdm|wow16/ddeml/dmgdb.c|a1f7df43d0ce8cdef64271e778fd1e2d5d55ce7ce92df7e8508e1abb175e5b71|552"	"one original-MVDM body meets root/linkage/package gate; signature and conditional-form proof remains"
"MVDM-FIRST-REBASELINED-009480"	"Register"	"wow16/ddeml/ddeml.c"	"db5e05ec3476aad827158ee92c97bcf499d5e16afe6cdbab8b232210ea100de6"	"224"	"O:\repos.external\OpenNT\base\mvdm"	"CreateLst"	"2"	"1"	"1"	"base/mvdm/wow16"	"1"	"O:\repos.external\OpenNT\base\mvdm|wow16/ddeml/dmgdb.c|a1f7df43d0ce8cdef64271e778fd1e2d5d55ce7ce92df7e8508e1abb175e5b71|89"	"one original-MVDM body meets root/linkage/package gate; signature and conditional-form proof remains"
"MVDM-FIRST-REBASELINED-009482"	"Register"	"wow16/ddeml/ddeml.c"	"db5e05ec3476aad827158ee92c97bcf499d5e16afe6cdbab8b232210ea100de6"	"237"	"O:\repos.external\OpenNT\base\mvdm"	"CreateLst"	"2"	"1"	"1"	"base/mvdm/wow16"	"1"	"O:\repos.external\OpenNT\base\mvdm|wow16/ddeml/dmgdb.c|a1f7df43d0ce8cdef64271e778fd1e2d5d55ce7ce92df7e8508e1abb175e5b71|89"	"one original-MVDM body meets root/linkage/package gate; signature and conditional-form proof remains"
"MVDM-FIRST-REBASELINED-009483"	"Register"	"wow16/ddeml/ddeml.c"	"db5e05ec3476aad827158ee92c97bcf499d5e16afe6cdbab8b232210ea100de6"	"238"	"O:\repos.external\OpenNT\base\mvdm"	"FarAllocMem"	"2"	"1"	"1"	"base/mvdm/wow16"	"1"	"O:\repos.external\OpenNT\base\mvdm|wow16/ddeml/dmgmem.c|94dbd9d00a8d907fe86eeccaf066e880ff5763381527979d0b5f35ac9b90edb8|430"	"one original-MVDM body meets root/linkage/package gate; signature and conditional-form proof remains"
"MVDM-FIRST-REBASELINED-009504"	"DdeUninitialize"	"wow16/ddeml/ddeml.c"	"db5e05ec3476aad827158ee92c97bcf499d5e16afe6cdbab8b232210ea100de6"	"492"	"O:\repos.external\OpenNT\base\mvdm"	"DmgDestroyWindow"	"2"	"1"	"1"	"base/mvdm/wow16"	"1"	"O:\repos.external\OpenNT\base\mvdm|wow16/ddeml/dmgdb.c|a1f7df43d0ce8cdef64271e778fd1e2d5d55ce7ce92df7e8508e1abb175e5b71|916"	"one original-MVDM body meets root/linkage/package gate; signature and conditional-form proof remains"
"MVDM-FIRST-REBASELINED-009507"	"DdeUninitialize"	"wow16/ddeml/ddeml.c"	"db5e05ec3476aad827158ee92c97bcf499d5e16afe6cdbab8b232210ea100de6"	"498"	"O:\repos.external\OpenNT\base\mvdm"	"UnlinkAppInfo"	"2"	"1"	"1"	"base/mvdm/wow16"	"1"	"O:\repos.external\OpenNT\base\mvdm|wow16/ddeml/dmgdb.c|a1f7df43d0ce8cdef64271e778fd1e2d5d55ce7ce92df7e8508e1abb175e5b71|58"	"one original-MVDM body meets root/linkage/package gate; signature and conditional-form proof remains"
"MVDM-FIRST-REBASELINED-009508"	"DdeUninitialize"	"wow16/ddeml/ddeml.c"	"db5e05ec3476aad827158ee92c97bcf499d5e16afe6cdbab8b232210ea100de6"	"500"	"O:\repos.external\OpenNT\base\mvdm"	"DmgDestroyWindow"	"2"	"1"	"1"	"base/mvdm/wow16"	"1"	"O:\repos.external\OpenNT\base\mvdm|wow16/ddeml/dmgdb.c|a1f7df43d0ce8cdef64271e778fd1e2d5d55ce7ce92df7e8508e1abb175e5b71|916"	"one original-MVDM body meets root/linkage/package gate; signature and conditional-form proof remains"
"MVDM-FIRST-REBASELINED-009509"	"DdeUninitialize"	"wow16/ddeml/ddeml.c"	"db5e05ec3476aad827158ee92c97bcf499d5e16afe6cdbab8b232210ea100de6"	"501"	"O:\repos.external\OpenNT\base\mvdm"	"DmgDestroyWindow"	"2"	"1"	"1"	"base/mvdm/wow16"	"1"	"O:\repos.external\OpenNT\base\mvdm|wow16/ddeml/dmgdb.c|a1f7df43d0ce8cdef64271e778fd1e2d5d55ce7ce92df7e8508e1abb175e5b71|916"	"one original-MVDM body meets root/linkage/package gate; signature and conditional-form proof remains"
"MVDM-FIRST-REBASELINED-009510"	"DdeUninitialize"	"wow16/ddeml/ddeml.c"	"db5e05ec3476aad827158ee92c97bcf499d5e16afe6cdbab8b232210ea100de6"	"503"	"O:\repos.external\OpenNT\base\mvdm"	"PopPileSubitem"	"2"	"1"	"1"	"base/mvdm/wow16"	"1"	"O:\repos.external\OpenNT\base\mvdm|wow16/ddeml/dmgdb.c|a1f7df43d0ce8cdef64271e778fd1e2d5d55ce7ce92df7e8508e1abb175e5b71|743"	"one original-MVDM body meets root/linkage/package gate; signature and conditional-form proof remains"
"MVDM-FIRST-REBASELINED-009511"	"DdeUninitialize"	"wow16/ddeml/ddeml.c"	"db5e05ec3476aad827158ee92c97bcf499d5e16afe6cdbab8b232210ea100de6"	"505"	"O:\repos.external\OpenNT\base\mvdm"	"DestroyPile"	"2"	"1"	"1"	"base/mvdm/wow16"	"1"	"O:\repos.external\OpenNT\base\mvdm|wow16/ddeml/dmgdb.c|a1f7df43d0ce8cdef64271e778fd1e2d5d55ce7ce92df7e8508e1abb175e5b71|572"	"one original-MVDM body meets root/linkage/package gate; signature and conditional-form proof remains"
"MVDM-FIRST-REBASELINED-009512"	"DdeUninitialize"	"wow16/ddeml/ddeml.c"	"db5e05ec3476aad827158ee92c97bcf499d5e16afe6cdbab8b232210ea100de6"	"507"	"O:\repos.external\OpenNT\base\mvdm"	"PopPileSubitem"	"2"	"1"	"1"	"base/mvdm/wow16"	"1"	"O:\repos.external\OpenNT\base\mvdm|wow16/ddeml/dmgdb.c|a1f7df43d0ce8cdef64271e778fd1e2d5d55ce7ce92df7e8508e1abb175e5b71|743"	"one original-MVDM body meets root/linkage/package gate; signature and conditional-form proof remains"
"MVDM-FIRST-REBASELINED-009513"	"DdeUninitialize"	"wow16/ddeml/ddeml.c"	"db5e05ec3476aad827158ee92c97bcf499d5e16afe6cdbab8b232210ea100de6"	"509"	"O:\repos.external\OpenNT\base\mvdm"	"FreeHsz"	"2"	"1"	"1"	"base/mvdm/wow16"	"1"	"O:\repos.external\OpenNT\base\mvdm|wow16/ddeml/dmghsz.c|057b6e90ed65a296ef1151a02c5e5b8319d7ea5dd2a1904667acd6baf25562a3|32"	"one original-MVDM body meets root/linkage/package gate; signature and conditional-form proof remains"
"MVDM-FIRST-REBASELINED-009514"	"DdeUninitialize"	"wow16/ddeml/ddeml.c"	"db5e05ec3476aad827158ee92c97bcf499d5e16afe6cdbab8b232210ea100de6"	"511"	"O:\repos.external\OpenNT\base\mvdm"	"DestroyPile"	"2"	"1"	"1"	"base/mvdm/wow16"	"1"	"O:\repos.external\OpenNT\base\mvdm|wow16/ddeml/dmgdb.c|a1f7df43d0ce8cdef64271e778fd1e2d5d55ce7ce92df7e8508e1abb175e5b71|572"	"one original-MVDM body meets root/linkage/package gate; signature and conditional-form proof remains"
"MVDM-FIRST-REBASELINED-009515"	"DdeUninitialize"	"wow16/ddeml/ddeml.c"	"db5e05ec3476aad827158ee92c97bcf499d5e16afe6cdbab8b232210ea100de6"	"512"	"O:\repos.external\OpenNT\base\mvdm"	"DestroyPile"	"2"	"1"	"1"	"base/mvdm/wow16"	"1"	"O:\repos.external\OpenNT\base\mvdm|wow16/ddeml/dmgdb.c|a1f7df43d0ce8cdef64271e778fd1e2d5d55ce7ce92df7e8508e1abb175e5b71|572"	"one original-MVDM body meets root/linkage/package gate; signature and conditional-form proof remains"
"MVDM-FIRST-REBASELINED-009516"	"DdeUninitialize"	"wow16/ddeml/ddeml.c"	"db5e05ec3476aad827158ee92c97bcf499d5e16afe6cdbab8b232210ea100de6"	"513"	"O:\repos.external\OpenNT\base\mvdm"	"DestroyLst"	"2"	"1"	"1"	"base/mvdm/wow16"	"1"	"O:\repos.external\OpenNT\base\mvdm|wow16/ddeml/dmgdb.c|a1f7df43d0ce8cdef64271e778fd1e2d5d55ce7ce92df7e8508e1abb175e5b71|110"	"one original-MVDM body meets root/linkage/package gate; signature and conditional-form proof remains"
"MVDM-FIRST-REBASELINED-009517"	"DdeUninitialize"	"wow16/ddeml/ddeml.c"	"db5e05ec3476aad827158ee92c97bcf499d5e16afe6cdbab8b232210ea100de6"	"514"	"O:\repos.external\OpenNT\base\mvdm"	"DmgDestroyHeap"	"2"	"1"	"1"	"base/mvdm/wow16"	"1"	"O:\repos.external\OpenNT\base\mvdm|wow16/ddeml/dmgmem.c|94dbd9d00a8d907fe86eeccaf066e880ff5763381527979d0b5f35ac9b90edb8|367"	"one original-MVDM body meets root/linkage/package gate; signature and conditional-form proof remains"
"MVDM-FIRST-REBASELINED-009518"	"DdeUninitialize"	"wow16/ddeml/ddeml.c"	"db5e05ec3476aad827158ee92c97bcf499d5e16afe6cdbab8b232210ea100de6"	"523"	"O:\repos.external\OpenNT\base\mvdm"	"PopPileSubitem"	"2"	"1"	"1"	"base/mvdm/wow16"	"1"	"O:\repos.external\OpenNT\base\mvdm|wow16/ddeml/dmgdb.c|a1f7df43d0ce8cdef64271e778fd1e2d5d55ce7ce92df7e8508e1abb175e5b71|743"	"one original-MVDM body meets root/linkage/package gate; signature and conditional-form proof remains"
"MVDM-FIRST-REBASELINED-009519"	"DdeUninitialize"	"wow16/ddeml/ddeml.c"	"db5e05ec3476aad827158ee92c97bcf499d5e16afe6cdbab8b232210ea100de6"	"526"	"O:\repos.external\OpenNT\base\mvdm"	"DestroyPile"	"2"	"1"	"1"	"base/mvdm/wow16"	"1"	"O:\repos.external\OpenNT\base\mvdm|wow16/ddeml/dmgdb.c|a1f7df43d0ce8cdef64271e778fd1e2d5d55ce7ce92df7e8508e1abb175e5b71|572"	"one original-MVDM body meets root/linkage/package gate; signature and conditional-form proof remains"
"MVDM-FIRST-REBASELINED-009520"	"DdeUninitialize"	"wow16/ddeml/ddeml.c"	"db5e05ec3476aad827158ee92c97bcf499d5e16afe6cdbab8b232210ea100de6"	"527"	"O:\repos.external\OpenNT\base\mvdm"	"DestroyPile"	"2"	"1"	"1"	"base/mvdm/wow16"	"1"	"O:\repos.external\OpenNT\base\mvdm|wow16/ddeml/dmgdb.c|a1f7df43d0ce8cdef64271e778fd1e2d5d55ce7ce92df7e8508e1abb175e5b71|572"	"one original-MVDM body meets root/linkage/package gate; signature and conditional-form proof remains"
"MVDM-FIRST-REBASELINED-009558"	"DdeQueryConvInfo"	"wow16/ddeml/ddeml.c"	"db5e05ec3476aad827158ee92c97bcf499d5e16afe6cdbab8b232210ea100de6"	"980"	"O:\repos.external\OpenNT\base\mvdm"	"Findqi"	"2"	"1"	"1"	"base/mvdm/wow16"	"1"	"O:\repos.external\OpenNT\base\mvdm|wow16/ddeml/dmgq.c|254d37ce3990229730dbbfc3cb97c2d32f2eef2d514385abc08b49f77f825e0b|164"	"one original-MVDM body meets root/linkage/package gate; signature and conditional-form proof remains"
"MVDM-FIRST-REBASELINED-009564"	"DdeSetUserHandle"	"wow16/ddeml/ddeml.c"	"db5e05ec3476aad827158ee92c97bcf499d5e16afe6cdbab8b232210ea100de6"	"1070"	"O:\repos.external\OpenNT\base\mvdm"	"Findqi"	"2"	"1"	"1"	"base/mvdm/wow16"	"1"	"O:\repos.external\OpenNT\base\mvdm|wow16/ddeml/dmgq.c|254d37ce3990229730dbbfc3cb97c2d32f2eef2d514385abc08b49f77f825e0b|164"	"one original-MVDM body meets root/linkage/package gate; signature and conditional-form proof remains"
"MVDM-FIRST-REBASELINED-009566"	"DdePostAdvise"	"wow16/ddeml/ddeml.c"	"db5e05ec3476aad827158ee92c97bcf499d5e16afe6cdbab8b232210ea100de6"	"1151"	"O:\repos.external\OpenNT\base\mvdm"	"IncHszCount"	"2"	"1"	"1"	"base/mvdm/wow16"	"1"	"O:\repos.external\OpenNT\base\mvdm|wow16/ddeml/dmghsz.c|057b6e90ed65a296ef1151a02c5e5b8319d7ea5dd2a1904667acd6baf25562a3|50"	"one original-MVDM body meets root/linkage/package gate; signature and conditional-form proof remains"
"MVDM-FIRST-REBASELINED-009569"	"DdeClientTransaction"	"wow16/ddeml/ddeml.c"	"db5e05ec3476aad827158ee92c97bcf499d5e16afe6cdbab8b232210ea100de6"	"1313"	"O:\repos.external\OpenNT\base\mvdm"	"PutData"	"2"	"1"	"1"	"base/mvdm/wow16"	"1"	"O:\repos.external\OpenNT\base\mvdm|wow16/ddeml/hdata.c|ccb5dae526bf31363aae403a71e57ec90adb9d621700b3ba3677e3b38d5317a8|13"	"one original-MVDM body meets root/linkage/package gate; signature and conditional-form proof remains"
"MVDM-FIRST-REBASELINED-009570"	"DdeClientTransaction"	"wow16/ddeml/ddeml.c"	"db5e05ec3476aad827158ee92c97bcf499d5e16afe6cdbab8b232210ea100de6"	"1356"	"O:\repos.external\OpenNT\base\mvdm"	"FarAllocMem"	"2"	"1"	"1"	"base/mvdm/wow16"	"1"	"O:\repos.external\OpenNT\base\mvdm|wow16/ddeml/dmgmem.c|94dbd9d00a8d907fe86eeccaf066e880ff5763381527979d0b5f35ac9b90edb8|430"	"one original-MVDM body meets root/linkage/package gate; signature and conditional-form proof remains"
"MVDM-FIRST-REBASELINED-009571"	"DdeCreateDataHandle"	"wow16/ddeml/ddeml.c"	"db5e05ec3476aad827158ee92c97bcf499d5e16afe6cdbab8b232210ea100de6"	"1528"	"O:\repos.external\OpenNT\base\mvdm"	"PutData"	"2"	"1"	"1"	"base/mvdm/wow16"	"1"	"O:\repos.external\OpenNT\base\mvdm|wow16/ddeml/hdata.c|ccb5dae526bf31363aae403a71e57ec90adb9d621700b3ba3677e3b38d5317a8|13"	"one original-MVDM body meets root/linkage/package gate; signature and conditional-form proof remains"
"MVDM-FIRST-REBASELINED-009572"	"DdeCreateDataHandle"	"wow16/ddeml/ddeml.c"	"db5e05ec3476aad827158ee92c97bcf499d5e16afe6cdbab8b232210ea100de6"	"1533"	"O:\repos.external\OpenNT\base\mvdm"	"FarAllocMem"	"2"	"1"	"1"	"base/mvdm/wow16"	"1"	"O:\repos.external\OpenNT\base\mvdm|wow16/ddeml/dmgmem.c|94dbd9d00a8d907fe86eeccaf066e880ff5763381527979d0b5f35ac9b90edb8|430"	"one original-MVDM body meets root/linkage/package gate; signature and conditional-form proof remains"
"MVDM-FIRST-REBASELINED-009573"	"DdeAddData"	"wow16/ddeml/ddeml.c"	"db5e05ec3476aad827158ee92c97bcf499d5e16afe6cdbab8b232210ea100de6"	"1585"	"O:\repos.external\OpenNT\base\mvdm"	"FindPileItem"	"2"	"1"	"1"	"base/mvdm/wow16"	"1"	"O:\repos.external\OpenNT\base\mvdm|wow16/ddeml/dmgdb.c|a1f7df43d0ce8cdef64271e778fd1e2d5d55ce7ce92df7e8508e1abb175e5b71|627"	"one original-MVDM body meets root/linkage/package gate; signature and conditional-form proof remains"
"MVDM-FIRST-REBASELINED-009575"	"DdeAddData"	"wow16/ddeml/ddeml.c"	"db5e05ec3476aad827158ee92c97bcf499d5e16afe6cdbab8b232210ea100de6"	"1617"	"O:\repos.external\OpenNT\base\mvdm"	"CopyHugeBlock"	"2"	"1"	"1"	"base/mvdm/wow16"	"1"	"O:\repos.external\OpenNT\base\mvdm|wow16/ddeml/dmgdb.c|a1f7df43d0ce8cdef64271e778fd1e2d5d55ce7ce92df7e8508e1abb175e5b71|843"	"one original-MVDM body meets root/linkage/package gate; signature and conditional-form proof remains"
"MVDM-FIRST-REBASELINED-009577"	"DdeAddData"	"wow16/ddeml/ddeml.c"	"db5e05ec3476aad827158ee92c97bcf499d5e16afe6cdbab8b232210ea100de6"	"1623"	"O:\repos.external\OpenNT\base\mvdm"	"FindPileItem"	"2"	"1"	"1"	"base/mvdm/wow16"	"1"	"O:\repos.external\OpenNT\base\mvdm|wow16/ddeml/dmgdb.c|a1f7df43d0ce8cdef64271e778fd1e2d5d55ce7ce92df7e8508e1abb175e5b71|627"	"one original-MVDM body meets root/linkage/package gate; signature and conditional-form proof remains"
"MVDM-FIRST-REBASELINED-009578"	"DdeAddData"	"wow16/ddeml/ddeml.c"	"db5e05ec3476aad827158ee92c97bcf499d5e16afe6cdbab8b232210ea100de6"	"1629"	"O:\repos.external\OpenNT\base\mvdm"	"FindPileItem"	"2"	"1"	"1"	"base/mvdm/wow16"	"1"	"O:\repos.external\OpenNT\base\mvdm|wow16/ddeml/dmgdb.c|a1f7df43d0ce8cdef64271e778fd1e2d5d55ce7ce92df7e8508e1abb175e5b71|627"	"one original-MVDM body meets root/linkage/package gate; signature and conditional-form proof remains"
"MVDM-FIRST-REBASELINED-009579"	"DdeAddData"	"wow16/ddeml/ddeml.c"	"db5e05ec3476aad827158ee92c97bcf499d5e16afe6cdbab8b232210ea100de6"	"1634"	"O:\repos.external\OpenNT\base\mvdm"	"FindPileItem"	"2"	"1"	"1"	"base/mvdm/wow16"	"1"	"O:\repos.external\OpenNT\base\mvdm|wow16/ddeml/dmgdb.c|a1f7df43d0ce8cdef64271e778fd1e2d5d55ce7ce92df7e8508e1abb175e5b71|627"	"one original-MVDM body meets root/linkage/package gate; signature and conditional-form proof remains"
"MVDM-FIRST-REBASELINED-009580"	"DdeAddData"	"wow16/ddeml/ddeml.c"	"db5e05ec3476aad827158ee92c97bcf499d5e16afe6cdbab8b232210ea100de6"	"1636"	"O:\repos.external\OpenNT\base\mvdm"	"AddPileItem"	"2"	"1"	"1"	"base/mvdm/wow16"	"1"	"O:\repos.external\OpenNT\base\mvdm|wow16/ddeml/dmgdb.c|a1f7df43d0ce8cdef64271e778fd1e2d5d55ce7ce92df7e8508e1abb175e5b71|688"	"one original-MVDM body meets root/linkage/package gate; signature and conditional-form proof remains"
"MVDM-FIRST-REBASELINED-009581"	"DdeAddData"	"wow16/ddeml/ddeml.c"	"db5e05ec3476aad827158ee92c97bcf499d5e16afe6cdbab8b232210ea100de6"	"1639"	"O:\repos.external\OpenNT\base\mvdm"	"AddPileItem"	"2"	"1"	"1"	"base/mvdm/wow16"	"1"	"O:\repos.external\OpenNT\base\mvdm|wow16/ddeml/dmgdb.c|a1f7df43d0ce8cdef64271e778fd1e2d5d55ce7ce92df7e8508e1abb175e5b71|688"	"one original-MVDM body meets root/linkage/package gate; signature and conditional-form proof remains"
"MVDM-FIRST-REBASELINED-009582"	"DdeAddData"	"wow16/ddeml/ddeml.c"	"db5e05ec3476aad827158ee92c97bcf499d5e16afe6cdbab8b232210ea100de6"	"1646"	"O:\repos.external\OpenNT\base\mvdm"	"CopyHugeBlock"	"2"	"1"	"1"	"base/mvdm/wow16"	"1"	"O:\repos.external\OpenNT\base\mvdm|wow16/ddeml/dmgdb.c|a1f7df43d0ce8cdef64271e778fd1e2d5d55ce7ce92df7e8508e1abb175e5b71|843"	"one original-MVDM body meets root/linkage/package gate; signature and conditional-form proof remains"
"MVDM-FIRST-REBASELINED-009583"	"DdeAddData"	"wow16/ddeml/ddeml.c"	"db5e05ec3476aad827158ee92c97bcf499d5e16afe6cdbab8b232210ea100de6"	"1646"	"O:\repos.external\OpenNT\base\mvdm"	"HugeOffset"	"0"	"0"	"0"	"base/mvdm/wow16"	"0"	""	"no original-MVDM body candidate; continue approved-source-union resolution"
"MVDM-FIRST-REBASELINED-009585"	"HDdeData_Validate"	"wow16/ddeml/ddeml.c"	"db5e05ec3476aad827158ee92c97bcf499d5e16afe6cdbab8b232210ea100de6"	"1786"	"O:\repos.external\OpenNT\base\mvdm"	"SwitchDS"	"0"	"0"	"0"	"base/mvdm/wow16"	"0"	""	"no original-MVDM body candidate; continue approved-source-union resolution"
"MVDM-FIRST-REBASELINED-009587"	"HDdeData_Validate"	"wow16/ddeml/ddeml.c"	"db5e05ec3476aad827158ee92c97bcf499d5e16afe6cdbab8b232210ea100de6"	"1796"	"O:\repos.external\OpenNT\base\mvdm"	"SwitchDS"	"0"	"0"	"0"	"base/mvdm/wow16"	"0"	""	"no original-MVDM body candidate; continue approved-source-union resolution"
"MVDM-FIRST-REBASELINED-009590"	"DdeCreateStringHandle"	"wow16/ddeml/ddeml.c"	"db5e05ec3476aad827158ee92c97bcf499d5e16afe6cdbab8b232210ea100de6"	"1906"	"O:\repos.external\OpenNT\base\mvdm"	"FindAddHsz"	"2"	"1"	"1"	"base/mvdm/wow16"	"1"	"O:\repos.external\OpenNT\base\mvdm|wow16/ddeml/dmghsz.c|057b6e90ed65a296ef1151a02c5e5b8319d7ea5dd2a1904667acd6baf25562a3|134"	"one original-MVDM body meets root/linkage/package gate; signature and conditional-form proof remains"
"MVDM-FIRST-REBASELINED-009591"	"DdeCreateStringHandle"	"wow16/ddeml/ddeml.c"	"db5e05ec3476aad827158ee92c97bcf499d5e16afe6cdbab8b232210ea100de6"	"1910"	"O:\repos.external\OpenNT\base\mvdm"	"AddPileItem"	"2"	"1"	"1"	"base/mvdm/wow16"	"1"	"O:\repos.external\OpenNT\base\mvdm|wow16/ddeml/dmgdb.c|a1f7df43d0ce8cdef64271e778fd1e2d5d55ce7ce92df7e8508e1abb175e5b71|688"	"one original-MVDM body meets root/linkage/package gate; signature and conditional-form proof remains"
"MVDM-FIRST-REBASELINED-009592"	"DdeFreeStringHandle"	"wow16/ddeml/ddeml.c"	"db5e05ec3476aad827158ee92c97bcf499d5e16afe6cdbab8b232210ea100de6"	"1945"	"O:\repos.external\OpenNT\base\mvdm"	"FindPileItem"	"2"	"1"	"1"	"base/mvdm/wow16"	"1"	"O:\repos.external\OpenNT\base\mvdm|wow16/ddeml/dmgdb.c|a1f7df43d0ce8cdef64271e778fd1e2d5d55ce7ce92df7e8508e1abb175e5b71|627"	"one original-MVDM body meets root/linkage/package gate; signature and conditional-form proof remains"
"MVDM-FIRST-REBASELINED-009593"	"DdeFreeStringHandle"	"wow16/ddeml/ddeml.c"	"db5e05ec3476aad827158ee92c97bcf499d5e16afe6cdbab8b232210ea100de6"	"1946"	"O:\repos.external\OpenNT\base\mvdm"	"FreeHsz"	"2"	"1"	"1"	"base/mvdm/wow16"	"1"	"O:\repos.external\OpenNT\base\mvdm|wow16/ddeml/dmghsz.c|057b6e90ed65a296ef1151a02c5e5b8319d7ea5dd2a1904667acd6baf25562a3|32"	"one original-MVDM body meets root/linkage/package gate; signature and conditional-form proof remains"
"MVDM-FIRST-REBASELINED-009594"	"DdeKeepStringHandle"	"wow16/ddeml/ddeml.c"	"db5e05ec3476aad827158ee92c97bcf499d5e16afe6cdbab8b232210ea100de6"	"1971"	"O:\repos.external\OpenNT\base\mvdm"	"AddPileItem"	"2"	"1"	"1"	"base/mvdm/wow16"	"1"	"O:\repos.external\OpenNT\base\mvdm|wow16/ddeml/dmgdb.c|a1f7df43d0ce8cdef64271e778fd1e2d5d55ce7ce92df7e8508e1abb175e5b71|688"	"one original-MVDM body meets root/linkage/package gate; signature and conditional-form proof remains"
"MVDM-FIRST-REBASELINED-009595"	"DdeKeepStringHandle"	"wow16/ddeml/ddeml.c"	"db5e05ec3476aad827158ee92c97bcf499d5e16afe6cdbab8b232210ea100de6"	"1972"	"O:\repos.external\OpenNT\base\mvdm"	"IncHszCount"	"2"	"1"	"1"	"base/mvdm/wow16"	"1"	"O:\repos.external\OpenNT\base\mvdm|wow16/ddeml/dmghsz.c|057b6e90ed65a296ef1151a02c5e5b8319d7ea5dd2a1904667acd6baf25562a3|50"	"one original-MVDM body meets root/linkage/package gate; signature and conditional-form proof remains"
"MVDM-FIRST-REBASELINED-009597"	"DdeQueryString"	"wow16/ddeml/ddeml.c"	"db5e05ec3476aad827158ee92c97bcf499d5e16afe6cdbab8b232210ea100de6"	"2004"	"O:\repos.external\OpenNT\base\mvdm"	"QueryHszName"	"2"	"1"	"1"	"base/mvdm/wow16"	"1"	"O:\repos.external\OpenNT\base\mvdm|wow16/ddeml/dmghsz.c|057b6e90ed65a296ef1151a02c5e5b8319d7ea5dd2a1904667acd6baf25562a3|101"	"one original-MVDM body meets root/linkage/package gate; signature and conditional-form proof remains"
"MVDM-FIRST-REBASELINED-009598"	"DdeQueryString"	"wow16/ddeml/ddeml.c"	"db5e05ec3476aad827158ee92c97bcf499d5e16afe6cdbab8b232210ea100de6"	"2013"	"O:\repos.external\OpenNT\base\mvdm"	"QueryHszLength"	"2"	"1"	"1"	"base/mvdm/wow16"	"1"	"O:\repos.external\OpenNT\base\mvdm|wow16/ddeml/dmghsz.c|057b6e90ed65a296ef1151a02c5e5b8319d7ea5dd2a1904667acd6baf25562a3|78"	"one original-MVDM body meets root/linkage/package gate; signature and conditional-form proof remains"
"MVDM-FIRST-REBASELINED-009603"	"AbandonTransaction"	"wow16/ddeml/ddeml.c"	"db5e05ec3476aad827158ee92c97bcf499d5e16afe6cdbab8b232210ea100de6"	"2135"	"O:\repos.external\OpenNT\base\mvdm"	"Findqi"	"2"	"1"	"1"	"base/mvdm/wow16"	"1"	"O:\repos.external\OpenNT\base\mvdm|wow16/ddeml/dmgq.c|254d37ce3990229730dbbfc3cb97c2d32f2eef2d514385abc08b49f77f825e0b|164"	"one original-MVDM body meets root/linkage/package gate; signature and conditional-form proof remains"
"MVDM-FIRST-REBASELINED-009604"	"AbandonTransaction"	"wow16/ddeml/ddeml.c"	"db5e05ec3476aad827158ee92c97bcf499d5e16afe6cdbab8b232210ea100de6"	"2155"	"O:\repos.external\OpenNT\base\mvdm"	"FindPileItem"	"2"	"1"	"1"	"base/mvdm/wow16"	"1"	"O:\repos.external\OpenNT\base\mvdm|wow16/ddeml/dmgdb.c|a1f7df43d0ce8cdef64271e778fd1e2d5d55ce7ce92df7e8508e1abb175e5b71|627"	"one original-MVDM body meets root/linkage/package gate; signature and conditional-form proof remains"
"MVDM-FIRST-REBASELINED-009605"	"AbandonTransaction"	"wow16/ddeml/ddeml.c"	"db5e05ec3476aad827158ee92c97bcf499d5e16afe6cdbab8b232210ea100de6"	"2165"	"O:\repos.external\OpenNT\base\mvdm"	"FreeHsz"	"2"	"1"	"1"	"base/mvdm/wow16"	"1"	"O:\repos.external\OpenNT\base\mvdm|wow16/ddeml/dmghsz.c|057b6e90ed65a296ef1151a02c5e5b8319d7ea5dd2a1904667acd6baf25562a3|32"	"one original-MVDM body meets root/linkage/package gate; signature and conditional-form proof remains"
"MVDM-FIRST-REBASELINED-009606"	"AbandonTransaction"	"wow16/ddeml/ddeml.c"	"db5e05ec3476aad827158ee92c97bcf499d5e16afe6cdbab8b232210ea100de6"	"2166"	"O:\repos.external\OpenNT\base\mvdm"	"Deleteqi"	"2"	"1"	"1"	"base/mvdm/wow16"	"1"	"O:\repos.external\OpenNT\base\mvdm|wow16/ddeml/dmgq.c|254d37ce3990229730dbbfc3cb97c2d32f2eef2d514385abc08b49f77f825e0b|124"	"one original-MVDM body meets root/linkage/package gate; signature and conditional-form proof remains"
"MVDM-FIRST-REBASELINED-009609"	"DdeNameService"	"wow16/ddeml/ddeml.c"	"db5e05ec3476aad827158ee92c97bcf499d5e16afe6cdbab8b232210ea100de6"	"2311"	"O:\repos.external\OpenNT\base\mvdm"	"PopPileSubitem"	"2"	"1"	"1"	"base/mvdm/wow16"	"1"	"O:\repos.external\OpenNT\base\mvdm|wow16/ddeml/dmgdb.c|a1f7df43d0ce8cdef64271e778fd1e2d5d55ce7ce92df7e8508e1abb175e5b71|743"	"one original-MVDM body meets root/linkage/package gate; signature and conditional-form proof remains"
"MVDM-FIRST-REBASELINED-009610"	"DdeNameService"	"wow16/ddeml/ddeml.c"	"db5e05ec3476aad827158ee92c97bcf499d5e16afe6cdbab8b232210ea100de6"	"2313"	"O:\repos.external\OpenNT\base\mvdm"	"FreeHsz"	"2"	"1"	"1"	"base/mvdm/wow16"	"1"	"O:\repos.external\OpenNT\base\mvdm|wow16/ddeml/dmghsz.c|057b6e90ed65a296ef1151a02c5e5b8319d7ea5dd2a1904667acd6baf25562a3|32"	"one original-MVDM body meets root/linkage/package gate; signature and conditional-form proof remains"
"MVDM-FIRST-REBASELINED-009611"	"DdeNameService"	"wow16/ddeml/ddeml.c"	"db5e05ec3476aad827158ee92c97bcf499d5e16afe6cdbab8b232210ea100de6"	"2322"	"O:\repos.external\OpenNT\base\mvdm"	"CreatePile"	"2"	"1"	"1"	"base/mvdm/wow16"	"1"	"O:\repos.external\OpenNT\base\mvdm|wow16/ddeml/dmgdb.c|a1f7df43d0ce8cdef64271e778fd1e2d5d55ce7ce92df7e8508e1abb175e5b71|552"	"one original-MVDM body meets root/linkage/package gate; signature and conditional-form proof remains"
"MVDM-FIRST-REBASELINED-009612"	"DdeNameService"	"wow16/ddeml/ddeml.c"	"db5e05ec3476aad827158ee92c97bcf499d5e16afe6cdbab8b232210ea100de6"	"2324"	"O:\repos.external\OpenNT\base\mvdm"	"IncHszCount"	"2"	"1"	"1"	"base/mvdm/wow16"	"1"	"O:\repos.external\OpenNT\base\mvdm|wow16/ddeml/dmghsz.c|057b6e90ed65a296ef1151a02c5e5b8319d7ea5dd2a1904667acd6baf25562a3|50"	"one original-MVDM body meets root/linkage/package gate; signature and conditional-form proof remains"
"MVDM-FIRST-REBASELINED-009613"	"DdeNameService"	"wow16/ddeml/ddeml.c"	"db5e05ec3476aad827158ee92c97bcf499d5e16afe6cdbab8b232210ea100de6"	"2325"	"O:\repos.external\OpenNT\base\mvdm"	"AddPileItem"	"2"	"1"	"1"	"base/mvdm/wow16"	"1"	"O:\repos.external\OpenNT\base\mvdm|wow16/ddeml/dmgdb.c|a1f7df43d0ce8cdef64271e778fd1e2d5d55ce7ce92df7e8508e1abb175e5b71|688"	"one original-MVDM body meets root/linkage/package gate; signature and conditional-form proof remains"
"MVDM-FIRST-REBASELINED-009614"	"DdeNameService"	"wow16/ddeml/ddeml.c"	"db5e05ec3476aad827158ee92c97bcf499d5e16afe6cdbab8b232210ea100de6"	"2327"	"O:\repos.external\OpenNT\base\mvdm"	"FindPileItem"	"2"	"1"	"1"	"base/mvdm/wow16"	"1"	"O:\repos.external\OpenNT\base\mvdm|wow16/ddeml/dmgdb.c|a1f7df43d0ce8cdef64271e778fd1e2d5d55ce7ce92df7e8508e1abb175e5b71|627"	"one original-MVDM body meets root/linkage/package gate; signature and conditional-form proof remains"
"MVDM-FIRST-REBASELINED-009615"	"DdeNameService"	"wow16/ddeml/ddeml.c"	"db5e05ec3476aad827158ee92c97bcf499d5e16afe6cdbab8b232210ea100de6"	"2334"	"O:\repos.external\OpenNT\base\mvdm"	"FreeHsz"	"2"	"1"	"1"	"base/mvdm/wow16"	"1"	"O:\repos.external\OpenNT\base\mvdm|wow16/ddeml/dmghsz.c|057b6e90ed65a296ef1151a02c5e5b8319d7ea5dd2a1904667acd6baf25562a3|32"	"one original-MVDM body meets root/linkage/package gate; signature and conditional-form proof remains"
"MVDM-FIRST-REBASELINED-009617"	"AddAdvList"	"wow16/ddeml/dmgdb.c"	"a1f7df43d0ce8cdef64271e778fd1e2d5d55ce7ce92df7e8508e1abb175e5b71"	"407"	"O:\repos.external\OpenNT\base\mvdm"	"IncHszCount"	"2"	"1"	"1"	"base/mvdm/wow16"	"1"	"O:\repos.external\OpenNT\base\mvdm|wow16/ddeml/dmghsz.c|057b6e90ed65a296ef1151a02c5e5b8319d7ea5dd2a1904667acd6baf25562a3|50"	"one original-MVDM body meets root/linkage/package gate; signature and conditional-form proof remains"
"MVDM-FIRST-REBASELINED-009618"	"AddAdvList"	"wow16/ddeml/dmgdb.c"	"a1f7df43d0ce8cdef64271e778fd1e2d5d55ce7ce92df7e8508e1abb175e5b71"	"408"	"O:\repos.external\OpenNT\base\mvdm"	"NewLstItem"	"2"	"1"	"1"	"base/mvdm/wow16"	"1"	"O:\repos.external\OpenNT\base\mvdm|wow16/ddeml/dmgdb.c|a1f7df43d0ce8cdef64271e778fd1e2d5d55ce7ce92df7e8508e1abb175e5b71|206"	"one original-MVDM body meets root/linkage/package gate; signature and conditional-form proof remains"
"MVDM-FIRST-REBASELINED-009619"	"DeleteAdvList"	"wow16/ddeml/dmgdb.c"	"a1f7df43d0ce8cdef64271e778fd1e2d5d55ce7ce92df7e8508e1abb175e5b71"	"441"	"O:\repos.external\OpenNT\base\mvdm"	"FreeHsz"	"2"	"1"	"1"	"base/mvdm/wow16"	"1"	"O:\repos.external\OpenNT\base\mvdm|wow16/ddeml/dmghsz.c|057b6e90ed65a296ef1151a02c5e5b8319d7ea5dd2a1904667acd6baf25562a3|32"	"one original-MVDM body meets root/linkage/package gate; signature and conditional-form proof remains"
"MVDM-FIRST-REBASELINED-009620"	"DeleteAdvList"	"wow16/ddeml/dmgdb.c"	"a1f7df43d0ce8cdef64271e778fd1e2d5d55ce7ce92df7e8508e1abb175e5b71"	"442"	"O:\repos.external\OpenNT\base\mvdm"	"RemoveLstItem"	"2"	"1"	"1"	"base/mvdm/wow16"	"1"	"O:\repos.external\OpenNT\base\mvdm|wow16/ddeml/dmgdb.c|a1f7df43d0ce8cdef64271e778fd1e2d5d55ce7ce92df7e8508e1abb175e5b71|246"	"one original-MVDM body meets root/linkage/package gate; signature and conditional-form proof remains"
"MVDM-FIRST-REBASELINED-009621"	"FindAdvList"	"wow16/ddeml/dmgdb.c"	"a1f7df43d0ce8cdef64271e778fd1e2d5d55ce7ce92df7e8508e1abb175e5b71"	"471"	"O:\repos.external\OpenNT\base\mvdm"	"FindLstItem"	"2"	"1"	"1"	"base/mvdm/wow16"	"1"	"O:\repos.external\OpenNT\base\mvdm|wow16/ddeml/dmgdb.c|a1f7df43d0ce8cdef64271e778fd1e2d5d55ce7ce92df7e8508e1abb175e5b71|140"	"one original-MVDM body meets root/linkage/package gate; signature and conditional-form proof remains"
"MVDM-FIRST-REBASELINED-009622"	"CleanupAdvList"	"wow16/ddeml/dmgdb.c"	"a1f7df43d0ce8cdef64271e778fd1e2d5d55ce7ce92df7e8508e1abb175e5b71"	"536"	"O:\repos.external\OpenNT\base\mvdm"	"FreeHsz"	"2"	"1"	"1"	"base/mvdm/wow16"	"1"	"O:\repos.external\OpenNT\base\mvdm|wow16/ddeml/dmghsz.c|057b6e90ed65a296ef1151a02c5e5b8319d7ea5dd2a1904667acd6baf25562a3|32"	"one original-MVDM body meets root/linkage/package gate; signature and conditional-form proof remains"
"MVDM-FIRST-REBASELINED-009623"	"CleanupAdvList"	"wow16/ddeml/dmgdb.c"	"a1f7df43d0ce8cdef64271e778fd1e2d5d55ce7ce92df7e8508e1abb175e5b71"	"537"	"O:\repos.external\OpenNT\base\mvdm"	"RemoveLstItem"	"2"	"1"	"1"	"base/mvdm/wow16"	"1"	"O:\repos.external\OpenNT\base\mvdm|wow16/ddeml/dmgdb.c|a1f7df43d0ce8cdef64271e778fd1e2d5d55ce7ce92df7e8508e1abb175e5b71|246"	"one original-MVDM body meets root/linkage/package gate; signature and conditional-form proof remains"
"MVDM-FIRST-REBASELINED-009638"	"PostDdeMessage"	"wow16/ddeml/dmgdde.c"	"e9b8d0ee1e58cbb1944171704c735d35d8de41a9d366b25db06094be1ce40505"	"316"	"O:\repos.external\OpenNT\base\mvdm"	"Addqi"	"2"	"1"	"1"	"base/mvdm/wow16"	"1"	"O:\repos.external\OpenNT\base\mvdm|wow16/ddeml/dmgq.c|254d37ce3990229730dbbfc3cb97c2d32f2eef2d514385abc08b49f77f825e0b|86"	"one original-MVDM body meets root/linkage/package gate; signature and conditional-form proof remains"
"MVDM-FIRST-REBASELINED-009645"	"PostDdeMessage"	"wow16/ddeml/dmgdde.c"	"e9b8d0ee1e58cbb1944171704c735d35d8de41a9d366b25db06094be1ce40505"	"395"	"O:\repos.external\OpenNT\base\mvdm"	"FarAllocMem"	"2"	"1"	"1"	"base/mvdm/wow16"	"1"	"O:\repos.external\OpenNT\base\mvdm|wow16/ddeml/dmgmem.c|94dbd9d00a8d907fe86eeccaf066e880ff5763381527979d0b5f35ac9b90edb8|430"	"one original-MVDM body meets root/linkage/package gate; signature and conditional-form proof remains"
"MVDM-FIRST-REBASELINED-009646"	"PostDdeMessage"	"wow16/ddeml/dmgdde.c"	"e9b8d0ee1e58cbb1944171704c735d35d8de41a9d366b25db06094be1ce40505"	"400"	"O:\repos.external\OpenNT\base\mvdm"	"CreateQ"	"2"	"1"	"1"	"base/mvdm/wow16"	"1"	"O:\repos.external\OpenNT\base\mvdm|wow16/ddeml/dmgq.c|254d37ce3990229730dbbfc3cb97c2d32f2eef2d514385abc08b49f77f825e0b|38"	"one original-MVDM body meets root/linkage/package gate; signature and conditional-form proof remains"
"MVDM-FIRST-REBASELINED-009647"	"PostDdeMessage"	"wow16/ddeml/dmgdde.c"	"e9b8d0ee1e58cbb1944171704c735d35d8de41a9d366b25db06094be1ce40505"	"412"	"O:\repos.external\OpenNT\base\mvdm"	"Addqi"	"2"	"1"	"1"	"base/mvdm/wow16"	"1"	"O:\repos.external\OpenNT\base\mvdm|wow16/ddeml/dmgq.c|254d37ce3990229730dbbfc3cb97c2d32f2eef2d514385abc08b49f77f825e0b|86"	"one original-MVDM body meets root/linkage/package gate; signature and conditional-form proof remains"
"MVDM-FIRST-REBASELINED-009648"	"EmptyDDEPostQ"	"wow16/ddeml/dmgdde.c"	"e9b8d0ee1e58cbb1944171704c735d35d8de41a9d366b25db06094be1ce40505"	"464"	"O:\repos.external\OpenNT\base\mvdm"	"Findqi"	"2"	"1"	"1"	"base/mvdm/wow16"	"1"	"O:\repos.external\OpenNT\base\mvdm|wow16/ddeml/dmgq.c|254d37ce3990229730dbbfc3cb97c2d32f2eef2d514385abc08b49f77f825e0b|164"	"one original-MVDM body meets root/linkage/package gate; signature and conditional-form proof remains"
"MVDM-FIRST-REBASELINED-009651"	"EmptyDDEPostQ"	"wow16/ddeml/dmgdde.c"	"e9b8d0ee1e58cbb1944171704c735d35d8de41a9d366b25db06094be1ce40505"	"483"	"O:\repos.external\OpenNT\base\mvdm"	"Deleteqi"	"2"	"1"	"1"	"base/mvdm/wow16"	"1"	"O:\repos.external\OpenNT\base\mvdm|wow16/ddeml/dmgq.c|254d37ce3990229730dbbfc3cb97c2d32f2eef2d514385abc08b49f77f825e0b|124"	"one original-MVDM body meets root/linkage/package gate; signature and conditional-form proof remains"
"MVDM-FIRST-REBASELINED-009652"	"EmptyDDEPostQ"	"wow16/ddeml/dmgdde.c"	"e9b8d0ee1e58cbb1944171704c735d35d8de41a9d366b25db06094be1ce40505"	"490"	"O:\repos.external\OpenNT\base\mvdm"	"DestroyQ"	"2"	"1"	"1"	"base/mvdm/wow16"	"1"	"O:\repos.external\OpenNT\base\mvdm|wow16/ddeml/dmgq.c|254d37ce3990229730dbbfc3cb97c2d32f2eef2d514385abc08b49f77f825e0b|66"	"one original-MVDM body meets root/linkage/package gate; signature and conditional-form proof remains"
"MVDM-FIRST-REBASELINED-009659"	"FarFreeMem"	"wow16/ddeml/dmgmem.c"	"94dbd9d00a8d907fe86eeccaf066e880ff5763381527979d0b5f35ac9b90edb8"	"491"	"O:\repos.external\OpenNT\base\mvdm"	"SwitchDS"	"0"	"0"	"0"	"base/mvdm/wow16"	"0"	""	"no original-MVDM body candidate; continue approved-source-union resolution"
"MVDM-FIRST-REBASELINED-009663"	"FarFreeMem"	"wow16/ddeml/dmgmem.c"	"94dbd9d00a8d907fe86eeccaf066e880ff5763381527979d0b5f35ac9b90edb8"	"498"	"O:\repos.external\OpenNT\base\mvdm"	"SwitchDS"	"0"	"0"	"0"	"base/mvdm/wow16"	"0"	""	"no original-MVDM body candidate; continue approved-source-union resolution"
"MVDM-FIRST-REBASELINED-009677"	"allocMonBuf"	"wow16/ddeml/dmgmon.c"	"cc5f2fc70db0a2fb0bfed3f5ef6b43edad78f9cb90e4ab7e8c9662f3fbff0925"	"261"	"O:\repos.external\OpenNT\base\mvdm"	"AllocDDESel"	"2"	"1"	"1"	"base/mvdm/wow16"	"1"	"O:\repos.external\OpenNT\base\mvdm|wow16/ddeml/dmgdde.c|e9b8d0ee1e58cbb1944171704c735d35d8de41a9d366b25db06094be1ce40505|156"	"one original-MVDM body meets root/linkage/package gate; signature and conditional-form proof remains"
"MVDM-FIRST-REBASELINED-009678"	"FindNextQi"	"wow16/ddeml/dmgq.c"	"254d37ce3990229730dbbfc3cb97c2d32f2eef2d514385abc08b49f77f825e0b"	"206"	"O:\repos.external\OpenNT\base\mvdm"	"Deleteqi"	"2"	"1"	"1"	"base/mvdm/wow16"	"1"	"O:\repos.external\OpenNT\base\mvdm|wow16/ddeml/dmgq.c|254d37ce3990229730dbbfc3cb97c2d32f2eef2d514385abc08b49f77f825e0b|124"	"one original-MVDM body meets root/linkage/package gate; signature and conditional-form proof remains"
"MVDM-FIRST-REBASELINED-009681"	"CheckCBQ"	"wow16/ddeml/dmgwndp.c"	"90ed7ba26029ba4b2dda2cd4bc6f857bf6a6150c6f8f97d9fe2ce02a89283875"	"587"	"O:\repos.external\OpenNT\base\mvdm"	"RemoveLstItem"	"2"	"1"	"1"	"base/mvdm/wow16"	"1"	"O:\repos.external\OpenNT\base\mvdm|wow16/ddeml/dmgdb.c|a1f7df43d0ce8cdef64271e778fd1e2d5d55ce7ce92df7e8508e1abb175e5b71|246"	"one original-MVDM body meets root/linkage/package gate; signature and conditional-form proof remains"
"MVDM-FIRST-REBASELINED-009682"	"CheckCBQ"	"wow16/ddeml/dmgwndp.c"	"90ed7ba26029ba4b2dda2cd4bc6f857bf6a6150c6f8f97d9fe2ce02a89283875"	"631"	"O:\repos.external\OpenNT\base\mvdm"	"RemoveLstItem"	"2"	"1"	"1"	"base/mvdm/wow16"	"1"	"O:\repos.external\OpenNT\base\mvdm|wow16/ddeml/dmgdb.c|a1f7df43d0ce8cdef64271e778fd1e2d5d55ce7ce92df7e8508e1abb175e5b71|246"	"one original-MVDM body meets root/linkage/package gate; signature and conditional-form proof remains"
"MVDM-FIRST-REBASELINED-009692"	"DoCallback"	"wow16/ddeml/dmgwndp.c"	"90ed7ba26029ba4b2dda2cd4bc6f857bf6a6150c6f8f97d9fe2ce02a89283875"	"1314"	"O:\repos.external\OpenNT\base\mvdm"	"PutData"	"2"	"1"	"1"	"base/mvdm/wow16"	"1"	"O:\repos.external\OpenNT\base\mvdm|wow16/ddeml/hdata.c|ccb5dae526bf31363aae403a71e57ec90adb9d621700b3ba3677e3b38d5317a8|13"	"one original-MVDM body meets root/linkage/package gate; signature and conditional-form proof remains"
"MVDM-FIRST-REBASELINED-009696"	"FreeDataHandle"	"wow16/ddeml/hdata.c"	"ccb5dae526bf31363aae403a71e57ec90adb9d621700b3ba3677e3b38d5317a8"	"111"	"O:\repos.external\OpenNT\base\mvdm"	"FindPileItem"	"2"	"1"	"1"	"base/mvdm/wow16"	"1"	"O:\repos.external\OpenNT\base\mvdm|wow16/ddeml/dmgdb.c|a1f7df43d0ce8cdef64271e778fd1e2d5d55ce7ce92df7e8508e1abb175e5b71|627"	"one original-MVDM body meets root/linkage/package gate; signature and conditional-form proof remains"
"MVDM-FIRST-REBASELINED-009697"	"FreeDataHandle"	"wow16/ddeml/hdata.c"	"ccb5dae526bf31363aae403a71e57ec90adb9d621700b3ba3677e3b38d5317a8"	"125"	"O:\repos.external\OpenNT\base\mvdm"	"FindPileItem"	"2"	"1"	"1"	"base/mvdm/wow16"	"1"	"O:\repos.external\OpenNT\base\mvdm|wow16/ddeml/dmgdb.c|a1f7df43d0ce8cdef64271e778fd1e2d5d55ce7ce92df7e8508e1abb175e5b71|627"	"one original-MVDM body meets root/linkage/package gate; signature and conditional-form proof remains"
"MVDM-FIRST-REBASELINED-009698"	"FreeDataHandle"	"wow16/ddeml/hdata.c"	"ccb5dae526bf31363aae403a71e57ec90adb9d621700b3ba3677e3b38d5317a8"	"134"	"O:\repos.external\OpenNT\base\mvdm"	"FindPileItem"	"2"	"1"	"1"	"base/mvdm/wow16"	"1"	"O:\repos.external\OpenNT\base\mvdm|wow16/ddeml/dmgdb.c|a1f7df43d0ce8cdef64271e778fd1e2d5d55ce7ce92df7e8508e1abb175e5b71|627"	"one original-MVDM body meets root/linkage/package gate; signature and conditional-form proof remains"
"MVDM-FIRST-REBASELINED-009699"	"DllEntry"	"wow16/ddeml/hdata.c"	"ccb5dae526bf31363aae403a71e57ec90adb9d621700b3ba3677e3b38d5317a8"	"190"	"O:\repos.external\OpenNT\base\mvdm"	"AddPileItem"	"2"	"1"	"1"	"base/mvdm/wow16"	"1"	"O:\repos.external\OpenNT\base\mvdm|wow16/ddeml/dmgdb.c|a1f7df43d0ce8cdef64271e778fd1e2d5d55ce7ce92df7e8508e1abb175e5b71|688"	"one original-MVDM body meets root/linkage/package gate; signature and conditional-form proof remains"
"MVDM-FIRST-REBASELINED-009700"	"XmitPrep"	"wow16/ddeml/hdata.c"	"ccb5dae526bf31363aae403a71e57ec90adb9d621700b3ba3677e3b38d5317a8"	"211"	"O:\repos.external\OpenNT\base\mvdm"	"FindPileItem"	"2"	"1"	"1"	"base/mvdm/wow16"	"1"	"O:\repos.external\OpenNT\base\mvdm|wow16/ddeml/dmgdb.c|a1f7df43d0ce8cdef64271e778fd1e2d5d55ce7ce92df7e8508e1abb175e5b71|627"	"one original-MVDM body meets root/linkage/package gate; signature and conditional-form proof remains"
"MVDM-FIRST-REBASELINED-009702"	"CopyDDEShareHandle"	"wow16/ddeml/hdata.c"	"ccb5dae526bf31363aae403a71e57ec90adb9d621700b3ba3677e3b38d5317a8"	"271"	"O:\repos.external\OpenNT\base\mvdm"	"CopyHugeBlock"	"2"	"1"	"1"	"base/mvdm/wow16"	"1"	"O:\repos.external\OpenNT\base\mvdm|wow16/ddeml/dmgdb.c|a1f7df43d0ce8cdef64271e778fd1e2d5d55ce7ce92df7e8508e1abb175e5b71|843"	"one original-MVDM body meets root/linkage/package gate; signature and conditional-form proof remains"
"MVDM-FIRST-REBASELINED-009724"	"CopyHDDEDATA"	"wow16/ddeml/hdata.c"	"ccb5dae526bf31363aae403a71e57ec90adb9d621700b3ba3677e3b38d5317a8"	"412"	"O:\repos.external\OpenNT\base\mvdm"	"AddPileItem"	"2"	"1"	"1"	"base/mvdm/wow16"	"1"	"O:\repos.external\OpenNT\base\mvdm|wow16/ddeml/dmgdb.c|a1f7df43d0ce8cdef64271e778fd1e2d5d55ce7ce92df7e8508e1abb175e5b71|688"	"one original-MVDM body meets root/linkage/package gate; signature and conditional-form proof remains"
"MVDM-FIRST-REBASELINED-009748"	"SendMessageToClass"	"wow16/ddeml/register.c"	"9b47a313bc08e784c7ddd277030d19aa61f8d5c86314c28272a0f51ed923fef2"	"53"	"O:\repos.external\OpenNT\base\mvdm"	"IncHszCount"	"2"	"1"	"1"	"base/mvdm/wow16"	"1"	"O:\repos.external\OpenNT\base\mvdm|wow16/ddeml/dmghsz.c|057b6e90ed65a296ef1151a02c5e5b8319d7ea5dd2a1904667acd6baf25562a3|50"	"one original-MVDM body meets root/linkage/package gate; signature and conditional-form proof remains"
"MVDM-FIRST-REBASELINED-009752"	"RegisterService"	"wow16/ddeml/register.c"	"9b47a313bc08e784c7ddd277030d19aa61f8d5c86314c28272a0f51ed923fef2"	"87"	"O:\repos.external\OpenNT\base\mvdm"	"IncHszCount"	"2"	"1"	"1"	"base/mvdm/wow16"	"1"	"O:\repos.external\OpenNT\base\mvdm|wow16/ddeml/dmghsz.c|057b6e90ed65a296ef1151a02c5e5b8319d7ea5dd2a1904667acd6baf25562a3|50"	"one original-MVDM body meets root/linkage/package gate; signature and conditional-form proof remains"
"MVDM-FIRST-REBASELINED-009763"	"ClientXferReq"	"wow16/ddeml/stdptcl.c"	"742cf96c570e94df2f809012d212d2336901dccb215ab4bb00bb335dfa3d4037"	"81"	"O:\repos.external\OpenNT\base\mvdm"	"CreateQ"	"2"	"1"	"1"	"base/mvdm/wow16"	"1"	"O:\repos.external\OpenNT\base\mvdm|wow16/ddeml/dmgq.c|254d37ce3990229730dbbfc3cb97c2d32f2eef2d514385abc08b49f77f825e0b|38"	"one original-MVDM body meets root/linkage/package gate; signature and conditional-form proof remains"
"MVDM-FIRST-REBASELINED-009764"	"ClientXferReq"	"wow16/ddeml/stdptcl.c"	"742cf96c570e94df2f809012d212d2336901dccb215ab4bb00bb335dfa3d4037"	"91"	"O:\repos.external\OpenNT\base\mvdm"	"Addqi"	"2"	"1"	"1"	"base/mvdm/wow16"	"1"	"O:\repos.external\OpenNT\base\mvdm|wow16/ddeml/dmgq.c|254d37ce3990229730dbbfc3cb97c2d32f2eef2d514385abc08b49f77f825e0b|86"	"one original-MVDM body meets root/linkage/package gate; signature and conditional-form proof remains"
"MVDM-FIRST-REBASELINED-009765"	"ClientXferReq"	"wow16/ddeml/stdptcl.c"	"742cf96c570e94df2f809012d212d2336901dccb215ab4bb00bb335dfa3d4037"	"97"	"O:\repos.external\OpenNT\base\mvdm"	"IncHszCount"	"2"	"1"	"1"	"base/mvdm/wow16"	"1"	"O:\repos.external\OpenNT\base\mvdm|wow16/ddeml/dmghsz.c|057b6e90ed65a296ef1151a02c5e5b8319d7ea5dd2a1904667acd6baf25562a3|50"	"one original-MVDM body meets root/linkage/package gate; signature and conditional-form proof remains"
"MVDM-FIRST-REBASELINED-009767"	"ClientXferReq"	"wow16/ddeml/stdptcl.c"	"742cf96c570e94df2f809012d212d2336901dccb215ab4bb00bb335dfa3d4037"	"114"	"O:\repos.external\OpenNT\base\mvdm"	"FreeHsz"	"2"	"1"	"1"	"base/mvdm/wow16"	"1"	"O:\repos.external\OpenNT\base\mvdm|wow16/ddeml/dmghsz.c|057b6e90ed65a296ef1151a02c5e5b8319d7ea5dd2a1904667acd6baf25562a3|32"	"one original-MVDM body meets root/linkage/package gate; signature and conditional-form proof remains"
"MVDM-FIRST-REBASELINED-009768"	"ClientXferReq"	"wow16/ddeml/stdptcl.c"	"742cf96c570e94df2f809012d212d2336901dccb215ab4bb00bb335dfa3d4037"	"115"	"O:\repos.external\OpenNT\base\mvdm"	"Deleteqi"	"2"	"1"	"1"	"base/mvdm/wow16"	"1"	"O:\repos.external\OpenNT\base\mvdm|wow16/ddeml/dmgq.c|254d37ce3990229730dbbfc3cb97c2d32f2eef2d514385abc08b49f77f825e0b|124"	"one original-MVDM body meets root/linkage/package gate; signature and conditional-form proof remains"
"MVDM-FIRST-REBASELINED-009769"	"ClientXferReq"	"wow16/ddeml/stdptcl.c"	"742cf96c570e94df2f809012d212d2336901dccb215ab4bb00bb335dfa3d4037"	"165"	"O:\repos.external\OpenNT\base\mvdm"	"AddPileItem"	"2"	"1"	"1"	"base/mvdm/wow16"	"1"	"O:\repos.external\OpenNT\base\mvdm|wow16/ddeml/dmgdb.c|a1f7df43d0ce8cdef64271e778fd1e2d5d55ce7ce92df7e8508e1abb175e5b71|688"	"one original-MVDM body meets root/linkage/package gate; signature and conditional-form proof remains"
"MVDM-FIRST-REBASELINED-009770"	"SendClientReq"	"wow16/ddeml/stdptcl.c"	"742cf96c570e94df2f809012d212d2336901dccb215ab4bb00bb335dfa3d4037"	"205"	"O:\repos.external\OpenNT\base\mvdm"	"IncHszCount"	"2"	"1"	"1"	"base/mvdm/wow16"	"1"	"O:\repos.external\OpenNT\base\mvdm|wow16/ddeml/dmghsz.c|057b6e90ed65a296ef1151a02c5e5b8319d7ea5dd2a1904667acd6baf25562a3|50"	"one original-MVDM body meets root/linkage/package gate; signature and conditional-form proof remains"
"MVDM-FIRST-REBASELINED-009771"	"SendClientReq"	"wow16/ddeml/stdptcl.c"	"742cf96c570e94df2f809012d212d2336901dccb215ab4bb00bb335dfa3d4037"	"242"	"O:\repos.external\OpenNT\base\mvdm"	"AllocDDESel"	"2"	"1"	"1"	"base/mvdm/wow16"	"1"	"O:\repos.external\OpenNT\base\mvdm|wow16/ddeml/dmgdde.c|e9b8d0ee1e58cbb1944171704c735d35d8de41a9d366b25db06094be1ce40505|156"	"one original-MVDM body meets root/linkage/package gate; signature and conditional-form proof remains"
"MVDM-FIRST-REBASELINED-009774"	"PostServerAdvise"	"wow16/ddeml/stdptcl.c"	"742cf96c570e94df2f809012d212d2336901dccb215ab4bb00bb335dfa3d4037"	"511"	"O:\repos.external\OpenNT\base\mvdm"	"FindPileItem"	"2"	"1"	"1"	"base/mvdm/wow16"	"1"	"O:\repos.external\OpenNT\base\mvdm|wow16/ddeml/dmgdb.c|a1f7df43d0ce8cdef64271e778fd1e2d5d55ce7ce92df7e8508e1abb175e5b71|627"	"one original-MVDM body meets root/linkage/package gate; signature and conditional-form proof remains"
"MVDM-FIRST-REBASELINED-009775"	"PostServerAdvise"	"wow16/ddeml/stdptcl.c"	"742cf96c570e94df2f809012d212d2336901dccb215ab4bb00bb335dfa3d4037"	"517"	"O:\repos.external\OpenNT\base\mvdm"	"IncHszCount"	"2"	"1"	"1"	"base/mvdm/wow16"	"1"	"O:\repos.external\OpenNT\base\mvdm|wow16/ddeml/dmghsz.c|057b6e90ed65a296ef1151a02c5e5b8319d7ea5dd2a1904667acd6baf25562a3|50"	"one original-MVDM body meets root/linkage/package gate; signature and conditional-form proof remains"
"MVDM-FIRST-REBASELINED-009779"	"QReply"	"wow16/ddeml/stdptcl.c"	"742cf96c570e94df2f809012d212d2336901dccb215ab4bb00bb335dfa3d4037"	"596"	"O:\repos.external\OpenNT\base\mvdm"	"FindPileItem"	"2"	"1"	"1"	"base/mvdm/wow16"	"1"	"O:\repos.external\OpenNT\base\mvdm|wow16/ddeml/dmgdb.c|a1f7df43d0ce8cdef64271e778fd1e2d5d55ce7ce92df7e8508e1abb175e5b71|627"	"one original-MVDM body meets root/linkage/package gate; signature and conditional-form proof remains"
"MVDM-FIRST-REBASELINED-009782"	"QReply"	"wow16/ddeml/stdptcl.c"	"742cf96c570e94df2f809012d212d2336901dccb215ab4bb00bb335dfa3d4037"	"705"	"O:\repos.external\OpenNT\base\mvdm"	"FreeHsz"	"2"	"1"	"1"	"base/mvdm/wow16"	"1"	"O:\repos.external\OpenNT\base\mvdm|wow16/ddeml/dmghsz.c|057b6e90ed65a296ef1151a02c5e5b8319d7ea5dd2a1904667acd6baf25562a3|32"	"one original-MVDM body meets root/linkage/package gate; signature and conditional-form proof remains"
"MVDM-FIRST-REBASELINED-009783"	"QReply"	"wow16/ddeml/stdptcl.c"	"742cf96c570e94df2f809012d212d2336901dccb215ab4bb00bb335dfa3d4037"	"707"	"O:\repos.external\OpenNT\base\mvdm"	"Deleteqi"	"2"	"1"	"1"	"base/mvdm/wow16"	"1"	"O:\repos.external\OpenNT\base\mvdm|wow16/ddeml/dmgq.c|254d37ce3990229730dbbfc3cb97c2d32f2eef2d514385abc08b49f77f825e0b|124"	"one original-MVDM body meets root/linkage/package gate; signature and conditional-form proof remains"
"MVDM-FIRST-REBASELINED-009785"	"PlayMetaFile"	"wow16/gdi/meta.c"	"1f4603b822661de7ac7a13597d1a1b72cd280f574718b0128f0123c0d008ea64"	"177"	"O:\repos.external\OpenNT\base\mvdm"	"GetCurrentObject"	"0"	"0"	"0"	"base/mvdm/wow16;nt/private/ntos/w32;windows/core/ntgdi"	"0"	""	"no original-MVDM body candidate; continue approved-source-union resolution"
"MVDM-FIRST-REBASELINED-009786"	"PlayMetaFile"	"wow16/gdi/meta.c"	"1f4603b822661de7ac7a13597d1a1b72cd280f574718b0128f0123c0d008ea64"	"178"	"O:\repos.external\OpenNT\base\mvdm"	"GetCurrentObject"	"0"	"0"	"0"	"base/mvdm/wow16;nt/private/ntos/w32;windows/core/ntgdi"	"0"	""	"no original-MVDM body candidate; continue approved-source-union resolution"
"MVDM-FIRST-REBASELINED-009787"	"PlayMetaFile"	"wow16/gdi/meta.c"	"1f4603b822661de7ac7a13597d1a1b72cd280f574718b0128f0123c0d008ea64"	"179"	"O:\repos.external\OpenNT\base\mvdm"	"GetCurrentObject"	"0"	"0"	"0"	"base/mvdm/wow16;nt/private/ntos/w32;windows/core/ntgdi"	"0"	""	"no original-MVDM body candidate; continue approved-source-union resolution"
"MVDM-FIRST-REBASELINED-009788"	"PlayMetaFile"	"wow16/gdi/meta.c"	"1f4603b822661de7ac7a13597d1a1b72cd280f574718b0128f0123c0d008ea64"	"180"	"O:\repos.external\OpenNT\base\mvdm"	"GetCurrentObject"	"0"	"0"	"0"	"base/mvdm/wow16;nt/private/ntos/w32;windows/core/ntgdi"	"0"	""	"no original-MVDM body candidate; continue approved-source-union resolution"
"MVDM-FIRST-REBASELINED-009789"	"PlayMetaFile"	"wow16/gdi/meta.c"	"1f4603b822661de7ac7a13597d1a1b72cd280f574718b0128f0123c0d008ea64"	"181"	"O:\repos.external\OpenNT\base\mvdm"	"GetCurrentObject"	"0"	"0"	"0"	"base/mvdm/wow16;nt/private/ntos/w32;windows/core/ntgdi"	"0"	""	"no original-MVDM body candidate; continue approved-source-union resolution"
"MVDM-FIRST-REBASELINED-009790"	"PlayMetaFile"	"wow16/gdi/meta.c"	"1f4603b822661de7ac7a13597d1a1b72cd280f574718b0128f0123c0d008ea64"	"183"	"O:\repos.external\OpenNT\base\mvdm"	"GetCurrentObject"	"0"	"0"	"0"	"base/mvdm/wow16;nt/private/ntos/w32;windows/core/ntgdi"	"0"	""	"no original-MVDM body candidate; continue approved-source-union resolution"
"MVDM-FIRST-REBASELINED-009801"	"PlayMetaFile"	"wow16/gdi/meta.c"	"1f4603b822661de7ac7a13597d1a1b72cd280f574718b0128f0123c0d008ea64"	"221"	"O:\repos.external\OpenNT\base\mvdm"	"GetCurrentObject"	"0"	"0"	"0"	"base/mvdm/wow16;nt/private/ntos/w32;windows/core/ntgdi"	"0"	""	"no original-MVDM body candidate; continue approved-source-union resolution"
"MVDM-FIRST-REBASELINED-009844"	"PlayMetaFileRecord"	"wow16/gdi/meta.c"	"1f4603b822661de7ac7a13597d1a1b72cd280f574718b0128f0123c0d008ea64"	"795"	"O:\repos.external\OpenNT\base\mvdm"	"GetCurrentObject"	"0"	"0"	"0"	"base/mvdm/wow16;nt/private/ntos/w32;windows/core/ntgdi"	"0"	""	"no original-MVDM body candidate; continue approved-source-union resolution"
"MVDM-FIRST-REBASELINED-009891"	"PlayMetaFileRecord"	"wow16/gdi/meta.c"	"1f4603b822661de7ac7a13597d1a1b72cd280f574718b0128f0123c0d008ea64"	"1252"	"O:\repos.external\OpenNT\base\mvdm"	"GetCurrentObject"	"0"	"0"	"0"	"base/mvdm/wow16;nt/private/ntos/w32;windows/core/ntgdi"	"0"	""	"no original-MVDM body candidate; continue approved-source-union resolution"
"MVDM-FIRST-REBASELINED-009892"	"PlayMetaFileRecord"	"wow16/gdi/meta.c"	"1f4603b822661de7ac7a13597d1a1b72cd280f574718b0128f0123c0d008ea64"	"1257"	"O:\repos.external\OpenNT\base\mvdm"	"GetCurrentObject"	"0"	"0"	"0"	"base/mvdm/wow16;nt/private/ntos/w32;windows/core/ntgdi"	"0"	""	"no original-MVDM body candidate; continue approved-source-union resolution"
"MVDM-FIRST-REBASELINED-009893"	"PlayMetaFileRecord"	"wow16/gdi/meta.c"	"1f4603b822661de7ac7a13597d1a1b72cd280f574718b0128f0123c0d008ea64"	"1263"	"O:\repos.external\OpenNT\base\mvdm"	"GetCurrentObject"	"0"	"0"	"0"	"base/mvdm/wow16;nt/private/ntos/w32;windows/core/ntgdi"	"0"	""	"no original-MVDM body candidate; continue approved-source-union resolution"
"MVDM-FIRST-REBASELINED-009980"	"mciSendCommand"	"wow16/mmsystem/mci.c"	"30b8b5274dcea32ea205496daf59858150c9b3c67bd94727981b86af515b1c06"	"915"	"O:\repos.external\OpenNT\base\mvdm"	"mciMessage"	"0"	"0"	"0"	"base/mvdm/inc;base/mvdm/wow16;nt/private/mvdm/inc;nt/private/mvdm/wow16"	"0"	""	"no original-MVDM body candidate; continue approved-source-union resolution"
"MVDM-FIRST-REBASELINED-009981"	"mciSendCommand"	"wow16/mmsystem/mci.c"	"30b8b5274dcea32ea205496daf59858150c9b3c67bd94727981b86af515b1c06"	"972"	"O:\repos.external\OpenNT\base\mvdm"	"mciMessage"	"0"	"0"	"0"	"base/mvdm/inc;base/mvdm/wow16;nt/private/mvdm/inc;nt/private/mvdm/wow16"	"0"	""	"no original-MVDM body candidate; continue approved-source-union resolution"
"MVDM-FIRST-REBASELINED-009991"	"mciGetErrorString"	"wow16/mmsystem/mci.c"	"30b8b5274dcea32ea205496daf59858150c9b3c67bd94727981b86af515b1c06"	"2180"	"O:\repos.external\OpenNT\base\mvdm"	"mciMessage"	"0"	"0"	"0"	"base/mvdm/inc;base/mvdm/wow16;nt/private/mvdm/inc;nt/private/mvdm/wow16"	"0"	""	"no original-MVDM body candidate; continue approved-source-union resolution"
"MVDM-FIRST-REBASELINED-010013"	"mciInitDeviceList"	"wow16/mmsystem/mcisys.c"	"3f8e8df9c5331456fc21f7390d618e240d92ba7ba668b976e8b4e7e5c6de6632"	"109"	"O:\repos.external\OpenNT\base\mvdm"	"HeapCreate"	"0"	"0"	"0"	"base/mvdm/inc;base/mvdm/wow16;nt/private/mvdm/inc;nt/private/mvdm/wow16"	"0"	""	"no original-MVDM body candidate; continue approved-source-union resolution"
"MVDM-FIRST-REBASELINED-010014"	"mciGetDeviceIDFromElementID"	"wow16/mmsystem/mcisys.c"	"3f8e8df9c5331456fc21f7390d618e240d92ba7ba668b976e8b4e7e5c6de6632"	"153"	"O:\repos.external\OpenNT\base\mvdm"	"mciMessage"	"0"	"0"	"0"	"base/mvdm/inc;base/mvdm/wow16;nt/private/mvdm/inc;nt/private/mvdm/wow16"	"0"	""	"no original-MVDM body candidate; continue approved-source-union resolution"
"MVDM-FIRST-REBASELINED-010019"	"mciGetDeviceIDInternalEx"	"wow16/mmsystem/mcisys.c"	"3f8e8df9c5331456fc21f7390d618e240d92ba7ba668b976e8b4e7e5c6de6632"	"274"	"O:\repos.external\OpenNT\base\mvdm"	"mciMessage"	"0"	"0"	"0"	"base/mvdm/inc;base/mvdm/wow16;nt/private/mvdm/inc;nt/private/mvdm/wow16"	"0"	""	"no original-MVDM body candidate; continue approved-source-union resolution"
"MVDM-FIRST-REBASELINED-010030"	"mciAllocateNode"	"wow16/mmsystem/mcisys.c"	"3f8e8df9c5331456fc21f7390d618e240d92ba7ba668b976e8b4e7e5c6de6632"	"633"	"O:\repos.external\OpenNT\base\mvdm"	"mciMessage"	"0"	"0"	"0"	"base/mvdm/inc;base/mvdm/wow16;nt/private/mvdm/inc;nt/private/mvdm/wow16"	"0"	""	"no original-MVDM body candidate; continue approved-source-union resolution"
"MVDM-FIRST-REBASELINED-010047"	"mciFreeDevice"	"wow16/mmsystem/mcisys.c"	"3f8e8df9c5331456fc21f7390d618e240d92ba7ba668b976e8b4e7e5c6de6632"	"1502"	"O:\repos.external\OpenNT\base\mvdm"	"mciMessage"	"0"	"0"	"0"	"base/mvdm/inc;base/mvdm/wow16;nt/private/mvdm/inc;nt/private/mvdm/wow16"	"0"	""	"no original-MVDM body candidate; continue approved-source-union resolution"
"MVDM-FIRST-REBASELINED-010048"	"mciSetYieldProc"	"wow16/mmsystem/mcisys.c"	"3f8e8df9c5331456fc21f7390d618e240d92ba7ba668b976e8b4e7e5c6de6632"	"1711"	"O:\repos.external\OpenNT\base\mvdm"	"mciMessage"	"0"	"0"	"0"	"base/mvdm/inc;base/mvdm/wow16;nt/private/mvdm/inc;nt/private/mvdm/wow16"	"0"	""	"no original-MVDM body candidate; continue approved-source-union resolution"
"MVDM-FIRST-REBASELINED-010050"	"midiOutClose"	"wow16/mmsystem/midi.c"	"079f4a41c7a25b9e1b8ac74405b0cb49000a3bc0351a16118c75cb293fb954d2"	"639"	"O:\repos.external\OpenNT\base\mvdm"	"midiOMessage"	"0"	"0"	"0"	"base/mvdm/inc;base/mvdm/wow16;nt/private/mvdm/inc;nt/private/mvdm/wow16"	"0"	""	"no original-MVDM body candidate; continue approved-source-union resolution"
"MVDM-FIRST-REBASELINED-010052"	"midiOutReset"	"wow16/mmsystem/midi.c"	"079f4a41c7a25b9e1b8ac74405b0cb49000a3bc0351a16118c75cb293fb954d2"	"899"	"O:\repos.external\OpenNT\base\mvdm"	"midiOMessage"	"0"	"0"	"0"	"base/mvdm/inc;base/mvdm/wow16;nt/private/mvdm/inc;nt/private/mvdm/wow16"	"0"	""	"no original-MVDM body candidate; continue approved-source-union resolution"
"MVDM-FIRST-REBASELINED-010053"	"midiInClose"	"wow16/mmsystem/midi.c"	"079f4a41c7a25b9e1b8ac74405b0cb49000a3bc0351a16118c75cb293fb954d2"	"1364"	"O:\repos.external\OpenNT\base\mvdm"	"midiIMessage"	"0"	"0"	"0"	"base/mvdm/inc;base/mvdm/wow16;nt/private/mvdm/inc;nt/private/mvdm/wow16"	"0"	""	"no original-MVDM body candidate; continue approved-source-union resolution"
"MVDM-FIRST-REBASELINED-010055"	"midiInStop"	"wow16/mmsystem/midi.c"	"079f4a41c7a25b9e1b8ac74405b0cb49000a3bc0351a16118c75cb293fb954d2"	"1616"	"O:\repos.external\OpenNT\base\mvdm"	"midiIMessage"	"0"	"0"	"0"	"base/mvdm/inc;base/mvdm/wow16;nt/private/mvdm/inc;nt/private/mvdm/wow16"	"0"	""	"no original-MVDM body candidate; continue approved-source-union resolution"
"MVDM-FIRST-REBASELINED-010098"	"timeGetTime"	"wow16/mmsystem/time.c"	"c24e15195853d6ccdec8391f1ae5f6d19cb8ffd1658266fc0c901cafe140156f"	"382"	"O:\repos.external\OpenNT\base\mvdm"	"timeMessage"	"0"	"0"	"0"	"base/mvdm/inc;base/mvdm/wow16;nt/private/mvdm/inc;nt/private/mvdm/wow16"	"0"	""	"no original-MVDM body candidate; continue approved-source-union resolution"
"MVDM-FIRST-REBASELINED-010099"	"wavePrepareHeader"	"wow16/mmsystem/wave.c"	"6dfbfb59a59d80b976457cee673bfea91b1c44d955350a93a806272c9a82b708"	"67"	"O:\repos.external\OpenNT\base\mvdm"	"HugePageLock"	"0"	"0"	"0"	"base/mvdm/inc;base/mvdm/wow16;nt/private/mvdm/inc;nt/private/mvdm/wow16"	"0"	""	"no original-MVDM body candidate; continue approved-source-union resolution"
"MVDM-FIRST-REBASELINED-010100"	"wavePrepareHeader"	"wow16/mmsystem/wave.c"	"6dfbfb59a59d80b976457cee673bfea91b1c44d955350a93a806272c9a82b708"	"71"	"O:\repos.external\OpenNT\base\mvdm"	"HugePageLock"	"0"	"0"	"0"	"base/mvdm/inc;base/mvdm/wow16;nt/private/mvdm/inc;nt/private/mvdm/wow16"	"0"	""	"no original-MVDM body candidate; continue approved-source-union resolution"
"MVDM-FIRST-REBASELINED-010101"	"wavePrepareHeader"	"wow16/mmsystem/wave.c"	"6dfbfb59a59d80b976457cee673bfea91b1c44d955350a93a806272c9a82b708"	"72"	"O:\repos.external\OpenNT\base\mvdm"	"HugePageUnlock"	"0"	"0"	"0"	"base/mvdm/inc;base/mvdm/wow16;nt/private/mvdm/inc;nt/private/mvdm/wow16"	"0"	""	"no original-MVDM body candidate; continue approved-source-union resolution"
"MVDM-FIRST-REBASELINED-010102"	"waveUnprepareHeader"	"wow16/mmsystem/wave.c"	"6dfbfb59a59d80b976457cee673bfea91b1c44d955350a93a806272c9a82b708"	"95"	"O:\repos.external\OpenNT\base\mvdm"	"HugePageUnlock"	"0"	"0"	"0"	"base/mvdm/inc;base/mvdm/wow16;nt/private/mvdm/inc;nt/private/mvdm/wow16"	"0"	""	"no original-MVDM body candidate; continue approved-source-union resolution"
"MVDM-FIRST-REBASELINED-010103"	"waveUnprepareHeader"	"wow16/mmsystem/wave.c"	"6dfbfb59a59d80b976457cee673bfea91b1c44d955350a93a806272c9a82b708"	"96"	"O:\repos.external\OpenNT\base\mvdm"	"HugePageUnlock"	"0"	"0"	"0"	"base/mvdm/inc;base/mvdm/wow16;nt/private/mvdm/inc;nt/private/mvdm/wow16"	"0"	""	"no original-MVDM body candidate; continue approved-source-union resolution"
"MVDM-FIRST-REBASELINED-010104"	"waveOutGetNumDevs"	"wow16/mmsystem/wave.c"	"6dfbfb59a59d80b976457cee673bfea91b1c44d955350a93a806272c9a82b708"	"122"	"O:\repos.external\OpenNT\base\mvdm"	"waveOIDMessage"	"0"	"0"	"0"	"base/mvdm/inc;base/mvdm/wow16;nt/private/mvdm/inc;nt/private/mvdm/wow16"	"0"	""	"no original-MVDM body candidate; continue approved-source-union resolution"
"MVDM-FIRST-REBASELINED-010105"	"waveOutGetDevCaps"	"wow16/mmsystem/wave.c"	"6dfbfb59a59d80b976457cee673bfea91b1c44d955350a93a806272c9a82b708"	"195"	"O:\repos.external\OpenNT\base\mvdm"	"waveOIDMessage"	"0"	"0"	"0"	"base/mvdm/inc;base/mvdm/wow16;nt/private/mvdm/inc;nt/private/mvdm/wow16"	"0"	""	"no original-MVDM body candidate; continue approved-source-union resolution"
"MVDM-FIRST-REBASELINED-010107"	"waveOutOpen"	"wow16/mmsystem/wave.c"	"6dfbfb59a59d80b976457cee673bfea91b1c44d955350a93a806272c9a82b708"	"570"	"O:\repos.external\OpenNT\base\mvdm"	"waveOIDMessage"	"0"	"0"	"0"	"base/mvdm/inc;base/mvdm/wow16;nt/private/mvdm/inc;nt/private/mvdm/wow16"	"0"	""	"no original-MVDM body candidate; continue approved-source-union resolution"
"MVDM-FIRST-REBASELINED-010109"	"waveOutClose"	"wow16/mmsystem/wave.c"	"6dfbfb59a59d80b976457cee673bfea91b1c44d955350a93a806272c9a82b708"	"614"	"O:\repos.external\OpenNT\base\mvdm"	"waveOMessage"	"0"	"0"	"0"	"base/mvdm/inc;base/mvdm/wow16;nt/private/mvdm/inc;nt/private/mvdm/wow16"	"0"	""	"no original-MVDM body candidate; continue approved-source-union resolution"
"MVDM-FIRST-REBASELINED-010111"	"waveOutPrepareHeader"	"wow16/mmsystem/wave.c"	"6dfbfb59a59d80b976457cee673bfea91b1c44d955350a93a806272c9a82b708"	"671"	"O:\repos.external\OpenNT\base\mvdm"	"waveOMessage"	"0"	"0"	"0"	"base/mvdm/inc;base/mvdm/wow16;nt/private/mvdm/inc;nt/private/mvdm/wow16"	"0"	""	"no original-MVDM body candidate; continue approved-source-union resolution"
"MVDM-FIRST-REBASELINED-010112"	"waveOutUnprepareHeader"	"wow16/mmsystem/wave.c"	"6dfbfb59a59d80b976457cee673bfea91b1c44d955350a93a806272c9a82b708"	"737"	"O:\repos.external\OpenNT\base\mvdm"	"waveOMessage"	"0"	"0"	"0"	"base/mvdm/inc;base/mvdm/wow16;nt/private/mvdm/inc;nt/private/mvdm/wow16"	"0"	""	"no original-MVDM body candidate; continue approved-source-union resolution"
"MVDM-FIRST-REBASELINED-010113"	"waveOutWrite"	"wow16/mmsystem/wave.c"	"6dfbfb59a59d80b976457cee673bfea91b1c44d955350a93a806272c9a82b708"	"795"	"O:\repos.external\OpenNT\base\mvdm"	"waveOMessage"	"0"	"0"	"0"	"base/mvdm/inc;base/mvdm/wow16;nt/private/mvdm/inc;nt/private/mvdm/wow16"	"0"	""	"no original-MVDM body candidate; continue approved-source-union resolution"
"MVDM-FIRST-REBASELINED-010114"	"waveOutReset"	"wow16/mmsystem/wave.c"	"6dfbfb59a59d80b976457cee673bfea91b1c44d955350a93a806272c9a82b708"	"879"	"O:\repos.external\OpenNT\base\mvdm"	"waveOMessage"	"0"	"0"	"0"	"base/mvdm/inc;base/mvdm/wow16;nt/private/mvdm/inc;nt/private/mvdm/wow16"	"0"	""	"no original-MVDM body candidate; continue approved-source-union resolution"
"MVDM-FIRST-REBASELINED-010115"	"waveInGetNumDevs"	"wow16/mmsystem/wave.c"	"6dfbfb59a59d80b976457cee673bfea91b1c44d955350a93a806272c9a82b708"	"1177"	"O:\repos.external\OpenNT\base\mvdm"	"waveIIDMessage"	"0"	"0"	"0"	"base/mvdm/inc;base/mvdm/wow16;nt/private/mvdm/inc;nt/private/mvdm/wow16"	"0"	""	"no original-MVDM body candidate; continue approved-source-union resolution"
"MVDM-FIRST-REBASELINED-010116"	"waveInGetDevCaps"	"wow16/mmsystem/wave.c"	"6dfbfb59a59d80b976457cee673bfea91b1c44d955350a93a806272c9a82b708"	"1251"	"O:\repos.external\OpenNT\base\mvdm"	"waveIIDMessage"	"0"	"0"	"0"	"base/mvdm/inc;base/mvdm/wow16;nt/private/mvdm/inc;nt/private/mvdm/wow16"	"0"	""	"no original-MVDM body candidate; continue approved-source-union resolution"
"MVDM-FIRST-REBASELINED-010117"	"waveInClose"	"wow16/mmsystem/wave.c"	"6dfbfb59a59d80b976457cee673bfea91b1c44d955350a93a806272c9a82b708"	"1500"	"O:\repos.external\OpenNT\base\mvdm"	"waveIMessage"	"0"	"0"	"0"	"base/mvdm/inc;base/mvdm/wow16;nt/private/mvdm/inc;nt/private/mvdm/wow16"	"0"	""	"no original-MVDM body candidate; continue approved-source-union resolution"
"MVDM-FIRST-REBASELINED-010119"	"waveInStart"	"wow16/mmsystem/wave.c"	"6dfbfb59a59d80b976457cee673bfea91b1c44d955350a93a806272c9a82b708"	"1706"	"O:\repos.external\OpenNT\base\mvdm"	"waveIMessage"	"0"	"0"	"0"	"base/mvdm/inc;base/mvdm/wow16;nt/private/mvdm/inc;nt/private/mvdm/wow16"	"0"	""	"no original-MVDM body candidate; continue approved-source-union resolution"
"MVDM-FIRST-REBASELINED-010120"	"waveInStop"	"wow16/mmsystem/wave.c"	"6dfbfb59a59d80b976457cee673bfea91b1c44d955350a93a806272c9a82b708"	"1736"	"O:\repos.external\OpenNT\base\mvdm"	"waveIMessage"	"0"	"0"	"0"	"base/mvdm/inc;base/mvdm/wow16;nt/private/mvdm/inc;nt/private/mvdm/wow16"	"0"	""	"no original-MVDM body candidate; continue approved-source-union resolution"
"MVDM-FIRST-REBASELINED-010496"	"ReplaceCursorIcon"	"wow32/wcuricon.c"	"5f654ab2a98b2925474dffd49c5a3abaaefacf6193375af3794e70731c4e8673"	"706"	"O:\repos.external\OpenNT\base\mvdm"	"SetCursorContents"	"0"	"0"	"0"	"base/mvdm/inc;base/mvdm/wow32;nt/private/mvdm/inc;nt/private/sdktools/jetadmin;nt/private/windows/inc;nt/public/sdk/inc;public/internal;public/sdk;sdktools/jetadmin"	"0"	""	"no original-MVDM body candidate; continue approved-source-union resolution"
"MVDM-FIRST-REBASELINED-010557"	"WD32DdeAddData"	"wow32/wddeml32.c"	"13db1e133cbb9be8037fe9a57b1cf637f744ef23c9277697c096486bde3a8c2c"	"539"	"O:\repos.external\OpenNT\base\mvdm"	"DdeGetDataHandleFormat"	"0"	"0"	"0"	"base/mvdm/inc;base/mvdm/wow32;nt/private/mvdm/inc;nt/private/sdktools/jetadmin;nt/private/windows/inc;nt/public/sdk/inc;public/internal;public/sdk;sdktools/jetadmin"	"0"	""	"no original-MVDM body candidate; continue approved-source-union resolution"
"MVDM-FIRST-REBASELINED-010558"	"WD32DdeGetData"	"wow32/wddeml32.c"	"13db1e133cbb9be8037fe9a57b1cf637f744ef23c9277697c096486bde3a8c2c"	"583"	"O:\repos.external\OpenNT\base\mvdm"	"DdeGetDataHandleFormat"	"0"	"0"	"0"	"base/mvdm/inc;base/mvdm/wow32;nt/private/mvdm/inc;nt/private/sdktools/jetadmin;nt/private/windows/inc;nt/public/sdk/inc;public/internal;public/sdk;sdktools/jetadmin"	"0"	""	"no original-MVDM body candidate; continue approved-source-union resolution"
"MVDM-FIRST-REBASELINED-010560"	"WD32DdeAccessData"	"wow32/wddeml32.c"	"13db1e133cbb9be8037fe9a57b1cf637f744ef23c9277697c096486bde3a8c2c"	"638"	"O:\repos.external\OpenNT\base\mvdm"	"DdeGetDataHandleFormat"	"0"	"0"	"0"	"base/mvdm/inc;base/mvdm/wow32;nt/private/mvdm/inc;nt/private/sdktools/jetadmin;nt/private/windows/inc;nt/public/sdk/inc;public/internal;public/sdk;sdktools/jetadmin"	"0"	""	"no original-MVDM body candidate; continue approved-source-union resolution"
"MVDM-FIRST-REBASELINED-010561"	"WD32DdeAccessData"	"wow32/wddeml32.c"	"13db1e133cbb9be8037fe9a57b1cf637f744ef23c9277697c096486bde3a8c2c"	"654"	"O:\repos.external\OpenNT\base\mvdm"	"DdeIsDataHandleInitialized"	"0"	"0"	"0"	"base/mvdm/inc;base/mvdm/wow32;nt/private/mvdm/inc;nt/private/sdktools/jetadmin;nt/private/windows/inc;nt/public/sdk/inc;public/internal;public/sdk;sdktools/jetadmin"	"0"	""	"no original-MVDM body candidate; continue approved-source-union resolution"
"MVDM-FIRST-REBASELINED-010562"	"WD32DdeUnaccessData"	"wow32/wddeml32.c"	"13db1e133cbb9be8037fe9a57b1cf637f744ef23c9277697c096486bde3a8c2c"	"698"	"O:\repos.external\OpenNT\base\mvdm"	"DdeGetDataHandleFormat"	"0"	"0"	"0"	"base/mvdm/inc;base/mvdm/wow32;nt/private/mvdm/inc;nt/private/sdktools/jetadmin;nt/private/windows/inc;nt/public/sdk/inc;public/internal;public/sdk;sdktools/jetadmin"	"0"	""	"no original-MVDM body candidate; continue approved-source-union resolution"
"MVDM-FIRST-REBASELINED-010563"	"WD32DdeUnaccessData"	"wow32/wddeml32.c"	"13db1e133cbb9be8037fe9a57b1cf637f744ef23c9277697c096486bde3a8c2c"	"705"	"O:\repos.external\OpenNT\base\mvdm"	"DdeIsDataHandleReadOnly"	"0"	"0"	"0"	"base/mvdm/inc;base/mvdm/wow32;nt/private/mvdm/inc;nt/private/sdktools/jetadmin;nt/private/windows/inc;nt/public/sdk/inc;public/internal;public/sdk;sdktools/jetadmin"	"0"	""	"no original-MVDM body candidate; continue approved-source-union resolution"
"MVDM-FIRST-REBASELINED-010564"	"W32DdemlCallBack"	"wow32/wddeml32.c"	"13db1e133cbb9be8037fe9a57b1cf637f744ef23c9277697c096486bde3a8c2c"	"932"	"O:\repos.external\OpenNT\base\mvdm"	"DdeGetCallbackInstance"	"0"	"0"	"0"	"base/mvdm/inc;base/mvdm/wow32;nt/private/mvdm/inc;nt/private/sdktools/jetadmin;nt/private/windows/inc;nt/public/sdk/inc;public/internal;public/sdk;sdktools/jetadmin"	"0"	""	"no original-MVDM body candidate; continue approved-source-union resolution"
"MVDM-FIRST-REBASELINED-010589"	"W32HandleDibDrv"	"wow32/wdib.c"	"d0bd4f9cb7bba0dc5e977a8c096337df0830e3804ef6aeb8759cf979176dd910"	"311"	"O:\repos.external\OpenNT\base\mvdm"	"VdmAddDescriptorMapping"	"2"	"1"	"1"	"base/mvdm/inc;base/mvdm/wow32;nt/private/mvdm/inc;nt/private/sdktools/jetadmin;nt/private/windows/inc;nt/public/sdk/inc;public/internal;public/sdk;sdktools/jetadmin"	"0"	""	"original-MVDM body exists but fails root/linkage/package gate; preserve first-degree record"
"MVDM-FIRST-REBASELINED-010595"	"WG32CreateDIBSection"	"wow32/wdib.c"	"d0bd4f9cb7bba0dc5e977a8c096337df0830e3804ef6aeb8759cf979176dd910"	"693"	"O:\repos.external\OpenNT\base\mvdm"	"VdmAddDescriptorMapping"	"2"	"1"	"1"	"base/mvdm/inc;base/mvdm/wow32;nt/private/mvdm/inc;nt/private/sdktools/jetadmin;nt/private/windows/inc;nt/public/sdk/inc;public/internal;public/sdk;sdktools/jetadmin"	"0"	""	"original-MVDM body exists but fails root/linkage/package gate; preserve first-degree record"
"MVDM-FIRST-REBASELINED-010607"	"DosWowSetCurrentDirectory"	"wow32/wdos.c"	"e87b5cb3825ed937266c3badd287efd03cec3af0c26acb32ccc86d71fa47f314"	"434"	"O:\repos.external\OpenNT\base\mvdm"	"NormalizeDosPath"	"2"	"1"	"1"	"base/mvdm/inc;base/mvdm/wow32;nt/private/mvdm/inc;nt/private/sdktools/jetadmin;nt/private/windows/inc;nt/public/sdk/inc;public/internal;public/sdk;sdktools/jetadmin"	"1"	"O:\repos.external\OpenNT\base\mvdm|wow32/wkfileio.c|3437d0886ec49109668f09a46f5cf8b533ccfbd08f78ef441cbf71853482a8ad|1001"	"one original-MVDM body meets root/linkage/package gate; signature and conditional-form proof remains"
"MVDM-FIRST-REBASELINED-010639"	"WG32CreateDC"	"wow32/wgdi.c"	"4c28e5166b294ac2a17982b3ff6e6559f369b8a8a2dd766aa18e16c8f74379d6"	"416"	"O:\repos.external\OpenNT\base\mvdm"	"strstr"	"0"	"0"	"0"	"base/mvdm/inc;base/mvdm/wow32;nt/private/mvdm/inc;nt/private/sdktools/jetadmin;nt/private/windows/inc;nt/public/sdk/inc;public/internal;public/sdk;sdktools/jetadmin"	"0"	""	"no original-MVDM body candidate; continue approved-source-union resolution"
"MVDM-FIRST-REBASELINED-010640"	"WG32CreateDC"	"wow32/wgdi.c"	"4c28e5166b294ac2a17982b3ff6e6559f369b8a8a2dd766aa18e16c8f74379d6"	"417"	"O:\repos.external\OpenNT\base\mvdm"	"strstr"	"0"	"0"	"0"	"base/mvdm/inc;base/mvdm/wow32;nt/private/mvdm/inc;nt/private/sdktools/jetadmin;nt/private/windows/inc;nt/public/sdk/inc;public/internal;public/sdk;sdktools/jetadmin"	"0"	""	"no original-MVDM body candidate; continue approved-source-union resolution"
"MVDM-FIRST-REBASELINED-010697"	"WG32Escape"	"wow32/wgdi.c"	"4c28e5166b294ac2a17982b3ff6e6559f369b8a8a2dd766aa18e16c8f74379d6"	"1469"	"O:\repos.external\OpenNT\base\mvdm"	"GetETM"	"0"	"0"	"0"	"base/mvdm/inc;base/mvdm/wow32;nt/private/mvdm/inc;nt/private/sdktools/jetadmin;nt/private/windows/inc;nt/public/sdk/inc;public/internal;public/sdk;sdktools/jetadmin"	"0"	""	"no original-MVDM body candidate; continue approved-source-union resolution"
"MVDM-FIRST-REBASELINED-010852"	"WG32GetGlyphOutline"	"wow32/wgdi31.c"	"38d1d570fd1625affdf99eb1ce072e78b26a532abfd5fc9dd32c10b2c46d06e6"	"303"	"O:\repos.external\OpenNT\base\mvdm"	"GetGlyphOutlineWow"	"0"	"0"	"0"	"base/mvdm/inc;base/mvdm/wow32;nt/private/mvdm/inc;nt/private/sdktools/jetadmin;nt/private/windows/inc;nt/public/sdk/inc;public/internal;public/sdk;sdktools/jetadmin"	"0"	""	"no original-MVDM body candidate; continue approved-source-union resolution"
"MVDM-FIRST-REBASELINED-010923"	"WG32GetCurLogFont"	"wow32/wgfont.c"	"383a2aecb42c3b96aee822559f9c9d331c1ed7bcdc7e089d018defc33c3fc969"	"461"	"O:\repos.external\OpenNT\base\mvdm"	"GetHFONT"	"0"	"0"	"0"	"base/mvdm/inc;base/mvdm/wow32;nt/private/mvdm/inc;nt/private/sdktools/jetadmin;nt/private/windows/inc;nt/public/sdk/inc;public/internal;public/sdk;sdktools/jetadmin"	"0"	""	"no original-MVDM body candidate; continue approved-source-union resolution"
"MVDM-FIRST-REBASELINED-011017"	"WK32GetPrivateProfileString"	"wow32/wkernel.c"	"c07f5e981d65f6911419990292fd3466d487fd79ff52b4819bb9905f808e68bd"	"545"	"O:\repos.external\OpenNT\base\mvdm"	"strstr"	"0"	"0"	"0"	"base/mvdm/inc;base/mvdm/wow32;nt/private/mvdm/inc;nt/private/sdktools/jetadmin;nt/private/windows/inc;nt/public/sdk/inc;public/internal;public/sdk;sdktools/jetadmin"	"0"	""	"no original-MVDM body candidate; continue approved-source-union resolution"
"MVDM-FIRST-REBASELINED-011073"	"WK32KernelTrace"	"wow32/wkman.c"	"56be1989f2bc3acaffcfa6345b20e38f5e7312badf03af04d4565f8f4a489ac9"	"192"	"O:\repos.external\OpenNT\base\mvdm"	"DbgPrint"	"0"	"0"	"0"	"base/mvdm/inc;base/mvdm/wow32;nt/private/mvdm/inc;nt/private/sdktools/jetadmin;nt/private/windows/inc;nt/public/sdk/inc;public/internal;public/sdk;sdktools/jetadmin"	"0"	""	"no original-MVDM body candidate; continue approved-source-union resolution"
"MVDM-FIRST-REBASELINED-011074"	"ParseHotkeyReserved"	"wow32/wkman.c"	"56be1989f2bc3acaffcfa6345b20e38f5e7312badf03af04d4565f8f4a489ac9"	"218"	"O:\repos.external\OpenNT\base\mvdm"	"strstr"	"0"	"0"	"0"	"base/mvdm/inc;base/mvdm/wow32;nt/private/mvdm/inc;nt/private/sdktools/jetadmin;nt/private/windows/inc;nt/public/sdk/inc;public/internal;public/sdk;sdktools/jetadmin"	"0"	""	"no original-MVDM body candidate; continue approved-source-union resolution"
"MVDM-FIRST-REBASELINED-011076"	"WK32WowGetNextVdmCommand"	"wow32/wkman.c"	"56be1989f2bc3acaffcfa6345b20e38f5e7312badf03af04d4565f8f4a489ac9"	"310"	"O:\repos.external\OpenNT\base\mvdm"	"GetNextVDMCommand"	"0"	"0"	"0"	"base/mvdm/inc;base/mvdm/wow32;nt/private/mvdm/inc;nt/private/sdktools/jetadmin;nt/private/windows/inc;nt/public/sdk/inc;public/internal;public/sdk;sdktools/jetadmin"	"0"	""	"no original-MVDM body candidate; continue approved-source-union resolution"
"MVDM-FIRST-REBASELINED-011077"	"WK32WowGetNextVdmCommand"	"wow32/wkman.c"	"56be1989f2bc3acaffcfa6345b20e38f5e7312badf03af04d4565f8f4a489ac9"	"329"	"O:\repos.external\OpenNT\base\mvdm"	"strstr"	"0"	"0"	"0"	"base/mvdm/inc;base/mvdm/wow32;nt/private/mvdm/inc;nt/private/sdktools/jetadmin;nt/private/windows/inc;nt/public/sdk/inc;public/internal;public/sdk;sdktools/jetadmin"	"0"	""	"no original-MVDM body candidate; continue approved-source-union resolution"
"MVDM-FIRST-REBASELINED-011078"	"WK32WowGetNextVdmCommand"	"wow32/wkman.c"	"56be1989f2bc3acaffcfa6345b20e38f5e7312badf03af04d4565f8f4a489ac9"	"330"	"O:\repos.external\OpenNT\base\mvdm"	"ExitVDM"	"0"	"0"	"0"	"base/mvdm/inc;base/mvdm/wow32;nt/private/mvdm/inc;nt/private/sdktools/jetadmin;nt/private/windows/inc;nt/public/sdk/inc;public/internal;public/sdk;sdktools/jetadmin"	"0"	""	"no original-MVDM body candidate; continue approved-source-union resolution"
"MVDM-FIRST-REBASELINED-011079"	"WK32WowGetNextVdmCommand"	"wow32/wkman.c"	"56be1989f2bc3acaffcfa6345b20e38f5e7312badf03af04d4565f8f4a489ac9"	"378"	"O:\repos.external\OpenNT\base\mvdm"	"ShowStartGlass"	"0"	"0"	"0"	"base/mvdm/inc;base/mvdm/wow32;nt/private/mvdm/inc;nt/private/sdktools/jetadmin;nt/private/windows/inc;nt/public/sdk/inc;public/internal;public/sdk;sdktools/jetadmin"	"0"	""	"no original-MVDM body candidate; continue approved-source-union resolution"
"MVDM-FIRST-REBASELINED-011088"	"WK32WOWInitTask"	"wow32/wkman.c"	"56be1989f2bc3acaffcfa6345b20e38f5e7312badf03af04d4565f8f4a489ac9"	"563"	"O:\repos.external\OpenNT\base\mvdm"	"ExitVDM"	"0"	"0"	"0"	"base/mvdm/inc;base/mvdm/wow32;nt/private/mvdm/inc;nt/private/sdktools/jetadmin;nt/private/windows/inc;nt/public/sdk/inc;public/internal;public/sdk;sdktools/jetadmin"	"0"	""	"no original-MVDM body candidate; continue approved-source-union resolution"
"MVDM-FIRST-REBASELINED-011094"	"WK32Yield"	"wow32/wkman.c"	"56be1989f2bc3acaffcfa6345b20e38f5e7312badf03af04d4565f8f4a489ac9"	"650"	"O:\repos.external\OpenNT\base\mvdm"	"WaitForSingleObject"	"0"	"0"	"0"	"base/mvdm/inc;base/mvdm/wow32;nt/private/mvdm/inc;nt/private/sdktools/jetadmin;nt/private/windows/inc;nt/public/sdk/inc;public/internal;public/sdk;sdktools/jetadmin"	"0"	""	"no original-MVDM body candidate; continue approved-source-union resolution"
"MVDM-FIRST-REBASELINED-011119"	"W32RemoteThread"	"wow32/wkman.c"	"56be1989f2bc3acaffcfa6345b20e38f5e7312badf03af04d4565f8f4a489ac9"	"1282"	"O:\repos.external\OpenNT\base\mvdm"	"DbgPrint"	"0"	"0"	"0"	"base/mvdm/inc;base/mvdm/wow32;nt/private/mvdm/inc;nt/private/sdktools/jetadmin;nt/private/windows/inc;nt/public/sdk/inc;public/internal;public/sdk;sdktools/jetadmin"	"0"	""	"no original-MVDM body candidate; continue approved-source-union resolution"
"MVDM-FIRST-REBASELINED-011122"	"W32RemoteThread"	"wow32/wkman.c"	"56be1989f2bc3acaffcfa6345b20e38f5e7312badf03af04d4565f8f4a489ac9"	"1306"	"O:\repos.external\OpenNT\base\mvdm"	"DbgPrint"	"0"	"0"	"0"	"base/mvdm/inc;base/mvdm/wow32;nt/private/mvdm/inc;nt/private/sdktools/jetadmin;nt/private/windows/inc;nt/public/sdk/inc;public/internal;public/sdk;sdktools/jetadmin"	"0"	""	"no original-MVDM body candidate; continue approved-source-union resolution"
"MVDM-FIRST-REBASELINED-011124"	"W32RemoteThread"	"wow32/wkman.c"	"56be1989f2bc3acaffcfa6345b20e38f5e7312badf03af04d4565f8f4a489ac9"	"1317"	"O:\repos.external\OpenNT\base\mvdm"	"DbgPrint"	"0"	"0"	"0"	"base/mvdm/inc;base/mvdm/wow32;nt/private/mvdm/inc;nt/private/sdktools/jetadmin;nt/private/windows/inc;nt/public/sdk/inc;public/internal;public/sdk;sdktools/jetadmin"	"0"	""	"no original-MVDM body candidate; continue approved-source-union resolution"
"MVDM-FIRST-REBASELINED-011129"	"W32FreeTask"	"wow32/wkman.c"	"56be1989f2bc3acaffcfa6345b20e38f5e7312badf03af04d4565f8f4a489ac9"	"1533"	"O:\repos.external\OpenNT\base\mvdm"	"GetShellWindow"	"0"	"0"	"0"	"base/mvdm/inc;base/mvdm/wow32;nt/private/mvdm/inc;nt/private/sdktools/jetadmin;nt/private/windows/inc;nt/public/sdk/inc;public/internal;public/sdk;sdktools/jetadmin"	"0"	""	"no original-MVDM body candidate; continue approved-source-union resolution"
"MVDM-FIRST-REBASELINED-011133"	"W32DestroyTask"	"wow32/wkman.c"	"56be1989f2bc3acaffcfa6345b20e38f5e7312badf03af04d4565f8f4a489ac9"	"1709"	"O:\repos.external\OpenNT\base\mvdm"	"ExitVDM"	"0"	"0"	"0"	"base/mvdm/inc;base/mvdm/wow32;nt/private/mvdm/inc;nt/private/sdktools/jetadmin;nt/private/windows/inc;nt/public/sdk/inc;public/internal;public/sdk;sdktools/jetadmin"	"0"	""	"no original-MVDM body candidate; continue approved-source-union resolution"
"MVDM-FIRST-REBASELINED-011134"	"W32DestroyTask"	"wow32/wkman.c"	"56be1989f2bc3acaffcfa6345b20e38f5e7312badf03af04d4565f8f4a489ac9"	"1712"	"O:\repos.external\OpenNT\base\mvdm"	"ExitVDM"	"0"	"0"	"0"	"base/mvdm/inc;base/mvdm/wow32;nt/private/mvdm/inc;nt/private/sdktools/jetadmin;nt/private/windows/inc;nt/public/sdk/inc;public/internal;public/sdk;sdktools/jetadmin"	"0"	""	"no original-MVDM body candidate; continue approved-source-union resolution"
"MVDM-FIRST-REBASELINED-011138"	"WK32RegisterShellWindowHandle"	"wow32/wkman.c"	"56be1989f2bc3acaffcfa6345b20e38f5e7312badf03af04d4565f8f4a489ac9"	"1827"	"O:\repos.external\OpenNT\base\mvdm"	"RegisterWowExec"	"0"	"0"	"0"	"base/mvdm/inc;base/mvdm/wow32;nt/private/mvdm/inc;nt/private/sdktools/jetadmin;nt/private/windows/inc;nt/public/sdk/inc;public/internal;public/sdk;sdktools/jetadmin"	"0"	""	"no original-MVDM body candidate; continue approved-source-union resolution"
"MVDM-FIRST-REBASELINED-011151"	"WK32LoadModule32"	"wow32/wkman.c"	"56be1989f2bc3acaffcfa6345b20e38f5e7312badf03af04d4565f8f4a489ac9"	"2114"	"O:\repos.external\OpenNT\base\mvdm"	"RtlZeroMemory"	"0"	"0"	"0"	"base/mvdm/inc;base/mvdm/wow32;nt/private/mvdm/inc;nt/private/sdktools/jetadmin;nt/private/windows/inc;nt/public/sdk/inc;public/internal;public/sdk;sdktools/jetadmin"	"0"	""	"no original-MVDM body candidate; continue approved-source-union resolution"
"MVDM-FIRST-REBASELINED-011153"	"WK32LoadModule32"	"wow32/wkman.c"	"56be1989f2bc3acaffcfa6345b20e38f5e7312badf03af04d4565f8f4a489ac9"	"2174"	"O:\repos.external\OpenNT\base\mvdm"	"WaitForSingleObject"	"0"	"0"	"0"	"base/mvdm/inc;base/mvdm/wow32;nt/private/mvdm/inc;nt/private/sdktools/jetadmin;nt/private/windows/inc;nt/public/sdk/inc;public/internal;public/sdk;sdktools/jetadmin"	"0"	""	"no original-MVDM body candidate; continue approved-source-union resolution"
"MVDM-FIRST-REBASELINED-011155"	"WK32LoadModule32"	"wow32/wkman.c"	"56be1989f2bc3acaffcfa6345b20e38f5e7312badf03af04d4565f8f4a489ac9"	"2188"	"O:\repos.external\OpenNT\base\mvdm"	"WaitForSingleObject"	"0"	"0"	"0"	"base/mvdm/inc;base/mvdm/wow32;nt/private/mvdm/inc;nt/private/sdktools/jetadmin;nt/private/windows/inc;nt/public/sdk/inc;public/internal;public/sdk;sdktools/jetadmin"	"0"	""	"no original-MVDM body candidate; continue approved-source-union resolution"
"MVDM-FIRST-REBASELINED-011166"	"WK32LoadModule32"	"wow32/wkman.c"	"56be1989f2bc3acaffcfa6345b20e38f5e7312badf03af04d4565f8f4a489ac9"	"2308"	"O:\repos.external\OpenNT\base\mvdm"	"GetShellWindow"	"0"	"0"	"0"	"base/mvdm/inc;base/mvdm/wow32;nt/private/mvdm/inc;nt/private/sdktools/jetadmin;nt/private/windows/inc;nt/public/sdk/inc;public/internal;public/sdk;sdktools/jetadmin"	"0"	""	"no original-MVDM body candidate; continue approved-source-union resolution"
"MVDM-FIRST-REBASELINED-011176"	"WK32WowFailedExec"	"wow32/wkman.c"	"56be1989f2bc3acaffcfa6345b20e38f5e7312badf03af04d4565f8f4a489ac9"	"2496"	"O:\repos.external\OpenNT\base\mvdm"	"ExitVDM"	"0"	"0"	"0"	"base/mvdm/inc;base/mvdm/wow32;nt/private/mvdm/inc;nt/private/sdktools/jetadmin;nt/private/windows/inc;nt/public/sdk/inc;public/internal;public/sdk;sdktools/jetadmin"	"0"	""	"no original-MVDM body candidate; continue approved-source-union resolution"
"MVDM-FIRST-REBASELINED-011177"	"WK32WowFailedExec"	"wow32/wkman.c"	"56be1989f2bc3acaffcfa6345b20e38f5e7312badf03af04d4565f8f4a489ac9"	"2498"	"O:\repos.external\OpenNT\base\mvdm"	"ShowStartGlass"	"0"	"0"	"0"	"base/mvdm/inc;base/mvdm/wow32;nt/private/mvdm/inc;nt/private/sdktools/jetadmin;nt/private/windows/inc;nt/public/sdk/inc;public/internal;public/sdk;sdktools/jetadmin"	"0"	""	"no original-MVDM body candidate; continue approved-source-union resolution"
"MVDM-FIRST-REBASELINED-011178"	"WK32WowFailedExec"	"wow32/wkman.c"	"56be1989f2bc3acaffcfa6345b20e38f5e7312badf03af04d4565f8f4a489ac9"	"2500"	"O:\repos.external\OpenNT\base\mvdm"	"FlushMapFileCaches"	"2"	"1"	"1"	"base/mvdm/inc;base/mvdm/wow32;nt/private/mvdm/inc;nt/private/sdktools/jetadmin;nt/private/windows/inc;nt/public/sdk/inc;public/internal;public/sdk;sdktools/jetadmin"	"1"	"O:\repos.external\OpenNT\base\mvdm|wow32/wkfileio.c|3437d0886ec49109668f09a46f5cf8b533ccfbd08f78ef441cbf71853482a8ad|712"	"one original-MVDM body meets root/linkage/package gate; signature and conditional-form proof remains"
"MVDM-FIRST-REBASELINED-011186"	"WK32WowMsgBox"	"wow32/wkman.c"	"56be1989f2bc3acaffcfa6345b20e38f5e7312badf03af04d4565f8f4a489ac9"	"2736"	"O:\repos.external\OpenNT\base\mvdm"	"WaitForSingleObject"	"0"	"0"	"0"	"base/mvdm/inc;base/mvdm/wow32;nt/private/mvdm/inc;nt/private/sdktools/jetadmin;nt/private/windows/inc;nt/public/sdk/inc;public/internal;public/sdk;sdktools/jetadmin"	"0"	""	"no original-MVDM body candidate; continue approved-source-union resolution"
"MVDM-FIRST-REBASELINED-011193"	"W32HungAppNotifyThread"	"wow32/wkman.c"	"56be1989f2bc3acaffcfa6345b20e38f5e7312badf03af04d4565f8f4a489ac9"	"2852"	"O:\repos.external\OpenNT\base\mvdm"	"WaitForSingleObject"	"0"	"0"	"0"	"base/mvdm/inc;base/mvdm/wow32;nt/private/mvdm/inc;nt/private/sdktools/jetadmin;nt/private/windows/inc;nt/public/sdk/inc;public/internal;public/sdk;sdktools/jetadmin"	"0"	""	"no original-MVDM body candidate; continue approved-source-union resolution"
"MVDM-FIRST-REBASELINED-011205"	"W32HungAppNotifyThread"	"wow32/wkman.c"	"56be1989f2bc3acaffcfa6345b20e38f5e7312badf03af04d4565f8f4a489ac9"	"2943"	"O:\repos.external\OpenNT\base\mvdm"	"call_ica_hw_interrupt"	"0"	"0"	"0"	"base/mvdm/inc;base/mvdm/wow32;nt/private/mvdm/inc;nt/private/sdktools/jetadmin;nt/private/windows/inc;nt/public/sdk/inc;public/internal;public/sdk;sdktools/jetadmin"	"0"	""	"no original-MVDM body candidate; continue approved-source-union resolution"
"MVDM-FIRST-REBASELINED-011206"	"W32HungAppNotifyThread"	"wow32/wkman.c"	"56be1989f2bc3acaffcfa6345b20e38f5e7312badf03af04d4565f8f4a489ac9"	"2945"	"O:\repos.external\OpenNT\base\mvdm"	"WaitForSingleObject"	"0"	"0"	"0"	"base/mvdm/inc;base/mvdm/wow32;nt/private/mvdm/inc;nt/private/sdktools/jetadmin;nt/private/windows/inc;nt/public/sdk/inc;public/internal;public/sdk;sdktools/jetadmin"	"0"	""	"no original-MVDM body candidate; continue approved-source-union resolution"
"MVDM-FIRST-REBASELINED-011213"	"W32HungAppNotifyThread"	"wow32/wkman.c"	"56be1989f2bc3acaffcfa6345b20e38f5e7312badf03af04d4565f8f4a489ac9"	"2982"	"O:\repos.external\OpenNT\base\mvdm"	"ExitVDM"	"0"	"0"	"0"	"base/mvdm/inc;base/mvdm/wow32;nt/private/mvdm/inc;nt/private/sdktools/jetadmin;nt/private/windows/inc;nt/public/sdk/inc;public/internal;public/sdk;sdktools/jetadmin"	"0"	""	"no original-MVDM body candidate; continue approved-source-union resolution"
"MVDM-FIRST-REBASELINED-011226"	"W32IsSetupProgram"	"wow32/wkman.c"	"56be1989f2bc3acaffcfa6345b20e38f5e7312badf03af04d4565f8f4a489ac9"	"3256"	"O:\repos.external\OpenNT\base\mvdm"	"strstr"	"0"	"0"	"0"	"base/mvdm/inc;base/mvdm/wow32;nt/private/mvdm/inc;nt/private/sdktools/jetadmin;nt/private/windows/inc;nt/public/sdk/inc;public/internal;public/sdk;sdktools/jetadmin"	"0"	""	"no original-MVDM body candidate; continue approved-source-union resolution"
"MVDM-FIRST-REBASELINED-011230"	"W32ReadWOWCompatFlags"	"wow32/wkman.c"	"56be1989f2bc3acaffcfa6345b20e38f5e7312badf03af04d4565f8f4a489ac9"	"3343"	"O:\repos.external\OpenNT\base\mvdm"	"strstr"	"0"	"0"	"0"	"base/mvdm/inc;base/mvdm/wow32;nt/private/mvdm/inc;nt/private/sdktools/jetadmin;nt/private/windows/inc;nt/public/sdk/inc;public/internal;public/sdk;sdktools/jetadmin"	"0"	""	"no original-MVDM body candidate; continue approved-source-union resolution"
"MVDM-FIRST-REBASELINED-011232"	"W32ReadWOWCompatFlags"	"wow32/wkman.c"	"56be1989f2bc3acaffcfa6345b20e38f5e7312badf03af04d4565f8f4a489ac9"	"3352"	"O:\repos.external\OpenNT\base\mvdm"	"strstr"	"0"	"0"	"0"	"base/mvdm/inc;base/mvdm/wow32;nt/private/mvdm/inc;nt/private/sdktools/jetadmin;nt/private/windows/inc;nt/public/sdk/inc;public/internal;public/sdk;sdktools/jetadmin"	"0"	""	"no original-MVDM body candidate; continue approved-source-union resolution"
"MVDM-FIRST-REBASELINED-011287"	"WK32ExitKernel"	"wow32/wkman.c"	"56be1989f2bc3acaffcfa6345b20e38f5e7312badf03af04d4565f8f4a489ac9"	"4362"	"O:\repos.external\OpenNT\base\mvdm"	"ExitVDM"	"0"	"0"	"0"	"base/mvdm/inc;base/mvdm/wow32;nt/private/mvdm/inc;nt/private/sdktools/jetadmin;nt/private/windows/inc;nt/public/sdk/inc;public/internal;public/sdk;sdktools/jetadmin"	"0"	""	"no original-MVDM body candidate; continue approved-source-union resolution"
"MVDM-FIRST-REBASELINED-011289"	"WK32FatalExit"	"wow32/wkman.c"	"56be1989f2bc3acaffcfa6345b20e38f5e7312badf03af04d4565f8f4a489ac9"	"4396"	"O:\repos.external\OpenNT\base\mvdm"	"ExitVDM"	"0"	"0"	"0"	"base/mvdm/inc;base/mvdm/wow32;nt/private/mvdm/inc;nt/private/sdktools/jetadmin;nt/private/windows/inc;nt/public/sdk/inc;public/internal;public/sdk;sdktools/jetadmin"	"0"	""	"no original-MVDM body candidate; continue approved-source-union resolution"
"MVDM-FIRST-REBASELINED-011421"	"GetThreadIDHTASKALIAS"	"wow32/wole2.c"	"85fab0277735cff414d0f339557f110bf1501cbbe0f933dcf95232d9a61fd5e9"	"91"	"O:\repos.external\OpenNT\base\mvdm"	"DbgPrint"	"0"	"0"	"0"	"base/mvdm/inc;base/mvdm/wow32;nt/private/mvdm/inc;nt/private/sdktools/jetadmin;nt/private/windows/inc;nt/public/sdk/inc;public/internal;public/sdk;sdktools/jetadmin"	"0"	""	"no original-MVDM body candidate; continue approved-source-union resolution"
"MVDM-FIRST-REBASELINED-011425"	"GetThreadIDHTASKALIAS"	"wow32/wole2.c"	"85fab0277735cff414d0f339557f110bf1501cbbe0f933dcf95232d9a61fd5e9"	"116"	"O:\repos.external\OpenNT\base\mvdm"	"DbgPrint"	"0"	"0"	"0"	"base/mvdm/inc;base/mvdm/wow32;nt/private/mvdm/inc;nt/private/sdktools/jetadmin;nt/private/windows/inc;nt/public/sdk/inc;public/internal;public/sdk;sdktools/jetadmin"	"0"	""	"no original-MVDM body candidate; continue approved-source-union resolution"
"MVDM-FIRST-REBASELINED-011437"	"W32DllInitialize"	"wow32/wow32.c"	"1dfe9900e6da3bf0e2984c3df42bdd155b177cfe7707bb24e1324037147d292a"	"272"	"O:\repos.external\OpenNT\base\mvdm"	"RegisterWowBaseHandlers"	"0"	"0"	"0"	"base/mvdm/inc;base/mvdm/wow32;nt/private/mvdm/inc;nt/private/sdktools/jetadmin;nt/private/windows/inc;nt/public/sdk/inc;public/internal;public/sdk;sdktools/jetadmin"	"0"	""	"no original-MVDM body candidate; continue approved-source-union resolution"
"MVDM-FIRST-REBASELINED-011442"	"W32EWExecer"	"wow32/wow32.c"	"1dfe9900e6da3bf0e2984c3df42bdd155b177cfe7707bb24e1324037147d292a"	"372"	"O:\repos.external\OpenNT\base\mvdm"	"RtlZeroMemory"	"0"	"0"	"0"	"base/mvdm/inc;base/mvdm/wow32;nt/private/mvdm/inc;nt/private/sdktools/jetadmin;nt/private/windows/inc;nt/public/sdk/inc;public/internal;public/sdk;sdktools/jetadmin"	"0"	""	"no original-MVDM body candidate; continue approved-source-union resolution"
"MVDM-FIRST-REBASELINED-011444"	"W32EWExecer"	"wow32/wow32.c"	"1dfe9900e6da3bf0e2984c3df42bdd155b177cfe7707bb24e1324037147d292a"	"391"	"O:\repos.external\OpenNT\base\mvdm"	"WaitForSingleObject"	"0"	"0"	"0"	"base/mvdm/inc;base/mvdm/wow32;nt/private/mvdm/inc;nt/private/sdktools/jetadmin;nt/private/windows/inc;nt/public/sdk/inc;public/internal;public/sdk;sdktools/jetadmin"	"0"	""	"no original-MVDM body candidate; continue approved-source-union resolution"
"MVDM-FIRST-REBASELINED-011446"	"W32EWExecer"	"wow32/wow32.c"	"1dfe9900e6da3bf0e2984c3df42bdd155b177cfe7707bb24e1324037147d292a"	"399"	"O:\repos.external\OpenNT\base\mvdm"	"WaitForSingleObject"	"0"	"0"	"0"	"base/mvdm/inc;base/mvdm/wow32;nt/private/mvdm/inc;nt/private/sdktools/jetadmin;nt/private/windows/inc;nt/public/sdk/inc;public/internal;public/sdk;sdktools/jetadmin"	"0"	""	"no original-MVDM body candidate; continue approved-source-union resolution"
"MVDM-FIRST-REBASELINED-011451"	"W32Init"	"wow32/wow32.c"	"1dfe9900e6da3bf0e2984c3df42bdd155b177cfe7707bb24e1324037147d292a"	"493"	"O:\repos.external\OpenNT\base\mvdm"	"ShowStartGlass"	"0"	"0"	"0"	"base/mvdm/inc;base/mvdm/wow32;nt/private/mvdm/inc;nt/private/sdktools/jetadmin;nt/private/windows/inc;nt/public/sdk/inc;public/internal;public/sdk;sdktools/jetadmin"	"0"	""	"no original-MVDM body candidate; continue approved-source-union resolution"
"MVDM-FIRST-REBASELINED-011462"	"W32Init"	"wow32/wow32.c"	"1dfe9900e6da3bf0e2984c3df42bdd155b177cfe7707bb24e1324037147d292a"	"545"	"O:\repos.external\OpenNT\base\mvdm"	"UserRegisterWowHandlers"	"0"	"0"	"0"	"base/mvdm/inc;base/mvdm/wow32;nt/private/mvdm/inc;nt/private/sdktools/jetadmin;nt/private/windows/inc;nt/public/sdk/inc;public/internal;public/sdk;sdktools/jetadmin"	"0"	""	"no original-MVDM body candidate; continue approved-source-union resolution"
"MVDM-FIRST-REBASELINED-011463"	"W32Init"	"wow32/wow32.c"	"1dfe9900e6da3bf0e2984c3df42bdd155b177cfe7707bb24e1324037147d292a"	"547"	"O:\repos.external\OpenNT\base\mvdm"	"RegisterWowBaseHandlers"	"0"	"0"	"0"	"base/mvdm/inc;base/mvdm/wow32;nt/private/mvdm/inc;nt/private/sdktools/jetadmin;nt/private/windows/inc;nt/public/sdk/inc;public/internal;public/sdk;sdktools/jetadmin"	"0"	""	"no original-MVDM body candidate; continue approved-source-union resolution"
"MVDM-FIRST-REBASELINED-011464"	"W32Init"	"wow32/wow32.c"	"1dfe9900e6da3bf0e2984c3df42bdd155b177cfe7707bb24e1324037147d292a"	"566"	"O:\repos.external\OpenNT\base\mvdm"	"RtlZeroMemory"	"0"	"0"	"0"	"base/mvdm/inc;base/mvdm/wow32;nt/private/mvdm/inc;nt/private/sdktools/jetadmin;nt/private/windows/inc;nt/public/sdk/inc;public/internal;public/sdk;sdktools/jetadmin"	"0"	""	"no original-MVDM body candidate; continue approved-source-union resolution"
"MVDM-FIRST-REBASELINED-011495"	"W32Exception"	"wow32/wow32.c"	"1dfe9900e6da3bf0e2984c3df42bdd155b177cfe7707bb24e1324037147d292a"	"1312"	"O:\repos.external\OpenNT\base\mvdm"	"RtlZeroMemory"	"0"	"0"	"0"	"base/mvdm/inc;base/mvdm/wow32;nt/private/mvdm/inc;nt/private/sdktools/jetadmin;nt/private/windows/inc;nt/public/sdk/inc;public/internal;public/sdk;sdktools/jetadmin"	"0"	""	"no original-MVDM body candidate; continue approved-source-union resolution"
"MVDM-FIRST-REBASELINED-011502"	"W32Exception"	"wow32/wow32.c"	"1dfe9900e6da3bf0e2984c3df42bdd155b177cfe7707bb24e1324037147d292a"	"1446"	"O:\repos.external\OpenNT\base\mvdm"	"RtlZeroMemory"	"0"	"0"	"0"	"base/mvdm/inc;base/mvdm/wow32;nt/private/mvdm/inc;nt/private/sdktools/jetadmin;nt/private/windows/inc;nt/public/sdk/inc;public/internal;public/sdk;sdktools/jetadmin"	"0"	""	"no original-MVDM body candidate; continue approved-source-union resolution"
"MVDM-FIRST-REBASELINED-011505"	"W32Exception"	"wow32/wow32.c"	"1dfe9900e6da3bf0e2984c3df42bdd155b177cfe7707bb24e1324037147d292a"	"1450"	"O:\repos.external\OpenNT\base\mvdm"	"CsrIdentifyAlertableThread"	"0"	"0"	"0"	"base/mvdm/inc;base/mvdm/wow32;nt/private/mvdm/inc;nt/private/sdktools/jetadmin;nt/private/windows/inc;nt/public/sdk/inc;public/internal;public/sdk;sdktools/jetadmin"	"0"	""	"no original-MVDM body candidate; continue approved-source-union resolution"
"MVDM-FIRST-REBASELINED-011512"	"StartDebuggerForWow"	"wow32/wow32.c"	"1dfe9900e6da3bf0e2984c3df42bdd155b177cfe7707bb24e1324037147d292a"	"1605"	"O:\repos.external\OpenNT\base\mvdm"	"RtlZeroMemory"	"0"	"0"	"0"	"base/mvdm/inc;base/mvdm/wow32;nt/private/mvdm/inc;nt/private/sdktools/jetadmin;nt/private/windows/inc;nt/public/sdk/inc;public/internal;public/sdk;sdktools/jetadmin"	"0"	""	"no original-MVDM body candidate; continue approved-source-union resolution"
"MVDM-FIRST-REBASELINED-011514"	"StartDebuggerForWow"	"wow32/wow32.c"	"1dfe9900e6da3bf0e2984c3df42bdd155b177cfe7707bb24e1324037147d292a"	"1631"	"O:\repos.external\OpenNT\base\mvdm"	"WaitForSingleObject"	"0"	"0"	"0"	"base/mvdm/inc;base/mvdm/wow32;nt/private/mvdm/inc;nt/private/sdktools/jetadmin;nt/private/windows/inc;nt/public/sdk/inc;public/internal;public/sdk;sdktools/jetadmin"	"0"	""	"no original-MVDM body candidate; continue approved-source-union resolution"
"MVDM-FIRST-REBASELINED-011533"	"logargs"	"wow32/wow32.c"	"1dfe9900e6da3bf0e2984c3df42bdd155b177cfe7707bb24e1324037147d292a"	"2222"	"O:\repos.external\OpenNT\base\mvdm"	"DbgPrint"	"0"	"0"	"0"	"base/mvdm/inc;base/mvdm/wow32;nt/private/mvdm/inc;nt/private/sdktools/jetadmin;nt/private/windows/inc;nt/public/sdk/inc;public/internal;public/sdk;sdktools/jetadmin"	"0"	""	"no original-MVDM body candidate; continue approved-source-union resolution"
"MVDM-FIRST-REBASELINED-011542"	"WOWStartupFailed"	"wow32/wow32.c"	"1dfe9900e6da3bf0e2984c3df42bdd155b177cfe7707bb24e1324037147d292a"	"2320"	"O:\repos.external\OpenNT\base\mvdm"	"ExitVDM"	"0"	"0"	"0"	"base/mvdm/inc;base/mvdm/wow32;nt/private/mvdm/inc;nt/private/sdktools/jetadmin;nt/private/windows/inc;nt/public/sdk/inc;public/internal;public/sdk;sdktools/jetadmin"	"0"	""	"no original-MVDM body candidate; continue approved-source-union resolution"
"MVDM-FIRST-REBASELINED-011551"	"WowFaxWndProc"	"wow32/wow32fax.c"	"855ac6c5d6d6ca97cc78802994784e8612e5eb6197533790466664bf0e892700"	"174"	"O:\repos.external\OpenNT\base\mvdm"	"GetFaxDataMapName"	"2"	"1"	"1"	"base/mvdm/inc;base/mvdm/wow32;nt/private/mvdm/inc;nt/private/sdktools/jetadmin;nt/private/windows/inc;nt/public/sdk/inc;public/internal;public/sdk;sdktools/jetadmin"	"1"	"O:\repos.external\OpenNT\base\mvdm|inc/wowfax.h|97c6c40dc2d0565a21dc1be4112fe24f138b10ddbb55fbd29e55da972a2a2c84|284"	"one original-MVDM body meets root/linkage/package gate; signature and conditional-form proof remains"
"MVDM-FIRST-REBASELINED-011776"	"WS32DragQueryFile"	"wow32/wshell.c"	"1daa7860c95a0e374566b900d2da01e7459e7b88c0dfbe8e84b23f68bdf3ad40"	"724"	"O:\repos.external\OpenNT\base\mvdm"	"DragQueryFileAorW"	"0"	"0"	"0"	"base/mvdm/inc;base/mvdm/wow32;nt/private/mvdm/inc;nt/private/sdktools/jetadmin;nt/private/windows/inc;nt/public/sdk/inc;public/internal;public/sdk;sdktools/jetadmin"	"0"	""	"no original-MVDM body candidate; continue approved-source-union resolution"
"MVDM-FIRST-REBASELINED-011778"	"WS32ShellExecute"	"wow32/wshell.c"	"1daa7860c95a0e374566b900d2da01e7459e7b88c0dfbe8e84b23f68bdf3ad40"	"807"	"O:\repos.external\OpenNT\base\mvdm"	"WOWShellExecute"	"0"	"0"	"0"	"base/mvdm/inc;base/mvdm/wow32;nt/private/mvdm/inc;nt/private/sdktools/jetadmin;nt/private/windows/inc;nt/public/sdk/inc;public/internal;public/sdk;sdktools/jetadmin"	"0"	""	"no original-MVDM body candidate; continue approved-source-union resolution"
"MVDM-FIRST-REBASELINED-012070"	"WU32DialogBoxParam"	"wow32/wudlg.c"	"8a0dfcb7cbfea232c491fd9249c10048946f9f0d0e0b4120227dccd6ab37109e"	"317"	"O:\repos.external\OpenNT\base\mvdm"	"DialogBoxIndirectParamAorW"	"0"	"0"	"0"	"base/mvdm/inc;base/mvdm/wow32;nt/private/mvdm/inc;nt/private/sdktools/jetadmin;nt/private/windows/inc;nt/public/sdk/inc;public/internal;public/sdk;sdktools/jetadmin"	"0"	""	"no original-MVDM body candidate; continue approved-source-union resolution"
