"file_id"	"target_path"	"package_root"	"file_kind"	"selection"	"selected_source_path"	"selected_source_sha256"	"mirror_identity"	"composition_class"	"build_profile_state"	"divergence_or_exclusion_id"	"final_non_recovery_reason"	"evidence"
"MVDM-FILE-0001"	"bde/bde.def"	"bde"	"resource-or-other"	"dual-identical"	"O:\repos.external\OpenNT\base\mvdm\bde\bde.def"	"cfb2deeb3c42a282c4cf19aa8cf13d3408b007ceb42dc21c1b098e0b7da16979"	"byte-exact-verified"	"unreviewed"	"unreviewed"	""	""	"m0-t276-s1-file-identity-taxonomy-001.md"
"MVDM-FILE-0002"	"bde/bde.h"	"bde"	"declaration"	"dual-identical"	"O:\repos.external\OpenNT\base\mvdm\bde\bde.h"	"e85678f92da6f86f65e30b38530ccda84a03d632ee39917d5b3eec81d1a8fc8e"	"byte-exact-verified"	"unreviewed"	"unreviewed"	""	""	"m0-t276-s1-file-identity-taxonomy-001.md"
"MVDM-FILE-0003"	"bde/bdecmds.c"	"bde"	"source"	"dual-identical"	"O:\repos.external\OpenNT\base\mvdm\bde\bdecmds.c"	"ddcc992c69fa9f390780a935c2b3721b1df59ef148b15554b338cfbd248b110e"	"byte-exact-verified"	"unreviewed"	"unreviewed"	""	""	"m0-t276-s1-file-identity-taxonomy-001.md"
"MVDM-FILE-0004"	"bde/bdeheap.c"	"bde"	"source"	"dual-identical"	"O:\repos.external\OpenNT\base\mvdm\bde\bdeheap.c"	"d681e9c5c124705aa2eabf999b0038d5409f6f9bbea964d9ed100548c6ae6c7a"	"byte-exact-verified"	"unreviewed"	"unreviewed"	""	""	"m0-t276-s1-file-identity-taxonomy-001.md"
"MVDM-FILE-0005"	"bde/bdemisc.c"	"bde"	"source"	"dual-identical"	"O:\repos.external\OpenNT\base\mvdm\bde\bdemisc.c"	"0bf544626a6e6b2bcd80f52efb21942eaa58fcfd0e1b1a682652c975e290919b"	"byte-exact-verified"	"unreviewed"	"unreviewed"	""	""	"m0-t276-s1-file-identity-taxonomy-001.md"
"MVDM-FILE-0006"	"bde/bdestack.c"	"bde"	"source"	"dual-identical"	"O:\repos.external\OpenNT\base\mvdm\bde\bdestack.c"	"d832c428e64d72b312662a716a1a468986a6f142c1102bd2264849633526e86c"	"byte-exact-verified"	"unreviewed"	"unreviewed"	""	""	"m0-t276-s1-file-identity-taxonomy-001.md"
"MVDM-FILE-0007"	"bde/bdesym.c"	"bde"	"source"	"dual-identical"	"O:\repos.external\OpenNT\base\mvdm\bde\bdesym.c"	"c885aea477f81e03faf75c1f6fad6af2782660f005ddb597ba45059b3037c096"	"byte-exact-verified"	"unreviewed"	"unreviewed"	""	""	"m0-t276-s1-file-identity-taxonomy-001.md"
"MVDM-FILE-0008"	"bde/bdeutil.c"	"bde"	"source"	"dual-identical"	"O:\repos.external\OpenNT\base\mvdm\bde\bdeutil.c"	"0b9f7bdcb968ad38d95c2170afb0e84325c77e6d7a68161b6d63a89e4fcd225b"	"byte-exact-verified"	"unreviewed"	"unreviewed"	""	""	"m0-t276-s1-file-identity-taxonomy-001.md"
"MVDM-FILE-0009"	"bde/data.c"	"bde"	"source"	"dual-identical"	"O:\repos.external\OpenNT\base\mvdm\bde\data.c"	"5da2d4e3cd95333273f4c136686f91774685bb017aad14e59e1316c45a601f16"	"byte-exact-verified"	"unreviewed"	"unreviewed"	""	""	"m0-t276-s1-file-identity-taxonomy-001.md"
"MVDM-FILE-0010"	"bde/disasm.c"	"bde"	"source"	"dual-identical"	"O:\repos.external\OpenNT\base\mvdm\bde\disasm.c"	"8a59c16e5edd056761b3fabcd2d67c07f2fb896b0128b8f82dab2ef3b9336417"	"byte-exact-verified"	"unreviewed"	"unreviewed"	""	""	"m0-t276-s1-file-identity-taxonomy-001.md"
"MVDM-FILE-0011"	"bde/makefile"	"bde"	"resource-or-other"	"dual-identical"	"O:\repos.external\OpenNT\base\mvdm\bde\makefile"	"26957856e8a7f42a1740419cf3451497129f1d8284301d42f1a89ee13dd5a459"	"byte-exact-verified"	"unreviewed"	"unreviewed"	""	""	"m0-t276-s1-file-identity-taxonomy-001.md"
"MVDM-FILE-0012"	"bde/precomp.h"	"bde"	"declaration"	"dual-identical"	"O:\repos.external\OpenNT\base\mvdm\bde\precomp.h"	"7d2fd3883fc253312963c68f750005343c2499fa2effdbbced6ea1807e5dbe5c"	"byte-exact-verified"	"unreviewed"	"unreviewed"	""	""	"m0-t276-s1-file-identity-taxonomy-001.md"
"MVDM-FILE-0013"	"bde/sources"	"bde"	"resource-or-other"	"dual-identical"	"O:\repos.external\OpenNT\base\mvdm\bde\sources"	"a3166c1925cdc05ebe956067f47aade02b0706be9ed84fd301f2d78bfa9b2e9c"	"byte-exact-verified"	"unreviewed"	"unreviewed"	""	""	"m0-t276-s1-file-identity-taxonomy-001.md"
"MVDM-FILE-0014"	"dbg/dbg.c"	"dbg"	"source"	"dual-identical"	"O:\repos.external\OpenNT\base\mvdm\dbg\dbg.c"	"5a3a207eff1570908e270c737d12fb40fe66097895063136d17fe6b971494b90"	"byte-exact-verified"	"unreviewed"	"unreviewed"	""	""	"m0-t276-s1-file-identity-taxonomy-001.md"
"MVDM-FILE-0015"	"dbg/makefile"	"dbg"	"resource-or-other"	"dual-identical"	"O:\repos.external\OpenNT\base\mvdm\dbg\makefile"	"0e91e3ac947853ae1230c8ae1d9c83bf0b3adfcfd282d84139265f44c9f803f4"	"byte-exact-verified"	"unreviewed"	"unreviewed"	""	""	"m0-t276-s1-file-identity-taxonomy-001.md"
"MVDM-FILE-0016"	"dbg/sources"	"dbg"	"resource-or-other"	"dual-identical"	"O:\repos.external\OpenNT\base\mvdm\dbg\sources"	"1285f9984f0b95057f218277ee79587070a375b5058432e50889550d15e997a2"	"byte-exact-verified"	"unreviewed"	"unreviewed"	""	""	"m0-t276-s1-file-identity-taxonomy-001.md"
"MVDM-FILE-0017"	"dirs"	"dirs"	"build-control"	"dual-identical"	"O:\repos.external\OpenNT\base\mvdm\dirs"	"f4ecc5063cbb7d6f1d4daeeb527ce651772e21edd2104ad1c03b4fb4aec95a91"	"byte-exact-verified"	"unreviewed"	"unreviewed"	""	""	"m0-t276-s1-file-identity-taxonomy-001.md"
"MVDM-FILE-0018"	"dos/command/cmd.c"	"dos"	"source"	"dual-identical"	"O:\repos.external\OpenNT\base\mvdm\dos\command\cmd.c"	"9d0a773fcc8d7765b0fe3fe3750b5c9a29a596362f78a221161318fd83cc0262"	"byte-exact-verified"	"unreviewed"	"unreviewed"	""	""	"m0-t276-s1-file-identity-taxonomy-001.md"
"MVDM-FILE-0019"	"dos/command/cmd.h"	"dos"	"declaration"	"dual-identical"	"O:\repos.external\OpenNT\base\mvdm\dos\command\cmd.h"	"ea707e7955198462f93a0e795ae1751d83749578e93653e9b0baf4594d069711"	"byte-exact-verified"	"unreviewed"	"unreviewed"	""	""	"m0-t276-s1-file-identity-taxonomy-001.md"
"MVDM-FILE-0020"	"dos/command/cmdconf.c"	"dos"	"source"	"dual-identical"	"O:\repos.external\OpenNT\base\mvdm\dos\command\cmdconf.c"	"32892c8c489bed9e4be8faed12e1bafbc6c580ba81a509425e8493de1e6ffc0a"	"byte-exact-verified"	"unreviewed"	"unreviewed"	""	""	"m0-t276-s1-file-identity-taxonomy-001.md"
"MVDM-FILE-0021"	"dos/command/cmddata.c"	"dos"	"source"	"dual-identical"	"O:\repos.external\OpenNT\base\mvdm\dos\command\cmddata.c"	"937c134e46b5c714b9106d85fd0250b88fca5958e69a1e60fdeab558d4f4f8d2"	"byte-exact-verified"	"unreviewed"	"unreviewed"	""	""	"m0-t276-s1-file-identity-taxonomy-001.md"
"MVDM-FILE-0022"	"dos/command/cmddisp.c"	"dos"	"source"	"dual-identical"	"O:\repos.external\OpenNT\base\mvdm\dos\command\cmddisp.c"	"2a906e7100da9db6f16bab91c767b149f28e63a0db2803297812a8e86d2b19d6"	"byte-exact-verified"	"unreviewed"	"unreviewed"	""	""	"m0-t276-s1-file-identity-taxonomy-001.md"
"MVDM-FILE-0023"	"dos/command/cmdenv.c"	"dos"	"source"	"dual-identical"	"O:\repos.external\OpenNT\base\mvdm\dos\command\cmdenv.c"	"afc71d306491fe6a7f8cd7356b8682176a33a05f3652bae735be079b3cd0a32b"	"byte-exact-verified"	"unreviewed"	"unreviewed"	""	""	"m0-t276-s1-file-identity-taxonomy-001.md"
"MVDM-FILE-0024"	"dos/command/cmdexec.c"	"dos"	"source"	"dual-identical"	"O:\repos.external\OpenNT\base\mvdm\dos\command\cmdexec.c"	"98a941095d47ae73ef9731d389a433203c7184b0a016b62e24b202bb89f829d0"	"byte-exact-verified"	"unreviewed"	"unreviewed"	""	""	"m0-t276-s1-file-identity-taxonomy-001.md"
"MVDM-FILE-0025"	"dos/command/cmdexit.c"	"dos"	"source"	"dual-identical"	"O:\repos.external\OpenNT\base\mvdm\dos\command\cmdexit.c"	"3fb4616667b2b73f00ed56d5944a786be741f5db511e6f0d5f6a751593a418c9"	"byte-exact-verified"	"unreviewed"	"unreviewed"	""	""	"m0-t276-s1-file-identity-taxonomy-001.md"
"MVDM-FILE-0026"	"dos/command/cmdkeyb.c"	"dos"	"source"	"dual-identical"	"O:\repos.external\OpenNT\base\mvdm\dos\command\cmdkeyb.c"	"b945cd4a072b592211f6427ee526b2ca47be05ac6bef9a33956105749d899eba"	"byte-exact-verified"	"unreviewed"	"unreviewed"	""	""	"m0-t276-s1-file-identity-taxonomy-001.md"
"MVDM-FILE-0027"	"dos/command/cmdkeyb.h"	"dos"	"declaration"	"dual-identical"	"O:\repos.external\OpenNT\base\mvdm\dos\command\cmdkeyb.h"	"b83738295ed02d762748eef550058332078ce24b94ed76fd1a77c2eb8f77a361"	"byte-exact-verified"	"unreviewed"	"unreviewed"	""	""	"m0-t276-s1-file-identity-taxonomy-001.md"
"MVDM-FILE-0028"	"dos/command/cmdmisc.c"	"dos"	"source"	"dual-identical"	"O:\repos.external\OpenNT\base\mvdm\dos\command\cmdmisc.c"	"1ca036932368a0d0bf1848b078cc80cd66e67a4cc46ad26a0c1b236fe40f4281"	"byte-exact-verified"	"unreviewed"	"unreviewed"	""	""	"m0-t276-s1-file-identity-taxonomy-001.md"
"MVDM-FILE-0029"	"dos/command/cmdpif.c"	"dos"	"source"	"dual-identical"	"O:\repos.external\OpenNT\base\mvdm\dos\command\cmdpif.c"	"6d3aac795c1c6275695e0b4b72dcbdbf7206456f27e07a11bc28bf5ce3438a9b"	"byte-exact-verified"	"unreviewed"	"unreviewed"	""	""	"m0-t276-s1-file-identity-taxonomy-001.md"
"MVDM-FILE-0030"	"dos/command/cmdpif.h"	"dos"	"declaration"	"dual-identical"	"O:\repos.external\OpenNT\base\mvdm\dos\command\cmdpif.h"	"1c629826eba5a5437c481e8b4827298e5f178fa0eaa9ceaceb517cc80fe2e4c9"	"byte-exact-verified"	"unreviewed"	"unreviewed"	""	""	"m0-t276-s1-file-identity-taxonomy-001.md"
"MVDM-FILE-0031"	"dos/command/cmdredir.c"	"dos"	"source"	"dual-identical"	"O:\repos.external\OpenNT\base\mvdm\dos\command\cmdredir.c"	"a403f15ba9ec33af85ab38aaa7c4fea301016c4bb09a1ccbd3adee71a07dcc49"	"byte-exact-verified"	"unreviewed"	"unreviewed"	""	""	"m0-t276-s1-file-identity-taxonomy-001.md"
"MVDM-FILE-0032"	"dos/command/makefile"	"dos"	"resource-or-other"	"dual-identical"	"O:\repos.external\OpenNT\base\mvdm\dos\command\makefile"	"b66643935981dd027785814b4a331353011be5d3a37000091accdeab15855221"	"byte-exact-verified"	"unreviewed"	"unreviewed"	""	""	"m0-t276-s1-file-identity-taxonomy-001.md"
"MVDM-FILE-0033"	"dos/command/sources"	"dos"	"resource-or-other"	"dual-identical"	"O:\repos.external\OpenNT\base\mvdm\dos\command\sources"	"6663f3ed8585680b656ba840876bb36a8f1f795c389b2c2346d50bc1aab7dec8"	"byte-exact-verified"	"unreviewed"	"unreviewed"	""	""	"m0-t276-s1-file-identity-taxonomy-001.md"
"MVDM-FILE-0034"	"dos/dem/dem.c"	"dos"	"source"	"dual-identical"	"O:\repos.external\OpenNT\base\mvdm\dos\dem\dem.c"	"2573da2dbf964c5e75102145b031766113cfc4e914dc00f0d80fdc6d98f5a2de"	"byte-exact-verified"	"unreviewed"	"unreviewed"	""	""	"m0-t276-s1-file-identity-taxonomy-001.md"
"MVDM-FILE-0035"	"dos/dem/dem.h"	"dos"	"declaration"	"dual-identical"	"O:\repos.external\OpenNT\base\mvdm\dos\dem\dem.h"	"c9c4b4814e1b30ffad29a7716948ec7b6c0ade8f6ab2fbb9fd6998d358706e5a"	"byte-exact-verified"	"unreviewed"	"unreviewed"	""	""	"m0-t276-s1-file-identity-taxonomy-001.md"
"MVDM-FILE-0036"	"dos/dem/demdasd.c"	"dos"	"source"	"dual-identical"	"O:\repos.external\OpenNT\base\mvdm\dos\dem\demdasd.c"	"7438f5d4df1803664e66f16b7464d719c8e4341d1d9c2e7721ce7184bdf08942"	"byte-exact-verified"	"unreviewed"	"unreviewed"	""	""	"m0-t276-s1-file-identity-taxonomy-001.md"
"MVDM-FILE-0037"	"dos/dem/demdasd.h"	"dos"	"declaration"	"dual-identical"	"O:\repos.external\OpenNT\base\mvdm\dos\dem\demdasd.h"	"de5bd5e437c17a34af71999e6e6e7c0e749d9d9da61bc5cc8420c0406e1a2c35"	"byte-exact-verified"	"unreviewed"	"unreviewed"	""	""	"m0-t276-s1-file-identity-taxonomy-001.md"
"MVDM-FILE-0038"	"dos/dem/demdata.c"	"dos"	"source"	"dual-identical"	"O:\repos.external\OpenNT\base\mvdm\dos\dem\demdata.c"	"366a350bc31579dc48764b81d28b26f4d2a5c69c66ec42d742ddaaf739e6a566"	"byte-exact-verified"	"unreviewed"	"unreviewed"	""	""	"m0-t276-s1-file-identity-taxonomy-001.md"
"MVDM-FILE-0039"	"dos/dem/demdir.c"	"dos"	"source"	"dual-identical"	"O:\repos.external\OpenNT\base\mvdm\dos\dem\demdir.c"	"7013b557f8d89527e719484c032bcb3befe8bf6f79cbd7c97eae49c737e1b9ac"	"byte-exact-verified"	"unreviewed"	"unreviewed"	""	""	"m0-t276-s1-file-identity-taxonomy-001.md"
"MVDM-FILE-0040"	"dos/dem/demdisp.c"	"dos"	"source"	"dual-identical"	"O:\repos.external\OpenNT\base\mvdm\dos\dem\demdisp.c"	"7ea3a829e3f8aad2dfe644d101cabaff514de25909db937675fc323dfce8fe3c"	"byte-exact-verified"	"unreviewed"	"unreviewed"	""	""	"m0-t276-s1-file-identity-taxonomy-001.md"
"MVDM-FILE-0041"	"dos/dem/demerror.c"	"dos"	"source"	"dual-identical"	"O:\repos.external\OpenNT\base\mvdm\dos\dem\demerror.c"	"8c266cc5086f5bfb834f7d2054459f0a91b1789e90095e56ff363f77d409b64f"	"byte-exact-verified"	"unreviewed"	"unreviewed"	""	""	"m0-t276-s1-file-identity-taxonomy-001.md"
"MVDM-FILE-0042"	"dos/dem/demfcb.c"	"dos"	"source"	"dual-identical"	"O:\repos.external\OpenNT\base\mvdm\dos\dem\demfcb.c"	"2705fe134a825c3fbcb11594cf1aa23e858438a43d1de0c03e010930f921c670"	"byte-exact-verified"	"unreviewed"	"unreviewed"	""	""	"m0-t276-s1-file-identity-taxonomy-001.md"
"MVDM-FILE-0043"	"dos/dem/demfile.c"	"dos"	"source"	"dual-identical"	"O:\repos.external\OpenNT\base\mvdm\dos\dem\demfile.c"	"701c7ce94b6317f23d73d847c681338ddb522d0216cf6373713e542c34236620"	"byte-exact-verified"	"unreviewed"	"unreviewed"	""	""	"m0-t276-s1-file-identity-taxonomy-001.md"
"MVDM-FILE-0044"	"dos/dem/demgset.c"	"dos"	"source"	"dual-identical"	"O:\repos.external\OpenNT\base\mvdm\dos\dem\demgset.c"	"19c5999308a479cc9c0fcb30d23e8301d9a835408417aa965b85523dfb8a1653"	"byte-exact-verified"	"unreviewed"	"unreviewed"	""	""	"m0-t276-s1-file-identity-taxonomy-001.md"
"MVDM-FILE-0045"	"dos/dem/demhndl.c"	"dos"	"source"	"dual-identical"	"O:\repos.external\OpenNT\base\mvdm\dos\dem\demhndl.c"	"5e951e14d7c88357dc25933b602cb756fbaf4cf47125a46d740135491b4eb958"	"byte-exact-verified"	"unreviewed"	"unreviewed"	""	""	"m0-t276-s1-file-identity-taxonomy-001.md"
"MVDM-FILE-0046"	"dos/dem/demioctl.c"	"dos"	"source"	"dual-identical"	"O:\repos.external\OpenNT\base\mvdm\dos\dem\demioctl.c"	"6f480bf758d071b1fd2f76a137f892b77d1ea8d2d8ffb4690d395aedf5f733fa"	"byte-exact-verified"	"unreviewed"	"unreviewed"	""	""	"m0-t276-s1-file-identity-taxonomy-001.md"
"MVDM-FILE-0047"	"dos/dem/demlabel.c"	"dos"	"source"	"dual-identical"	"O:\repos.external\OpenNT\base\mvdm\dos\dem\demlabel.c"	"f77e781014ad34f6686fc3a94019bd82c995d7830ebd29f91dc358272ed30f22"	"byte-exact-verified"	"unreviewed"	"unreviewed"	""	""	"m0-t276-s1-file-identity-taxonomy-001.md"
"MVDM-FILE-0048"	"dos/dem/demlock.c"	"dos"	"source"	"dual-identical"	"O:\repos.external\OpenNT\base\mvdm\dos\dem\demlock.c"	"7716ab3be08f3532a60e3b05b2214bf1f8cb9f66f362b5f7f555dc3cd2755a71"	"byte-exact-verified"	"unreviewed"	"unreviewed"	""	""	"m0-t276-s1-file-identity-taxonomy-001.md"
"MVDM-FILE-0049"	"dos/dem/demmisc.c"	"dos"	"source"	"dual-identical"	"O:\repos.external\OpenNT\base\mvdm\dos\dem\demmisc.c"	"19676fa5995555ec0b16c2923953b4e6236467dc42bf36cc7e746f45d0fcf912"	"byte-exact-verified"	"unreviewed"	"unreviewed"	""	""	"m0-t276-s1-file-identity-taxonomy-001.md"
"MVDM-FILE-0050"	"dos/dem/demmsg.c"	"dos"	"source"	"dual-identical"	"O:\repos.external\OpenNT\base\mvdm\dos\dem\demmsg.c"	"1414099a0a5ad421440f101bbc6c669285141ab53bd9403b9ead4a6e4d9db2c8"	"byte-exact-verified"	"unreviewed"	"unreviewed"	""	""	"m0-t276-s1-file-identity-taxonomy-001.md"
"MVDM-FILE-0051"	"dos/dem/demmsg.h"	"dos"	"declaration"	"dual-identical"	"O:\repos.external\OpenNT\base\mvdm\dos\dem\demmsg.h"	"de14973d8c9a5ee9e76111c52b687f30321955eef623b79a01345cdd78942e43"	"byte-exact-verified"	"unreviewed"	"unreviewed"	""	""	"m0-t276-s1-file-identity-taxonomy-001.md"
"MVDM-FILE-0052"	"dos/dem/demsrch.c"	"dos"	"source"	"dual-identical"	"O:\repos.external\OpenNT\base\mvdm\dos\dem\demsrch.c"	"2fb56aad4d35a02dec38e9202d41b94a25076428c3d9eb08211d89f890c896ee"	"byte-exact-verified"	"unreviewed"	"unreviewed"	""	""	"m0-t276-s1-file-identity-taxonomy-001.md"
"MVDM-FILE-0053"	"dos/dem/dosdef.h"	"dos"	"declaration"	"dual-identical"	"O:\repos.external\OpenNT\base\mvdm\dos\dem\dosdef.h"	"82522742f0111cac59feadaba4c1216c39d72c9ac77473fb0061ad29e5b8a8a0"	"byte-exact-verified"	"unreviewed"	"unreviewed"	""	""	"m0-t276-s1-file-identity-taxonomy-001.md"
"MVDM-FILE-0054"	"dos/dem/makefile"	"dos"	"resource-or-other"	"dual-identical"	"O:\repos.external\OpenNT\base\mvdm\dos\dem\makefile"	"047a26e6fcfa2238cb3ad2c41d78c0a535727e3fb8c2624395f6fc40faf01439"	"byte-exact-verified"	"unreviewed"	"unreviewed"	""	""	"m0-t276-s1-file-identity-taxonomy-001.md"
"MVDM-FILE-0055"	"dos/dem/sources"	"dos"	"resource-or-other"	"dual-identical"	"O:\repos.external\OpenNT\base\mvdm\dos\dem\sources"	"3f29e2e85499831847f03fc91fd246c668c5bd7d1c20eed8724c9a873e22d818"	"byte-exact-verified"	"unreviewed"	"unreviewed"	""	""	"m0-t276-s1-file-identity-taxonomy-001.md"
"MVDM-FILE-0056"	"dos/dirs"	"dos"	"resource-or-other"	"dual-identical"	"O:\repos.external\OpenNT\base\mvdm\dos\dirs"	"5a0081e87655230bb804813ada51fca1b5aa8f73594cf84dd08ad59dbd5d735a"	"byte-exact-verified"	"unreviewed"	"unreviewed"	""	""	"m0-t276-s1-file-identity-taxonomy-001.md"
"MVDM-FILE-0057"	"dos/test/test.bat"	"dos"	"resource-or-other"	"dual-identical"	"O:\repos.external\OpenNT\base\mvdm\dos\test\test.bat"	"90ee88ee2f64859d8ec7a32e50e90c29b1dc610aae48e5e00c50ff19c4df64c3"	"byte-exact-verified"	"unreviewed"	"unreviewed"	""	""	"m0-t276-s1-file-identity-taxonomy-001.md"
"MVDM-FILE-0058"	"dpmi/486/dosx.exe"	"dpmi"	"resource-or-other"	"opennt-4.5-one-sided"	"O:\repos.external\OpenNT-4.5\nt\private\mvdm\dpmi\486\dosx.exe"	"c5af29a29abf167b243daabf877459e8278b8c9a339bf8e1e2576ead5f6ceeff"	"byte-exact-verified"	"unreviewed"	"unreviewed"	""	""	"m0-t276-s1-file-identity-taxonomy-001.md"
"MVDM-FILE-0059"	"dpmi/486/dosx.map"	"dpmi"	"resource-or-other"	"dual-identical"	"O:\repos.external\OpenNT\base\mvdm\dpmi\486\dosx.map"	"778d93671de368b158b2140b719d1e5e0e7c053acc3af3b476eefed74399e4c7"	"byte-exact-verified"	"unreviewed"	"unreviewed"	""	""	"m0-t276-s1-file-identity-taxonomy-001.md"
"MVDM-FILE-0060"	"dpmi/486/dosx.sym"	"dpmi"	"resource-or-other"	"dual-identical"	"O:\repos.external\OpenNT\base\mvdm\dpmi\486\dosx.sym"	"704330b33da14c98eaa56df30fa9ffced83054161710082bdfbfa035acba8a12"	"byte-exact-verified"	"unreviewed"	"unreviewed"	""	""	"m0-t276-s1-file-identity-taxonomy-001.md"
"MVDM-FILE-0061"	"dpmi/486/dxboot.asm"	"dpmi"	"source"	"dual-identical"	"O:\repos.external\OpenNT\base\mvdm\dpmi\486\dxboot.asm"	"b22892c24496fdf6c88247c44fe90495475d1d9cbdafd6b0a3f5f3bd5dfd4077"	"byte-exact-verified"	"unreviewed"	"unreviewed"	""	""	"m0-t276-s1-file-identity-taxonomy-001.md"
"MVDM-FILE-0062"	"dpmi/486/dxfunc.asm"	"dpmi"	"source"	"dual-identical"	"O:\repos.external\OpenNT\base\mvdm\dpmi\486\dxfunc.asm"	"76a4b056349827b526f4cb7efbf308a0caf1ecf3136b77065e700d9865928eea"	"byte-exact-verified"	"unreviewed"	"unreviewed"	""	""	"m0-t276-s1-file-identity-taxonomy-001.md"
"MVDM-FILE-0063"	"dpmi/486/dxint31.asm"	"dpmi"	"source"	"dual-identical"	"O:\repos.external\OpenNT\base\mvdm\dpmi\486\dxint31.asm"	"36add8e440b1f51a7353828d2af46ab23f503557649a670205981bc78b023aa1"	"byte-exact-verified"	"unreviewed"	"unreviewed"	""	""	"m0-t276-s1-file-identity-taxonomy-001.md"
"MVDM-FILE-0064"	"dpmi/486/dxintr.asm"	"dpmi"	"source"	"dual-identical"	"O:\repos.external\OpenNT\base\mvdm\dpmi\486\dxintr.asm"	"23b221750fd0e7525e508c7388df482ff3016694fdfc53801f320fcd18e6d4c0"	"byte-exact-verified"	"unreviewed"	"unreviewed"	""	""	"m0-t276-s1-file-identity-taxonomy-001.md"
"MVDM-FILE-0065"	"dpmi/486/dxmain.asm"	"dpmi"	"source"	"dual-identical"	"O:\repos.external\OpenNT\base\mvdm\dpmi\486\dxmain.asm"	"e9635b14eab60c26bbc5b56dcb9221e2749266ee506b0b8de5ef1d4163fc8be5"	"byte-exact-verified"	"unreviewed"	"unreviewed"	""	""	"m0-t276-s1-file-identity-taxonomy-001.md"
"MVDM-FILE-0066"	"dpmi/486/dxstrt.asm"	"dpmi"	"source"	"dual-identical"	"O:\repos.external\OpenNT\base\mvdm\dpmi\486\dxstrt.asm"	"8c6a6b667cda46a1c1f75d2cd6f156704b82db5f35de3438eac698cd9ebb9874"	"byte-exact-verified"	"unreviewed"	"unreviewed"	""	""	"m0-t276-s1-file-identity-taxonomy-001.md"
"MVDM-FILE-0067"	"dpmi/486/dxutil.asm"	"dpmi"	"source"	"dual-identical"	"O:\repos.external\OpenNT\base\mvdm\dpmi\486\dxutil.asm"	"24a0a2417fcf2afa40de1c293ea28ef94ff479fa9224126afbda77a542ad6cb8"	"byte-exact-verified"	"unreviewed"	"unreviewed"	""	""	"m0-t276-s1-file-identity-taxonomy-001.md"
"MVDM-FILE-0068"	"dpmi/cmacros.inc"	"dpmi"	"declaration"	"dual-identical"	"O:\repos.external\OpenNT\base\mvdm\dpmi\cmacros.inc"	"c9846aff28f2da13380f13f99e92fab20b29f785aeb7778ac0a9bc6a47dd5652"	"byte-exact-verified"	"unreviewed"	"unreviewed"	""	""	"m0-t276-s1-file-identity-taxonomy-001.md"
"MVDM-FILE-0069"	"dpmi/cmacros.mas"	"dpmi"	"resource-or-other"	"dual-identical"	"O:\repos.external\OpenNT\base\mvdm\dpmi\cmacros.mas"	"656035cc4c110fcd13c99fc77fd9e61f2afddd09eaa0b794fbbab4b9b58f7d34"	"byte-exact-verified"	"unreviewed"	"unreviewed"	""	""	"m0-t276-s1-file-identity-taxonomy-001.md"
"MVDM-FILE-0070"	"dpmi/dosx.def"	"dpmi"	"resource-or-other"	"dual-identical"	"O:\repos.external\OpenNT\base\mvdm\dpmi\dosx.def"	"8ece5c5cf5fa3710604c3a4b5aa0080e184d1bd9a744a53a9129797d2a9390b5"	"byte-exact-verified"	"unreviewed"	"unreviewed"	""	""	"m0-t276-s1-file-identity-taxonomy-001.md"
"MVDM-FILE-0071"	"dpmi/dosx.lnk"	"dpmi"	"resource-or-other"	"dual-identical"	"O:\repos.external\OpenNT\base\mvdm\dpmi\dosx.lnk"	"294893f0d548dd310970671da9f2355e1a2571b6b4d9382c5629411a9e1de2e8"	"byte-exact-verified"	"unreviewed"	"unreviewed"	""	""	"m0-t276-s1-file-identity-taxonomy-001.md"
"MVDM-FILE-0072"	"dpmi/dosxi.lnk"	"dpmi"	"resource-or-other"	"dual-identical"	"O:\repos.external\OpenNT\base\mvdm\dpmi\dosxi.lnk"	"19725d558d71bf211eff167d98d7d8fb74aae259d46fd25f6ac9b992d7b852a6"	"byte-exact-verified"	"unreviewed"	"unreviewed"	""	""	"m0-t276-s1-file-identity-taxonomy-001.md"
"MVDM-FILE-0073"	"dpmi/dxboot.asm"	"dpmi"	"source"	"dual-identical"	"O:\repos.external\OpenNT\base\mvdm\dpmi\dxboot.asm"	"4ce5af62219684927a434ca9fd515a19e6beec5c8661662bfa3bae0db8782fb8"	"byte-exact-verified"	"unreviewed"	"unreviewed"	""	""	"m0-t276-s1-file-identity-taxonomy-001.md"
"MVDM-FILE-0074"	"dpmi/dxbug.asm"	"dpmi"	"source"	"dual-identical"	"O:\repos.external\OpenNT\base\mvdm\dpmi\dxbug.asm"	"a05fe8e046622d798e924bde43bb026cab726f4e44512e19a821b661211c0e33"	"byte-exact-verified"	"unreviewed"	"unreviewed"	""	""	"m0-t276-s1-file-identity-taxonomy-001.md"
"MVDM-FILE-0075"	"dpmi/dxdisk.asm"	"dpmi"	"source"	"dual-identical"	"O:\repos.external\OpenNT\base\mvdm\dpmi\dxdisk.asm"	"c1cb4a2568c56b1c12c028a0b296a3ae3e6d81407096909c37f720116e24e550"	"byte-exact-verified"	"unreviewed"	"unreviewed"	""	""	"m0-t276-s1-file-identity-taxonomy-001.md"
"MVDM-FILE-0076"	"dpmi/dxdma.asm"	"dpmi"	"source"	"dual-identical"	"O:\repos.external\OpenNT\base\mvdm\dpmi\dxdma.asm"	"922be982cdf0e7804085c7655685170c26bd8cf1737b96c90396d8f47bedc5f4"	"byte-exact-verified"	"unreviewed"	"unreviewed"	""	""	"m0-t276-s1-file-identity-taxonomy-001.md"
"MVDM-FILE-0077"	"dpmi/dxemm.asm"	"dpmi"	"source"	"dual-identical"	"O:\repos.external\OpenNT\base\mvdm\dpmi\dxemm.asm"	"e715ddc90bc6f19da5fc96e90d9ed2607029017e3720e83e1028d93160e30afc"	"byte-exact-verified"	"unreviewed"	"unreviewed"	""	""	"m0-t276-s1-file-identity-taxonomy-001.md"
"MVDM-FILE-0078"	"dpmi/dxemm2.asm"	"dpmi"	"source"	"dual-identical"	"O:\repos.external\OpenNT\base\mvdm\dpmi\dxemm2.asm"	"0dbbc8cf898c8430821d026750ff5c39a4833db1bf747660763e01e89c5bfc4e"	"byte-exact-verified"	"unreviewed"	"unreviewed"	""	""	"m0-t276-s1-file-identity-taxonomy-001.md"
"MVDM-FILE-0079"	"dpmi/dxend.asm"	"dpmi"	"source"	"dual-identical"	"O:\repos.external\OpenNT\base\mvdm\dpmi\dxend.asm"	"0430786650c2f3ff59e809f7700a514905000c50924500b5765bce699de96550"	"byte-exact-verified"	"unreviewed"	"unreviewed"	""	""	"m0-t276-s1-file-identity-taxonomy-001.md"
"MVDM-FILE-0080"	"dpmi/dxendpm.asm"	"dpmi"	"source"	"dual-identical"	"O:\repos.external\OpenNT\base\mvdm\dpmi\dxendpm.asm"	"d50ef1dedda80fe22b75cbb8c7f5caadfbe30125d0a687047e2a5d52e31251d0"	"byte-exact-verified"	"unreviewed"	"unreviewed"	""	""	"m0-t276-s1-file-identity-taxonomy-001.md"
"MVDM-FILE-0081"	"dpmi/dxfind.asm"	"dpmi"	"source"	"dual-identical"	"O:\repos.external\OpenNT\base\mvdm\dpmi\dxfind.asm"	"39fceb31410e1d04341a50c59a9801ab7e22e6cb708554592c74ea9e3d33a81e"	"byte-exact-verified"	"unreviewed"	"unreviewed"	""	""	"m0-t276-s1-file-identity-taxonomy-001.md"
"MVDM-FILE-0082"	"dpmi/dxfunc.asm"	"dpmi"	"source"	"dual-identical"	"O:\repos.external\OpenNT\base\mvdm\dpmi\dxfunc.asm"	"ea8857f9497cea63ecd9746af3e16f222869f0c5c396cf78309cfc506546fbdc"	"byte-exact-verified"	"unreviewed"	"unreviewed"	""	""	"m0-t276-s1-file-identity-taxonomy-001.md"
"MVDM-FILE-0083"	"dpmi/dxhpbios.asm"	"dpmi"	"source"	"dual-identical"	"O:\repos.external\OpenNT\base\mvdm\dpmi\dxhpbios.asm"	"7e421f0aebadfe2a9410a9bd9782ab0d4a247190f3a23b3f585fa13df0c664e9"	"byte-exact-verified"	"unreviewed"	"unreviewed"	""	""	"m0-t276-s1-file-identity-taxonomy-001.md"
"MVDM-FILE-0084"	"dpmi/dxini.asm"	"dpmi"	"source"	"dual-identical"	"O:\repos.external\OpenNT\base\mvdm\dpmi\dxini.asm"	"fc07e15e4e89cc9270d46c5be9ba6d79a0dccce58725c972ff872c2331155a77"	"byte-exact-verified"	"unreviewed"	"unreviewed"	""	""	"m0-t276-s1-file-identity-taxonomy-001.md"
"MVDM-FILE-0085"	"dpmi/dxint31.asm"	"dpmi"	"source"	"dual-identical"	"O:\repos.external\OpenNT\base\mvdm\dpmi\dxint31.asm"	"b9c065b8d193f6e8233757a6de601eb1e299e6c1c1a1f5e839675e08635c2ade"	"byte-exact-verified"	"unreviewed"	"unreviewed"	""	""	"m0-t276-s1-file-identity-taxonomy-001.md"
"MVDM-FILE-0086"	"dpmi/dxintr.asm"	"dpmi"	"source"	"dual-identical"	"O:\repos.external\OpenNT\base\mvdm\dpmi\dxintr.asm"	"eee4db25227bdd18c553e0afe6078f0c5101f12ff50c948d266413a77fa1d333"	"byte-exact-verified"	"unreviewed"	"unreviewed"	""	""	"m0-t276-s1-file-identity-taxonomy-001.md"
"MVDM-FILE-0087"	"dpmi/dxmain.asm"	"dpmi"	"source"	"dual-identical"	"O:\repos.external\OpenNT\base\mvdm\dpmi\dxmain.asm"	"fcf32db92738347f554b1636addafc97fd9f1e406eaf72129be6c8b6850f5dc2"	"byte-exact-verified"	"unreviewed"	"unreviewed"	""	""	"m0-t276-s1-file-identity-taxonomy-001.md"
"MVDM-FILE-0088"	"dpmi/dxmmgr.asm"	"dpmi"	"source"	"dual-identical"	"O:\repos.external\OpenNT\base\mvdm\dpmi\dxmmgr.asm"	"9d320f56adb2eaa23a4c917332ad3de16c04119cf315fd1a3ebe6fcb6fa15687"	"byte-exact-verified"	"unreviewed"	"unreviewed"	""	""	"m0-t276-s1-file-identity-taxonomy-001.md"
"MVDM-FILE-0089"	"dpmi/dxmsg.asm"	"dpmi"	"source"	"dual-identical"	"O:\repos.external\OpenNT\base\mvdm\dpmi\dxmsg.asm"	"2c4e34d55f74dae05e61353214610d1d5ebdb7e528c5b7fb1fde774ab80e4cdc"	"byte-exact-verified"	"unreviewed"	"unreviewed"	""	""	"m0-t276-s1-file-identity-taxonomy-001.md"
"MVDM-FILE-0090"	"dpmi/dxnetbio.asm"	"dpmi"	"source"	"dual-identical"	"O:\repos.external\OpenNT\base\mvdm\dpmi\dxnetbio.asm"	"c55a7f5625649cf79db0d0eea7e84f00b3449cb0068f38f0b019f6557f0b235a"	"byte-exact-verified"	"unreviewed"	"unreviewed"	""	""	"m0-t276-s1-file-identity-taxonomy-001.md"
"MVDM-FILE-0091"	"dpmi/dxoem.asm"	"dpmi"	"source"	"dual-identical"	"O:\repos.external\OpenNT\base\mvdm\dpmi\dxoem.asm"	"bf841c30a7eaf94b0ae2b851bef11ad7279add2a01f74a383f6c00528c355596"	"byte-exact-verified"	"unreviewed"	"unreviewed"	""	""	"m0-t276-s1-file-identity-taxonomy-001.md"
"MVDM-FILE-0092"	"dpmi/dxrom.asm"	"dpmi"	"source"	"dual-identical"	"O:\repos.external\OpenNT\base\mvdm\dpmi\dxrom.asm"	"fa663dd3cc73aca572773fdefdb772fb45095dab511e95bedc066e461f548e50"	"byte-exact-verified"	"unreviewed"	"unreviewed"	""	""	"m0-t276-s1-file-identity-taxonomy-001.md"
"MVDM-FILE-0093"	"dpmi/dxrom.inc"	"dpmi"	"declaration"	"dual-identical"	"O:\repos.external\OpenNT\base\mvdm\dpmi\dxrom.inc"	"3654e663f1ba86b6efb6c26d4aabf178fa2501c04ff9b5741507295932195a95"	"byte-exact-verified"	"unreviewed"	"unreviewed"	""	""	"m0-t276-s1-file-identity-taxonomy-001.md"
"MVDM-FILE-0094"	"dpmi/dxstrt.asm"	"dpmi"	"source"	"dual-identical"	"O:\repos.external\OpenNT\base\mvdm\dpmi\dxstrt.asm"	"e67463a6ca5bbe18447ac51123ab3dec7f3dccdb1606f10dbe611ee10580f295"	"byte-exact-verified"	"unreviewed"	"unreviewed"	""	""	"m0-t276-s1-file-identity-taxonomy-001.md"
"MVDM-FILE-0095"	"dpmi/dxutil.asm"	"dpmi"	"source"	"dual-identical"	"O:\repos.external\OpenNT\base\mvdm\dpmi\dxutil.asm"	"c87933e2da13cd0aa87e9acf74dea8254af83672d4447624c3a775fb03730016"	"byte-exact-verified"	"unreviewed"	"unreviewed"	""	""	"m0-t276-s1-file-identity-taxonomy-001.md"
"MVDM-FILE-0096"	"dpmi/dxvcpi.asm"	"dpmi"	"source"	"dual-identical"	"O:\repos.external\OpenNT\base\mvdm\dpmi\dxvcpi.asm"	"9961a8644a2e58c1671a91ff425d8990420884294940e30ab884e95aefab77be"	"byte-exact-verified"	"unreviewed"	"unreviewed"	""	""	"m0-t276-s1-file-identity-taxonomy-001.md"
"MVDM-FILE-0097"	"dpmi/dxvcpi.inc"	"dpmi"	"declaration"	"dual-identical"	"O:\repos.external\OpenNT\base\mvdm\dpmi\dxvcpi.inc"	"cead5a03345a82029bba9d42001a4da6bf6cc1469f547e415b1545baaf1f246a"	"byte-exact-verified"	"unreviewed"	"unreviewed"	""	""	"m0-t276-s1-file-identity-taxonomy-001.md"
"MVDM-FILE-0098"	"dpmi/dxvcpibt.asm"	"dpmi"	"source"	"dual-identical"	"O:\repos.external\OpenNT\base\mvdm\dpmi\dxvcpibt.asm"	"efe782fd0e43fbd2df9bef47b92e1be417efdb9c1deec7df0680416451e767c4"	"byte-exact-verified"	"unreviewed"	"unreviewed"	""	""	"m0-t276-s1-file-identity-taxonomy-001.md"
"MVDM-FILE-0099"	"dpmi/gendefs.inc"	"dpmi"	"declaration"	"dual-identical"	"O:\repos.external\OpenNT\base\mvdm\dpmi\gendefs.inc"	"063ca242b52d632df9e06768fb759e0efb675eccc39886b18c3733ae0527cf72"	"byte-exact-verified"	"unreviewed"	"unreviewed"	""	""	"m0-t276-s1-file-identity-taxonomy-001.md"
"MVDM-FILE-0100"	"dpmi/hostdata.inc"	"dpmi"	"declaration"	"dual-identical"	"O:\repos.external\OpenNT\base\mvdm\dpmi\hostdata.inc"	"bfff1443c09abf02e55bf18ea511c70065e7e332a891653956e8b20acd1af330"	"byte-exact-verified"	"unreviewed"	"unreviewed"	""	""	"m0-t276-s1-file-identity-taxonomy-001.md"
"MVDM-FILE-0101"	"dpmi/interupt.inc"	"dpmi"	"declaration"	"dual-identical"	"O:\repos.external\OpenNT\base\mvdm\dpmi\interupt.inc"	"6a5ff521047cbca60e532f3d2f52d479ed9f279564da5c43890c526a9dde3208"	"byte-exact-verified"	"unreviewed"	"unreviewed"	""	""	"m0-t276-s1-file-identity-taxonomy-001.md"
"MVDM-FILE-0102"	"dpmi/makefile"	"dpmi"	"resource-or-other"	"dual-identical"	"O:\repos.external\OpenNT\base\mvdm\dpmi\makefile"	"6f2e99255a4906daf8734f4529341c8123d2b39615fb282a3c81104e85e2aad9"	"byte-exact-verified"	"unreviewed"	"unreviewed"	""	""	"m0-t276-s1-file-identity-taxonomy-001.md"
"MVDM-FILE-0103"	"dpmi/migrate.bat"	"dpmi"	"resource-or-other"	"dual-identical"	"O:\repos.external\OpenNT\base\mvdm\dpmi\migrate.bat"	"3fb632f6a50fc202fb3ae107be75426c8e7b40ca74c5b7c73c2b67ca007dae82"	"byte-exact-verified"	"unreviewed"	"unreviewed"	""	""	"m0-t276-s1-file-identity-taxonomy-001.md"
"MVDM-FILE-0104"	"dpmi/mk.cmd"	"dpmi"	"resource-or-other"	"dual-identical"	"O:\repos.external\OpenNT\base\mvdm\dpmi\mk.cmd"	"53d3de5db2d4aa0a7a73625a574b876edc202cd4234911f73f771bbe1244fd52"	"byte-exact-verified"	"unreviewed"	"unreviewed"	""	""	"m0-t276-s1-file-identity-taxonomy-001.md"
"MVDM-FILE-0105"	"dpmi/netbios.inc"	"dpmi"	"declaration"	"dual-identical"	"O:\repos.external\OpenNT\base\mvdm\dpmi\netbios.inc"	"2dc5593e505ac700b600fa85b729af6d5cca8a5fc9f1b09f51df54936ca3913c"	"byte-exact-verified"	"unreviewed"	"unreviewed"	""	""	"m0-t276-s1-file-identity-taxonomy-001.md"
"MVDM-FILE-0106"	"dpmi/ntintr32.asm"	"dpmi"	"source"	"dual-identical"	"O:\repos.external\OpenNT\base\mvdm\dpmi\ntintr32.asm"	"0df912d927861f9c883a9773513229af1e3dc449ed3410805f7dfa0fa726825a"	"byte-exact-verified"	"unreviewed"	"unreviewed"	""	""	"m0-t276-s1-file-identity-taxonomy-001.md"
"MVDM-FILE-0107"	"dpmi/ntnpxem.asm"	"dpmi"	"source"	"dual-identical"	"O:\repos.external\OpenNT\base\mvdm\dpmi\ntnpxem.asm"	"d1560824d54fe99695ea703b9367d95c91057350ae5a9e42ec643cdd30f09c85"	"byte-exact-verified"	"unreviewed"	"unreviewed"	""	""	"m0-t276-s1-file-identity-taxonomy-001.md"
"MVDM-FILE-0108"	"dpmi/pmdefs.inc"	"dpmi"	"declaration"	"dual-identical"	"O:\repos.external\OpenNT\base\mvdm\dpmi\pmdefs.inc"	"250a5eeb8c0b7279a0641f03c074fef3f15a5d7786d853b6dcc151a93ab1086b"	"byte-exact-verified"	"unreviewed"	"unreviewed"	""	""	"m0-t276-s1-file-identity-taxonomy-001.md"
"MVDM-FILE-0109"	"dpmi/program.sed"	"dpmi"	"resource-or-other"	"dual-identical"	"O:\repos.external\OpenNT\base\mvdm\dpmi\program.sed"	"8b4db3c53679268bf6558a34dece2cdd984dc86ae89d5836f56b6456203e30b7"	"byte-exact-verified"	"unreviewed"	"unreviewed"	""	""	"m0-t276-s1-file-identity-taxonomy-001.md"
"MVDM-FILE-0110"	"dpmi/prot386.inc"	"dpmi"	"declaration"	"dual-identical"	"O:\repos.external\OpenNT\base\mvdm\dpmi\prot386.inc"	"f7e6fd655ec14c1213e30b0960c6a4ca177ee9b36fb83028befe20c558ed1c9a"	"byte-exact-verified"	"unreviewed"	"unreviewed"	""	""	"m0-t276-s1-file-identity-taxonomy-001.md"
"MVDM-FILE-0111"	"dpmi/segdefs.inc"	"dpmi"	"declaration"	"dual-identical"	"O:\repos.external\OpenNT\base\mvdm\dpmi\segdefs.inc"	"dfc56e901048c858c488127f20d6d57a0ffa2a03284906fb2f095c730eef4bc2"	"byte-exact-verified"	"unreviewed"	"unreviewed"	""	""	"m0-t276-s1-file-identity-taxonomy-001.md"
"MVDM-FILE-0112"	"dpmi/smartdrv.inc"	"dpmi"	"declaration"	"dual-identical"	"O:\repos.external\OpenNT\base\mvdm\dpmi\smartdrv.inc"	"69f18cd56cf697593b1bec1f7fbde2023faa065f0ee480bd22119c39a7165da1"	"byte-exact-verified"	"unreviewed"	"unreviewed"	""	""	"m0-t276-s1-file-identity-taxonomy-001.md"
"MVDM-FILE-0113"	"dpmi/stackchk.inc"	"dpmi"	"declaration"	"dual-identical"	"O:\repos.external\OpenNT\base\mvdm\dpmi\stackchk.inc"	"dc0ecab91e44b9cd2dfb7bcac74473024fabbfd7404a472abed685548cf26b29"	"byte-exact-verified"	"unreviewed"	"unreviewed"	""	""	"m0-t276-s1-file-identity-taxonomy-001.md"
"MVDM-FILE-0114"	"dpmi/usa/dxmsg.asm"	"dpmi"	"source"	"dual-identical"	"O:\repos.external\OpenNT\base\mvdm\dpmi\usa\dxmsg.asm"	"2c4e34d55f74dae05e61353214610d1d5ebdb7e528c5b7fb1fde774ab80e4cdc"	"byte-exact-verified"	"unreviewed"	"unreviewed"	""	""	"m0-t276-s1-file-identity-taxonomy-001.md"
"MVDM-FILE-0115"	"dpmi/woaswapi.inc"	"dpmi"	"declaration"	"dual-identical"	"O:\repos.external\OpenNT\base\mvdm\dpmi\woaswapi.inc"	"4623b37d079aa81c6ee2992f325fdc4fd23e8ca4c54217657e29dc9d491e6b95"	"byte-exact-verified"	"unreviewed"	"unreviewed"	""	""	"m0-t276-s1-file-identity-taxonomy-001.md"
"MVDM-FILE-0116"	"dpmi/wowmac.inc"	"dpmi"	"declaration"	"dual-identical"	"O:\repos.external\OpenNT\base\mvdm\dpmi\wowmac.inc"	"db2088c6ba1501804931708c897e9f79c74ae639a64e21048079237fc2703008"	"byte-exact-verified"	"unreviewed"	"unreviewed"	""	""	"m0-t276-s1-file-identity-taxonomy-001.md"
"MVDM-FILE-0117"	"dpmi32/buffer.c"	"dpmi32"	"source"	"dual-identical"	"O:\repos.external\OpenNT\base\mvdm\dpmi32\buffer.c"	"6123c2acefa990be5bf87600a232a32feb1b7435ea0c2f346aa174b56ca37abc"	"byte-exact-verified"	"unreviewed"	"unreviewed"	""	""	"m0-t276-s1-file-identity-taxonomy-001.md"
"MVDM-FILE-0118"	"dpmi32/data.c"	"dpmi32"	"source"	"dual-identical"	"O:\repos.external\OpenNT\base\mvdm\dpmi32\data.c"	"fa3b44b0f6a5ea6165063bae35fe66063e23e518dad8c0cdf3de16d353c54cde"	"byte-exact-verified"	"unreviewed"	"unreviewed"	""	""	"m0-t276-s1-file-identity-taxonomy-001.md"
"MVDM-FILE-0119"	"dpmi32/debug.c"	"dpmi32"	"source"	"dual-identical"	"O:\repos.external\OpenNT\base\mvdm\dpmi32\debug.c"	"88a0fb538d88f8bee711bd2aa5390602394abe1fc1a577090f15183a3bfd1fb1"	"byte-exact-verified"	"unreviewed"	"unreviewed"	""	""	"m0-t276-s1-file-identity-taxonomy-001.md"
"MVDM-FILE-0120"	"dpmi32/dpmi32.c"	"dpmi32"	"source"	"dual-identical"	"O:\repos.external\OpenNT\base\mvdm\dpmi32\dpmi32.c"	"c271daf86bdfa846c9602f74bd2a4059b98c2ad1f12676e966bcfd427ba93dca"	"byte-exact-verified"	"unreviewed"	"unreviewed"	""	""	"m0-t276-s1-file-identity-taxonomy-001.md"
"MVDM-FILE-0121"	"dpmi32/dpmi32p.h"	"dpmi32"	"declaration"	"dual-identical"	"O:\repos.external\OpenNT\base\mvdm\dpmi32\dpmi32p.h"	"c5734d7842c34ae436cd12a5b52ad76d4fab88940a64f3af7e5fdc6fbc92e4a9"	"byte-exact-verified"	"unreviewed"	"unreviewed"	""	""	"m0-t276-s1-file-identity-taxonomy-001.md"
"MVDM-FILE-0122"	"dpmi32/dpmidata.h"	"dpmi32"	"declaration"	"dual-identical"	"O:\repos.external\OpenNT\base\mvdm\dpmi32\dpmidata.h"	"f9772482513601c2e316e097a92485864557af77010e77285d725d903a0fd7b2"	"byte-exact-verified"	"unreviewed"	"unreviewed"	""	""	"m0-t276-s1-file-identity-taxonomy-001.md"
"MVDM-FILE-0123"	"dpmi32/dpmiint.c"	"dpmi32"	"source"	"dual-identical"	"O:\repos.external\OpenNT\base\mvdm\dpmi32\dpmiint.c"	"d0607f266b8c6ee0556af13ff9260c7c07df8c0dc05ab25b37567430fb28a4aa"	"byte-exact-verified"	"unreviewed"	"unreviewed"	""	""	"m0-t276-s1-file-identity-taxonomy-001.md"
"MVDM-FILE-0124"	"dpmi32/dpmiint.h"	"dpmi32"	"declaration"	"dual-identical"	"O:\repos.external\OpenNT\base\mvdm\dpmi32\dpmiint.h"	"245976d103b8dd3b918b008b85e9e94b3ec245fb9119c28b897f936a94b69b5e"	"byte-exact-verified"	"unreviewed"	"unreviewed"	""	""	"m0-t276-s1-file-identity-taxonomy-001.md"
"MVDM-FILE-0125"	"dpmi32/dpmimemr.c"	"dpmi32"	"source"	"dual-identical"	"O:\repos.external\OpenNT\base\mvdm\dpmi32\dpmimemr.c"	"a21e43830622d5d04bfcd018c6751cdc7a3de54c166621731494363c8d5a60ae"	"byte-exact-verified"	"unreviewed"	"unreviewed"	""	""	"m0-t276-s1-file-identity-taxonomy-001.md"
"MVDM-FILE-0126"	"dpmi32/dpmimscr.c"	"dpmi32"	"source"	"dual-identical"	"O:\repos.external\OpenNT\base\mvdm\dpmi32\dpmimscr.c"	"41494b9f44e53863d31527ca082dfc286f34e2b4cace556baf501274d3eba061"	"byte-exact-verified"	"unreviewed"	"unreviewed"	""	""	"m0-t276-s1-file-identity-taxonomy-001.md"
"MVDM-FILE-0127"	"dpmi32/dpmiselr.c"	"dpmi32"	"source"	"dual-identical"	"O:\repos.external\OpenNT\base\mvdm\dpmi32\dpmiselr.c"	"9bdd58d63029de9438633a62934af2b2b868206cb7f06cc868f537e030fbd234"	"byte-exact-verified"	"unreviewed"	"unreviewed"	""	""	"m0-t276-s1-file-identity-taxonomy-001.md"
"MVDM-FILE-0128"	"dpmi32/i386/dpmi386.c"	"dpmi32"	"source"	"dual-identical"	"O:\repos.external\OpenNT\base\mvdm\dpmi32\i386\dpmi386.c"	"e47bd6f7a1f48ba94022c9d5ed78714c269f751737f8f69711fc44c06523f8f0"	"byte-exact-verified"	"unreviewed"	"unreviewed"	""	""	"m0-t276-s1-file-identity-taxonomy-001.md"
"MVDM-FILE-0129"	"dpmi32/i386/dpmimem.c"	"dpmi32"	"source"	"dual-identical"	"O:\repos.external\OpenNT\base\mvdm\dpmi32\i386\dpmimem.c"	"69695ab6dcb6c977318a4981b6b255ffcbb643b072549dc1c22b89c564ec2de4"	"byte-exact-verified"	"unreviewed"	"unreviewed"	""	""	"m0-t276-s1-file-identity-taxonomy-001.md"
"MVDM-FILE-0130"	"dpmi32/i386/dpmimisc.c"	"dpmi32"	"source"	"dual-identical"	"O:\repos.external\OpenNT\base\mvdm\dpmi32\i386\dpmimisc.c"	"c4b46844e5d5cd8a0d26a20f8635e46f58a53cce768aead3a472300d773fb8f5"	"byte-exact-verified"	"unreviewed"	"unreviewed"	""	""	"m0-t276-s1-file-identity-taxonomy-001.md"
"MVDM-FILE-0131"	"dpmi32/int21map.c"	"dpmi32"	"source"	"dual-identical"	"O:\repos.external\OpenNT\base\mvdm\dpmi32\int21map.c"	"b0a8632ddb1bb0ed609115bcb113c7a43a0b042930cd281d333540089589c7e1"	"byte-exact-verified"	"unreviewed"	"unreviewed"	""	""	"m0-t276-s1-file-identity-taxonomy-001.md"
"MVDM-FILE-0132"	"dpmi32/makefile"	"dpmi32"	"resource-or-other"	"dual-identical"	"O:\repos.external\OpenNT\base\mvdm\dpmi32\makefile"	"26957856e8a7f42a1740419cf3451497129f1d8284301d42f1a89ee13dd5a459"	"byte-exact-verified"	"unreviewed"	"unreviewed"	""	""	"m0-t276-s1-file-identity-taxonomy-001.md"
"MVDM-FILE-0133"	"dpmi32/modesw.c"	"dpmi32"	"source"	"dual-identical"	"O:\repos.external\OpenNT\base\mvdm\dpmi32\modesw.c"	"aa7157e2a39fead41e42e87f87e332e9464bf69a668671de976c69637ce06a67"	"byte-exact-verified"	"unreviewed"	"unreviewed"	""	""	"m0-t276-s1-file-identity-taxonomy-001.md"
"MVDM-FILE-0134"	"dpmi32/precomp.h"	"dpmi32"	"declaration"	"dual-identical"	"O:\repos.external\OpenNT\base\mvdm\dpmi32\precomp.h"	"f3111325cdff8671464b6c457d7b04e3f666282df638d200908a57af2cc6491e"	"byte-exact-verified"	"unreviewed"	"unreviewed"	""	""	"m0-t276-s1-file-identity-taxonomy-001.md"
"MVDM-FILE-0135"	"dpmi32/register.c"	"dpmi32"	"source"	"dual-identical"	"O:\repos.external\OpenNT\base\mvdm\dpmi32\register.c"	"98e8c569ac743fa59fa6ede4118259bb18fc3cfd5d387f9c2b9cce8ece7c0b45"	"byte-exact-verified"	"unreviewed"	"unreviewed"	""	""	"m0-t276-s1-file-identity-taxonomy-001.md"
"MVDM-FILE-0136"	"dpmi32/savestat.c"	"dpmi32"	"source"	"dual-identical"	"O:\repos.external\OpenNT\base\mvdm\dpmi32\savestat.c"	"76864b5f6c852820722d123395e49da43fd206f2420dd38d00d1ce911b1d7e42"	"byte-exact-verified"	"unreviewed"	"unreviewed"	""	""	"m0-t276-s1-file-identity-taxonomy-001.md"
"MVDM-FILE-0137"	"dpmi32/sources"	"dpmi32"	"resource-or-other"	"dual-identical"	"O:\repos.external\OpenNT\base\mvdm\dpmi32\sources"	"5e88950101f309fd999f42bd613e33cb4daf9a83ffee083f0bb4d84b161b3506"	"byte-exact-verified"	"unreviewed"	"unreviewed"	""	""	"m0-t276-s1-file-identity-taxonomy-001.md"
"MVDM-FILE-0138"	"dpmi32/stack.c"	"dpmi32"	"source"	"dual-identical"	"O:\repos.external\OpenNT\base\mvdm\dpmi32\stack.c"	"e7423b2c5b7c6108b55c262d1329e1b1d279850b65af1abfbc6ec3fcf2af0fe5"	"byte-exact-verified"	"unreviewed"	"unreviewed"	""	""	"m0-t276-s1-file-identity-taxonomy-001.md"
"MVDM-FILE-0139"	"dpmi32/vxd.c"	"dpmi32"	"source"	"dual-identical"	"O:\repos.external\OpenNT\base\mvdm\dpmi32\vxd.c"	"c42db46a3e7f985b83988668778613ba497b0a940f2aef4e0a2e082e54d8dd3a"	"byte-exact-verified"	"unreviewed"	"unreviewed"	""	""	"m0-t276-s1-file-identity-taxonomy-001.md"
"MVDM-FILE-0140"	"dpmi32/xlathlp.h"	"dpmi32"	"declaration"	"dual-identical"	"O:\repos.external\OpenNT\base\mvdm\dpmi32\xlathlp.h"	"e6fccd865a2701e58536f69381525a41f89007c22cb8866d21039e5e457df431"	"byte-exact-verified"	"unreviewed"	"unreviewed"	""	""	"m0-t276-s1-file-identity-taxonomy-001.md"
"MVDM-FILE-0141"	"dpmi32/xmem.c"	"dpmi32"	"source"	"dual-identical"	"O:\repos.external\OpenNT\base\mvdm\dpmi32\xmem.c"	"50babb31bcd739318e189e88567ed27d6c89af908b8b590bbeb3e8f1377d13d5"	"byte-exact-verified"	"unreviewed"	"unreviewed"	""	""	"m0-t276-s1-file-identity-taxonomy-001.md"
"MVDM-FILE-0142"	"fax/dirs"	"fax"	"resource-or-other"	"dual-identical"	"O:\repos.external\OpenNT\base\mvdm\fax\dirs"	"c104af22ebd0b2e0fe03a08d10a499ef1821adecafa907e63395b5c528fd26f3"	"byte-exact-verified"	"unreviewed"	"unreviewed"	""	""	"m0-t276-s1-file-identity-taxonomy-001.md"
"MVDM-FILE-0143"	"fax/dummy.hlp"	"fax"	"resource-or-other"	"dual-identical"	"O:\repos.external\OpenNT\base\mvdm\fax\dummy.hlp"	"12f99f53144294750fe8713d580eda286f4bd95cd9c840db8ab957def8040028"	"byte-exact-verified"	"unreviewed"	"unreviewed"	""	""	"m0-t276-s1-file-identity-taxonomy-001.md"
"MVDM-FILE-0144"	"fax/dummy.ppd"	"fax"	"resource-or-other"	"dual-identical"	"O:\repos.external\OpenNT\base\mvdm\fax\dummy.ppd"	"12f99f53144294750fe8713d580eda286f4bd95cd9c840db8ab957def8040028"	"byte-exact-verified"	"unreviewed"	"unreviewed"	""	""	"m0-t276-s1-file-identity-taxonomy-001.md"
"MVDM-FILE-0145"	"fax/faxcomm.h"	"fax"	"declaration"	"dual-identical"	"O:\repos.external\OpenNT\base\mvdm\fax\faxcomm.h"	"3f0ebb1007332c1c02b6b32af42577992886f5e2447433c0193cc89b988b25f4"	"byte-exact-verified"	"unreviewed"	"unreviewed"	""	""	"m0-t276-s1-file-identity-taxonomy-001.md"
"MVDM-FILE-0146"	"fax/printer.inf"	"fax"	"resource-or-other"	"dual-identical"	"O:\repos.external\OpenNT\base\mvdm\fax\printer.inf"	"c3f15c09d4556009e6484e1c08d01d8405c9b1080f3b963c31f5955443de6949"	"byte-exact-verified"	"unreviewed"	"unreviewed"	""	""	"m0-t276-s1-file-identity-taxonomy-001.md"
"MVDM-FILE-0147"	"fax/wowfax/makefile"	"fax"	"resource-or-other"	"dual-identical"	"O:\repos.external\OpenNT\base\mvdm\fax\wowfax\makefile"	"26957856e8a7f42a1740419cf3451497129f1d8284301d42f1a89ee13dd5a459"	"byte-exact-verified"	"unreviewed"	"unreviewed"	""	""	"m0-t276-s1-file-identity-taxonomy-001.md"
"MVDM-FILE-0148"	"fax/wowfax/sources"	"fax"	"resource-or-other"	"dual-identical"	"O:\repos.external\OpenNT\base\mvdm\fax\wowfax\sources"	"5c5f6e9961909600bbda91264da9524d02cebfc0831a491fdaa003492b2035a8"	"byte-exact-verified"	"unreviewed"	"unreviewed"	""	""	"m0-t276-s1-file-identity-taxonomy-001.md"
"MVDM-FILE-0149"	"fax/wowfax/wowfax.c"	"fax"	"source"	"dual-identical"	"O:\repos.external\OpenNT\base\mvdm\fax\wowfax\wowfax.c"	"cf77ad0a7fad02c80a872c388ebf5b38d59e69cca2b84c36d316734c095381d4"	"byte-exact-verified"	"unreviewed"	"unreviewed"	""	""	"m0-t276-s1-file-identity-taxonomy-001.md"
"MVDM-FILE-0150"	"fax/wowfax/wowfax.def"	"fax"	"resource-or-other"	"dual-identical"	"O:\repos.external\OpenNT\base\mvdm\fax\wowfax\wowfax.def"	"4c62075fc119ff7c44cbdc554470f044c102bcbc420f8cd3cd4b9f0c12a4f983"	"byte-exact-verified"	"unreviewed"	"unreviewed"	""	""	"m0-t276-s1-file-identity-taxonomy-001.md"
"MVDM-FILE-0151"	"fax/wowfax/wowfax.rc"	"fax"	"resource-or-other"	"dual-identical"	"O:\repos.external\OpenNT\base\mvdm\fax\wowfax\wowfax.rc"	"ed78f5f9a5046511d4624eae5ca0d6b13913a6a5cde23b7aeee3e9e2478a1120"	"byte-exact-verified"	"unreviewed"	"unreviewed"	""	""	"m0-t276-s1-file-identity-taxonomy-001.md"
"MVDM-FILE-0152"	"fax/wowfax/wowfaxdd.h"	"fax"	"declaration"	"dual-identical"	"O:\repos.external\OpenNT\base\mvdm\fax\wowfax\wowfaxdd.h"	"b198e348fad62c416d8451ddd24e25f76132786a1cc8aed6a9c4b481f7518129"	"byte-exact-verified"	"unreviewed"	"unreviewed"	""	""	"m0-t276-s1-file-identity-taxonomy-001.md"
"MVDM-FILE-0153"	"fax/wowfaxui/makefile"	"fax"	"resource-or-other"	"dual-identical"	"O:\repos.external\OpenNT\base\mvdm\fax\wowfaxui\makefile"	"26957856e8a7f42a1740419cf3451497129f1d8284301d42f1a89ee13dd5a459"	"byte-exact-verified"	"unreviewed"	"unreviewed"	""	""	"m0-t276-s1-file-identity-taxonomy-001.md"
"MVDM-FILE-0154"	"fax/wowfaxui/sources"	"fax"	"resource-or-other"	"dual-identical"	"O:\repos.external\OpenNT\base\mvdm\fax\wowfaxui\sources"	"693b15e2a3fb3cd22b5761bbdb2418d574c075408d5d4ae6aa6cb9ce3e705852"	"byte-exact-verified"	"unreviewed"	"unreviewed"	""	""	"m0-t276-s1-file-identity-taxonomy-001.md"
"MVDM-FILE-0155"	"fax/wowfaxui/wfhelper.c"	"fax"	"source"	"dual-identical"	"O:\repos.external\OpenNT\base\mvdm\fax\wowfaxui\wfhelper.c"	"bf8cd7fe0a51e9339b98c1ced13a7d295a25a0f49dc08be83d7c07e1b6785bec"	"byte-exact-verified"	"unreviewed"	"unreviewed"	""	""	"m0-t276-s1-file-identity-taxonomy-001.md"
"MVDM-FILE-0156"	"fax/wowfaxui/wfsheets.c"	"fax"	"source"	"dual-identical"	"O:\repos.external\OpenNT\base\mvdm\fax\wowfaxui\wfsheets.c"	"c43b25cb761cd8a3ca6dd95c3e4707b9a118544a1bcbc014ca5c780a40f0aac6"	"byte-exact-verified"	"unreviewed"	"unreviewed"	""	""	"m0-t276-s1-file-identity-taxonomy-001.md"
"MVDM-FILE-0157"	"fax/wowfaxui/wfsheets.h"	"fax"	"declaration"	"dual-identical"	"O:\repos.external\OpenNT\base\mvdm\fax\wowfaxui\wfsheets.h"	"262ccb34768eabc0e64c6ea30096356c3823e5872a790991785cea0b72cfcf0c"	"byte-exact-verified"	"unreviewed"	"unreviewed"	""	""	"m0-t276-s1-file-identity-taxonomy-001.md"
"MVDM-FILE-0158"	"fax/wowfaxui/wfupgrad.c"	"fax"	"source"	"dual-identical"	"O:\repos.external\OpenNT\base\mvdm\fax\wowfaxui\wfupgrad.c"	"67d44211d4014e713116b72347159da85df18ec5d9042094c009357f9062617e"	"byte-exact-verified"	"unreviewed"	"unreviewed"	""	""	"m0-t276-s1-file-identity-taxonomy-001.md"
"MVDM-FILE-0159"	"fax/wowfaxui/wowfaxui.c"	"fax"	"source"	"dual-identical"	"O:\repos.external\OpenNT\base\mvdm\fax\wowfaxui\wowfaxui.c"	"d96bf03ebd449b537c25e0126529af008e5ecc8d7421658497fe35fde4261ca4"	"byte-exact-verified"	"unreviewed"	"unreviewed"	""	""	"m0-t276-s1-file-identity-taxonomy-001.md"
"MVDM-FILE-0160"	"fax/wowfaxui/wowfaxui.def"	"fax"	"resource-or-other"	"dual-identical"	"O:\repos.external\OpenNT\base\mvdm\fax\wowfaxui\wowfaxui.def"	"a73b79df1af0324e7b29abf9e9664994ca69fca6bcde21a36a6ac8f741fbb6f0"	"byte-exact-verified"	"unreviewed"	"unreviewed"	""	""	"m0-t276-s1-file-identity-taxonomy-001.md"
"MVDM-FILE-0161"	"fax/wowfaxui/wowfaxui.h"	"fax"	"declaration"	"dual-identical"	"O:\repos.external\OpenNT\base\mvdm\fax\wowfaxui\wowfaxui.h"	"88d90b14cec1ebf6cb08d142f8ccc19b9dcb246cf9fab6c63124b468284cdf51"	"byte-exact-verified"	"unreviewed"	"unreviewed"	""	""	"m0-t276-s1-file-identity-taxonomy-001.md"
"MVDM-FILE-0162"	"fax/wowfaxui/wowfaxui.rc"	"fax"	"resource-or-other"	"dual-identical"	"O:\repos.external\OpenNT\base\mvdm\fax\wowfaxui\wowfaxui.rc"	"0eb16f981edce319863ef147175a0f66f7c403d3ca3bb826fbe29e179e059097"	"byte-exact-verified"	"unreviewed"	"unreviewed"	""	""	"m0-t276-s1-file-identity-taxonomy-001.md"
"MVDM-FILE-0163"	"ieuvddex/alpha/helpp.c"	"ieuvddex"	"source"	"dual-identical"	"O:\repos.external\OpenNT\base\mvdm\ieuvddex\alpha\helpp.c"	"987252587bab9b164e668d55d781f79af31118c6724fce27f73bbcd3a69daf87"	"byte-exact-verified"	"unreviewed"	"unreviewed"	""	""	"m0-t276-s1-file-identity-taxonomy-001.md"
"MVDM-FILE-0164"	"ieuvddex/alpha/sources"	"ieuvddex"	"resource-or-other"	"dual-identical"	"O:\repos.external\OpenNT\base\mvdm\ieuvddex\alpha\sources"	"3eb1457c45efd8c92fa64699696de04b30a5134bf3f32db228e38b23a2900c80"	"byte-exact-verified"	"unreviewed"	"unreviewed"	""	""	"m0-t276-s1-file-identity-taxonomy-001.md"
"MVDM-FILE-0165"	"ieuvddex/data.c"	"ieuvddex"	"source"	"dual-identical"	"O:\repos.external\OpenNT\base\mvdm\ieuvddex\data.c"	"c8545c33806e1cfcfee94971542232e266a8693f0b41c04a2fd77a3d5232680d"	"byte-exact-verified"	"unreviewed"	"unreviewed"	""	""	"m0-t276-s1-file-identity-taxonomy-001.md"
"MVDM-FILE-0166"	"ieuvddex/help.c"	"ieuvddex"	"source"	"dual-identical"	"O:\repos.external\OpenNT\base\mvdm\ieuvddex\help.c"	"f27dddee55c29f080a4679bc1653384c28147961d497d04f2a7f85c89f3f13e4"	"byte-exact-verified"	"unreviewed"	"unreviewed"	""	""	"m0-t276-s1-file-identity-taxonomy-001.md"
"MVDM-FILE-0167"	"ieuvddex/i386/helpp.c"	"ieuvddex"	"source"	"dual-identical"	"O:\repos.external\OpenNT\base\mvdm\ieuvddex\i386\helpp.c"	"abd758fe693d3bbb9debd649e890aa425b96a6a780b4e8d466e7a58d21b60d24"	"byte-exact-verified"	"unreviewed"	"unreviewed"	""	""	"m0-t276-s1-file-identity-taxonomy-001.md"
"MVDM-FILE-0168"	"ieuvddex/i386/profile.c"	"ieuvddex"	"source"	"dual-identical"	"O:\repos.external\OpenNT\base\mvdm\ieuvddex\i386\profile.c"	"04ab8d21c213f98829229c0eaadf5bce0a2a48f455075998a7b12cc4793aba6f"	"byte-exact-verified"	"unreviewed"	"unreviewed"	""	""	"m0-t276-s1-file-identity-taxonomy-001.md"
"MVDM-FILE-0169"	"ieuvddex/i386/reflect.c"	"ieuvddex"	"source"	"dual-identical"	"O:\repos.external\OpenNT\base\mvdm\ieuvddex\i386\reflect.c"	"ab3d3db2571d39dba5e6df8ea51743ef29ddbcb23265a11c4b3e44a8cd5f72a2"	"byte-exact-verified"	"unreviewed"	"unreviewed"	""	""	"m0-t276-s1-file-identity-taxonomy-001.md"
"MVDM-FILE-0170"	"ieuvddex/i386/regs.c"	"ieuvddex"	"source"	"dual-identical"	"O:\repos.external\OpenNT\base\mvdm\ieuvddex\i386\regs.c"	"49618545c379ec52e42777962062534eabb6086943cca7e208dc6e04d4afce99"	"byte-exact-verified"	"unreviewed"	"unreviewed"	""	""	"m0-t276-s1-file-identity-taxonomy-001.md"
"MVDM-FILE-0171"	"ieuvddex/i386/sources"	"ieuvddex"	"resource-or-other"	"dual-identical"	"O:\repos.external\OpenNT\base\mvdm\ieuvddex\i386\sources"	"ff2b196a612d536ea3254730f0ce0c0cc36575151d282e8cc088006c779b18ef"	"byte-exact-verified"	"unreviewed"	"unreviewed"	""	""	"m0-t276-s1-file-identity-taxonomy-001.md"
"MVDM-FILE-0172"	"ieuvddex/i386/vdmtib.c"	"ieuvddex"	"source"	"dual-identical"	"O:\repos.external\OpenNT\base\mvdm\ieuvddex\i386\vdmtib.c"	"f4fb7e8955cacb599d9e360ab0370a4d987c00da9839b270972dc8a6108e4f07"	"byte-exact-verified"	"unreviewed"	"unreviewed"	""	""	"m0-t276-s1-file-identity-taxonomy-001.md"
"MVDM-FILE-0173"	"ieuvddex/ieuvddex.h"	"ieuvddex"	"declaration"	"dual-identical"	"O:\repos.external\OpenNT\base\mvdm\ieuvddex\ieuvddex.h"	"17257eb303d196b6cd7449a7f2f63ff0d3f865df550c9d760f9d536b17bbcc37"	"byte-exact-verified"	"unreviewed"	"unreviewed"	""	""	"m0-t276-s1-file-identity-taxonomy-001.md"
"MVDM-FILE-0174"	"ieuvddex/makefile"	"ieuvddex"	"resource-or-other"	"dual-identical"	"O:\repos.external\OpenNT\base\mvdm\ieuvddex\makefile"	"26957856e8a7f42a1740419cf3451497129f1d8284301d42f1a89ee13dd5a459"	"byte-exact-verified"	"unreviewed"	"unreviewed"	""	""	"m0-t276-s1-file-identity-taxonomy-001.md"
"MVDM-FILE-0175"	"ieuvddex/mips/helpp.c"	"ieuvddex"	"source"	"dual-identical"	"O:\repos.external\OpenNT\base\mvdm\ieuvddex\mips\helpp.c"	"987252587bab9b164e668d55d781f79af31118c6724fce27f73bbcd3a69daf87"	"byte-exact-verified"	"unreviewed"	"unreviewed"	""	""	"m0-t276-s1-file-identity-taxonomy-001.md"
"MVDM-FILE-0176"	"ieuvddex/mips/sources"	"ieuvddex"	"resource-or-other"	"dual-identical"	"O:\repos.external\OpenNT\base\mvdm\ieuvddex\mips\sources"	"95fc212046390f868794e00ae013e9ab1e75e39a47b4bb8184bd0e5e7b512c7f"	"byte-exact-verified"	"unreviewed"	"unreviewed"	""	""	"m0-t276-s1-file-identity-taxonomy-001.md"
"MVDM-FILE-0177"	"ieuvddex/ntvdm.def"	"ieuvddex"	"resource-or-other"	"dual-identical"	"O:\repos.external\OpenNT\base\mvdm\ieuvddex\ntvdm.def"	"f56160b7111dbbf2f3b4283b0df29fa7cceabefa9b79c34c103e65c2a8103bff"	"byte-exact-verified"	"unreviewed"	"unreviewed"	""	""	"m0-t276-s1-file-identity-taxonomy-001.md"
"MVDM-FILE-0178"	"ieuvddex/pmode.c"	"ieuvddex"	"source"	"dual-identical"	"O:\repos.external\OpenNT\base\mvdm\ieuvddex\pmode.c"	"30187f0832c3ea0bc1933321fb247eec4b6d3d2a4749ad05375dd44409be0349"	"byte-exact-verified"	"unreviewed"	"unreviewed"	""	""	"m0-t276-s1-file-identity-taxonomy-001.md"
"MVDM-FILE-0179"	"ieuvddex/ppc/helpp.c"	"ieuvddex"	"source"	"dual-identical"	"O:\repos.external\OpenNT\base\mvdm\ieuvddex\ppc\helpp.c"	"987252587bab9b164e668d55d781f79af31118c6724fce27f73bbcd3a69daf87"	"byte-exact-verified"	"unreviewed"	"unreviewed"	""	""	"m0-t276-s1-file-identity-taxonomy-001.md"
"MVDM-FILE-0180"	"ieuvddex/ppc/sources"	"ieuvddex"	"resource-or-other"	"dual-identical"	"O:\repos.external\OpenNT\base\mvdm\ieuvddex\ppc\sources"	"01fa076021a5e7603902a736ca60feef8cbb66626050b9012c945c35662765c2"	"byte-exact-verified"	"unreviewed"	"unreviewed"	""	""	"m0-t276-s1-file-identity-taxonomy-001.md"
"MVDM-FILE-0181"	"ieuvddex/procdep.c"	"ieuvddex"	"source"	"dual-identical"	"O:\repos.external\OpenNT\base\mvdm\ieuvddex\procdep.c"	"33912500d91e1c6a59c7986f19c9e7b251371ee54f675407e1cbd90b8ad7910a"	"byte-exact-verified"	"unreviewed"	"unreviewed"	""	""	"m0-t276-s1-file-identity-taxonomy-001.md"
"MVDM-FILE-0182"	"ieuvddex/sources"	"ieuvddex"	"resource-or-other"	"dual-identical"	"O:\repos.external\OpenNT\base\mvdm\ieuvddex\sources"	"442081d62891abce4b675fc23634ec7fc724659483dd56bd67cf65632a6ca41b"	"byte-exact-verified"	"unreviewed"	"unreviewed"	""	""	"m0-t276-s1-file-identity-taxonomy-001.md"
"MVDM-FILE-0183"	"ieuvddex/system.c"	"ieuvddex"	"source"	"dual-identical"	"O:\repos.external\OpenNT\base\mvdm\ieuvddex\system.c"	"92a40ad25c423891b11f9d8ec993b75603cf01ae1c0a8966e1d5cba1c63699dd"	"byte-exact-verified"	"unreviewed"	"unreviewed"	""	""	"m0-t276-s1-file-identity-taxonomy-001.md"
"MVDM-FILE-0184"	"ieuvddex/trace.c"	"ieuvddex"	"source"	"dual-identical"	"O:\repos.external\OpenNT\base\mvdm\ieuvddex\trace.c"	"b1f435775188a93d9bdd20cfdf4de08e0194d6aa86b695f092336e441a6b9143"	"byte-exact-verified"	"unreviewed"	"unreviewed"	""	""	"m0-t276-s1-file-identity-taxonomy-001.md"
"MVDM-FILE-0185"	"ieuvddex/vdmdll.rc"	"ieuvddex"	"resource-or-other"	"dual-identical"	"O:\repos.external\OpenNT\base\mvdm\ieuvddex\vdmdll.rc"	"364a6bb9fa06d46faffd8876006501babea8ca9f9eb165f28ca47eadd33fb059"	"byte-exact-verified"	"unreviewed"	"unreviewed"	""	""	"m0-t276-s1-file-identity-taxonomy-001.md"
"MVDM-FILE-0186"	"inc/apistruc.h"	"inc"	"declaration"	"dual-identical"	"O:\repos.external\OpenNT\base\mvdm\inc\apistruc.h"	"a22deeb37fcb53b76084c84a3681a959e43e6d9f1e19e2f681fd933c66eece9c"	"byte-exact-verified"	"unreviewed"	"unreviewed"	""	""	"m0-t276-s1-file-identity-taxonomy-001.md"
"MVDM-FILE-0187"	"inc/APISTRUC.INC"	"inc"	"declaration"	"dual-identical"	"O:\repos.external\OpenNT\base\mvdm\inc\APISTRUC.INC"	"e3b0c44298fc1c149afbf4c8996fb92427ae41e4649b934ca495991b7852b855"	"byte-exact-verified"	"unreviewed"	"unreviewed"	""	""	"m0-t276-s1-file-identity-taxonomy-001.md"
"MVDM-FILE-0188"	"inc/bop.h"	"inc"	"declaration"	"dual-identical"	"O:\repos.external\OpenNT\base\mvdm\inc\bop.h"	"7b16c577f3c478ac0df9e982d727a1469352727d970b5889688880026cce97a0"	"byte-exact-verified"	"unreviewed"	"unreviewed"	""	""	"m0-t276-s1-file-identity-taxonomy-001.md"
"MVDM-FILE-0189"	"inc/BOP.INC"	"inc"	"declaration"	"dual-identical"	"O:\repos.external\OpenNT\base\mvdm\inc\BOP.INC"	"a3705f225c47e53dc4e106c7362366477f2f06c33cb9bf52515ca1299556f669"	"byte-exact-verified"	"unreviewed"	"unreviewed"	""	""	"m0-t276-s1-file-identity-taxonomy-001.md"
"MVDM-FILE-0190"	"inc/cmdsvc.h"	"inc"	"declaration"	"dual-identical"	"O:\repos.external\OpenNT\base\mvdm\inc\cmdsvc.h"	"c22d682422e2ac3200bdae808a5309b57a7a0402df2a3aa6199502d911ff6624"	"byte-exact-verified"	"unreviewed"	"unreviewed"	""	""	"m0-t276-s1-file-identity-taxonomy-001.md"
"MVDM-FILE-0191"	"inc/CMDSVC.INC"	"inc"	"declaration"	"dual-identical"	"O:\repos.external\OpenNT\base\mvdm\inc\CMDSVC.INC"	"7643746ceec383536ca3ea2cfc4400ac94c8c7a34bd266b09258cfcb337441c6"	"byte-exact-verified"	"unreviewed"	"unreviewed"	""	""	"m0-t276-s1-file-identity-taxonomy-001.md"
"MVDM-FILE-0192"	"inc/curdir.h"	"inc"	"declaration"	"dual-identical"	"O:\repos.external\OpenNT\base\mvdm\inc\curdir.h"	"8fb302f406591989abe2cf93880a84a100e694be745e42d79ce674503c5e6f9f"	"byte-exact-verified"	"unreviewed"	"unreviewed"	""	""	"m0-t276-s1-file-identity-taxonomy-001.md"
"MVDM-FILE-0193"	"inc/CURDIR.INC"	"inc"	"declaration"	"dual-identical"	"O:\repos.external\OpenNT\base\mvdm\inc\CURDIR.INC"	"8490c9aa0702bc17b6f73483837159934aa8c8f353df5402b71812ea87d63762"	"byte-exact-verified"	"unreviewed"	"unreviewed"	""	""	"m0-t276-s1-file-identity-taxonomy-001.md"
"MVDM-FILE-0194"	"inc/dbgexp.h"	"inc"	"declaration"	"dual-identical"	"O:\repos.external\OpenNT\base\mvdm\inc\dbgexp.h"	"a915256a7a3796424ba8eb7ea2a257864a3986633752c870fe34762f3737ce95"	"byte-exact-verified"	"unreviewed"	"unreviewed"	""	""	"m0-t276-s1-file-identity-taxonomy-001.md"
"MVDM-FILE-0195"	"inc/dbginfo.h"	"inc"	"declaration"	"dual-identical"	"O:\repos.external\OpenNT\base\mvdm\inc\dbginfo.h"	"eb63d7148716751592d41942924876b0a8d797a934785ab21b3202bfc436cf1b"	"byte-exact-verified"	"unreviewed"	"unreviewed"	""	""	"m0-t276-s1-file-identity-taxonomy-001.md"
"MVDM-FILE-0196"	"inc/dbgsvc.h"	"inc"	"declaration"	"dual-identical"	"O:\repos.external\OpenNT\base\mvdm\inc\dbgsvc.h"	"4bc3b1d40ea167e6a15a18a746bfcd79a4023248c0621f6c8e27b2c9ad684a43"	"byte-exact-verified"	"unreviewed"	"unreviewed"	""	""	"m0-t276-s1-file-identity-taxonomy-001.md"
"MVDM-FILE-0197"	"inc/DBGSVC.INC"	"inc"	"declaration"	"dual-identical"	"O:\repos.external\OpenNT\base\mvdm\inc\DBGSVC.INC"	"296a6387cfe02445e6c8d43f9f68e1fd4dfbd9d654de3ba6460dee54f6dfc171"	"byte-exact-verified"	"unreviewed"	"unreviewed"	""	""	"m0-t276-s1-file-identity-taxonomy-001.md"
"MVDM-FILE-0198"	"inc/demexp.h"	"inc"	"declaration"	"dual-identical"	"O:\repos.external\OpenNT\base\mvdm\inc\demexp.h"	"dfb912ee16a360e36d149bca01592a61ec11ff0f1d1b148edcffb42fda52d5c4"	"byte-exact-verified"	"unreviewed"	"unreviewed"	""	""	"m0-t276-s1-file-identity-taxonomy-001.md"
"MVDM-FILE-0199"	"inc/dossvc.h"	"inc"	"declaration"	"dual-identical"	"O:\repos.external\OpenNT\base\mvdm\inc\dossvc.h"	"82b5135e78bd3010128bd5dd54978b0e00aec0073f0a7e6b547cbe8dff08a91c"	"byte-exact-verified"	"unreviewed"	"unreviewed"	""	""	"m0-t276-s1-file-identity-taxonomy-001.md"
"MVDM-FILE-0200"	"inc/DOSSVC.INC"	"inc"	"declaration"	"dual-identical"	"O:\repos.external\OpenNT\base\mvdm\inc\DOSSVC.INC"	"07c4676c9a44418c5a0175acc7a09c251bde892b0a838381edeee26e49c9faf3"	"byte-exact-verified"	"unreviewed"	"unreviewed"	""	""	"m0-t276-s1-file-identity-taxonomy-001.md"
"MVDM-FILE-0201"	"inc/doswow.h"	"inc"	"declaration"	"dual-identical"	"O:\repos.external\OpenNT\base\mvdm\inc\doswow.h"	"10cb9dc735fd62300a003877ec2099581dadd650c95e2446f4c446dabd24c7fb"	"byte-exact-verified"	"unreviewed"	"unreviewed"	""	""	"m0-t276-s1-file-identity-taxonomy-001.md"
"MVDM-FILE-0202"	"inc/DOSWOW.INC"	"inc"	"declaration"	"dual-identical"	"O:\repos.external\OpenNT\base\mvdm\inc\DOSWOW.INC"	"d6bd8a52bff2980dacab518da8f2330da5bb978e6c07d1846662078da49444fb"	"byte-exact-verified"	"unreviewed"	"unreviewed"	""	""	"m0-t276-s1-file-identity-taxonomy-001.md"
"MVDM-FILE-0203"	"inc/dpmi.h"	"inc"	"declaration"	"dual-identical"	"O:\repos.external\OpenNT\base\mvdm\inc\dpmi.h"	"3425f64b805b8bab8086523288c8afe86eee8f183208aa863b49bb8fb962a154"	"byte-exact-verified"	"unreviewed"	"unreviewed"	""	""	"m0-t276-s1-file-identity-taxonomy-001.md"
"MVDM-FILE-0204"	"inc/DPMI.INC"	"inc"	"declaration"	"dual-identical"	"O:\repos.external\OpenNT\base\mvdm\inc\DPMI.INC"	"9e1ee5a80452668b6ec2e5fcdd0ed2686fddff26da7ff03bab63d0d3c08ee381"	"byte-exact-verified"	"unreviewed"	"unreviewed"	""	""	"m0-t276-s1-file-identity-taxonomy-001.md"
"MVDM-FILE-0205"	"inc/enumapis.h"	"inc"	"declaration"	"dual-identical"	"O:\repos.external\OpenNT\base\mvdm\inc\enumapis.h"	"864c27f32fc218fdbc29cd137111253686af65f6dbf77de365fef95eee8f33db"	"byte-exact-verified"	"unreviewed"	"unreviewed"	""	""	"m0-t276-s1-file-identity-taxonomy-001.md"
"MVDM-FILE-0206"	"inc/ENUMAPIS.INC"	"inc"	"declaration"	"dual-identical"	"O:\repos.external\OpenNT\base\mvdm\inc\ENUMAPIS.INC"	"2c0712fd64213997b99b8fada9e8a253547efc7937dd0e7cae3469cd6ff580db"	"byte-exact-verified"	"unreviewed"	"unreviewed"	""	""	"m0-t276-s1-file-identity-taxonomy-001.md"
"MVDM-FILE-0207"	"inc/exterr.h"	"inc"	"declaration"	"dual-identical"	"O:\repos.external\OpenNT\base\mvdm\inc\exterr.h"	"b2ac4a77324abed1774e2cd8f2a88276e45b63f2321ba4579b499f36846aeb54"	"byte-exact-verified"	"unreviewed"	"unreviewed"	""	""	"m0-t276-s1-file-identity-taxonomy-001.md"
"MVDM-FILE-0208"	"inc/intapi.h"	"inc"	"declaration"	"dual-identical"	"O:\repos.external\OpenNT\base\mvdm\inc\intapi.h"	"4a4ea44f62a4f9e86793e82808ce19afc7afc493678568fdcf38fb1597a2910f"	"byte-exact-verified"	"unreviewed"	"unreviewed"	""	""	"m0-t276-s1-file-identity-taxonomy-001.md"
"MVDM-FILE-0209"	"inc/intmac.inc"	"inc"	"declaration"	"dual-identical"	"O:\repos.external\OpenNT\base\mvdm\inc\intmac.inc"	"2980d43394c76f17966aa9aa2775b2fc7b87e093ab94e1249b9fbc1295f83485"	"byte-exact-verified"	"unreviewed"	"unreviewed"	""	""	"m0-t276-s1-file-identity-taxonomy-001.md"
"MVDM-FILE-0210"	"inc/makefile"	"inc"	"resource-or-other"	"dual-identical"	"O:\repos.external\OpenNT\base\mvdm\inc\makefile"	"22619f4bdd9be2f377ab919997527aa9797dfdb0e10d5082ebf424cddf7280d9"	"byte-exact-verified"	"unreviewed"	"unreviewed"	""	""	"m0-t276-s1-file-identity-taxonomy-001.md"
"MVDM-FILE-0211"	"inc/memapi.h"	"inc"	"declaration"	"dual-identical"	"O:\repos.external\OpenNT\base\mvdm\inc\memapi.h"	"0e72109252dbec2a9c79b54d28d0c2bda0967644dd9d1d1d2d789e8fd8aa8c99"	"byte-exact-verified"	"unreviewed"	"unreviewed"	""	""	"m0-t276-s1-file-identity-taxonomy-001.md"
"MVDM-FILE-0212"	"inc/monregs.h"	"inc"	"declaration"	"dual-identical"	"O:\repos.external\OpenNT\base\mvdm\inc\monregs.h"	"8b8baaa697b4dea31fa51b4699a496d9d48673825ba3ab60869611df8ec092fb"	"byte-exact-verified"	"unreviewed"	"unreviewed"	""	""	"m0-t276-s1-file-identity-taxonomy-001.md"
"MVDM-FILE-0213"	"inc/mvdm.h"	"inc"	"declaration"	"dual-identical"	"O:\repos.external\OpenNT\base\mvdm\inc\mvdm.h"	"9f450f2eb6ee684763f7f9e27ee43c80e7e24d1e5a87ff254fbd7da4fcd1cdb7"	"byte-exact-verified"	"unreviewed"	"unreviewed"	""	""	"m0-t276-s1-file-identity-taxonomy-001.md"
"MVDM-FILE-0214"	"inc/MVDM.INC"	"inc"	"declaration"	"dual-identical"	"O:\repos.external\OpenNT\base\mvdm\inc\MVDM.INC"	"514ce47685c836b3518242601f863befda40a47d472eac988780a678226794ed"	"byte-exact-verified"	"unreviewed"	"unreviewed"	""	""	"m0-t276-s1-file-identity-taxonomy-001.md"
"MVDM-FILE-0215"	"inc/netb.h"	"inc"	"declaration"	"dual-identical"	"O:\repos.external\OpenNT\base\mvdm\inc\netb.h"	"b2c047364573bf22ac28a507509942c5a4ba27b20523f3f30e87f5a7f8145872"	"byte-exact-verified"	"unreviewed"	"unreviewed"	""	""	"m0-t276-s1-file-identity-taxonomy-001.md"
"MVDM-FILE-0216"	"inc/oemuni.h"	"inc"	"declaration"	"dual-identical"	"O:\repos.external\OpenNT\base\mvdm\inc\oemuni.h"	"26c8509048272de86ed1b93f5af837434e90d8ecbc8a878d915c419be2d2bafb"	"byte-exact-verified"	"unreviewed"	"unreviewed"	""	""	"m0-t276-s1-file-identity-taxonomy-001.md"
"MVDM-FILE-0217"	"inc/rdrexp.h"	"inc"	"declaration"	"dual-identical"	"O:\repos.external\OpenNT\base\mvdm\inc\rdrexp.h"	"5a40a916b423d7758625f9e82ea938c0334e71710cb491c91d373aff44f9a098"	"byte-exact-verified"	"unreviewed"	"unreviewed"	""	""	"m0-t276-s1-file-identity-taxonomy-001.md"
"MVDM-FILE-0218"	"inc/rdrsvc.h"	"inc"	"declaration"	"dual-identical"	"O:\repos.external\OpenNT\base\mvdm\inc\rdrsvc.h"	"c8bc9db22634adb5e3dc85d30f721e602ff1c6a28221958587d0804f8e96e45e"	"byte-exact-verified"	"unreviewed"	"unreviewed"	""	""	"m0-t276-s1-file-identity-taxonomy-001.md"
"MVDM-FILE-0219"	"inc/RDRSVC.INC"	"inc"	"declaration"	"dual-identical"	"O:\repos.external\OpenNT\base\mvdm\inc\RDRSVC.INC"	"2c85bce46d4e9655fdf5c3bd18ace18b57d79160d9d85d1aefaa5cfb02c143ce"	"byte-exact-verified"	"unreviewed"	"unreviewed"	""	""	"m0-t276-s1-file-identity-taxonomy-001.md"
"MVDM-FILE-0220"	"inc/sharewow.h"	"inc"	"declaration"	"dual-identical"	"O:\repos.external\OpenNT\base\mvdm\inc\sharewow.h"	"6773774b049eed89820cf10c2354b95537e7d67c8e700566da14658dfa3a84a8"	"byte-exact-verified"	"unreviewed"	"unreviewed"	""	""	"m0-t276-s1-file-identity-taxonomy-001.md"
"MVDM-FILE-0221"	"inc/softpc.h"	"inc"	"declaration"	"dual-identical"	"O:\repos.external\OpenNT\base\mvdm\inc\softpc.h"	"1e6fbd5f67aa04749d7896bd0109fe45daa22e691839d1261bbc3f039924bd9b"	"byte-exact-verified"	"unreviewed"	"unreviewed"	""	""	"m0-t276-s1-file-identity-taxonomy-001.md"
"MVDM-FILE-0222"	"inc/SOFTPC.INC"	"inc"	"declaration"	"dual-identical"	"O:\repos.external\OpenNT\base\mvdm\inc\SOFTPC.INC"	"525702d6bc5a320a1b112dee068ddfff32f23a62d64f1b177bf2f0295975ded7"	"byte-exact-verified"	"unreviewed"	"unreviewed"	""	""	"m0-t276-s1-file-identity-taxonomy-001.md"
"MVDM-FILE-0223"	"inc/suballoc.h"	"inc"	"declaration"	"dual-identical"	"O:\repos.external\OpenNT\base\mvdm\inc\suballoc.h"	"98263eed4c261650c4b9c9b23f09f2ef19b31a0b1eb5c805d4c672ee85ded85c"	"byte-exact-verified"	"unreviewed"	"unreviewed"	""	""	"m0-t276-s1-file-identity-taxonomy-001.md"
"MVDM-FILE-0224"	"inc/tdb16.h"	"inc"	"declaration"	"dual-identical"	"O:\repos.external\OpenNT\base\mvdm\inc\tdb16.h"	"68f617f6edc76573d618ae2966887f0df4ea678b0b199f7347693d2ef11949eb"	"byte-exact-verified"	"unreviewed"	"unreviewed"	""	""	"m0-t276-s1-file-identity-taxonomy-001.md"
"MVDM-FILE-0225"	"inc/TDB16.INC"	"inc"	"declaration"	"dual-identical"	"O:\repos.external\OpenNT\base\mvdm\inc\TDB16.INC"	"f8b245f5906d05d02cb4492698fbce84aadc381829ed438aa48461cb49eb0715"	"byte-exact-verified"	"unreviewed"	"unreviewed"	""	""	"m0-t276-s1-file-identity-taxonomy-001.md"
"MVDM-FILE-0226"	"inc/v86def.h"	"inc"	"declaration"	"dual-identical"	"O:\repos.external\OpenNT\base\mvdm\inc\v86def.h"	"5bc822b487f5f1a236e6be8e107af5832fd680e026cf7231e0ae61e13595937e"	"byte-exact-verified"	"unreviewed"	"unreviewed"	""	""	"m0-t276-s1-file-identity-taxonomy-001.md"
"MVDM-FILE-0227"	"inc/vdmredir.h"	"inc"	"declaration"	"dual-identical"	"O:\repos.external\OpenNT\base\mvdm\inc\vdmredir.h"	"2462271dd22683738e60b4154bd891a8dfc679d4c34b9f75b23ecf91523add2d"	"byte-exact-verified"	"unreviewed"	"unreviewed"	""	""	"m0-t276-s1-file-identity-taxonomy-001.md"
"MVDM-FILE-0228"	"inc/vdmtb.inc"	"inc"	"declaration"	"opennt-4.5-one-sided"	"O:\repos.external\OpenNT-4.5\nt\private\mvdm\inc\vdmtb.inc"	"ebbd61c06b36da2c64b15ae7647aff22f9f0090be8c4676cbf4434548e154ace"	"byte-exact-verified"	"unreviewed"	"unreviewed"	""	""	"m0-t276-s1-file-identity-taxonomy-001.md"
"MVDM-FILE-0229"	"inc/vdmtib.h"	"inc"	"declaration"	"dual-identical"	"O:\repos.external\OpenNT\base\mvdm\inc\vdmtib.h"	"a5ce8099cc9f560ef1b4ab9c0ab9b338021d928b977545a09212e1e67a6703aa"	"byte-exact-verified"	"unreviewed"	"unreviewed"	""	""	"m0-t276-s1-file-identity-taxonomy-001.md"
"MVDM-FILE-0230"	"inc/VDMTIB.INC"	"inc"	"declaration"	"opennt-4.5-one-sided"	"O:\repos.external\OpenNT-4.5\nt\private\mvdm\inc\VDMTIB.INC"	"0ad51b2faa863f5885f9b1326b24f8038d3bee01c04af11b059b4ca98c254661"	"byte-exact-verified"	"unreviewed"	"unreviewed"	""	""	"m0-t276-s1-file-identity-taxonomy-001.md"
"MVDM-FILE-0231"	"inc/VDMTIB.INC.old"	"inc"	"resource-or-other"	"opennt-one-sided"	"O:\repos.external\OpenNT\base\mvdm\inc\VDMTIB.INC.old"	"675ceec6e626a6c05a1bae513d3712a1c216bffbe483fec6b86e06b17e8f11d7"	"byte-exact-verified"	"unreviewed"	"unreviewed"	""	""	"m0-t276-s1-file-identity-taxonomy-001.md"
"MVDM-FILE-0232"	"inc/vint.h"	"inc"	"declaration"	"dual-identical"	"O:\repos.external\OpenNT\base\mvdm\inc\vint.h"	"e88cc5f8624a4a899095a4f1794c697754c71aeb7e480d20d51fd6a976d612d1"	"byte-exact-verified"	"unreviewed"	"unreviewed"	""	""	"m0-t276-s1-file-identity-taxonomy-001.md"
"MVDM-FILE-0233"	"inc/VINT.INC"	"inc"	"declaration"	"dual-identical"	"O:\repos.external\OpenNT\base\mvdm\inc\VINT.INC"	"2ba06b3eea9a8ec96236d96ff7d996274b3feb5ac456524d6a9e8bd6a44541c7"	"byte-exact-verified"	"unreviewed"	"unreviewed"	""	""	"m0-t276-s1-file-identity-taxonomy-001.md"
"MVDM-FILE-0234"	"inc/vrdefld.h"	"inc"	"declaration"	"dual-identical"	"O:\repos.external\OpenNT\base\mvdm\inc\vrdefld.h"	"e15089bf59f6f69fb39c2bc35d79d40da4b5ad2c9ed9401e955607ff5692b9ba"	"byte-exact-verified"	"unreviewed"	"unreviewed"	""	""	"m0-t276-s1-file-identity-taxonomy-001.md"
"MVDM-FILE-0235"	"inc/VRDEFLD.INC"	"inc"	"declaration"	"dual-identical"	"O:\repos.external\OpenNT\base\mvdm\inc\VRDEFLD.INC"	"8a1a7d7bd9c7c14739a469da3ea25ade85da77354ead01886780963119edb843"	"byte-exact-verified"	"unreviewed"	"unreviewed"	""	""	"m0-t276-s1-file-identity-taxonomy-001.md"
"MVDM-FILE-0236"	"inc/vrdlctab.h"	"inc"	"declaration"	"dual-identical"	"O:\repos.external\OpenNT\base\mvdm\inc\vrdlctab.h"	"bb57645d83b7285f14632914ee44d64f34b3c129b18fc59505b98c141a9cba2d"	"byte-exact-verified"	"unreviewed"	"unreviewed"	""	""	"m0-t276-s1-file-identity-taxonomy-001.md"
"MVDM-FILE-0237"	"inc/VRDLCTAB.INC"	"inc"	"declaration"	"dual-identical"	"O:\repos.external\OpenNT\base\mvdm\inc\VRDLCTAB.INC"	"9c0c853347ff8cffc7d729eee61ae856f26bc21de466ca7237dbf5d825e12c09"	"byte-exact-verified"	"unreviewed"	"unreviewed"	""	""	"m0-t276-s1-file-identity-taxonomy-001.md"
"MVDM-FILE-0238"	"inc/vrinit.h"	"inc"	"declaration"	"dual-identical"	"O:\repos.external\OpenNT\base\mvdm\inc\vrinit.h"	"13fa0aa17ea85c2e9d0a48ffa72626c46cc1c53decad3dc4edcbdd1fa7034939"	"byte-exact-verified"	"unreviewed"	"unreviewed"	""	""	"m0-t276-s1-file-identity-taxonomy-001.md"
"MVDM-FILE-0239"	"inc/vrmisc.h"	"inc"	"declaration"	"dual-identical"	"O:\repos.external\OpenNT\base\mvdm\inc\vrmisc.h"	"6dc036cec6c090484a85b21bd9fb51a7ebd263ce4186150f8d7ea1ba70598475"	"byte-exact-verified"	"unreviewed"	"unreviewed"	""	""	"m0-t276-s1-file-identity-taxonomy-001.md"
"MVDM-FILE-0240"	"inc/vrmslot.h"	"inc"	"declaration"	"dual-identical"	"O:\repos.external\OpenNT\base\mvdm\inc\vrmslot.h"	"e3d8c1536f579ffe5751a2567ad24a662a76f7926a4ded696ac3c990fdcfc661"	"byte-exact-verified"	"unreviewed"	"unreviewed"	""	""	"m0-t276-s1-file-identity-taxonomy-001.md"
"MVDM-FILE-0241"	"inc/vrnetapi.h"	"inc"	"declaration"	"dual-identical"	"O:\repos.external\OpenNT\base\mvdm\inc\vrnetapi.h"	"fc1888ed1f18406fcb42c683dc414b22c08815e749576db9fa86afc60b416445"	"byte-exact-verified"	"unreviewed"	"unreviewed"	""	""	"m0-t276-s1-file-identity-taxonomy-001.md"
"MVDM-FILE-0242"	"inc/vrnmpipe.h"	"inc"	"declaration"	"dual-identical"	"O:\repos.external\OpenNT\base\mvdm\inc\vrnmpipe.h"	"06e77e0e94ff590b0aef18577f53eda9987c6dc2331ac6e8c185cfd10fe79da6"	"byte-exact-verified"	"unreviewed"	"unreviewed"	""	""	"m0-t276-s1-file-identity-taxonomy-001.md"
"MVDM-FILE-0243"	"inc/vrremote.h"	"inc"	"declaration"	"dual-identical"	"O:\repos.external\OpenNT\base\mvdm\inc\vrremote.h"	"e2214353d522aa44fb3bb2b2cd0918d51f5fc0a300e3643bb53090842d3d1819"	"byte-exact-verified"	"unreviewed"	"unreviewed"	""	""	"m0-t276-s1-file-identity-taxonomy-001.md"
"MVDM-FILE-0244"	"inc/wow.h"	"inc"	"declaration"	"dual-identical"	"O:\repos.external\OpenNT\base\mvdm\inc\wow.h"	"64663c13abaefccd99533352e08fb28efc66032c94a1780bff73be4f4cdbf70b"	"byte-exact-verified"	"unreviewed"	"unreviewed"	""	""	"m0-t276-s1-file-identity-taxonomy-001.md"
"MVDM-FILE-0245"	"inc/WOW.INC"	"inc"	"declaration"	"dual-identical"	"O:\repos.external\OpenNT\base\mvdm\inc\WOW.INC"	"87c5a5a1a3f34873b9bb27ba21eef73a576589229a205ec6dec32ca8e8b5aebc"	"byte-exact-verified"	"unreviewed"	"unreviewed"	""	""	"m0-t276-s1-file-identity-taxonomy-001.md"
"MVDM-FILE-0246"	"inc/wowclip.h"	"inc"	"declaration"	"dual-identical"	"O:\repos.external\OpenNT\base\mvdm\inc\wowclip.h"	"c4649db7307c225fc168444db32b31f700d33c06d2741c26579b5eed3a0cd75a"	"byte-exact-verified"	"unreviewed"	"unreviewed"	""	""	"m0-t276-s1-file-identity-taxonomy-001.md"
"MVDM-FILE-0247"	"inc/wowcmdlg.h"	"inc"	"declaration"	"dual-identical"	"O:\repos.external\OpenNT\base\mvdm\inc\wowcmdlg.h"	"bd464ea1d43a71077f515db474a4156f2bd3a4f9dc90136b8f36ea427128d75f"	"byte-exact-verified"	"unreviewed"	"unreviewed"	""	""	"m0-t276-s1-file-identity-taxonomy-001.md"
"MVDM-FILE-0248"	"inc/WOWCMDLG.INC"	"inc"	"declaration"	"dual-identical"	"O:\repos.external\OpenNT\base\mvdm\inc\WOWCMDLG.INC"	"19ce7bb243b18b97631949e8780e288bc702d320bcb01460c93754efa6813175"	"byte-exact-verified"	"unreviewed"	"unreviewed"	""	""	"m0-t276-s1-file-identity-taxonomy-001.md"
"MVDM-FILE-0249"	"inc/wowcmpat.h"	"inc"	"declaration"	"dual-identical"	"O:\repos.external\OpenNT\base\mvdm\inc\wowcmpat.h"	"0d0bab4df27031fdc35a39e7d3eb704b7f77ec25d981a215e30fb218aac9ee92"	"byte-exact-verified"	"unreviewed"	"unreviewed"	""	""	"m0-t276-s1-file-identity-taxonomy-001.md"
"MVDM-FILE-0250"	"inc/WOWCMPAT.INC"	"inc"	"declaration"	"dual-identical"	"O:\repos.external\OpenNT\base\mvdm\inc\WOWCMPAT.INC"	"20cbcaadbd408c557c9116db02c889579d105d8a0b84816e8257d980a1987650"	"byte-exact-verified"	"unreviewed"	"unreviewed"	""	""	"m0-t276-s1-file-identity-taxonomy-001.md"
"MVDM-FILE-0251"	"inc/wowcomm.h"	"inc"	"declaration"	"dual-identical"	"O:\repos.external\OpenNT\base\mvdm\inc\wowcomm.h"	"4817961493d33932a98f5ee2222c0f2e20a43fd4900430910b81e5c70c5f1c85"	"byte-exact-verified"	"unreviewed"	"unreviewed"	""	""	"m0-t276-s1-file-identity-taxonomy-001.md"
"MVDM-FILE-0252"	"inc/wowddeml.h"	"inc"	"declaration"	"dual-identical"	"O:\repos.external\OpenNT\base\mvdm\inc\wowddeml.h"	"8cd9627dd0af77790fd4c046c69f52c2a04fbf816166c8369033e65ae341e292"	"byte-exact-verified"	"unreviewed"	"unreviewed"	""	""	"m0-t276-s1-file-identity-taxonomy-001.md"
"MVDM-FILE-0253"	"inc/wowexp.h"	"inc"	"declaration"	"dual-identical"	"O:\repos.external\OpenNT\base\mvdm\inc\wowexp.h"	"9808ea87febfaf78ebb5cdfb2da68ac1c9795c6c19dd67c37a0e33ee95d6eb94"	"byte-exact-verified"	"unreviewed"	"unreviewed"	""	""	"m0-t276-s1-file-identity-taxonomy-001.md"
"MVDM-FILE-0254"	"inc/wowfax.h"	"inc"	"declaration"	"dual-identical"	"O:\repos.external\OpenNT\base\mvdm\inc\wowfax.h"	"97c6c40dc2d0565a21dc1be4112fe24f138b10ddbb55fbd29e55da972a2a2c84"	"byte-exact-verified"	"unreviewed"	"unreviewed"	""	""	"m0-t276-s1-file-identity-taxonomy-001.md"
"MVDM-FILE-0255"	"inc/wowgdi.h"	"inc"	"declaration"	"dual-identical"	"O:\repos.external\OpenNT\base\mvdm\inc\wowgdi.h"	"474b263b337b1b3724b0a154c5ff3ad7689eab54906bc4e327272dda04f0c8f8"	"byte-exact-verified"	"unreviewed"	"unreviewed"	""	""	"m0-t276-s1-file-identity-taxonomy-001.md"
"MVDM-FILE-0256"	"inc/WOWGDI.INC"	"inc"	"declaration"	"dual-identical"	"O:\repos.external\OpenNT\base\mvdm\inc\WOWGDI.INC"	"5b6c2f8a7400862fdf65f35fc9c60e0e4185ed7a306579c1af41febf258aac52"	"byte-exact-verified"	"unreviewed"	"unreviewed"	""	""	"m0-t276-s1-file-identity-taxonomy-001.md"
"MVDM-FILE-0257"	"inc/wowinfo.h"	"inc"	"declaration"	"dual-identical"	"O:\repos.external\OpenNT\base\mvdm\inc\wowinfo.h"	"a0a125eedf4138d353fea1f97316331fd5a8acfb82dbd80d7abfe5dedf350026"	"byte-exact-verified"	"unreviewed"	"unreviewed"	""	""	"m0-t276-s1-file-identity-taxonomy-001.md"
"MVDM-FILE-0258"	"inc/wowint.h"	"inc"	"declaration"	"dual-identical"	"O:\repos.external\OpenNT\base\mvdm\inc\wowint.h"	"33449c2765f597b7ccde3ed61c45f35e72730fbaefc073a065c423a4ff716030"	"byte-exact-verified"	"unreviewed"	"unreviewed"	""	""	"m0-t276-s1-file-identity-taxonomy-001.md"
"MVDM-FILE-0259"	"inc/wowkbd.h"	"inc"	"declaration"	"dual-identical"	"O:\repos.external\OpenNT\base\mvdm\inc\wowkbd.h"	"ecff4d47c62f462aa0cea48d5cb0c8c0b658e33d89dbb6f47899df2228a414cf"	"byte-exact-verified"	"unreviewed"	"unreviewed"	""	""	"m0-t276-s1-file-identity-taxonomy-001.md"
"MVDM-FILE-0260"	"inc/WOWKBD.INC"	"inc"	"declaration"	"dual-identical"	"O:\repos.external\OpenNT\base\mvdm\inc\WOWKBD.INC"	"638e7096a7b69117e8400f3f96232a18691292b41d2ca63873d61f248a7d6f79"	"byte-exact-verified"	"unreviewed"	"unreviewed"	""	""	"m0-t276-s1-file-identity-taxonomy-001.md"
"MVDM-FILE-0261"	"inc/wowkrn.h"	"inc"	"declaration"	"dual-identical"	"O:\repos.external\OpenNT\base\mvdm\inc\wowkrn.h"	"8d9fbb2c3b74c21588eaa7541513db0e3181e41caa0d6a38d2395ae27c01b8cf"	"byte-exact-verified"	"unreviewed"	"unreviewed"	""	""	"m0-t276-s1-file-identity-taxonomy-001.md"
"MVDM-FILE-0262"	"inc/WOWKRN.INC"	"inc"	"declaration"	"dual-identical"	"O:\repos.external\OpenNT\base\mvdm\inc\WOWKRN.INC"	"3e0347b0d75ef2fac49cbf6c3b29e45ec71459807554143bc3251cac53479433"	"byte-exact-verified"	"unreviewed"	"unreviewed"	""	""	"m0-t276-s1-file-identity-taxonomy-001.md"
"MVDM-FILE-0263"	"inc/wowmmcb.h"	"inc"	"declaration"	"dual-identical"	"O:\repos.external\OpenNT\base\mvdm\inc\wowmmcb.h"	"c4135b71b57c210150d6083b6eb179ac256e164a1b58a475b4c4f9395dc3cf89"	"byte-exact-verified"	"unreviewed"	"unreviewed"	""	""	"m0-t276-s1-file-identity-taxonomy-001.md"
"MVDM-FILE-0264"	"inc/WOWMMCB.INC"	"inc"	"declaration"	"dual-identical"	"O:\repos.external\OpenNT\base\mvdm\inc\WOWMMCB.INC"	"0ba724bb298b3abfc0ac49248b02ca78887f0025c4bc6b8eff2079555c583be5"	"byte-exact-verified"	"unreviewed"	"unreviewed"	""	""	"m0-t276-s1-file-identity-taxonomy-001.md"
"MVDM-FILE-0265"	"inc/wowmmed.h"	"inc"	"declaration"	"dual-identical"	"O:\repos.external\OpenNT\base\mvdm\inc\wowmmed.h"	"8416869d9f2a35a41e10187f0f27fa35198b750e5474cc5e281d30ba9f2918b9"	"byte-exact-verified"	"unreviewed"	"unreviewed"	""	""	"m0-t276-s1-file-identity-taxonomy-001.md"
"MVDM-FILE-0266"	"inc/WOWMMED.INC"	"inc"	"declaration"	"dual-identical"	"O:\repos.external\OpenNT\base\mvdm\inc\WOWMMED.INC"	"e2f65fbb12742ba27620ece28aeb6fa2136fc7ecf86cc16a1fbea7b7ab1ebf32"	"byte-exact-verified"	"unreviewed"	"unreviewed"	""	""	"m0-t276-s1-file-identity-taxonomy-001.md"
"MVDM-FILE-0267"	"inc/WOWNT32.INC"	"inc"	"declaration"	"dual-identical"	"O:\repos.external\OpenNT\base\mvdm\inc\WOWNT32.INC"	"3f0df9fe5bae1f2022e6e0a346e35fa67eeb16482d6a37d66336aa150e9c9d2c"	"byte-exact-verified"	"unreviewed"	"unreviewed"	""	""	"m0-t276-s1-file-identity-taxonomy-001.md"
"MVDM-FILE-0268"	"inc/wowshell.h"	"inc"	"declaration"	"dual-identical"	"O:\repos.external\OpenNT\base\mvdm\inc\wowshell.h"	"0ea893e99640355ce77b4f71c836c54e43c0f2ab7331f53cb895705faef997bd"	"byte-exact-verified"	"unreviewed"	"unreviewed"	""	""	"m0-t276-s1-file-identity-taxonomy-001.md"
"MVDM-FILE-0269"	"inc/WOWSHELL.INC"	"inc"	"declaration"	"dual-identical"	"O:\repos.external\OpenNT\base\mvdm\inc\WOWSHELL.INC"	"151845a03d19d5e41194e37b03e38038a150313c843d32b26ee8bd70105c3deb"	"byte-exact-verified"	"unreviewed"	"unreviewed"	""	""	"m0-t276-s1-file-identity-taxonomy-001.md"
"MVDM-FILE-0270"	"inc/wowsnd.h"	"inc"	"declaration"	"dual-identical"	"O:\repos.external\OpenNT\base\mvdm\inc\wowsnd.h"	"944acedf0708f0fc2176b28a18e07747da57042fd93bfb63a51663e9e2a250e6"	"byte-exact-verified"	"unreviewed"	"unreviewed"	""	""	"m0-t276-s1-file-identity-taxonomy-001.md"
"MVDM-FILE-0271"	"inc/WOWSND.INC"	"inc"	"declaration"	"dual-identical"	"O:\repos.external\OpenNT\base\mvdm\inc\WOWSND.INC"	"b483aef8a93769e6efbc02d955ebb0f79017b2e879214d01ad3c6bd9296563ac"	"byte-exact-verified"	"unreviewed"	"unreviewed"	""	""	"m0-t276-s1-file-identity-taxonomy-001.md"
"MVDM-FILE-0272"	"inc/wowth.h"	"inc"	"declaration"	"dual-identical"	"O:\repos.external\OpenNT\base\mvdm\inc\wowth.h"	"18522e7009325558f9cd77b26b734cfc51768b7eb642e6f83e9d51128ea64f7a"	"byte-exact-verified"	"unreviewed"	"unreviewed"	""	""	"m0-t276-s1-file-identity-taxonomy-001.md"
"MVDM-FILE-0273"	"inc/WOWTH.INC"	"inc"	"declaration"	"dual-identical"	"O:\repos.external\OpenNT\base\mvdm\inc\WOWTH.INC"	"ce4a1be01d6467c251510ff60b65e5000912e8198ca87fcb7ae70f834721f882"	"byte-exact-verified"	"unreviewed"	"unreviewed"	""	""	"m0-t276-s1-file-identity-taxonomy-001.md"
"MVDM-FILE-0274"	"inc/wowusr.h"	"inc"	"declaration"	"dual-identical"	"O:\repos.external\OpenNT\base\mvdm\inc\wowusr.h"	"02938ac7dd2356cf551044b892658b90d52ea2476a0eed4c974e955e54482469"	"byte-exact-verified"	"unreviewed"	"unreviewed"	""	""	"m0-t276-s1-file-identity-taxonomy-001.md"
"MVDM-FILE-0275"	"inc/WOWUSR.INC"	"inc"	"declaration"	"dual-identical"	"O:\repos.external\OpenNT\base\mvdm\inc\WOWUSR.INC"	"88e6535db84c9ccac703e406a9a25c92158068abc2edd00cce0164f0ef10f3e1"	"byte-exact-verified"	"unreviewed"	"unreviewed"	""	""	"m0-t276-s1-file-identity-taxonomy-001.md"
"MVDM-FILE-0276"	"inc/wowwsock.h"	"inc"	"declaration"	"dual-identical"	"O:\repos.external\OpenNT\base\mvdm\inc\wowwsock.h"	"05b478bb1e76e13571a179554217ee93663ea118e6a33f6f0f82766a0b490e2b"	"byte-exact-verified"	"unreviewed"	"unreviewed"	""	""	"m0-t276-s1-file-identity-taxonomy-001.md"
"MVDM-FILE-0277"	"inc/WOWWSOCK.INC"	"inc"	"declaration"	"dual-identical"	"O:\repos.external\OpenNT\base\mvdm\inc\WOWWSOCK.INC"	"43c5359bc06ed04661fe2c61d1c3f719a12f1cec07a39535f1cdb5a03f26f7fd"	"byte-exact-verified"	"unreviewed"	"unreviewed"	""	""	"m0-t276-s1-file-identity-taxonomy-001.md"
"MVDM-FILE-0278"	"inc/x86def.h"	"inc"	"declaration"	"dual-identical"	"O:\repos.external\OpenNT\base\mvdm\inc\x86def.h"	"f5d8ab04433599401682b0e4f7ae45104b8c5195168cb12201d8278f1549f38d"	"byte-exact-verified"	"unreviewed"	"unreviewed"	""	""	"m0-t276-s1-file-identity-taxonomy-001.md"
"MVDM-FILE-0279"	"inc/xmsexp.h"	"inc"	"declaration"	"dual-identical"	"O:\repos.external\OpenNT\base\mvdm\inc\xmsexp.h"	"35b7f0c5f15250d40076df9f101cea9ca565973b951cae85e3366f8591ae0655"	"byte-exact-verified"	"unreviewed"	"unreviewed"	""	""	"m0-t276-s1-file-identity-taxonomy-001.md"
"MVDM-FILE-0280"	"inc/xmssvc.h"	"inc"	"declaration"	"dual-identical"	"O:\repos.external\OpenNT\base\mvdm\inc\xmssvc.h"	"e2661ecf606b903e4c3053c4e6fe8197f4f4b15dde81393fb6fd508f09bccebe"	"byte-exact-verified"	"unreviewed"	"unreviewed"	""	""	"m0-t276-s1-file-identity-taxonomy-001.md"
"MVDM-FILE-0281"	"inc/XMSSVC.INC"	"inc"	"declaration"	"dual-identical"	"O:\repos.external\OpenNT\base\mvdm\inc\XMSSVC.INC"	"430de6a636d6f8b3d94ed7ae36c6bb663e14a6f3dd59df236d395564840a63db"	"byte-exact-verified"	"unreviewed"	"unreviewed"	""	""	"m0-t276-s1-file-identity-taxonomy-001.md"
"MVDM-FILE-0282"	"makefil0"	"makefil0"	"build-control"	"dual-identical"	"O:\repos.external\OpenNT\base\mvdm\makefil0"	"a2779deb1436869653708371bff8a63b0b9be4426e4069c1447d43b2b0db5cdb"	"byte-exact-verified"	"unreviewed"	"unreviewed"	""	""	"m0-t276-s1-file-identity-taxonomy-001.md"
"MVDM-FILE-0283"	"oemuni/file.c"	"oemuni"	"source"	"dual-identical"	"O:\repos.external\OpenNT\base\mvdm\oemuni\file.c"	"a3184eb571d6822577b52849e2da3955689899ecc6dfd9df100ff3f3636be5df"	"byte-exact-verified"	"unreviewed"	"unreviewed"	""	""	"m0-t276-s1-file-identity-taxonomy-001.md"
"MVDM-FILE-0284"	"oemuni/makefile"	"oemuni"	"resource-or-other"	"dual-identical"	"O:\repos.external\OpenNT\base\mvdm\oemuni\makefile"	"047a26e6fcfa2238cb3ad2c41d78c0a535727e3fb8c2624395f6fc40faf01439"	"byte-exact-verified"	"unreviewed"	"unreviewed"	""	""	"m0-t276-s1-file-identity-taxonomy-001.md"
"MVDM-FILE-0285"	"oemuni/oem.h"	"oemuni"	"declaration"	"dual-identical"	"O:\repos.external\OpenNT\base\mvdm\oemuni\oem.h"	"a3add27675252cdd72e413de9e897a123adf2f426d292cd0b252cb389a23f91a"	"byte-exact-verified"	"unreviewed"	"unreviewed"	""	""	"m0-t276-s1-file-identity-taxonomy-001.md"
"MVDM-FILE-0286"	"oemuni/process.c"	"oemuni"	"source"	"dual-identical"	"O:\repos.external\OpenNT\base\mvdm\oemuni\process.c"	"38c9125f9f3c43f32f696616e565e63b8f056da7ec264d980a5e5278cc640468"	"byte-exact-verified"	"unreviewed"	"unreviewed"	""	""	"m0-t276-s1-file-identity-taxonomy-001.md"
"MVDM-FILE-0287"	"oemuni/sources"	"oemuni"	"resource-or-other"	"dual-identical"	"O:\repos.external\OpenNT\base\mvdm\oemuni\sources"	"d13b166c78ee7dc593d46b20b0cfcccfb862f28135d253a5327aaf55ef2a26ed"	"byte-exact-verified"	"unreviewed"	"unreviewed"	""	""	"m0-t276-s1-file-identity-taxonomy-001.md"
"MVDM-FILE-0288"	"oemuni/toemuni.c"	"oemuni"	"source"	"dual-identical"	"O:\repos.external\OpenNT\base\mvdm\oemuni\toemuni.c"	"f10b89fb3e5f2c5c47e87f540c23a63a68275f425ca8abc8191e341f6986d224"	"byte-exact-verified"	"unreviewed"	"unreviewed"	""	""	"m0-t276-s1-file-identity-taxonomy-001.md"
"MVDM-FILE-0289"	"sim16/incs.inc"	"sim16"	"declaration"	"dual-identical"	"O:\repos.external\OpenNT\base\mvdm\sim16\incs.inc"	"35c6b44c29f1930a261117f21ca2bc17a0a8e642205b6f6099d6918ad2e37a99"	"byte-exact-verified"	"unreviewed"	"unreviewed"	""	""	"m0-t276-s1-file-identity-taxonomy-001.md"
"MVDM-FILE-0290"	"sim16/makefile"	"sim16"	"resource-or-other"	"dual-identical"	"O:\repos.external\OpenNT\base\mvdm\sim16\makefile"	"4f84498e2812b0ae82dfc2e207474b19e93906cf7a343a7245d0022feb25009c"	"byte-exact-verified"	"unreviewed"	"unreviewed"	""	""	"m0-t276-s1-file-identity-taxonomy-001.md"
"MVDM-FILE-0291"	"sim16/segdefs.inc"	"sim16"	"declaration"	"dual-identical"	"O:\repos.external\OpenNT\base\mvdm\sim16\segdefs.inc"	"3927596bf5835b5f6f41ad350938642de7bb09b3354e5f9286ccb263a867f69f"	"byte-exact-verified"	"unreviewed"	"unreviewed"	""	""	"m0-t276-s1-file-identity-taxonomy-001.md"
"MVDM-FILE-0292"	"sim16/sim16.asm"	"sim16"	"source"	"dual-identical"	"O:\repos.external\OpenNT\base\mvdm\sim16\sim16.asm"	"6d4bf90d04089c8609782db68c3f37b9637183c6892e1a668eac8333844eae49"	"byte-exact-verified"	"unreviewed"	"unreviewed"	""	""	"m0-t276-s1-file-identity-taxonomy-001.md"
"MVDM-FILE-0293"	"sim16/sim16.def"	"sim16"	"resource-or-other"	"dual-identical"	"O:\repos.external\OpenNT\base\mvdm\sim16\sim16.def"	"4e0db8c30b2439f6ea6605b3087b6fa0b6680eef7aac5ff241e310945f00a550"	"byte-exact-verified"	"unreviewed"	"unreviewed"	""	""	"m0-t276-s1-file-identity-taxonomy-001.md"
"MVDM-FILE-0294"	"sim16/sim16.inc"	"sim16"	"declaration"	"dual-identical"	"O:\repos.external\OpenNT\base\mvdm\sim16\sim16.inc"	"65492db4c0f81b8f67156063f4042feb691ab467c9b2aafd032478c532a328b7"	"byte-exact-verified"	"unreviewed"	"unreviewed"	""	""	"m0-t276-s1-file-identity-taxonomy-001.md"
"MVDM-FILE-0295"	"sim16/sim16.mac"	"sim16"	"resource-or-other"	"dual-identical"	"O:\repos.external\OpenNT\base\mvdm\sim16\sim16.mac"	"16bc58da7cc83f92f0990cf1df1049b6bc24138581aeb4166ac61e761515dfa0"	"byte-exact-verified"	"unreviewed"	"unreviewed"	""	""	"m0-t276-s1-file-identity-taxonomy-001.md"
"MVDM-FILE-0296"	"sim16/siminit.asm"	"sim16"	"source"	"dual-identical"	"O:\repos.external\OpenNT\base\mvdm\sim16\siminit.asm"	"3e3afd6732869420b5d254442330ac48e786a4905425e63e5ab0935e37621b2b"	"byte-exact-verified"	"unreviewed"	"unreviewed"	""	""	"m0-t276-s1-file-identity-taxonomy-001.md"
"MVDM-FILE-0297"	"sim32/b.cmd"	"sim32"	"resource-or-other"	"dual-identical"	"O:\repos.external\OpenNT\base\mvdm\sim32\b.cmd"	"ce7512b1787182467dd9589fd31f4f625e787b9d247e5cf7a3ab9464af3a3a6a"	"byte-exact-verified"	"unreviewed"	"unreviewed"	""	""	"m0-t276-s1-file-identity-taxonomy-001.md"
"MVDM-FILE-0298"	"sim32/makefile"	"sim32"	"resource-or-other"	"dual-identical"	"O:\repos.external\OpenNT\base\mvdm\sim32\makefile"	"26957856e8a7f42a1740419cf3451497129f1d8284301d42f1a89ee13dd5a459"	"byte-exact-verified"	"unreviewed"	"unreviewed"	""	""	"m0-t276-s1-file-identity-taxonomy-001.md"
"MVDM-FILE-0299"	"sim32/sim32.c"	"sim32"	"source"	"dual-identical"	"O:\repos.external\OpenNT\base\mvdm\sim32\sim32.c"	"0adaea6079e0d913d3fe82aa5dcb51edab5cd419e2fdc570749568fb64f27b92"	"byte-exact-verified"	"unreviewed"	"unreviewed"	""	""	"m0-t276-s1-file-identity-taxonomy-001.md"
"MVDM-FILE-0300"	"sim32/sim32.h"	"sim32"	"declaration"	"dual-identical"	"O:\repos.external\OpenNT\base\mvdm\sim32\sim32.h"	"7f41068e8cf87af5aa84a62b2642b1224824424382dbbd4056cdf6744191f311"	"byte-exact-verified"	"unreviewed"	"unreviewed"	""	""	"m0-t276-s1-file-identity-taxonomy-001.md"
"MVDM-FILE-0301"	"sim32/sources"	"sim32"	"resource-or-other"	"dual-identical"	"O:\repos.external\OpenNT\base\mvdm\sim32\sources"	"fc015ede6c6ac91e08734ed52da6fe73334b196d8e300b03cb1d1f1743cc5baf"	"byte-exact-verified"	"unreviewed"	"unreviewed"	""	""	"m0-t276-s1-file-identity-taxonomy-001.md"
"MVDM-FILE-0302"	"softpc.new/base/bios/bios.c"	"softpc.new"	"source"	"dual-identical"	"O:\repos.external\OpenNT\base\mvdm\softpc.new\base\bios\bios.c"	"a8345e88db25332bdf008bdc730ffa15bdc6110ecf1a6c54ed7e59c95ca7085b"	"byte-exact-verified"	"unreviewed"	"unreviewed"	""	""	"m0-t276-s1-file-identity-taxonomy-001.md"
"MVDM-FILE-0303"	"softpc.new/base/bios/bootstra.c"	"softpc.new"	"source"	"dual-identical"	"O:\repos.external\OpenNT\base\mvdm\softpc.new\base\bios\bootstra.c"	"656c7feada15fda95476beb8f099453c79edfe75b75c49b3aadbf23a89ef3f05"	"byte-exact-verified"	"unreviewed"	"unreviewed"	""	""	"m0-t276-s1-file-identity-taxonomy-001.md"
"MVDM-FILE-0304"	"softpc.new/base/bios/build_id.c"	"softpc.new"	"source"	"dual-identical"	"O:\repos.external\OpenNT\base\mvdm\softpc.new\base\bios\build_id.c"	"9ff03f58980437d69cf245e18907ed5e5f4760622d90c870c617e410eeafd6e4"	"byte-exact-verified"	"unreviewed"	"unreviewed"	""	""	"m0-t276-s1-file-identity-taxonomy-001.md"
"MVDM-FILE-0305"	"softpc.new/base/bios/cmos_bis.c"	"softpc.new"	"source"	"dual-identical"	"O:\repos.external\OpenNT\base\mvdm\softpc.new\base\bios\cmos_bis.c"	"e3b6710db5887ef77c5a38c881ebb4eeff2575db65e86a3468258aaa9293e1bd"	"byte-exact-verified"	"unreviewed"	"unreviewed"	""	""	"m0-t276-s1-file-identity-taxonomy-001.md"
"MVDM-FILE-0306"	"softpc.new/base/bios/cntlbop.c"	"softpc.new"	"source"	"dual-identical"	"O:\repos.external\OpenNT\base\mvdm\softpc.new\base\bios\cntlbop.c"	"c65121f592f91efbea0db0b3282f3252f4a58a4a87a281570ee3a0e50686cc87"	"byte-exact-verified"	"unreviewed"	"unreviewed"	""	""	"m0-t276-s1-file-identity-taxonomy-001.md"
"MVDM-FILE-0307"	"softpc.new/base/bios/emm_fncs.c"	"softpc.new"	"source"	"dual-identical"	"O:\repos.external\OpenNT\base\mvdm\softpc.new\base\bios\emm_fncs.c"	"2ffb142bb4ad67958493668e06bec3d81936790497965cdc5ca8a2ac0e142722"	"byte-exact-verified"	"unreviewed"	"unreviewed"	""	""	"m0-t276-s1-file-identity-taxonomy-001.md"
"MVDM-FILE-0308"	"softpc.new/base/bios/equipmnt.c"	"softpc.new"	"source"	"dual-identical"	"O:\repos.external\OpenNT\base\mvdm\softpc.new\base\bios\equipmnt.c"	"08b798882c49443b2641ebf091adf07959059d46bc703467d860ab22659f2967"	"byte-exact-verified"	"unreviewed"	"unreviewed"	""	""	"m0-t276-s1-file-identity-taxonomy-001.md"
"MVDM-FILE-0309"	"softpc.new/base/bios/ill_bop.c"	"softpc.new"	"source"	"dual-identical"	"O:\repos.external\OpenNT\base\mvdm\softpc.new\base\bios\ill_bop.c"	"89df5a6fa3fc27def18b904fcd83f6c872778fec33dfc58634c9f73449165799"	"byte-exact-verified"	"unreviewed"	"unreviewed"	""	""	"m0-t276-s1-file-identity-taxonomy-001.md"
"MVDM-FILE-0310"	"softpc.new/base/bios/makefile"	"softpc.new"	"resource-or-other"	"dual-identical"	"O:\repos.external\OpenNT\base\mvdm\softpc.new\base\bios\makefile"	"26957856e8a7f42a1740419cf3451497129f1d8284301d42f1a89ee13dd5a459"	"byte-exact-verified"	"unreviewed"	"unreviewed"	""	""	"m0-t276-s1-file-identity-taxonomy-001.md"
"MVDM-FILE-0311"	"softpc.new/base/bios/mem_size.c"	"softpc.new"	"source"	"dual-identical"	"O:\repos.external\OpenNT\base\mvdm\softpc.new\base\bios\mem_size.c"	"2e8937e8fc10fbc69425692fb8b127b20e786fae37fd453049b62dd0472c9e8f"	"byte-exact-verified"	"unreviewed"	"unreviewed"	""	""	"m0-t276-s1-file-identity-taxonomy-001.md"
"MVDM-FILE-0312"	"softpc.new/base/bios/reset.c"	"softpc.new"	"source"	"dual-identical"	"O:\repos.external\OpenNT\base\mvdm\softpc.new\base\bios\reset.c"	"46e2507ad47182125ed59206780763c5dadf6ea752a43d4d946451de1024d90b"	"byte-exact-verified"	"unreviewed"	"unreviewed"	""	""	"m0-t276-s1-file-identity-taxonomy-001.md"
"MVDM-FILE-0313"	"softpc.new/base/bios/rom_basc.c"	"softpc.new"	"source"	"dual-identical"	"O:\repos.external\OpenNT\base\mvdm\softpc.new\base\bios\rom_basc.c"	"2e6f1783fcb3695443ab0a3a6fcb5dbf2bd3e2e7905217cd61021e031a8a709a"	"byte-exact-verified"	"unreviewed"	"unreviewed"	""	""	"m0-t276-s1-file-identity-taxonomy-001.md"
"MVDM-FILE-0314"	"softpc.new/base/bios/rtc_bios.c"	"softpc.new"	"source"	"dual-identical"	"O:\repos.external\OpenNT\base\mvdm\softpc.new\base\bios\rtc_bios.c"	"bc5e3a66a552e293ae1ec9653205f8432867b4290e3d4ecad6ae5cd1ccab4cb6"	"byte-exact-verified"	"unreviewed"	"unreviewed"	""	""	"m0-t276-s1-file-identity-taxonomy-001.md"
"MVDM-FILE-0315"	"softpc.new/base/bios/slave_bs.c"	"softpc.new"	"source"	"dual-identical"	"O:\repos.external\OpenNT\base\mvdm\softpc.new\base\bios\slave_bs.c"	"22079cb4c1e033f1d33246da6f60f8d5e1bba5c925ee3e9e5ea3c3fd756c7368"	"byte-exact-verified"	"unreviewed"	"unreviewed"	""	""	"m0-t276-s1-file-identity-taxonomy-001.md"
"MVDM-FILE-0316"	"softpc.new/base/bios/sources"	"softpc.new"	"resource-or-other"	"dual-identical"	"O:\repos.external\OpenNT\base\mvdm\softpc.new\base\bios\sources"	"6f125d8d4a327604ee0c46bddcb81955a1ab633d0e0ae877748218da662358bd"	"byte-exact-verified"	"unreviewed"	"unreviewed"	""	""	"m0-t276-s1-file-identity-taxonomy-001.md"
"MVDM-FILE-0317"	"softpc.new/base/bios/tape_io.c"	"softpc.new"	"source"	"dual-identical"	"O:\repos.external\OpenNT\base\mvdm\softpc.new\base\bios\tape_io.c"	"3aa86f1faf07f68937629f1d6e410eb41f498e17dc6d747647c7d6e5697c80aa"	"byte-exact-verified"	"unreviewed"	"unreviewed"	""	""	"m0-t276-s1-file-identity-taxonomy-001.md"
"MVDM-FILE-0318"	"softpc.new/base/bios/virtual.c"	"softpc.new"	"source"	"dual-identical"	"O:\repos.external\OpenNT\base\mvdm\softpc.new\base\bios\virtual.c"	"346e2186fe608c318a25796c7d6a35bbc8de6f21c255b212c2ddfc2bc3c89f40"	"byte-exact-verified"	"unreviewed"	"unreviewed"	""	""	"m0-t276-s1-file-identity-taxonomy-001.md"
"MVDM-FILE-0319"	"softpc.new/base/ccpu386/aaa.c"	"softpc.new"	"source"	"dual-identical"	"O:\repos.external\OpenNT\base\mvdm\softpc.new\base\ccpu386\aaa.c"	"43583535e19a181d7a4c665c5fba5c00109eb1079b65d462f2b8a3d92ce2c052"	"byte-exact-verified"	"unreviewed"	"unreviewed"	""	""	"m0-t276-s1-file-identity-taxonomy-001.md"
"MVDM-FILE-0320"	"softpc.new/base/ccpu386/aaa.h"	"softpc.new"	"declaration"	"dual-identical"	"O:\repos.external\OpenNT\base\mvdm\softpc.new\base\ccpu386\aaa.h"	"178d5b808502ab7072c902fe936c9b46ae8387626e393ddcd07e219a69211c40"	"byte-exact-verified"	"unreviewed"	"unreviewed"	""	""	"m0-t276-s1-file-identity-taxonomy-001.md"
"MVDM-FILE-0321"	"softpc.new/base/ccpu386/aad.c"	"softpc.new"	"source"	"dual-identical"	"O:\repos.external\OpenNT\base\mvdm\softpc.new\base\ccpu386\aad.c"	"7f6216d39411838509402cc45a93741ee4e0142c1fc36a0dc7682f126c447cde"	"byte-exact-verified"	"unreviewed"	"unreviewed"	""	""	"m0-t276-s1-file-identity-taxonomy-001.md"
"MVDM-FILE-0322"	"softpc.new/base/ccpu386/aad.h"	"softpc.new"	"declaration"	"dual-identical"	"O:\repos.external\OpenNT\base\mvdm\softpc.new\base\ccpu386\aad.h"	"e8b3075138c54719631226cfb78c478c1c684cfca70271937eac7a16438fec6c"	"byte-exact-verified"	"unreviewed"	"unreviewed"	""	""	"m0-t276-s1-file-identity-taxonomy-001.md"
"MVDM-FILE-0323"	"softpc.new/base/ccpu386/aam.c"	"softpc.new"	"source"	"dual-identical"	"O:\repos.external\OpenNT\base\mvdm\softpc.new\base\ccpu386\aam.c"	"fda0622e61bc039dad01cf0594389af7e9ffdc678719b107f90a5e1607d893ee"	"byte-exact-verified"	"unreviewed"	"unreviewed"	""	""	"m0-t276-s1-file-identity-taxonomy-001.md"
"MVDM-FILE-0324"	"softpc.new/base/ccpu386/aam.h"	"softpc.new"	"declaration"	"dual-identical"	"O:\repos.external\OpenNT\base\mvdm\softpc.new\base\ccpu386\aam.h"	"55e4a6504152bb790cbc35c4e33a06f1c368fc4f22ff7f1ef13172d1a87d9fde"	"byte-exact-verified"	"unreviewed"	"unreviewed"	""	""	"m0-t276-s1-file-identity-taxonomy-001.md"
"MVDM-FILE-0325"	"softpc.new/base/ccpu386/aas.c"	"softpc.new"	"source"	"dual-identical"	"O:\repos.external\OpenNT\base\mvdm\softpc.new\base\ccpu386\aas.c"	"f58060b5f0732ca174b1124b2622aaafa9d7341774cd71427509f2548ace4672"	"byte-exact-verified"	"unreviewed"	"unreviewed"	""	""	"m0-t276-s1-file-identity-taxonomy-001.md"
"MVDM-FILE-0326"	"softpc.new/base/ccpu386/aas.h"	"softpc.new"	"declaration"	"dual-identical"	"O:\repos.external\OpenNT\base\mvdm\softpc.new\base\ccpu386\aas.h"	"630638a02fd5bb74b1154e63b5bf16321144c054406724ae9ff3490345f615fe"	"byte-exact-verified"	"unreviewed"	"unreviewed"	""	""	"m0-t276-s1-file-identity-taxonomy-001.md"
"MVDM-FILE-0327"	"softpc.new/base/ccpu386/adc.c"	"softpc.new"	"source"	"dual-identical"	"O:\repos.external\OpenNT\base\mvdm\softpc.new\base\ccpu386\adc.c"	"f9cb50e05aa3198c03e670556a6b8a849105c9ffbc6ea22dcc41dcfb2875c56b"	"byte-exact-verified"	"unreviewed"	"unreviewed"	""	""	"m0-t276-s1-file-identity-taxonomy-001.md"
"MVDM-FILE-0328"	"softpc.new/base/ccpu386/adc.h"	"softpc.new"	"declaration"	"dual-identical"	"O:\repos.external\OpenNT\base\mvdm\softpc.new\base\ccpu386\adc.h"	"ebc8f79a0edab6590c40de2c6216731e540c739f723508fcd2db75103f839e14"	"byte-exact-verified"	"unreviewed"	"unreviewed"	""	""	"m0-t276-s1-file-identity-taxonomy-001.md"
"MVDM-FILE-0329"	"softpc.new/base/ccpu386/add.c"	"softpc.new"	"source"	"dual-identical"	"O:\repos.external\OpenNT\base\mvdm\softpc.new\base\ccpu386\add.c"	"6bbfc3cacd07b66ef1d5c882a45aa88431404571538ef2134f6b0f081e5c3c11"	"byte-exact-verified"	"unreviewed"	"unreviewed"	""	""	"m0-t276-s1-file-identity-taxonomy-001.md"
"MVDM-FILE-0330"	"softpc.new/base/ccpu386/add.h"	"softpc.new"	"declaration"	"dual-identical"	"O:\repos.external\OpenNT\base\mvdm\softpc.new\base\ccpu386\add.h"	"5d6bb2d73cadea179111243737d0dc29526aaddbd0d84f6fb784cbeb2706314e"	"byte-exact-verified"	"unreviewed"	"unreviewed"	""	""	"m0-t276-s1-file-identity-taxonomy-001.md"
"MVDM-FILE-0331"	"softpc.new/base/ccpu386/and.c"	"softpc.new"	"source"	"dual-identical"	"O:\repos.external\OpenNT\base\mvdm\softpc.new\base\ccpu386\and.c"	"2973105fbfc70afd2a1f6846e1358c5c781538974e2dde72576286de95d1c489"	"byte-exact-verified"	"unreviewed"	"unreviewed"	""	""	"m0-t276-s1-file-identity-taxonomy-001.md"
"MVDM-FILE-0332"	"softpc.new/base/ccpu386/and.h"	"softpc.new"	"declaration"	"dual-identical"	"O:\repos.external\OpenNT\base\mvdm\softpc.new\base\ccpu386\and.h"	"9294bc9f62d29a89c95ca3bd98083128966b15e0996b994f180ff98e269c239f"	"byte-exact-verified"	"unreviewed"	"unreviewed"	""	""	"m0-t276-s1-file-identity-taxonomy-001.md"
"MVDM-FILE-0333"	"softpc.new/base/ccpu386/arpl.c"	"softpc.new"	"source"	"dual-identical"	"O:\repos.external\OpenNT\base\mvdm\softpc.new\base\ccpu386\arpl.c"	"676f5413ca79b4d5ff4656a6ca960fdc290445d37ac21358040788db9e113c0a"	"byte-exact-verified"	"unreviewed"	"unreviewed"	""	""	"m0-t276-s1-file-identity-taxonomy-001.md"
"MVDM-FILE-0334"	"softpc.new/base/ccpu386/arpl.h"	"softpc.new"	"declaration"	"dual-identical"	"O:\repos.external\OpenNT\base\mvdm\softpc.new\base\ccpu386\arpl.h"	"b8fdf1df2307b98630612afc79c5580bbd4161ac292c4e8f20493db1bc411411"	"byte-exact-verified"	"unreviewed"	"unreviewed"	""	""	"m0-t276-s1-file-identity-taxonomy-001.md"
"MVDM-FILE-0335"	"softpc.new/base/ccpu386/bound.c"	"softpc.new"	"source"	"dual-identical"	"O:\repos.external\OpenNT\base\mvdm\softpc.new\base\ccpu386\bound.c"	"c82ea948fafd97bbf2c99bf3ba681d485f9c38bef75493498a465b7f556fc1f2"	"byte-exact-verified"	"unreviewed"	"unreviewed"	""	""	"m0-t276-s1-file-identity-taxonomy-001.md"
"MVDM-FILE-0336"	"softpc.new/base/ccpu386/bound.h"	"softpc.new"	"declaration"	"dual-identical"	"O:\repos.external\OpenNT\base\mvdm\softpc.new\base\ccpu386\bound.h"	"f805f2137d16bfb4b4777c5fe8835d0a53e83657210db0fbe1d52ee700c5b221"	"byte-exact-verified"	"unreviewed"	"unreviewed"	""	""	"m0-t276-s1-file-identity-taxonomy-001.md"
"MVDM-FILE-0337"	"softpc.new/base/ccpu386/bsf.c"	"softpc.new"	"source"	"dual-identical"	"O:\repos.external\OpenNT\base\mvdm\softpc.new\base\ccpu386\bsf.c"	"229e244bdb8d904ee6e2e390c36a8f5c7bccef6aa8fb2bc832b7d91f723b1fd0"	"byte-exact-verified"	"unreviewed"	"unreviewed"	""	""	"m0-t276-s1-file-identity-taxonomy-001.md"
"MVDM-FILE-0338"	"softpc.new/base/ccpu386/bsf.h"	"softpc.new"	"declaration"	"dual-identical"	"O:\repos.external\OpenNT\base\mvdm\softpc.new\base\ccpu386\bsf.h"	"2ed4c0b5cf6aa1f34f583fd84ecd2c4cd20dbe0e3606d904326619323d196531"	"byte-exact-verified"	"unreviewed"	"unreviewed"	""	""	"m0-t276-s1-file-identity-taxonomy-001.md"
"MVDM-FILE-0339"	"softpc.new/base/ccpu386/bsr.c"	"softpc.new"	"source"	"dual-identical"	"O:\repos.external\OpenNT\base\mvdm\softpc.new\base\ccpu386\bsr.c"	"d277ee7bc0ffddfaf980eefe097d8f1b9d201fcc79bfd3774fc342f50041eaed"	"byte-exact-verified"	"unreviewed"	"unreviewed"	""	""	"m0-t276-s1-file-identity-taxonomy-001.md"
"MVDM-FILE-0340"	"softpc.new/base/ccpu386/bsr.h"	"softpc.new"	"declaration"	"dual-identical"	"O:\repos.external\OpenNT\base\mvdm\softpc.new\base\ccpu386\bsr.h"	"2895f7eabc1b44b4b902a9f83c6cd78d4f659b334dce1c44002eed45c71d7325"	"byte-exact-verified"	"unreviewed"	"unreviewed"	""	""	"m0-t276-s1-file-identity-taxonomy-001.md"
"MVDM-FILE-0341"	"softpc.new/base/ccpu386/bswap.c"	"softpc.new"	"source"	"dual-identical"	"O:\repos.external\OpenNT\base\mvdm\softpc.new\base\ccpu386\bswap.c"	"d6e833e572222ce68fd989348de0bfd68030d0016a2a2d7379cf3473ad852f39"	"byte-exact-verified"	"unreviewed"	"unreviewed"	""	""	"m0-t276-s1-file-identity-taxonomy-001.md"
"MVDM-FILE-0342"	"softpc.new/base/ccpu386/bswap.h"	"softpc.new"	"declaration"	"dual-identical"	"O:\repos.external\OpenNT\base\mvdm\softpc.new\base\ccpu386\bswap.h"	"e3a8af0917fbe1324ebcfec90f899dd5bf463884911662fdba8fd9cc60d0208a"	"byte-exact-verified"	"unreviewed"	"unreviewed"	""	""	"m0-t276-s1-file-identity-taxonomy-001.md"
"MVDM-FILE-0343"	"softpc.new/base/ccpu386/bt.c"	"softpc.new"	"source"	"dual-identical"	"O:\repos.external\OpenNT\base\mvdm\softpc.new\base\ccpu386\bt.c"	"3bc8f44b7d00374e4749de45303450c59baea54435bf1773b6bc6205c6877541"	"byte-exact-verified"	"unreviewed"	"unreviewed"	""	""	"m0-t276-s1-file-identity-taxonomy-001.md"
"MVDM-FILE-0344"	"softpc.new/base/ccpu386/bt.h"	"softpc.new"	"declaration"	"dual-identical"	"O:\repos.external\OpenNT\base\mvdm\softpc.new\base\ccpu386\bt.h"	"64da5653cca4f93e028fb695cfa87f87ef7b8f6598d83bc4008d9da678c1e99b"	"byte-exact-verified"	"unreviewed"	"unreviewed"	""	""	"m0-t276-s1-file-identity-taxonomy-001.md"
"MVDM-FILE-0345"	"softpc.new/base/ccpu386/btc.c"	"softpc.new"	"source"	"dual-identical"	"O:\repos.external\OpenNT\base\mvdm\softpc.new\base\ccpu386\btc.c"	"b6a883564d9f0f426274376c88410698a129542ed0e2ea22a4942c11085def89"	"byte-exact-verified"	"unreviewed"	"unreviewed"	""	""	"m0-t276-s1-file-identity-taxonomy-001.md"
"MVDM-FILE-0346"	"softpc.new/base/ccpu386/btc.h"	"softpc.new"	"declaration"	"dual-identical"	"O:\repos.external\OpenNT\base\mvdm\softpc.new\base\ccpu386\btc.h"	"15e09bc43bdc5c163b25f6a55b886dfeaf5ba46ddc8a5a2c22f5e6af73e89261"	"byte-exact-verified"	"unreviewed"	"unreviewed"	""	""	"m0-t276-s1-file-identity-taxonomy-001.md"
"MVDM-FILE-0347"	"softpc.new/base/ccpu386/btr.c"	"softpc.new"	"source"	"dual-identical"	"O:\repos.external\OpenNT\base\mvdm\softpc.new\base\ccpu386\btr.c"	"b3a555c2e227f2e24200673a772c06b9d659b1210335e1ac90bb88eb53749393"	"byte-exact-verified"	"unreviewed"	"unreviewed"	""	""	"m0-t276-s1-file-identity-taxonomy-001.md"
"MVDM-FILE-0348"	"softpc.new/base/ccpu386/btr.h"	"softpc.new"	"declaration"	"dual-identical"	"O:\repos.external\OpenNT\base\mvdm\softpc.new\base\ccpu386\btr.h"	"2e1356821482d1ff937be79186efbb2c3979d132c06d1ea0636b7ad642b6ed58"	"byte-exact-verified"	"unreviewed"	"unreviewed"	""	""	"m0-t276-s1-file-identity-taxonomy-001.md"
"MVDM-FILE-0349"	"softpc.new/base/ccpu386/bts.c"	"softpc.new"	"source"	"dual-identical"	"O:\repos.external\OpenNT\base\mvdm\softpc.new\base\ccpu386\bts.c"	"4d14baba2ac83c0ecfee89d0ec4bafe6d6c713b6cd82bcb6c40b2373119236ba"	"byte-exact-verified"	"unreviewed"	"unreviewed"	""	""	"m0-t276-s1-file-identity-taxonomy-001.md"
"MVDM-FILE-0350"	"softpc.new/base/ccpu386/bts.h"	"softpc.new"	"declaration"	"dual-identical"	"O:\repos.external\OpenNT\base\mvdm\softpc.new\base\ccpu386\bts.h"	"486a65a8e5b65a49c55fc436fafd86004ab8b14170975fcbc0b6a2300a757c2c"	"byte-exact-verified"	"unreviewed"	"unreviewed"	""	""	"m0-t276-s1-file-identity-taxonomy-001.md"
"MVDM-FILE-0351"	"softpc.new/base/ccpu386/c_addr.c"	"softpc.new"	"source"	"dual-identical"	"O:\repos.external\OpenNT\base\mvdm\softpc.new\base\ccpu386\c_addr.c"	"c60e097b1ccaf789c1b37098085e337118e765a357acd0950ce01c5a08ab129a"	"byte-exact-verified"	"unreviewed"	"unreviewed"	""	""	"m0-t276-s1-file-identity-taxonomy-001.md"
"MVDM-FILE-0352"	"softpc.new/base/ccpu386/c_addr.h"	"softpc.new"	"declaration"	"dual-identical"	"O:\repos.external\OpenNT\base\mvdm\softpc.new\base\ccpu386\c_addr.h"	"f79309d3e5872c1d0871be1e811cdf90dc0d4681c55f4422103a4654f1a44471"	"byte-exact-verified"	"unreviewed"	"unreviewed"	""	""	"m0-t276-s1-file-identity-taxonomy-001.md"
"MVDM-FILE-0353"	"softpc.new/base/ccpu386/c_bsic.c"	"softpc.new"	"source"	"dual-identical"	"O:\repos.external\OpenNT\base\mvdm\softpc.new\base\ccpu386\c_bsic.c"	"f02abb067552707b136e6fa87ac3dd8096a468d3da947699802fd9a1eda29a8b"	"byte-exact-verified"	"unreviewed"	"unreviewed"	""	""	"m0-t276-s1-file-identity-taxonomy-001.md"
"MVDM-FILE-0354"	"softpc.new/base/ccpu386/c_bsic.h"	"softpc.new"	"declaration"	"dual-identical"	"O:\repos.external\OpenNT\base\mvdm\softpc.new\base\ccpu386\c_bsic.h"	"5a7e4cefa28c674ad3047741cf8f78c9882f3c2362af09ae3a3dc0df336eed17"	"byte-exact-verified"	"unreviewed"	"unreviewed"	""	""	"m0-t276-s1-file-identity-taxonomy-001.md"
"MVDM-FILE-0355"	"softpc.new/base/ccpu386/c_debug.c"	"softpc.new"	"source"	"dual-identical"	"O:\repos.external\OpenNT\base\mvdm\softpc.new\base\ccpu386\c_debug.c"	"56cf805a5a78fe257f4337f94b55aec634f6d7d6139296993623fa08a0655e91"	"byte-exact-verified"	"unreviewed"	"unreviewed"	""	""	"m0-t276-s1-file-identity-taxonomy-001.md"
"MVDM-FILE-0356"	"softpc.new/base/ccpu386/c_debug.h"	"softpc.new"	"declaration"	"dual-identical"	"O:\repos.external\OpenNT\base\mvdm\softpc.new\base\ccpu386\c_debug.h"	"aa692f4f8680b717ab51489055c0c7578d0498f8af0702d17c4a0c56b165a88e"	"byte-exact-verified"	"unreviewed"	"unreviewed"	""	""	"m0-t276-s1-file-identity-taxonomy-001.md"
"MVDM-FILE-0357"	"softpc.new/base/ccpu386/c_div64.c"	"softpc.new"	"source"	"dual-identical"	"O:\repos.external\OpenNT\base\mvdm\softpc.new\base\ccpu386\c_div64.c"	"09876e41103bddd1397dbf36598e1b6766c1c39d8bb3181731e509e80fdd2278"	"byte-exact-verified"	"unreviewed"	"unreviewed"	""	""	"m0-t276-s1-file-identity-taxonomy-001.md"
"MVDM-FILE-0358"	"softpc.new/base/ccpu386/c_div64.h"	"softpc.new"	"declaration"	"dual-identical"	"O:\repos.external\OpenNT\base\mvdm\softpc.new\base\ccpu386\c_div64.h"	"d0f6b3b3273a4330701c09be93441c3af0a26daeec45e1dfaf2077b2175716e8"	"byte-exact-verified"	"unreviewed"	"unreviewed"	""	""	"m0-t276-s1-file-identity-taxonomy-001.md"
"MVDM-FILE-0359"	"softpc.new/base/ccpu386/c_getset.c"	"softpc.new"	"source"	"dual-identical"	"O:\repos.external\OpenNT\base\mvdm\softpc.new\base\ccpu386\c_getset.c"	"02783213debc6b9a712adecf37941b4fea01c60c0cc86c0d3cdf526b1ff43374"	"byte-exact-verified"	"unreviewed"	"unreviewed"	""	""	"m0-t276-s1-file-identity-taxonomy-001.md"
"MVDM-FILE-0360"	"softpc.new/base/ccpu386/c_intr.c"	"softpc.new"	"source"	"dual-identical"	"O:\repos.external\OpenNT\base\mvdm\softpc.new\base\ccpu386\c_intr.c"	"9e6d69b1e05309ca87db41c66b89eb9d0862f2078c08a16fe20b82669bc46a7a"	"byte-exact-verified"	"unreviewed"	"unreviewed"	""	""	"m0-t276-s1-file-identity-taxonomy-001.md"
"MVDM-FILE-0361"	"softpc.new/base/ccpu386/c_intr.h"	"softpc.new"	"declaration"	"dual-identical"	"O:\repos.external\OpenNT\base\mvdm\softpc.new\base\ccpu386\c_intr.h"	"e672bd15baf1acf7673635d0f84e3892805e882278065a67b3e8100c7f7585d2"	"byte-exact-verified"	"unreviewed"	"unreviewed"	""	""	"m0-t276-s1-file-identity-taxonomy-001.md"
"MVDM-FILE-0362"	"softpc.new/base/ccpu386/c_main.c"	"softpc.new"	"source"	"dual-identical"	"O:\repos.external\OpenNT\base\mvdm\softpc.new\base\ccpu386\c_main.c"	"f6cd45a30b6575d38ef95083601594f1403a34ebef1278dbb8362c19f4a14700"	"byte-exact-verified"	"unreviewed"	"unreviewed"	""	""	"m0-t276-s1-file-identity-taxonomy-001.md"
"MVDM-FILE-0363"	"softpc.new/base/ccpu386/c_main.h"	"softpc.new"	"declaration"	"dual-identical"	"O:\repos.external\OpenNT\base\mvdm\softpc.new\base\ccpu386\c_main.h"	"c900712ad3c01e1e6ea6ee3b3ce597bf67f0ae1392576a8f60413af78a4742b6"	"byte-exact-verified"	"unreviewed"	"unreviewed"	""	""	"m0-t276-s1-file-identity-taxonomy-001.md"
"MVDM-FILE-0364"	"softpc.new/base/ccpu386/c_mem.h"	"softpc.new"	"declaration"	"dual-identical"	"O:\repos.external\OpenNT\base\mvdm\softpc.new\base\ccpu386\c_mem.h"	"ed6b66363a1722415a7779879827126bb8ab2fc1df331435c3e587aef5189560"	"byte-exact-verified"	"unreviewed"	"unreviewed"	""	""	"m0-t276-s1-file-identity-taxonomy-001.md"
"MVDM-FILE-0365"	"softpc.new/base/ccpu386/c_mul64.c"	"softpc.new"	"source"	"dual-identical"	"O:\repos.external\OpenNT\base\mvdm\softpc.new\base\ccpu386\c_mul64.c"	"388c195d7dfcc8a5874b2ca805e6ad22c5427f2ff4a6c4fc345cb9cd26b8760c"	"byte-exact-verified"	"unreviewed"	"unreviewed"	""	""	"m0-t276-s1-file-identity-taxonomy-001.md"
"MVDM-FILE-0366"	"softpc.new/base/ccpu386/c_mul64.h"	"softpc.new"	"declaration"	"dual-identical"	"O:\repos.external\OpenNT\base\mvdm\softpc.new\base\ccpu386\c_mul64.h"	"3829dbf447790d4bfcfe01858448c6a4b21e1d486f7a12502f1d6a9260c1a70e"	"byte-exact-verified"	"unreviewed"	"unreviewed"	""	""	"m0-t276-s1-file-identity-taxonomy-001.md"
"MVDM-FILE-0367"	"softpc.new/base/ccpu386/c_neg64.c"	"softpc.new"	"source"	"dual-identical"	"O:\repos.external\OpenNT\base\mvdm\softpc.new\base\ccpu386\c_neg64.c"	"222aa1e94318d59a0cbbdc32b43c68c9c09ce06c8962eaa185d789c32cadab33"	"byte-exact-verified"	"unreviewed"	"unreviewed"	""	""	"m0-t276-s1-file-identity-taxonomy-001.md"
"MVDM-FILE-0368"	"softpc.new/base/ccpu386/c_neg64.h"	"softpc.new"	"declaration"	"dual-identical"	"O:\repos.external\OpenNT\base\mvdm\softpc.new\base\ccpu386\c_neg64.h"	"03484d5c7e59d9a25b1e466cc78d411836f9a52e7d893a056d4842167d328d1c"	"byte-exact-verified"	"unreviewed"	"unreviewed"	""	""	"m0-t276-s1-file-identity-taxonomy-001.md"
"MVDM-FILE-0369"	"softpc.new/base/ccpu386/c_oprnd.h"	"softpc.new"	"declaration"	"dual-identical"	"O:\repos.external\OpenNT\base\mvdm\softpc.new\base\ccpu386\c_oprnd.h"	"d7b6cf24845a42b42246cb8ae2c41b7bbeda398c0da4cb51cab2620e3938619e"	"byte-exact-verified"	"unreviewed"	"unreviewed"	""	""	"m0-t276-s1-file-identity-taxonomy-001.md"
"MVDM-FILE-0370"	"softpc.new/base/ccpu386/c_page.c"	"softpc.new"	"source"	"dual-identical"	"O:\repos.external\OpenNT\base\mvdm\softpc.new\base\ccpu386\c_page.c"	"f29e441f3940002924413f3bea791d12e96d65baa3931330e92878e5e71a97ee"	"byte-exact-verified"	"unreviewed"	"unreviewed"	""	""	"m0-t276-s1-file-identity-taxonomy-001.md"
"MVDM-FILE-0371"	"softpc.new/base/ccpu386/c_page.h"	"softpc.new"	"declaration"	"dual-identical"	"O:\repos.external\OpenNT\base\mvdm\softpc.new\base\ccpu386\c_page.h"	"f89ead8f38886fd2be66d322bec8adf2e1be56108e35ef95f89063082da973f9"	"byte-exact-verified"	"unreviewed"	"unreviewed"	""	""	"m0-t276-s1-file-identity-taxonomy-001.md"
"MVDM-FILE-0372"	"softpc.new/base/ccpu386/c_prot.c"	"softpc.new"	"source"	"dual-identical"	"O:\repos.external\OpenNT\base\mvdm\softpc.new\base\ccpu386\c_prot.c"	"a8af9fa354d7a293045e95af706957130173e5319683ee6a1070f9285458b8f5"	"byte-exact-verified"	"unreviewed"	"unreviewed"	""	""	"m0-t276-s1-file-identity-taxonomy-001.md"
"MVDM-FILE-0373"	"softpc.new/base/ccpu386/c_prot.h"	"softpc.new"	"declaration"	"dual-identical"	"O:\repos.external\OpenNT\base\mvdm\softpc.new\base\ccpu386\c_prot.h"	"35474895b189c0a682f7b014698ee39e1d6954fcf8de88ebb26bb1f1628b9e19"	"byte-exact-verified"	"unreviewed"	"unreviewed"	""	""	"m0-t276-s1-file-identity-taxonomy-001.md"
"MVDM-FILE-0374"	"softpc.new/base/ccpu386/c_reg.c"	"softpc.new"	"source"	"dual-identical"	"O:\repos.external\OpenNT\base\mvdm\softpc.new\base\ccpu386\c_reg.c"	"54bac68daf938cc40dc69fb2b4277f7ae535daebea6a8a5a70f3113d30caa48c"	"byte-exact-verified"	"unreviewed"	"unreviewed"	""	""	"m0-t276-s1-file-identity-taxonomy-001.md"
"MVDM-FILE-0375"	"softpc.new/base/ccpu386/c_reg.h"	"softpc.new"	"declaration"	"dual-identical"	"O:\repos.external\OpenNT\base\mvdm\softpc.new\base\ccpu386\c_reg.h"	"968a23e991127bf74872c9ca48d37341a64a4732fe9fec397d78464644138a35"	"byte-exact-verified"	"unreviewed"	"unreviewed"	""	""	"m0-t276-s1-file-identity-taxonomy-001.md"
"MVDM-FILE-0376"	"softpc.new/base/ccpu386/c_seg.c"	"softpc.new"	"source"	"dual-identical"	"O:\repos.external\OpenNT\base\mvdm\softpc.new\base\ccpu386\c_seg.c"	"6e5f4607f259d50abe7ad27741e48d6110737097da88ea46627fa275903135c9"	"byte-exact-verified"	"unreviewed"	"unreviewed"	""	""	"m0-t276-s1-file-identity-taxonomy-001.md"
"MVDM-FILE-0377"	"softpc.new/base/ccpu386/c_seg.h"	"softpc.new"	"declaration"	"dual-identical"	"O:\repos.external\OpenNT\base\mvdm\softpc.new\base\ccpu386\c_seg.h"	"f1ba9f11b572c9a9b496a8ae35bd79c82abd01442fe545f698da9abb70d4a04e"	"byte-exact-verified"	"unreviewed"	"unreviewed"	""	""	"m0-t276-s1-file-identity-taxonomy-001.md"
"MVDM-FILE-0378"	"softpc.new/base/ccpu386/c_stack.c"	"softpc.new"	"source"	"dual-identical"	"O:\repos.external\OpenNT\base\mvdm\softpc.new\base\ccpu386\c_stack.c"	"a038c8e79688b5e7430e3a9baf0c5e11848c4d2de89584ae71a4209c7ed54292"	"byte-exact-verified"	"unreviewed"	"unreviewed"	""	""	"m0-t276-s1-file-identity-taxonomy-001.md"
"MVDM-FILE-0379"	"softpc.new/base/ccpu386/c_stack.h"	"softpc.new"	"declaration"	"dual-identical"	"O:\repos.external\OpenNT\base\mvdm\softpc.new\base\ccpu386\c_stack.h"	"323384e4437fa1bba94994f6cd5a762bc74c9d35eb03d6966ac8df235e165f75"	"byte-exact-verified"	"unreviewed"	"unreviewed"	""	""	"m0-t276-s1-file-identity-taxonomy-001.md"
"MVDM-FILE-0380"	"softpc.new/base/ccpu386/c_tlb.c"	"softpc.new"	"source"	"dual-identical"	"O:\repos.external\OpenNT\base\mvdm\softpc.new\base\ccpu386\c_tlb.c"	"a83a7dd3f7e3fbb83723047aacddbd22d4001591c6d444d4bd6d45dd73e38fd8"	"byte-exact-verified"	"unreviewed"	"unreviewed"	""	""	"m0-t276-s1-file-identity-taxonomy-001.md"
"MVDM-FILE-0381"	"softpc.new/base/ccpu386/c_tlb.h"	"softpc.new"	"declaration"	"dual-identical"	"O:\repos.external\OpenNT\base\mvdm\softpc.new\base\ccpu386\c_tlb.h"	"fbe5b60ee74699df9c44a3caa728035f92c9300cf53c4be51fb67b00565c1f36"	"byte-exact-verified"	"unreviewed"	"unreviewed"	""	""	"m0-t276-s1-file-identity-taxonomy-001.md"
"MVDM-FILE-0382"	"softpc.new/base/ccpu386/c_tsksw.c"	"softpc.new"	"source"	"dual-identical"	"O:\repos.external\OpenNT\base\mvdm\softpc.new\base\ccpu386\c_tsksw.c"	"5713c9351942c0c4dddb00d9ef337abf2974d3236e9aea169117d0a38fe0ad49"	"byte-exact-verified"	"unreviewed"	"unreviewed"	""	""	"m0-t276-s1-file-identity-taxonomy-001.md"
"MVDM-FILE-0383"	"softpc.new/base/ccpu386/c_tsksw.h"	"softpc.new"	"declaration"	"dual-identical"	"O:\repos.external\OpenNT\base\mvdm\softpc.new\base\ccpu386\c_tsksw.h"	"d95d976a8ade5fddc6992649cb4897e41b6b1937be08fc61eac709aa95b38635"	"byte-exact-verified"	"unreviewed"	"unreviewed"	""	""	"m0-t276-s1-file-identity-taxonomy-001.md"
"MVDM-FILE-0384"	"softpc.new/base/ccpu386/c_xcptn.c"	"softpc.new"	"source"	"dual-identical"	"O:\repos.external\OpenNT\base\mvdm\softpc.new\base\ccpu386\c_xcptn.c"	"e1f8f19a1f513402a10dc13eaf3b43d45a208fd71a72692f690f808a7e7762b2"	"byte-exact-verified"	"unreviewed"	"unreviewed"	""	""	"m0-t276-s1-file-identity-taxonomy-001.md"
"MVDM-FILE-0385"	"softpc.new/base/ccpu386/c_xcptn.h"	"softpc.new"	"declaration"	"dual-identical"	"O:\repos.external\OpenNT\base\mvdm\softpc.new\base\ccpu386\c_xcptn.h"	"95d1ea4929b3d24e18644849ff6592e4f901e5ccbf86225af95750476021aace"	"byte-exact-verified"	"unreviewed"	"unreviewed"	""	""	"m0-t276-s1-file-identity-taxonomy-001.md"
"MVDM-FILE-0386"	"softpc.new/base/ccpu386/c_xfer.c"	"softpc.new"	"source"	"dual-identical"	"O:\repos.external\OpenNT\base\mvdm\softpc.new\base\ccpu386\c_xfer.c"	"5f730f08b36a3a19cd1c682e080816d21e633b0f1b07f929b08e1d7e06ef4037"	"byte-exact-verified"	"unreviewed"	"unreviewed"	""	""	"m0-t276-s1-file-identity-taxonomy-001.md"
"MVDM-FILE-0387"	"softpc.new/base/ccpu386/c_xfer.h"	"softpc.new"	"declaration"	"dual-identical"	"O:\repos.external\OpenNT\base\mvdm\softpc.new\base\ccpu386\c_xfer.h"	"f6c8c6ea9e20ae50f80a2b78c1cd8a2dd7235d2b90ca6b92639b69d1ff5633c1"	"byte-exact-verified"	"unreviewed"	"unreviewed"	""	""	"m0-t276-s1-file-identity-taxonomy-001.md"
"MVDM-FILE-0388"	"softpc.new/base/ccpu386/c_xtrn.c"	"softpc.new"	"source"	"dual-identical"	"O:\repos.external\OpenNT\base\mvdm\softpc.new\base\ccpu386\c_xtrn.c"	"e114d6d858f5eafe2d7a4e8af560831d95f190ecf07209d91255f1140680943e"	"byte-exact-verified"	"unreviewed"	"unreviewed"	""	""	"m0-t276-s1-file-identity-taxonomy-001.md"
"MVDM-FILE-0389"	"softpc.new/base/ccpu386/c_xtrn.h"	"softpc.new"	"declaration"	"dual-identical"	"O:\repos.external\OpenNT\base\mvdm\softpc.new\base\ccpu386\c_xtrn.h"	"8a2481c44fb3c03c6f87b60e5c6d9c5ee2974068b0cbfb47434dbd8f1d6de71d"	"byte-exact-verified"	"unreviewed"	"unreviewed"	""	""	"m0-t276-s1-file-identity-taxonomy-001.md"
"MVDM-FILE-0390"	"softpc.new/base/ccpu386/call.c"	"softpc.new"	"source"	"dual-identical"	"O:\repos.external\OpenNT\base\mvdm\softpc.new\base\ccpu386\call.c"	"ce5f56ea27239d0c85243cee23e01de34b1f82d3ba92eced687e2b3bd90a2a94"	"byte-exact-verified"	"unreviewed"	"unreviewed"	""	""	"m0-t276-s1-file-identity-taxonomy-001.md"
"MVDM-FILE-0391"	"softpc.new/base/ccpu386/call.h"	"softpc.new"	"declaration"	"dual-identical"	"O:\repos.external\OpenNT\base\mvdm\softpc.new\base\ccpu386\call.h"	"259b41ed39e883eb250063db1dae9dbbc7c67f5e26df64a12326b3f0c2c7fb97"	"byte-exact-verified"	"unreviewed"	"unreviewed"	""	""	"m0-t276-s1-file-identity-taxonomy-001.md"
"MVDM-FILE-0392"	"softpc.new/base/ccpu386/cbw.c"	"softpc.new"	"source"	"dual-identical"	"O:\repos.external\OpenNT\base\mvdm\softpc.new\base\ccpu386\cbw.c"	"57ed4c085f1deff04e4a1f1d48e19f104928d338d468fef516d3772adbae4f5e"	"byte-exact-verified"	"unreviewed"	"unreviewed"	""	""	"m0-t276-s1-file-identity-taxonomy-001.md"
"MVDM-FILE-0393"	"softpc.new/base/ccpu386/cbw.h"	"softpc.new"	"declaration"	"dual-identical"	"O:\repos.external\OpenNT\base\mvdm\softpc.new\base\ccpu386\cbw.h"	"1b84f9511192257f409ac2f3adaae1fb62d22ddae43a5b01e73a56601780387c"	"byte-exact-verified"	"unreviewed"	"unreviewed"	""	""	"m0-t276-s1-file-identity-taxonomy-001.md"
"MVDM-FILE-0394"	"softpc.new/base/ccpu386/ccpudefs.inc"	"softpc.new"	"declaration"	"dual-identical"	"O:\repos.external\OpenNT\base\mvdm\softpc.new\base\ccpu386\ccpudefs.inc"	"5aeaaa72f958ef891628c267ee4849a0203c25af0fbe67b3fdc890b75dfb3fd8"	"byte-exact-verified"	"unreviewed"	"unreviewed"	""	""	"m0-t276-s1-file-identity-taxonomy-001.md"
"MVDM-FILE-0395"	"softpc.new/base/ccpu386/ccpupig.c"	"softpc.new"	"source"	"dual-identical"	"O:\repos.external\OpenNT\base\mvdm\softpc.new\base\ccpu386\ccpupig.c"	"bfeaff9c9a49039aa29740f6dac2dd6a32bce897d0d0ffe3d00a43d66cd09523"	"byte-exact-verified"	"unreviewed"	"unreviewed"	""	""	"m0-t276-s1-file-identity-taxonomy-001.md"
"MVDM-FILE-0396"	"softpc.new/base/ccpu386/ccpupig.h"	"softpc.new"	"declaration"	"dual-identical"	"O:\repos.external\OpenNT\base\mvdm\softpc.new\base\ccpu386\ccpupig.h"	"73b2e7ceda4cb3ba83343b1fe07a428dccab76a196b2d7c3951c37962be1e1db"	"byte-exact-verified"	"unreviewed"	"unreviewed"	""	""	"m0-t276-s1-file-identity-taxonomy-001.md"
"MVDM-FILE-0397"	"softpc.new/base/ccpu386/ccpusas4.c"	"softpc.new"	"source"	"dual-identical"	"O:\repos.external\OpenNT\base\mvdm\softpc.new\base\ccpu386\ccpusas4.c"	"2802840ef84106ae0f99c6f17af370da66c9381a1355570f5998039fbb33534e"	"byte-exact-verified"	"unreviewed"	"unreviewed"	""	""	"m0-t276-s1-file-identity-taxonomy-001.md"
"MVDM-FILE-0398"	"softpc.new/base/ccpu386/ccpusas4.h"	"softpc.new"	"declaration"	"dual-identical"	"O:\repos.external\OpenNT\base\mvdm\softpc.new\base\ccpu386\ccpusas4.h"	"8b4622e066f61c6815dbadf3f3c735d7dd29210673a6930f354aaf0e2be880e8"	"byte-exact-verified"	"unreviewed"	"unreviewed"	""	""	"m0-t276-s1-file-identity-taxonomy-001.md"
"MVDM-FILE-0399"	"softpc.new/base/ccpu386/cdq.c"	"softpc.new"	"source"	"dual-identical"	"O:\repos.external\OpenNT\base\mvdm\softpc.new\base\ccpu386\cdq.c"	"b1eb591cbf098e64b5dfefa9de3b4ab214c35e23f72c83501ee5a9f713664510"	"byte-exact-verified"	"unreviewed"	"unreviewed"	""	""	"m0-t276-s1-file-identity-taxonomy-001.md"
"MVDM-FILE-0400"	"softpc.new/base/ccpu386/cdq.h"	"softpc.new"	"declaration"	"dual-identical"	"O:\repos.external\OpenNT\base\mvdm\softpc.new\base\ccpu386\cdq.h"	"862784986b4afff6c4d84fab85b6a26875d8aaaff8d0d26ec324f6bff28555e1"	"byte-exact-verified"	"unreviewed"	"unreviewed"	""	""	"m0-t276-s1-file-identity-taxonomy-001.md"
"MVDM-FILE-0401"	"softpc.new/base/ccpu386/c-files"	"softpc.new"	"resource-or-other"	"dual-identical"	"O:\repos.external\OpenNT\base\mvdm\softpc.new\base\ccpu386\c-files"	"eaa7ea6f06c5df0f7938b14d245fea15bbe89a418d6b265498269bb09122e9d2"	"byte-exact-verified"	"unreviewed"	"unreviewed"	""	""	"m0-t276-s1-file-identity-taxonomy-001.md"
"MVDM-FILE-0402"	"softpc.new/base/ccpu386/clc.c"	"softpc.new"	"source"	"dual-identical"	"O:\repos.external\OpenNT\base\mvdm\softpc.new\base\ccpu386\clc.c"	"6d356c318117e69751ed0c4e41ef86ad3106882a0dec530bd47cc4bf3fe5c091"	"byte-exact-verified"	"unreviewed"	"unreviewed"	""	""	"m0-t276-s1-file-identity-taxonomy-001.md"
"MVDM-FILE-0403"	"softpc.new/base/ccpu386/clc.h"	"softpc.new"	"declaration"	"dual-identical"	"O:\repos.external\OpenNT\base\mvdm\softpc.new\base\ccpu386\clc.h"	"10def390faa04007511027558918905d34eebe17d7646614c5560bc3e490f1c6"	"byte-exact-verified"	"unreviewed"	"unreviewed"	""	""	"m0-t276-s1-file-identity-taxonomy-001.md"
"MVDM-FILE-0404"	"softpc.new/base/ccpu386/cld.c"	"softpc.new"	"source"	"dual-identical"	"O:\repos.external\OpenNT\base\mvdm\softpc.new\base\ccpu386\cld.c"	"6956d48a4b0d63dba81b277584429102624c064658e0a1c4c921efdda8c84d96"	"byte-exact-verified"	"unreviewed"	"unreviewed"	""	""	"m0-t276-s1-file-identity-taxonomy-001.md"
"MVDM-FILE-0405"	"softpc.new/base/ccpu386/cld.h"	"softpc.new"	"declaration"	"dual-identical"	"O:\repos.external\OpenNT\base\mvdm\softpc.new\base\ccpu386\cld.h"	"767ff331d15e2bb10febc0316f60b634f0dbf086c841bd3042a7fe9a6ecf8b63"	"byte-exact-verified"	"unreviewed"	"unreviewed"	""	""	"m0-t276-s1-file-identity-taxonomy-001.md"
"MVDM-FILE-0406"	"softpc.new/base/ccpu386/cli.c"	"softpc.new"	"source"	"dual-identical"	"O:\repos.external\OpenNT\base\mvdm\softpc.new\base\ccpu386\cli.c"	"3f044715990199f959ec05a8a18c98b084956f43f39f2f172705f6fdecb80018"	"byte-exact-verified"	"unreviewed"	"unreviewed"	""	""	"m0-t276-s1-file-identity-taxonomy-001.md"
"MVDM-FILE-0407"	"softpc.new/base/ccpu386/cli.h"	"softpc.new"	"declaration"	"dual-identical"	"O:\repos.external\OpenNT\base\mvdm\softpc.new\base\ccpu386\cli.h"	"5d616f047e4245e8fbdc66ef6b3eb920c0322f71ea648bf474d3e2d167f3aef5"	"byte-exact-verified"	"unreviewed"	"unreviewed"	""	""	"m0-t276-s1-file-identity-taxonomy-001.md"
"MVDM-FILE-0408"	"softpc.new/base/ccpu386/clts.c"	"softpc.new"	"source"	"dual-identical"	"O:\repos.external\OpenNT\base\mvdm\softpc.new\base\ccpu386\clts.c"	"7021e4711bed42bba118d565707c6735735068119c5030f54a79ac704bb28533"	"byte-exact-verified"	"unreviewed"	"unreviewed"	""	""	"m0-t276-s1-file-identity-taxonomy-001.md"
"MVDM-FILE-0409"	"softpc.new/base/ccpu386/clts.h"	"softpc.new"	"declaration"	"dual-identical"	"O:\repos.external\OpenNT\base\mvdm\softpc.new\base\ccpu386\clts.h"	"12493762580845acd2d59b21dfb9ab1cb2d40b006f803dfa360d503298429663"	"byte-exact-verified"	"unreviewed"	"unreviewed"	""	""	"m0-t276-s1-file-identity-taxonomy-001.md"
"MVDM-FILE-0410"	"softpc.new/base/ccpu386/cmc.c"	"softpc.new"	"source"	"dual-identical"	"O:\repos.external\OpenNT\base\mvdm\softpc.new\base\ccpu386\cmc.c"	"7b1dc3c22e44fd0608e616508737e3367bee80520692780b4e1cfa1ee60b5ed8"	"byte-exact-verified"	"unreviewed"	"unreviewed"	""	""	"m0-t276-s1-file-identity-taxonomy-001.md"
"MVDM-FILE-0411"	"softpc.new/base/ccpu386/cmc.h"	"softpc.new"	"declaration"	"dual-identical"	"O:\repos.external\OpenNT\base\mvdm\softpc.new\base\ccpu386\cmc.h"	"962988c4ca0915bcd5269689419d284aa8107fb0b716b3399032b6095c5e8dca"	"byte-exact-verified"	"unreviewed"	"unreviewed"	""	""	"m0-t276-s1-file-identity-taxonomy-001.md"
"MVDM-FILE-0412"	"softpc.new/base/ccpu386/cmp.c"	"softpc.new"	"source"	"dual-identical"	"O:\repos.external\OpenNT\base\mvdm\softpc.new\base\ccpu386\cmp.c"	"05a601eb2a232efc5e87fb0c6daf44916256b8f0532a607a9a0dbf8755791b77"	"byte-exact-verified"	"unreviewed"	"unreviewed"	""	""	"m0-t276-s1-file-identity-taxonomy-001.md"
"MVDM-FILE-0413"	"softpc.new/base/ccpu386/cmp.h"	"softpc.new"	"declaration"	"dual-identical"	"O:\repos.external\OpenNT\base\mvdm\softpc.new\base\ccpu386\cmp.h"	"f8456be8dc667c754d4dd99ec0443b3212b372fa7c785d6480f10d347f527b25"	"byte-exact-verified"	"unreviewed"	"unreviewed"	""	""	"m0-t276-s1-file-identity-taxonomy-001.md"
"MVDM-FILE-0414"	"softpc.new/base/ccpu386/cmpxchg.c"	"softpc.new"	"source"	"dual-identical"	"O:\repos.external\OpenNT\base\mvdm\softpc.new\base\ccpu386\cmpxchg.c"	"02318c7bd61ead65d6d2c97b3980a7acc573d7b6fd951371fbfac157fec397f1"	"byte-exact-verified"	"unreviewed"	"unreviewed"	""	""	"m0-t276-s1-file-identity-taxonomy-001.md"
"MVDM-FILE-0415"	"softpc.new/base/ccpu386/cmpxchg.h"	"softpc.new"	"declaration"	"dual-identical"	"O:\repos.external\OpenNT\base\mvdm\softpc.new\base\ccpu386\cmpxchg.h"	"da0cb148f406990bdd4af19b231317608b29b9d370f5d5ebf70e2b14ecf683ef"	"byte-exact-verified"	"unreviewed"	"unreviewed"	""	""	"m0-t276-s1-file-identity-taxonomy-001.md"
"MVDM-FILE-0416"	"softpc.new/base/ccpu386/cpu4gen.h"	"softpc.new"	"declaration"	"dual-identical"	"O:\repos.external\OpenNT\base\mvdm\softpc.new\base\ccpu386\cpu4gen.h"	"7c03d8f75644e6c2d0b4fb1a1e66ab93c55225df61e8329d5fffdf1d08a5fccb"	"byte-exact-verified"	"unreviewed"	"unreviewed"	""	""	"m0-t276-s1-file-identity-taxonomy-001.md"
"MVDM-FILE-0417"	"softpc.new/base/ccpu386/cpuint_c.h"	"softpc.new"	"declaration"	"dual-identical"	"O:\repos.external\OpenNT\base\mvdm\softpc.new\base\ccpu386\cpuint_c.h"	"b171b9bb51bf810c5e9f839a88a79a6f1eb66c37c4128069fe3e7972da849ede"	"byte-exact-verified"	"unreviewed"	"unreviewed"	""	""	"m0-t276-s1-file-identity-taxonomy-001.md"
"MVDM-FILE-0418"	"softpc.new/base/ccpu386/cwd.c"	"softpc.new"	"source"	"dual-identical"	"O:\repos.external\OpenNT\base\mvdm\softpc.new\base\ccpu386\cwd.c"	"e0b3aeead327b314760573c98a7a20028e74a0f20d2045971566ef9f3b1122bc"	"byte-exact-verified"	"unreviewed"	"unreviewed"	""	""	"m0-t276-s1-file-identity-taxonomy-001.md"
"MVDM-FILE-0419"	"softpc.new/base/ccpu386/cwd.h"	"softpc.new"	"declaration"	"dual-identical"	"O:\repos.external\OpenNT\base\mvdm\softpc.new\base\ccpu386\cwd.h"	"64758f519e4eb046cd2651e5519136624fdad0f6fc35b5439b5c55d2278d0f7f"	"byte-exact-verified"	"unreviewed"	"unreviewed"	""	""	"m0-t276-s1-file-identity-taxonomy-001.md"
"MVDM-FILE-0420"	"softpc.new/base/ccpu386/cwde.c"	"softpc.new"	"source"	"dual-identical"	"O:\repos.external\OpenNT\base\mvdm\softpc.new\base\ccpu386\cwde.c"	"1b3345efcfe8d617eefd829fe90dbed07a3cb6ab8826c0ffd856efca3c57a436"	"byte-exact-verified"	"unreviewed"	"unreviewed"	""	""	"m0-t276-s1-file-identity-taxonomy-001.md"
"MVDM-FILE-0421"	"softpc.new/base/ccpu386/cwde.h"	"softpc.new"	"declaration"	"dual-identical"	"O:\repos.external\OpenNT\base\mvdm\softpc.new\base\ccpu386\cwde.h"	"42b9d04f5c5fa4d46ba9845d27778fa23b7b9977abf2d03f404b20b2b5573aca"	"byte-exact-verified"	"unreviewed"	"unreviewed"	""	""	"m0-t276-s1-file-identity-taxonomy-001.md"
"MVDM-FILE-0422"	"softpc.new/base/ccpu386/daa.c"	"softpc.new"	"source"	"dual-identical"	"O:\repos.external\OpenNT\base\mvdm\softpc.new\base\ccpu386\daa.c"	"5cd3ba3ee4989fb02c85a07e020f9a67a1939e8333fe5b83b7c16b3a828c9817"	"byte-exact-verified"	"unreviewed"	"unreviewed"	""	""	"m0-t276-s1-file-identity-taxonomy-001.md"
"MVDM-FILE-0423"	"softpc.new/base/ccpu386/daa.h"	"softpc.new"	"declaration"	"dual-identical"	"O:\repos.external\OpenNT\base\mvdm\softpc.new\base\ccpu386\daa.h"	"6f90a5d43b772f5be2ffa9228dfa9055ab4283b3bbe69c748b26419703fade8a"	"byte-exact-verified"	"unreviewed"	"unreviewed"	""	""	"m0-t276-s1-file-identity-taxonomy-001.md"
"MVDM-FILE-0424"	"softpc.new/base/ccpu386/das.c"	"softpc.new"	"source"	"dual-identical"	"O:\repos.external\OpenNT\base\mvdm\softpc.new\base\ccpu386\das.c"	"31aea3f55537c576caa4403de3d250220d15016a8936be5c4402d623c2cd1fdd"	"byte-exact-verified"	"unreviewed"	"unreviewed"	""	""	"m0-t276-s1-file-identity-taxonomy-001.md"
"MVDM-FILE-0425"	"softpc.new/base/ccpu386/das.h"	"softpc.new"	"declaration"	"dual-identical"	"O:\repos.external\OpenNT\base\mvdm\softpc.new\base\ccpu386\das.h"	"f12a31adcc8f302ea020c81568dd90562929b782b0ba2eb3e0c4fc567cbd84ee"	"byte-exact-verified"	"unreviewed"	"unreviewed"	""	""	"m0-t276-s1-file-identity-taxonomy-001.md"
"MVDM-FILE-0426"	"softpc.new/base/ccpu386/dec.c"	"softpc.new"	"source"	"dual-identical"	"O:\repos.external\OpenNT\base\mvdm\softpc.new\base\ccpu386\dec.c"	"4cb52793a88de120f63d1ecf3ba38507ae4e35e48b1b0a7984db034fd4c2e594"	"byte-exact-verified"	"unreviewed"	"unreviewed"	""	""	"m0-t276-s1-file-identity-taxonomy-001.md"
"MVDM-FILE-0427"	"softpc.new/base/ccpu386/dec.h"	"softpc.new"	"declaration"	"dual-identical"	"O:\repos.external\OpenNT\base\mvdm\softpc.new\base\ccpu386\dec.h"	"75208f017bd31b4e18ff12a6a86a5f5e38d343539e87e1b229e12b719e611f9f"	"byte-exact-verified"	"unreviewed"	"unreviewed"	""	""	"m0-t276-s1-file-identity-taxonomy-001.md"
"MVDM-FILE-0428"	"softpc.new/base/ccpu386/div.c"	"softpc.new"	"source"	"dual-identical"	"O:\repos.external\OpenNT\base\mvdm\softpc.new\base\ccpu386\div.c"	"e1e9653d0883617e12ed70ff4ab08c96d75c7a8b09ea4eb855b3cd4ab3e73007"	"byte-exact-verified"	"unreviewed"	"unreviewed"	""	""	"m0-t276-s1-file-identity-taxonomy-001.md"
"MVDM-FILE-0429"	"softpc.new/base/ccpu386/div.h"	"softpc.new"	"declaration"	"dual-identical"	"O:\repos.external\OpenNT\base\mvdm\softpc.new\base\ccpu386\div.h"	"2b2b36e63fd29f0f96cec86902bef5140a2ee4ff754e7357e821d754f85664f9"	"byte-exact-verified"	"unreviewed"	"unreviewed"	""	""	"m0-t276-s1-file-identity-taxonomy-001.md"
"MVDM-FILE-0430"	"softpc.new/base/ccpu386/enter.c"	"softpc.new"	"source"	"dual-identical"	"O:\repos.external\OpenNT\base\mvdm\softpc.new\base\ccpu386\enter.c"	"68528701e321729d9d758f49661d1fbaa0cdbfbf75b9af074a7be7dbb35ffec2"	"byte-exact-verified"	"unreviewed"	"unreviewed"	""	""	"m0-t276-s1-file-identity-taxonomy-001.md"
"MVDM-FILE-0431"	"softpc.new/base/ccpu386/enter.h"	"softpc.new"	"declaration"	"dual-identical"	"O:\repos.external\OpenNT\base\mvdm\softpc.new\base\ccpu386\enter.h"	"be0c2524721038b0771248063e5da6f3fa47669a8c7c2c35fe90a0ed45dfedc3"	"byte-exact-verified"	"unreviewed"	"unreviewed"	""	""	"m0-t276-s1-file-identity-taxonomy-001.md"
"MVDM-FILE-0432"	"softpc.new/base/ccpu386/evid_c.h"	"softpc.new"	"declaration"	"dual-identical"	"O:\repos.external\OpenNT\base\mvdm\softpc.new\base\ccpu386\evid_c.h"	"c8e3925c56ed41cbcc982794eb87e2141df7d5d01059d58e2a017f874074f693"	"byte-exact-verified"	"unreviewed"	"unreviewed"	""	""	"m0-t276-s1-file-identity-taxonomy-001.md"
"MVDM-FILE-0433"	"softpc.new/base/ccpu386/evidfunc.h"	"softpc.new"	"declaration"	"dual-identical"	"O:\repos.external\OpenNT\base\mvdm\softpc.new\base\ccpu386\evidfunc.h"	"69ff2429a6fb7b0e6ffa690e101c2b0695a89cc3fa186a789ded9c27d81d7bc7"	"byte-exact-verified"	"unreviewed"	"unreviewed"	""	""	"m0-t276-s1-file-identity-taxonomy-001.md"
"MVDM-FILE-0434"	"softpc.new/base/ccpu386/evidgen.h"	"softpc.new"	"declaration"	"dual-identical"	"O:\repos.external\OpenNT\base\mvdm\softpc.new\base\ccpu386\evidgen.h"	"7e429987c49ec9e87ca45394eeddc87c73877e5f95aed73e1bc1d7224d308772"	"byte-exact-verified"	"unreviewed"	"unreviewed"	""	""	"m0-t276-s1-file-identity-taxonomy-001.md"
"MVDM-FILE-0435"	"softpc.new/base/ccpu386/fault.h"	"softpc.new"	"declaration"	"dual-identical"	"O:\repos.external\OpenNT\base\mvdm\softpc.new\base\ccpu386\fault.h"	"120771ed9eaba525f18ac81d62b0e868d4655a4071db1d8e48c8a7561924169f"	"byte-exact-verified"	"unreviewed"	"unreviewed"	""	""	"m0-t276-s1-file-identity-taxonomy-001.md"
"MVDM-FILE-0436"	"softpc.new/base/ccpu386/fpu.c"	"softpc.new"	"source"	"dual-identical"	"O:\repos.external\OpenNT\base\mvdm\softpc.new\base\ccpu386\fpu.c"	"1309239998f72b64583b184d33623c763c3c98ea185081f8d8b294cd9b8c524f"	"byte-exact-verified"	"unreviewed"	"unreviewed"	""	""	"m0-t276-s1-file-identity-taxonomy-001.md"
"MVDM-FILE-0437"	"softpc.new/base/ccpu386/fpu_c.h"	"softpc.new"	"declaration"	"dual-identical"	"O:\repos.external\OpenNT\base\mvdm\softpc.new\base\ccpu386\fpu_c.h"	"0f1d67436ed417b6726f958cfd97ece40ddedd05997369449be5861a47b7b912"	"byte-exact-verified"	"unreviewed"	"unreviewed"	""	""	"m0-t276-s1-file-identity-taxonomy-001.md"
"MVDM-FILE-0438"	"softpc.new/base/ccpu386/gdpvar.h"	"softpc.new"	"declaration"	"dual-identical"	"O:\repos.external\OpenNT\base\mvdm\softpc.new\base\ccpu386\gdpvar.h"	"a8fc9f81af3c06eb4263cc5acb3005a41f849677cba4d09ae171ab450f7fb3ec"	"byte-exact-verified"	"unreviewed"	"unreviewed"	""	""	"m0-t276-s1-file-identity-taxonomy-001.md"
"MVDM-FILE-0439"	"softpc.new/base/ccpu386/idiv.c"	"softpc.new"	"source"	"dual-identical"	"O:\repos.external\OpenNT\base\mvdm\softpc.new\base\ccpu386\idiv.c"	"4e48281278345855d027392dd434e286e92591776b8c0d15a3ffb4bcfbb533a6"	"byte-exact-verified"	"unreviewed"	"unreviewed"	""	""	"m0-t276-s1-file-identity-taxonomy-001.md"
"MVDM-FILE-0440"	"softpc.new/base/ccpu386/idiv.h"	"softpc.new"	"declaration"	"dual-identical"	"O:\repos.external\OpenNT\base\mvdm\softpc.new\base\ccpu386\idiv.h"	"b4affae836213f069973bcafa71962f558be6852741d39a1687a3090f79ce6db"	"byte-exact-verified"	"unreviewed"	"unreviewed"	""	""	"m0-t276-s1-file-identity-taxonomy-001.md"
"MVDM-FILE-0441"	"softpc.new/base/ccpu386/imul.c"	"softpc.new"	"source"	"dual-identical"	"O:\repos.external\OpenNT\base\mvdm\softpc.new\base\ccpu386\imul.c"	"9cc48f0ff83909e122e01fc417d909fa93964ba4b5c79b3553810d1a6162adc4"	"byte-exact-verified"	"unreviewed"	"unreviewed"	""	""	"m0-t276-s1-file-identity-taxonomy-001.md"
"MVDM-FILE-0442"	"softpc.new/base/ccpu386/imul.h"	"softpc.new"	"declaration"	"dual-identical"	"O:\repos.external\OpenNT\base\mvdm\softpc.new\base\ccpu386\imul.h"	"ef6bc5f24476cfd2735b40b8a0523dcf35d05cd97a54088efc5a9dd0ff99ccf2"	"byte-exact-verified"	"unreviewed"	"unreviewed"	""	""	"m0-t276-s1-file-identity-taxonomy-001.md"
"MVDM-FILE-0443"	"softpc.new/base/ccpu386/in.c"	"softpc.new"	"source"	"dual-identical"	"O:\repos.external\OpenNT\base\mvdm\softpc.new\base\ccpu386\in.c"	"5a6cb5699c84e6a25fc984aa9c5a4ee50cb22d4408ba3df57cd0cd95e41f23b0"	"byte-exact-verified"	"unreviewed"	"unreviewed"	""	""	"m0-t276-s1-file-identity-taxonomy-001.md"
"MVDM-FILE-0444"	"softpc.new/base/ccpu386/in.h"	"softpc.new"	"declaration"	"dual-identical"	"O:\repos.external\OpenNT\base\mvdm\softpc.new\base\ccpu386\in.h"	"f70a52ea71ca37b268d8735f7eb358be3e828237999e0b973b9c9e18fac9d570"	"byte-exact-verified"	"unreviewed"	"unreviewed"	""	""	"m0-t276-s1-file-identity-taxonomy-001.md"
"MVDM-FILE-0445"	"softpc.new/base/ccpu386/inc.c"	"softpc.new"	"source"	"dual-identical"	"O:\repos.external\OpenNT\base\mvdm\softpc.new\base\ccpu386\inc.c"	"6c8c8fd705953ab943e2b0a683ebadfc07318f68f1141ccfca37c3a4435efaf7"	"byte-exact-verified"	"unreviewed"	"unreviewed"	""	""	"m0-t276-s1-file-identity-taxonomy-001.md"
"MVDM-FILE-0446"	"softpc.new/base/ccpu386/inc.h"	"softpc.new"	"declaration"	"dual-identical"	"O:\repos.external\OpenNT\base\mvdm\softpc.new\base\ccpu386\inc.h"	"e03526f01236cec907067f9ae765dc3d4f185fea31ccc28c31709399e497899d"	"byte-exact-verified"	"unreviewed"	"unreviewed"	""	""	"m0-t276-s1-file-identity-taxonomy-001.md"
"MVDM-FILE-0447"	"softpc.new/base/ccpu386/into.c"	"softpc.new"	"source"	"dual-identical"	"O:\repos.external\OpenNT\base\mvdm\softpc.new\base\ccpu386\into.c"	"fbe4dfe731c9d367c0270675c679bbf6acf1a45cf0b4d4548b54e5d2080c74c3"	"byte-exact-verified"	"unreviewed"	"unreviewed"	""	""	"m0-t276-s1-file-identity-taxonomy-001.md"
"MVDM-FILE-0448"	"softpc.new/base/ccpu386/into.h"	"softpc.new"	"declaration"	"dual-identical"	"O:\repos.external\OpenNT\base\mvdm\softpc.new\base\ccpu386\into.h"	"300829ad745eb2e3725459b8d07a611db17c9c65b67b132431e62f5ce0e08457"	"byte-exact-verified"	"unreviewed"	"unreviewed"	""	""	"m0-t276-s1-file-identity-taxonomy-001.md"
"MVDM-FILE-0449"	"softpc.new/base/ccpu386/intx.c"	"softpc.new"	"source"	"dual-identical"	"O:\repos.external\OpenNT\base\mvdm\softpc.new\base\ccpu386\intx.c"	"544a08aec10dff46968f48b3aa83243fac5bf78ef04d189c7b46518c242907e1"	"byte-exact-verified"	"unreviewed"	"unreviewed"	""	""	"m0-t276-s1-file-identity-taxonomy-001.md"
"MVDM-FILE-0450"	"softpc.new/base/ccpu386/intx.h"	"softpc.new"	"declaration"	"dual-identical"	"O:\repos.external\OpenNT\base\mvdm\softpc.new\base\ccpu386\intx.h"	"21485673b0af9e52ff76b1afbcd653fdab8696c7899c9893bcf1dc28b1050c25"	"byte-exact-verified"	"unreviewed"	"unreviewed"	""	""	"m0-t276-s1-file-identity-taxonomy-001.md"
"MVDM-FILE-0451"	"softpc.new/base/ccpu386/invd.c"	"softpc.new"	"source"	"dual-identical"	"O:\repos.external\OpenNT\base\mvdm\softpc.new\base\ccpu386\invd.c"	"f6e2d5b7a257a13fa91f071c5d740f20fb47654c97e35da744e7dc6ee493895e"	"byte-exact-verified"	"unreviewed"	"unreviewed"	""	""	"m0-t276-s1-file-identity-taxonomy-001.md"
"MVDM-FILE-0452"	"softpc.new/base/ccpu386/invd.h"	"softpc.new"	"declaration"	"dual-identical"	"O:\repos.external\OpenNT\base\mvdm\softpc.new\base\ccpu386\invd.h"	"402398e18f19d32b9e8298cc0ab17d8bca2af426280a8bdbfbead17dcf52a7dc"	"byte-exact-verified"	"unreviewed"	"unreviewed"	""	""	"m0-t276-s1-file-identity-taxonomy-001.md"
"MVDM-FILE-0453"	"softpc.new/base/ccpu386/invlpg.c"	"softpc.new"	"source"	"dual-identical"	"O:\repos.external\OpenNT\base\mvdm\softpc.new\base\ccpu386\invlpg.c"	"3d948316d66bdd957a2612340f6f653e975aaa99a65c97467b916737ae3394ba"	"byte-exact-verified"	"unreviewed"	"unreviewed"	""	""	"m0-t276-s1-file-identity-taxonomy-001.md"
"MVDM-FILE-0454"	"softpc.new/base/ccpu386/invlpg.h"	"softpc.new"	"declaration"	"dual-identical"	"O:\repos.external\OpenNT\base\mvdm\softpc.new\base\ccpu386\invlpg.h"	"c31e8ef3c4f2e524e248579b60c6bbbe2195e47be07d8a3310eeaea670ca2229"	"byte-exact-verified"	"unreviewed"	"unreviewed"	""	""	"m0-t276-s1-file-identity-taxonomy-001.md"
"MVDM-FILE-0455"	"softpc.new/base/ccpu386/iret.c"	"softpc.new"	"source"	"dual-identical"	"O:\repos.external\OpenNT\base\mvdm\softpc.new\base\ccpu386\iret.c"	"091378ab6583c06e7593b5b34f336531d874e695be633596d652ea42f5446eb3"	"byte-exact-verified"	"unreviewed"	"unreviewed"	""	""	"m0-t276-s1-file-identity-taxonomy-001.md"
"MVDM-FILE-0456"	"softpc.new/base/ccpu386/iret.h"	"softpc.new"	"declaration"	"dual-identical"	"O:\repos.external\OpenNT\base\mvdm\softpc.new\base\ccpu386\iret.h"	"d12fd0f53602c3002d7534f2445251ccc1e41cadefd5ee2c0f554d19e371f632"	"byte-exact-verified"	"unreviewed"	"unreviewed"	""	""	"m0-t276-s1-file-identity-taxonomy-001.md"
"MVDM-FILE-0457"	"softpc.new/base/ccpu386/jcxz.c"	"softpc.new"	"source"	"dual-identical"	"O:\repos.external\OpenNT\base\mvdm\softpc.new\base\ccpu386\jcxz.c"	"dbc17e4a01510661ac3a9c2e4e4853ba11f22c945f8aee3707e47a2df76bfaa0"	"byte-exact-verified"	"unreviewed"	"unreviewed"	""	""	"m0-t276-s1-file-identity-taxonomy-001.md"
"MVDM-FILE-0458"	"softpc.new/base/ccpu386/jcxz.h"	"softpc.new"	"declaration"	"dual-identical"	"O:\repos.external\OpenNT\base\mvdm\softpc.new\base\ccpu386\jcxz.h"	"2f099276ca1cf88bab9aa1c508d0861f96dd6575991563926eb8c277f51d48db"	"byte-exact-verified"	"unreviewed"	"unreviewed"	""	""	"m0-t276-s1-file-identity-taxonomy-001.md"
"MVDM-FILE-0459"	"softpc.new/base/ccpu386/jmp.c"	"softpc.new"	"source"	"dual-identical"	"O:\repos.external\OpenNT\base\mvdm\softpc.new\base\ccpu386\jmp.c"	"470889ec4ca8311980f1b700e56d028009fc459c47eb484e1451a799ac7feb87"	"byte-exact-verified"	"unreviewed"	"unreviewed"	""	""	"m0-t276-s1-file-identity-taxonomy-001.md"
"MVDM-FILE-0460"	"softpc.new/base/ccpu386/jmp.h"	"softpc.new"	"declaration"	"dual-identical"	"O:\repos.external\OpenNT\base\mvdm\softpc.new\base\ccpu386\jmp.h"	"233ba39bcdec18fd6185ba23b32f7c6b078a3fb055fd34823b49c37c9d232311"	"byte-exact-verified"	"unreviewed"	"unreviewed"	""	""	"m0-t276-s1-file-identity-taxonomy-001.md"
"MVDM-FILE-0461"	"softpc.new/base/ccpu386/jxx.c"	"softpc.new"	"source"	"dual-identical"	"O:\repos.external\OpenNT\base\mvdm\softpc.new\base\ccpu386\jxx.c"	"6b147a75ea73ca8f0c49bf5db7949a03f978ff35ec151ab8d2202b19120d2ccd"	"byte-exact-verified"	"unreviewed"	"unreviewed"	""	""	"m0-t276-s1-file-identity-taxonomy-001.md"
"MVDM-FILE-0462"	"softpc.new/base/ccpu386/jxx.h"	"softpc.new"	"declaration"	"dual-identical"	"O:\repos.external\OpenNT\base\mvdm\softpc.new\base\ccpu386\jxx.h"	"6f1ec22f34098ce066c15f796dae673ba5b3e9f7ec86b39cea374f0659748bd3"	"byte-exact-verified"	"unreviewed"	"unreviewed"	""	""	"m0-t276-s1-file-identity-taxonomy-001.md"
"MVDM-FILE-0463"	"softpc.new/base/ccpu386/lahf.c"	"softpc.new"	"source"	"dual-identical"	"O:\repos.external\OpenNT\base\mvdm\softpc.new\base\ccpu386\lahf.c"	"63807c02f388652e88f9db506e8c638e5e25c74991a9788eb2a7685803d132a3"	"byte-exact-verified"	"unreviewed"	"unreviewed"	""	""	"m0-t276-s1-file-identity-taxonomy-001.md"
"MVDM-FILE-0464"	"softpc.new/base/ccpu386/lahf.h"	"softpc.new"	"declaration"	"dual-identical"	"O:\repos.external\OpenNT\base\mvdm\softpc.new\base\ccpu386\lahf.h"	"e0ef7b5fc9976556ddc1da9f9236779dcdc01bff11192893e425b3f9c5f63ea3"	"byte-exact-verified"	"unreviewed"	"unreviewed"	""	""	"m0-t276-s1-file-identity-taxonomy-001.md"
"MVDM-FILE-0465"	"softpc.new/base/ccpu386/lar.c"	"softpc.new"	"source"	"dual-identical"	"O:\repos.external\OpenNT\base\mvdm\softpc.new\base\ccpu386\lar.c"	"d637793c088b68b29cb376ed3613af82511bda14a026031ec6cba1db480b1dee"	"byte-exact-verified"	"unreviewed"	"unreviewed"	""	""	"m0-t276-s1-file-identity-taxonomy-001.md"
"MVDM-FILE-0466"	"softpc.new/base/ccpu386/lar.h"	"softpc.new"	"declaration"	"dual-identical"	"O:\repos.external\OpenNT\base\mvdm\softpc.new\base\ccpu386\lar.h"	"3bf84db0df286d6605a68487c583ecc1dd8a7b64fc4049aa4b2456e048111dac"	"byte-exact-verified"	"unreviewed"	"unreviewed"	""	""	"m0-t276-s1-file-identity-taxonomy-001.md"
"MVDM-FILE-0467"	"softpc.new/base/ccpu386/lea.c"	"softpc.new"	"source"	"dual-identical"	"O:\repos.external\OpenNT\base\mvdm\softpc.new\base\ccpu386\lea.c"	"f1577b3dec150b5112803df1c1e1c41ed8faa3baa1552ffd231e22da541ea486"	"byte-exact-verified"	"unreviewed"	"unreviewed"	""	""	"m0-t276-s1-file-identity-taxonomy-001.md"
"MVDM-FILE-0468"	"softpc.new/base/ccpu386/lea.h"	"softpc.new"	"declaration"	"dual-identical"	"O:\repos.external\OpenNT\base\mvdm\softpc.new\base\ccpu386\lea.h"	"3b8028ab680eff1cd767238a29999bce219c40b3b4686cd2cc4e22e899554099"	"byte-exact-verified"	"unreviewed"	"unreviewed"	""	""	"m0-t276-s1-file-identity-taxonomy-001.md"
"MVDM-FILE-0469"	"softpc.new/base/ccpu386/leave.c"	"softpc.new"	"source"	"dual-identical"	"O:\repos.external\OpenNT\base\mvdm\softpc.new\base\ccpu386\leave.c"	"4eea05832d65f01828635c8e6eaa83055f793b31a6db159bffa47c7c9979e940"	"byte-exact-verified"	"unreviewed"	"unreviewed"	""	""	"m0-t276-s1-file-identity-taxonomy-001.md"
"MVDM-FILE-0470"	"softpc.new/base/ccpu386/leave.h"	"softpc.new"	"declaration"	"dual-identical"	"O:\repos.external\OpenNT\base\mvdm\softpc.new\base\ccpu386\leave.h"	"3136be645b3cee1a8d493718d568811aace6d8547acc77f2847dbaf9dd7419f6"	"byte-exact-verified"	"unreviewed"	"unreviewed"	""	""	"m0-t276-s1-file-identity-taxonomy-001.md"
"MVDM-FILE-0471"	"softpc.new/base/ccpu386/lgdt.c"	"softpc.new"	"source"	"dual-identical"	"O:\repos.external\OpenNT\base\mvdm\softpc.new\base\ccpu386\lgdt.c"	"9a5d97d05b20a1c3e6a7e065168c1965bdcdee061fd9ca683f55896d4edf1f2c"	"byte-exact-verified"	"unreviewed"	"unreviewed"	""	""	"m0-t276-s1-file-identity-taxonomy-001.md"
"MVDM-FILE-0472"	"softpc.new/base/ccpu386/lgdt.h"	"softpc.new"	"declaration"	"dual-identical"	"O:\repos.external\OpenNT\base\mvdm\softpc.new\base\ccpu386\lgdt.h"	"d4d980a4acea712948432c2cb46e5fadc98d3825eb67bb105bdfc160a67d6f4a"	"byte-exact-verified"	"unreviewed"	"unreviewed"	""	""	"m0-t276-s1-file-identity-taxonomy-001.md"
"MVDM-FILE-0473"	"softpc.new/base/ccpu386/lidt.c"	"softpc.new"	"source"	"dual-identical"	"O:\repos.external\OpenNT\base\mvdm\softpc.new\base\ccpu386\lidt.c"	"00305675f2235c4211471587a50a2f45c02bc93bc4faebcd857e4a96cc045fcb"	"byte-exact-verified"	"unreviewed"	"unreviewed"	""	""	"m0-t276-s1-file-identity-taxonomy-001.md"
"MVDM-FILE-0474"	"softpc.new/base/ccpu386/lidt.h"	"softpc.new"	"declaration"	"dual-identical"	"O:\repos.external\OpenNT\base\mvdm\softpc.new\base\ccpu386\lidt.h"	"5d9526ef637ae3ba701641f54dc93532cadf4e8d9af855709da90c8b46323cb7"	"byte-exact-verified"	"unreviewed"	"unreviewed"	""	""	"m0-t276-s1-file-identity-taxonomy-001.md"
"MVDM-FILE-0475"	"softpc.new/base/ccpu386/lldt.c"	"softpc.new"	"source"	"dual-identical"	"O:\repos.external\OpenNT\base\mvdm\softpc.new\base\ccpu386\lldt.c"	"9b0077be47d4bb3f75e8f521a9db907ec42199c57ab59226e56d6b8013dfe6c6"	"byte-exact-verified"	"unreviewed"	"unreviewed"	""	""	"m0-t276-s1-file-identity-taxonomy-001.md"
"MVDM-FILE-0476"	"softpc.new/base/ccpu386/lldt.h"	"softpc.new"	"declaration"	"dual-identical"	"O:\repos.external\OpenNT\base\mvdm\softpc.new\base\ccpu386\lldt.h"	"2bccdd5f3362c239dbdc2e5346d9d928f52ff982be920115f14ab26802264875"	"byte-exact-verified"	"unreviewed"	"unreviewed"	""	""	"m0-t276-s1-file-identity-taxonomy-001.md"
"MVDM-FILE-0477"	"softpc.new/base/ccpu386/lmsw.c"	"softpc.new"	"source"	"dual-identical"	"O:\repos.external\OpenNT\base\mvdm\softpc.new\base\ccpu386\lmsw.c"	"8bc5bad26249b91c1cc9b3be756575c081b2da322bb8dcc7e9f554d4f68a4e96"	"byte-exact-verified"	"unreviewed"	"unreviewed"	""	""	"m0-t276-s1-file-identity-taxonomy-001.md"
"MVDM-FILE-0478"	"softpc.new/base/ccpu386/lmsw.h"	"softpc.new"	"declaration"	"dual-identical"	"O:\repos.external\OpenNT\base\mvdm\softpc.new\base\ccpu386\lmsw.h"	"07877f749c45c7b6ebf562b442a964326128c60cf095ed961c1f8fcd51e18ae8"	"byte-exact-verified"	"unreviewed"	"unreviewed"	""	""	"m0-t276-s1-file-identity-taxonomy-001.md"
"MVDM-FILE-0479"	"softpc.new/base/ccpu386/localfm.c"	"softpc.new"	"source"	"dual-identical"	"O:\repos.external\OpenNT\base\mvdm\softpc.new\base\ccpu386\localfm.c"	"5dbb2bd74e82d5b87910db81f1411610c84a2d57a553e8cb78080871d19835df"	"byte-exact-verified"	"unreviewed"	"unreviewed"	""	""	"m0-t276-s1-file-identity-taxonomy-001.md"
"MVDM-FILE-0480"	"softpc.new/base/ccpu386/loopxx.c"	"softpc.new"	"source"	"dual-identical"	"O:\repos.external\OpenNT\base\mvdm\softpc.new\base\ccpu386\loopxx.c"	"31f72b86e1edf698a5a82055ff0d762e95358d5a7a452b93504ae432a2403a94"	"byte-exact-verified"	"unreviewed"	"unreviewed"	""	""	"m0-t276-s1-file-identity-taxonomy-001.md"
"MVDM-FILE-0481"	"softpc.new/base/ccpu386/loopxx.h"	"softpc.new"	"declaration"	"dual-identical"	"O:\repos.external\OpenNT\base\mvdm\softpc.new\base\ccpu386\loopxx.h"	"b79f36047bc4a5c336ee401386e81b0d58df62c3f59c43271c4e3284142d6343"	"byte-exact-verified"	"unreviewed"	"unreviewed"	""	""	"m0-t276-s1-file-identity-taxonomy-001.md"
"MVDM-FILE-0482"	"softpc.new/base/ccpu386/lsl.c"	"softpc.new"	"source"	"dual-identical"	"O:\repos.external\OpenNT\base\mvdm\softpc.new\base\ccpu386\lsl.c"	"2ace24ab44a5640aa887e8595da5a5a2ee4c89cba76dcaead2b74267ff4710af"	"byte-exact-verified"	"unreviewed"	"unreviewed"	""	""	"m0-t276-s1-file-identity-taxonomy-001.md"
"MVDM-FILE-0483"	"softpc.new/base/ccpu386/lsl.h"	"softpc.new"	"declaration"	"dual-identical"	"O:\repos.external\OpenNT\base\mvdm\softpc.new\base\ccpu386\lsl.h"	"76bcb8ff17b677daa6874830fa4d36d98b5ae678920c6f000cf7e30b234d60f0"	"byte-exact-verified"	"unreviewed"	"unreviewed"	""	""	"m0-t276-s1-file-identity-taxonomy-001.md"
"MVDM-FILE-0484"	"softpc.new/base/ccpu386/ltr.c"	"softpc.new"	"source"	"dual-identical"	"O:\repos.external\OpenNT\base\mvdm\softpc.new\base\ccpu386\ltr.c"	"1bd1f793db2cfd4066a896d5e8cf87d4abed2327f86cc4f24536a1ea3d80d955"	"byte-exact-verified"	"unreviewed"	"unreviewed"	""	""	"m0-t276-s1-file-identity-taxonomy-001.md"
"MVDM-FILE-0485"	"softpc.new/base/ccpu386/ltr.h"	"softpc.new"	"declaration"	"dual-identical"	"O:\repos.external\OpenNT\base\mvdm\softpc.new\base\ccpu386\ltr.h"	"bb5598207e74d426c09c67466470cb69802ad47b4511c1750b2b9d04c6c25639"	"byte-exact-verified"	"unreviewed"	"unreviewed"	""	""	"m0-t276-s1-file-identity-taxonomy-001.md"
"MVDM-FILE-0486"	"softpc.new/base/ccpu386/lxs.c"	"softpc.new"	"source"	"dual-identical"	"O:\repos.external\OpenNT\base\mvdm\softpc.new\base\ccpu386\lxs.c"	"5e2aab7a7bed12022ba136337f8ce289ba3155f2df7d1ad2c42ca8cd065ccfef"	"byte-exact-verified"	"unreviewed"	"unreviewed"	""	""	"m0-t276-s1-file-identity-taxonomy-001.md"
"MVDM-FILE-0487"	"softpc.new/base/ccpu386/lxs.h"	"softpc.new"	"declaration"	"dual-identical"	"O:\repos.external\OpenNT\base\mvdm\softpc.new\base\ccpu386\lxs.h"	"096f334e8c89d226b85003249ed126c22d8f8da39cc8eac650338756b0a93c56"	"byte-exact-verified"	"unreviewed"	"unreviewed"	""	""	"m0-t276-s1-file-identity-taxonomy-001.md"
"MVDM-FILE-0488"	"softpc.new/base/ccpu386/makefile"	"softpc.new"	"resource-or-other"	"dual-identical"	"O:\repos.external\OpenNT\base\mvdm\softpc.new\base\ccpu386\makefile"	"26957856e8a7f42a1740419cf3451497129f1d8284301d42f1a89ee13dd5a459"	"byte-exact-verified"	"unreviewed"	"unreviewed"	""	""	"m0-t276-s1-file-identity-taxonomy-001.md"
"MVDM-FILE-0489"	"softpc.new/base/ccpu386/mov.c"	"softpc.new"	"source"	"dual-identical"	"O:\repos.external\OpenNT\base\mvdm\softpc.new\base\ccpu386\mov.c"	"d274ed1ad9f8114f8c7ff0c0d6d57f08116d70fd8e6b26f0d0051b70ba9f8348"	"byte-exact-verified"	"unreviewed"	"unreviewed"	""	""	"m0-t276-s1-file-identity-taxonomy-001.md"
"MVDM-FILE-0490"	"softpc.new/base/ccpu386/mov.h"	"softpc.new"	"declaration"	"dual-identical"	"O:\repos.external\OpenNT\base\mvdm\softpc.new\base\ccpu386\mov.h"	"2dff74e2cf449eb21e1c7ac0cf10158ee5dbc0002c27a68745c25dd8c1a5724e"	"byte-exact-verified"	"unreviewed"	"unreviewed"	""	""	"m0-t276-s1-file-identity-taxonomy-001.md"
"MVDM-FILE-0491"	"softpc.new/base/ccpu386/movsx.c"	"softpc.new"	"source"	"dual-identical"	"O:\repos.external\OpenNT\base\mvdm\softpc.new\base\ccpu386\movsx.c"	"e2ecca248d027dbf4854a1181e123b317ca992456011fa8bc37a1fae5ada866c"	"byte-exact-verified"	"unreviewed"	"unreviewed"	""	""	"m0-t276-s1-file-identity-taxonomy-001.md"
"MVDM-FILE-0492"	"softpc.new/base/ccpu386/movsx.h"	"softpc.new"	"declaration"	"dual-identical"	"O:\repos.external\OpenNT\base\mvdm\softpc.new\base\ccpu386\movsx.h"	"69173a0af633f90d946f949b9326bd6ee168b7c41d0a18ed5a007c414d632f40"	"byte-exact-verified"	"unreviewed"	"unreviewed"	""	""	"m0-t276-s1-file-identity-taxonomy-001.md"
"MVDM-FILE-0493"	"softpc.new/base/ccpu386/mul.c"	"softpc.new"	"source"	"dual-identical"	"O:\repos.external\OpenNT\base\mvdm\softpc.new\base\ccpu386\mul.c"	"5e7f349937d7302ae969bbb3fbd994cc93c23c1b4838e5243e7cd242ce384973"	"byte-exact-verified"	"unreviewed"	"unreviewed"	""	""	"m0-t276-s1-file-identity-taxonomy-001.md"
"MVDM-FILE-0494"	"softpc.new/base/ccpu386/mul.h"	"softpc.new"	"declaration"	"dual-identical"	"O:\repos.external\OpenNT\base\mvdm\softpc.new\base\ccpu386\mul.h"	"68aa19fbfb2ad18d08d73abc77f44135e8e2184b48788271d485a28af11b6f9d"	"byte-exact-verified"	"unreviewed"	"unreviewed"	""	""	"m0-t276-s1-file-identity-taxonomy-001.md"
"MVDM-FILE-0495"	"softpc.new/base/ccpu386/neg.c"	"softpc.new"	"source"	"dual-identical"	"O:\repos.external\OpenNT\base\mvdm\softpc.new\base\ccpu386\neg.c"	"a4fede2b745ac97036460e7a516c7673ecc5cfa4c1a12013c3834006a8089a16"	"byte-exact-verified"	"unreviewed"	"unreviewed"	""	""	"m0-t276-s1-file-identity-taxonomy-001.md"
"MVDM-FILE-0496"	"softpc.new/base/ccpu386/neg.h"	"softpc.new"	"declaration"	"dual-identical"	"O:\repos.external\OpenNT\base\mvdm\softpc.new\base\ccpu386\neg.h"	"5cc7a74536f9734b48ee6cf85ad3f4401f4e1898a9039c2201b573ef0943f3f1"	"byte-exact-verified"	"unreviewed"	"unreviewed"	""	""	"m0-t276-s1-file-identity-taxonomy-001.md"
"MVDM-FILE-0497"	"softpc.new/base/ccpu386/newnpx.h"	"softpc.new"	"declaration"	"dual-identical"	"O:\repos.external\OpenNT\base\mvdm\softpc.new\base\ccpu386\newnpx.h"	"ba439d5aedfb13930bc2571d6df13ca3372c04e54b3617cb478b52dac0e35677"	"byte-exact-verified"	"unreviewed"	"unreviewed"	""	""	"m0-t276-s1-file-identity-taxonomy-001.md"
"MVDM-FILE-0498"	"softpc.new/base/ccpu386/nop.c"	"softpc.new"	"source"	"dual-identical"	"O:\repos.external\OpenNT\base\mvdm\softpc.new\base\ccpu386\nop.c"	"b80104e06ba7394c8b4e7a5ce82c19dc9681dbcd149bd2232f1770802d6d10b9"	"byte-exact-verified"	"unreviewed"	"unreviewed"	""	""	"m0-t276-s1-file-identity-taxonomy-001.md"
"MVDM-FILE-0499"	"softpc.new/base/ccpu386/nop.h"	"softpc.new"	"declaration"	"dual-identical"	"O:\repos.external\OpenNT\base\mvdm\softpc.new\base\ccpu386\nop.h"	"f708f19017ca52ef96b8f3f8cd38fd3e4acf93404cc242b188b37eb3aab66602"	"byte-exact-verified"	"unreviewed"	"unreviewed"	""	""	"m0-t276-s1-file-identity-taxonomy-001.md"
"MVDM-FILE-0500"	"softpc.new/base/ccpu386/not.c"	"softpc.new"	"source"	"dual-identical"	"O:\repos.external\OpenNT\base\mvdm\softpc.new\base\ccpu386\not.c"	"5a9167e678094855463f96f0ff6d959cbb3f2d356af3c94ab74c9f4ba6bf68f8"	"byte-exact-verified"	"unreviewed"	"unreviewed"	""	""	"m0-t276-s1-file-identity-taxonomy-001.md"
"MVDM-FILE-0501"	"softpc.new/base/ccpu386/not.h"	"softpc.new"	"declaration"	"dual-identical"	"O:\repos.external\OpenNT\base\mvdm\softpc.new\base\ccpu386\not.h"	"8a3cb20a8e512ea11bc353701165606833d83b408b90e0ab070e85924e08c784"	"byte-exact-verified"	"unreviewed"	"unreviewed"	""	""	"m0-t276-s1-file-identity-taxonomy-001.md"
"MVDM-FILE-0502"	"softpc.new/base/ccpu386/ntstubs.c"	"softpc.new"	"source"	"dual-identical"	"O:\repos.external\OpenNT\base\mvdm\softpc.new\base\ccpu386\ntstubs.c"	"e25542825eb5efb323deae41e8d8368e75e5dcc2acabad02a974f602e67641e8"	"byte-exact-verified"	"unreviewed"	"unreviewed"	""	""	"m0-t276-s1-file-identity-taxonomy-001.md"
"MVDM-FILE-0503"	"softpc.new/base/ccpu386/ntthread.c"	"softpc.new"	"source"	"dual-identical"	"O:\repos.external\OpenNT\base\mvdm\softpc.new\base\ccpu386\ntthread.c"	"3fd33dc3055ac59e0958a8335c9f3d3155d36d76ac1e178c7dd1e4232deb5528"	"byte-exact-verified"	"unreviewed"	"unreviewed"	""	""	"m0-t276-s1-file-identity-taxonomy-001.md"
"MVDM-FILE-0504"	"softpc.new/base/ccpu386/ntthread.h"	"softpc.new"	"declaration"	"dual-identical"	"O:\repos.external\OpenNT\base\mvdm\softpc.new\base\ccpu386\ntthread.h"	"a30d41e57c90bc0b27366debdaa1e6a23c214cc07d757e9f46c7b43fa636328e"	"byte-exact-verified"	"unreviewed"	"unreviewed"	""	""	"m0-t276-s1-file-identity-taxonomy-001.md"
"MVDM-FILE-0505"	"softpc.new/base/ccpu386/or.c"	"softpc.new"	"source"	"dual-identical"	"O:\repos.external\OpenNT\base\mvdm\softpc.new\base\ccpu386\or.c"	"51213de76f39972207c8c68d809530fb469e2376271def4f04b1faaf1bfdbac1"	"byte-exact-verified"	"unreviewed"	"unreviewed"	""	""	"m0-t276-s1-file-identity-taxonomy-001.md"
"MVDM-FILE-0506"	"softpc.new/base/ccpu386/or.h"	"softpc.new"	"declaration"	"dual-identical"	"O:\repos.external\OpenNT\base\mvdm\softpc.new\base\ccpu386\or.h"	"49db3cb8f5a1b8dcdd06a74539a73d995e5c72fee2c02ff419170defe937805f"	"byte-exact-verified"	"unreviewed"	"unreviewed"	""	""	"m0-t276-s1-file-identity-taxonomy-001.md"
"MVDM-FILE-0507"	"softpc.new/base/ccpu386/out.c"	"softpc.new"	"source"	"dual-identical"	"O:\repos.external\OpenNT\base\mvdm\softpc.new\base\ccpu386\out.c"	"520bdebe72dcb263bf2a8312ec543b0414a0456e07959891bddb7d083b52b91b"	"byte-exact-verified"	"unreviewed"	"unreviewed"	""	""	"m0-t276-s1-file-identity-taxonomy-001.md"
"MVDM-FILE-0508"	"softpc.new/base/ccpu386/out.h"	"softpc.new"	"declaration"	"dual-identical"	"O:\repos.external\OpenNT\base\mvdm\softpc.new\base\ccpu386\out.h"	"8e53e3fa7aca9e0fbebcea0fb5092213dcab4c7afe3055228cbaf33cc5179f11"	"byte-exact-verified"	"unreviewed"	"unreviewed"	""	""	"m0-t276-s1-file-identity-taxonomy-001.md"
"MVDM-FILE-0509"	"softpc.new/base/ccpu386/pigger_c.h"	"softpc.new"	"declaration"	"dual-identical"	"O:\repos.external\OpenNT\base\mvdm\softpc.new\base\ccpu386\pigger_c.h"	"f8abfab1a7001e498a6ddb782c8b0831db138e8daad8f52ccfccdd4e2a7c297e"	"byte-exact-verified"	"unreviewed"	"unreviewed"	""	""	"m0-t276-s1-file-identity-taxonomy-001.md"
"MVDM-FILE-0510"	"softpc.new/base/ccpu386/pop.c"	"softpc.new"	"source"	"dual-identical"	"O:\repos.external\OpenNT\base\mvdm\softpc.new\base\ccpu386\pop.c"	"14767b253818e9da970b71f3bc29ce8b9237662a88970f1fbb4fcc73b97d112f"	"byte-exact-verified"	"unreviewed"	"unreviewed"	""	""	"m0-t276-s1-file-identity-taxonomy-001.md"
"MVDM-FILE-0511"	"softpc.new/base/ccpu386/pop.h"	"softpc.new"	"declaration"	"dual-identical"	"O:\repos.external\OpenNT\base\mvdm\softpc.new\base\ccpu386\pop.h"	"e192bdb01ad432036e8ceac3e170e893ad81ba1f5c03046740cfd18417cf74fe"	"byte-exact-verified"	"unreviewed"	"unreviewed"	""	""	"m0-t276-s1-file-identity-taxonomy-001.md"
"MVDM-FILE-0512"	"softpc.new/base/ccpu386/popa.c"	"softpc.new"	"source"	"dual-identical"	"O:\repos.external\OpenNT\base\mvdm\softpc.new\base\ccpu386\popa.c"	"17ef6c6c1af74d46fb9cc2d4544b5deecde2ac422b919e37135f90e016fe694a"	"byte-exact-verified"	"unreviewed"	"unreviewed"	""	""	"m0-t276-s1-file-identity-taxonomy-001.md"
"MVDM-FILE-0513"	"softpc.new/base/ccpu386/popa.h"	"softpc.new"	"declaration"	"dual-identical"	"O:\repos.external\OpenNT\base\mvdm\softpc.new\base\ccpu386\popa.h"	"531a94f3877472735658be95a1aab106c8628f21c174cdf7121c26754de76fc7"	"byte-exact-verified"	"unreviewed"	"unreviewed"	""	""	"m0-t276-s1-file-identity-taxonomy-001.md"
"MVDM-FILE-0514"	"softpc.new/base/ccpu386/popf.c"	"softpc.new"	"source"	"dual-identical"	"O:\repos.external\OpenNT\base\mvdm\softpc.new\base\ccpu386\popf.c"	"66c4fcaf0f3329dc6d7021a0ad8ba910fa775e84d63ad35404ee2a3134dd46c3"	"byte-exact-verified"	"unreviewed"	"unreviewed"	""	""	"m0-t276-s1-file-identity-taxonomy-001.md"
"MVDM-FILE-0515"	"softpc.new/base/ccpu386/popf.h"	"softpc.new"	"declaration"	"dual-identical"	"O:\repos.external\OpenNT\base\mvdm\softpc.new\base\ccpu386\popf.h"	"34b50762c18f15b03594b413138fd87096b8241fe61ef00c27d2f6486f263813"	"byte-exact-verified"	"unreviewed"	"unreviewed"	""	""	"m0-t276-s1-file-identity-taxonomy-001.md"
"MVDM-FILE-0516"	"softpc.new/base/ccpu386/push.c"	"softpc.new"	"source"	"dual-identical"	"O:\repos.external\OpenNT\base\mvdm\softpc.new\base\ccpu386\push.c"	"945a609da6d72f7b790c724eb4df8f12d7fe9ca2d390e55f9cfa19863150e50f"	"byte-exact-verified"	"unreviewed"	"unreviewed"	""	""	"m0-t276-s1-file-identity-taxonomy-001.md"
"MVDM-FILE-0517"	"softpc.new/base/ccpu386/push.h"	"softpc.new"	"declaration"	"dual-identical"	"O:\repos.external\OpenNT\base\mvdm\softpc.new\base\ccpu386\push.h"	"b0df05db109c8b2ec8aeb2ff0803a37783ffb51dd596a5c6c25c8e6c53eb7e56"	"byte-exact-verified"	"unreviewed"	"unreviewed"	""	""	"m0-t276-s1-file-identity-taxonomy-001.md"
"MVDM-FILE-0518"	"softpc.new/base/ccpu386/pusha.c"	"softpc.new"	"source"	"dual-identical"	"O:\repos.external\OpenNT\base\mvdm\softpc.new\base\ccpu386\pusha.c"	"8525fee9d4ccb878b6fd09c474f986102b67beaddd2ba55b73f20bf5bd095716"	"byte-exact-verified"	"unreviewed"	"unreviewed"	""	""	"m0-t276-s1-file-identity-taxonomy-001.md"
"MVDM-FILE-0519"	"softpc.new/base/ccpu386/pusha.h"	"softpc.new"	"declaration"	"dual-identical"	"O:\repos.external\OpenNT\base\mvdm\softpc.new\base\ccpu386\pusha.h"	"a7ba56279ed2ec7357e9bd565578dfd56731a7ad4d20c29eb20e767565843936"	"byte-exact-verified"	"unreviewed"	"unreviewed"	""	""	"m0-t276-s1-file-identity-taxonomy-001.md"
"MVDM-FILE-0520"	"softpc.new/base/ccpu386/pushf.c"	"softpc.new"	"source"	"dual-identical"	"O:\repos.external\OpenNT\base\mvdm\softpc.new\base\ccpu386\pushf.c"	"6012d65695cc0a05229d9591f0675fd45227f27a547560f7c7a177448ed28304"	"byte-exact-verified"	"unreviewed"	"unreviewed"	""	""	"m0-t276-s1-file-identity-taxonomy-001.md"
"MVDM-FILE-0521"	"softpc.new/base/ccpu386/pushf.h"	"softpc.new"	"declaration"	"dual-identical"	"O:\repos.external\OpenNT\base\mvdm\softpc.new\base\ccpu386\pushf.h"	"5473c0c6dc7d862aeb3ba27298f10eaa42abbca8607b3fc84fd4907d91dddb78"	"byte-exact-verified"	"unreviewed"	"unreviewed"	""	""	"m0-t276-s1-file-identity-taxonomy-001.md"
"MVDM-FILE-0522"	"softpc.new/base/ccpu386/rcl.c"	"softpc.new"	"source"	"dual-identical"	"O:\repos.external\OpenNT\base\mvdm\softpc.new\base\ccpu386\rcl.c"	"6c6b3036663637c364e94cd1be954420de6afde0accc603e1bfcd29d7f9f5bec"	"byte-exact-verified"	"unreviewed"	"unreviewed"	""	""	"m0-t276-s1-file-identity-taxonomy-001.md"
"MVDM-FILE-0523"	"softpc.new/base/ccpu386/rcl.h"	"softpc.new"	"declaration"	"dual-identical"	"O:\repos.external\OpenNT\base\mvdm\softpc.new\base\ccpu386\rcl.h"	"93c1dc90b42911df418607e08326e57c0f08d36f141d0aa8efefec53ce9030af"	"byte-exact-verified"	"unreviewed"	"unreviewed"	""	""	"m0-t276-s1-file-identity-taxonomy-001.md"
"MVDM-FILE-0524"	"softpc.new/base/ccpu386/rcr.c"	"softpc.new"	"source"	"dual-identical"	"O:\repos.external\OpenNT\base\mvdm\softpc.new\base\ccpu386\rcr.c"	"901161d1296699b11d15e7eb50d03d072300721de4e6d90c15c9cbe04a9bce21"	"byte-exact-verified"	"unreviewed"	"unreviewed"	""	""	"m0-t276-s1-file-identity-taxonomy-001.md"
"MVDM-FILE-0525"	"softpc.new/base/ccpu386/rcr.h"	"softpc.new"	"declaration"	"dual-identical"	"O:\repos.external\OpenNT\base\mvdm\softpc.new\base\ccpu386\rcr.h"	"f07d9be8794d6bdf8f77b914f682ce2d726dab1cb43438a1b83d1d0a2c67bc39"	"byte-exact-verified"	"unreviewed"	"unreviewed"	""	""	"m0-t276-s1-file-identity-taxonomy-001.md"
"MVDM-FILE-0526"	"softpc.new/base/ccpu386/ret.c"	"softpc.new"	"source"	"dual-identical"	"O:\repos.external\OpenNT\base\mvdm\softpc.new\base\ccpu386\ret.c"	"9531f24ac58029b3a7eb768a49b8e99242b6e9d9fbc5825b6982ae53687688f5"	"byte-exact-verified"	"unreviewed"	"unreviewed"	""	""	"m0-t276-s1-file-identity-taxonomy-001.md"
"MVDM-FILE-0527"	"softpc.new/base/ccpu386/ret.h"	"softpc.new"	"declaration"	"dual-identical"	"O:\repos.external\OpenNT\base\mvdm\softpc.new\base\ccpu386\ret.h"	"8a1fcb385fede1b0bbfdfd653b4637adf8d62a3d6ee827c8ded2287b019534f1"	"byte-exact-verified"	"unreviewed"	"unreviewed"	""	""	"m0-t276-s1-file-identity-taxonomy-001.md"
"MVDM-FILE-0528"	"softpc.new/base/ccpu386/rol.c"	"softpc.new"	"source"	"dual-identical"	"O:\repos.external\OpenNT\base\mvdm\softpc.new\base\ccpu386\rol.c"	"c144421250cbbf966058e3eca5158224ffe11f20e031d6a727f062bd17d8c7da"	"byte-exact-verified"	"unreviewed"	"unreviewed"	""	""	"m0-t276-s1-file-identity-taxonomy-001.md"
"MVDM-FILE-0529"	"softpc.new/base/ccpu386/rol.h"	"softpc.new"	"declaration"	"dual-identical"	"O:\repos.external\OpenNT\base\mvdm\softpc.new\base\ccpu386\rol.h"	"a4aa055ab15c0aebeab6c03695c698cbc163dca8e4a5e98f7e339a51c47fcce2"	"byte-exact-verified"	"unreviewed"	"unreviewed"	""	""	"m0-t276-s1-file-identity-taxonomy-001.md"
"MVDM-FILE-0530"	"softpc.new/base/ccpu386/ror.c"	"softpc.new"	"source"	"dual-identical"	"O:\repos.external\OpenNT\base\mvdm\softpc.new\base\ccpu386\ror.c"	"0c823e97524b246606db531c1702d33c2acc5c3fa4abc63e03504bce87bd5d57"	"byte-exact-verified"	"unreviewed"	"unreviewed"	""	""	"m0-t276-s1-file-identity-taxonomy-001.md"
"MVDM-FILE-0531"	"softpc.new/base/ccpu386/ror.h"	"softpc.new"	"declaration"	"dual-identical"	"O:\repos.external\OpenNT\base\mvdm\softpc.new\base\ccpu386\ror.h"	"29ec301f54dd8b137608e6e7c6fa348a6e1b8a067745cb1cd3b696f83d8a7117"	"byte-exact-verified"	"unreviewed"	"unreviewed"	""	""	"m0-t276-s1-file-identity-taxonomy-001.md"
"MVDM-FILE-0532"	"softpc.new/base/ccpu386/rsrvd.c"	"softpc.new"	"source"	"dual-identical"	"O:\repos.external\OpenNT\base\mvdm\softpc.new\base\ccpu386\rsrvd.c"	"38f3d99bc6cddcecc4a2d66cf63746746a4f6774386c94391ec7fb70582db295"	"byte-exact-verified"	"unreviewed"	"unreviewed"	""	""	"m0-t276-s1-file-identity-taxonomy-001.md"
"MVDM-FILE-0533"	"softpc.new/base/ccpu386/rsrvd.h"	"softpc.new"	"declaration"	"dual-identical"	"O:\repos.external\OpenNT\base\mvdm\softpc.new\base\ccpu386\rsrvd.h"	"246816f3b89b67bc0cb2a7dc18be8823952e37601f0bd148e13dfd72d72089c6"	"byte-exact-verified"	"unreviewed"	"unreviewed"	""	""	"m0-t276-s1-file-identity-taxonomy-001.md"
"MVDM-FILE-0534"	"softpc.new/base/ccpu386/sahf.c"	"softpc.new"	"source"	"dual-identical"	"O:\repos.external\OpenNT\base\mvdm\softpc.new\base\ccpu386\sahf.c"	"fb473e899aaaceef025c2ebf3aba74e7fe5aa9cbffee982443786c53e0fd84f9"	"byte-exact-verified"	"unreviewed"	"unreviewed"	""	""	"m0-t276-s1-file-identity-taxonomy-001.md"
"MVDM-FILE-0535"	"softpc.new/base/ccpu386/sahf.h"	"softpc.new"	"declaration"	"dual-identical"	"O:\repos.external\OpenNT\base\mvdm\softpc.new\base\ccpu386\sahf.h"	"8433ec576a5fba57247bb11b5dc5edc812d8b72c5e2dada14eff8b91c91e731a"	"byte-exact-verified"	"unreviewed"	"unreviewed"	""	""	"m0-t276-s1-file-identity-taxonomy-001.md"
"MVDM-FILE-0536"	"softpc.new/base/ccpu386/sar.c"	"softpc.new"	"source"	"dual-identical"	"O:\repos.external\OpenNT\base\mvdm\softpc.new\base\ccpu386\sar.c"	"4ff881f97ffd7b6b0188f6a95f671b308f06f8da2dfcb4e9c7be3a51ec673011"	"byte-exact-verified"	"unreviewed"	"unreviewed"	""	""	"m0-t276-s1-file-identity-taxonomy-001.md"
"MVDM-FILE-0537"	"softpc.new/base/ccpu386/sar.h"	"softpc.new"	"declaration"	"dual-identical"	"O:\repos.external\OpenNT\base\mvdm\softpc.new\base\ccpu386\sar.h"	"96f3d9dc28f32a9b80b64e9a3f8c66551fc08eb5a1ce205598ce142291baba32"	"byte-exact-verified"	"unreviewed"	"unreviewed"	""	""	"m0-t276-s1-file-identity-taxonomy-001.md"
"MVDM-FILE-0538"	"softpc.new/base/ccpu386/sascdef.c"	"softpc.new"	"source"	"dual-identical"	"O:\repos.external\OpenNT\base\mvdm\softpc.new\base\ccpu386\sascdef.c"	"b8b7832d02bd8f4161e1f71df2968051609da065f4da8287a65e6b14b38a749c"	"byte-exact-verified"	"unreviewed"	"unreviewed"	""	""	"m0-t276-s1-file-identity-taxonomy-001.md"
"MVDM-FILE-0539"	"softpc.new/base/ccpu386/sbb.c"	"softpc.new"	"source"	"dual-identical"	"O:\repos.external\OpenNT\base\mvdm\softpc.new\base\ccpu386\sbb.c"	"99354b3d7ada08d2aacabbcb44d8e36d9a6d2b5641541d23054cf3c0cc18b63b"	"byte-exact-verified"	"unreviewed"	"unreviewed"	""	""	"m0-t276-s1-file-identity-taxonomy-001.md"
"MVDM-FILE-0540"	"softpc.new/base/ccpu386/sbb.h"	"softpc.new"	"declaration"	"dual-identical"	"O:\repos.external\OpenNT\base\mvdm\softpc.new\base\ccpu386\sbb.h"	"95db2a0edaa6a333c71964b78a1c87628ca08d7c6d7db6a5e62ed75a5156dcfd"	"byte-exact-verified"	"unreviewed"	"unreviewed"	""	""	"m0-t276-s1-file-identity-taxonomy-001.md"
"MVDM-FILE-0541"	"softpc.new/base/ccpu386/setxx.c"	"softpc.new"	"source"	"dual-identical"	"O:\repos.external\OpenNT\base\mvdm\softpc.new\base\ccpu386\setxx.c"	"c6c152fa783fc7d54863706ebbb8c969bc851eb24c6587a399a3153f4054aa7f"	"byte-exact-verified"	"unreviewed"	"unreviewed"	""	""	"m0-t276-s1-file-identity-taxonomy-001.md"
"MVDM-FILE-0542"	"softpc.new/base/ccpu386/setxx.h"	"softpc.new"	"declaration"	"dual-identical"	"O:\repos.external\OpenNT\base\mvdm\softpc.new\base\ccpu386\setxx.h"	"58f3a4a228b5160b308c38afbfe1bb417a6279f91aa28b193493e4ed79fa3445"	"byte-exact-verified"	"unreviewed"	"unreviewed"	""	""	"m0-t276-s1-file-identity-taxonomy-001.md"
"MVDM-FILE-0543"	"softpc.new/base/ccpu386/sgdt.c"	"softpc.new"	"source"	"dual-identical"	"O:\repos.external\OpenNT\base\mvdm\softpc.new\base\ccpu386\sgdt.c"	"b4af0fcc8d824d8fc3c2e7d40659844e66e45ee5026ffc17b43d150e513d41fc"	"byte-exact-verified"	"unreviewed"	"unreviewed"	""	""	"m0-t276-s1-file-identity-taxonomy-001.md"
"MVDM-FILE-0544"	"softpc.new/base/ccpu386/sgdt.h"	"softpc.new"	"declaration"	"dual-identical"	"O:\repos.external\OpenNT\base\mvdm\softpc.new\base\ccpu386\sgdt.h"	"97b6c7c6ee43cd9d3262b3a4e097ffa53ca839e625aa6516dc995049ae3224bb"	"byte-exact-verified"	"unreviewed"	"unreviewed"	""	""	"m0-t276-s1-file-identity-taxonomy-001.md"
"MVDM-FILE-0545"	"softpc.new/base/ccpu386/shl.c"	"softpc.new"	"source"	"dual-identical"	"O:\repos.external\OpenNT\base\mvdm\softpc.new\base\ccpu386\shl.c"	"03354bdb3d04e84d2e569273e38952300ddbd1d0f2924c6363c63b2f9064c8c1"	"byte-exact-verified"	"unreviewed"	"unreviewed"	""	""	"m0-t276-s1-file-identity-taxonomy-001.md"
"MVDM-FILE-0546"	"softpc.new/base/ccpu386/shl.h"	"softpc.new"	"declaration"	"dual-identical"	"O:\repos.external\OpenNT\base\mvdm\softpc.new\base\ccpu386\shl.h"	"625184add3562a14965a124fcad868cbbe4fe6ff1f2bf712049c93b6c2ad17fb"	"byte-exact-verified"	"unreviewed"	"unreviewed"	""	""	"m0-t276-s1-file-identity-taxonomy-001.md"
"MVDM-FILE-0547"	"softpc.new/base/ccpu386/shld.c"	"softpc.new"	"source"	"dual-identical"	"O:\repos.external\OpenNT\base\mvdm\softpc.new\base\ccpu386\shld.c"	"0454f3a15e286a17a61cd6d4ad8cc0ec42267e2cb50624b366b136962e3f855e"	"byte-exact-verified"	"unreviewed"	"unreviewed"	""	""	"m0-t276-s1-file-identity-taxonomy-001.md"
"MVDM-FILE-0548"	"softpc.new/base/ccpu386/shld.h"	"softpc.new"	"declaration"	"dual-identical"	"O:\repos.external\OpenNT\base\mvdm\softpc.new\base\ccpu386\shld.h"	"fb05f06e082d423a4f5dd6c01a457f28f3090318965cca37de94d9a4f3197435"	"byte-exact-verified"	"unreviewed"	"unreviewed"	""	""	"m0-t276-s1-file-identity-taxonomy-001.md"
"MVDM-FILE-0549"	"softpc.new/base/ccpu386/shr.c"	"softpc.new"	"source"	"dual-identical"	"O:\repos.external\OpenNT\base\mvdm\softpc.new\base\ccpu386\shr.c"	"423ddf4206e009deb3eab3b17feab5cd4db1c9745643da5809ade351e26d1b70"	"byte-exact-verified"	"unreviewed"	"unreviewed"	""	""	"m0-t276-s1-file-identity-taxonomy-001.md"
"MVDM-FILE-0550"	"softpc.new/base/ccpu386/shr.h"	"softpc.new"	"declaration"	"dual-identical"	"O:\repos.external\OpenNT\base\mvdm\softpc.new\base\ccpu386\shr.h"	"d1c8eec96859525a1eb0d2beac33848ff9017729c0d8affb902e5a49f8abba8a"	"byte-exact-verified"	"unreviewed"	"unreviewed"	""	""	"m0-t276-s1-file-identity-taxonomy-001.md"
"MVDM-FILE-0551"	"softpc.new/base/ccpu386/shrd.c"	"softpc.new"	"source"	"dual-identical"	"O:\repos.external\OpenNT\base\mvdm\softpc.new\base\ccpu386\shrd.c"	"2d3351d8d4920d4691fd4035d6db11b97ab5ea3d15d10b0cac1403e68f9212cd"	"byte-exact-verified"	"unreviewed"	"unreviewed"	""	""	"m0-t276-s1-file-identity-taxonomy-001.md"
"MVDM-FILE-0552"	"softpc.new/base/ccpu386/shrd.h"	"softpc.new"	"declaration"	"dual-identical"	"O:\repos.external\OpenNT\base\mvdm\softpc.new\base\ccpu386\shrd.h"	"2cf91dc8bef4e9e1a4283cb116f2191018c2d0d0d2e32eb962633348eae8302e"	"byte-exact-verified"	"unreviewed"	"unreviewed"	""	""	"m0-t276-s1-file-identity-taxonomy-001.md"
"MVDM-FILE-0553"	"softpc.new/base/ccpu386/sidt.c"	"softpc.new"	"source"	"dual-identical"	"O:\repos.external\OpenNT\base\mvdm\softpc.new\base\ccpu386\sidt.c"	"d6882f92a0171ebd6f5137d401e2af4f89c0e854f0349d51650096d755b1a9a0"	"byte-exact-verified"	"unreviewed"	"unreviewed"	""	""	"m0-t276-s1-file-identity-taxonomy-001.md"
"MVDM-FILE-0554"	"softpc.new/base/ccpu386/sidt.h"	"softpc.new"	"declaration"	"dual-identical"	"O:\repos.external\OpenNT\base\mvdm\softpc.new\base\ccpu386\sidt.h"	"21bce10a1066dc106468e88949f2dcb182984350fddaa8c693595f6e1bd98f07"	"byte-exact-verified"	"unreviewed"	"unreviewed"	""	""	"m0-t276-s1-file-identity-taxonomy-001.md"
"MVDM-FILE-0555"	"softpc.new/base/ccpu386/sldt.c"	"softpc.new"	"source"	"dual-identical"	"O:\repos.external\OpenNT\base\mvdm\softpc.new\base\ccpu386\sldt.c"	"5f183fc3800019fd4f4ce0368a49d7d285a2d03c1745eb9e391f1fcdb3ad73d0"	"byte-exact-verified"	"unreviewed"	"unreviewed"	""	""	"m0-t276-s1-file-identity-taxonomy-001.md"
"MVDM-FILE-0556"	"softpc.new/base/ccpu386/sldt.h"	"softpc.new"	"declaration"	"dual-identical"	"O:\repos.external\OpenNT\base\mvdm\softpc.new\base\ccpu386\sldt.h"	"082d43e79865684736d91f150fd90f829fd171f538dd621e58ee7442aae748f2"	"byte-exact-verified"	"unreviewed"	"unreviewed"	""	""	"m0-t276-s1-file-identity-taxonomy-001.md"
"MVDM-FILE-0557"	"softpc.new/base/ccpu386/smsw.c"	"softpc.new"	"source"	"dual-identical"	"O:\repos.external\OpenNT\base\mvdm\softpc.new\base\ccpu386\smsw.c"	"7fe73c7e862d37d6294acc23c667b0b3d99d9295c78d80138d5c22902b9a1e30"	"byte-exact-verified"	"unreviewed"	"unreviewed"	""	""	"m0-t276-s1-file-identity-taxonomy-001.md"
"MVDM-FILE-0558"	"softpc.new/base/ccpu386/smsw.h"	"softpc.new"	"declaration"	"dual-identical"	"O:\repos.external\OpenNT\base\mvdm\softpc.new\base\ccpu386\smsw.h"	"5745520185fcc590da10a1b6b133360f6c3ae6ab43c58c96db8d2b23af8bf066"	"byte-exact-verified"	"unreviewed"	"unreviewed"	""	""	"m0-t276-s1-file-identity-taxonomy-001.md"
"MVDM-FILE-0559"	"softpc.new/base/ccpu386/sources"	"softpc.new"	"resource-or-other"	"dual-identical"	"O:\repos.external\OpenNT\base\mvdm\softpc.new\base\ccpu386\sources"	"6dc49164a86efb90776924f463fc0e1ec064436e21339b92e709449a73779431"	"byte-exact-verified"	"unreviewed"	"unreviewed"	""	""	"m0-t276-s1-file-identity-taxonomy-001.md"
"MVDM-FILE-0560"	"softpc.new/base/ccpu386/stc.c"	"softpc.new"	"source"	"dual-identical"	"O:\repos.external\OpenNT\base\mvdm\softpc.new\base\ccpu386\stc.c"	"daea4a3de631e0c901f146556fab07444c38c4c0f3781d3c0ad4b9e09bbe341e"	"byte-exact-verified"	"unreviewed"	"unreviewed"	""	""	"m0-t276-s1-file-identity-taxonomy-001.md"
"MVDM-FILE-0561"	"softpc.new/base/ccpu386/stc.h"	"softpc.new"	"declaration"	"dual-identical"	"O:\repos.external\OpenNT\base\mvdm\softpc.new\base\ccpu386\stc.h"	"62b2b047c76ceb8367aa14867e300e9260c152985e69a8199e23ba9cc69a7460"	"byte-exact-verified"	"unreviewed"	"unreviewed"	""	""	"m0-t276-s1-file-identity-taxonomy-001.md"
"MVDM-FILE-0562"	"softpc.new/base/ccpu386/std.c"	"softpc.new"	"source"	"dual-identical"	"O:\repos.external\OpenNT\base\mvdm\softpc.new\base\ccpu386\std.c"	"0fc14a782e8ecd49bcafb0b8c546ae036ed2fc22bfa58d9d557b42b5c1441d5a"	"byte-exact-verified"	"unreviewed"	"unreviewed"	""	""	"m0-t276-s1-file-identity-taxonomy-001.md"
"MVDM-FILE-0563"	"softpc.new/base/ccpu386/std.h"	"softpc.new"	"declaration"	"dual-identical"	"O:\repos.external\OpenNT\base\mvdm\softpc.new\base\ccpu386\std.h"	"6e3db249250942cbdbb4b625133d0f44a1cdb7becfb3b4b8fc03897e18a02a49"	"byte-exact-verified"	"unreviewed"	"unreviewed"	""	""	"m0-t276-s1-file-identity-taxonomy-001.md"
"MVDM-FILE-0564"	"softpc.new/base/ccpu386/sti.c"	"softpc.new"	"source"	"dual-identical"	"O:\repos.external\OpenNT\base\mvdm\softpc.new\base\ccpu386\sti.c"	"b346f919ae1ea5481cec82ecfae4e82d54a68443f74c88b6b54598086786594e"	"byte-exact-verified"	"unreviewed"	"unreviewed"	""	""	"m0-t276-s1-file-identity-taxonomy-001.md"
"MVDM-FILE-0565"	"softpc.new/base/ccpu386/sti.h"	"softpc.new"	"declaration"	"dual-identical"	"O:\repos.external\OpenNT\base\mvdm\softpc.new\base\ccpu386\sti.h"	"5df569f0be1502c277d03c38596768f1133e5283158537cabab7bccc602d308a"	"byte-exact-verified"	"unreviewed"	"unreviewed"	""	""	"m0-t276-s1-file-identity-taxonomy-001.md"
"MVDM-FILE-0566"	"softpc.new/base/ccpu386/str.c"	"softpc.new"	"source"	"dual-identical"	"O:\repos.external\OpenNT\base\mvdm\softpc.new\base\ccpu386\str.c"	"09f56d9113cdcd647f125999d65669389de9ca626498f9b2a84c330ad8cbede0"	"byte-exact-verified"	"unreviewed"	"unreviewed"	""	""	"m0-t276-s1-file-identity-taxonomy-001.md"
"MVDM-FILE-0567"	"softpc.new/base/ccpu386/str.h"	"softpc.new"	"declaration"	"dual-identical"	"O:\repos.external\OpenNT\base\mvdm\softpc.new\base\ccpu386\str.h"	"e1e7a752a34e30d7c4fc21aaa134c1b9e57d16d5a9c32159e7fb528762f16173"	"byte-exact-verified"	"unreviewed"	"unreviewed"	""	""	"m0-t276-s1-file-identity-taxonomy-001.md"
"MVDM-FILE-0568"	"softpc.new/base/ccpu386/stubs.c"	"softpc.new"	"source"	"dual-identical"	"O:\repos.external\OpenNT\base\mvdm\softpc.new\base\ccpu386\stubs.c"	"534109ed4bb792f42b8cd8e3020c9464f529d564770a22d87d98739c1138f0d8"	"byte-exact-verified"	"unreviewed"	"unreviewed"	""	""	"m0-t276-s1-file-identity-taxonomy-001.md"
"MVDM-FILE-0569"	"softpc.new/base/ccpu386/sub.c"	"softpc.new"	"source"	"dual-identical"	"O:\repos.external\OpenNT\base\mvdm\softpc.new\base\ccpu386\sub.c"	"f89fbd25b2017e4216ce7c1336749d012fc1c71b55708ac1e1aafe283c3b8587"	"byte-exact-verified"	"unreviewed"	"unreviewed"	""	""	"m0-t276-s1-file-identity-taxonomy-001.md"
"MVDM-FILE-0570"	"softpc.new/base/ccpu386/sub.h"	"softpc.new"	"declaration"	"dual-identical"	"O:\repos.external\OpenNT\base\mvdm\softpc.new\base\ccpu386\sub.h"	"673263269f7ceb07ccbb2caf43610665917208979896e4ae8c30fb781b5a63f7"	"byte-exact-verified"	"unreviewed"	"unreviewed"	""	""	"m0-t276-s1-file-identity-taxonomy-001.md"
"MVDM-FILE-0571"	"softpc.new/base/ccpu386/test.c"	"softpc.new"	"source"	"dual-identical"	"O:\repos.external\OpenNT\base\mvdm\softpc.new\base\ccpu386\test.c"	"c3c97ce3dc828fd8a33e9fb3981e52b184fdc11dd4da1127392688c283e33ea0"	"byte-exact-verified"	"unreviewed"	"unreviewed"	""	""	"m0-t276-s1-file-identity-taxonomy-001.md"
"MVDM-FILE-0572"	"softpc.new/base/ccpu386/test.h"	"softpc.new"	"declaration"	"dual-identical"	"O:\repos.external\OpenNT\base\mvdm\softpc.new\base\ccpu386\test.h"	"559b1edca4c0a096ce6fad1b771acf3ef6f98251290f84bd222dce7770e3aedf"	"byte-exact-verified"	"unreviewed"	"unreviewed"	""	""	"m0-t276-s1-file-identity-taxonomy-001.md"
"MVDM-FILE-0573"	"softpc.new/base/ccpu386/univer_c.h"	"softpc.new"	"declaration"	"dual-identical"	"O:\repos.external\OpenNT\base\mvdm\softpc.new\base\ccpu386\univer_c.h"	"72655450d96db6f58f2dbd8887334222647014e38f8386fad58791502dcd52cd"	"byte-exact-verified"	"unreviewed"	"unreviewed"	""	""	"m0-t276-s1-file-identity-taxonomy-001.md"
"MVDM-FILE-0574"	"softpc.new/base/ccpu386/verr.c"	"softpc.new"	"source"	"dual-identical"	"O:\repos.external\OpenNT\base\mvdm\softpc.new\base\ccpu386\verr.c"	"9a1f7727aa190d47ec138106008481ac77652cdaad96469795ce526fae3e8fb1"	"byte-exact-verified"	"unreviewed"	"unreviewed"	""	""	"m0-t276-s1-file-identity-taxonomy-001.md"
"MVDM-FILE-0575"	"softpc.new/base/ccpu386/verr.h"	"softpc.new"	"declaration"	"dual-identical"	"O:\repos.external\OpenNT\base\mvdm\softpc.new\base\ccpu386\verr.h"	"f99809f1b5441d0dcb621c64495ddfdb277d4eaa312adcab5a2f715e6304233a"	"byte-exact-verified"	"unreviewed"	"unreviewed"	""	""	"m0-t276-s1-file-identity-taxonomy-001.md"
"MVDM-FILE-0576"	"softpc.new/base/ccpu386/verw.c"	"softpc.new"	"source"	"dual-identical"	"O:\repos.external\OpenNT\base\mvdm\softpc.new\base\ccpu386\verw.c"	"58a4c43cca9eb9c8ab7692fa3708628f556b9ed09b5d0bec7898d5ebbf432bf2"	"byte-exact-verified"	"unreviewed"	"unreviewed"	""	""	"m0-t276-s1-file-identity-taxonomy-001.md"
"MVDM-FILE-0577"	"softpc.new/base/ccpu386/verw.h"	"softpc.new"	"declaration"	"dual-identical"	"O:\repos.external\OpenNT\base\mvdm\softpc.new\base\ccpu386\verw.h"	"2d3c94afa13eab4093d4fc971b177c178b238378b23dd74eec6a1fd2f2eeda37"	"byte-exact-verified"	"unreviewed"	"unreviewed"	""	""	"m0-t276-s1-file-identity-taxonomy-001.md"
"MVDM-FILE-0578"	"softpc.new/base/ccpu386/vglob.c"	"softpc.new"	"source"	"dual-identical"	"O:\repos.external\OpenNT\base\mvdm\softpc.new\base\ccpu386\vglob.c"	"e695a9807285703119cffb0c3bc8a3aa6433ede43efa499f21a6e736f94395d8"	"byte-exact-verified"	"unreviewed"	"unreviewed"	""	""	"m0-t276-s1-file-identity-taxonomy-001.md"
"MVDM-FILE-0579"	"softpc.new/base/ccpu386/wait.c"	"softpc.new"	"source"	"dual-identical"	"O:\repos.external\OpenNT\base\mvdm\softpc.new\base\ccpu386\wait.c"	"26dcda8641eff26a1d23f14e204caaafc17bb06ee9e04e8ac0acf676d8586991"	"byte-exact-verified"	"unreviewed"	"unreviewed"	""	""	"m0-t276-s1-file-identity-taxonomy-001.md"
"MVDM-FILE-0580"	"softpc.new/base/ccpu386/wait.h"	"softpc.new"	"declaration"	"dual-identical"	"O:\repos.external\OpenNT\base\mvdm\softpc.new\base\ccpu386\wait.h"	"000adda27c9888d653f77d0d519fd985f01cc3af8ac9244594f4132e09112afe"	"byte-exact-verified"	"unreviewed"	"unreviewed"	""	""	"m0-t276-s1-file-identity-taxonomy-001.md"
"MVDM-FILE-0581"	"softpc.new/base/ccpu386/wbinvd.c"	"softpc.new"	"source"	"dual-identical"	"O:\repos.external\OpenNT\base\mvdm\softpc.new\base\ccpu386\wbinvd.c"	"61cc2d303ac4935f8dc024ead2c3020201a10d3a5b08403f65f0b130bb2a537d"	"byte-exact-verified"	"unreviewed"	"unreviewed"	""	""	"m0-t276-s1-file-identity-taxonomy-001.md"
"MVDM-FILE-0582"	"softpc.new/base/ccpu386/wbinvd.h"	"softpc.new"	"declaration"	"dual-identical"	"O:\repos.external\OpenNT\base\mvdm\softpc.new\base\ccpu386\wbinvd.h"	"806a12eb2d541fc4b7e1c160b97c8cc81d8551a3fe685a0439a72de2099affa2"	"byte-exact-verified"	"unreviewed"	"unreviewed"	""	""	"m0-t276-s1-file-identity-taxonomy-001.md"
"MVDM-FILE-0583"	"softpc.new/base/ccpu386/xadd.c"	"softpc.new"	"source"	"dual-identical"	"O:\repos.external\OpenNT\base\mvdm\softpc.new\base\ccpu386\xadd.c"	"80d97ce7d9b57b24c6b498b72def5e847ca39642545bd841f0fbae5725c702e2"	"byte-exact-verified"	"unreviewed"	"unreviewed"	""	""	"m0-t276-s1-file-identity-taxonomy-001.md"
"MVDM-FILE-0584"	"softpc.new/base/ccpu386/xadd.h"	"softpc.new"	"declaration"	"dual-identical"	"O:\repos.external\OpenNT\base\mvdm\softpc.new\base\ccpu386\xadd.h"	"793871fec24b535636658e9124381c3f5a4ebea319d19c6d59330539bd7ed154"	"byte-exact-verified"	"unreviewed"	"unreviewed"	""	""	"m0-t276-s1-file-identity-taxonomy-001.md"
"MVDM-FILE-0585"	"softpc.new/base/ccpu386/xchg.c"	"softpc.new"	"source"	"dual-identical"	"O:\repos.external\OpenNT\base\mvdm\softpc.new\base\ccpu386\xchg.c"	"e5a2fd36c18fdd3d833eef70b16ab653b49513e9d0767afb1478efca54045f19"	"byte-exact-verified"	"unreviewed"	"unreviewed"	""	""	"m0-t276-s1-file-identity-taxonomy-001.md"
"MVDM-FILE-0586"	"softpc.new/base/ccpu386/xchg.h"	"softpc.new"	"declaration"	"dual-identical"	"O:\repos.external\OpenNT\base\mvdm\softpc.new\base\ccpu386\xchg.h"	"b12f6f0ab67ce7a232459be61a8b379d4387cd144470353685663a1f8bba6386"	"byte-exact-verified"	"unreviewed"	"unreviewed"	""	""	"m0-t276-s1-file-identity-taxonomy-001.md"
"MVDM-FILE-0587"	"softpc.new/base/ccpu386/xlat.c"	"softpc.new"	"source"	"dual-identical"	"O:\repos.external\OpenNT\base\mvdm\softpc.new\base\ccpu386\xlat.c"	"de749c418a1639c589c39d6e0ecb7ad95084c33da1a40a61bcbc617257dee9a6"	"byte-exact-verified"	"unreviewed"	"unreviewed"	""	""	"m0-t276-s1-file-identity-taxonomy-001.md"
"MVDM-FILE-0588"	"softpc.new/base/ccpu386/xlat.h"	"softpc.new"	"declaration"	"dual-identical"	"O:\repos.external\OpenNT\base\mvdm\softpc.new\base\ccpu386\xlat.h"	"5b57d6d0c24d17bf8ae58dbf89e448433c677519c6378f70afb71d2fa23cdfcc"	"byte-exact-verified"	"unreviewed"	"unreviewed"	""	""	"m0-t276-s1-file-identity-taxonomy-001.md"
"MVDM-FILE-0589"	"softpc.new/base/ccpu386/xor.c"	"softpc.new"	"source"	"dual-identical"	"O:\repos.external\OpenNT\base\mvdm\softpc.new\base\ccpu386\xor.c"	"2f27c4985f7a2b6f0233c849d58e59b65cfdcbeeea200ea2826b07ede495700c"	"byte-exact-verified"	"unreviewed"	"unreviewed"	""	""	"m0-t276-s1-file-identity-taxonomy-001.md"
"MVDM-FILE-0590"	"softpc.new/base/ccpu386/xor.h"	"softpc.new"	"declaration"	"dual-identical"	"O:\repos.external\OpenNT\base\mvdm\softpc.new\base\ccpu386\xor.h"	"e7e20db6c873645c2f54e9154245a085684e6fc88e6bb586f16c9243cb33f215"	"byte-exact-verified"	"unreviewed"	"unreviewed"	""	""	"m0-t276-s1-file-identity-taxonomy-001.md"
"MVDM-FILE-0591"	"softpc.new/base/ccpu386/zfrsrvd.c"	"softpc.new"	"source"	"dual-identical"	"O:\repos.external\OpenNT\base\mvdm\softpc.new\base\ccpu386\zfrsrvd.c"	"3beaf1ec7ca8ac2092bb88de4597a19de8aecdd564fa2b55ccb1a4009041e961"	"byte-exact-verified"	"unreviewed"	"unreviewed"	""	""	"m0-t276-s1-file-identity-taxonomy-001.md"
"MVDM-FILE-0592"	"softpc.new/base/ccpu386/zfrsrvd.h"	"softpc.new"	"declaration"	"dual-identical"	"O:\repos.external\OpenNT\base\mvdm\softpc.new\base\ccpu386\zfrsrvd.h"	"b52e68f5e259a77948c37e74546a942183a6d2b04f4926fee626da743bd597a9"	"byte-exact-verified"	"unreviewed"	"unreviewed"	""	""	"m0-t276-s1-file-identity-taxonomy-001.md"
"MVDM-FILE-0593"	"softpc.new/base/comms/com.c"	"softpc.new"	"source"	"dual-identical"	"O:\repos.external\OpenNT\base\mvdm\softpc.new\base\comms\com.c"	"64ea04370f3e5295b9cdc88d34d3badc03b68ec33ce23715c58a29085ba1e4b3"	"byte-exact-verified"	"unreviewed"	"unreviewed"	""	""	"m0-t276-s1-file-identity-taxonomy-001.md"
"MVDM-FILE-0594"	"softpc.new/base/comms/makefile"	"softpc.new"	"resource-or-other"	"dual-identical"	"O:\repos.external\OpenNT\base\mvdm\softpc.new\base\comms\makefile"	"26957856e8a7f42a1740419cf3451497129f1d8284301d42f1a89ee13dd5a459"	"byte-exact-verified"	"unreviewed"	"unreviewed"	""	""	"m0-t276-s1-file-identity-taxonomy-001.md"
"MVDM-FILE-0595"	"softpc.new/base/comms/printer.c"	"softpc.new"	"source"	"dual-identical"	"O:\repos.external\OpenNT\base\mvdm\softpc.new\base\comms\printer.c"	"b1456dcbc0dc6b4d1fd5d101bfaa6bdc9a4cd5d970c14215f3ae62a173f17ccb"	"byte-exact-verified"	"unreviewed"	"unreviewed"	""	""	"m0-t276-s1-file-identity-taxonomy-001.md"
"MVDM-FILE-0596"	"softpc.new/base/comms/printer_.c"	"softpc.new"	"source"	"dual-identical"	"O:\repos.external\OpenNT\base\mvdm\softpc.new\base\comms\printer_.c"	"53edfe9fb4bb9d965acb8a7cc5f33d14cdf0694957dadfa912e0175488dbcf81"	"byte-exact-verified"	"unreviewed"	"unreviewed"	""	""	"m0-t276-s1-file-identity-taxonomy-001.md"
"MVDM-FILE-0597"	"softpc.new/base/comms/prt_scrn.c"	"softpc.new"	"source"	"dual-identical"	"O:\repos.external\OpenNT\base\mvdm\softpc.new\base\comms\prt_scrn.c"	"8be0f3950eb2daa5b35d7e789fc7b7895dc68b2b841b97f056e2a304b157ea23"	"byte-exact-verified"	"unreviewed"	"unreviewed"	""	""	"m0-t276-s1-file-identity-taxonomy-001.md"
"MVDM-FILE-0598"	"softpc.new/base/comms/rs232_io.c"	"softpc.new"	"source"	"dual-identical"	"O:\repos.external\OpenNT\base\mvdm\softpc.new\base\comms\rs232_io.c"	"534f7058f657be386f25950d5e1750a4f5017f67e4890201983fbbb3d74f379f"	"byte-exact-verified"	"unreviewed"	"unreviewed"	""	""	"m0-t276-s1-file-identity-taxonomy-001.md"
"MVDM-FILE-0599"	"softpc.new/base/comms/sources"	"softpc.new"	"resource-or-other"	"dual-identical"	"O:\repos.external\OpenNT\base\mvdm\softpc.new\base\comms\sources"	"7c38248515e1a33e1040e98f042c43edd524de4e8abe0938ef11d1f28eb1b3fb"	"byte-exact-verified"	"unreviewed"	"unreviewed"	""	""	"m0-t276-s1-file-identity-taxonomy-001.md"
"MVDM-FILE-0600"	"softpc.new/base/cpu/src/evid/ev_glue.c"	"softpc.new"	"source"	"dual-identical"	"O:\repos.external\OpenNT\base\mvdm\softpc.new\base\cpu\src\evid\ev_glue.c"	"6bd49962ea383cc53b11db3091c3c97874adf9ea0c3a76c0d8165ef6ece21032"	"byte-exact-verified"	"unreviewed"	"unreviewed"	""	""	"m0-t276-s1-file-identity-taxonomy-001.md"
"MVDM-FILE-0601"	"softpc.new/base/cpu/src/evid/ev_stubs.c"	"softpc.new"	"source"	"dual-identical"	"O:\repos.external\OpenNT\base\mvdm\softpc.new\base\cpu\src\evid\ev_stubs.c"	"b289023dddb237935d44129c5968e2b225a86e95f0ca84274e132fd9b41735bd"	"byte-exact-verified"	"unreviewed"	"unreviewed"	""	""	"m0-t276-s1-file-identity-taxonomy-001.md"
"MVDM-FILE-0602"	"softpc.new/base/cpu/src/evid/vglob.c"	"softpc.new"	"source"	"dual-identical"	"O:\repos.external\OpenNT\base\mvdm\softpc.new\base\cpu\src\evid\vglob.c"	"e695a9807285703119cffb0c3bc8a3aa6433ede43efa499f21a6e736f94395d8"	"byte-exact-verified"	"unreviewed"	"unreviewed"	""	""	"m0-t276-s1-file-identity-taxonomy-001.md"
"MVDM-FILE-0603"	"softpc.new/base/cvidc/acc_efi.h"	"softpc.new"	"declaration"	"dual-identical"	"O:\repos.external\OpenNT\base\mvdm\softpc.new\base\cvidc\acc_efi.h"	"1223e330518775a04b49d913c8fbdff86d2eec0c8308218640d7fa9215c72142"	"byte-exact-verified"	"unreviewed"	"unreviewed"	""	""	"m0-t276-s1-file-identity-taxonomy-001.md"
"MVDM-FILE-0604"	"softpc.new/base/cvidc/access_c.h"	"softpc.new"	"declaration"	"dual-identical"	"O:\repos.external\OpenNT\base\mvdm\softpc.new\base\cvidc\access_c.h"	"cc53344d9ce5df3d47fc7dee463862e8fa769dd59fe885ce7dc4fcd0040b53c2"	"byte-exact-verified"	"unreviewed"	"unreviewed"	""	""	"m0-t276-s1-file-identity-taxonomy-001.md"
"MVDM-FILE-0605"	"softpc.new/base/cvidc/accessfn.c"	"softpc.new"	"source"	"dual-identical"	"O:\repos.external\OpenNT\base\mvdm\softpc.new\base\cvidc\accessfn.c"	"326046c10f56b4da4eb4d7fe8b7e2052a46955a229cd94f717ab3ff6b52a1a37"	"byte-exact-verified"	"unreviewed"	"unreviewed"	""	""	"m0-t276-s1-file-identity-taxonomy-001.md"
"MVDM-FILE-0606"	"softpc.new/base/cvidc/add_c.h"	"softpc.new"	"declaration"	"dual-identical"	"O:\repos.external\OpenNT\base\mvdm\softpc.new\base\cvidc\add_c.h"	"bdfdef60fa4638fd94c3e45818d694059ba9954032eca0d48f2f53531700b16c"	"byte-exact-verified"	"unreviewed"	"unreviewed"	""	""	"m0-t276-s1-file-identity-taxonomy-001.md"
"MVDM-FILE-0607"	"softpc.new/base/cvidc/adjust_c.h"	"softpc.new"	"declaration"	"dual-identical"	"O:\repos.external\OpenNT\base\mvdm\softpc.new\base\cvidc\adjust_c.h"	"18bb94f5513c4a2f4dcaec3f288db019233ed37efa0791b1fad8f0144a3c8b79"	"byte-exact-verified"	"unreviewed"	"unreviewed"	""	""	"m0-t276-s1-file-identity-taxonomy-001.md"
"MVDM-FILE-0608"	"softpc.new/base/cvidc/axphst_c.h"	"softpc.new"	"declaration"	"dual-identical"	"O:\repos.external\OpenNT\base\mvdm\softpc.new\base\cvidc\axphst_c.h"	"4c92e15b0a17c025cf37e87bd2955cce9f06ff9a4ee288f03c66b5644be68399"	"byte-exact-verified"	"unreviewed"	"unreviewed"	""	""	"m0-t276-s1-file-identity-taxonomy-001.md"
"MVDM-FILE-0609"	"softpc.new/base/cvidc/bldr_c.h"	"softpc.new"	"declaration"	"dual-identical"	"O:\repos.external\OpenNT\base\mvdm\softpc.new\base\cvidc\bldr_c.h"	"d978314db9d215d2287927bb580dbf4a80cecd5f565ea4dbbf8f7523c11e0ca5"	"byte-exact-verified"	"unreviewed"	"unreviewed"	""	""	"m0-t276-s1-file-identity-taxonomy-001.md"
"MVDM-FILE-0610"	"softpc.new/base/cvidc/bodge_c.h"	"softpc.new"	"declaration"	"dual-identical"	"O:\repos.external\OpenNT\base\mvdm\softpc.new\base\cvidc\bodge_c.h"	"42135d53da8eb4733cbfbc6fe1ea2408f7b3595ad957e5b929a16d97941d6eea"	"byte-exact-verified"	"unreviewed"	"unreviewed"	""	""	"m0-t276-s1-file-identity-taxonomy-001.md"
"MVDM-FILE-0611"	"softpc.new/base/cvidc/bound_c.h"	"softpc.new"	"declaration"	"dual-identical"	"O:\repos.external\OpenNT\base\mvdm\softpc.new\base\cvidc\bound_c.h"	"8b0d1f2e0c5d4e9f5224ed6cb4ead97998253645e10fe5566af9a7b5e449a83d"	"byte-exact-verified"	"unreviewed"	"unreviewed"	""	""	"m0-t276-s1-file-identity-taxonomy-001.md"
"MVDM-FILE-0612"	"softpc.new/base/cvidc/bpi_c.h"	"softpc.new"	"declaration"	"dual-identical"	"O:\repos.external\OpenNT\base\mvdm\softpc.new\base\cvidc\bpi_c.h"	"33d2ec9594b2134ab81aab6a37c4397651a390f6b0fd4b5f9aea98f66aaea911"	"byte-exact-verified"	"unreviewed"	"unreviewed"	""	""	"m0-t276-s1-file-identity-taxonomy-001.md"
"MVDM-FILE-0613"	"softpc.new/base/cvidc/bswap_c.h"	"softpc.new"	"declaration"	"dual-identical"	"O:\repos.external\OpenNT\base\mvdm\softpc.new\base\cvidc\bswap_c.h"	"99c5aa2603e3730857fd2a9404ef71f66231d3dbb5ca8732b61a265aed184cd2"	"byte-exact-verified"	"unreviewed"	"unreviewed"	""	""	"m0-t276-s1-file-identity-taxonomy-001.md"
"MVDM-FILE-0614"	"softpc.new/base/cvidc/btest_c.h"	"softpc.new"	"declaration"	"dual-identical"	"O:\repos.external\OpenNT\base\mvdm\softpc.new\base\cvidc\btest_c.h"	"7de5938d9b167251bd61e326d7f2142381f7fac36cf942195f8cc3b10ac3f595"	"byte-exact-verified"	"unreviewed"	"unreviewed"	""	""	"m0-t276-s1-file-identity-taxonomy-001.md"
"MVDM-FILE-0615"	"softpc.new/base/cvidc/buffer_c.h"	"softpc.new"	"declaration"	"dual-identical"	"O:\repos.external\OpenNT\base\mvdm\softpc.new\base\cvidc\buffer_c.h"	"76e130306d75308a614f40d3a0507f1b546c12ce41c0c95ee87cd8834d5ba305"	"byte-exact-verified"	"unreviewed"	"unreviewed"	""	""	"m0-t276-s1-file-identity-taxonomy-001.md"
"MVDM-FILE-0616"	"softpc.new/base/cvidc/c2cpug_c.h"	"softpc.new"	"declaration"	"dual-identical"	"O:\repos.external\OpenNT\base\mvdm\softpc.new\base\cvidc\c2cpug_c.h"	"6cd353c8cb0576c532e0cddc5f7b27ba6a7c58c4e5197851db857c18d1ce1d9f"	"byte-exact-verified"	"unreviewed"	"unreviewed"	""	""	"m0-t276-s1-file-identity-taxonomy-001.md"
"MVDM-FILE-0617"	"softpc.new/base/cvidc/c2cpusad.h"	"softpc.new"	"declaration"	"dual-identical"	"O:\repos.external\OpenNT\base\mvdm\softpc.new\base\cvidc\c2cpusad.h"	"6f73c73102647669a8db411c8a6a2ac6412fe2ccbb3daa6331b7b8fd2717260b"	"byte-exact-verified"	"unreviewed"	"unreviewed"	""	""	"m0-t276-s1-file-identity-taxonomy-001.md"
"MVDM-FILE-0618"	"softpc.new/base/cvidc/c2cput_c.h"	"softpc.new"	"declaration"	"dual-identical"	"O:\repos.external\OpenNT\base\mvdm\softpc.new\base\cvidc\c2cput_c.h"	"675216d270ea83bb20f5a3323de6c04c280f363f921cb4b037fc5786a26aa49d"	"byte-exact-verified"	"unreviewed"	"unreviewed"	""	""	"m0-t276-s1-file-identity-taxonomy-001.md"
"MVDM-FILE-0619"	"softpc.new/base/cvidc/ccpudefs.inc"	"softpc.new"	"declaration"	"dual-identical"	"O:\repos.external\OpenNT\base\mvdm\softpc.new\base\cvidc\ccpudefs.inc"	"de75d67c7168f04ae82715b4dd56663093589d3fdd36bd828c6267bd6d041a6d"	"byte-exact-verified"	"unreviewed"	"unreviewed"	""	""	"m0-t276-s1-file-identity-taxonomy-001.md"
"MVDM-FILE-0620"	"softpc.new/base/cvidc/chain2_c.h"	"softpc.new"	"declaration"	"dual-identical"	"O:\repos.external\OpenNT\base\mvdm\softpc.new\base\cvidc\chain2_c.h"	"7eff1bb184ecc203b3413fe8bf55cdfb861e4a06dfb8cde973bc94c5f5e964b2"	"byte-exact-verified"	"unreviewed"	"unreviewed"	""	""	"m0-t276-s1-file-identity-taxonomy-001.md"
"MVDM-FILE-0621"	"softpc.new/base/cvidc/chain4_c.h"	"softpc.new"	"declaration"	"dual-identical"	"O:\repos.external\OpenNT\base\mvdm\softpc.new\base\cvidc\chain4_c.h"	"1a4c090b70fb28da21119a6ccf19371f9b5479256b18231b11437de15d5785fa"	"byte-exact-verified"	"unreviewed"	"unreviewed"	""	""	"m0-t276-s1-file-identity-taxonomy-001.md"
"MVDM-FILE-0622"	"softpc.new/base/cvidc/cmp_c.h"	"softpc.new"	"declaration"	"dual-identical"	"O:\repos.external\OpenNT\base\mvdm\softpc.new\base\cvidc\cmp_c.h"	"3658654df938ad4dfd3ed511515a916bce9bf3135da465f4fb541c9e52e13fb6"	"byte-exact-verified"	"unreviewed"	"unreviewed"	""	""	"m0-t276-s1-file-identity-taxonomy-001.md"
"MVDM-FILE-0623"	"softpc.new/base/cvidc/contxt_c.h"	"softpc.new"	"declaration"	"dual-identical"	"O:\repos.external\OpenNT\base\mvdm\softpc.new\base\cvidc\contxt_c.h"	"30eb579c995b281e873c6501fda356027b8b782867c65ecd8b73ff420c906c6c"	"byte-exact-verified"	"unreviewed"	"unreviewed"	""	""	"m0-t276-s1-file-identity-taxonomy-001.md"
"MVDM-FILE-0624"	"softpc.new/base/cvidc/conv_c.h"	"softpc.new"	"declaration"	"dual-identical"	"O:\repos.external\OpenNT\base\mvdm\softpc.new\base\cvidc\conv_c.h"	"3db1fdfe05ad4f7b2b8f743e23dcce7e0a74ab89fba3ec2cb7ee21ad6a66b0bb"	"byte-exact-verified"	"unreviewed"	"unreviewed"	""	""	"m0-t276-s1-file-identity-taxonomy-001.md"
"MVDM-FILE-0625"	"softpc.new/base/cvidc/copies_c.h"	"softpc.new"	"declaration"	"dual-identical"	"O:\repos.external\OpenNT\base\mvdm\softpc.new\base\cvidc\copies_c.h"	"f6f31a25c46bf20ac74bf07801d45274117eb3f2f5b73d3f876fe6add94cb6f4"	"byte-exact-verified"	"unreviewed"	"unreviewed"	""	""	"m0-t276-s1-file-identity-taxonomy-001.md"
"MVDM-FILE-0626"	"softpc.new/base/cvidc/cpnote_c.h"	"softpc.new"	"declaration"	"dual-identical"	"O:\repos.external\OpenNT\base\mvdm\softpc.new\base\cvidc\cpnote_c.h"	"311dacbcceec63f138d6aa05b004091772c31f73f9d9e54650b0287b2cfdfae1"	"byte-exact-verified"	"unreviewed"	"unreviewed"	""	""	"m0-t276-s1-file-identity-taxonomy-001.md"
"MVDM-FILE-0627"	"softpc.new/base/cvidc/cpu_c.h"	"softpc.new"	"declaration"	"dual-identical"	"O:\repos.external\OpenNT\base\mvdm\softpc.new\base\cvidc\cpu_c.h"	"8cd25a965f1866a6d8e64621712c00d2c5cb83f47c053c7aac8cb72ce6620f15"	"byte-exact-verified"	"unreviewed"	"unreviewed"	""	""	"m0-t276-s1-file-identity-taxonomy-001.md"
"MVDM-FILE-0628"	"softpc.new/base/cvidc/cpu4gen.h"	"softpc.new"	"declaration"	"dual-identical"	"O:\repos.external\OpenNT\base\mvdm\softpc.new\base\cvidc\cpu4gen.h"	"c7775bb2a65b0c398b3d326b17bbc183526b7ba19736942f0db5d77dd6625127"	"byte-exact-verified"	"unreviewed"	"unreviewed"	""	""	"m0-t276-s1-file-identity-taxonomy-001.md"
"MVDM-FILE-0629"	"softpc.new/base/cvidc/cpuint_c.h"	"softpc.new"	"declaration"	"dual-identical"	"O:\repos.external\OpenNT\base\mvdm\softpc.new\base\cvidc\cpuint_c.h"	"814357a9371e97b0db7f39943b0e55c9b76507371440614802ed7745e9d9f67b"	"byte-exact-verified"	"unreviewed"	"unreviewed"	""	""	"m0-t276-s1-file-identity-taxonomy-001.md"
"MVDM-FILE-0630"	"softpc.new/base/cvidc/cpumod_c.h"	"softpc.new"	"declaration"	"dual-identical"	"O:\repos.external\OpenNT\base\mvdm\softpc.new\base\cvidc\cpumod_c.h"	"181a1204e685459661b200aa1ba804c3496105d5ed5ca28110aa0365f2d08785"	"byte-exact-verified"	"unreviewed"	"unreviewed"	""	""	"m0-t276-s1-file-identity-taxonomy-001.md"
"MVDM-FILE-0631"	"softpc.new/base/cvidc/cpureg_c.h"	"softpc.new"	"declaration"	"dual-identical"	"O:\repos.external\OpenNT\base\mvdm\softpc.new\base\cvidc\cpureg_c.h"	"40122f36ce134bb1b98556d595bf11f3cabc9b30551c370c50f2a95cd865ae73"	"byte-exact-verified"	"unreviewed"	"unreviewed"	""	""	"m0-t276-s1-file-identity-taxonomy-001.md"
"MVDM-FILE-0632"	"softpc.new/base/cvidc/dec_c.h"	"softpc.new"	"declaration"	"dual-identical"	"O:\repos.external\OpenNT\base\mvdm\softpc.new\base\cvidc\dec_c.h"	"7a4b90358d04a45c0c13ccc6668b6293fdb82a7aadb2aabb9b5b8ecc822f3f86"	"byte-exact-verified"	"unreviewed"	"unreviewed"	""	""	"m0-t276-s1-file-identity-taxonomy-001.md"
"MVDM-FILE-0633"	"softpc.new/base/cvidc/ea_c.h"	"softpc.new"	"declaration"	"dual-identical"	"O:\repos.external\OpenNT\base\mvdm\softpc.new\base\cvidc\ea_c.h"	"fe7a96f39e7b35f7926e441d6d602df86af4cbaded124ee9f9612dfae651994d"	"byte-exact-verified"	"unreviewed"	"unreviewed"	""	""	"m0-t276-s1-file-identity-taxonomy-001.md"
"MVDM-FILE-0634"	"softpc.new/base/cvidc/enter_c.h"	"softpc.new"	"declaration"	"dual-identical"	"O:\repos.external\OpenNT\base\mvdm\softpc.new\base\cvidc\enter_c.h"	"4ec3493a0ca6966e91092a317f94190b1df6326aed29902c33c8dc870f1032f5"	"byte-exact-verified"	"unreviewed"	"unreviewed"	""	""	"m0-t276-s1-file-identity-taxonomy-001.md"
"MVDM-FILE-0635"	"softpc.new/base/cvidc/ev_glue.c"	"softpc.new"	"source"	"dual-identical"	"O:\repos.external\OpenNT\base\mvdm\softpc.new\base\cvidc\ev_glue.c"	"a12ddfd55dbd3b4426ff20075c46a665c6a30c6a955f24f6ab4872fb4895e935"	"byte-exact-verified"	"unreviewed"	"unreviewed"	""	""	"m0-t276-s1-file-identity-taxonomy-001.md"
"MVDM-FILE-0636"	"softpc.new/base/cvidc/ev_stubs.c"	"softpc.new"	"source"	"dual-identical"	"O:\repos.external\OpenNT\base\mvdm\softpc.new\base\cvidc\ev_stubs.c"	"b289023dddb237935d44129c5968e2b225a86e95f0ca84274e132fd9b41735bd"	"byte-exact-verified"	"unreviewed"	"unreviewed"	""	""	"m0-t276-s1-file-identity-taxonomy-001.md"
"MVDM-FILE-0637"	"softpc.new/base/cvidc/evid_c.h"	"softpc.new"	"declaration"	"dual-identical"	"O:\repos.external\OpenNT\base\mvdm\softpc.new\base\cvidc\evid_c.h"	"efd4bbf01556bb661a47131c75f05e321a41c00e407ec6177b66e80718df8710"	"byte-exact-verified"	"unreviewed"	"unreviewed"	""	""	"m0-t276-s1-file-identity-taxonomy-001.md"
"MVDM-FILE-0638"	"softpc.new/base/cvidc/evidfunc.c"	"softpc.new"	"source"	"dual-identical"	"O:\repos.external\OpenNT\base\mvdm\softpc.new\base\cvidc\evidfunc.c"	"c932fe38359660386fc8a61c3dad1691385f5080b32a7e30a16f53664384d4ed"	"byte-exact-verified"	"unreviewed"	"unreviewed"	""	""	"m0-t276-s1-file-identity-taxonomy-001.md"
"MVDM-FILE-0639"	"softpc.new/base/cvidc/evidfunc.h"	"softpc.new"	"declaration"	"dual-identical"	"O:\repos.external\OpenNT\base\mvdm\softpc.new\base\cvidc\evidfunc.h"	"887703f1d48d16ed578ffc33789cf126697b206a62219f5ca41aef795c414ecb"	"byte-exact-verified"	"unreviewed"	"unreviewed"	""	""	"m0-t276-s1-file-identity-taxonomy-001.md"
"MVDM-FILE-0640"	"softpc.new/base/cvidc/evidgen.h"	"softpc.new"	"declaration"	"dual-identical"	"O:\repos.external\OpenNT\base\mvdm\softpc.new\base\cvidc\evidgen.h"	"867a2c65cbc1b0980ac6a07002072fcfb638e4c24ebe8e513f4c93f3d1c6fe6c"	"byte-exact-verified"	"unreviewed"	"unreviewed"	""	""	"m0-t276-s1-file-identity-taxonomy-001.md"
"MVDM-FILE-0641"	"softpc.new/base/cvidc/flags_c.h"	"softpc.new"	"declaration"	"dual-identical"	"O:\repos.external\OpenNT\base\mvdm\softpc.new\base\cvidc\flags_c.h"	"3b1a17ff4f053c314e313f56db3dc8c075d2e0631402b6a0260c485c50fbc026"	"byte-exact-verified"	"unreviewed"	"unreviewed"	""	""	"m0-t276-s1-file-identity-taxonomy-001.md"
"MVDM-FILE-0642"	"softpc.new/base/cvidc/flagtb_c.h"	"softpc.new"	"declaration"	"dual-identical"	"O:\repos.external\OpenNT\base\mvdm\softpc.new\base\cvidc\flagtb_c.h"	"05e9ed0cc6e86605a12a83a55293ecd1b3dfaafaadbd12e3c26f848ad2c22a6e"	"byte-exact-verified"	"unreviewed"	"unreviewed"	""	""	"m0-t276-s1-file-identity-taxonomy-001.md"
"MVDM-FILE-0643"	"softpc.new/base/cvidc/fm_c.h"	"softpc.new"	"declaration"	"dual-identical"	"O:\repos.external\OpenNT\base\mvdm\softpc.new\base\cvidc\fm_c.h"	"e8f877260ef1f968714a8ecaa3684b2fa4d041c0ff7dc1c9e7b564ba1036486d"	"byte-exact-verified"	"unreviewed"	"unreviewed"	""	""	"m0-t276-s1-file-identity-taxonomy-001.md"
"MVDM-FILE-0644"	"softpc.new/base/cvidc/fmevid_c.h"	"softpc.new"	"declaration"	"dual-identical"	"O:\repos.external\OpenNT\base\mvdm\softpc.new\base\cvidc\fmevid_c.h"	"aa6cbf061e3438ba61789305e72b88ac37ec064f69080e96b90da2be2d83613b"	"byte-exact-verified"	"unreviewed"	"unreviewed"	""	""	"m0-t276-s1-file-identity-taxonomy-001.md"
"MVDM-FILE-0645"	"softpc.new/base/cvidc/fpu_c.h"	"softpc.new"	"declaration"	"dual-identical"	"O:\repos.external\OpenNT\base\mvdm\softpc.new\base\cvidc\fpu_c.h"	"4a3f2226e9d1ca9fa2e0a806d1d40719e94f97e98b6f22936147240f568ab244"	"byte-exact-verified"	"unreviewed"	"unreviewed"	""	""	"m0-t276-s1-file-identity-taxonomy-001.md"
"MVDM-FILE-0646"	"softpc.new/base/cvidc/frag_c.h"	"softpc.new"	"declaration"	"dual-identical"	"O:\repos.external\OpenNT\base\mvdm\softpc.new\base\cvidc\frag_c.h"	"599cfc4449c0f7737f0ebc9eb95cb8845244a72551e5e653bc7c74ee8b559578"	"byte-exact-verified"	"unreviewed"	"unreviewed"	""	""	"m0-t276-s1-file-identity-taxonomy-001.md"
"MVDM-FILE-0647"	"softpc.new/base/cvidc/gdebug.h"	"softpc.new"	"declaration"	"dual-identical"	"O:\repos.external\OpenNT\base\mvdm\softpc.new\base\cvidc\gdebug.h"	"b58a5ab1aea71e08802816aeeecdd3ffbf105dd02fe9f11d05f395be928e6ca8"	"byte-exact-verified"	"unreviewed"	"unreviewed"	""	""	"m0-t276-s1-file-identity-taxonomy-001.md"
"MVDM-FILE-0648"	"softpc.new/base/cvidc/gdinit_c.h"	"softpc.new"	"declaration"	"dual-identical"	"O:\repos.external\OpenNT\base\mvdm\softpc.new\base\cvidc\gdinit_c.h"	"2d3923e7afa152715ebb0503e93f1c5afa89aaf4594213a1af0ed134469465e6"	"byte-exact-verified"	"unreviewed"	"unreviewed"	""	""	"m0-t276-s1-file-identity-taxonomy-001.md"
"MVDM-FILE-0649"	"softpc.new/base/cvidc/gdmain_c.h"	"softpc.new"	"declaration"	"dual-identical"	"O:\repos.external\OpenNT\base\mvdm\softpc.new\base\cvidc\gdmain_c.h"	"6d16138cbd11cc2dff28ecc87cc9ae8481724e8b7e5bf9dadadaeb443630d505"	"byte-exact-verified"	"unreviewed"	"unreviewed"	""	""	"m0-t276-s1-file-identity-taxonomy-001.md"
"MVDM-FILE-0650"	"softpc.new/base/cvidc/gdpvar.h"	"softpc.new"	"declaration"	"dual-identical"	"O:\repos.external\OpenNT\base\mvdm\softpc.new\base\cvidc\gdpvar.h"	"557c5d1d0effd1f8b1a18e0df5415924d63773edbc7ee762a624720229c24042"	"byte-exact-verified"	"unreviewed"	"unreviewed"	""	""	"m0-t276-s1-file-identity-taxonomy-001.md"
"MVDM-FILE-0651"	"softpc.new/base/cvidc/gicvid_c.h"	"softpc.new"	"declaration"	"dual-identical"	"O:\repos.external\OpenNT\base\mvdm\softpc.new\base\cvidc\gicvid_c.h"	"2dcff6f2ed59c96e2992d6ae1c0bb9e182f4a67f3c743035cfc12a282762f6a9"	"byte-exact-verified"	"unreviewed"	"unreviewed"	""	""	"m0-t276-s1-file-identity-taxonomy-001.md"
"MVDM-FILE-0652"	"softpc.new/base/cvidc/gldc_c.h"	"softpc.new"	"declaration"	"dual-identical"	"O:\repos.external\OpenNT\base\mvdm\softpc.new\base\cvidc\gldc_c.h"	"0c3b62314b6867b9929f1aec01961d66c86c2aa932af986cacfc662898c27f1f"	"byte-exact-verified"	"unreviewed"	"unreviewed"	""	""	"m0-t276-s1-file-identity-taxonomy-001.md"
"MVDM-FILE-0653"	"softpc.new/base/cvidc/hpphst_c.h"	"softpc.new"	"declaration"	"dual-identical"	"O:\repos.external\OpenNT\base\mvdm\softpc.new\base\cvidc\hpphst_c.h"	"ff55f89a97e6f3b1ec155829f8b8608f56b90e3284fb1be3d30b8e8046125bc7"	"byte-exact-verified"	"unreviewed"	"unreviewed"	""	""	"m0-t276-s1-file-identity-taxonomy-001.md"
"MVDM-FILE-0654"	"softpc.new/base/cvidc/idmain_c.h"	"softpc.new"	"declaration"	"dual-identical"	"O:\repos.external\OpenNT\base\mvdm\softpc.new\base\cvidc\idmain_c.h"	"1c1be6c62915a5d7ad7b7f3bbfcce45ec6a18959bcbe78246ba19b820a962a71"	"byte-exact-verified"	"unreviewed"	"unreviewed"	""	""	"m0-t276-s1-file-identity-taxonomy-001.md"
"MVDM-FILE-0655"	"softpc.new/base/cvidc/inc_c.h"	"softpc.new"	"declaration"	"dual-identical"	"O:\repos.external\OpenNT\base\mvdm\softpc.new\base\cvidc\inc_c.h"	"2c9c5ae87d0738bbcd682c0a5e5b86494e9b3555aac71594e57032eeb8173c84"	"byte-exact-verified"	"unreviewed"	"unreviewed"	""	""	"m0-t276-s1-file-identity-taxonomy-001.md"
"MVDM-FILE-0656"	"softpc.new/base/cvidc/inst_c.h"	"softpc.new"	"declaration"	"dual-identical"	"O:\repos.external\OpenNT\base\mvdm\softpc.new\base\cvidc\inst_c.h"	"5769c2a8776dfa91149f5875b9d23163205a08b0abbed5a003f74c17aacef7f7"	"byte-exact-verified"	"unreviewed"	"unreviewed"	""	""	"m0-t276-s1-file-identity-taxonomy-001.md"
"MVDM-FILE-0657"	"softpc.new/base/cvidc/io_c.h"	"softpc.new"	"declaration"	"dual-identical"	"O:\repos.external\OpenNT\base\mvdm\softpc.new\base\cvidc\io_c.h"	"cf0ee3beea5bb6dd847aa6aa92f3127b0c6f095bfd66142252c401bebe6b8396"	"byte-exact-verified"	"unreviewed"	"unreviewed"	""	""	"m0-t276-s1-file-identity-taxonomy-001.md"
"MVDM-FILE-0658"	"softpc.new/base/cvidc/j_c_lang.c"	"softpc.new"	"source"	"dual-identical"	"O:\repos.external\OpenNT\base\mvdm\softpc.new\base\cvidc\j_c_lang.c"	"a6e112c6cf3250e2b7f5e75551cec34e2b0e9f1c9f268f05ce1a8f41b60e5923"	"byte-exact-verified"	"unreviewed"	"unreviewed"	""	""	"m0-t276-s1-file-identity-taxonomy-001.md"
"MVDM-FILE-0659"	"softpc.new/base/cvidc/j_c_lang.h"	"softpc.new"	"declaration"	"dual-identical"	"O:\repos.external\OpenNT\base\mvdm\softpc.new\base\cvidc\j_c_lang.h"	"24f207c966e47150f1b1be512ed73a4ff8c331009a212e4ceda76b822944dda1"	"byte-exact-verified"	"unreviewed"	"unreviewed"	""	""	"m0-t276-s1-file-identity-taxonomy-001.md"
"MVDM-FILE-0660"	"softpc.new/base/cvidc/lc_c.h"	"softpc.new"	"declaration"	"dual-identical"	"O:\repos.external\OpenNT\base\mvdm\softpc.new\base\cvidc\lc_c.h"	"d64684ce271144aa8e65463d3299ef1ff0f27837a21f720de6508d0f05a5e130"	"byte-exact-verified"	"unreviewed"	"unreviewed"	""	""	"m0-t276-s1-file-identity-taxonomy-001.md"
"MVDM-FILE-0661"	"softpc.new/base/cvidc/light_c.h"	"softpc.new"	"declaration"	"dual-identical"	"O:\repos.external\OpenNT\base\mvdm\softpc.new\base\cvidc\light_c.h"	"491fbbaa1acac663f79f7a5a848aa40e86778ccc9006df80f5619f9ab8a9c47d"	"byte-exact-verified"	"unreviewed"	"unreviewed"	""	""	"m0-t276-s1-file-identity-taxonomy-001.md"
"MVDM-FILE-0662"	"softpc.new/base/cvidc/logic_c.h"	"softpc.new"	"declaration"	"dual-identical"	"O:\repos.external\OpenNT\base\mvdm\softpc.new\base\cvidc\logic_c.h"	"61969c5792b71a99b49aee9e0a5b09db737b543611e0be9923f86f38012b18e1"	"byte-exact-verified"	"unreviewed"	"unreviewed"	""	""	"m0-t276-s1-file-identity-taxonomy-001.md"
"MVDM-FILE-0663"	"softpc.new/base/cvidc/lxs_c.h"	"softpc.new"	"declaration"	"dual-identical"	"O:\repos.external\OpenNT\base\mvdm\softpc.new\base\cvidc\lxs_c.h"	"06312f9ae7a7080525eaea432405b4ebf4d4d6a8a8e049f52c134aaee6423666"	"byte-exact-verified"	"unreviewed"	"unreviewed"	""	""	"m0-t276-s1-file-identity-taxonomy-001.md"
"MVDM-FILE-0664"	"softpc.new/base/cvidc/makefile"	"softpc.new"	"resource-or-other"	"dual-identical"	"O:\repos.external\OpenNT\base\mvdm\softpc.new\base\cvidc\makefile"	"26957856e8a7f42a1740419cf3451497129f1d8284301d42f1a89ee13dd5a459"	"byte-exact-verified"	"unreviewed"	"unreviewed"	""	""	"m0-t276-s1-file-identity-taxonomy-001.md"
"MVDM-FILE-0665"	"softpc.new/base/cvidc/mark_c.h"	"softpc.new"	"declaration"	"dual-identical"	"O:\repos.external\OpenNT\base\mvdm\softpc.new\base\cvidc\mark_c.h"	"e06a0659134fd760752119dcf16a6a7ab0d68f9cb9230488abee10573b3c71dd"	"byte-exact-verified"	"unreviewed"	"unreviewed"	""	""	"m0-t276-s1-file-identity-taxonomy-001.md"
"MVDM-FILE-0666"	"softpc.new/base/cvidc/misc_c.h"	"softpc.new"	"declaration"	"dual-identical"	"O:\repos.external\OpenNT\base\mvdm\softpc.new\base\cvidc\misc_c.h"	"ef97191d02794b940d4d888debe84815617d48fe994fa442891df3e1fee0617b"	"byte-exact-verified"	"unreviewed"	"unreviewed"	""	""	"m0-t276-s1-file-identity-taxonomy-001.md"
"MVDM-FILE-0667"	"softpc.new/base/cvidc/move_c.h"	"softpc.new"	"declaration"	"dual-identical"	"O:\repos.external\OpenNT\base\mvdm\softpc.new\base\cvidc\move_c.h"	"731326922805d1259ac2ac4caea119e3e9931f600278b82966b4647d5d08035a"	"byte-exact-verified"	"unreviewed"	"unreviewed"	""	""	"m0-t276-s1-file-identity-taxonomy-001.md"
"MVDM-FILE-0668"	"softpc.new/base/cvidc/muldiv_c.h"	"softpc.new"	"declaration"	"dual-identical"	"O:\repos.external\OpenNT\base\mvdm\softpc.new\base\cvidc\muldiv_c.h"	"df2e2f0d1efd938b635b3fa8aba582df81510ac0d9e6720b90d65e3c0bafb2f5"	"byte-exact-verified"	"unreviewed"	"unreviewed"	""	""	"m0-t276-s1-file-identity-taxonomy-001.md"
"MVDM-FILE-0669"	"softpc.new/base/cvidc/nano_c.h"	"softpc.new"	"declaration"	"dual-identical"	"O:\repos.external\OpenNT\base\mvdm\softpc.new\base\cvidc\nano_c.h"	"6f932e3d8e663ae3703bd8ff07407523d9d2041a0a1e9fc2dc7f1335adb3811f"	"byte-exact-verified"	"unreviewed"	"unreviewed"	""	""	"m0-t276-s1-file-identity-taxonomy-001.md"
"MVDM-FILE-0670"	"softpc.new/base/cvidc/nanoa_c.h"	"softpc.new"	"declaration"	"dual-identical"	"O:\repos.external\OpenNT\base\mvdm\softpc.new\base\cvidc\nanoa_c.h"	"bb31a4c32db6d2974841a6f9d59f05b3524f00e384a6565903aa7098da3b0acc"	"byte-exact-verified"	"unreviewed"	"unreviewed"	""	""	"m0-t276-s1-file-identity-taxonomy-001.md"
"MVDM-FILE-0671"	"softpc.new/base/cvidc/nanob_c.h"	"softpc.new"	"declaration"	"dual-identical"	"O:\repos.external\OpenNT\base\mvdm\softpc.new\base\cvidc\nanob_c.h"	"dad9cf8f222669c79b0dae480ef5d740dc9428ac48fd58fcc3dee0fbf9978d52"	"byte-exact-verified"	"unreviewed"	"unreviewed"	""	""	"m0-t276-s1-file-identity-taxonomy-001.md"
"MVDM-FILE-0672"	"softpc.new/base/cvidc/nanoc_c.h"	"softpc.new"	"declaration"	"dual-identical"	"O:\repos.external\OpenNT\base\mvdm\softpc.new\base\cvidc\nanoc_c.h"	"7e92ec8459da354d4144a4a2334de6028f60817104fc6f7763b56b23597798b1"	"byte-exact-verified"	"unreviewed"	"unreviewed"	""	""	"m0-t276-s1-file-identity-taxonomy-001.md"
"MVDM-FILE-0673"	"softpc.new/base/cvidc/nanod_c.h"	"softpc.new"	"declaration"	"dual-identical"	"O:\repos.external\OpenNT\base\mvdm\softpc.new\base\cvidc\nanod_c.h"	"1eb0d068d2d4aee74081415afc5393d77228ecbdaacccce2d5b8f819bd8bc24b"	"byte-exact-verified"	"unreviewed"	"unreviewed"	""	""	"m0-t276-s1-file-identity-taxonomy-001.md"
"MVDM-FILE-0674"	"softpc.new/base/cvidc/nanoe_c.h"	"softpc.new"	"declaration"	"dual-identical"	"O:\repos.external\OpenNT\base\mvdm\softpc.new\base\cvidc\nanoe_c.h"	"57e8831780cde35f843857cd6ee4fb0398d6973f56a7600f202fb159b7b2155e"	"byte-exact-verified"	"unreviewed"	"unreviewed"	""	""	"m0-t276-s1-file-identity-taxonomy-001.md"
"MVDM-FILE-0675"	"softpc.new/base/cvidc/page_c.h"	"softpc.new"	"declaration"	"dual-identical"	"O:\repos.external\OpenNT\base\mvdm\softpc.new\base\cvidc\page_c.h"	"8a90aa33098f8f67fe278427d7869ef4a43fc8843e3f538abfac7c5e91cac7d0"	"byte-exact-verified"	"unreviewed"	"unreviewed"	""	""	"m0-t276-s1-file-identity-taxonomy-001.md"
"MVDM-FILE-0676"	"softpc.new/base/cvidc/parser.h"	"softpc.new"	"declaration"	"dual-identical"	"O:\repos.external\OpenNT\base\mvdm\softpc.new\base\cvidc\parser.h"	"7b91c7b142b73780530c65c92fc570b12122caaf1506a3c0ee2205c089b2a11c"	"byte-exact-verified"	"unreviewed"	"unreviewed"	""	""	"m0-t276-s1-file-identity-taxonomy-001.md"
"MVDM-FILE-0677"	"softpc.new/base/cvidc/pigger_c.h"	"softpc.new"	"declaration"	"dual-identical"	"O:\repos.external\OpenNT\base\mvdm\softpc.new\base\cvidc\pigger_c.h"	"61c86d668bddaf998101a0da469115325ad822f751d4b964dcaad35ea4e7de9f"	"byte-exact-verified"	"unreviewed"	"unreviewed"	""	""	"m0-t276-s1-file-identity-taxonomy-001.md"
"MVDM-FILE-0678"	"softpc.new/base/cvidc/pm_c.h"	"softpc.new"	"declaration"	"dual-identical"	"O:\repos.external\OpenNT\base\mvdm\softpc.new\base\cvidc\pm_c.h"	"b6ba5208f758247bd755e351e8fa140ad731abf7b7e5bcd41566a7a8c5bb72e8"	"byte-exact-verified"	"unreviewed"	"unreviewed"	""	""	"m0-t276-s1-file-identity-taxonomy-001.md"
"MVDM-FILE-0679"	"softpc.new/base/cvidc/ports_c.h"	"softpc.new"	"declaration"	"dual-identical"	"O:\repos.external\OpenNT\base\mvdm\softpc.new\base\cvidc\ports_c.h"	"3b1a90cf411e5dfcbcda8e18a6d4ad448b6707f02bedc390d2fe057716df8332"	"byte-exact-verified"	"unreviewed"	"unreviewed"	""	""	"m0-t276-s1-file-identity-taxonomy-001.md"
"MVDM-FILE-0680"	"softpc.new/base/cvidc/ppchst_c.h"	"softpc.new"	"declaration"	"dual-identical"	"O:\repos.external\OpenNT\base\mvdm\softpc.new\base\cvidc\ppchst_c.h"	"6b438b02a5ce3ee09f3195f65f776921b5eccc55e66d6ade6ca9b1c2ed584cd3"	"byte-exact-verified"	"unreviewed"	"unreviewed"	""	""	"m0-t276-s1-file-identity-taxonomy-001.md"
"MVDM-FILE-0681"	"softpc.new/base/cvidc/prof_c.h"	"softpc.new"	"declaration"	"dual-identical"	"O:\repos.external\OpenNT\base\mvdm\softpc.new\base\cvidc\prof_c.h"	"d890526d7af3f3bdee03547e9a77d60164cb6a421a96580c552ff299b8c5aed2"	"byte-exact-verified"	"unreviewed"	"unreviewed"	""	""	"m0-t276-s1-file-identity-taxonomy-001.md"
"MVDM-FILE-0682"	"softpc.new/base/cvidc/prot_c.h"	"softpc.new"	"declaration"	"dual-identical"	"O:\repos.external\OpenNT\base\mvdm\softpc.new\base\cvidc\prot_c.h"	"732094541e77808ea4b94a7695d3e7b11f83d30fe174fe654ba439f76ded7c40"	"byte-exact-verified"	"unreviewed"	"unreviewed"	""	""	"m0-t276-s1-file-identity-taxonomy-001.md"
"MVDM-FILE-0683"	"softpc.new/base/cvidc/pti_c.h"	"softpc.new"	"declaration"	"dual-identical"	"O:\repos.external\OpenNT\base\mvdm\softpc.new\base\cvidc\pti_c.h"	"f9a501635caf055b045c15bf9a7f8f6764a50299db59495ab5c4e692d31835b3"	"byte-exact-verified"	"unreviewed"	"unreviewed"	""	""	"m0-t276-s1-file-identity-taxonomy-001.md"
"MVDM-FILE-0684"	"softpc.new/base/cvidc/pxcptn_c.h"	"softpc.new"	"declaration"	"dual-identical"	"O:\repos.external\OpenNT\base\mvdm\softpc.new\base\cvidc\pxcptn_c.h"	"4ba08855422f5a69c5347d363363156da77ce8d77497bcd8f302d916a2745f6a"	"byte-exact-verified"	"unreviewed"	"unreviewed"	""	""	"m0-t276-s1-file-identity-taxonomy-001.md"
"MVDM-FILE-0685"	"softpc.new/base/cvidc/rdwr_c.h"	"softpc.new"	"declaration"	"dual-identical"	"O:\repos.external\OpenNT\base\mvdm\softpc.new\base\cvidc\rdwr_c.h"	"78f25d584c2a5a2b7af065d122291159590b40c10b70d22f1bf48e3f22d35be6"	"byte-exact-verified"	"unreviewed"	"unreviewed"	""	""	"m0-t276-s1-file-identity-taxonomy-001.md"
"MVDM-FILE-0686"	"softpc.new/base/cvidc/read_c.h"	"softpc.new"	"declaration"	"dual-identical"	"O:\repos.external\OpenNT\base\mvdm\softpc.new\base\cvidc\read_c.h"	"4aaa6945ad478284f3efdf71b5f4f38cbd1e0b4b79b3a5b588e01e3b353abe57"	"byte-exact-verified"	"unreviewed"	"unreviewed"	""	""	"m0-t276-s1-file-identity-taxonomy-001.md"
"MVDM-FILE-0687"	"softpc.new/base/cvidc/rotate_c.h"	"softpc.new"	"declaration"	"dual-identical"	"O:\repos.external\OpenNT\base\mvdm\softpc.new\base\cvidc\rotate_c.h"	"a31c2ffc77400dcb50d4211ab80ebb7c99f972ed41bdb48fe2e8e293c079a0d4"	"byte-exact-verified"	"unreviewed"	"unreviewed"	""	""	"m0-t276-s1-file-identity-taxonomy-001.md"
"MVDM-FILE-0688"	"softpc.new/base/cvidc/sas_c.h"	"softpc.new"	"declaration"	"dual-identical"	"O:\repos.external\OpenNT\base\mvdm\softpc.new\base\cvidc\sas_c.h"	"0f9683a8b850161a763859d1ad3783d7e7b18d9f14a1c7b37402e85575976e10"	"byte-exact-verified"	"unreviewed"	"unreviewed"	""	""	"m0-t276-s1-file-identity-taxonomy-001.md"
"MVDM-FILE-0689"	"softpc.new/base/cvidc/sas4gen.h"	"softpc.new"	"declaration"	"dual-identical"	"O:\repos.external\OpenNT\base\mvdm\softpc.new\base\cvidc\sas4gen.h"	"ecda9cc4909ec3b945f90441a1ec441adaf807dcf6f419523c80c334e87067a0"	"byte-exact-verified"	"unreviewed"	"unreviewed"	""	""	"m0-t276-s1-file-identity-taxonomy-001.md"
"MVDM-FILE-0690"	"softpc.new/base/cvidc/sascdef.c"	"softpc.new"	"source"	"dual-identical"	"O:\repos.external\OpenNT\base\mvdm\softpc.new\base\cvidc\sascdef.c"	"84ee9572f45ad66ad2a23a9dca01407e6e0d4fc25fdd2474a1bde8a53cbe8474"	"byte-exact-verified"	"unreviewed"	"unreviewed"	""	""	"m0-t276-s1-file-identity-taxonomy-001.md"
"MVDM-FILE-0691"	"softpc.new/base/cvidc/segreg_c.h"	"softpc.new"	"declaration"	"dual-identical"	"O:\repos.external\OpenNT\base\mvdm\softpc.new\base\cvidc\segreg_c.h"	"7535415ef1cb3ba8ec8ff2cc279982fec90ebfd2e42b65fe1ce278a1290da368"	"byte-exact-verified"	"unreviewed"	"unreviewed"	""	""	"m0-t276-s1-file-identity-taxonomy-001.md"
"MVDM-FILE-0692"	"softpc.new/base/cvidc/sevid000.c"	"softpc.new"	"source"	"dual-identical"	"O:\repos.external\OpenNT\base\mvdm\softpc.new\base\cvidc\sevid000.c"	"251bdd0925969a79d3ff98f5e19a249e99849d0db0c3c908ae5005040e8e7758"	"byte-exact-verified"	"unreviewed"	"unreviewed"	""	""	"m0-t276-s1-file-identity-taxonomy-001.md"
"MVDM-FILE-0693"	"softpc.new/base/cvidc/sevid001.c"	"softpc.new"	"source"	"dual-identical"	"O:\repos.external\OpenNT\base\mvdm\softpc.new\base\cvidc\sevid001.c"	"963affcefa6e16b2754365787ada8c2a7944b8890d96807d1a98df44ccae2c84"	"byte-exact-verified"	"unreviewed"	"unreviewed"	""	""	"m0-t276-s1-file-identity-taxonomy-001.md"
"MVDM-FILE-0694"	"softpc.new/base/cvidc/sevid002.c"	"softpc.new"	"source"	"dual-identical"	"O:\repos.external\OpenNT\base\mvdm\softpc.new\base\cvidc\sevid002.c"	"12b47548aec0a692c2371d7fb90f9625a840e6f4109ad1fcc1e4a14b3bd9ee53"	"byte-exact-verified"	"unreviewed"	"unreviewed"	""	""	"m0-t276-s1-file-identity-taxonomy-001.md"
"MVDM-FILE-0695"	"softpc.new/base/cvidc/sevid003.c"	"softpc.new"	"source"	"dual-identical"	"O:\repos.external\OpenNT\base\mvdm\softpc.new\base\cvidc\sevid003.c"	"a975eb71ef1b8ee0d3ff544de2cd9c0091e2188305c0d3c8882b03670688a65a"	"byte-exact-verified"	"unreviewed"	"unreviewed"	""	""	"m0-t276-s1-file-identity-taxonomy-001.md"
"MVDM-FILE-0696"	"softpc.new/base/cvidc/sevid004.c"	"softpc.new"	"source"	"dual-identical"	"O:\repos.external\OpenNT\base\mvdm\softpc.new\base\cvidc\sevid004.c"	"92f4f394a1325293279cdaf520dc493b25be739a5c91c35078735fabdea9fbfa"	"byte-exact-verified"	"unreviewed"	"unreviewed"	""	""	"m0-t276-s1-file-identity-taxonomy-001.md"
"MVDM-FILE-0697"	"softpc.new/base/cvidc/sevid005.c"	"softpc.new"	"source"	"dual-identical"	"O:\repos.external\OpenNT\base\mvdm\softpc.new\base\cvidc\sevid005.c"	"b6edd25cf46622ba0ab6c68504bb760034dc8b35250e011e882e69d1e1c24f73"	"byte-exact-verified"	"unreviewed"	"unreviewed"	""	""	"m0-t276-s1-file-identity-taxonomy-001.md"
"MVDM-FILE-0698"	"softpc.new/base/cvidc/sevid006.c"	"softpc.new"	"source"	"dual-identical"	"O:\repos.external\OpenNT\base\mvdm\softpc.new\base\cvidc\sevid006.c"	"7391b56d3ea5a52fa7b6845a773ed3a45e47822a874cc93a6ed0b2c9abc80688"	"byte-exact-verified"	"unreviewed"	"unreviewed"	""	""	"m0-t276-s1-file-identity-taxonomy-001.md"
"MVDM-FILE-0699"	"softpc.new/base/cvidc/sevid007.c"	"softpc.new"	"source"	"dual-identical"	"O:\repos.external\OpenNT\base\mvdm\softpc.new\base\cvidc\sevid007.c"	"820322a3f21f6a7a59591b1f49d1b867994584ebb0ef8d30fcc2fbc8635bbcec"	"byte-exact-verified"	"unreviewed"	"unreviewed"	""	""	"m0-t276-s1-file-identity-taxonomy-001.md"
"MVDM-FILE-0700"	"softpc.new/base/cvidc/sevid008.c"	"softpc.new"	"source"	"dual-identical"	"O:\repos.external\OpenNT\base\mvdm\softpc.new\base\cvidc\sevid008.c"	"d397c21f6d57ae0975c9a7598dc6fb23e4fb9b7bfabd55bd9af9e194d6d192c7"	"byte-exact-verified"	"unreviewed"	"unreviewed"	""	""	"m0-t276-s1-file-identity-taxonomy-001.md"
"MVDM-FILE-0701"	"softpc.new/base/cvidc/sevid009.c"	"softpc.new"	"source"	"dual-identical"	"O:\repos.external\OpenNT\base\mvdm\softpc.new\base\cvidc\sevid009.c"	"40b6e072787a1835f01f3c370cd6a3c77e3b425cdfe357acad2ea6e882c0e75d"	"byte-exact-verified"	"unreviewed"	"unreviewed"	""	""	"m0-t276-s1-file-identity-taxonomy-001.md"
"MVDM-FILE-0702"	"softpc.new/base/cvidc/sevid010.c"	"softpc.new"	"source"	"dual-identical"	"O:\repos.external\OpenNT\base\mvdm\softpc.new\base\cvidc\sevid010.c"	"9e358896b05a47cf71c71404ff826b632d6418fafdac9d44f352a73c7e1a2134"	"byte-exact-verified"	"unreviewed"	"unreviewed"	""	""	"m0-t276-s1-file-identity-taxonomy-001.md"
"MVDM-FILE-0703"	"softpc.new/base/cvidc/sevid011.c"	"softpc.new"	"source"	"dual-identical"	"O:\repos.external\OpenNT\base\mvdm\softpc.new\base\cvidc\sevid011.c"	"4b7a1d3ee1245aaa7eb05576931844cabd4c5f65a0813f0660e9c153a012068d"	"byte-exact-verified"	"unreviewed"	"unreviewed"	""	""	"m0-t276-s1-file-identity-taxonomy-001.md"
"MVDM-FILE-0704"	"softpc.new/base/cvidc/sevid012.c"	"softpc.new"	"source"	"dual-identical"	"O:\repos.external\OpenNT\base\mvdm\softpc.new\base\cvidc\sevid012.c"	"e7716013ee563a964cd62a46c37d85fe773504a485735b69161b85d4f47a4907"	"byte-exact-verified"	"unreviewed"	"unreviewed"	""	""	"m0-t276-s1-file-identity-taxonomy-001.md"
"MVDM-FILE-0705"	"softpc.new/base/cvidc/sevid013.c"	"softpc.new"	"source"	"dual-identical"	"O:\repos.external\OpenNT\base\mvdm\softpc.new\base\cvidc\sevid013.c"	"6bb1612cb8904bf35907fa25298f51ba05ec367e5a3960697d66dba6caeb56ad"	"byte-exact-verified"	"unreviewed"	"unreviewed"	""	""	"m0-t276-s1-file-identity-taxonomy-001.md"
"MVDM-FILE-0706"	"softpc.new/base/cvidc/sevid014.c"	"softpc.new"	"source"	"dual-identical"	"O:\repos.external\OpenNT\base\mvdm\softpc.new\base\cvidc\sevid014.c"	"0eff2012fcfea4439aaf58ebf1bb3b65814529ffe398bd0a28df59277f74a373"	"byte-exact-verified"	"unreviewed"	"unreviewed"	""	""	"m0-t276-s1-file-identity-taxonomy-001.md"
"MVDM-FILE-0707"	"softpc.new/base/cvidc/sevid015.c"	"softpc.new"	"source"	"dual-identical"	"O:\repos.external\OpenNT\base\mvdm\softpc.new\base\cvidc\sevid015.c"	"30fb185728d9f4334140a73e4117fc448853b3587070f6ec23f8cd4c172020b0"	"byte-exact-verified"	"unreviewed"	"unreviewed"	""	""	"m0-t276-s1-file-identity-taxonomy-001.md"
"MVDM-FILE-0708"	"softpc.new/base/cvidc/sevid016.c"	"softpc.new"	"source"	"dual-identical"	"O:\repos.external\OpenNT\base\mvdm\softpc.new\base\cvidc\sevid016.c"	"e13a03dc8accb3746873c1482d19a168eaeb48641e5a509c0c20bba8ed5e9b3f"	"byte-exact-verified"	"unreviewed"	"unreviewed"	""	""	"m0-t276-s1-file-identity-taxonomy-001.md"
"MVDM-FILE-0709"	"softpc.new/base/cvidc/sevid017.c"	"softpc.new"	"source"	"dual-identical"	"O:\repos.external\OpenNT\base\mvdm\softpc.new\base\cvidc\sevid017.c"	"110e8fd11ce828d7a3dfc7c51adcefb07faca83219a6a3d742d7f63bdc810706"	"byte-exact-verified"	"unreviewed"	"unreviewed"	""	""	"m0-t276-s1-file-identity-taxonomy-001.md"
"MVDM-FILE-0710"	"softpc.new/base/cvidc/sevid018.c"	"softpc.new"	"source"	"dual-identical"	"O:\repos.external\OpenNT\base\mvdm\softpc.new\base\cvidc\sevid018.c"	"df9f565cbac31789e833c9fb6a26c5b8a9ee12ce3cb2f366f61037deca6415da"	"byte-exact-verified"	"unreviewed"	"unreviewed"	""	""	"m0-t276-s1-file-identity-taxonomy-001.md"
"MVDM-FILE-0711"	"softpc.new/base/cvidc/sevid019.c"	"softpc.new"	"source"	"dual-identical"	"O:\repos.external\OpenNT\base\mvdm\softpc.new\base\cvidc\sevid019.c"	"4c3a5cd67165db676418868a2895d266ef61bfa9fed7e4389d0fbbf6b10b1c9c"	"byte-exact-verified"	"unreviewed"	"unreviewed"	""	""	"m0-t276-s1-file-identity-taxonomy-001.md"
"MVDM-FILE-0712"	"softpc.new/base/cvidc/sevid020.c"	"softpc.new"	"source"	"dual-identical"	"O:\repos.external\OpenNT\base\mvdm\softpc.new\base\cvidc\sevid020.c"	"6b57139c8273fa06bffd397cd4787ba0f4aab55bd63ef220aeb62b32238148fa"	"byte-exact-verified"	"unreviewed"	"unreviewed"	""	""	"m0-t276-s1-file-identity-taxonomy-001.md"
"MVDM-FILE-0713"	"softpc.new/base/cvidc/sevid021.c"	"softpc.new"	"source"	"dual-identical"	"O:\repos.external\OpenNT\base\mvdm\softpc.new\base\cvidc\sevid021.c"	"b5664ea8ab2f2834c6f2db3d3abbc2924942cb6073319cf5fb977130d7a9fa71"	"byte-exact-verified"	"unreviewed"	"unreviewed"	""	""	"m0-t276-s1-file-identity-taxonomy-001.md"
"MVDM-FILE-0714"	"softpc.new/base/cvidc/sevid022.c"	"softpc.new"	"source"	"dual-identical"	"O:\repos.external\OpenNT\base\mvdm\softpc.new\base\cvidc\sevid022.c"	"77a85b38f42c0ecc7c7387b5b3226b782dc2ee3e103c0738f7aa5013146aefe7"	"byte-exact-verified"	"unreviewed"	"unreviewed"	""	""	"m0-t276-s1-file-identity-taxonomy-001.md"
"MVDM-FILE-0715"	"softpc.new/base/cvidc/sevid023.c"	"softpc.new"	"source"	"dual-identical"	"O:\repos.external\OpenNT\base\mvdm\softpc.new\base\cvidc\sevid023.c"	"1837409d26c2cc54acbb134fa4745f591561c14a4213c9a8ae96d1c41d5d2b28"	"byte-exact-verified"	"unreviewed"	"unreviewed"	""	""	"m0-t276-s1-file-identity-taxonomy-001.md"
"MVDM-FILE-0716"	"softpc.new/base/cvidc/sevid024.c"	"softpc.new"	"source"	"dual-identical"	"O:\repos.external\OpenNT\base\mvdm\softpc.new\base\cvidc\sevid024.c"	"4ad77d2524c8c611c05ed4236dbac059d3ca7dfa99e54626328b9f4a122c6e0d"	"byte-exact-verified"	"unreviewed"	"unreviewed"	""	""	"m0-t276-s1-file-identity-taxonomy-001.md"
"MVDM-FILE-0717"	"softpc.new/base/cvidc/sevid025.c"	"softpc.new"	"source"	"dual-identical"	"O:\repos.external\OpenNT\base\mvdm\softpc.new\base\cvidc\sevid025.c"	"d4ad0c77d8bf42f2d7f6fec7d41d935a55cabbeeff8b2acc0b96403ab9b42d20"	"byte-exact-verified"	"unreviewed"	"unreviewed"	""	""	"m0-t276-s1-file-identity-taxonomy-001.md"
"MVDM-FILE-0718"	"softpc.new/base/cvidc/sevid026.c"	"softpc.new"	"source"	"dual-identical"	"O:\repos.external\OpenNT\base\mvdm\softpc.new\base\cvidc\sevid026.c"	"87888ea0f560c394bd4bda0e3cdaec3ca230c7312e996137e1f7876fa3296510"	"byte-exact-verified"	"unreviewed"	"unreviewed"	""	""	"m0-t276-s1-file-identity-taxonomy-001.md"
"MVDM-FILE-0719"	"softpc.new/base/cvidc/sevid027.c"	"softpc.new"	"source"	"dual-identical"	"O:\repos.external\OpenNT\base\mvdm\softpc.new\base\cvidc\sevid027.c"	"d2a0c33b5bb891f16a7f77b1da7f29f315cc22bd87f914fa94940ca11c42d321"	"byte-exact-verified"	"unreviewed"	"unreviewed"	""	""	"m0-t276-s1-file-identity-taxonomy-001.md"
"MVDM-FILE-0720"	"softpc.new/base/cvidc/sevid028.c"	"softpc.new"	"source"	"dual-identical"	"O:\repos.external\OpenNT\base\mvdm\softpc.new\base\cvidc\sevid028.c"	"01efe06a1524295b616ab46a6a5ee85cbd54b51de4a400078bc0f52fd132fca4"	"byte-exact-verified"	"unreviewed"	"unreviewed"	""	""	"m0-t276-s1-file-identity-taxonomy-001.md"
"MVDM-FILE-0721"	"softpc.new/base/cvidc/sevid029.c"	"softpc.new"	"source"	"dual-identical"	"O:\repos.external\OpenNT\base\mvdm\softpc.new\base\cvidc\sevid029.c"	"e619c8e03538b26537ac4852eac52ca4116c320416a08bac6d10bb5030601524"	"byte-exact-verified"	"unreviewed"	"unreviewed"	""	""	"m0-t276-s1-file-identity-taxonomy-001.md"
"MVDM-FILE-0722"	"softpc.new/base/cvidc/sevid030.c"	"softpc.new"	"source"	"dual-identical"	"O:\repos.external\OpenNT\base\mvdm\softpc.new\base\cvidc\sevid030.c"	"2633dc348e48b4a46c39cf4f5107293e8e123a5154513de8a148eed0312f8ad6"	"byte-exact-verified"	"unreviewed"	"unreviewed"	""	""	"m0-t276-s1-file-identity-taxonomy-001.md"
"MVDM-FILE-0723"	"softpc.new/base/cvidc/sf_c.h"	"softpc.new"	"declaration"	"dual-identical"	"O:\repos.external\OpenNT\base\mvdm\softpc.new\base\cvidc\sf_c.h"	"acaced67533f691ceac18c04e6af7f3e73dd4c43dbc939494fd5d16d0c31413f"	"byte-exact-verified"	"unreviewed"	"unreviewed"	""	""	"m0-t276-s1-file-identity-taxonomy-001.md"
"MVDM-FILE-0724"	"softpc.new/base/cvidc/shift_c.h"	"softpc.new"	"declaration"	"dual-identical"	"O:\repos.external\OpenNT\base\mvdm\softpc.new\base\cvidc\shift_c.h"	"d7e3aff851e4ac66138f40f41504c1e15b043fbf8a1164a6b7461db9f40ca086"	"byte-exact-verified"	"unreviewed"	"unreviewed"	""	""	"m0-t276-s1-file-identity-taxonomy-001.md"
"MVDM-FILE-0725"	"softpc.new/base/cvidc/simple_c.h"	"softpc.new"	"declaration"	"dual-identical"	"O:\repos.external\OpenNT\base\mvdm\softpc.new\base\cvidc\simple_c.h"	"569a34be63d1922a0fec5965ceca4d86940aea547b77391c795b087fe22802fc"	"byte-exact-verified"	"unreviewed"	"unreviewed"	""	""	"m0-t276-s1-file-identity-taxonomy-001.md"
"MVDM-FILE-0726"	"softpc.new/base/cvidc/sinit011.c"	"softpc.new"	"source"	"dual-identical"	"O:\repos.external\OpenNT\base\mvdm\softpc.new\base\cvidc\sinit011.c"	"0c2f460f7930d5c64b96e8db2cf71f62587cf1436d4bbe8b5aa098d532e69b3c"	"byte-exact-verified"	"unreviewed"	"unreviewed"	""	""	"m0-t276-s1-file-identity-taxonomy-001.md"
"MVDM-FILE-0727"	"softpc.new/base/cvidc/sinit012.c"	"softpc.new"	"source"	"dual-identical"	"O:\repos.external\OpenNT\base\mvdm\softpc.new\base\cvidc\sinit012.c"	"e179ed0d6de8662c5d48d9e5b235dba11c4cdfaeba816bdf31fee3636fa0255c"	"byte-exact-verified"	"unreviewed"	"unreviewed"	""	""	"m0-t276-s1-file-identity-taxonomy-001.md"
"MVDM-FILE-0728"	"softpc.new/base/cvidc/sinit013.c"	"softpc.new"	"source"	"dual-identical"	"O:\repos.external\OpenNT\base\mvdm\softpc.new\base\cvidc\sinit013.c"	"9ba333037caf483ac33aed794c6ef5ef0df9c77efdd7328677f3a921aaf49926"	"byte-exact-verified"	"unreviewed"	"unreviewed"	""	""	"m0-t276-s1-file-identity-taxonomy-001.md"
"MVDM-FILE-0729"	"softpc.new/base/cvidc/sources"	"softpc.new"	"resource-or-other"	"dual-identical"	"O:\repos.external\OpenNT\base\mvdm\softpc.new\base\cvidc\sources"	"b8eec6c3ef6a25d99d47c7987cb1ff5c07caa255cc95a4fc111462e8598495cc"	"byte-exact-verified"	"unreviewed"	"unreviewed"	""	""	"m0-t276-s1-file-identity-taxonomy-001.md"
"MVDM-FILE-0730"	"softpc.new/base/cvidc/stack_c.h"	"softpc.new"	"declaration"	"dual-identical"	"O:\repos.external\OpenNT\base\mvdm\softpc.new\base\cvidc\stack_c.h"	"9420545b764138c9582639753064d2b65723539e8258b62023e56395166736f4"	"byte-exact-verified"	"unreviewed"	"unreviewed"	""	""	"m0-t276-s1-file-identity-taxonomy-001.md"
"MVDM-FILE-0731"	"softpc.new/base/cvidc/string_c.h"	"softpc.new"	"declaration"	"dual-identical"	"O:\repos.external\OpenNT\base\mvdm\softpc.new\base\cvidc\string_c.h"	"5708bd3d42e2aa3f21085e4e8e477184f7b069757dd690598a2b259cf117cf4e"	"byte-exact-verified"	"unreviewed"	"unreviewed"	""	""	"m0-t276-s1-file-identity-taxonomy-001.md"
"MVDM-FILE-0732"	"softpc.new/base/cvidc/strint_c.h"	"softpc.new"	"declaration"	"dual-identical"	"O:\repos.external\OpenNT\base\mvdm\softpc.new\base\cvidc\strint_c.h"	"554636db8bef72089516e17b9e4d4259c25095dd10f021adaab62690d6a6aa88"	"byte-exact-verified"	"unreviewed"	"unreviewed"	""	""	"m0-t276-s1-file-identity-taxonomy-001.md"
"MVDM-FILE-0733"	"softpc.new/base/cvidc/strsub_c.h"	"softpc.new"	"declaration"	"dual-identical"	"O:\repos.external\OpenNT\base\mvdm\softpc.new\base\cvidc\strsub_c.h"	"e5db3a9dc7997f4ac92a49845c34d3f5f1f9444d51e204daf3aa59a98131e88b"	"byte-exact-verified"	"unreviewed"	"unreviewed"	""	""	"m0-t276-s1-file-identity-taxonomy-001.md"
"MVDM-FILE-0734"	"softpc.new/base/cvidc/stub_c.h"	"softpc.new"	"declaration"	"dual-identical"	"O:\repos.external\OpenNT\base\mvdm\softpc.new\base\cvidc\stub_c.h"	"f2fb630c8fb554e0aa7e42c231f971bad8d5d813b02fb346b722341763ce5421"	"byte-exact-verified"	"unreviewed"	"unreviewed"	""	""	"m0-t276-s1-file-identity-taxonomy-001.md"
"MVDM-FILE-0735"	"softpc.new/base/cvidc/sub_c.h"	"softpc.new"	"declaration"	"dual-identical"	"O:\repos.external\OpenNT\base\mvdm\softpc.new\base\cvidc\sub_c.h"	"0a7c443052ff007a112c6eeb894ef7bb8b36c8eeca268bde207f9236fd2ea1a6"	"byte-exact-verified"	"unreviewed"	"unreviewed"	""	""	"m0-t276-s1-file-identity-taxonomy-001.md"
"MVDM-FILE-0736"	"softpc.new/base/cvidc/sunhst_c.h"	"softpc.new"	"declaration"	"dual-identical"	"O:\repos.external\OpenNT\base\mvdm\softpc.new\base\cvidc\sunhst_c.h"	"9d229f03011454c5b08835a3df36a88cb25c33b154b07191869c929e190161ac"	"byte-exact-verified"	"unreviewed"	"unreviewed"	""	""	"m0-t276-s1-file-identity-taxonomy-001.md"
"MVDM-FILE-0737"	"softpc.new/base/cvidc/task_c.h"	"softpc.new"	"declaration"	"dual-identical"	"O:\repos.external\OpenNT\base\mvdm\softpc.new\base\cvidc\task_c.h"	"6b68909ce0cae83346ad342d45d78181da5bc89b8fb81e2760a7590665a2d11b"	"byte-exact-verified"	"unreviewed"	"unreviewed"	""	""	"m0-t276-s1-file-identity-taxonomy-001.md"
"MVDM-FILE-0738"	"softpc.new/base/cvidc/test_c.h"	"softpc.new"	"declaration"	"dual-identical"	"O:\repos.external\OpenNT\base\mvdm\softpc.new\base\cvidc\test_c.h"	"2eee5d31833f95fbfae772124d899daddb3af370d550ed2cf5333825740b6917"	"byte-exact-verified"	"unreviewed"	"unreviewed"	""	""	"m0-t276-s1-file-identity-taxonomy-001.md"
"MVDM-FILE-0739"	"softpc.new/base/cvidc/trace_c.h"	"softpc.new"	"declaration"	"dual-identical"	"O:\repos.external\OpenNT\base\mvdm\softpc.new\base\cvidc\trace_c.h"	"6fa3aac92e55d2cc6463086460835f86fb1bd87ad006880f1fa2081d2f462e57"	"byte-exact-verified"	"unreviewed"	"unreviewed"	""	""	"m0-t276-s1-file-identity-taxonomy-001.md"
"MVDM-FILE-0740"	"softpc.new/base/cvidc/unchn_c.h"	"softpc.new"	"declaration"	"dual-identical"	"O:\repos.external\OpenNT\base\mvdm\softpc.new\base\cvidc\unchn_c.h"	"2c5e37ab6d10f385120cefb2144301fabe8cb74f560ba8b0b140314ce9852cbb"	"byte-exact-verified"	"unreviewed"	"unreviewed"	""	""	"m0-t276-s1-file-identity-taxonomy-001.md"
"MVDM-FILE-0741"	"softpc.new/base/cvidc/univer_c.h"	"softpc.new"	"declaration"	"dual-identical"	"O:\repos.external\OpenNT\base\mvdm\softpc.new\base\cvidc\univer_c.h"	"95963b89f5b99a06fe1c3ea85a0916500bc582881ad5bf2db508f75bcb07638e"	"byte-exact-verified"	"unreviewed"	"unreviewed"	""	""	"m0-t276-s1-file-identity-taxonomy-001.md"
"MVDM-FILE-0742"	"softpc.new/base/cvidc/vglfunc.c"	"softpc.new"	"source"	"dual-identical"	"O:\repos.external\OpenNT\base\mvdm\softpc.new\base\cvidc\vglfunc.c"	"22385f8a0f196c79b2f27b89ee33f7ae9d955304385d226522e2c06fa8726805"	"byte-exact-verified"	"unreviewed"	"unreviewed"	""	""	"m0-t276-s1-file-identity-taxonomy-001.md"
"MVDM-FILE-0743"	"softpc.new/base/cvidc/vglob.c"	"softpc.new"	"source"	"dual-identical"	"O:\repos.external\OpenNT\base\mvdm\softpc.new\base\cvidc\vglob.c"	"e3b0c44298fc1c149afbf4c8996fb92427ae41e4649b934ca495991b7852b855"	"byte-exact-verified"	"unreviewed"	"unreviewed"	""	""	"m0-t276-s1-file-identity-taxonomy-001.md"
"MVDM-FILE-0744"	"softpc.new/base/cvidc/vglob_c.h"	"softpc.new"	"declaration"	"dual-identical"	"O:\repos.external\OpenNT\base\mvdm\softpc.new\base\cvidc\vglob_c.h"	"cc795d6480e57f9aaae793a88615d2242c91f1074481284106f1d919ff4df8a0"	"byte-exact-verified"	"unreviewed"	"unreviewed"	""	""	"m0-t276-s1-file-identity-taxonomy-001.md"
"MVDM-FILE-0745"	"softpc.new/base/cvidc/xchg_c.h"	"softpc.new"	"declaration"	"dual-identical"	"O:\repos.external\OpenNT\base\mvdm\softpc.new\base\cvidc\xchg_c.h"	"0154055071207581f4178b5d7c69d217e14eac20acf686be6f49f75d7406c66d"	"byte-exact-verified"	"unreviewed"	"unreviewed"	""	""	"m0-t276-s1-file-identity-taxonomy-001.md"
"MVDM-FILE-0746"	"softpc.new/base/cvidc/xfer_c.h"	"softpc.new"	"declaration"	"dual-identical"	"O:\repos.external\OpenNT\base\mvdm\softpc.new\base\cvidc\xfer_c.h"	"7c2318c2353401b6f5086e40a4d88f570a58116427555329eaee18637049d8c3"	"byte-exact-verified"	"unreviewed"	"unreviewed"	""	""	"m0-t276-s1-file-identity-taxonomy-001.md"
"MVDM-FILE-0747"	"softpc.new/base/cvidc/xlat_c.h"	"softpc.new"	"declaration"	"dual-identical"	"O:\repos.external\OpenNT\base\mvdm\softpc.new\base\cvidc\xlat_c.h"	"bbd1284454566de2244d42a3a0f19785784c33f4d1396a169f2af202adaa33f0"	"byte-exact-verified"	"unreviewed"	"unreviewed"	""	""	"m0-t276-s1-file-identity-taxonomy-001.md"
"MVDM-FILE-0748"	"softpc.new/base/dasm386/build.c"	"softpc.new"	"source"	"dual-identical"	"O:\repos.external\OpenNT\base\mvdm\softpc.new\base\dasm386\build.c"	"2b60e007d7f7fd5efb8d7be5838dfdebc8d623d8ec555239176af93e9b07c68b"	"byte-exact-verified"	"unreviewed"	"unreviewed"	""	""	"m0-t276-s1-file-identity-taxonomy-001.md"
"MVDM-FILE-0749"	"softpc.new/base/dasm386/dasm386.c"	"softpc.new"	"source"	"dual-identical"	"O:\repos.external\OpenNT\base\mvdm\softpc.new\base\dasm386\dasm386.c"	"13e50a6d575f65068c7b3eade04c4789c9fe587c69624810b69351bb765c4c6c"	"byte-exact-verified"	"unreviewed"	"unreviewed"	""	""	"m0-t276-s1-file-identity-taxonomy-001.md"
"MVDM-FILE-0750"	"softpc.new/base/dasm386/decode.c"	"softpc.new"	"source"	"dual-identical"	"O:\repos.external\OpenNT\base\mvdm\softpc.new\base\dasm386\decode.c"	"b09a41349966bc7cffc4c4a9975455d6e596fc5abfd230539a507fd4238b4c50"	"byte-exact-verified"	"unreviewed"	"unreviewed"	""	""	"m0-t276-s1-file-identity-taxonomy-001.md"
"MVDM-FILE-0751"	"softpc.new/base/dasm386/makefile"	"softpc.new"	"resource-or-other"	"dual-identical"	"O:\repos.external\OpenNT\base\mvdm\softpc.new\base\dasm386\makefile"	"26957856e8a7f42a1740419cf3451497129f1d8284301d42f1a89ee13dd5a459"	"byte-exact-verified"	"unreviewed"	"unreviewed"	""	""	"m0-t276-s1-file-identity-taxonomy-001.md"
"MVDM-FILE-0752"	"softpc.new/base/dasm386/sources"	"softpc.new"	"resource-or-other"	"dual-identical"	"O:\repos.external\OpenNT\base\mvdm\softpc.new\base\dasm386\sources"	"b2aa8c492dbe1cafe6d2ecc698f8e9a0b83c67819708bc27719e7528fd419e42"	"byte-exact-verified"	"unreviewed"	"unreviewed"	""	""	"m0-t276-s1-file-identity-taxonomy-001.md"
"MVDM-FILE-0753"	"softpc.new/base/debug/btrace.c"	"softpc.new"	"source"	"dual-identical"	"O:\repos.external\OpenNT\base\mvdm\softpc.new\base\debug\btrace.c"	"5a19a8cf73bd5c06c47bf3292189c8989bc970933bb4968336580f4be0028e3f"	"byte-exact-verified"	"unreviewed"	"unreviewed"	""	""	"m0-t276-s1-file-identity-taxonomy-001.md"
"MVDM-FILE-0754"	"softpc.new/base/debug/dasm.c"	"softpc.new"	"source"	"dual-identical"	"O:\repos.external\OpenNT\base\mvdm\softpc.new\base\debug\dasm.c"	"6f90249d51eee69af65f59de138f915dc05af3a67b7bb529ea33596c04888b9b"	"byte-exact-verified"	"unreviewed"	"unreviewed"	""	""	"m0-t276-s1-file-identity-taxonomy-001.md"
"MVDM-FILE-0755"	"softpc.new/base/debug/debuggng.c"	"softpc.new"	"source"	"dual-identical"	"O:\repos.external\OpenNT\base\mvdm\softpc.new\base\debug\debuggng.c"	"c483e5ef755f537c7197fc7ce929ed3837b1227f57f6b874b5c8ab46b15045ad"	"byte-exact-verified"	"unreviewed"	"unreviewed"	""	""	"m0-t276-s1-file-identity-taxonomy-001.md"
"MVDM-FILE-0756"	"softpc.new/base/debug/ega_dump.c"	"softpc.new"	"source"	"dual-identical"	"O:\repos.external\OpenNT\base\mvdm\softpc.new\base\debug\ega_dump.c"	"18c7205169a62e40e80122deba5645f1cd7ce0d760ea71d95e9688a5a1da98aa"	"byte-exact-verified"	"unreviewed"	"unreviewed"	""	""	"m0-t276-s1-file-identity-taxonomy-001.md"
"MVDM-FILE-0757"	"softpc.new/base/debug/makefile"	"softpc.new"	"resource-or-other"	"dual-identical"	"O:\repos.external\OpenNT\base\mvdm\softpc.new\base\debug\makefile"	"26957856e8a7f42a1740419cf3451497129f1d8284301d42f1a89ee13dd5a459"	"byte-exact-verified"	"unreviewed"	"unreviewed"	""	""	"m0-t276-s1-file-identity-taxonomy-001.md"
"MVDM-FILE-0758"	"softpc.new/base/debug/markfrom"	"softpc.new"	"resource-or-other"	"dual-identical"	"O:\repos.external\OpenNT\base\mvdm\softpc.new\base\debug\markfrom"	"d0734fc35cf6b2e8d8718217978651fdae23bf9e283f57874ffe864f8d998b83"	"byte-exact-verified"	"unreviewed"	"unreviewed"	""	""	"m0-t276-s1-file-identity-taxonomy-001.md"
"MVDM-FILE-0759"	"softpc.new/base/debug/pigyoda.c"	"softpc.new"	"source"	"dual-identical"	"O:\repos.external\OpenNT\base\mvdm\softpc.new\base\debug\pigyoda.c"	"ede413a201fc0d4115b5bb0cd50aad3dd34d93a61dc734df49bfd464132ee7f2"	"byte-exact-verified"	"unreviewed"	"unreviewed"	""	""	"m0-t276-s1-file-identity-taxonomy-001.md"
"MVDM-FILE-0760"	"softpc.new/base/debug/profile.c"	"softpc.new"	"source"	"dual-identical"	"O:\repos.external\OpenNT\base\mvdm\softpc.new\base\debug\profile.c"	"93a1891b0a27b336ccecd99a4b198e1d26f769fe31ed83023df52178e3364a51"	"byte-exact-verified"	"unreviewed"	"unreviewed"	""	""	"m0-t276-s1-file-identity-taxonomy-001.md"
"MVDM-FILE-0761"	"softpc.new/base/debug/sources"	"softpc.new"	"resource-or-other"	"dual-identical"	"O:\repos.external\OpenNT\base\mvdm\softpc.new\base\debug\sources"	"b50a94a5bdceda9245b82b6638e6b4d504de35043230eae491222e82c1573308"	"byte-exact-verified"	"unreviewed"	"unreviewed"	""	""	"m0-t276-s1-file-identity-taxonomy-001.md"
"MVDM-FILE-0762"	"softpc.new/base/debug/trace.c"	"softpc.new"	"source"	"dual-identical"	"O:\repos.external\OpenNT\base\mvdm\softpc.new\base\debug\trace.c"	"b776bec19f7c7c615684711b915c7c7d1c56a124d37e14fc30a575681c83b2e3"	"byte-exact-verified"	"unreviewed"	"unreviewed"	""	""	"m0-t276-s1-file-identity-taxonomy-001.md"
"MVDM-FILE-0763"	"softpc.new/base/debug/yoda.c"	"softpc.new"	"source"	"dual-identical"	"O:\repos.external\OpenNT\base\mvdm\softpc.new\base\debug\yoda.c"	"444f1350d7c50b270652d7b062a375536e327952ebb5ba83937fba090db3c817"	"byte-exact-verified"	"unreviewed"	"unreviewed"	""	""	"m0-t276-s1-file-identity-taxonomy-001.md"
"MVDM-FILE-0764"	"softpc.new/base/dirs"	"softpc.new"	"resource-or-other"	"dual-identical"	"O:\repos.external\OpenNT\base\mvdm\softpc.new\base\dirs"	"4324bd4e10b617faf08b6f9da81f754daf16c3875db6f2c45246c66ac841d1d1"	"byte-exact-verified"	"unreviewed"	"unreviewed"	""	""	"m0-t276-s1-file-identity-taxonomy-001.md"
"MVDM-FILE-0765"	"softpc.new/base/disks/diskbios.c"	"softpc.new"	"source"	"dual-identical"	"O:\repos.external\OpenNT\base\mvdm\softpc.new\base\disks\diskbios.c"	"d05908d6199675e65ebcf0f2b2c864169e80276639fb8de25b007c5e66751cdc"	"byte-exact-verified"	"unreviewed"	"unreviewed"	""	""	"m0-t276-s1-file-identity-taxonomy-001.md"
"MVDM-FILE-0766"	"softpc.new/base/disks/fdisk.c"	"softpc.new"	"source"	"dual-identical"	"O:\repos.external\OpenNT\base\mvdm\softpc.new\base\disks\fdisk.c"	"f95a9a26a9ef201e9552f2459a6ba85080e17fb8ccae3fb6280c63eb2fa78607"	"byte-exact-verified"	"unreviewed"	"unreviewed"	""	""	"m0-t276-s1-file-identity-taxonomy-001.md"
"MVDM-FILE-0767"	"softpc.new/base/disks/fla.c"	"softpc.new"	"source"	"dual-identical"	"O:\repos.external\OpenNT\base\mvdm\softpc.new\base\disks\fla.c"	"b8c5f0420eac7f14f662799b995b37e86d14dc252271b7bf4ae309ba6650fb5d"	"byte-exact-verified"	"unreviewed"	"unreviewed"	""	""	"m0-t276-s1-file-identity-taxonomy-001.md"
"MVDM-FILE-0768"	"softpc.new/base/disks/floppy.c"	"softpc.new"	"source"	"dual-identical"	"O:\repos.external\OpenNT\base\mvdm\softpc.new\base\disks\floppy.c"	"35efd26857a3f5c7960b0890a6ec3fd778dfde7dc8e74959fd3a8e3d41db424c"	"byte-exact-verified"	"unreviewed"	"unreviewed"	""	""	"m0-t276-s1-file-identity-taxonomy-001.md"
"MVDM-FILE-0769"	"softpc.new/base/disks/floppy_i.c"	"softpc.new"	"source"	"dual-identical"	"O:\repos.external\OpenNT\base\mvdm\softpc.new\base\disks\floppy_i.c"	"22b503047688d4d1f2d4b99ffba29e71612a165bbc9069976ce7a8b8d62ba042"	"byte-exact-verified"	"unreviewed"	"unreviewed"	""	""	"m0-t276-s1-file-identity-taxonomy-001.md"
"MVDM-FILE-0770"	"softpc.new/base/disks/gfi.c"	"softpc.new"	"source"	"dual-identical"	"O:\repos.external\OpenNT\base\mvdm\softpc.new\base\disks\gfi.c"	"0b332182c606cfef8b0788b50866b9e13acd389445a52f60f3cb65caf8f916e6"	"byte-exact-verified"	"unreviewed"	"unreviewed"	""	""	"m0-t276-s1-file-identity-taxonomy-001.md"
"MVDM-FILE-0771"	"softpc.new/base/disks/gfi_ibm.c"	"softpc.new"	"source"	"dual-identical"	"O:\repos.external\OpenNT\base\mvdm\softpc.new\base\disks\gfi_ibm.c"	"234d4fdac97c117a01ee642242dbab691e6809d0a3d25e63df4604d5fbbd955f"	"byte-exact-verified"	"unreviewed"	"unreviewed"	""	""	"m0-t276-s1-file-identity-taxonomy-001.md"
"MVDM-FILE-0772"	"softpc.new/base/disks/gfi_mpty.c"	"softpc.new"	"source"	"dual-identical"	"O:\repos.external\OpenNT\base\mvdm\softpc.new\base\disks\gfi_mpty.c"	"9e56716b323db2e45afb5d780c0a84693311d7baf33e91518593f754d58843bb"	"byte-exact-verified"	"unreviewed"	"unreviewed"	""	""	"m0-t276-s1-file-identity-taxonomy-001.md"
"MVDM-FILE-0773"	"softpc.new/base/disks/gfi_sflp.c"	"softpc.new"	"source"	"dual-identical"	"O:\repos.external\OpenNT\base\mvdm\softpc.new\base\disks\gfi_sflp.c"	"396c621a6c6abf135fdec730a0be91c8bc5582de51687ed006ca5df97d354dc5"	"byte-exact-verified"	"unreviewed"	"unreviewed"	""	""	"m0-t276-s1-file-identity-taxonomy-001.md"
"MVDM-FILE-0774"	"softpc.new/base/disks/gfi_test.c"	"softpc.new"	"source"	"dual-identical"	"O:\repos.external\OpenNT\base\mvdm\softpc.new\base\disks\gfi_test.c"	"cfba520508d5e274ac23d471af6656b7bc41af1a8b0606b3b7020570ab2e2210"	"byte-exact-verified"	"unreviewed"	"unreviewed"	""	""	"m0-t276-s1-file-identity-taxonomy-001.md"
"MVDM-FILE-0775"	"softpc.new/base/disks/makefile"	"softpc.new"	"resource-or-other"	"dual-identical"	"O:\repos.external\OpenNT\base\mvdm\softpc.new\base\disks\makefile"	"26957856e8a7f42a1740419cf3451497129f1d8284301d42f1a89ee13dd5a459"	"byte-exact-verified"	"unreviewed"	"unreviewed"	""	""	"m0-t276-s1-file-identity-taxonomy-001.md"
"MVDM-FILE-0776"	"softpc.new/base/disks/sources"	"softpc.new"	"resource-or-other"	"dual-identical"	"O:\repos.external\OpenNT\base\mvdm\softpc.new\base\disks\sources"	"c8bd8dd9288d313fa66047e2d5fff0dd4ba6651a2c8b5d9c2c58901444793d55"	"byte-exact-verified"	"unreviewed"	"unreviewed"	""	""	"m0-t276-s1-file-identity-taxonomy-001.md"
"MVDM-FILE-0777"	"softpc.new/base/dos/emm_mngr.c"	"softpc.new"	"source"	"dual-identical"	"O:\repos.external\OpenNT\base\mvdm\softpc.new\base\dos\emm_mngr.c"	"fd73ce7181f7dfb61432d63466c7641c3d010ca0c60bf446666b6c0118ddb8a9"	"byte-exact-verified"	"unreviewed"	"unreviewed"	""	""	"m0-t276-s1-file-identity-taxonomy-001.md"
"MVDM-FILE-0778"	"softpc.new/base/dos/makefile"	"softpc.new"	"resource-or-other"	"dual-identical"	"O:\repos.external\OpenNT\base\mvdm\softpc.new\base\dos\makefile"	"26957856e8a7f42a1740419cf3451497129f1d8284301d42f1a89ee13dd5a459"	"byte-exact-verified"	"unreviewed"	"unreviewed"	""	""	"m0-t276-s1-file-identity-taxonomy-001.md"
"MVDM-FILE-0779"	"softpc.new/base/dos/sources"	"softpc.new"	"resource-or-other"	"dual-identical"	"O:\repos.external\OpenNT\base\mvdm\softpc.new\base\dos\sources"	"3da14a44d03d13e4e43e50110721cb7019975aa30e988bf13e25ef51db266f17"	"byte-exact-verified"	"unreviewed"	"unreviewed"	""	""	"m0-t276-s1-file-identity-taxonomy-001.md"
"MVDM-FILE-0780"	"softpc.new/base/inc/acc_efi.h"	"softpc.new"	"declaration"	"dual-identical"	"O:\repos.external\OpenNT\base\mvdm\softpc.new\base\inc\acc_efi.h"	"1223e330518775a04b49d913c8fbdff86d2eec0c8308218640d7fa9215c72142"	"byte-exact-verified"	"unreviewed"	"unreviewed"	""	""	"m0-t276-s1-file-identity-taxonomy-001.md"
"MVDM-FILE-0781"	"softpc.new/base/inc/base_def.h"	"softpc.new"	"declaration"	"dual-identical"	"O:\repos.external\OpenNT\base\mvdm\softpc.new\base\inc\base_def.h"	"084991cfc23dc79529cc67a43488ec114be882fb62a9f95b879e1b6995f7afae"	"byte-exact-verified"	"unreviewed"	"unreviewed"	""	""	"m0-t276-s1-file-identity-taxonomy-001.md"
"MVDM-FILE-0782"	"softpc.new/base/inc/bios.h"	"softpc.new"	"declaration"	"dual-identical"	"O:\repos.external\OpenNT\base\mvdm\softpc.new\base\inc\bios.h"	"a181e9ddddf9cbeeff03b63f733d282455b2f21b578c6c9cf772bf726b41d064"	"byte-exact-verified"	"unreviewed"	"unreviewed"	""	""	"m0-t276-s1-file-identity-taxonomy-001.md"
"MVDM-FILE-0783"	"softpc.new/base/inc/build_id.h"	"softpc.new"	"declaration"	"dual-identical"	"O:\repos.external\OpenNT\base\mvdm\softpc.new\base\inc\build_id.h"	"72c5484bf3eecc5a6c8a98c64e256c7a4d98e06c3a6172c8d9638be64b6dc3e6"	"byte-exact-verified"	"unreviewed"	"unreviewed"	""	""	"m0-t276-s1-file-identity-taxonomy-001.md"
"MVDM-FILE-0784"	"softpc.new/base/inc/cdrom.h"	"softpc.new"	"declaration"	"dual-identical"	"O:\repos.external\OpenNT\base\mvdm\softpc.new\base\inc\cdrom.h"	"9da2a1531ac1eb2e0d2d9b57ec7e85328fd6402a83a3e562494b175f27101569"	"byte-exact-verified"	"unreviewed"	"unreviewed"	""	""	"m0-t276-s1-file-identity-taxonomy-001.md"
"MVDM-FILE-0785"	"softpc.new/base/inc/cdrom_fn.h"	"softpc.new"	"declaration"	"dual-identical"	"O:\repos.external\OpenNT\base\mvdm\softpc.new\base\inc\cdrom_fn.h"	"50376ae1cb7e4ff4ddb8ac8bd4af2e74c9ae3c86246c93e3380befb1fb65ea99"	"byte-exact-verified"	"unreviewed"	"unreviewed"	""	""	"m0-t276-s1-file-identity-taxonomy-001.md"
"MVDM-FILE-0786"	"softpc.new/base/inc/cga.h"	"softpc.new"	"declaration"	"dual-identical"	"O:\repos.external\OpenNT\base\mvdm\softpc.new\base\inc\cga.h"	"683848966f4b5cb5667b9ae0ae140d9e08adcb62060bc77695db844c34b71b0b"	"byte-exact-verified"	"unreviewed"	"unreviewed"	""	""	"m0-t276-s1-file-identity-taxonomy-001.md"
"MVDM-FILE-0787"	"softpc.new/base/inc/chkmallc.h"	"softpc.new"	"declaration"	"dual-identical"	"O:\repos.external\OpenNT\base\mvdm\softpc.new\base\inc\chkmallc.h"	"a73066eace8bb5104696355c34d741205779cb53472595b58812798210d513e7"	"byte-exact-verified"	"unreviewed"	"unreviewed"	""	""	"m0-t276-s1-file-identity-taxonomy-001.md"
"MVDM-FILE-0788"	"softpc.new/base/inc/ckmalloc.h"	"softpc.new"	"declaration"	"dual-identical"	"O:\repos.external\OpenNT\base\mvdm\softpc.new\base\inc\ckmalloc.h"	"49d55eba11bc663e678544a40536d1a799261c1cf67eb25b779a8c23465c81e3"	"byte-exact-verified"	"unreviewed"	"unreviewed"	""	""	"m0-t276-s1-file-identity-taxonomy-001.md"
"MVDM-FILE-0789"	"softpc.new/base/inc/cmos.h"	"softpc.new"	"declaration"	"dual-identical"	"O:\repos.external\OpenNT\base\mvdm\softpc.new\base\inc\cmos.h"	"ef4dae92c641b3dbeb7aaab67c3f49e1da9d01d2473d2b96fbece0121b235f99"	"byte-exact-verified"	"unreviewed"	"unreviewed"	""	""	"m0-t276-s1-file-identity-taxonomy-001.md"
"MVDM-FILE-0790"	"softpc.new/base/inc/cmosbios.h"	"softpc.new"	"declaration"	"dual-identical"	"O:\repos.external\OpenNT\base\mvdm\softpc.new\base\inc\cmosbios.h"	"ecd73c3bcc3b6dced9c22b04e9acbb524ab20c3d5ce96bf464e5e6af9fd19ee3"	"byte-exact-verified"	"unreviewed"	"unreviewed"	""	""	"m0-t276-s1-file-identity-taxonomy-001.md"
"MVDM-FILE-0791"	"softpc.new/base/inc/cntlbop.h"	"softpc.new"	"declaration"	"dual-identical"	"O:\repos.external\OpenNT\base\mvdm\softpc.new\base\inc\cntlbop.h"	"b14316fbd29fee3d582cd88c0b869e46ea01c41964fc1a4bfca87742db2a09cb"	"byte-exact-verified"	"unreviewed"	"unreviewed"	""	""	"m0-t276-s1-file-identity-taxonomy-001.md"
"MVDM-FILE-0792"	"softpc.new/base/inc/config.h"	"softpc.new"	"declaration"	"dual-identical"	"O:\repos.external\OpenNT\base\mvdm\softpc.new\base\inc\config.h"	"6c12b5c1bd7102c46d3e5b86795dcce8610e7b9adaead907ba031e9f9bf40034"	"byte-exact-verified"	"unreviewed"	"unreviewed"	""	""	"m0-t276-s1-file-identity-taxonomy-001.md"
"MVDM-FILE-0793"	"softpc.new/base/inc/cpu.h"	"softpc.new"	"declaration"	"dual-identical"	"O:\repos.external\OpenNT\base\mvdm\softpc.new\base\inc\cpu.h"	"c368cceafa5739f4592ecc1e62e4f6d02b788b0772dbd0a8f7e09c8c7c1cecbe"	"byte-exact-verified"	"unreviewed"	"unreviewed"	""	""	"m0-t276-s1-file-identity-taxonomy-001.md"
"MVDM-FILE-0794"	"softpc.new/base/inc/cpu_vid.h"	"softpc.new"	"declaration"	"dual-identical"	"O:\repos.external\OpenNT\base\mvdm\softpc.new\base\inc\cpu_vid.h"	"f7b5efebebd8bf8c6ad5c56adb74c8217490b2b92f113b1e850401fd5f029500"	"byte-exact-verified"	"unreviewed"	"unreviewed"	""	""	"m0-t276-s1-file-identity-taxonomy-001.md"
"MVDM-FILE-0795"	"softpc.new/base/inc/cpu2.h"	"softpc.new"	"declaration"	"dual-identical"	"O:\repos.external\OpenNT\base\mvdm\softpc.new\base\inc\cpu2.h"	"7e9cb73f825974421128e93c90a0096ad10518b6f48e47824e4b5d140638d216"	"byte-exact-verified"	"unreviewed"	"unreviewed"	""	""	"m0-t276-s1-file-identity-taxonomy-001.md"
"MVDM-FILE-0796"	"softpc.new/base/inc/cpu3.h"	"softpc.new"	"declaration"	"dual-identical"	"O:\repos.external\OpenNT\base\mvdm\softpc.new\base\inc\cpu3.h"	"ad167e9ff54476da9bc31c724d284073fb5c8796aa4417c66524aecb9e33bc0a"	"byte-exact-verified"	"unreviewed"	"unreviewed"	""	""	"m0-t276-s1-file-identity-taxonomy-001.md"
"MVDM-FILE-0797"	"softpc.new/base/inc/cpu4.h"	"softpc.new"	"declaration"	"dual-identical"	"O:\repos.external\OpenNT\base\mvdm\softpc.new\base\inc\cpu4.h"	"c1296168c866527a931bfa4b7cefe21f54acc96a6f242b0a60d6cdba4cdba725"	"byte-exact-verified"	"unreviewed"	"unreviewed"	""	""	"m0-t276-s1-file-identity-taxonomy-001.md"
"MVDM-FILE-0798"	"softpc.new/base/inc/d_inst.h"	"softpc.new"	"declaration"	"dual-identical"	"O:\repos.external\OpenNT\base\mvdm\softpc.new\base\inc\d_inst.h"	"5c26efcce64e3a2bd0f6d64ca53775e6c6a4f016873e15cbfda98148439edfa3"	"byte-exact-verified"	"unreviewed"	"unreviewed"	""	""	"m0-t276-s1-file-identity-taxonomy-001.md"
"MVDM-FILE-0799"	"softpc.new/base/inc/d_oper.h"	"softpc.new"	"declaration"	"dual-identical"	"O:\repos.external\OpenNT\base\mvdm\softpc.new\base\inc\d_oper.h"	"035d342c10eeed78180ed8881ef14b32477e93a12ce1c2cb35381554f598e90f"	"byte-exact-verified"	"unreviewed"	"unreviewed"	""	""	"m0-t276-s1-file-identity-taxonomy-001.md"
"MVDM-FILE-0800"	"softpc.new/base/inc/dasm.h"	"softpc.new"	"declaration"	"dual-identical"	"O:\repos.external\OpenNT\base\mvdm\softpc.new\base\inc\dasm.h"	"bb18cfba18fc1f8379feef143161e3e62462354cb101a95ac5e8f6e434c0dbe0"	"byte-exact-verified"	"unreviewed"	"unreviewed"	""	""	"m0-t276-s1-file-identity-taxonomy-001.md"
"MVDM-FILE-0801"	"softpc.new/base/inc/debug.h"	"softpc.new"	"declaration"	"dual-identical"	"O:\repos.external\OpenNT\base\mvdm\softpc.new\base\inc\debug.h"	"59246b3c18bf6dfcd79b4e61bf961bc0382800deb4d968c198ceb415c284f21b"	"byte-exact-verified"	"unreviewed"	"unreviewed"	""	""	"m0-t276-s1-file-identity-taxonomy-001.md"
"MVDM-FILE-0802"	"softpc.new/base/inc/decode.h"	"softpc.new"	"declaration"	"dual-identical"	"O:\repos.external\OpenNT\base\mvdm\softpc.new\base\inc\decode.h"	"d9ecc3cc6097818f6ab37478612778163fc1b647cf76c3159f30978534dab027"	"byte-exact-verified"	"unreviewed"	"unreviewed"	""	""	"m0-t276-s1-file-identity-taxonomy-001.md"
"MVDM-FILE-0803"	"softpc.new/base/inc/dfa.h"	"softpc.new"	"declaration"	"dual-identical"	"O:\repos.external\OpenNT\base\mvdm\softpc.new\base\inc\dfa.h"	"c34cb343b608e1cb0cbb53f8ea0f5f4f50289d7565dd5bc36bb02fd963b0d309"	"byte-exact-verified"	"unreviewed"	"unreviewed"	""	""	"m0-t276-s1-file-identity-taxonomy-001.md"
"MVDM-FILE-0804"	"softpc.new/base/inc/disk_geo.h"	"softpc.new"	"declaration"	"dual-identical"	"O:\repos.external\OpenNT\base\mvdm\softpc.new\base\inc\disk_geo.h"	"8d750f2d279e825004ac24bab65ed8ea6fe94fe385963835fe479ba8a7956c30"	"byte-exact-verified"	"unreviewed"	"unreviewed"	""	""	"m0-t276-s1-file-identity-taxonomy-001.md"
"MVDM-FILE-0805"	"softpc.new/base/inc/dma.h"	"softpc.new"	"declaration"	"dual-identical"	"O:\repos.external\OpenNT\base\mvdm\softpc.new\base\inc\dma.h"	"d69831cddb3de18bebe1532c659608b404686374324b3eeebed5607e15a774e4"	"byte-exact-verified"	"unreviewed"	"unreviewed"	""	""	"m0-t276-s1-file-identity-taxonomy-001.md"
"MVDM-FILE-0806"	"softpc.new/base/inc/dpmi.h"	"softpc.new"	"declaration"	"dual-identical"	"O:\repos.external\OpenNT\base\mvdm\softpc.new\base\inc\dpmi.h"	"147472a572fe13d6a11307c28ef023b79b495087290b1c8124367b04f4891b46"	"byte-exact-verified"	"unreviewed"	"unreviewed"	""	""	"m0-t276-s1-file-identity-taxonomy-001.md"
"MVDM-FILE-0807"	"softpc.new/base/inc/dsktrace.h"	"softpc.new"	"declaration"	"dual-identical"	"O:\repos.external\OpenNT\base\mvdm\softpc.new\base\inc\dsktrace.h"	"f5e99686a7c84d8a1b1b25db57c35d459c88c1b6dec395c332f027647474d082"	"byte-exact-verified"	"unreviewed"	"unreviewed"	""	""	"m0-t276-s1-file-identity-taxonomy-001.md"
"MVDM-FILE-0808"	"softpc.new/base/inc/dterm.h"	"softpc.new"	"declaration"	"dual-identical"	"O:\repos.external\OpenNT\base\mvdm\softpc.new\base\inc\dterm.h"	"1a31bf16bf46b520110fd0d5e3562034f2c0d1f5e474ea030f98148c1c686924"	"byte-exact-verified"	"unreviewed"	"unreviewed"	""	""	"m0-t276-s1-file-identity-taxonomy-001.md"
"MVDM-FILE-0809"	"softpc.new/base/inc/egacpu.h"	"softpc.new"	"declaration"	"dual-identical"	"O:\repos.external\OpenNT\base\mvdm\softpc.new\base\inc\egacpu.h"	"4a53a9d1c7fb984deb2c5b0fd629442ee8a35272ad90323624d55daa65886194"	"byte-exact-verified"	"unreviewed"	"unreviewed"	""	""	"m0-t276-s1-file-identity-taxonomy-001.md"
"MVDM-FILE-0810"	"softpc.new/base/inc/egagraph.h"	"softpc.new"	"declaration"	"dual-identical"	"O:\repos.external\OpenNT\base\mvdm\softpc.new\base\inc\egagraph.h"	"20c58d8fb126135214410b44cda85a9fb57c7644088e820ce979ad37e7681a39"	"byte-exact-verified"	"unreviewed"	"unreviewed"	""	""	"m0-t276-s1-file-identity-taxonomy-001.md"
"MVDM-FILE-0811"	"softpc.new/base/inc/egamode.h"	"softpc.new"	"declaration"	"dual-identical"	"O:\repos.external\OpenNT\base\mvdm\softpc.new\base\inc\egamode.h"	"56c76d5816dd61ebc92666504e7c530a85f30a201c9d0d317056bfc3d0d4c807"	"byte-exact-verified"	"unreviewed"	"unreviewed"	""	""	"m0-t276-s1-file-identity-taxonomy-001.md"
"MVDM-FILE-0812"	"softpc.new/base/inc/egaports.h"	"softpc.new"	"declaration"	"dual-identical"	"O:\repos.external\OpenNT\base\mvdm\softpc.new\base\inc\egaports.h"	"9258473bc4f8c375852c51ea8d7eb71a0163e503bd371f779b78eeb6227146af"	"byte-exact-verified"	"unreviewed"	"unreviewed"	""	""	"m0-t276-s1-file-identity-taxonomy-001.md"
"MVDM-FILE-0813"	"softpc.new/base/inc/egaread.h"	"softpc.new"	"declaration"	"dual-identical"	"O:\repos.external\OpenNT\base\mvdm\softpc.new\base\inc\egaread.h"	"d7a32e28259b5c25146a9e83feeae102be6815d937209a23c5ccf292aa1c0dac"	"byte-exact-verified"	"unreviewed"	"unreviewed"	""	""	"m0-t276-s1-file-identity-taxonomy-001.md"
"MVDM-FILE-0814"	"softpc.new/base/inc/egatrace.h"	"softpc.new"	"declaration"	"dual-identical"	"O:\repos.external\OpenNT\base\mvdm\softpc.new\base\inc\egatrace.h"	"b7ea3a46cbf438275e2eddb68aaf7d9b744ea2a1b60e123fce833ab85b553e87"	"byte-exact-verified"	"unreviewed"	"unreviewed"	""	""	"m0-t276-s1-file-identity-taxonomy-001.md"
"MVDM-FILE-0815"	"softpc.new/base/inc/egavideo.h"	"softpc.new"	"declaration"	"dual-identical"	"O:\repos.external\OpenNT\base\mvdm\softpc.new\base\inc\egavideo.h"	"5b47f5e3566927332de3c3f9474ba3595151758c0a8ff8fd6c9cc860f2f8e6cd"	"byte-exact-verified"	"unreviewed"	"unreviewed"	""	""	"m0-t276-s1-file-identity-taxonomy-001.md"
"MVDM-FILE-0816"	"softpc.new/base/inc/emm.h"	"softpc.new"	"declaration"	"dual-identical"	"O:\repos.external\OpenNT\base\mvdm\softpc.new\base\inc\emm.h"	"d92cc144f50e60de5042f76c67574a3fdc22b0ad38411d92d1459d4a02b17789"	"byte-exact-verified"	"unreviewed"	"unreviewed"	""	""	"m0-t276-s1-file-identity-taxonomy-001.md"
"MVDM-FILE-0817"	"softpc.new/base/inc/equip.h"	"softpc.new"	"declaration"	"dual-identical"	"O:\repos.external\OpenNT\base\mvdm\softpc.new\base\inc\equip.h"	"9530d21a819d9e3ff63d9fd8173f2c0df049cc48aa9ee49a740bad6db921e8aa"	"byte-exact-verified"	"unreviewed"	"unreviewed"	""	""	"m0-t276-s1-file-identity-taxonomy-001.md"
"MVDM-FILE-0818"	"softpc.new/base/inc/error.h"	"softpc.new"	"declaration"	"dual-identical"	"O:\repos.external\OpenNT\base\mvdm\softpc.new\base\inc\error.h"	"1adf0532f1ef298d7491e01714624e394ea795a308695bc1b05376a9b16ca7a3"	"byte-exact-verified"	"unreviewed"	"unreviewed"	""	""	"m0-t276-s1-file-identity-taxonomy-001.md"
"MVDM-FILE-0819"	"softpc.new/base/inc/fdisk.h"	"softpc.new"	"declaration"	"dual-identical"	"O:\repos.external\OpenNT\base\mvdm\softpc.new\base\inc\fdisk.h"	"ab53ed73a6f2caf33d84a6011eff8ac1b098372e3e4012c3dfa6c4ad90a78386"	"byte-exact-verified"	"unreviewed"	"unreviewed"	""	""	"m0-t276-s1-file-identity-taxonomy-001.md"
"MVDM-FILE-0820"	"softpc.new/base/inc/fla.h"	"softpc.new"	"declaration"	"dual-identical"	"O:\repos.external\OpenNT\base\mvdm\softpc.new\base\inc\fla.h"	"8c4947414bf23f36a15455ae03031d8ac907d4b55569f5e114790c45820f2f9e"	"byte-exact-verified"	"unreviewed"	"unreviewed"	""	""	"m0-t276-s1-file-identity-taxonomy-001.md"
"MVDM-FILE-0821"	"softpc.new/base/inc/flexlmif.h"	"softpc.new"	"declaration"	"dual-identical"	"O:\repos.external\OpenNT\base\mvdm\softpc.new\base\inc\flexlmif.h"	"ba27db4f84cc7707fe35cf96c3c8f0d99ad22adb99dfc755f5ddfe750b34d0e6"	"byte-exact-verified"	"unreviewed"	"unreviewed"	""	""	"m0-t276-s1-file-identity-taxonomy-001.md"
"MVDM-FILE-0822"	"softpc.new/base/inc/floppy.h"	"softpc.new"	"declaration"	"dual-identical"	"O:\repos.external\OpenNT\base\mvdm\softpc.new\base\inc\floppy.h"	"500e1a6e48950dc2c184a70c39b9606723133c6ab06affac898da89e24fbaca8"	"byte-exact-verified"	"unreviewed"	"unreviewed"	""	""	"m0-t276-s1-file-identity-taxonomy-001.md"
"MVDM-FILE-0823"	"softpc.new/base/inc/ga_defs.h"	"softpc.new"	"declaration"	"dual-identical"	"O:\repos.external\OpenNT\base\mvdm\softpc.new\base\inc\ga_defs.h"	"853220f9c349fe6c9ca3a0c05a21cc7ea3e97b5e8f8f65cbb846890f87d500b3"	"byte-exact-verified"	"unreviewed"	"unreviewed"	""	""	"m0-t276-s1-file-identity-taxonomy-001.md"
"MVDM-FILE-0824"	"softpc.new/base/inc/ga_mark.h"	"softpc.new"	"declaration"	"dual-identical"	"O:\repos.external\OpenNT\base\mvdm\softpc.new\base\inc\ga_mark.h"	"ef6896bc3d419ec7cd6c4946ebfc8862fef20b30ffb8bdd0e291aa9f95799a9d"	"byte-exact-verified"	"unreviewed"	"unreviewed"	""	""	"m0-t276-s1-file-identity-taxonomy-001.md"
"MVDM-FILE-0825"	"softpc.new/base/inc/gendrvr.h"	"softpc.new"	"declaration"	"dual-identical"	"O:\repos.external\OpenNT\base\mvdm\softpc.new\base\inc\gendrvr.h"	"f6750f0da3fab360f5348981440747be5dc612ce81eabec6913557f59b5f0185"	"byte-exact-verified"	"unreviewed"	"unreviewed"	""	""	"m0-t276-s1-file-identity-taxonomy-001.md"
"MVDM-FILE-0826"	"softpc.new/base/inc/get_env.h"	"softpc.new"	"declaration"	"dual-identical"	"O:\repos.external\OpenNT\base\mvdm\softpc.new\base\inc\get_env.h"	"d8a5457cbb151b35aa588c2e93a517b3f71f606aa7522bea3e3bffa4c10944f5"	"byte-exact-verified"	"unreviewed"	"unreviewed"	""	""	"m0-t276-s1-file-identity-taxonomy-001.md"
"MVDM-FILE-0827"	"softpc.new/base/inc/getptis.h"	"softpc.new"	"declaration"	"dual-identical"	"O:\repos.external\OpenNT\base\mvdm\softpc.new\base\inc\getptis.h"	"e3d1d37fcc3b148e5e27c041ea9c14609a5a5b98d76a23b90d76a0a7a057102c"	"byte-exact-verified"	"unreviewed"	"unreviewed"	""	""	"m0-t276-s1-file-identity-taxonomy-001.md"
"MVDM-FILE-0828"	"softpc.new/base/inc/gfi.h"	"softpc.new"	"declaration"	"dual-identical"	"O:\repos.external\OpenNT\base\mvdm\softpc.new\base\inc\gfi.h"	"ae7b3dc66f9d618a841068e0e730c79751a7e496e223cf1d01ef0c4505e54a9d"	"byte-exact-verified"	"unreviewed"	"unreviewed"	""	""	"m0-t276-s1-file-identity-taxonomy-001.md"
"MVDM-FILE-0829"	"softpc.new/base/inc/gfiempty.h"	"softpc.new"	"declaration"	"dual-identical"	"O:\repos.external\OpenNT\base\mvdm\softpc.new\base\inc\gfiempty.h"	"2990b990982a7381bb75662cf11c2378b958a912d188b4544d88be93cf9e6d0d"	"byte-exact-verified"	"unreviewed"	"unreviewed"	""	""	"m0-t276-s1-file-identity-taxonomy-001.md"
"MVDM-FILE-0830"	"softpc.new/base/inc/gfirflop.h"	"softpc.new"	"declaration"	"dual-identical"	"O:\repos.external\OpenNT\base\mvdm\softpc.new\base\inc\gfirflop.h"	"9e033d9d00afa92aa71b157b043df550f5bb1d62aed97aa8d77e29c46e3372ec"	"byte-exact-verified"	"unreviewed"	"unreviewed"	""	""	"m0-t276-s1-file-identity-taxonomy-001.md"
"MVDM-FILE-0831"	"softpc.new/base/inc/gfisflop.h"	"softpc.new"	"declaration"	"dual-identical"	"O:\repos.external\OpenNT\base\mvdm\softpc.new\base\inc\gfisflop.h"	"43fc7ed066c97d1c0264e08b6bcb1b3a8445f000d5a2132dcc415ebf1b0c88c4"	"byte-exact-verified"	"unreviewed"	"unreviewed"	""	""	"m0-t276-s1-file-identity-taxonomy-001.md"
"MVDM-FILE-0832"	"softpc.new/base/inc/gfitest.h"	"softpc.new"	"declaration"	"dual-identical"	"O:\repos.external\OpenNT\base\mvdm\softpc.new\base\inc\gfitest.h"	"a6c81d867eeced198c856c04e95f5606b10281149d22e39a1c6d21083b0cd75a"	"byte-exact-verified"	"unreviewed"	"unreviewed"	""	""	"m0-t276-s1-file-identity-taxonomy-001.md"
"MVDM-FILE-0833"	"softpc.new/base/inc/gfx_upd.h"	"softpc.new"	"declaration"	"dual-identical"	"O:\repos.external\OpenNT\base\mvdm\softpc.new\base\inc\gfx_upd.h"	"a8577d81b26da6831e8d5dd496e41ebd40a947c3d641c39c77304d509ba2be61"	"byte-exact-verified"	"unreviewed"	"unreviewed"	""	""	"m0-t276-s1-file-identity-taxonomy-001.md"
"MVDM-FILE-0834"	"softpc.new/base/inc/gisp_sas.h"	"softpc.new"	"declaration"	"dual-identical"	"O:\repos.external\OpenNT\base\mvdm\softpc.new\base\inc\gisp_sas.h"	"2413fd0f1b4a4d9cb0238a4c811d088d2d0d1b0c0eaa423956400bd8256558e3"	"byte-exact-verified"	"unreviewed"	"unreviewed"	""	""	"m0-t276-s1-file-identity-taxonomy-001.md"
"MVDM-FILE-0835"	"softpc.new/base/inc/gispsvga.h"	"softpc.new"	"declaration"	"dual-identical"	"O:\repos.external\OpenNT\base\mvdm\softpc.new\base\inc\gispsvga.h"	"27cf2b856a23d0fb84e1162959043377dade1414d063349acaf952cf741bf60e"	"byte-exact-verified"	"unreviewed"	"unreviewed"	""	""	"m0-t276-s1-file-identity-taxonomy-001.md"
"MVDM-FILE-0836"	"softpc.new/base/inc/gmi.h"	"softpc.new"	"declaration"	"dual-identical"	"O:\repos.external\OpenNT\base\mvdm\softpc.new\base\inc\gmi.h"	"828d5e4399c5cc396367373e96c4d6785ac0026f50467176f30a977afe01919a"	"byte-exact-verified"	"unreviewed"	"unreviewed"	""	""	"m0-t276-s1-file-identity-taxonomy-001.md"
"MVDM-FILE-0837"	"softpc.new/base/inc/gore.h"	"softpc.new"	"declaration"	"dual-identical"	"O:\repos.external\OpenNT\base\mvdm\softpc.new\base\inc\gore.h"	"ef1880d39bc72f79dae1b4a14103e99765cfb78968304142388a83e0ab3049f2"	"byte-exact-verified"	"unreviewed"	"unreviewed"	""	""	"m0-t276-s1-file-identity-taxonomy-001.md"
"MVDM-FILE-0838"	"softpc.new/base/inc/gvi.h"	"softpc.new"	"declaration"	"dual-identical"	"O:\repos.external\OpenNT\base\mvdm\softpc.new\base\inc\gvi.h"	"c4dfbf2bb2d6e8d79e9fd607f6ab50b149a5edb2768b25d2475002e2e9940716"	"byte-exact-verified"	"unreviewed"	"unreviewed"	""	""	"m0-t276-s1-file-identity-taxonomy-001.md"
"MVDM-FILE-0839"	"softpc.new/base/inc/harness.h"	"softpc.new"	"declaration"	"dual-identical"	"O:\repos.external\OpenNT\base\mvdm\softpc.new\base\inc\harness.h"	"8f989d1fb417baf5a51a7eae1c1b0f810876bcded3af3ec801ec051f27ad7a77"	"byte-exact-verified"	"unreviewed"	"unreviewed"	""	""	"m0-t276-s1-file-identity-taxonomy-001.md"
"MVDM-FILE-0840"	"softpc.new/base/inc/haw.h"	"softpc.new"	"declaration"	"dual-identical"	"O:\repos.external\OpenNT\base\mvdm\softpc.new\base\inc\haw.h"	"e1efd15347a661c2aa26c60c9d125ab6916e931af39faa7f5ef22ec9440a7c5c"	"byte-exact-verified"	"unreviewed"	"unreviewed"	""	""	"m0-t276-s1-file-identity-taxonomy-001.md"
"MVDM-FILE-0841"	"softpc.new/base/inc/herc.h"	"softpc.new"	"declaration"	"dual-identical"	"O:\repos.external\OpenNT\base\mvdm\softpc.new\base\inc\herc.h"	"cbe8cf0aa83fd197e97485c9d102b936a20c50dea2bba1f2292ddd035a26769f"	"byte-exact-verified"	"unreviewed"	"unreviewed"	""	""	"m0-t276-s1-file-identity-taxonomy-001.md"
"MVDM-FILE-0842"	"softpc.new/base/inc/hfx.h"	"softpc.new"	"declaration"	"dual-identical"	"O:\repos.external\OpenNT\base\mvdm\softpc.new\base\inc\hfx.h"	"88f2ba15861dbb20e502b88b650c37aa3f5a569368665105b24c11e89b6bb758"	"byte-exact-verified"	"unreviewed"	"unreviewed"	""	""	"m0-t276-s1-file-identity-taxonomy-001.md"
"MVDM-FILE-0843"	"softpc.new/base/inc/hg_cpu.h"	"softpc.new"	"declaration"	"dual-identical"	"O:\repos.external\OpenNT\base\mvdm\softpc.new\base\inc\hg_cpu.h"	"81ae1604f915ac0d7ca8e0ad9a07b0ae280f7b0029edd2260c6cba142276b7a0"	"byte-exact-verified"	"unreviewed"	"unreviewed"	""	""	"m0-t276-s1-file-identity-taxonomy-001.md"
"MVDM-FILE-0844"	"softpc.new/base/inc/hg_sas.h"	"softpc.new"	"declaration"	"dual-identical"	"O:\repos.external\OpenNT\base\mvdm\softpc.new\base\inc\hg_sas.h"	"4198ab0c46fca85740de31d45161981a828ea41842f3928d5cf6cc85ac086bbd"	"byte-exact-verified"	"unreviewed"	"unreviewed"	""	""	"m0-t276-s1-file-identity-taxonomy-001.md"
"MVDM-FILE-0845"	"softpc.new/base/inc/hg_stat.h"	"softpc.new"	"declaration"	"dual-identical"	"O:\repos.external\OpenNT\base\mvdm\softpc.new\base\inc\hg_stat.h"	"b628d6dd29dbf4b1f039f0362922ade1dc1e4588c5271b95f45a7addd080e9ea"	"byte-exact-verified"	"unreviewed"	"unreviewed"	""	""	"m0-t276-s1-file-identity-taxonomy-001.md"
"MVDM-FILE-0846"	"softpc.new/base/inc/host.h"	"softpc.new"	"declaration"	"dual-identical"	"O:\repos.external\OpenNT\base\mvdm\softpc.new\base\inc\host.h"	"7777d03c1ab2be0f278941a5d0085847c209da5b7984e05fdbcb8aa2885a495b"	"byte-exact-verified"	"unreviewed"	"unreviewed"	""	""	"m0-t276-s1-file-identity-taxonomy-001.md"
"MVDM-FILE-0847"	"softpc.new/base/inc/host_cfg.h"	"softpc.new"	"declaration"	"dual-identical"	"O:\repos.external\OpenNT\base\mvdm\softpc.new\base\inc\host_cfg.h"	"b51660d37cc8249d10c74800eea996836c807e108ba627bbaf799078ae9098f6"	"byte-exact-verified"	"unreviewed"	"unreviewed"	""	""	"m0-t276-s1-file-identity-taxonomy-001.md"
"MVDM-FILE-0848"	"softpc.new/base/inc/host_com.h"	"softpc.new"	"declaration"	"dual-identical"	"O:\repos.external\OpenNT\base\mvdm\softpc.new\base\inc\host_com.h"	"d7085b215a923dc8df3a9dd44bdc3739d3035ac2fe8978f282b6a3cafd97b68b"	"byte-exact-verified"	"unreviewed"	"unreviewed"	""	""	"m0-t276-s1-file-identity-taxonomy-001.md"
"MVDM-FILE-0849"	"softpc.new/base/inc/host_fio.h"	"softpc.new"	"declaration"	"dual-identical"	"O:\repos.external\OpenNT\base\mvdm\softpc.new\base\inc\host_fio.h"	"28c33ad38e38f45a0b66268b8f4f90c6269f0a0fbf428c78063b6bee2e4af388"	"byte-exact-verified"	"unreviewed"	"unreviewed"	""	""	"m0-t276-s1-file-identity-taxonomy-001.md"
"MVDM-FILE-0850"	"softpc.new/base/inc/host_gwi.h"	"softpc.new"	"declaration"	"dual-identical"	"O:\repos.external\OpenNT\base\mvdm\softpc.new\base\inc\host_gwi.h"	"aea6e4658c2880f6494b3ea7a2ec81f42f740aadc83e8563d8aa8a7a5433bb67"	"byte-exact-verified"	"unreviewed"	"unreviewed"	""	""	"m0-t276-s1-file-identity-taxonomy-001.md"
"MVDM-FILE-0851"	"softpc.new/base/inc/host_hun.h"	"softpc.new"	"declaration"	"dual-identical"	"O:\repos.external\OpenNT\base\mvdm\softpc.new\base\inc\host_hun.h"	"b2ef5f35b0828ada5881db818e59d7578dfa080e2321aa98f0bb6f315aef3936"	"byte-exact-verified"	"unreviewed"	"unreviewed"	""	""	"m0-t276-s1-file-identity-taxonomy-001.md"
"MVDM-FILE-0852"	"softpc.new/base/inc/host_lpt.h"	"softpc.new"	"declaration"	"dual-identical"	"O:\repos.external\OpenNT\base\mvdm\softpc.new\base\inc\host_lpt.h"	"8fdfe8fbd8e8dd4a9746a50851410a051f640365e3d59d9ed8024dfb397da820"	"byte-exact-verified"	"unreviewed"	"unreviewed"	""	""	"m0-t276-s1-file-identity-taxonomy-001.md"
"MVDM-FILE-0853"	"softpc.new/base/inc/host_msw.h"	"softpc.new"	"declaration"	"dual-identical"	"O:\repos.external\OpenNT\base\mvdm\softpc.new\base\inc\host_msw.h"	"cf1ec4ebdc5ea03737bb97c8d0f5d82f52158e02927edb65e0e0eee5f9da4636"	"byte-exact-verified"	"unreviewed"	"unreviewed"	""	""	"m0-t276-s1-file-identity-taxonomy-001.md"
"MVDM-FILE-0854"	"softpc.new/base/inc/host_nls.h"	"softpc.new"	"declaration"	"dual-identical"	"O:\repos.external\OpenNT\base\mvdm\softpc.new\base\inc\host_nls.h"	"59a01bea1d8b7960f22093a61b4e0b1554393406b339dd182ef5dff5b9e88bfc"	"byte-exact-verified"	"unreviewed"	"unreviewed"	""	""	"m0-t276-s1-file-identity-taxonomy-001.md"
"MVDM-FILE-0855"	"softpc.new/base/inc/host_pth.h"	"softpc.new"	"declaration"	"dual-identical"	"O:\repos.external\OpenNT\base\mvdm\softpc.new\base\inc\host_pth.h"	"82a1cb3e1d14f3561f048a82967c5129048146778db3bc79881c28a95df98d95"	"byte-exact-verified"	"unreviewed"	"unreviewed"	""	""	"m0-t276-s1-file-identity-taxonomy-001.md"
"MVDM-FILE-0856"	"softpc.new/base/inc/host_sas.h"	"softpc.new"	"declaration"	"dual-identical"	"O:\repos.external\OpenNT\base\mvdm\softpc.new\base\inc\host_sas.h"	"42f3e8b6a7ad9f4628ae35cd133b6747a19b840c0d3ead23d2d1567874c4e717"	"byte-exact-verified"	"unreviewed"	"unreviewed"	""	""	"m0-t276-s1-file-identity-taxonomy-001.md"
"MVDM-FILE-0857"	"softpc.new/base/inc/host_sig.h"	"softpc.new"	"declaration"	"dual-identical"	"O:\repos.external\OpenNT\base\mvdm\softpc.new\base\inc\host_sig.h"	"c3090a8b6b8f9f270d8d4276b88c4b5157c928a38b27ec79cccef4186d6a108b"	"byte-exact-verified"	"unreviewed"	"unreviewed"	""	""	"m0-t276-s1-file-identity-taxonomy-001.md"
"MVDM-FILE-0858"	"softpc.new/base/inc/host_str.h"	"softpc.new"	"declaration"	"dual-identical"	"O:\repos.external\OpenNT\base\mvdm\softpc.new\base\inc\host_str.h"	"6f4937cffde44e3db9ccf0950fcd13b8a5bcf871cbaca778650853d746294e95"	"byte-exact-verified"	"unreviewed"	"unreviewed"	""	""	"m0-t276-s1-file-identity-taxonomy-001.md"
"MVDM-FILE-0859"	"softpc.new/base/inc/host_uis.h"	"softpc.new"	"declaration"	"dual-identical"	"O:\repos.external\OpenNT\base\mvdm\softpc.new\base\inc\host_uis.h"	"929e79db4ec85a73286a04100c74415091bf7ce3f9ee890e374edeae47c103df"	"byte-exact-verified"	"unreviewed"	"unreviewed"	""	""	"m0-t276-s1-file-identity-taxonomy-001.md"
"MVDM-FILE-0860"	"softpc.new/base/inc/hosthunt.h"	"softpc.new"	"declaration"	"dual-identical"	"O:\repos.external\OpenNT\base\mvdm\softpc.new\base\inc\hosthunt.h"	"2af5ffe292725c250f8ce2df821b4c8b9996d89958f144dcacd8d405ca633fe2"	"byte-exact-verified"	"unreviewed"	"unreviewed"	""	""	"m0-t276-s1-file-identity-taxonomy-001.md"
"MVDM-FILE-0861"	"softpc.new/base/inc/hunter.h"	"softpc.new"	"declaration"	"dual-identical"	"O:\repos.external\OpenNT\base\mvdm\softpc.new\base\inc\hunter.h"	"92958f20ad0e03e8423eb190f0793813e02a752b1820e94aff01049573475edf"	"byte-exact-verified"	"unreviewed"	"unreviewed"	""	""	"m0-t276-s1-file-identity-taxonomy-001.md"
"MVDM-FILE-0862"	"softpc.new/base/inc/hwvga.h"	"softpc.new"	"declaration"	"dual-identical"	"O:\repos.external\OpenNT\base\mvdm\softpc.new\base\inc\hwvga.h"	"5230bef1d6b5773f92fa6fe1f4c9d7b19e05c171be1491e9cab52016ab820b72"	"byte-exact-verified"	"unreviewed"	"unreviewed"	""	""	"m0-t276-s1-file-identity-taxonomy-001.md"
"MVDM-FILE-0863"	"softpc.new/base/inc/ica.h"	"softpc.new"	"declaration"	"dual-identical"	"O:\repos.external\OpenNT\base\mvdm\softpc.new\base\inc\ica.h"	"21109fa7e6b8d6a8ecfe8e733a16805829560e218be11e46e5a33dac28820316"	"byte-exact-verified"	"unreviewed"	"unreviewed"	""	""	"m0-t276-s1-file-identity-taxonomy-001.md"
"MVDM-FILE-0864"	"softpc.new/base/inc/idetect.h"	"softpc.new"	"declaration"	"dual-identical"	"O:\repos.external\OpenNT\base\mvdm\softpc.new\base\inc\idetect.h"	"204aa44f2d86e2a38eccbfc0bfbcf838252b101b2b085992cc9fbf744d41b799"	"byte-exact-verified"	"unreviewed"	"unreviewed"	""	""	"m0-t276-s1-file-identity-taxonomy-001.md"
"MVDM-FILE-0865"	"softpc.new/base/inc/ios.h"	"softpc.new"	"declaration"	"dual-identical"	"O:\repos.external\OpenNT\base\mvdm\softpc.new\base\inc\ios.h"	"ae58169de7aa969000f7cf4374d3d850b55d352c3d4c6edcf52dec0e985620a4"	"byte-exact-verified"	"unreviewed"	"unreviewed"	""	""	"m0-t276-s1-file-identity-taxonomy-001.md"
"MVDM-FILE-0866"	"softpc.new/base/inc/ipx.h"	"softpc.new"	"declaration"	"dual-identical"	"O:\repos.external\OpenNT\base\mvdm\softpc.new\base\inc\ipx.h"	"617b31c65dc4aa4ba02947eafac27459710c04f609401a6af19c46cea1bb178c"	"byte-exact-verified"	"unreviewed"	"unreviewed"	""	""	"m0-t276-s1-file-identity-taxonomy-001.md"
"MVDM-FILE-0867"	"softpc.new/base/inc/j_c_lang.h"	"softpc.new"	"declaration"	"dual-identical"	"O:\repos.external\OpenNT\base\mvdm\softpc.new\base\inc\j_c_lang.h"	"1c0727f420986a3cde9992af5cf3c4c7b084029f3a3a4c04ad7549e7b01235a4"	"byte-exact-verified"	"unreviewed"	"unreviewed"	""	""	"m0-t276-s1-file-identity-taxonomy-001.md"
"MVDM-FILE-0868"	"softpc.new/base/inc/jcgensyn.h"	"softpc.new"	"declaration"	"dual-identical"	"O:\repos.external\OpenNT\base\mvdm\softpc.new\base\inc\jcgensyn.h"	"6f207de257898856faa00baf78e381b15303e3ff57900af0ca4f651015cdbe15"	"byte-exact-verified"	"unreviewed"	"unreviewed"	""	""	"m0-t276-s1-file-identity-taxonomy-001.md"
"MVDM-FILE-0869"	"softpc.new/base/inc/jformate.h"	"softpc.new"	"declaration"	"dual-identical"	"O:\repos.external\OpenNT\base\mvdm\softpc.new\base\inc\jformate.h"	"a3fa4f16ff4f2e96f9f0d03cf69cf24e404ed3b428dda3a3f8466945a651ca5c"	"byte-exact-verified"	"unreviewed"	"unreviewed"	""	""	"m0-t276-s1-file-identity-taxonomy-001.md"
"MVDM-FILE-0870"	"softpc.new/base/inc/keyba.h"	"softpc.new"	"declaration"	"dual-identical"	"O:\repos.external\OpenNT\base\mvdm\softpc.new\base\inc\keyba.h"	"619a9be301eb3a4ca8632d2f2459413e8285c4796e3de35e20aba2488aa7a0b9"	"byte-exact-verified"	"unreviewed"	"unreviewed"	""	""	"m0-t276-s1-file-identity-taxonomy-001.md"
"MVDM-FILE-0871"	"softpc.new/base/inc/keyboard.h"	"softpc.new"	"declaration"	"dual-identical"	"O:\repos.external\OpenNT\base\mvdm\softpc.new\base\inc\keyboard.h"	"1fe1d02140170eef068a61e8feec7f2e6bafc2d235ca6d2b345f898827f8ad9e"	"byte-exact-verified"	"unreviewed"	"unreviewed"	""	""	"m0-t276-s1-file-identity-taxonomy-001.md"
"MVDM-FILE-0872"	"softpc.new/base/inc/keycaps.h"	"softpc.new"	"declaration"	"dual-identical"	"O:\repos.external\OpenNT\base\mvdm\softpc.new\base\inc\keycaps.h"	"aeeafe559ee28ae484897740af13b51de2105e5b17a1d3bae78a01d7bb6514e2"	"byte-exact-verified"	"unreviewed"	"unreviewed"	""	""	"m0-t276-s1-file-identity-taxonomy-001.md"
"MVDM-FILE-0873"	"softpc.new/base/inc/kybdmtx.h"	"softpc.new"	"declaration"	"dual-identical"	"O:\repos.external\OpenNT\base\mvdm\softpc.new\base\inc\kybdmtx.h"	"04a7c5cfcbc08fcaef296feb55edcf779d616ba7fd0ab8fc8110ed2442a03c37"	"byte-exact-verified"	"unreviewed"	"unreviewed"	""	""	"m0-t276-s1-file-identity-taxonomy-001.md"
"MVDM-FILE-0874"	"softpc.new/base/inc/lm_attr.h"	"softpc.new"	"declaration"	"dual-identical"	"O:\repos.external\OpenNT\base\mvdm\softpc.new\base\inc\lm_attr.h"	"f0daa6a32aff8415e2921b57012752535e40751ac1a88b1f371a82e1ad4763f6"	"byte-exact-verified"	"unreviewed"	"unreviewed"	""	""	"m0-t276-s1-file-identity-taxonomy-001.md"
"MVDM-FILE-0875"	"softpc.new/base/inc/lm_clien.h"	"softpc.new"	"declaration"	"dual-identical"	"O:\repos.external\OpenNT\base\mvdm\softpc.new\base\inc\lm_clien.h"	"dcf42ddb359e55b9368c5d4e4b8f7a4ed075af40e26328b0434e3565406a8c6b"	"byte-exact-verified"	"unreviewed"	"unreviewed"	""	""	"m0-t276-s1-file-identity-taxonomy-001.md"
"MVDM-FILE-0876"	"softpc.new/base/inc/lm_code.h"	"softpc.new"	"declaration"	"dual-identical"	"O:\repos.external\OpenNT\base\mvdm\softpc.new\base\inc\lm_code.h"	"981cee8585698990b8d7c69f3fd256a01219c2033fa81830c4b6887e33545f2f"	"byte-exact-verified"	"unreviewed"	"unreviewed"	""	""	"m0-t276-s1-file-identity-taxonomy-001.md"
"MVDM-FILE-0877"	"softpc.new/base/inc/loader.h"	"softpc.new"	"declaration"	"dual-identical"	"O:\repos.external\OpenNT\base\mvdm\softpc.new\base\inc\loader.h"	"c195ab5835bc1f5fda5d84e4539c9adece36417ffc5663fb5b789f971eb6bae3"	"byte-exact-verified"	"unreviewed"	"unreviewed"	""	""	"m0-t276-s1-file-identity-taxonomy-001.md"
"MVDM-FILE-0878"	"softpc.new/base/inc/lock.h"	"softpc.new"	"declaration"	"dual-identical"	"O:\repos.external\OpenNT\base\mvdm\softpc.new\base\inc\lock.h"	"bfca88d9c901515a44ea12290d10da19bdbcfb66227cc497aaf78d93950a022d"	"byte-exact-verified"	"unreviewed"	"unreviewed"	""	""	"m0-t276-s1-file-identity-taxonomy-001.md"
"MVDM-FILE-0879"	"softpc.new/base/inc/low_intp.h"	"softpc.new"	"declaration"	"dual-identical"	"O:\repos.external\OpenNT\base\mvdm\softpc.new\base\inc\low_intp.h"	"71f6bbc11d7020b985a36ae68419ec42f6779b897be564771de00ede350fb644"	"byte-exact-verified"	"unreviewed"	"unreviewed"	""	""	"m0-t276-s1-file-identity-taxonomy-001.md"
"MVDM-FILE-0880"	"softpc.new/base/inc/lq2500.h"	"softpc.new"	"declaration"	"dual-identical"	"O:\repos.external\OpenNT\base\mvdm\softpc.new\base\inc\lq2500.h"	"42758f3a5e16744fac7a14a04fa60d4b77467d8d92d8c1ecaadfc3283b02eb5d"	"byte-exact-verified"	"unreviewed"	"unreviewed"	""	""	"m0-t276-s1-file-identity-taxonomy-001.md"
"MVDM-FILE-0881"	"softpc.new/base/inc/m_errorp.h"	"softpc.new"	"declaration"	"dual-identical"	"O:\repos.external\OpenNT\base\mvdm\softpc.new\base\inc\m_errorp.h"	"ca61755977b972853bda02c4f659554e14efd7b7abab238f0b30e51dbd9b3d66"	"byte-exact-verified"	"unreviewed"	"unreviewed"	""	""	"m0-t276-s1-file-identity-taxonomy-001.md"
"MVDM-FILE-0882"	"softpc.new/base/inc/m_fs.h"	"softpc.new"	"declaration"	"dual-identical"	"O:\repos.external\OpenNT\base\mvdm\softpc.new\base\inc\m_fs.h"	"b6206bbaab8b425286721c07e1c7082dfdc0e3ff103d7d753420bcb7ef2f398e"	"byte-exact-verified"	"unreviewed"	"unreviewed"	""	""	"m0-t276-s1-file-identity-taxonomy-001.md"
"MVDM-FILE-0883"	"softpc.new/base/inc/m_keybdp.h"	"softpc.new"	"declaration"	"dual-identical"	"O:\repos.external\OpenNT\base\mvdm\softpc.new\base\inc\m_keybdp.h"	"b8d73e0606df03677d2b6ac550bb598e7022085df88ec43d81859b5a3f5f7672"	"byte-exact-verified"	"unreviewed"	"unreviewed"	""	""	"m0-t276-s1-file-identity-taxonomy-001.md"
"MVDM-FILE-0884"	"softpc.new/base/inc/m_lpcmp.h"	"softpc.new"	"declaration"	"dual-identical"	"O:\repos.external\OpenNT\base\mvdm\softpc.new\base\inc\m_lpcmp.h"	"157ac9a370fc9c2e7586dbea939d39c6f0ca1ef32f91f1f2a26e441fa9fb4628"	"byte-exact-verified"	"unreviewed"	"unreviewed"	""	""	"m0-t276-s1-file-identity-taxonomy-001.md"
"MVDM-FILE-0885"	"softpc.new/base/inc/make_dis.h"	"softpc.new"	"declaration"	"dual-identical"	"O:\repos.external\OpenNT\base\mvdm\softpc.new\base\inc\make_dis.h"	"aa42e79db75fcda7b0971580a86c095bf8aa49bf13e8ce6acad98f24ca9c4aa6"	"byte-exact-verified"	"unreviewed"	"unreviewed"	""	""	"m0-t276-s1-file-identity-taxonomy-001.md"
"MVDM-FILE-0886"	"softpc.new/base/inc/mark_ima.h"	"softpc.new"	"declaration"	"dual-identical"	"O:\repos.external\OpenNT\base\mvdm\softpc.new\base\inc\mark_ima.h"	"9af24af31e9c5da70bb8c25fe0aca758815fa186c185282e754535839b6e80f8"	"byte-exact-verified"	"unreviewed"	"unreviewed"	""	""	"m0-t276-s1-file-identity-taxonomy-001.md"
"MVDM-FILE-0887"	"softpc.new/base/inc/mda.h"	"softpc.new"	"declaration"	"dual-identical"	"O:\repos.external\OpenNT\base\mvdm\softpc.new\base\inc\mda.h"	"751acb35ec7364ee370077bc909c6a4cf2d4472d18e3259e29f43c7665079a52"	"byte-exact-verified"	"unreviewed"	"unreviewed"	""	""	"m0-t276-s1-file-identity-taxonomy-001.md"
"MVDM-FILE-0888"	"softpc.new/base/inc/mouse.h"	"softpc.new"	"declaration"	"dual-identical"	"O:\repos.external\OpenNT\base\mvdm\softpc.new\base\inc\mouse.h"	"f63c726698057991eeff3b172c4b4bdd7e5948e00bffe15782c37293a21132ce"	"byte-exact-verified"	"unreviewed"	"unreviewed"	""	""	"m0-t276-s1-file-identity-taxonomy-001.md"
"MVDM-FILE-0889"	"softpc.new/base/inc/mouse_io.h"	"softpc.new"	"declaration"	"dual-identical"	"O:\repos.external\OpenNT\base\mvdm\softpc.new\base\inc\mouse_io.h"	"6387d3317faaa0ab35c3652abc52283601a996bcb0f3019234a2cdb246a6662a"	"byte-exact-verified"	"unreviewed"	"unreviewed"	""	""	"m0-t276-s1-file-identity-taxonomy-001.md"
"MVDM-FILE-0890"	"softpc.new/base/inc/mouse16b.h"	"softpc.new"	"declaration"	"dual-identical"	"O:\repos.external\OpenNT\base\mvdm\softpc.new\base\inc\mouse16b.h"	"ef535eea17068630110026351373b0e5514ae2464a92474633dbe8140318b250"	"byte-exact-verified"	"unreviewed"	"unreviewed"	""	""	"m0-t276-s1-file-identity-taxonomy-001.md"
"MVDM-FILE-0891"	"softpc.new/base/inc/ms_windo.h"	"softpc.new"	"declaration"	"dual-identical"	"O:\repos.external\OpenNT\base\mvdm\softpc.new\base\inc\ms_windo.h"	"f76510e61219069b0864434a6920a8639c4f7d2905d0ab9df22e0663ed27e52d"	"byte-exact-verified"	"unreviewed"	"unreviewed"	""	""	"m0-t276-s1-file-identity-taxonomy-001.md"
"MVDM-FILE-0892"	"softpc.new/base/inc/msw_dbg.h"	"softpc.new"	"declaration"	"dual-identical"	"O:\repos.external\OpenNT\base\mvdm\softpc.new\base\inc\msw_dbg.h"	"3726b678c5bd4e98484c423b685b178d28c074625ce1de934d946f07021848e7"	"byte-exact-verified"	"unreviewed"	"unreviewed"	""	""	"m0-t276-s1-file-identity-taxonomy-001.md"
"MVDM-FILE-0893"	"softpc.new/base/inc/msw_keyb.h"	"softpc.new"	"declaration"	"dual-identical"	"O:\repos.external\OpenNT\base\mvdm\softpc.new\base\inc\msw_keyb.h"	"e39f2af151f2f67f17610d2834254a3cf7063f51ed6faf3e90c25ef799847785"	"byte-exact-verified"	"unreviewed"	"unreviewed"	""	""	"m0-t276-s1-file-identity-taxonomy-001.md"
"MVDM-FILE-0894"	"softpc.new/base/inc/msw_snd.h"	"softpc.new"	"declaration"	"dual-identical"	"O:\repos.external\OpenNT\base\mvdm\softpc.new\base\inc\msw_snd.h"	"3cb956d90427a1212e64c08bee246cf11c261545d5ac2d7f5764a8d7d27fb7dc"	"byte-exact-verified"	"unreviewed"	"unreviewed"	""	""	"m0-t276-s1-file-identity-taxonomy-001.md"
"MVDM-FILE-0895"	"softpc.new/base/inc/novell.h"	"softpc.new"	"declaration"	"dual-identical"	"O:\repos.external\OpenNT\base\mvdm\softpc.new\base\inc\novell.h"	"4fb1d6008cbaea0c3b36985743ec00bbf0441fa3aeea1fbefb17c6a598a0bcbf"	"byte-exact-verified"	"unreviewed"	"unreviewed"	""	""	"m0-t276-s1-file-identity-taxonomy-001.md"
"MVDM-FILE-0896"	"softpc.new/base/inc/ppi.h"	"softpc.new"	"declaration"	"dual-identical"	"O:\repos.external\OpenNT\base\mvdm\softpc.new\base\inc\ppi.h"	"7967ae65e76cb00e58f350e87cd115b6ed7a97c81ff96e3b528f9740d3378612"	"byte-exact-verified"	"unreviewed"	"unreviewed"	""	""	"m0-t276-s1-file-identity-taxonomy-001.md"
"MVDM-FILE-0897"	"softpc.new/base/inc/printer.h"	"softpc.new"	"declaration"	"dual-identical"	"O:\repos.external\OpenNT\base\mvdm\softpc.new\base\inc\printer.h"	"c4c064dd442805e2942a799d8c90b46d6f26e4fbe5bba58799f53bbbebb42092"	"byte-exact-verified"	"unreviewed"	"unreviewed"	""	""	"m0-t276-s1-file-identity-taxonomy-001.md"
"MVDM-FILE-0898"	"softpc.new/base/inc/profile.h"	"softpc.new"	"declaration"	"dual-identical"	"O:\repos.external\OpenNT\base\mvdm\softpc.new\base\inc\profile.h"	"67a8fc100d29da9b908f2fb4f8b437963bb64193732279a6c31751895e86d14d"	"byte-exact-verified"	"unreviewed"	"unreviewed"	""	""	"m0-t276-s1-file-identity-taxonomy-001.md"
"MVDM-FILE-0899"	"softpc.new/base/inc/quick_ev.h"	"softpc.new"	"declaration"	"dual-identical"	"O:\repos.external\OpenNT\base\mvdm\softpc.new\base\inc\quick_ev.h"	"c59fec315058b2cc03394d02d9c3756350357f7eb8cb48a541e56aae1b7939a2"	"byte-exact-verified"	"unreviewed"	"unreviewed"	""	""	"m0-t276-s1-file-identity-taxonomy-001.md"
"MVDM-FILE-0900"	"softpc.new/base/inc/rom.h"	"softpc.new"	"declaration"	"dual-identical"	"O:\repos.external\OpenNT\base\mvdm\softpc.new\base\inc\rom.h"	"2075310f9ca8a1a94d9606cd79af36328615412b6912e17f50e2b46081685a5a"	"byte-exact-verified"	"unreviewed"	"unreviewed"	""	""	"m0-t276-s1-file-identity-taxonomy-001.md"
"MVDM-FILE-0901"	"softpc.new/base/inc/rommap.h"	"softpc.new"	"declaration"	"dual-identical"	"O:\repos.external\OpenNT\base\mvdm\softpc.new\base\inc\rommap.h"	"b3e37f197c8bf67333bc72ea5035dcc529d714330ece237abdf0bc06a1152105"	"byte-exact-verified"	"unreviewed"	"unreviewed"	""	""	"m0-t276-s1-file-identity-taxonomy-001.md"
"MVDM-FILE-0902"	"softpc.new/base/inc/rs232.h"	"softpc.new"	"declaration"	"dual-identical"	"O:\repos.external\OpenNT\base\mvdm\softpc.new\base\inc\rs232.h"	"80ddf84cdde4d7e5544210a489a103b2850a38f9f3a285199eb07ac8de4e7779"	"byte-exact-verified"	"unreviewed"	"unreviewed"	""	""	"m0-t276-s1-file-identity-taxonomy-001.md"
"MVDM-FILE-0903"	"softpc.new/base/inc/rtc_bios.h"	"softpc.new"	"declaration"	"dual-identical"	"O:\repos.external\OpenNT\base\mvdm\softpc.new\base\inc\rtc_bios.h"	"ef200bc2174e6bda4010095c1e7615e55a57eeaaa6a7f37f2484afa435414f13"	"byte-exact-verified"	"unreviewed"	"unreviewed"	""	""	"m0-t276-s1-file-identity-taxonomy-001.md"
"MVDM-FILE-0904"	"softpc.new/base/inc/sas.h"	"softpc.new"	"declaration"	"dual-identical"	"O:\repos.external\OpenNT\base\mvdm\softpc.new\base\inc\sas.h"	"63832958d3a6b9ef2f9f209e5ada4af8067fab3b5cdb6f317c5663cbd2b5f2ef"	"byte-exact-verified"	"unreviewed"	"unreviewed"	""	""	"m0-t276-s1-file-identity-taxonomy-001.md"
"MVDM-FILE-0905"	"softpc.new/base/inc/sasp.h"	"softpc.new"	"declaration"	"dual-identical"	"O:\repos.external\OpenNT\base\mvdm\softpc.new\base\inc\sasp.h"	"a13cd318423c15af70ffdfcda84aa0ee9abbcc691fa921d8d06fbf0e0a329ec3"	"byte-exact-verified"	"unreviewed"	"unreviewed"	""	""	"m0-t276-s1-file-identity-taxonomy-001.md"
"MVDM-FILE-0906"	"softpc.new/base/inc/smeg.h"	"softpc.new"	"declaration"	"dual-identical"	"O:\repos.external\OpenNT\base\mvdm\softpc.new\base\inc\smeg.h"	"2e0bca83b80f59054c6bec10ebe391dc47cf19573426dc3253494ec427266b7e"	"byte-exact-verified"	"unreviewed"	"unreviewed"	""	""	"m0-t276-s1-file-identity-taxonomy-001.md"
"MVDM-FILE-0907"	"softpc.new/base/inc/smeg_hea.h"	"softpc.new"	"declaration"	"dual-identical"	"O:\repos.external\OpenNT\base\mvdm\softpc.new\base\inc\smeg_hea.h"	"ca784c2c076245462181acb61ad44dd89e92d26beef4227864152a50f9d5a47d"	"byte-exact-verified"	"unreviewed"	"unreviewed"	""	""	"m0-t276-s1-file-identity-taxonomy-001.md"
"MVDM-FILE-0908"	"softpc.new/base/inc/spc_icon.h"	"softpc.new"	"declaration"	"dual-identical"	"O:\repos.external\OpenNT\base\mvdm\softpc.new\base\inc\spc_icon.h"	"0f49f06c62860a0d5d9b0c645d148cf00416c341c3c82a7ec307349657781eea"	"byte-exact-verified"	"unreviewed"	"unreviewed"	""	""	"m0-t276-s1-file-identity-taxonomy-001.md"
"MVDM-FILE-0909"	"softpc.new/base/inc/spcfile.h"	"softpc.new"	"declaration"	"dual-identical"	"O:\repos.external\OpenNT\base\mvdm\softpc.new\base\inc\spcfile.h"	"d32402dd60e995f0c73fbe683a63ebbeda98de12d4935a901ade70665f0dacfd"	"byte-exact-verified"	"unreviewed"	"unreviewed"	""	""	"m0-t276-s1-file-identity-taxonomy-001.md"
"MVDM-FILE-0910"	"softpc.new/base/inc/standard.h"	"softpc.new"	"declaration"	"dual-identical"	"O:\repos.external\OpenNT\base\mvdm\softpc.new\base\inc\standard.h"	"576b4d5683e7801ecfa16643436a993e97d8855b4473a79b59700dbc28996335"	"byte-exact-verified"	"unreviewed"	"unreviewed"	""	""	"m0-t276-s1-file-identity-taxonomy-001.md"
"MVDM-FILE-0911"	"softpc.new/base/inc/suplib.h"	"softpc.new"	"declaration"	"dual-identical"	"O:\repos.external\OpenNT\base\mvdm\softpc.new\base\inc\suplib.h"	"012bcdd28b9d105a6d4bf9c01bbdfa8ccf855910cb00119ba7b1c45884237f7f"	"byte-exact-verified"	"unreviewed"	"unreviewed"	""	""	"m0-t276-s1-file-identity-taxonomy-001.md"
"MVDM-FILE-0912"	"softpc.new/base/inc/swinhelp.h"	"softpc.new"	"declaration"	"dual-identical"	"O:\repos.external\OpenNT\base\mvdm\softpc.new\base\inc\swinhelp.h"	"df7d0d15f908e554d41a119ef947a744861ae5b29fec9b4204eea687f9743717"	"byte-exact-verified"	"unreviewed"	"unreviewed"	""	""	"m0-t276-s1-file-identity-taxonomy-001.md"
"MVDM-FILE-0913"	"softpc.new/base/inc/swinmgre.h"	"softpc.new"	"declaration"	"dual-identical"	"O:\repos.external\OpenNT\base\mvdm\softpc.new\base\inc\swinmgre.h"	"303ca6566369a686647b246c859b4aa39260acefd9da38ae00cf28396e3e93fe"	"byte-exact-verified"	"unreviewed"	"unreviewed"	""	""	"m0-t276-s1-file-identity-taxonomy-001.md"
"MVDM-FILE-0914"	"softpc.new/base/inc/tape_io.h"	"softpc.new"	"declaration"	"dual-identical"	"O:\repos.external\OpenNT\base\mvdm\softpc.new\base\inc\tape_io.h"	"cca3e19561b62ecebe674f180faf6d0760f581433563e84711dc742d871fb309"	"byte-exact-verified"	"unreviewed"	"unreviewed"	""	""	"m0-t276-s1-file-identity-taxonomy-001.md"
"MVDM-FILE-0915"	"softpc.new/base/inc/tcpip.h"	"softpc.new"	"declaration"	"dual-identical"	"O:\repos.external\OpenNT\base\mvdm\softpc.new\base\inc\tcpip.h"	"240f9fbcc78213f7e3dc458013a096a4c2f0768e05d8f34808e5610a7e38bfb1"	"byte-exact-verified"	"unreviewed"	"unreviewed"	""	""	"m0-t276-s1-file-identity-taxonomy-001.md"
"MVDM-FILE-0916"	"softpc.new/base/inc/timer.h"	"softpc.new"	"declaration"	"dual-identical"	"O:\repos.external\OpenNT\base\mvdm\softpc.new\base\inc\timer.h"	"b5704cc3ec76cd4dc010eeecc07e4c78ff76428266f6719cf34a65c9dd4b1f2d"	"byte-exact-verified"	"unreviewed"	"unreviewed"	""	""	"m0-t276-s1-file-identity-taxonomy-001.md"
"MVDM-FILE-0917"	"softpc.new/base/inc/timestmp.h"	"softpc.new"	"declaration"	"dual-identical"	"O:\repos.external\OpenNT\base\mvdm\softpc.new\base\inc\timestmp.h"	"b7f26a48bc185445a4a30bdc3cc3db597dc706b0148b34ea97be7f29c273edf1"	"byte-exact-verified"	"unreviewed"	"unreviewed"	""	""	"m0-t276-s1-file-identity-taxonomy-001.md"
"MVDM-FILE-0918"	"softpc.new/base/inc/timeval.h"	"softpc.new"	"declaration"	"dual-identical"	"O:\repos.external\OpenNT\base\mvdm\softpc.new\base\inc\timeval.h"	"49ab8b88c971a9da3d0cadc974f04f6c329aef23c25efd8bfd7e3d50b1a8dfc0"	"byte-exact-verified"	"unreviewed"	"unreviewed"	""	""	"m0-t276-s1-file-identity-taxonomy-001.md"
"MVDM-FILE-0919"	"softpc.new/base/inc/tmstrobe.h"	"softpc.new"	"declaration"	"dual-identical"	"O:\repos.external\OpenNT\base\mvdm\softpc.new\base\inc\tmstrobe.h"	"218c4f4841da5180d2140c1179a555dd4b33bdfebf04fe76b3a0f245e17f6ca4"	"byte-exact-verified"	"unreviewed"	"unreviewed"	""	""	"m0-t276-s1-file-identity-taxonomy-001.md"
"MVDM-FILE-0920"	"softpc.new/base/inc/trace.h"	"softpc.new"	"declaration"	"dual-identical"	"O:\repos.external\OpenNT\base\mvdm\softpc.new\base\inc\trace.h"	"d70092a47d833c0ec3d859ebe7963feb374f5f0abb9288a03f9ffea7198b275f"	"byte-exact-verified"	"unreviewed"	"unreviewed"	""	""	"m0-t276-s1-file-identity-taxonomy-001.md"
"MVDM-FILE-0921"	"softpc.new/base/inc/tredltr.h"	"softpc.new"	"declaration"	"dual-identical"	"O:\repos.external\OpenNT\base\mvdm\softpc.new\base\inc\tredltr.h"	"0fac7a13402da75950b2f701e3700442cf21a2fc73686301566ed3f9035fc952"	"byte-exact-verified"	"unreviewed"	"unreviewed"	""	""	"m0-t276-s1-file-identity-taxonomy-001.md"
"MVDM-FILE-0922"	"softpc.new/base/inc/umb.h"	"softpc.new"	"declaration"	"dual-identical"	"O:\repos.external\OpenNT\base\mvdm\softpc.new\base\inc\umb.h"	"2461d7f74c3317a98d1456c238ad2f14bcdb2cbcd189d39836f24a353893e4b3"	"byte-exact-verified"	"unreviewed"	"unreviewed"	""	""	"m0-t276-s1-file-identity-taxonomy-001.md"
"MVDM-FILE-0923"	"softpc.new/base/inc/unix_asy.h"	"softpc.new"	"declaration"	"dual-identical"	"O:\repos.external\OpenNT\base\mvdm\softpc.new\base\inc\unix_asy.h"	"ef87c2c6eb2300a4339846a80334687828fd184b20a274f568f87446157dbfc0"	"byte-exact-verified"	"unreviewed"	"unreviewed"	""	""	"m0-t276-s1-file-identity-taxonomy-001.md"
"MVDM-FILE-0924"	"softpc.new/base/inc/unix_cnf.h"	"softpc.new"	"declaration"	"dual-identical"	"O:\repos.external\OpenNT\base\mvdm\softpc.new\base\inc\unix_cnf.h"	"1db2d689864893264a6c40445525840a6047213caea4945a646fc59cc41d9019"	"byte-exact-verified"	"unreviewed"	"unreviewed"	""	""	"m0-t276-s1-file-identity-taxonomy-001.md"
"MVDM-FILE-0925"	"softpc.new/base/inc/unix_loc.h"	"softpc.new"	"declaration"	"dual-identical"	"O:\repos.external\OpenNT\base\mvdm\softpc.new\base\inc\unix_loc.h"	"3bd6197388c1ef0ba79b9c44b5bc8b064d3f105234f8179682d4f41eda9187cd"	"byte-exact-verified"	"unreviewed"	"unreviewed"	""	""	"m0-t276-s1-file-identity-taxonomy-001.md"
"MVDM-FILE-0926"	"softpc.new/base/inc/vga_dac.h"	"softpc.new"	"declaration"	"dual-identical"	"O:\repos.external\OpenNT\base\mvdm\softpc.new\base\inc\vga_dac.h"	"a747934a6f6257d470ecfdc8a4808f6f11cac2cc96b0bd6e9be75facd327b5c3"	"byte-exact-verified"	"unreviewed"	"unreviewed"	""	""	"m0-t276-s1-file-identity-taxonomy-001.md"
"MVDM-FILE-0927"	"softpc.new/base/inc/vgaports.h"	"softpc.new"	"declaration"	"dual-identical"	"O:\repos.external\OpenNT\base\mvdm\softpc.new\base\inc\vgaports.h"	"7d2c9ceadd144ea014757549ab83e8ff8e28b6e92c11f0cd379119d07c0bd2f2"	"byte-exact-verified"	"unreviewed"	"unreviewed"	""	""	"m0-t276-s1-file-identity-taxonomy-001.md"
"MVDM-FILE-0928"	"softpc.new/base/inc/vgastate.h"	"softpc.new"	"declaration"	"dual-identical"	"O:\repos.external\OpenNT\base\mvdm\softpc.new\base\inc\vgastate.h"	"bfff3b82a50c1ac89d1beb0195cffd7e4fb82a90715c25d279fd8aa8bd77580c"	"byte-exact-verified"	"unreviewed"	"unreviewed"	""	""	"m0-t276-s1-file-identity-taxonomy-001.md"
"MVDM-FILE-0929"	"softpc.new/base/inc/video.h"	"softpc.new"	"declaration"	"dual-identical"	"O:\repos.external\OpenNT\base\mvdm\softpc.new\base\inc\video.h"	"3e701855e34a3ba9834c84ab39da5350ff375195aacea0d79692fba24e2b1059"	"byte-exact-verified"	"unreviewed"	"unreviewed"	""	""	"m0-t276-s1-file-identity-taxonomy-001.md"
"MVDM-FILE-0930"	"softpc.new/base/inc/virtual.h"	"softpc.new"	"declaration"	"dual-identical"	"O:\repos.external\OpenNT\base\mvdm\softpc.new\base\inc\virtual.h"	"d4576f40b4c22a3f83bbb76cd07db800275c0c61154983966b67ea3aafbba976"	"byte-exact-verified"	"unreviewed"	"unreviewed"	""	""	"m0-t276-s1-file-identity-taxonomy-001.md"
"MVDM-FILE-0931"	"softpc.new/base/inc/winfiles.h"	"softpc.new"	"declaration"	"dual-identical"	"O:\repos.external\OpenNT\base\mvdm\softpc.new\base\inc\winfiles.h"	"f307fc3f4039b70639a9403ff07bfc8c44a1d14baac5df8f51ce7ab69d27a4b7"	"byte-exact-verified"	"unreviewed"	"unreviewed"	""	""	"m0-t276-s1-file-identity-taxonomy-001.md"
"MVDM-FILE-0932"	"softpc.new/base/inc/winhelp.h"	"softpc.new"	"declaration"	"dual-identical"	"O:\repos.external\OpenNT\base\mvdm\softpc.new\base\inc\winhelp.h"	"8ef3d5e1f7848239ea7c45eea43098088a78a632d7803ca86c299cd553ae81d6"	"byte-exact-verified"	"unreviewed"	"unreviewed"	""	""	"m0-t276-s1-file-identity-taxonomy-001.md"
"MVDM-FILE-0933"	"softpc.new/base/inc/worm.h"	"softpc.new"	"declaration"	"dual-identical"	"O:\repos.external\OpenNT\base\mvdm\softpc.new\base\inc\worm.h"	"d49a3112a511c092090753bf4b65c714785a049f09f312f0a78006a91531dc61"	"byte-exact-verified"	"unreviewed"	"unreviewed"	""	""	"m0-t276-s1-file-identity-taxonomy-001.md"
"MVDM-FILE-0934"	"softpc.new/base/inc/xt.h"	"softpc.new"	"declaration"	"dual-identical"	"O:\repos.external\OpenNT\base\mvdm\softpc.new\base\inc\xt.h"	"c5b376f59d45ddb6ca36aa66e96e095203a261b125bd6a34247d6c88e98cb111"	"byte-exact-verified"	"unreviewed"	"unreviewed"	""	""	"m0-t276-s1-file-identity-taxonomy-001.md"
"MVDM-FILE-0935"	"softpc.new/base/inc/yoda.h"	"softpc.new"	"declaration"	"dual-identical"	"O:\repos.external\OpenNT\base\mvdm\softpc.new\base\inc\yoda.h"	"9488860e836e9b4fb17ec69558bc65ce1a8afb99286f62e6092759c959569fc1"	"byte-exact-verified"	"unreviewed"	"unreviewed"	""	""	"m0-t276-s1-file-identity-taxonomy-001.md"
"MVDM-FILE-0936"	"softpc.new/base/keymouse/keyba.c"	"softpc.new"	"source"	"dual-identical"	"O:\repos.external\OpenNT\base\mvdm\softpc.new\base\keymouse\keyba.c"	"d3326210be154866924ca99f1e44e0a76e9a912e15975305804f6b59c4cf7953"	"byte-exact-verified"	"unreviewed"	"unreviewed"	""	""	"m0-t276-s1-file-identity-taxonomy-001.md"
"MVDM-FILE-0937"	"softpc.new/base/keymouse/keybd_io.c"	"softpc.new"	"source"	"dual-identical"	"O:\repos.external\OpenNT\base\mvdm\softpc.new\base\keymouse\keybd_io.c"	"c17523f12f895eb144b38692f4d91dc97d539106a8d3e4b8cf23bc4338cd4896"	"byte-exact-verified"	"unreviewed"	"unreviewed"	""	""	"m0-t276-s1-file-identity-taxonomy-001.md"
"MVDM-FILE-0938"	"softpc.new/base/keymouse/makefile"	"softpc.new"	"resource-or-other"	"dual-identical"	"O:\repos.external\OpenNT\base\mvdm\softpc.new\base\keymouse\makefile"	"26957856e8a7f42a1740419cf3451497129f1d8284301d42f1a89ee13dd5a459"	"byte-exact-verified"	"unreviewed"	"unreviewed"	""	""	"m0-t276-s1-file-identity-taxonomy-001.md"
"MVDM-FILE-0939"	"softpc.new/base/keymouse/mouse.c"	"softpc.new"	"source"	"dual-identical"	"O:\repos.external\OpenNT\base\mvdm\softpc.new\base\keymouse\mouse.c"	"2d196d9f0c1ef860436d8eb47c01820913a1164dd1b32e3bd518226653476785"	"byte-exact-verified"	"unreviewed"	"unreviewed"	""	""	"m0-t276-s1-file-identity-taxonomy-001.md"
"MVDM-FILE-0940"	"softpc.new/base/keymouse/mouse_io.c"	"softpc.new"	"source"	"dual-identical"	"O:\repos.external\OpenNT\base\mvdm\softpc.new\base\keymouse\mouse_io.c"	"1aa3cbd915eb31fa37d4a0b7e0310f77612d39c45d3f552b78ca68b3ce9a3439"	"byte-exact-verified"	"unreviewed"	"unreviewed"	""	""	"m0-t276-s1-file-identity-taxonomy-001.md"
"MVDM-FILE-0941"	"softpc.new/base/keymouse/ppi.c"	"softpc.new"	"source"	"dual-identical"	"O:\repos.external\OpenNT\base\mvdm\softpc.new\base\keymouse\ppi.c"	"367cceaa88345e16b2e138faef9addd441da2cd39f95ea3ab6c359651bd8ebf5"	"byte-exact-verified"	"unreviewed"	"unreviewed"	""	""	"m0-t276-s1-file-identity-taxonomy-001.md"
"MVDM-FILE-0942"	"softpc.new/base/keymouse/sources"	"softpc.new"	"resource-or-other"	"dual-identical"	"O:\repos.external\OpenNT\base\mvdm\softpc.new\base\keymouse\sources"	"7446f868cc0f5594935d148de94e1dabc4b643209611038fd09951069d1c84fb"	"byte-exact-verified"	"unreviewed"	"unreviewed"	""	""	"m0-t276-s1-file-identity-taxonomy-001.md"
"MVDM-FILE-0943"	"softpc.new/base/support/get_env.c"	"softpc.new"	"source"	"dual-identical"	"O:\repos.external\OpenNT\base\mvdm\softpc.new\base\support\get_env.c"	"7e0fc5e63e423a6bfc0f29e871d55c60d95cc1319f621571317b8f5a73433a2f"	"byte-exact-verified"	"unreviewed"	"unreviewed"	""	""	"m0-t276-s1-file-identity-taxonomy-001.md"
"MVDM-FILE-0944"	"softpc.new/base/support/ios.c"	"softpc.new"	"source"	"dual-identical"	"O:\repos.external\OpenNT\base\mvdm\softpc.new\base\support\ios.c"	"e4f39908ff9534adde52e46def732a93790ac48f2bb481590622c537c2f3b205"	"byte-exact-verified"	"unreviewed"	"unreviewed"	""	""	"m0-t276-s1-file-identity-taxonomy-001.md"
"MVDM-FILE-0945"	"softpc.new/base/support/main.c"	"softpc.new"	"source"	"dual-identical"	"O:\repos.external\OpenNT\base\mvdm\softpc.new\base\support\main.c"	"5dfdca835f1ca6fddf07826f2b4aa9e25f4c8bd0ceef21b2dce9884de721376c"	"byte-exact-verified"	"unreviewed"	"unreviewed"	""	""	"m0-t276-s1-file-identity-taxonomy-001.md"
"MVDM-FILE-0946"	"softpc.new/base/support/makefile"	"softpc.new"	"resource-or-other"	"dual-identical"	"O:\repos.external\OpenNT\base\mvdm\softpc.new\base\support\makefile"	"26957856e8a7f42a1740419cf3451497129f1d8284301d42f1a89ee13dd5a459"	"byte-exact-verified"	"unreviewed"	"unreviewed"	""	""	"m0-t276-s1-file-identity-taxonomy-001.md"
"MVDM-FILE-0947"	"softpc.new/base/support/sources"	"softpc.new"	"resource-or-other"	"dual-identical"	"O:\repos.external\OpenNT\base\mvdm\softpc.new\base\support\sources"	"5824d89a2d721a3ad89160f3868d1d1edab53e05038adbfcd58f1c607e70e065"	"byte-exact-verified"	"unreviewed"	"unreviewed"	""	""	"m0-t276-s1-file-identity-taxonomy-001.md"
"MVDM-FILE-0948"	"softpc.new/base/support/terminat.c"	"softpc.new"	"source"	"dual-identical"	"O:\repos.external\OpenNT\base\mvdm\softpc.new\base\support\terminat.c"	"b085166424614a154a41f794bf3505f50a77a2ea60338bcefcb845be8e092e53"	"byte-exact-verified"	"unreviewed"	"unreviewed"	""	""	"m0-t276-s1-file-identity-taxonomy-001.md"
"MVDM-FILE-0949"	"softpc.new/base/support/time_day.c"	"softpc.new"	"source"	"dual-identical"	"O:\repos.external\OpenNT\base\mvdm\softpc.new\base\support\time_day.c"	"af7a3d2b6dd80dec1f72910ae627f2ed87906fe8986e8c7c930ae6fbf35bd1b2"	"byte-exact-verified"	"unreviewed"	"unreviewed"	""	""	"m0-t276-s1-file-identity-taxonomy-001.md"
"MVDM-FILE-0950"	"softpc.new/base/support/xt.c"	"softpc.new"	"source"	"dual-identical"	"O:\repos.external\OpenNT\base\mvdm\softpc.new\base\support\xt.c"	"a95cda1054b1840df73dbcec6e23cacbee1ddf2fd1ed071318c8c9252f21c0cc"	"byte-exact-verified"	"unreviewed"	"unreviewed"	""	""	"m0-t276-s1-file-identity-taxonomy-001.md"
"MVDM-FILE-0951"	"softpc.new/base/system/at_dma.c"	"softpc.new"	"source"	"dual-identical"	"O:\repos.external\OpenNT\base\mvdm\softpc.new\base\system\at_dma.c"	"4867e3e03e0a5f49066963a37a957d231ec9addbc203789beed42bcf510f3f01"	"byte-exact-verified"	"unreviewed"	"unreviewed"	""	""	"m0-t276-s1-file-identity-taxonomy-001.md"
"MVDM-FILE-0952"	"softpc.new/base/system/cmos.c"	"softpc.new"	"source"	"dual-identical"	"O:\repos.external\OpenNT\base\mvdm\softpc.new\base\system\cmos.c"	"c993b3e020ddd2f25524e20bef0b7651bcdf52a7d222e90fd643f828b788ac1e"	"byte-exact-verified"	"unreviewed"	"unreviewed"	""	""	"m0-t276-s1-file-identity-taxonomy-001.md"
"MVDM-FILE-0953"	"softpc.new/base/system/cmosnt.c"	"softpc.new"	"source"	"dual-identical"	"O:\repos.external\OpenNT\base\mvdm\softpc.new\base\system\cmosnt.c"	"00156a734520b5d59442bf9d6127f4e722a7a697f9be33f34feecf4aef06d850"	"byte-exact-verified"	"unreviewed"	"unreviewed"	""	""	"m0-t276-s1-file-identity-taxonomy-001.md"
"MVDM-FILE-0954"	"softpc.new/base/system/dummy_nt.c"	"softpc.new"	"source"	"dual-identical"	"O:\repos.external\OpenNT\base\mvdm\softpc.new\base\system\dummy_nt.c"	"ce1b03e11f45eb795dfbfdde1e3ac4ebc2022d77dfa5f4dd30453ba6eebdb233"	"byte-exact-verified"	"unreviewed"	"unreviewed"	""	""	"m0-t276-s1-file-identity-taxonomy-001.md"
"MVDM-FILE-0955"	"softpc.new/base/system/ica.c"	"softpc.new"	"source"	"dual-identical"	"O:\repos.external\OpenNT\base\mvdm\softpc.new\base\system\ica.c"	"3874e59a27410e56c2d8c28b576c528d82acd2f04e64c50664d1ecda9a846075"	"byte-exact-verified"	"unreviewed"	"unreviewed"	""	""	"m0-t276-s1-file-identity-taxonomy-001.md"
"MVDM-FILE-0956"	"softpc.new/base/system/ica.old"	"softpc.new"	"resource-or-other"	"dual-identical"	"O:\repos.external\OpenNT\base\mvdm\softpc.new\base\system\ica.old"	"804a0b0069cf2367f71a36369906dfb971d3eacf302113ca9c856ed2fbfa22d2"	"byte-exact-verified"	"unreviewed"	"unreviewed"	""	""	"m0-t276-s1-file-identity-taxonomy-001.md"
"MVDM-FILE-0957"	"softpc.new/base/system/idetect.c"	"softpc.new"	"source"	"dual-identical"	"O:\repos.external\OpenNT\base\mvdm\softpc.new\base\system\idetect.c"	"b93eb0784830446b53eeadb4b4f2dc5506787cd5313b313ecfc1ec14c5b7d160"	"byte-exact-verified"	"unreviewed"	"unreviewed"	""	""	"m0-t276-s1-file-identity-taxonomy-001.md"
"MVDM-FILE-0958"	"softpc.new/base/system/illegalp.c"	"softpc.new"	"source"	"dual-identical"	"O:\repos.external\OpenNT\base\mvdm\softpc.new\base\system\illegalp.c"	"94f049032a9298802cab09afc61651469dcbf1fec80ab36444e5c2fed2f681ad"	"byte-exact-verified"	"unreviewed"	"unreviewed"	""	""	"m0-t276-s1-file-identity-taxonomy-001.md"
"MVDM-FILE-0959"	"softpc.new/base/system/makefile"	"softpc.new"	"resource-or-other"	"dual-identical"	"O:\repos.external\OpenNT\base\mvdm\softpc.new\base\system\makefile"	"26957856e8a7f42a1740419cf3451497129f1d8284301d42f1a89ee13dd5a459"	"byte-exact-verified"	"unreviewed"	"unreviewed"	""	""	"m0-t276-s1-file-identity-taxonomy-001.md"
"MVDM-FILE-0960"	"softpc.new/base/system/qevnt.c"	"softpc.new"	"source"	"dual-identical"	"O:\repos.external\OpenNT\base\mvdm\softpc.new\base\system\qevnt.c"	"3e0d97d17bcc4c107b5173bf38868c79ab68d3042d29472a1a7259364da2947c"	"byte-exact-verified"	"unreviewed"	"unreviewed"	""	""	"m0-t276-s1-file-identity-taxonomy-001.md"
"MVDM-FILE-0961"	"softpc.new/base/system/quick_ev.c"	"softpc.new"	"source"	"dual-identical"	"O:\repos.external\OpenNT\base\mvdm\softpc.new\base\system\quick_ev.c"	"fe23e0ef2fb79aebadc5c0404a2369a694ac6d82347bcae5f2a7bca74b807111"	"byte-exact-verified"	"unreviewed"	"unreviewed"	""	""	"m0-t276-s1-file-identity-taxonomy-001.md"
"MVDM-FILE-0962"	"softpc.new/base/system/rom.c"	"softpc.new"	"source"	"dual-identical"	"O:\repos.external\OpenNT\base\mvdm\softpc.new\base\system\rom.c"	"947f9fc49dbffad48b2d1668548d63e8d26197a35d72fd4c26e7ce1e4c96af6f"	"byte-exact-verified"	"unreviewed"	"unreviewed"	""	""	"m0-t276-s1-file-identity-taxonomy-001.md"
"MVDM-FILE-0963"	"softpc.new/base/system/sources"	"softpc.new"	"resource-or-other"	"dual-identical"	"O:\repos.external\OpenNT\base\mvdm\softpc.new\base\system\sources"	"789b0e243e6d27167a65b23dc187a3a9e82d8c67bdc4b10712f338b6b93354c3"	"byte-exact-verified"	"unreviewed"	"unreviewed"	""	""	"m0-t276-s1-file-identity-taxonomy-001.md"
"MVDM-FILE-0964"	"softpc.new/base/system/timer.c"	"softpc.new"	"source"	"dual-identical"	"O:\repos.external\OpenNT\base\mvdm\softpc.new\base\system\timer.c"	"0e2efd46f011009e1512eb309c330626984f1590ba637b8ad9dae9c968699f55"	"byte-exact-verified"	"unreviewed"	"unreviewed"	""	""	"m0-t276-s1-file-identity-taxonomy-001.md"
"MVDM-FILE-0965"	"softpc.new/base/system/timestrb.c"	"softpc.new"	"source"	"dual-identical"	"O:\repos.external\OpenNT\base\mvdm\softpc.new\base\system\timestrb.c"	"e314b1b5e88474ac9d1c978b3db71820fee667f7de3eff23b66e48bf0d3532e7"	"byte-exact-verified"	"unreviewed"	"unreviewed"	""	""	"m0-t276-s1-file-identity-taxonomy-001.md"
"MVDM-FILE-0966"	"softpc.new/base/system/unexp_nt.c"	"softpc.new"	"source"	"dual-identical"	"O:\repos.external\OpenNT\base\mvdm\softpc.new\base\system\unexp_nt.c"	"a96ba5effe9b1cec5d78545f9656486a8e7b692e829c1c06634653bb8c905f0e"	"byte-exact-verified"	"unreviewed"	"unreviewed"	""	""	"m0-t276-s1-file-identity-taxonomy-001.md"
"MVDM-FILE-0967"	"softpc.new/base/unix/makefile"	"softpc.new"	"resource-or-other"	"dual-identical"	"O:\repos.external\OpenNT\base\mvdm\softpc.new\base\unix\makefile"	"26957856e8a7f42a1740419cf3451497129f1d8284301d42f1a89ee13dd5a459"	"byte-exact-verified"	"unreviewed"	"unreviewed"	""	""	"m0-t276-s1-file-identity-taxonomy-001.md"
"MVDM-FILE-0968"	"softpc.new/base/unix/sources"	"softpc.new"	"resource-or-other"	"dual-identical"	"O:\repos.external\OpenNT\base\mvdm\softpc.new\base\unix\sources"	"5e6646017441dbcb514764a04e641eeda80e183a6124fa9067b5504a5bae7e49"	"byte-exact-verified"	"unreviewed"	"unreviewed"	""	""	"m0-t276-s1-file-identity-taxonomy-001.md"
"MVDM-FILE-0969"	"softpc.new/base/video/cga.c"	"softpc.new"	"source"	"dual-identical"	"O:\repos.external\OpenNT\base\mvdm\softpc.new\base\video\cga.c"	"8591c1b0e178f4b8791ed289588d3ed8a06ef514f8bdfca4797a190eb51e2777"	"byte-exact-verified"	"unreviewed"	"unreviewed"	""	""	"m0-t276-s1-file-identity-taxonomy-001.md"
"MVDM-FILE-0970"	"softpc.new/base/video/ega_dmmy.c"	"softpc.new"	"source"	"dual-identical"	"O:\repos.external\OpenNT\base\mvdm\softpc.new\base\video\ega_dmmy.c"	"4f7aaa63fb26f4fb556ea90183149cee7dfd048b954922ae335e17ae3cafc40d"	"byte-exact-verified"	"unreviewed"	"unreviewed"	""	""	"m0-t276-s1-file-identity-taxonomy-001.md"
"MVDM-FILE-0971"	"softpc.new/base/video/ega_mode.c"	"softpc.new"	"source"	"dual-identical"	"O:\repos.external\OpenNT\base\mvdm\softpc.new\base\video\ega_mode.c"	"1b73d0bdea339dc2a42f9674e04fd14575400070e8436149a84a2ac5510a057d"	"byte-exact-verified"	"unreviewed"	"unreviewed"	""	""	"m0-t276-s1-file-identity-taxonomy-001.md"
"MVDM-FILE-0972"	"softpc.new/base/video/ega_prts.c"	"softpc.new"	"source"	"dual-identical"	"O:\repos.external\OpenNT\base\mvdm\softpc.new\base\video\ega_prts.c"	"1dedadd482f631e9b82a0fde92b84ff74c724faaaac782ae538639e0738e7002"	"byte-exact-verified"	"unreviewed"	"unreviewed"	""	""	"m0-t276-s1-file-identity-taxonomy-001.md"
"MVDM-FILE-0973"	"softpc.new/base/video/ega_read.c"	"softpc.new"	"source"	"dual-identical"	"O:\repos.external\OpenNT\base\mvdm\softpc.new\base\video\ega_read.c"	"8908c3a4445c788eec0fcfa050cf18cac5f79413e03c5ddbdcca259779bf2860"	"byte-exact-verified"	"unreviewed"	"unreviewed"	""	""	"m0-t276-s1-file-identity-taxonomy-001.md"
"MVDM-FILE-0974"	"softpc.new/base/video/ega_trcr.c"	"softpc.new"	"source"	"dual-identical"	"O:\repos.external\OpenNT\base\mvdm\softpc.new\base\video\ega_trcr.c"	"f69389e877975d277405c21af95b5fea6fe2794b5ac7928d8634efbbbd432e9c"	"byte-exact-verified"	"unreviewed"	"unreviewed"	""	""	"m0-t276-s1-file-identity-taxonomy-001.md"
"MVDM-FILE-0975"	"softpc.new/base/video/ega_vide.c"	"softpc.new"	"source"	"dual-identical"	"O:\repos.external\OpenNT\base\mvdm\softpc.new\base\video\ega_vide.c"	"049c4ea27ebb73296fdc96f932571598e76be8ebcf5165e5cf5815a5095de20f"	"byte-exact-verified"	"unreviewed"	"unreviewed"	""	""	"m0-t276-s1-file-identity-taxonomy-001.md"
"MVDM-FILE-0976"	"softpc.new/base/video/ega_writ.c"	"softpc.new"	"source"	"dual-identical"	"O:\repos.external\OpenNT\base\mvdm\softpc.new\base\video\ega_writ.c"	"42b33f105e30d31a2805d9f835a74d80c47b4d96ee77101c18f096772e60c47a"	"byte-exact-verified"	"unreviewed"	"unreviewed"	""	""	"m0-t276-s1-file-identity-taxonomy-001.md"
"MVDM-FILE-0977"	"softpc.new/base/video/egawrtm0.c"	"softpc.new"	"source"	"dual-identical"	"O:\repos.external\OpenNT\base\mvdm\softpc.new\base\video\egawrtm0.c"	"4dd8d5fb60d9ff0298bb59e0c40245f9a4bfd3a5d19e50341e246320abcc95e1"	"byte-exact-verified"	"unreviewed"	"unreviewed"	""	""	"m0-t276-s1-file-identity-taxonomy-001.md"
"MVDM-FILE-0978"	"softpc.new/base/video/egwrtm12.c"	"softpc.new"	"source"	"dual-identical"	"O:\repos.external\OpenNT\base\mvdm\softpc.new\base\video\egwrtm12.c"	"826aa1a6f685f7dc0d8b4362f3eb83899697d8a6e2a555739ff61e2388d254a1"	"byte-exact-verified"	"unreviewed"	"unreviewed"	""	""	"m0-t276-s1-file-identity-taxonomy-001.md"
"MVDM-FILE-0979"	"softpc.new/base/video/ga_glue.c"	"softpc.new"	"source"	"dual-identical"	"O:\repos.external\OpenNT\base\mvdm\softpc.new\base\video\ga_glue.c"	"8bbd170935279a625b5add89e491dd788f914d963788fe007b0ac08c942f5536"	"byte-exact-verified"	"unreviewed"	"unreviewed"	""	""	"m0-t276-s1-file-identity-taxonomy-001.md"
"MVDM-FILE-0980"	"softpc.new/base/video/gfx_updt.c"	"softpc.new"	"source"	"dual-identical"	"O:\repos.external\OpenNT\base\mvdm\softpc.new\base\video\gfx_updt.c"	"02677d929c9d6e1f7c3157b2925f7099ecf3261bd8d26370d6f1fd738129e987"	"byte-exact-verified"	"unreviewed"	"unreviewed"	""	""	"m0-t276-s1-file-identity-taxonomy-001.md"
"MVDM-FILE-0981"	"softpc.new/base/video/gvi.c"	"softpc.new"	"source"	"dual-identical"	"O:\repos.external\OpenNT\base\mvdm\softpc.new\base\video\gvi.c"	"2aeb2f79fd87002ea70bafe745612e9c8131f56863c90ed7ad11127439682b80"	"byte-exact-verified"	"unreviewed"	"unreviewed"	""	""	"m0-t276-s1-file-identity-taxonomy-001.md"
"MVDM-FILE-0982"	"softpc.new/base/video/makefile"	"softpc.new"	"resource-or-other"	"dual-identical"	"O:\repos.external\OpenNT\base\mvdm\softpc.new\base\video\makefile"	"26957856e8a7f42a1740419cf3451497129f1d8284301d42f1a89ee13dd5a459"	"byte-exact-verified"	"unreviewed"	"unreviewed"	""	""	"m0-t276-s1-file-identity-taxonomy-001.md"
"MVDM-FILE-0983"	"softpc.new/base/video/sources"	"softpc.new"	"resource-or-other"	"dual-identical"	"O:\repos.external\OpenNT\base\mvdm\softpc.new\base\video\sources"	"6383e77b670edf3c1f6d4cef75b99d85a094bd19bc83703bef474dad86543463"	"byte-exact-verified"	"unreviewed"	"unreviewed"	""	""	"m0-t276-s1-file-identity-taxonomy-001.md"
"MVDM-FILE-0984"	"softpc.new/base/video/v7_ports.c"	"softpc.new"	"source"	"dual-identical"	"O:\repos.external\OpenNT\base\mvdm\softpc.new\base\video\v7_ports.c"	"d02575bd0594f9ccc3a23ad7ed0eb208ec7c1414eeffd558dd1ce6b648f1991b"	"byte-exact-verified"	"unreviewed"	"unreviewed"	""	""	"m0-t276-s1-file-identity-taxonomy-001.md"
"MVDM-FILE-0985"	"softpc.new/base/video/v7_video.c"	"softpc.new"	"source"	"dual-identical"	"O:\repos.external\OpenNT\base\mvdm\softpc.new\base\video\v7_video.c"	"ce5c8812c1bd5f125f007521b2c1c815739e4969fed1ff2e39600a5a47af0525"	"byte-exact-verified"	"unreviewed"	"unreviewed"	""	""	"m0-t276-s1-file-identity-taxonomy-001.md"
"MVDM-FILE-0986"	"softpc.new/base/video/vga_mode.c"	"softpc.new"	"source"	"dual-identical"	"O:\repos.external\OpenNT\base\mvdm\softpc.new\base\video\vga_mode.c"	"d0ea64ba445b8a7c8cb4b11963cece808793b0595183f8be7f115c060eb1f0d9"	"byte-exact-verified"	"unreviewed"	"unreviewed"	""	""	"m0-t276-s1-file-identity-taxonomy-001.md"
"MVDM-FILE-0987"	"softpc.new/base/video/vga_prts.c"	"softpc.new"	"source"	"dual-identical"	"O:\repos.external\OpenNT\base\mvdm\softpc.new\base\video\vga_prts.c"	"16305a48051b980b4c9f8aba15dda7bd6801964bb02897b8c2290a1eff04fbbc"	"byte-exact-verified"	"unreviewed"	"unreviewed"	""	""	"m0-t276-s1-file-identity-taxonomy-001.md"
"MVDM-FILE-0988"	"softpc.new/base/video/vga_vide.c"	"softpc.new"	"source"	"dual-identical"	"O:\repos.external\OpenNT\base\mvdm\softpc.new\base\video\vga_vide.c"	"3d0159b8bd4d1bcc3448bc61fb90f5b1c34c09099bba49187fe4573354ccc89d"	"byte-exact-verified"	"unreviewed"	"unreviewed"	""	""	"m0-t276-s1-file-identity-taxonomy-001.md"
"MVDM-FILE-0989"	"softpc.new/base/video/video.c"	"softpc.new"	"source"	"dual-identical"	"O:\repos.external\OpenNT\base\mvdm\softpc.new\base\video\video.c"	"664f399f40c4fafcd850e2cbc166fa632be5ddf7cc1f0d6bbcfaa017bec4ed31"	"byte-exact-verified"	"unreviewed"	"unreviewed"	""	""	"m0-t276-s1-file-identity-taxonomy-001.md"
"MVDM-FILE-0990"	"softpc.new/base/video/video_io.c"	"softpc.new"	"source"	"dual-identical"	"O:\repos.external\OpenNT\base\mvdm\softpc.new\base\video\video_io.c"	"92680ac402633dd5dd52bbccfff55f41a65a1485dc2736666a9da45b7ea6bf86"	"byte-exact-verified"	"unreviewed"	"unreviewed"	""	""	"m0-t276-s1-file-identity-taxonomy-001.md"
"MVDM-FILE-0991"	"softpc.new/bios/biosbop.inc"	"softpc.new"	"declaration"	"dual-identical"	"O:\repos.external\OpenNT\base\mvdm\softpc.new\bios\biosbop.inc"	"97855ec4eeb18b454862023b449baccb4b3b649ea9c727fdafab45f865f9158a"	"byte-exact-verified"	"unreviewed"	"unreviewed"	""	""	"m0-t276-s1-file-identity-taxonomy-001.md"
"MVDM-FILE-0992"	"softpc.new/bios/biosseg.inc"	"softpc.new"	"declaration"	"dual-identical"	"O:\repos.external\OpenNT\base\mvdm\softpc.new\bios\biosseg.inc"	"c124dcc40fd138cae400f993f5730337ee7e23fb50a20e097b09382694f6fc91"	"byte-exact-verified"	"unreviewed"	"unreviewed"	""	""	"m0-t276-s1-file-identity-taxonomy-001.md"
"MVDM-FILE-0993"	"softpc.new/bios/biostruc.inc"	"softpc.new"	"declaration"	"dual-identical"	"O:\repos.external\OpenNT\base\mvdm\softpc.new\bios\biostruc.inc"	"63fb257501a0fd9217f68e49d189baa2a42330f3476df352b5737e9bf0c7ac0e"	"byte-exact-verified"	"unreviewed"	"unreviewed"	""	""	"m0-t276-s1-file-identity-taxonomy-001.md"
"MVDM-FILE-0994"	"softpc.new/bios/devmark.inc"	"softpc.new"	"declaration"	"dual-identical"	"O:\repos.external\OpenNT\base\mvdm\softpc.new\bios\devmark.inc"	"3250e13971fc05c4b0389159171921fe56037059d1539cc9bcc9af8c3ce54b20"	"byte-exact-verified"	"unreviewed"	"unreviewed"	""	""	"m0-t276-s1-file-identity-taxonomy-001.md"
"MVDM-FILE-0995"	"softpc.new/bios/dosmsg.cmd"	"softpc.new"	"resource-or-other"	"dual-identical"	"O:\repos.external\OpenNT\base\mvdm\softpc.new\bios\dosmsg.cmd"	"a7b1387fc13fd1f954cb569755d6211914b6221bb690b6c6e91dceaed2b23a04"	"byte-exact-verified"	"unreviewed"	"unreviewed"	""	""	"m0-t276-s1-file-identity-taxonomy-001.md"
"MVDM-FILE-0996"	"softpc.new/bios/makefile"	"softpc.new"	"resource-or-other"	"dual-identical"	"O:\repos.external\OpenNT\base\mvdm\softpc.new\bios\makefile"	"f04eae991e915389168dcd4c1ba40c5ee11bd83cffe190f3a55ba2ec13b437fb"	"byte-exact-verified"	"unreviewed"	"unreviewed"	""	""	"m0-t276-s1-file-identity-taxonomy-001.md"
"MVDM-FILE-0997"	"softpc.new/bios/msbio.cl3"	"softpc.new"	"resource-or-other"	"dual-identical"	"O:\repos.external\OpenNT\base\mvdm\softpc.new\bios\msbio.cl3"	"279d5cf516a39248f910a17e02647f37737b2c4607a6cd119dc7236affed78e2"	"byte-exact-verified"	"unreviewed"	"unreviewed"	""	""	"m0-t276-s1-file-identity-taxonomy-001.md"
"MVDM-FILE-0998"	"softpc.new/bios/msbio.cl4"	"softpc.new"	"resource-or-other"	"dual-identical"	"O:\repos.external\OpenNT\base\mvdm\softpc.new\bios\msbio.cl4"	"3c753ff790aad0f86a84130c8a40a23a420e8ebe842cb7dde442c55e9a525873"	"byte-exact-verified"	"unreviewed"	"unreviewed"	""	""	"m0-t276-s1-file-identity-taxonomy-001.md"
"MVDM-FILE-0999"	"softpc.new/bios/msbio.cl5"	"softpc.new"	"resource-or-other"	"dual-identical"	"O:\repos.external\OpenNT\base\mvdm\softpc.new\bios\msbio.cl5"	"a929484571f630176541f39d8c411d6e924d8cd6358e6bc395f94b23295015d2"	"byte-exact-verified"	"unreviewed"	"unreviewed"	""	""	"m0-t276-s1-file-identity-taxonomy-001.md"
"MVDM-FILE-1000"	"softpc.new/bios/msbio.cl6"	"softpc.new"	"resource-or-other"	"dual-identical"	"O:\repos.external\OpenNT\base\mvdm\softpc.new\bios\msbio.cl6"	"4a23d5d9e82762b4e0fde991c2c0347c1fe33e6097d2f1ed54da9dd6cfbd0440"	"byte-exact-verified"	"unreviewed"	"unreviewed"	""	""	"m0-t276-s1-file-identity-taxonomy-001.md"
"MVDM-FILE-1001"	"softpc.new/bios/msbio.lnk"	"softpc.new"	"resource-or-other"	"dual-identical"	"O:\repos.external\OpenNT\base\mvdm\softpc.new\bios\msbio.lnk"	"9a163dead32e6f7bed5bd283b0b8d68fa28a4dc21c54c5a98e69dda4c0bd9b58"	"byte-exact-verified"	"unreviewed"	"unreviewed"	""	""	"m0-t276-s1-file-identity-taxonomy-001.md"
"MVDM-FILE-1002"	"softpc.new/bios/msbio.skl"	"softpc.new"	"resource-or-other"	"dual-identical"	"O:\repos.external\OpenNT\base\mvdm\softpc.new\bios\msbio.skl"	"2a2fb4d31b19be6e57c45c1677e6c490d3138c7bb235757bd321102787f2b421"	"byte-exact-verified"	"unreviewed"	"unreviewed"	""	""	"m0-t276-s1-file-identity-taxonomy-001.md"
"MVDM-FILE-1003"	"softpc.new/bios/msbio1.asm"	"softpc.new"	"source"	"dual-identical"	"O:\repos.external\OpenNT\base\mvdm\softpc.new\bios\msbio1.asm"	"d72a4c94d40210ec1e814a972f23965e50139f65e6f4df43a6e20649dd973a3f"	"byte-exact-verified"	"unreviewed"	"unreviewed"	""	""	"m0-t276-s1-file-identity-taxonomy-001.md"
"MVDM-FILE-1004"	"softpc.new/bios/mschar.asm"	"softpc.new"	"source"	"dual-identical"	"O:\repos.external\OpenNT\base\mvdm\softpc.new\bios\mschar.asm"	"8a8c5bc7c96613392c4176817b7533e1f6533e5b514d25016f1b33394e3fb50a"	"byte-exact-verified"	"unreviewed"	"unreviewed"	""	""	"m0-t276-s1-file-identity-taxonomy-001.md"
"MVDM-FILE-1005"	"softpc.new/bios/msend.asm"	"softpc.new"	"source"	"dual-identical"	"O:\repos.external\OpenNT\base\mvdm\softpc.new\bios\msend.asm"	"40d639bb0f09814e537a742081b85557d49c2fc1219f0ff6618d823623f88f0a"	"byte-exact-verified"	"unreviewed"	"unreviewed"	""	""	"m0-t276-s1-file-identity-taxonomy-001.md"
"MVDM-FILE-1006"	"softpc.new/bios/msequ.inc"	"softpc.new"	"declaration"	"dual-identical"	"O:\repos.external\OpenNT\base\mvdm\softpc.new\bios\msequ.inc"	"0ac3d8acc22edcfb6889f466dd582479ccab9c7a29928cf55d240ebc9a863a64"	"byte-exact-verified"	"unreviewed"	"unreviewed"	""	""	"m0-t276-s1-file-identity-taxonomy-001.md"
"MVDM-FILE-1007"	"softpc.new/bios/msgroup.inc"	"softpc.new"	"declaration"	"dual-identical"	"O:\repos.external\OpenNT\base\mvdm\softpc.new\bios\msgroup.inc"	"e07d8de5142451891ed3e2148951b05a7741d7c81e5ab1ef6fe1cd6d9d108967"	"byte-exact-verified"	"unreviewed"	"unreviewed"	""	""	"m0-t276-s1-file-identity-taxonomy-001.md"
"MVDM-FILE-1008"	"softpc.new/bios/msinit.asm"	"softpc.new"	"source"	"dual-identical"	"O:\repos.external\OpenNT\base\mvdm\softpc.new\bios\msinit.asm"	"7acb1d97311d41310530188c80c6850250b997980e214af2dcb8b8200300dc9e"	"byte-exact-verified"	"unreviewed"	"unreviewed"	""	""	"m0-t276-s1-file-identity-taxonomy-001.md"
"MVDM-FILE-1009"	"softpc.new/bios/msint13.asm"	"softpc.new"	"source"	"dual-identical"	"O:\repos.external\OpenNT\base\mvdm\softpc.new\bios\msint13.asm"	"0eded1f8dfadb5b6229bdf69d9a5b155567a335bda95c8b4f7397e92961663df"	"byte-exact-verified"	"unreviewed"	"unreviewed"	""	""	"m0-t276-s1-file-identity-taxonomy-001.md"
"MVDM-FILE-1010"	"softpc.new/bios/ntio.sym"	"softpc.new"	"resource-or-other"	"dual-identical"	"O:\repos.external\OpenNT\base\mvdm\softpc.new\bios\ntio.sym"	"e84295b90068cb5fb91b461634a6b08718cbc748aa13eef1c52934a3db87219a"	"byte-exact-verified"	"unreviewed"	"unreviewed"	""	""	"m0-t276-s1-file-identity-taxonomy-001.md"
"MVDM-FILE-1011"	"softpc.new/bios/spcemm.asm"	"softpc.new"	"source"	"dual-identical"	"O:\repos.external\OpenNT\base\mvdm\softpc.new\bios\spcemm.asm"	"554d8ff28331a4bce69d99551c9640e62e32718c437926befb17cbe72d831f9d"	"byte-exact-verified"	"unreviewed"	"unreviewed"	""	""	"m0-t276-s1-file-identity-taxonomy-001.md"
"MVDM-FILE-1012"	"softpc.new/bios/spckbd.asm"	"softpc.new"	"source"	"dual-identical"	"O:\repos.external\OpenNT\base\mvdm\softpc.new\bios\spckbd.asm"	"7dc376b9b27d7dc204da63003d7f320433b20e488bfd1bb1476d789dc156a068"	"byte-exact-verified"	"unreviewed"	"unreviewed"	""	""	"m0-t276-s1-file-identity-taxonomy-001.md"
"MVDM-FILE-1013"	"softpc.new/bios/spcmse.asm"	"softpc.new"	"source"	"dual-identical"	"O:\repos.external\OpenNT\base\mvdm\softpc.new\bios\spcmse.asm"	"1b0b7a9c956db2afbea40d787460f1002fd9e4d81724b725e76bcd6465830132"	"byte-exact-verified"	"unreviewed"	"unreviewed"	""	""	"m0-t276-s1-file-identity-taxonomy-001.md"
"MVDM-FILE-1014"	"softpc.new/bios/sysconf.asm"	"softpc.new"	"source"	"dual-identical"	"O:\repos.external\OpenNT\base\mvdm\softpc.new\bios\sysconf.asm"	"60bba5ffc49c7c995a33819ce6bc1d3111a4a693b7972d81bb3b146f600bcd7e"	"byte-exact-verified"	"unreviewed"	"unreviewed"	""	""	"m0-t276-s1-file-identity-taxonomy-001.md"
"MVDM-FILE-1015"	"softpc.new/bios/sysimes.asm"	"softpc.new"	"source"	"dual-identical"	"O:\repos.external\OpenNT\base\mvdm\softpc.new\bios\sysimes.asm"	"c78fd2ddb0e2fc5683d3054ca426976a1dffd72e2adfbbf19a7eea345dc3cf8a"	"byte-exact-verified"	"unreviewed"	"unreviewed"	""	""	"m0-t276-s1-file-identity-taxonomy-001.md"
"MVDM-FILE-1016"	"softpc.new/bios/sysinit1.asm"	"softpc.new"	"source"	"dual-identical"	"O:\repos.external\OpenNT\base\mvdm\softpc.new\bios\sysinit1.asm"	"0a0126881dfb6a487d8702bc90c248b57a4079ac1c13452861c5b4f4d5e4b37a"	"byte-exact-verified"	"unreviewed"	"unreviewed"	""	""	"m0-t276-s1-file-identity-taxonomy-001.md"
"MVDM-FILE-1017"	"softpc.new/bios/sysinit2.asm"	"softpc.new"	"source"	"dual-identical"	"O:\repos.external\OpenNT\base\mvdm\softpc.new\bios\sysinit2.asm"	"3b05b35c6c555adb68301dab7df1e3cc886ca160068366326e3d1c88643a37e8"	"byte-exact-verified"	"unreviewed"	"unreviewed"	""	""	"m0-t276-s1-file-identity-taxonomy-001.md"
"MVDM-FILE-1018"	"softpc.new/convert/convert.c"	"softpc.new"	"source"	"dual-identical"	"O:\repos.external\OpenNT\base\mvdm\softpc.new\convert\convert.c"	"ecb6460000a0b4c7a498a963ac4eeb8dd6b77ccab6bc631940e9e7536a4fd0bc"	"byte-exact-verified"	"unreviewed"	"unreviewed"	""	""	"m0-t276-s1-file-identity-taxonomy-001.md"
"MVDM-FILE-1019"	"softpc.new/convert/sources"	"softpc.new"	"resource-or-other"	"dual-identical"	"O:\repos.external\OpenNT\base\mvdm\softpc.new\convert\sources"	"c5c659faa76e93afaca8673bf93c279f1082e9ac3976b1137a4b624fbab51373"	"byte-exact-verified"	"unreviewed"	"unreviewed"	""	""	"m0-t276-s1-file-identity-taxonomy-001.md"
"MVDM-FILE-1020"	"softpc.new/dat2obj/dat2obj.c"	"softpc.new"	"source"	"dual-identical"	"O:\repos.external\OpenNT\base\mvdm\softpc.new\dat2obj\dat2obj.c"	"9ddeb8decf8bbadbeaf61dcbee3b2607d6a28a15f06c1b0d35e719563a77c3da"	"byte-exact-verified"	"unreviewed"	"unreviewed"	""	""	"m0-t276-s1-file-identity-taxonomy-001.md"
"MVDM-FILE-1021"	"softpc.new/dat2obj/makefile"	"softpc.new"	"resource-or-other"	"dual-identical"	"O:\repos.external\OpenNT\base\mvdm\softpc.new\dat2obj\makefile"	"26957856e8a7f42a1740419cf3451497129f1d8284301d42f1a89ee13dd5a459"	"byte-exact-verified"	"unreviewed"	"unreviewed"	""	""	"m0-t276-s1-file-identity-taxonomy-001.md"
"MVDM-FILE-1022"	"softpc.new/dat2obj/sources"	"softpc.new"	"resource-or-other"	"dual-identical"	"O:\repos.external\OpenNT\base\mvdm\softpc.new\dat2obj\sources"	"e8dd8a2bc742fc488b1dfd5a10e010e6befe383fe0014adb6d78c7c881dbe120"	"byte-exact-verified"	"unreviewed"	"unreviewed"	""	""	"m0-t276-s1-file-identity-taxonomy-001.md"
"MVDM-FILE-1023"	"softpc.new/data/bios1.rom"	"softpc.new"	"resource-or-other"	"dual-identical"	"O:\repos.external\OpenNT\base\mvdm\softpc.new\data\bios1.rom"	"1ce33544249fef59865b91308faf60f354563cf854f80eb196d47c968899a574"	"byte-exact-verified"	"unreviewed"	"unreviewed"	""	""	"m0-t276-s1-file-identity-taxonomy-001.md"
"MVDM-FILE-1024"	"softpc.new/data/bios4.rom"	"softpc.new"	"resource-or-other"	"dual-identical"	"O:\repos.external\OpenNT\base\mvdm\softpc.new\data\bios4.rom"	"b09fdff1a500971d54233378ce9c36f1b6a58bf577e4a544da03a0d78d7e0d6f"	"byte-exact-verified"	"unreviewed"	"unreviewed"	""	""	"m0-t276-s1-file-identity-taxonomy-001.md"
"MVDM-FILE-1025"	"softpc.new/data/cmos.ram"	"softpc.new"	"resource-or-other"	"dual-identical"	"O:\repos.external\OpenNT\base\mvdm\softpc.new\data\cmos.ram"	"97fca7adb543bdac4e571185a3f37c17a30a6ad937e0817048d965a850edddd9"	"byte-exact-verified"	"unreviewed"	"unreviewed"	""	""	"m0-t276-s1-file-identity-taxonomy-001.md"
"MVDM-FILE-1026"	"softpc.new/data/makefile"	"softpc.new"	"resource-or-other"	"dual-identical"	"O:\repos.external\OpenNT\base\mvdm\softpc.new\data\makefile"	"7039287b827c6c6218a5e18d7188a5db681823234e6a08e9b17d2d853509d838"	"byte-exact-verified"	"unreviewed"	"unreviewed"	""	""	"m0-t276-s1-file-identity-taxonomy-001.md"
"MVDM-FILE-1027"	"softpc.new/data/profile.spc"	"softpc.new"	"resource-or-other"	"dual-identical"	"O:\repos.external\OpenNT\base\mvdm\softpc.new\data\profile.spc"	"c35020473aed1b4642cd726cad727b63fff2824ad68cedd7ffb73c7cbd890479"	"byte-exact-verified"	"unreviewed"	"unreviewed"	""	""	"m0-t276-s1-file-identity-taxonomy-001.md"
"MVDM-FILE-1028"	"softpc.new/data/v7vga.rom"	"softpc.new"	"resource-or-other"	"dual-identical"	"O:\repos.external\OpenNT\base\mvdm\softpc.new\data\v7vga.rom"	"970f105cd9e42ee56f07aae695bac89786d3455ab9d4c1ea9a1d1643b1e8f6f0"	"byte-exact-verified"	"unreviewed"	"unreviewed"	""	""	"m0-t276-s1-file-identity-taxonomy-001.md"
"MVDM-FILE-1029"	"softpc.new/debugger/makefile"	"softpc.new"	"resource-or-other"	"dual-identical"	"O:\repos.external\OpenNT\base\mvdm\softpc.new\debugger\makefile"	"26957856e8a7f42a1740419cf3451497129f1d8284301d42f1a89ee13dd5a459"	"byte-exact-verified"	"unreviewed"	"unreviewed"	""	""	"m0-t276-s1-file-identity-taxonomy-001.md"
"MVDM-FILE-1030"	"softpc.new/debugger/sources"	"softpc.new"	"resource-or-other"	"dual-identical"	"O:\repos.external\OpenNT\base\mvdm\softpc.new\debugger\sources"	"3c1ca045bab3890047459b9f943e059ebcc5284dd3366dc3deeb24a10fad37a2"	"byte-exact-verified"	"unreviewed"	"unreviewed"	""	""	"m0-t276-s1-file-identity-taxonomy-001.md"
"MVDM-FILE-1031"	"softpc.new/debugger/vdmdebug.c"	"softpc.new"	"source"	"dual-identical"	"O:\repos.external\OpenNT\base\mvdm\softpc.new\debugger\vdmdebug.c"	"38a25fa9784c466c56ee7024b33dfb7e3a419e6e415aedbb92af32f61fa24c77"	"byte-exact-verified"	"unreviewed"	"unreviewed"	""	""	"m0-t276-s1-file-identity-taxonomy-001.md"
"MVDM-FILE-1032"	"softpc.new/dirs"	"softpc.new"	"resource-or-other"	"dual-identical"	"O:\repos.external\OpenNT\base\mvdm\softpc.new\dirs"	"4e2fd6c6df6f60da146ea3e9c71a4984e345911bbf0813e6cfec54b2306c0e4a"	"byte-exact-verified"	"unreviewed"	"unreviewed"	""	""	"m0-t276-s1-file-identity-taxonomy-001.md"
"MVDM-FILE-1033"	"softpc.new/host/dirs"	"softpc.new"	"resource-or-other"	"dual-identical"	"O:\repos.external\OpenNT\base\mvdm\softpc.new\host\dirs"	"a17fe24e18cdb9b445a73e2d8c9ad43fca38fef74a617b5d5e86b83add9c859c"	"byte-exact-verified"	"unreviewed"	"unreviewed"	""	""	"m0-t276-s1-file-identity-taxonomy-001.md"
"MVDM-FILE-1034"	"softpc.new/host/inc/cfpu_def.h"	"softpc.new"	"declaration"	"dual-identical"	"O:\repos.external\OpenNT\base\mvdm\softpc.new\host\inc\cfpu_def.h"	"fe3bb4a06759e1cbef74bff327661f9649c92fb2490cdc751bc625a8170d3d4f"	"byte-exact-verified"	"unreviewed"	"unreviewed"	""	""	"m0-t276-s1-file-identity-taxonomy-001.md"
"MVDM-FILE-1035"	"softpc.new/host/inc/dfa.gi"	"softpc.new"	"declaration"	"dual-identical"	"O:\repos.external\OpenNT\base\mvdm\softpc.new\host\inc\dfa.gi"	"e3b0c44298fc1c149afbf4c8996fb92427ae41e4649b934ca495991b7852b855"	"byte-exact-verified"	"unreviewed"	"unreviewed"	""	""	"m0-t276-s1-file-identity-taxonomy-001.md"
"MVDM-FILE-1036"	"softpc.new/host/inc/error.h"	"softpc.new"	"declaration"	"dual-identical"	"O:\repos.external\OpenNT\base\mvdm\softpc.new\host\inc\error.h"	"40953fbb22a9c6a5bff875414e4dd6822340ec4a2501edec79415573fea16ab3"	"byte-exact-verified"	"unreviewed"	"unreviewed"	""	""	"m0-t276-s1-file-identity-taxonomy-001.md"
"MVDM-FILE-1037"	"softpc.new/host/inc/host.h"	"softpc.new"	"declaration"	"dual-identical"	"O:\repos.external\OpenNT\base\mvdm\softpc.new\host\inc\host.h"	"0192cafb4e0e9a42a83a409503f12e3f0e9f7abfe8619eb4ce7dfec36e938b94"	"byte-exact-verified"	"unreviewed"	"unreviewed"	""	""	"m0-t276-s1-file-identity-taxonomy-001.md"
"MVDM-FILE-1038"	"softpc.new/host/inc/host_bop.h"	"softpc.new"	"declaration"	"dual-identical"	"O:\repos.external\OpenNT\base\mvdm\softpc.new\host\inc\host_bop.h"	"3ab20d68c49dca4e7d8190c3fdc687b85012fe8c97678bed026a2fa21a07b0aa"	"byte-exact-verified"	"unreviewed"	"unreviewed"	""	""	"m0-t276-s1-file-identity-taxonomy-001.md"
"MVDM-FILE-1039"	"softpc.new/host/inc/host_cpu.h"	"softpc.new"	"declaration"	"dual-identical"	"O:\repos.external\OpenNT\base\mvdm\softpc.new\host\inc\host_cpu.h"	"e79dd6aa79d24e37ad8390c8879abf3436674ee101037f0e09415148a938ac95"	"byte-exact-verified"	"unreviewed"	"unreviewed"	""	""	"m0-t276-s1-file-identity-taxonomy-001.md"
"MVDM-FILE-1040"	"softpc.new/host/inc/host_def.h"	"softpc.new"	"declaration"	"dual-identical"	"O:\repos.external\OpenNT\base\mvdm\softpc.new\host\inc\host_def.h"	"480c35aa09b40d75d82fe0e1fe3e6cb0f981e573549ea2e193e8a62be4816d10"	"byte-exact-verified"	"unreviewed"	"unreviewed"	""	""	"m0-t276-s1-file-identity-taxonomy-001.md"
"MVDM-FILE-1041"	"softpc.new/host/inc/host_emm.h"	"softpc.new"	"declaration"	"dual-identical"	"O:\repos.external\OpenNT\base\mvdm\softpc.new\host\inc\host_emm.h"	"312ec4dc503633fe7d57acf0327f2a51d10a62dc955fa9b0f933ffc83bda785c"	"byte-exact-verified"	"unreviewed"	"unreviewed"	""	""	"m0-t276-s1-file-identity-taxonomy-001.md"
"MVDM-FILE-1042"	"softpc.new/host/inc/host_gen.h"	"softpc.new"	"declaration"	"dual-identical"	"O:\repos.external\OpenNT\base\mvdm\softpc.new\host\inc\host_gen.h"	"d86cd3c505d643531dafaa548e66fbb42ba13c37e3c632a214a69b4f2f86f557"	"byte-exact-verified"	"unreviewed"	"unreviewed"	""	""	"m0-t276-s1-file-identity-taxonomy-001.md"
"MVDM-FILE-1043"	"softpc.new/host/inc/host_gfx.h"	"softpc.new"	"declaration"	"dual-identical"	"O:\repos.external\OpenNT\base\mvdm\softpc.new\host\inc\host_gfx.h"	"cd3bbfc35d47737b392ad7db4e1d8652157695158f645ec56f08aeb8288947e3"	"byte-exact-verified"	"unreviewed"	"unreviewed"	""	""	"m0-t276-s1-file-identity-taxonomy-001.md"
"MVDM-FILE-1044"	"softpc.new/host/inc/host_hfx.h"	"softpc.new"	"declaration"	"dual-identical"	"O:\repos.external\OpenNT\base\mvdm\softpc.new\host\inc\host_hfx.h"	"48a9b2bf6c4439301182aa118fe42afb8aafaa20146b2597021af162f2465f85"	"byte-exact-verified"	"unreviewed"	"unreviewed"	""	""	"m0-t276-s1-file-identity-taxonomy-001.md"
"MVDM-FILE-1045"	"softpc.new/host/inc/host_inc.h"	"softpc.new"	"declaration"	"dual-identical"	"O:\repos.external\OpenNT\base\mvdm\softpc.new\host\inc\host_inc.h"	"c78271903a7a00e13a8756b47f25a91993ab962c39c5fb89435783ee3d411efe"	"byte-exact-verified"	"unreviewed"	"unreviewed"	""	""	"m0-t276-s1-file-identity-taxonomy-001.md"
"MVDM-FILE-1046"	"softpc.new/host/inc/host_qev.h"	"softpc.new"	"declaration"	"dual-identical"	"O:\repos.external\OpenNT\base\mvdm\softpc.new\host\inc\host_qev.h"	"615b5fd2935a485aff2120a5455ceb558ab4c6baeb4806570d12eedc682980b5"	"byte-exact-verified"	"unreviewed"	"unreviewed"	""	""	"m0-t276-s1-file-identity-taxonomy-001.md"
"MVDM-FILE-1047"	"softpc.new/host/inc/host_rrr.h"	"softpc.new"	"declaration"	"dual-identical"	"O:\repos.external\OpenNT\base\mvdm\softpc.new\host\inc\host_rrr.h"	"a849bf3b9c08d83ca3e21a386c6a45042494df82eeb28e4c8d0de3d7f14972ac"	"byte-exact-verified"	"unreviewed"	"unreviewed"	""	""	"m0-t276-s1-file-identity-taxonomy-001.md"
"MVDM-FILE-1048"	"softpc.new/host/inc/host_trc.h"	"softpc.new"	"declaration"	"dual-identical"	"O:\repos.external\OpenNT\base\mvdm\softpc.new\host\inc\host_trc.h"	"81c80fa61476745303c3cc7753c85ca876f2b33e269aca8d96db779135f7791f"	"byte-exact-verified"	"unreviewed"	"unreviewed"	""	""	"m0-t276-s1-file-identity-taxonomy-001.md"
"MVDM-FILE-1049"	"softpc.new/host/inc/hostgrph.h"	"softpc.new"	"declaration"	"dual-identical"	"O:\repos.external\OpenNT\base\mvdm\softpc.new\host\inc\hostgrph.h"	"de614afaf98aba14ba184f6ce8381b17c20a244f9f96f823ea60b713861b26e4"	"byte-exact-verified"	"unreviewed"	"unreviewed"	""	""	"m0-t276-s1-file-identity-taxonomy-001.md"
"MVDM-FILE-1050"	"softpc.new/host/inc/hostsync.h"	"softpc.new"	"declaration"	"dual-identical"	"O:\repos.external\OpenNT\base\mvdm\softpc.new\host\inc\hostsync.h"	"5a5a76337928c44407fecda48514ae50d18198ee1c7cef41f5c8fac9ead4329b"	"byte-exact-verified"	"unreviewed"	"unreviewed"	""	""	"m0-t276-s1-file-identity-taxonomy-001.md"
"MVDM-FILE-1051"	"softpc.new/host/inc/hosttyps.h"	"softpc.new"	"declaration"	"dual-identical"	"O:\repos.external\OpenNT\base\mvdm\softpc.new\host\inc\hosttyps.h"	"d41a82b33dc8c8dc3056de79f553b334a3d1b905c8da218e1d5ee1465df4e36a"	"byte-exact-verified"	"unreviewed"	"unreviewed"	""	""	"m0-t276-s1-file-identity-taxonomy-001.md"
"MVDM-FILE-1052"	"softpc.new/host/inc/hstsystm.h"	"softpc.new"	"declaration"	"dual-identical"	"O:\repos.external\OpenNT\base\mvdm\softpc.new\host\inc\hstsystm.h"	"b6d4b43341231d108828f30e22a22c9e3672459693b88e4e2b8b7f2a7a719ad7"	"byte-exact-verified"	"unreviewed"	"unreviewed"	""	""	"m0-t276-s1-file-identity-taxonomy-001.md"
"MVDM-FILE-1053"	"softpc.new/host/inc/insignia.h"	"softpc.new"	"declaration"	"dual-identical"	"O:\repos.external\OpenNT\base\mvdm\softpc.new\host\inc\insignia.h"	"26ed468f31ea44c8069300f150e5eefef3ba21c12eb2f2f68cca95bcc6f3ba02"	"byte-exact-verified"	"unreviewed"	"unreviewed"	""	""	"m0-t276-s1-file-identity-taxonomy-001.md"
"MVDM-FILE-1054"	"softpc.new/host/inc/kybdcpu.gi"	"softpc.new"	"declaration"	"dual-identical"	"O:\repos.external\OpenNT\base\mvdm\softpc.new\host\inc\kybdcpu.gi"	"e3b0c44298fc1c149afbf4c8996fb92427ae41e4649b934ca495991b7852b855"	"byte-exact-verified"	"unreviewed"	"unreviewed"	""	""	"m0-t276-s1-file-identity-taxonomy-001.md"
"MVDM-FILE-1055"	"softpc.new/host/inc/mips/pig/c2cpusad.h"	"softpc.new"	"declaration"	"dual-identical"	"O:\repos.external\OpenNT\base\mvdm\softpc.new\host\inc\mips\pig\c2cpusad.h"	"7f3a09f96bd67856e38a263dd2c570d2cb089c4ed0546c7dcd8c0bd4c60e3621"	"byte-exact-verified"	"unreviewed"	"unreviewed"	""	""	"m0-t276-s1-file-identity-taxonomy-001.md"
"MVDM-FILE-1056"	"softpc.new/host/inc/mips/pig/cpu_c.h"	"softpc.new"	"declaration"	"dual-identical"	"O:\repos.external\OpenNT\base\mvdm\softpc.new\host\inc\mips\pig\cpu_c.h"	"0c186d02fc708445f937fb2675ab91635c39f0a6ee7c0cf4bce5e3730b0334a8"	"byte-exact-verified"	"unreviewed"	"unreviewed"	""	""	"m0-t276-s1-file-identity-taxonomy-001.md"
"MVDM-FILE-1057"	"softpc.new/host/inc/mips/pig/cpu4gen.h"	"softpc.new"	"declaration"	"dual-identical"	"O:\repos.external\OpenNT\base\mvdm\softpc.new\host\inc\mips\pig\cpu4gen.h"	"11aa60613b6d85e24b0b1c747ed7fec595239eee4959e062f9e6c3f3fb63d9f5"	"byte-exact-verified"	"unreviewed"	"unreviewed"	""	""	"m0-t276-s1-file-identity-taxonomy-001.md"
"MVDM-FILE-1058"	"softpc.new/host/inc/mips/pig/cpuint_c.h"	"softpc.new"	"declaration"	"dual-identical"	"O:\repos.external\OpenNT\base\mvdm\softpc.new\host\inc\mips\pig\cpuint_c.h"	"b171b9bb51bf810c5e9f839a88a79a6f1eb66c37c4128069fe3e7972da849ede"	"byte-exact-verified"	"unreviewed"	"unreviewed"	""	""	"m0-t276-s1-file-identity-taxonomy-001.md"
"MVDM-FILE-1059"	"softpc.new/host/inc/mips/pig/evidgen.h"	"softpc.new"	"declaration"	"dual-identical"	"O:\repos.external\OpenNT\base\mvdm\softpc.new\host\inc\mips\pig\evidgen.h"	"7e429987c49ec9e87ca45394eeddc87c73877e5f95aed73e1bc1d7224d308772"	"byte-exact-verified"	"unreviewed"	"unreviewed"	""	""	"m0-t276-s1-file-identity-taxonomy-001.md"
"MVDM-FILE-1060"	"softpc.new/host/inc/mips/pig/gdpvar.h"	"softpc.new"	"declaration"	"dual-identical"	"O:\repos.external\OpenNT\base\mvdm\softpc.new\host\inc\mips\pig\gdpvar.h"	"390632880e396c5ffc49d568bd6f47d49b20ccd0ddd43068bf1ab6476543a334"	"byte-exact-verified"	"unreviewed"	"unreviewed"	""	""	"m0-t276-s1-file-identity-taxonomy-001.md"
"MVDM-FILE-1061"	"softpc.new/host/inc/mips/pig/sas4gen.h"	"softpc.new"	"declaration"	"dual-identical"	"O:\repos.external\OpenNT\base\mvdm\softpc.new\host\inc\mips\pig\sas4gen.h"	"27fbe4d2cc6b0ff3657b8ffdea1cfcf9622afc851639894c8948c39b5ae0ebf2"	"byte-exact-verified"	"unreviewed"	"unreviewed"	""	""	"m0-t276-s1-file-identity-taxonomy-001.md"
"MVDM-FILE-1062"	"softpc.new/host/inc/mips/prod/acc_efi.h"	"softpc.new"	"declaration"	"dual-identical"	"O:\repos.external\OpenNT\base\mvdm\softpc.new\host\inc\mips\prod\acc_efi.h"	"1223e330518775a04b49d913c8fbdff86d2eec0c8308218640d7fa9215c72142"	"byte-exact-verified"	"unreviewed"	"unreviewed"	""	""	"m0-t276-s1-file-identity-taxonomy-001.md"
"MVDM-FILE-1063"	"softpc.new/host/inc/mips/prod/access_c.h"	"softpc.new"	"declaration"	"dual-identical"	"O:\repos.external\OpenNT\base\mvdm\softpc.new\host\inc\mips\prod\access_c.h"	"5576804605fc49b03dc864b25ca3e70a01d09d36e06a1ae2f488117c1abdd9bd"	"byte-exact-verified"	"unreviewed"	"unreviewed"	""	""	"m0-t276-s1-file-identity-taxonomy-001.md"
"MVDM-FILE-1064"	"softpc.new/host/inc/mips/prod/add_c.h"	"softpc.new"	"declaration"	"dual-identical"	"O:\repos.external\OpenNT\base\mvdm\softpc.new\host\inc\mips\prod\add_c.h"	"bdfdef60fa4638fd94c3e45818d694059ba9954032eca0d48f2f53531700b16c"	"byte-exact-verified"	"unreviewed"	"unreviewed"	""	""	"m0-t276-s1-file-identity-taxonomy-001.md"
"MVDM-FILE-1065"	"softpc.new/host/inc/mips/prod/adjust_c.h"	"softpc.new"	"declaration"	"dual-identical"	"O:\repos.external\OpenNT\base\mvdm\softpc.new\host\inc\mips\prod\adjust_c.h"	"18bb94f5513c4a2f4dcaec3f288db019233ed37efa0791b1fad8f0144a3c8b79"	"byte-exact-verified"	"unreviewed"	"unreviewed"	""	""	"m0-t276-s1-file-identity-taxonomy-001.md"
"MVDM-FILE-1066"	"softpc.new/host/inc/mips/prod/api_c.h"	"softpc.new"	"declaration"	"dual-identical"	"O:\repos.external\OpenNT\base\mvdm\softpc.new\host\inc\mips\prod\api_c.h"	"155a246d2323bc6ff27645c5c880909e3cf0ed34fd944c0c71c9318368fec0a1"	"byte-exact-verified"	"unreviewed"	"unreviewed"	""	""	"m0-t276-s1-file-identity-taxonomy-001.md"
"MVDM-FILE-1067"	"softpc.new/host/inc/mips/prod/axphst_c.h"	"softpc.new"	"declaration"	"dual-identical"	"O:\repos.external\OpenNT\base\mvdm\softpc.new\host\inc\mips\prod\axphst_c.h"	"b17939a4408f920c6f6d8de0d80c0d3ceeaf9ccd2002a76c4a6e876cda60d3b9"	"byte-exact-verified"	"unreviewed"	"unreviewed"	""	""	"m0-t276-s1-file-identity-taxonomy-001.md"
"MVDM-FILE-1068"	"softpc.new/host/inc/mips/prod/bldr_c.h"	"softpc.new"	"declaration"	"dual-identical"	"O:\repos.external\OpenNT\base\mvdm\softpc.new\host\inc\mips\prod\bldr_c.h"	"2eeaa27b68a3d188b0c6e9c0f9ab6991e4037f90462ad9ec6aa0e880ddbcd951"	"byte-exact-verified"	"unreviewed"	"unreviewed"	""	""	"m0-t276-s1-file-identity-taxonomy-001.md"
"MVDM-FILE-1069"	"softpc.new/host/inc/mips/prod/bodge_c.h"	"softpc.new"	"declaration"	"dual-identical"	"O:\repos.external\OpenNT\base\mvdm\softpc.new\host\inc\mips\prod\bodge_c.h"	"8c712ad12b875751f96d4acbec88cbc6e3dabb11535950f9a561d9cc12684adb"	"byte-exact-verified"	"unreviewed"	"unreviewed"	""	""	"m0-t276-s1-file-identity-taxonomy-001.md"
"MVDM-FILE-1070"	"softpc.new/host/inc/mips/prod/bound_c.h"	"softpc.new"	"declaration"	"dual-identical"	"O:\repos.external\OpenNT\base\mvdm\softpc.new\host\inc\mips\prod\bound_c.h"	"8b0d1f2e0c5d4e9f5224ed6cb4ead97998253645e10fe5566af9a7b5e449a83d"	"byte-exact-verified"	"unreviewed"	"unreviewed"	""	""	"m0-t276-s1-file-identity-taxonomy-001.md"
"MVDM-FILE-1071"	"softpc.new/host/inc/mips/prod/bpi_c.h"	"softpc.new"	"declaration"	"dual-identical"	"O:\repos.external\OpenNT\base\mvdm\softpc.new\host\inc\mips\prod\bpi_c.h"	"33d2ec9594b2134ab81aab6a37c4397651a390f6b0fd4b5f9aea98f66aaea911"	"byte-exact-verified"	"unreviewed"	"unreviewed"	""	""	"m0-t276-s1-file-identity-taxonomy-001.md"
"MVDM-FILE-1072"	"softpc.new/host/inc/mips/prod/bswap_c.h"	"softpc.new"	"declaration"	"dual-identical"	"O:\repos.external\OpenNT\base\mvdm\softpc.new\host\inc\mips\prod\bswap_c.h"	"99c5aa2603e3730857fd2a9404ef71f66231d3dbb5ca8732b61a265aed184cd2"	"byte-exact-verified"	"unreviewed"	"unreviewed"	""	""	"m0-t276-s1-file-identity-taxonomy-001.md"
"MVDM-FILE-1073"	"softpc.new/host/inc/mips/prod/btest_c.h"	"softpc.new"	"declaration"	"dual-identical"	"O:\repos.external\OpenNT\base\mvdm\softpc.new\host\inc\mips\prod\btest_c.h"	"7de5938d9b167251bd61e326d7f2142381f7fac36cf942195f8cc3b10ac3f595"	"byte-exact-verified"	"unreviewed"	"unreviewed"	""	""	"m0-t276-s1-file-identity-taxonomy-001.md"
"MVDM-FILE-1074"	"softpc.new/host/inc/mips/prod/buffer_c.h"	"softpc.new"	"declaration"	"dual-identical"	"O:\repos.external\OpenNT\base\mvdm\softpc.new\host\inc\mips\prod\buffer_c.h"	"dd763e926bf4635fd288f2822364846c233118faabcf70ecb1d10403de0ff8d8"	"byte-exact-verified"	"unreviewed"	"unreviewed"	""	""	"m0-t276-s1-file-identity-taxonomy-001.md"
"MVDM-FILE-1075"	"softpc.new/host/inc/mips/prod/c2cpusad.h"	"softpc.new"	"declaration"	"dual-identical"	"O:\repos.external\OpenNT\base\mvdm\softpc.new\host\inc\mips\prod\c2cpusad.h"	"7f3a09f96bd67856e38a263dd2c570d2cb089c4ed0546c7dcd8c0bd4c60e3621"	"byte-exact-verified"	"unreviewed"	"unreviewed"	""	""	"m0-t276-s1-file-identity-taxonomy-001.md"
"MVDM-FILE-1076"	"softpc.new/host/inc/mips/prod/c2cput_c.h"	"softpc.new"	"declaration"	"dual-identical"	"O:\repos.external\OpenNT\base\mvdm\softpc.new\host\inc\mips\prod\c2cput_c.h"	"675216d270ea83bb20f5a3323de6c04c280f363f921cb4b037fc5786a26aa49d"	"byte-exact-verified"	"unreviewed"	"unreviewed"	""	""	"m0-t276-s1-file-identity-taxonomy-001.md"
"MVDM-FILE-1077"	"softpc.new/host/inc/mips/prod/c2prit_c.h"	"softpc.new"	"declaration"	"dual-identical"	"O:\repos.external\OpenNT\base\mvdm\softpc.new\host\inc\mips\prod\c2prit_c.h"	"da2604b7e33a9ad305f891d7bbe6c82d6f8651d71400c369e75f201b53fa3f55"	"byte-exact-verified"	"unreviewed"	"unreviewed"	""	""	"m0-t276-s1-file-identity-taxonomy-001.md"
"MVDM-FILE-1078"	"softpc.new/host/inc/mips/prod/c2sast_c.h"	"softpc.new"	"declaration"	"dual-identical"	"O:\repos.external\OpenNT\base\mvdm\softpc.new\host\inc\mips\prod\c2sast_c.h"	"dae654241cd470849dfd1fa5fda19c2cf333525f749b5e5900b4e94418b124bc"	"byte-exact-verified"	"unreviewed"	"unreviewed"	""	""	"m0-t276-s1-file-identity-taxonomy-001.md"
"MVDM-FILE-1079"	"softpc.new/host/inc/mips/prod/c2vidt_c.h"	"softpc.new"	"declaration"	"dual-identical"	"O:\repos.external\OpenNT\base\mvdm\softpc.new\host\inc\mips\prod\c2vidt_c.h"	"a4ccbf89f0c8d0f244ee872c86c74cdcb6ae541655e90a9b1b035e567a904505"	"byte-exact-verified"	"unreviewed"	"unreviewed"	""	""	"m0-t276-s1-file-identity-taxonomy-001.md"
"MVDM-FILE-1080"	"softpc.new/host/inc/mips/prod/chain2_c.h"	"softpc.new"	"declaration"	"dual-identical"	"O:\repos.external\OpenNT\base\mvdm\softpc.new\host\inc\mips\prod\chain2_c.h"	"7eff1bb184ecc203b3413fe8bf55cdfb861e4a06dfb8cde973bc94c5f5e964b2"	"byte-exact-verified"	"unreviewed"	"unreviewed"	""	""	"m0-t276-s1-file-identity-taxonomy-001.md"
"MVDM-FILE-1081"	"softpc.new/host/inc/mips/prod/chain4_c.h"	"softpc.new"	"declaration"	"dual-identical"	"O:\repos.external\OpenNT\base\mvdm\softpc.new\host\inc\mips\prod\chain4_c.h"	"1a4c090b70fb28da21119a6ccf19371f9b5479256b18231b11437de15d5785fa"	"byte-exact-verified"	"unreviewed"	"unreviewed"	""	""	"m0-t276-s1-file-identity-taxonomy-001.md"
"MVDM-FILE-1082"	"softpc.new/host/inc/mips/prod/cmp_c.h"	"softpc.new"	"declaration"	"dual-identical"	"O:\repos.external\OpenNT\base\mvdm\softpc.new\host\inc\mips\prod\cmp_c.h"	"3658654df938ad4dfd3ed511515a916bce9bf3135da465f4fb541c9e52e13fb6"	"byte-exact-verified"	"unreviewed"	"unreviewed"	""	""	"m0-t276-s1-file-identity-taxonomy-001.md"
"MVDM-FILE-1083"	"softpc.new/host/inc/mips/prod/contxt_c.h"	"softpc.new"	"declaration"	"dual-identical"	"O:\repos.external\OpenNT\base\mvdm\softpc.new\host\inc\mips\prod\contxt_c.h"	"30eb579c995b281e873c6501fda356027b8b782867c65ecd8b73ff420c906c6c"	"byte-exact-verified"	"unreviewed"	"unreviewed"	""	""	"m0-t276-s1-file-identity-taxonomy-001.md"
"MVDM-FILE-1084"	"softpc.new/host/inc/mips/prod/conv_c.h"	"softpc.new"	"declaration"	"dual-identical"	"O:\repos.external\OpenNT\base\mvdm\softpc.new\host\inc\mips\prod\conv_c.h"	"3db1fdfe05ad4f7b2b8f743e23dcce7e0a74ab89fba3ec2cb7ee21ad6a66b0bb"	"byte-exact-verified"	"unreviewed"	"unreviewed"	""	""	"m0-t276-s1-file-identity-taxonomy-001.md"
"MVDM-FILE-1085"	"softpc.new/host/inc/mips/prod/copies_c.h"	"softpc.new"	"declaration"	"dual-identical"	"O:\repos.external\OpenNT\base\mvdm\softpc.new\host\inc\mips\prod\copies_c.h"	"f6f31a25c46bf20ac74bf07801d45274117eb3f2f5b73d3f876fe6add94cb6f4"	"byte-exact-verified"	"unreviewed"	"unreviewed"	""	""	"m0-t276-s1-file-identity-taxonomy-001.md"
"MVDM-FILE-1086"	"softpc.new/host/inc/mips/prod/cpnote_c.h"	"softpc.new"	"declaration"	"dual-identical"	"O:\repos.external\OpenNT\base\mvdm\softpc.new\host\inc\mips\prod\cpnote_c.h"	"2ca64054160faa4d6500c23693c42d53eee9259a20d346c5bc2dc6a0c648c4f8"	"byte-exact-verified"	"unreviewed"	"unreviewed"	""	""	"m0-t276-s1-file-identity-taxonomy-001.md"
"MVDM-FILE-1087"	"softpc.new/host/inc/mips/prod/cpu_c.h"	"softpc.new"	"declaration"	"dual-identical"	"O:\repos.external\OpenNT\base\mvdm\softpc.new\host\inc\mips\prod\cpu_c.h"	"03aa7b45cd9da10d327f3393d3d8bfb99fc2d30070091cb36ce12aaae52a0a36"	"byte-exact-verified"	"unreviewed"	"unreviewed"	""	""	"m0-t276-s1-file-identity-taxonomy-001.md"
"MVDM-FILE-1088"	"softpc.new/host/inc/mips/prod/cpu4gen.h"	"softpc.new"	"declaration"	"dual-identical"	"O:\repos.external\OpenNT\base\mvdm\softpc.new\host\inc\mips\prod\cpu4gen.h"	"11aa60613b6d85e24b0b1c747ed7fec595239eee4959e062f9e6c3f3fb63d9f5"	"byte-exact-verified"	"unreviewed"	"unreviewed"	""	""	"m0-t276-s1-file-identity-taxonomy-001.md"
"MVDM-FILE-1089"	"softpc.new/host/inc/mips/prod/cpuint_c.h"	"softpc.new"	"declaration"	"dual-identical"	"O:\repos.external\OpenNT\base\mvdm\softpc.new\host\inc\mips\prod\cpuint_c.h"	"b171b9bb51bf810c5e9f839a88a79a6f1eb66c37c4128069fe3e7972da849ede"	"byte-exact-verified"	"unreviewed"	"unreviewed"	""	""	"m0-t276-s1-file-identity-taxonomy-001.md"
"MVDM-FILE-1090"	"softpc.new/host/inc/mips/prod/cpumod_c.h"	"softpc.new"	"declaration"	"dual-identical"	"O:\repos.external\OpenNT\base\mvdm\softpc.new\host\inc\mips\prod\cpumod_c.h"	"181a1204e685459661b200aa1ba804c3496105d5ed5ca28110aa0365f2d08785"	"byte-exact-verified"	"unreviewed"	"unreviewed"	""	""	"m0-t276-s1-file-identity-taxonomy-001.md"
"MVDM-FILE-1091"	"softpc.new/host/inc/mips/prod/cpureg_c.h"	"softpc.new"	"declaration"	"dual-identical"	"O:\repos.external\OpenNT\base\mvdm\softpc.new\host\inc\mips\prod\cpureg_c.h"	"40122f36ce134bb1b98556d595bf11f3cabc9b30551c370c50f2a95cd865ae73"	"byte-exact-verified"	"unreviewed"	"unreviewed"	""	""	"m0-t276-s1-file-identity-taxonomy-001.md"
"MVDM-FILE-1092"	"softpc.new/host/inc/mips/prod/dec_c.h"	"softpc.new"	"declaration"	"dual-identical"	"O:\repos.external\OpenNT\base\mvdm\softpc.new\host\inc\mips\prod\dec_c.h"	"7a4b90358d04a45c0c13ccc6668b6293fdb82a7aadb2aabb9b5b8ecc822f3f86"	"byte-exact-verified"	"unreviewed"	"unreviewed"	""	""	"m0-t276-s1-file-identity-taxonomy-001.md"
"MVDM-FILE-1093"	"softpc.new/host/inc/mips/prod/ea_c.h"	"softpc.new"	"declaration"	"dual-identical"	"O:\repos.external\OpenNT\base\mvdm\softpc.new\host\inc\mips\prod\ea_c.h"	"fe7a96f39e7b35f7926e441d6d602df86af4cbaded124ee9f9612dfae651994d"	"byte-exact-verified"	"unreviewed"	"unreviewed"	""	""	"m0-t276-s1-file-identity-taxonomy-001.md"
"MVDM-FILE-1094"	"softpc.new/host/inc/mips/prod/enter_c.h"	"softpc.new"	"declaration"	"dual-identical"	"O:\repos.external\OpenNT\base\mvdm\softpc.new\host\inc\mips\prod\enter_c.h"	"4ec3493a0ca6966e91092a317f94190b1df6326aed29902c33c8dc870f1032f5"	"byte-exact-verified"	"unreviewed"	"unreviewed"	""	""	"m0-t276-s1-file-identity-taxonomy-001.md"
"MVDM-FILE-1095"	"softpc.new/host/inc/mips/prod/evid_c.h"	"softpc.new"	"declaration"	"dual-identical"	"O:\repos.external\OpenNT\base\mvdm\softpc.new\host\inc\mips\prod\evid_c.h"	"8a263941fdd26a81105219c2d9189be5452a52ef82497e774a483c2e09836631"	"byte-exact-verified"	"unreviewed"	"unreviewed"	""	""	"m0-t276-s1-file-identity-taxonomy-001.md"
"MVDM-FILE-1096"	"softpc.new/host/inc/mips/prod/evidfunc.h"	"softpc.new"	"declaration"	"dual-identical"	"O:\repos.external\OpenNT\base\mvdm\softpc.new\host\inc\mips\prod\evidfunc.h"	"d8b14822247f7fe9eff4d189e3d0714cb4b50f153eb3ebf4e211e443357953c3"	"byte-exact-verified"	"unreviewed"	"unreviewed"	""	""	"m0-t276-s1-file-identity-taxonomy-001.md"
"MVDM-FILE-1097"	"softpc.new/host/inc/mips/prod/evidgen.h"	"softpc.new"	"declaration"	"dual-identical"	"O:\repos.external\OpenNT\base\mvdm\softpc.new\host\inc\mips\prod\evidgen.h"	"7e429987c49ec9e87ca45394eeddc87c73877e5f95aed73e1bc1d7224d308772"	"byte-exact-verified"	"unreviewed"	"unreviewed"	""	""	"m0-t276-s1-file-identity-taxonomy-001.md"
"MVDM-FILE-1098"	"softpc.new/host/inc/mips/prod/evptrs_c.h"	"softpc.new"	"declaration"	"dual-identical"	"O:\repos.external\OpenNT\base\mvdm\softpc.new\host\inc\mips\prod\evptrs_c.h"	"154a62290cafcdb61a224b31d57a38c8a7a941891ab82adcbd17080d05d021e3"	"byte-exact-verified"	"unreviewed"	"unreviewed"	""	""	"m0-t276-s1-file-identity-taxonomy-001.md"
"MVDM-FILE-1099"	"softpc.new/host/inc/mips/prod/flags_c.h"	"softpc.new"	"declaration"	"dual-identical"	"O:\repos.external\OpenNT\base\mvdm\softpc.new\host\inc\mips\prod\flags_c.h"	"3b1a17ff4f053c314e313f56db3dc8c075d2e0631402b6a0260c485c50fbc026"	"byte-exact-verified"	"unreviewed"	"unreviewed"	""	""	"m0-t276-s1-file-identity-taxonomy-001.md"
"MVDM-FILE-1100"	"softpc.new/host/inc/mips/prod/flagtb_c.h"	"softpc.new"	"declaration"	"dual-identical"	"O:\repos.external\OpenNT\base\mvdm\softpc.new\host\inc\mips\prod\flagtb_c.h"	"05e9ed0cc6e86605a12a83a55293ecd1b3dfaafaadbd12e3c26f848ad2c22a6e"	"byte-exact-verified"	"unreviewed"	"unreviewed"	""	""	"m0-t276-s1-file-identity-taxonomy-001.md"
"MVDM-FILE-1101"	"softpc.new/host/inc/mips/prod/fm_c.h"	"softpc.new"	"declaration"	"dual-identical"	"O:\repos.external\OpenNT\base\mvdm\softpc.new\host\inc\mips\prod\fm_c.h"	"0ac7aee929cd5b133ecc5aee07768e2128ae0ee523db9776b4ae7f1213427f79"	"byte-exact-verified"	"unreviewed"	"unreviewed"	""	""	"m0-t276-s1-file-identity-taxonomy-001.md"
"MVDM-FILE-1102"	"softpc.new/host/inc/mips/prod/fmevid_c.h"	"softpc.new"	"declaration"	"dual-identical"	"O:\repos.external\OpenNT\base\mvdm\softpc.new\host\inc\mips\prod\fmevid_c.h"	"aa6cbf061e3438ba61789305e72b88ac37ec064f69080e96b90da2be2d83613b"	"byte-exact-verified"	"unreviewed"	"unreviewed"	""	""	"m0-t276-s1-file-identity-taxonomy-001.md"
"MVDM-FILE-1103"	"softpc.new/host/inc/mips/prod/fpu_c.h"	"softpc.new"	"declaration"	"dual-identical"	"O:\repos.external\OpenNT\base\mvdm\softpc.new\host\inc\mips\prod\fpu_c.h"	"0f1d67436ed417b6726f958cfd97ece40ddedd05997369449be5861a47b7b912"	"byte-exact-verified"	"unreviewed"	"unreviewed"	""	""	"m0-t276-s1-file-identity-taxonomy-001.md"
"MVDM-FILE-1104"	"softpc.new/host/inc/mips/prod/frag_c.h"	"softpc.new"	"declaration"	"dual-identical"	"O:\repos.external\OpenNT\base\mvdm\softpc.new\host\inc\mips\prod\frag_c.h"	"9872f82b36f660599c3f1601700cf9d3a56b6c39d761bc3e57b0f9ba6eb0816e"	"byte-exact-verified"	"unreviewed"	"unreviewed"	""	""	"m0-t276-s1-file-identity-taxonomy-001.md"
"MVDM-FILE-1105"	"softpc.new/host/inc/mips/prod/gdebug.h"	"softpc.new"	"declaration"	"dual-identical"	"O:\repos.external\OpenNT\base\mvdm\softpc.new\host\inc\mips\prod\gdebug.h"	"efa81b3574fa068278ed51c0ed18c3f1da9f6fd18401c8caecaf0ee649d53171"	"byte-exact-verified"	"unreviewed"	"unreviewed"	""	""	"m0-t276-s1-file-identity-taxonomy-001.md"
"MVDM-FILE-1106"	"softpc.new/host/inc/mips/prod/gdinit_c.h"	"softpc.new"	"declaration"	"dual-identical"	"O:\repos.external\OpenNT\base\mvdm\softpc.new\host\inc\mips\prod\gdinit_c.h"	"2d3923e7afa152715ebb0503e93f1c5afa89aaf4594213a1af0ed134469465e6"	"byte-exact-verified"	"unreviewed"	"unreviewed"	""	""	"m0-t276-s1-file-identity-taxonomy-001.md"
"MVDM-FILE-1107"	"softpc.new/host/inc/mips/prod/gdmain_c.h"	"softpc.new"	"declaration"	"dual-identical"	"O:\repos.external\OpenNT\base\mvdm\softpc.new\host\inc\mips\prod\gdmain_c.h"	"6d16138cbd11cc2dff28ecc87cc9ae8481724e8b7e5bf9dadadaeb443630d505"	"byte-exact-verified"	"unreviewed"	"unreviewed"	""	""	"m0-t276-s1-file-identity-taxonomy-001.md"
"MVDM-FILE-1108"	"softpc.new/host/inc/mips/prod/gdpvar.h"	"softpc.new"	"declaration"	"dual-identical"	"O:\repos.external\OpenNT\base\mvdm\softpc.new\host\inc\mips\prod\gdpvar.h"	"2eea3e1519eb72cb50ac504855abe2ee81e0145ef588fc771900c5fe2b3b2248"	"byte-exact-verified"	"unreviewed"	"unreviewed"	""	""	"m0-t276-s1-file-identity-taxonomy-001.md"
"MVDM-FILE-1109"	"softpc.new/host/inc/mips/prod/gicvid_c.h"	"softpc.new"	"declaration"	"dual-identical"	"O:\repos.external\OpenNT\base\mvdm\softpc.new\host\inc\mips\prod\gicvid_c.h"	"2dcff6f2ed59c96e2992d6ae1c0bb9e182f4a67f3c743035cfc12a282762f6a9"	"byte-exact-verified"	"unreviewed"	"unreviewed"	""	""	"m0-t276-s1-file-identity-taxonomy-001.md"
"MVDM-FILE-1110"	"softpc.new/host/inc/mips/prod/gldc_c.h"	"softpc.new"	"declaration"	"dual-identical"	"O:\repos.external\OpenNT\base\mvdm\softpc.new\host\inc\mips\prod\gldc_c.h"	"480178a6a67c98e4e5454a47eba42b45c2205fa113b8e652bae4a4a29d82e3de"	"byte-exact-verified"	"unreviewed"	"unreviewed"	""	""	"m0-t276-s1-file-identity-taxonomy-001.md"
"MVDM-FILE-1111"	"softpc.new/host/inc/mips/prod/hpphst_c.h"	"softpc.new"	"declaration"	"dual-identical"	"O:\repos.external\OpenNT\base\mvdm\softpc.new\host\inc\mips\prod\hpphst_c.h"	"278512cfb5505a7620505aeb5dc78123b5081b2d6b5788cc709f3470b2fe894e"	"byte-exact-verified"	"unreviewed"	"unreviewed"	""	""	"m0-t276-s1-file-identity-taxonomy-001.md"
"MVDM-FILE-1112"	"softpc.new/host/inc/mips/prod/idmain_c.h"	"softpc.new"	"declaration"	"dual-identical"	"O:\repos.external\OpenNT\base\mvdm\softpc.new\host\inc\mips\prod\idmain_c.h"	"1c1be6c62915a5d7ad7b7f3bbfcce45ec6a18959bcbe78246ba19b820a962a71"	"byte-exact-verified"	"unreviewed"	"unreviewed"	""	""	"m0-t276-s1-file-identity-taxonomy-001.md"
"MVDM-FILE-1113"	"softpc.new/host/inc/mips/prod/inc_c.h"	"softpc.new"	"declaration"	"dual-identical"	"O:\repos.external\OpenNT\base\mvdm\softpc.new\host\inc\mips\prod\inc_c.h"	"2c9c5ae87d0738bbcd682c0a5e5b86494e9b3555aac71594e57032eeb8173c84"	"byte-exact-verified"	"unreviewed"	"unreviewed"	""	""	"m0-t276-s1-file-identity-taxonomy-001.md"
"MVDM-FILE-1114"	"softpc.new/host/inc/mips/prod/inst_c.h"	"softpc.new"	"declaration"	"dual-identical"	"O:\repos.external\OpenNT\base\mvdm\softpc.new\host\inc\mips\prod\inst_c.h"	"349b70d99d70f1fd11579234f42573fe45e9441acff322c4cdcad46bd751abd3"	"byte-exact-verified"	"unreviewed"	"unreviewed"	""	""	"m0-t276-s1-file-identity-taxonomy-001.md"
"MVDM-FILE-1115"	"softpc.new/host/inc/mips/prod/io_c.h"	"softpc.new"	"declaration"	"dual-identical"	"O:\repos.external\OpenNT\base\mvdm\softpc.new\host\inc\mips\prod\io_c.h"	"cf0ee3beea5bb6dd847aa6aa92f3127b0c6f095bfd66142252c401bebe6b8396"	"byte-exact-verified"	"unreviewed"	"unreviewed"	""	""	"m0-t276-s1-file-identity-taxonomy-001.md"
"MVDM-FILE-1116"	"softpc.new/host/inc/mips/prod/lc_c.h"	"softpc.new"	"declaration"	"dual-identical"	"O:\repos.external\OpenNT\base\mvdm\softpc.new\host\inc\mips\prod\lc_c.h"	"fa4fc11b1daaa41df45790081cde72ba95baf883bd79bf014f54121f4152d665"	"byte-exact-verified"	"unreviewed"	"unreviewed"	""	""	"m0-t276-s1-file-identity-taxonomy-001.md"
"MVDM-FILE-1117"	"softpc.new/host/inc/mips/prod/light_c.h"	"softpc.new"	"declaration"	"dual-identical"	"O:\repos.external\OpenNT\base\mvdm\softpc.new\host\inc\mips\prod\light_c.h"	"491fbbaa1acac663f79f7a5a848aa40e86778ccc9006df80f5619f9ab8a9c47d"	"byte-exact-verified"	"unreviewed"	"unreviewed"	""	""	"m0-t276-s1-file-identity-taxonomy-001.md"
"MVDM-FILE-1118"	"softpc.new/host/inc/mips/prod/logic_c.h"	"softpc.new"	"declaration"	"dual-identical"	"O:\repos.external\OpenNT\base\mvdm\softpc.new\host\inc\mips\prod\logic_c.h"	"61969c5792b71a99b49aee9e0a5b09db737b543611e0be9923f86f38012b18e1"	"byte-exact-verified"	"unreviewed"	"unreviewed"	""	""	"m0-t276-s1-file-identity-taxonomy-001.md"
"MVDM-FILE-1119"	"softpc.new/host/inc/mips/prod/lxs_c.h"	"softpc.new"	"declaration"	"dual-identical"	"O:\repos.external\OpenNT\base\mvdm\softpc.new\host\inc\mips\prod\lxs_c.h"	"06312f9ae7a7080525eaea432405b4ebf4d4d6a8a8e049f52c134aaee6423666"	"byte-exact-verified"	"unreviewed"	"unreviewed"	""	""	"m0-t276-s1-file-identity-taxonomy-001.md"
"MVDM-FILE-1120"	"softpc.new/host/inc/mips/prod/mark_c.h"	"softpc.new"	"declaration"	"dual-identical"	"O:\repos.external\OpenNT\base\mvdm\softpc.new\host\inc\mips\prod\mark_c.h"	"e06a0659134fd760752119dcf16a6a7ab0d68f9cb9230488abee10573b3c71dd"	"byte-exact-verified"	"unreviewed"	"unreviewed"	""	""	"m0-t276-s1-file-identity-taxonomy-001.md"
"MVDM-FILE-1121"	"softpc.new/host/inc/mips/prod/miphst_c.h"	"softpc.new"	"declaration"	"dual-identical"	"O:\repos.external\OpenNT\base\mvdm\softpc.new\host\inc\mips\prod\miphst_c.h"	"1d0fb5010e8999131fa4a3ccfa22f870256cf85ecbc43faefac906ebed9b7299"	"byte-exact-verified"	"unreviewed"	"unreviewed"	""	""	"m0-t276-s1-file-identity-taxonomy-001.md"
"MVDM-FILE-1122"	"softpc.new/host/inc/mips/prod/misc_c.h"	"softpc.new"	"declaration"	"dual-identical"	"O:\repos.external\OpenNT\base\mvdm\softpc.new\host\inc\mips\prod\misc_c.h"	"ef97191d02794b940d4d888debe84815617d48fe994fa442891df3e1fee0617b"	"byte-exact-verified"	"unreviewed"	"unreviewed"	""	""	"m0-t276-s1-file-identity-taxonomy-001.md"
"MVDM-FILE-1123"	"softpc.new/host/inc/mips/prod/move_c.h"	"softpc.new"	"declaration"	"dual-identical"	"O:\repos.external\OpenNT\base\mvdm\softpc.new\host\inc\mips\prod\move_c.h"	"731326922805d1259ac2ac4caea119e3e9931f600278b82966b4647d5d08035a"	"byte-exact-verified"	"unreviewed"	"unreviewed"	""	""	"m0-t276-s1-file-identity-taxonomy-001.md"
"MVDM-FILE-1124"	"softpc.new/host/inc/mips/prod/muldiv_c.h"	"softpc.new"	"declaration"	"dual-identical"	"O:\repos.external\OpenNT\base\mvdm\softpc.new\host\inc\mips\prod\muldiv_c.h"	"625ddef44c9a6bc60da793c1648907b5fb474746cd95c2c4e299efb71d15ebc7"	"byte-exact-verified"	"unreviewed"	"unreviewed"	""	""	"m0-t276-s1-file-identity-taxonomy-001.md"
"MVDM-FILE-1125"	"softpc.new/host/inc/mips/prod/nano_c.h"	"softpc.new"	"declaration"	"dual-identical"	"O:\repos.external\OpenNT\base\mvdm\softpc.new\host\inc\mips\prod\nano_c.h"	"a6a666bbb95fb2c78e45ee83e2323ebb33e59bddd0b058e3edfe8f0bebff603c"	"byte-exact-verified"	"unreviewed"	"unreviewed"	""	""	"m0-t276-s1-file-identity-taxonomy-001.md"
"MVDM-FILE-1126"	"softpc.new/host/inc/mips/prod/nanoa_c.h"	"softpc.new"	"declaration"	"dual-identical"	"O:\repos.external\OpenNT\base\mvdm\softpc.new\host\inc\mips\prod\nanoa_c.h"	"bb31a4c32db6d2974841a6f9d59f05b3524f00e384a6565903aa7098da3b0acc"	"byte-exact-verified"	"unreviewed"	"unreviewed"	""	""	"m0-t276-s1-file-identity-taxonomy-001.md"
"MVDM-FILE-1127"	"softpc.new/host/inc/mips/prod/nanob_c.h"	"softpc.new"	"declaration"	"dual-identical"	"O:\repos.external\OpenNT\base\mvdm\softpc.new\host\inc\mips\prod\nanob_c.h"	"dad9cf8f222669c79b0dae480ef5d740dc9428ac48fd58fcc3dee0fbf9978d52"	"byte-exact-verified"	"unreviewed"	"unreviewed"	""	""	"m0-t276-s1-file-identity-taxonomy-001.md"
"MVDM-FILE-1128"	"softpc.new/host/inc/mips/prod/nanoc_c.h"	"softpc.new"	"declaration"	"dual-identical"	"O:\repos.external\OpenNT\base\mvdm\softpc.new\host\inc\mips\prod\nanoc_c.h"	"7e92ec8459da354d4144a4a2334de6028f60817104fc6f7763b56b23597798b1"	"byte-exact-verified"	"unreviewed"	"unreviewed"	""	""	"m0-t276-s1-file-identity-taxonomy-001.md"
"MVDM-FILE-1129"	"softpc.new/host/inc/mips/prod/nanod_c.h"	"softpc.new"	"declaration"	"dual-identical"	"O:\repos.external\OpenNT\base\mvdm\softpc.new\host\inc\mips\prod\nanod_c.h"	"1eb0d068d2d4aee74081415afc5393d77228ecbdaacccce2d5b8f819bd8bc24b"	"byte-exact-verified"	"unreviewed"	"unreviewed"	""	""	"m0-t276-s1-file-identity-taxonomy-001.md"
"MVDM-FILE-1130"	"softpc.new/host/inc/mips/prod/nanoe_c.h"	"softpc.new"	"declaration"	"dual-identical"	"O:\repos.external\OpenNT\base\mvdm\softpc.new\host\inc\mips\prod\nanoe_c.h"	"57e8831780cde35f843857cd6ee4fb0398d6973f56a7600f202fb159b7b2155e"	"byte-exact-verified"	"unreviewed"	"unreviewed"	""	""	"m0-t276-s1-file-identity-taxonomy-001.md"
"MVDM-FILE-1131"	"softpc.new/host/inc/mips/prod/page_c.h"	"softpc.new"	"declaration"	"dual-identical"	"O:\repos.external\OpenNT\base\mvdm\softpc.new\host\inc\mips\prod\page_c.h"	"cd0ded631b9c2d6f78fecaf7c57b07b85bc2246acbe1fcb54706ba119137b708"	"byte-exact-verified"	"unreviewed"	"unreviewed"	""	""	"m0-t276-s1-file-identity-taxonomy-001.md"
"MVDM-FILE-1132"	"softpc.new/host/inc/mips/prod/parser.h"	"softpc.new"	"declaration"	"dual-identical"	"O:\repos.external\OpenNT\base\mvdm\softpc.new\host\inc\mips\prod\parser.h"	"144e3d663423cd693eee0071c189a0c1978c5e38c45c4b0ed02eb64f11b300b9"	"byte-exact-verified"	"unreviewed"	"unreviewed"	""	""	"m0-t276-s1-file-identity-taxonomy-001.md"
"MVDM-FILE-1133"	"softpc.new/host/inc/mips/prod/pigger_c.h"	"softpc.new"	"declaration"	"dual-identical"	"O:\repos.external\OpenNT\base\mvdm\softpc.new\host\inc\mips\prod\pigger_c.h"	"e2a38c8c78ace9905661b6faca96605a871e1ff4208ddf1893c0a6e6172ca34c"	"byte-exact-verified"	"unreviewed"	"unreviewed"	""	""	"m0-t276-s1-file-identity-taxonomy-001.md"
"MVDM-FILE-1134"	"softpc.new/host/inc/mips/prod/pigreg_c.h"	"softpc.new"	"declaration"	"dual-identical"	"O:\repos.external\OpenNT\base\mvdm\softpc.new\host\inc\mips\prod\pigreg_c.h"	"30113bfb9ac8e521895189480fb0070295751d43dab47179ec1c43083be62b44"	"byte-exact-verified"	"unreviewed"	"unreviewed"	""	""	"m0-t276-s1-file-identity-taxonomy-001.md"
"MVDM-FILE-1135"	"softpc.new/host/inc/mips/prod/pm_c.h"	"softpc.new"	"declaration"	"dual-identical"	"O:\repos.external\OpenNT\base\mvdm\softpc.new\host\inc\mips\prod\pm_c.h"	"b6ba5208f758247bd755e351e8fa140ad731abf7b7e5bcd41566a7a8c5bb72e8"	"byte-exact-verified"	"unreviewed"	"unreviewed"	""	""	"m0-t276-s1-file-identity-taxonomy-001.md"
"MVDM-FILE-1136"	"softpc.new/host/inc/mips/prod/ports_c.h"	"softpc.new"	"declaration"	"dual-identical"	"O:\repos.external\OpenNT\base\mvdm\softpc.new\host\inc\mips\prod\ports_c.h"	"3b1a90cf411e5dfcbcda8e18a6d4ad448b6707f02bedc390d2fe057716df8332"	"byte-exact-verified"	"unreviewed"	"unreviewed"	""	""	"m0-t276-s1-file-identity-taxonomy-001.md"
"MVDM-FILE-1137"	"softpc.new/host/inc/mips/prod/ppchst_c.h"	"softpc.new"	"declaration"	"dual-identical"	"O:\repos.external\OpenNT\base\mvdm\softpc.new\host\inc\mips\prod\ppchst_c.h"	"ec05f5d4271ed17913362db98b6c0a98f0a7ae746c0150cd571cf91ad557d5e6"	"byte-exact-verified"	"unreviewed"	"unreviewed"	""	""	"m0-t276-s1-file-identity-taxonomy-001.md"
"MVDM-FILE-1138"	"softpc.new/host/inc/mips/prod/prof_c.h"	"softpc.new"	"declaration"	"dual-identical"	"O:\repos.external\OpenNT\base\mvdm\softpc.new\host\inc\mips\prod\prof_c.h"	"d890526d7af3f3bdee03547e9a77d60164cb6a421a96580c552ff299b8c5aed2"	"byte-exact-verified"	"unreviewed"	"unreviewed"	""	""	"m0-t276-s1-file-identity-taxonomy-001.md"
"MVDM-FILE-1139"	"softpc.new/host/inc/mips/prod/prot_c.h"	"softpc.new"	"declaration"	"dual-identical"	"O:\repos.external\OpenNT\base\mvdm\softpc.new\host\inc\mips\prod\prot_c.h"	"1d79ef817d744ef2ff0cd0adc98992406e3463c2866ea7d9ef56f66554ed233e"	"byte-exact-verified"	"unreviewed"	"unreviewed"	""	""	"m0-t276-s1-file-identity-taxonomy-001.md"
"MVDM-FILE-1140"	"softpc.new/host/inc/mips/prod/pti_c.h"	"softpc.new"	"declaration"	"dual-identical"	"O:\repos.external\OpenNT\base\mvdm\softpc.new\host\inc\mips\prod\pti_c.h"	"f9a501635caf055b045c15bf9a7f8f6764a50299db59495ab5c4e692d31835b3"	"byte-exact-verified"	"unreviewed"	"unreviewed"	""	""	"m0-t276-s1-file-identity-taxonomy-001.md"
"MVDM-FILE-1141"	"softpc.new/host/inc/mips/prod/pxcptn_c.h"	"softpc.new"	"declaration"	"dual-identical"	"O:\repos.external\OpenNT\base\mvdm\softpc.new\host\inc\mips\prod\pxcptn_c.h"	"4ba08855422f5a69c5347d363363156da77ce8d77497bcd8f302d916a2745f6a"	"byte-exact-verified"	"unreviewed"	"unreviewed"	""	""	"m0-t276-s1-file-identity-taxonomy-001.md"
"MVDM-FILE-1142"	"softpc.new/host/inc/mips/prod/rdwr_c.h"	"softpc.new"	"declaration"	"dual-identical"	"O:\repos.external\OpenNT\base\mvdm\softpc.new\host\inc\mips\prod\rdwr_c.h"	"a02fcd3012c38fb30b98408b5946c08a7fcf6ac4800d26d2d577611dbf0b1567"	"byte-exact-verified"	"unreviewed"	"unreviewed"	""	""	"m0-t276-s1-file-identity-taxonomy-001.md"
"MVDM-FILE-1143"	"softpc.new/host/inc/mips/prod/read_c.h"	"softpc.new"	"declaration"	"dual-identical"	"O:\repos.external\OpenNT\base\mvdm\softpc.new\host\inc\mips\prod\read_c.h"	"4aaa6945ad478284f3efdf71b5f4f38cbd1e0b4b79b3a5b588e01e3b353abe57"	"byte-exact-verified"	"unreviewed"	"unreviewed"	""	""	"m0-t276-s1-file-identity-taxonomy-001.md"
"MVDM-FILE-1144"	"softpc.new/host/inc/mips/prod/rotate_c.h"	"softpc.new"	"declaration"	"dual-identical"	"O:\repos.external\OpenNT\base\mvdm\softpc.new\host\inc\mips\prod\rotate_c.h"	"a31c2ffc77400dcb50d4211ab80ebb7c99f972ed41bdb48fe2e8e293c079a0d4"	"byte-exact-verified"	"unreviewed"	"unreviewed"	""	""	"m0-t276-s1-file-identity-taxonomy-001.md"
"MVDM-FILE-1145"	"softpc.new/host/inc/mips/prod/sas_c.h"	"softpc.new"	"declaration"	"dual-identical"	"O:\repos.external\OpenNT\base\mvdm\softpc.new\host\inc\mips\prod\sas_c.h"	"0f9683a8b850161a763859d1ad3783d7e7b18d9f14a1c7b37402e85575976e10"	"byte-exact-verified"	"unreviewed"	"unreviewed"	""	""	"m0-t276-s1-file-identity-taxonomy-001.md"
"MVDM-FILE-1146"	"softpc.new/host/inc/mips/prod/sas4gen.h"	"softpc.new"	"declaration"	"dual-identical"	"O:\repos.external\OpenNT\base\mvdm\softpc.new\host\inc\mips\prod\sas4gen.h"	"27fbe4d2cc6b0ff3657b8ffdea1cfcf9622afc851639894c8948c39b5ae0ebf2"	"byte-exact-verified"	"unreviewed"	"unreviewed"	""	""	"m0-t276-s1-file-identity-taxonomy-001.md"
"MVDM-FILE-1147"	"softpc.new/host/inc/mips/prod/segreg_c.h"	"softpc.new"	"declaration"	"dual-identical"	"O:\repos.external\OpenNT\base\mvdm\softpc.new\host\inc\mips\prod\segreg_c.h"	"1ee500930f734acd1faeaf6cb7fc7d7f3a534c8df80297f59ff65860f17ac2a2"	"byte-exact-verified"	"unreviewed"	"unreviewed"	""	""	"m0-t276-s1-file-identity-taxonomy-001.md"
"MVDM-FILE-1148"	"softpc.new/host/inc/mips/prod/sf_c.h"	"softpc.new"	"declaration"	"dual-identical"	"O:\repos.external\OpenNT\base\mvdm\softpc.new\host\inc\mips\prod\sf_c.h"	"8fe999a73a3f234cb819724971837b6ead3587cd61873f1f6a84a618482a8b34"	"byte-exact-verified"	"unreviewed"	"unreviewed"	""	""	"m0-t276-s1-file-identity-taxonomy-001.md"
"MVDM-FILE-1149"	"softpc.new/host/inc/mips/prod/shift_c.h"	"softpc.new"	"declaration"	"dual-identical"	"O:\repos.external\OpenNT\base\mvdm\softpc.new\host\inc\mips\prod\shift_c.h"	"d7e3aff851e4ac66138f40f41504c1e15b043fbf8a1164a6b7461db9f40ca086"	"byte-exact-verified"	"unreviewed"	"unreviewed"	""	""	"m0-t276-s1-file-identity-taxonomy-001.md"
"MVDM-FILE-1150"	"softpc.new/host/inc/mips/prod/simple_c.h"	"softpc.new"	"declaration"	"dual-identical"	"O:\repos.external\OpenNT\base\mvdm\softpc.new\host\inc\mips\prod\simple_c.h"	"569a34be63d1922a0fec5965ceca4d86940aea547b77391c795b087fe22802fc"	"byte-exact-verified"	"unreviewed"	"unreviewed"	""	""	"m0-t276-s1-file-identity-taxonomy-001.md"
"MVDM-FILE-1151"	"softpc.new/host/inc/mips/prod/stack_c.h"	"softpc.new"	"declaration"	"dual-identical"	"O:\repos.external\OpenNT\base\mvdm\softpc.new\host\inc\mips\prod\stack_c.h"	"d1310b5bba16538fca429f719e4f802125a5ec6f44bb1ba247f452680a969694"	"byte-exact-verified"	"unreviewed"	"unreviewed"	""	""	"m0-t276-s1-file-identity-taxonomy-001.md"
"MVDM-FILE-1152"	"softpc.new/host/inc/mips/prod/string_c.h"	"softpc.new"	"declaration"	"dual-identical"	"O:\repos.external\OpenNT\base\mvdm\softpc.new\host\inc\mips\prod\string_c.h"	"5708bd3d42e2aa3f21085e4e8e477184f7b069757dd690598a2b259cf117cf4e"	"byte-exact-verified"	"unreviewed"	"unreviewed"	""	""	"m0-t276-s1-file-identity-taxonomy-001.md"
"MVDM-FILE-1153"	"softpc.new/host/inc/mips/prod/strint_c.h"	"softpc.new"	"declaration"	"dual-identical"	"O:\repos.external\OpenNT\base\mvdm\softpc.new\host\inc\mips\prod\strint_c.h"	"9b1eaa5c704bfd5a200ccda13e175870e0ee124fc86c32c3aec80887d2305aad"	"byte-exact-verified"	"unreviewed"	"unreviewed"	""	""	"m0-t276-s1-file-identity-taxonomy-001.md"
"MVDM-FILE-1154"	"softpc.new/host/inc/mips/prod/strsub_c.h"	"softpc.new"	"declaration"	"dual-identical"	"O:\repos.external\OpenNT\base\mvdm\softpc.new\host\inc\mips\prod\strsub_c.h"	"e5db3a9dc7997f4ac92a49845c34d3f5f1f9444d51e204daf3aa59a98131e88b"	"byte-exact-verified"	"unreviewed"	"unreviewed"	""	""	"m0-t276-s1-file-identity-taxonomy-001.md"
"MVDM-FILE-1155"	"softpc.new/host/inc/mips/prod/stub_c.h"	"softpc.new"	"declaration"	"dual-identical"	"O:\repos.external\OpenNT\base\mvdm\softpc.new\host\inc\mips\prod\stub_c.h"	"f2fb630c8fb554e0aa7e42c231f971bad8d5d813b02fb346b722341763ce5421"	"byte-exact-verified"	"unreviewed"	"unreviewed"	""	""	"m0-t276-s1-file-identity-taxonomy-001.md"
"MVDM-FILE-1156"	"softpc.new/host/inc/mips/prod/sub_c.h"	"softpc.new"	"declaration"	"dual-identical"	"O:\repos.external\OpenNT\base\mvdm\softpc.new\host\inc\mips\prod\sub_c.h"	"0a7c443052ff007a112c6eeb894ef7bb8b36c8eeca268bde207f9236fd2ea1a6"	"byte-exact-verified"	"unreviewed"	"unreviewed"	""	""	"m0-t276-s1-file-identity-taxonomy-001.md"
"MVDM-FILE-1157"	"softpc.new/host/inc/mips/prod/sunhst_c.h"	"softpc.new"	"declaration"	"dual-identical"	"O:\repos.external\OpenNT\base\mvdm\softpc.new\host\inc\mips\prod\sunhst_c.h"	"f152269a5435118c322b1532b3dc586b9ca0e42404f0f8fe2520dd65beae5fc9"	"byte-exact-verified"	"unreviewed"	"unreviewed"	""	""	"m0-t276-s1-file-identity-taxonomy-001.md"
"MVDM-FILE-1158"	"softpc.new/host/inc/mips/prod/task_c.h"	"softpc.new"	"declaration"	"dual-identical"	"O:\repos.external\OpenNT\base\mvdm\softpc.new\host\inc\mips\prod\task_c.h"	"6b68909ce0cae83346ad342d45d78181da5bc89b8fb81e2760a7590665a2d11b"	"byte-exact-verified"	"unreviewed"	"unreviewed"	""	""	"m0-t276-s1-file-identity-taxonomy-001.md"
"MVDM-FILE-1159"	"softpc.new/host/inc/mips/prod/test_c.h"	"softpc.new"	"declaration"	"dual-identical"	"O:\repos.external\OpenNT\base\mvdm\softpc.new\host\inc\mips\prod\test_c.h"	"2eee5d31833f95fbfae772124d899daddb3af370d550ed2cf5333825740b6917"	"byte-exact-verified"	"unreviewed"	"unreviewed"	""	""	"m0-t276-s1-file-identity-taxonomy-001.md"
"MVDM-FILE-1160"	"softpc.new/host/inc/mips/prod/trace_c.h"	"softpc.new"	"declaration"	"dual-identical"	"O:\repos.external\OpenNT\base\mvdm\softpc.new\host\inc\mips\prod\trace_c.h"	"fac7b430532ece52ae2ab95638356767ae77ae079af2768e92177d4b2c1de9b7"	"byte-exact-verified"	"unreviewed"	"unreviewed"	""	""	"m0-t276-s1-file-identity-taxonomy-001.md"
"MVDM-FILE-1161"	"softpc.new/host/inc/mips/prod/unchn_c.h"	"softpc.new"	"declaration"	"dual-identical"	"O:\repos.external\OpenNT\base\mvdm\softpc.new\host\inc\mips\prod\unchn_c.h"	"2c5e37ab6d10f385120cefb2144301fabe8cb74f560ba8b0b140314ce9852cbb"	"byte-exact-verified"	"unreviewed"	"unreviewed"	""	""	"m0-t276-s1-file-identity-taxonomy-001.md"
"MVDM-FILE-1162"	"softpc.new/host/inc/mips/prod/univer_c.h"	"softpc.new"	"declaration"	"dual-identical"	"O:\repos.external\OpenNT\base\mvdm\softpc.new\host\inc\mips\prod\univer_c.h"	"9b1e1de6db974a35af34e1bffe52114a2e9ce9202ab9e2057da745e08878c5a0"	"byte-exact-verified"	"unreviewed"	"unreviewed"	""	""	"m0-t276-s1-file-identity-taxonomy-001.md"
"MVDM-FILE-1163"	"softpc.new/host/inc/mips/prod/xchg_c.h"	"softpc.new"	"declaration"	"dual-identical"	"O:\repos.external\OpenNT\base\mvdm\softpc.new\host\inc\mips\prod\xchg_c.h"	"0154055071207581f4178b5d7c69d217e14eac20acf686be6f49f75d7406c66d"	"byte-exact-verified"	"unreviewed"	"unreviewed"	""	""	"m0-t276-s1-file-identity-taxonomy-001.md"
"MVDM-FILE-1164"	"softpc.new/host/inc/mips/prod/xfer_c.h"	"softpc.new"	"declaration"	"dual-identical"	"O:\repos.external\OpenNT\base\mvdm\softpc.new\host\inc\mips\prod\xfer_c.h"	"7c2318c2353401b6f5086e40a4d88f570a58116427555329eaee18637049d8c3"	"byte-exact-verified"	"unreviewed"	"unreviewed"	""	""	"m0-t276-s1-file-identity-taxonomy-001.md"
"MVDM-FILE-1165"	"softpc.new/host/inc/mips/prod/xlat_c.h"	"softpc.new"	"declaration"	"dual-identical"	"O:\repos.external\OpenNT\base\mvdm\softpc.new\host\inc\mips\prod\xlat_c.h"	"bbd1284454566de2244d42a3a0f19785784c33f4d1396a169f2af202adaa33f0"	"byte-exact-verified"	"unreviewed"	"unreviewed"	""	""	"m0-t276-s1-file-identity-taxonomy-001.md"
"MVDM-FILE-1166"	"softpc.new/host/inc/monregs.h"	"softpc.new"	"declaration"	"dual-identical"	"O:\repos.external\OpenNT\base\mvdm\softpc.new\host\inc\monregs.h"	"af51be97b6926835f02d78143bd54463500e94710e088e4be15e9ab5d81690ba"	"byte-exact-verified"	"unreviewed"	"unreviewed"	""	""	"m0-t276-s1-file-identity-taxonomy-001.md"
"MVDM-FILE-1167"	"softpc.new/host/inc/monsim32.h"	"softpc.new"	"declaration"	"dual-identical"	"O:\repos.external\OpenNT\base\mvdm\softpc.new\host\inc\monsim32.h"	"f088d30fc6d00830849912f7c9c1135afa0d21f729d95fe72c9d9a11aca010c6"	"byte-exact-verified"	"unreviewed"	"unreviewed"	""	""	"m0-t276-s1-file-identity-taxonomy-001.md"
"MVDM-FILE-1168"	"softpc.new/host/inc/nt_cga.h"	"softpc.new"	"declaration"	"dual-identical"	"O:\repos.external\OpenNT\base\mvdm\softpc.new\host\inc\nt_cga.h"	"8e92a1b59d9737f1753ccba9f22d17af6c6a3dd2f518a414957123afb69ce57e"	"byte-exact-verified"	"unreviewed"	"unreviewed"	""	""	"m0-t276-s1-file-identity-taxonomy-001.md"
"MVDM-FILE-1169"	"softpc.new/host/inc/nt_cgalt.h"	"softpc.new"	"declaration"	"dual-identical"	"O:\repos.external\OpenNT\base\mvdm\softpc.new\host\inc\nt_cgalt.h"	"d2257e6ea428f4dcc19bf7b86c8c3c5029446acef194516cf553e0957a36b09a"	"byte-exact-verified"	"unreviewed"	"unreviewed"	""	""	"m0-t276-s1-file-identity-taxonomy-001.md"
"MVDM-FILE-1170"	"softpc.new/host/inc/nt_com.h"	"softpc.new"	"declaration"	"dual-identical"	"O:\repos.external\OpenNT\base\mvdm\softpc.new\host\inc\nt_com.h"	"203bf4bcfa6ddd5ff89cad3743fd99251df19838dd9e8bfcbf549a2e23dd4298"	"byte-exact-verified"	"unreviewed"	"unreviewed"	""	""	"m0-t276-s1-file-identity-taxonomy-001.md"
"MVDM-FILE-1171"	"softpc.new/host/inc/nt_conf.h"	"softpc.new"	"declaration"	"dual-identical"	"O:\repos.external\OpenNT\base\mvdm\softpc.new\host\inc\nt_conf.h"	"42f541dfe879bacae812471b725ec9e1ff12dc5d172f8277e77e5642f15dd848"	"byte-exact-verified"	"unreviewed"	"unreviewed"	""	""	"m0-t276-s1-file-identity-taxonomy-001.md"
"MVDM-FILE-1172"	"softpc.new/host/inc/nt_det.h"	"softpc.new"	"declaration"	"dual-identical"	"O:\repos.external\OpenNT\base\mvdm\softpc.new\host\inc\nt_det.h"	"839be6a786ad7de62c13cda1548e19eacd9a9ab6ace95e207d1009caf4502326"	"byte-exact-verified"	"unreviewed"	"unreviewed"	""	""	"m0-t276-s1-file-identity-taxonomy-001.md"
"MVDM-FILE-1173"	"softpc.new/host/inc/nt_ega.h"	"softpc.new"	"declaration"	"dual-identical"	"O:\repos.external\OpenNT\base\mvdm\softpc.new\host\inc\nt_ega.h"	"d60c53fef1c7403cfb534c45bae48a9524ea4dd218adc48b68f7183b35461e7e"	"byte-exact-verified"	"unreviewed"	"unreviewed"	""	""	"m0-t276-s1-file-identity-taxonomy-001.md"
"MVDM-FILE-1174"	"softpc.new/host/inc/nt_egalt.h"	"softpc.new"	"declaration"	"dual-identical"	"O:\repos.external\OpenNT\base\mvdm\softpc.new\host\inc\nt_egalt.h"	"8b2fda045350ff2747e9ff9da471acde3d8e1b2cd76beaf4d97746a45926a5f4"	"byte-exact-verified"	"unreviewed"	"unreviewed"	""	""	"m0-t276-s1-file-identity-taxonomy-001.md"
"MVDM-FILE-1175"	"softpc.new/host/inc/nt_eoi.h"	"softpc.new"	"declaration"	"dual-identical"	"O:\repos.external\OpenNT\base\mvdm\softpc.new\host\inc\nt_eoi.h"	"57ae39f20535e93b451e83a0e54e6e45f43512e12d99ae3ffc6a58e4f1ada8e3"	"byte-exact-verified"	"unreviewed"	"unreviewed"	""	""	"m0-t276-s1-file-identity-taxonomy-001.md"
"MVDM-FILE-1176"	"softpc.new/host/inc/nt_event.h"	"softpc.new"	"declaration"	"dual-identical"	"O:\repos.external\OpenNT\base\mvdm\softpc.new\host\inc\nt_event.h"	"f4353f69708952f3bdc0f0d26db0f667eda34abf04f8694d1af059a649f76969"	"byte-exact-verified"	"unreviewed"	"unreviewed"	""	""	"m0-t276-s1-file-identity-taxonomy-001.md"
"MVDM-FILE-1177"	"softpc.new/host/inc/nt_extra.h"	"softpc.new"	"declaration"	"dual-identical"	"O:\repos.external\OpenNT\base\mvdm\softpc.new\host\inc\nt_extra.h"	"a422d528074b6a16b5a09e2b2df2d83f3f8ba4c5729e368cd0acc64c0bebbd96"	"byte-exact-verified"	"unreviewed"	"unreviewed"	""	""	"m0-t276-s1-file-identity-taxonomy-001.md"
"MVDM-FILE-1178"	"softpc.new/host/inc/nt_fdisk.h"	"softpc.new"	"declaration"	"dual-identical"	"O:\repos.external\OpenNT\base\mvdm\softpc.new\host\inc\nt_fdisk.h"	"d681eb7fc45dedcc5501cb43516a8e9d1c7d94d6f70ebbf72517364134fe1c87"	"byte-exact-verified"	"unreviewed"	"unreviewed"	""	""	"m0-t276-s1-file-identity-taxonomy-001.md"
"MVDM-FILE-1179"	"softpc.new/host/inc/nt_fulsc.h"	"softpc.new"	"declaration"	"dual-identical"	"O:\repos.external\OpenNT\base\mvdm\softpc.new\host\inc\nt_fulsc.h"	"733fe8aaef56e9febc5e2f35ac03057918df2bf75173779870e2b07dc673e1d0"	"byte-exact-verified"	"unreviewed"	"unreviewed"	""	""	"m0-t276-s1-file-identity-taxonomy-001.md"
"MVDM-FILE-1180"	"softpc.new/host/inc/nt_getxx.h"	"softpc.new"	"declaration"	"dual-identical"	"O:\repos.external\OpenNT\base\mvdm\softpc.new\host\inc\nt_getxx.h"	"b7adbf0d1f261f852f78179e757fb1ed8004db8ea6711ddf1fc4d5bb19819c46"	"byte-exact-verified"	"unreviewed"	"unreviewed"	""	""	"m0-t276-s1-file-identity-taxonomy-001.md"
"MVDM-FILE-1181"	"softpc.new/host/inc/nt_graph.h"	"softpc.new"	"declaration"	"dual-identical"	"O:\repos.external\OpenNT\base\mvdm\softpc.new\host\inc\nt_graph.h"	"f23f9cf86756ca99f3204d505baa1d1197446851065f1849814647f5c4cdc6f3"	"byte-exact-verified"	"unreviewed"	"unreviewed"	""	""	"m0-t276-s1-file-identity-taxonomy-001.md"
"MVDM-FILE-1182"	"softpc.new/host/inc/nt_hunt.h"	"softpc.new"	"declaration"	"dual-identical"	"O:\repos.external\OpenNT\base\mvdm\softpc.new\host\inc\nt_hunt.h"	"bfe7f5fdad083744001220f808025b2da24d6768d2b242768de9cac9447d9462"	"byte-exact-verified"	"unreviewed"	"unreviewed"	""	""	"m0-t276-s1-file-identity-taxonomy-001.md"
"MVDM-FILE-1183"	"softpc.new/host/inc/nt_inthk.h"	"softpc.new"	"declaration"	"dual-identical"	"O:\repos.external\OpenNT\base\mvdm\softpc.new\host\inc\nt_inthk.h"	"463f0daebc4d196dc1e108289cf10a8c3e3580efc1cf96ca880af30acbc4e632"	"byte-exact-verified"	"unreviewed"	"unreviewed"	""	""	"m0-t276-s1-file-identity-taxonomy-001.md"
"MVDM-FILE-1184"	"softpc.new/host/inc/nt_mem.h"	"softpc.new"	"declaration"	"dual-identical"	"O:\repos.external\OpenNT\base\mvdm\softpc.new\host\inc\nt_mem.h"	"3bc1805a7d900f3b4a4718dafdb130f9fa089ef29b3839ec62be9fe7851c7e3d"	"byte-exact-verified"	"unreviewed"	"unreviewed"	""	""	"m0-t276-s1-file-identity-taxonomy-001.md"
"MVDM-FILE-1185"	"softpc.new/host/inc/nt_mon.h"	"softpc.new"	"declaration"	"dual-identical"	"O:\repos.external\OpenNT\base\mvdm\softpc.new\host\inc\nt_mon.h"	"c55c392d342b5dbef7c5c692d5f7c4d06486e9cf1597fe8a1b4a166e61bdc804"	"byte-exact-verified"	"unreviewed"	"unreviewed"	""	""	"m0-t276-s1-file-identity-taxonomy-001.md"
"MVDM-FILE-1186"	"softpc.new/host/inc/nt_mouse.h"	"softpc.new"	"declaration"	"dual-identical"	"O:\repos.external\OpenNT\base\mvdm\softpc.new\host\inc\nt_mouse.h"	"bb80ed237120b9def63e41f25bbbe19d6e89512944270eb492b2d4c11546e2aa"	"byte-exact-verified"	"unreviewed"	"unreviewed"	""	""	"m0-t276-s1-file-identity-taxonomy-001.md"
"MVDM-FILE-1187"	"softpc.new/host/inc/nt_paint.h"	"softpc.new"	"declaration"	"dual-identical"	"O:\repos.external\OpenNT\base\mvdm\softpc.new\host\inc\nt_paint.h"	"1a04bb94c25ef5dfe4c890442262d0b3162f0a9e0b7bd89c53df12a63aff506f"	"byte-exact-verified"	"unreviewed"	"unreviewed"	""	""	"m0-t276-s1-file-identity-taxonomy-001.md"
"MVDM-FILE-1188"	"softpc.new/host/inc/nt_pif.h"	"softpc.new"	"declaration"	"dual-identical"	"O:\repos.external\OpenNT\base\mvdm\softpc.new\host\inc\nt_pif.h"	"a8069d676141812cddc35adb0b29ea58e58bba0a7f29dcf287468108188b8d09"	"byte-exact-verified"	"unreviewed"	"unreviewed"	""	""	"m0-t276-s1-file-identity-taxonomy-001.md"
"MVDM-FILE-1189"	"softpc.new/host/inc/nt_reset.h"	"softpc.new"	"declaration"	"dual-identical"	"O:\repos.external\OpenNT\base\mvdm\softpc.new\host\inc\nt_reset.h"	"91e93365fc76a16fea422918dc0bfb32499f27cd9c84998268a9368eb367c7f3"	"byte-exact-verified"	"unreviewed"	"unreviewed"	""	""	"m0-t276-s1-file-identity-taxonomy-001.md"
"MVDM-FILE-1190"	"softpc.new/host/inc/nt_smenu.h"	"softpc.new"	"declaration"	"dual-identical"	"O:\repos.external\OpenNT\base\mvdm\softpc.new\host\inc\nt_smenu.h"	"811068f48a8b312a7096c4261a20d09d2629c3b15a00857342c48c2fdc09b9b4"	"byte-exact-verified"	"unreviewed"	"unreviewed"	""	""	"m0-t276-s1-file-identity-taxonomy-001.md"
"MVDM-FILE-1191"	"softpc.new/host/inc/nt_thred.h"	"softpc.new"	"declaration"	"dual-identical"	"O:\repos.external\OpenNT\base\mvdm\softpc.new\host\inc\nt_thred.h"	"9907ef3c8a402afda59dd15d25ddc0ba02eed85ebabc73f108dbf448382fc695"	"byte-exact-verified"	"unreviewed"	"unreviewed"	""	""	"m0-t276-s1-file-identity-taxonomy-001.md"
"MVDM-FILE-1192"	"softpc.new/host/inc/nt_timer.h"	"softpc.new"	"declaration"	"dual-identical"	"O:\repos.external\OpenNT\base\mvdm\softpc.new\host\inc\nt_timer.h"	"647d2d1963a32b4406f646afc12f928d53004d38c1df74b2644c9efa1a4f9455"	"byte-exact-verified"	"unreviewed"	"unreviewed"	""	""	"m0-t276-s1-file-identity-taxonomy-001.md"
"MVDM-FILE-1193"	"softpc.new/host/inc/nt_uis.h"	"softpc.new"	"declaration"	"dual-identical"	"O:\repos.external\OpenNT\base\mvdm\softpc.new\host\inc\nt_uis.h"	"fc00f8c6ffff9c57f5f0b203c102709dd8a456cd2644df1dfeb5b5155b81c71e"	"byte-exact-verified"	"unreviewed"	"unreviewed"	""	""	"m0-t276-s1-file-identity-taxonomy-001.md"
"MVDM-FILE-1194"	"softpc.new/host/inc/nt_vddp.h"	"softpc.new"	"declaration"	"dual-identical"	"O:\repos.external\OpenNT\base\mvdm\softpc.new\host\inc\nt_vddp.h"	"92c8ea5d3764c20679f9c58d77e316c65f092cca2913114e47d590ecfb459912"	"byte-exact-verified"	"unreviewed"	"unreviewed"	""	""	"m0-t276-s1-file-identity-taxonomy-001.md"
"MVDM-FILE-1195"	"softpc.new/host/inc/ntcheese.h"	"softpc.new"	"declaration"	"dual-identical"	"O:\repos.external\OpenNT\base\mvdm\softpc.new\host\inc\ntcheese.h"	"c10f8e844e9d57f33abf5b57092ef0ce2dae35e9e8c4b642c3be5312b264ca3e"	"byte-exact-verified"	"unreviewed"	"unreviewed"	""	""	"m0-t276-s1-file-identity-taxonomy-001.md"
"MVDM-FILE-1196"	"softpc.new/host/inc/ppc/pig/c2cpusad.h"	"softpc.new"	"declaration"	"dual-identical"	"O:\repos.external\OpenNT\base\mvdm\softpc.new\host\inc\ppc\pig\c2cpusad.h"	"7f3a09f96bd67856e38a263dd2c570d2cb089c4ed0546c7dcd8c0bd4c60e3621"	"byte-exact-verified"	"unreviewed"	"unreviewed"	""	""	"m0-t276-s1-file-identity-taxonomy-001.md"
"MVDM-FILE-1197"	"softpc.new/host/inc/ppc/pig/cpu_c.h"	"softpc.new"	"declaration"	"dual-identical"	"O:\repos.external\OpenNT\base\mvdm\softpc.new\host\inc\ppc\pig\cpu_c.h"	"fd2ebb84a6f8a9c3092c619a10a701e2b0ae813b8689a0364f7e17cca8bacaff"	"byte-exact-verified"	"unreviewed"	"unreviewed"	""	""	"m0-t276-s1-file-identity-taxonomy-001.md"
"MVDM-FILE-1198"	"softpc.new/host/inc/ppc/pig/cpu4gen.h"	"softpc.new"	"declaration"	"dual-identical"	"O:\repos.external\OpenNT\base\mvdm\softpc.new\host\inc\ppc\pig\cpu4gen.h"	"11aa60613b6d85e24b0b1c747ed7fec595239eee4959e062f9e6c3f3fb63d9f5"	"byte-exact-verified"	"unreviewed"	"unreviewed"	""	""	"m0-t276-s1-file-identity-taxonomy-001.md"
"MVDM-FILE-1199"	"softpc.new/host/inc/ppc/pig/cpuint_c.h"	"softpc.new"	"declaration"	"dual-identical"	"O:\repos.external\OpenNT\base\mvdm\softpc.new\host\inc\ppc\pig\cpuint_c.h"	"b171b9bb51bf810c5e9f839a88a79a6f1eb66c37c4128069fe3e7972da849ede"	"byte-exact-verified"	"unreviewed"	"unreviewed"	""	""	"m0-t276-s1-file-identity-taxonomy-001.md"
"MVDM-FILE-1200"	"softpc.new/host/inc/ppc/pig/evidgen.h"	"softpc.new"	"declaration"	"dual-identical"	"O:\repos.external\OpenNT\base\mvdm\softpc.new\host\inc\ppc\pig\evidgen.h"	"7e429987c49ec9e87ca45394eeddc87c73877e5f95aed73e1bc1d7224d308772"	"byte-exact-verified"	"unreviewed"	"unreviewed"	""	""	"m0-t276-s1-file-identity-taxonomy-001.md"
"MVDM-FILE-1201"	"softpc.new/host/inc/ppc/pig/gdpvar.h"	"softpc.new"	"declaration"	"dual-identical"	"O:\repos.external\OpenNT\base\mvdm\softpc.new\host\inc\ppc\pig\gdpvar.h"	"390632880e396c5ffc49d568bd6f47d49b20ccd0ddd43068bf1ab6476543a334"	"byte-exact-verified"	"unreviewed"	"unreviewed"	""	""	"m0-t276-s1-file-identity-taxonomy-001.md"
"MVDM-FILE-1202"	"softpc.new/host/inc/ppc/pig/sas4gen.h"	"softpc.new"	"declaration"	"dual-identical"	"O:\repos.external\OpenNT\base\mvdm\softpc.new\host\inc\ppc\pig\sas4gen.h"	"27fbe4d2cc6b0ff3657b8ffdea1cfcf9622afc851639894c8948c39b5ae0ebf2"	"byte-exact-verified"	"unreviewed"	"unreviewed"	""	""	"m0-t276-s1-file-identity-taxonomy-001.md"
"MVDM-FILE-1203"	"softpc.new/host/inc/ppc/prod/c2cpusad.h"	"softpc.new"	"declaration"	"dual-identical"	"O:\repos.external\OpenNT\base\mvdm\softpc.new\host\inc\ppc\prod\c2cpusad.h"	"7f3a09f96bd67856e38a263dd2c570d2cb089c4ed0546c7dcd8c0bd4c60e3621"	"byte-exact-verified"	"unreviewed"	"unreviewed"	""	""	"m0-t276-s1-file-identity-taxonomy-001.md"
"MVDM-FILE-1204"	"softpc.new/host/inc/ppc/prod/cpu_c.h"	"softpc.new"	"declaration"	"dual-identical"	"O:\repos.external\OpenNT\base\mvdm\softpc.new\host\inc\ppc\prod\cpu_c.h"	"886bc29491f7c54e7210d8a456cda7f935ca279065149c90e109cbbfc16155dc"	"byte-exact-verified"	"unreviewed"	"unreviewed"	""	""	"m0-t276-s1-file-identity-taxonomy-001.md"
"MVDM-FILE-1205"	"softpc.new/host/inc/ppc/prod/cpu4gen.h"	"softpc.new"	"declaration"	"dual-identical"	"O:\repos.external\OpenNT\base\mvdm\softpc.new\host\inc\ppc\prod\cpu4gen.h"	"11aa60613b6d85e24b0b1c747ed7fec595239eee4959e062f9e6c3f3fb63d9f5"	"byte-exact-verified"	"unreviewed"	"unreviewed"	""	""	"m0-t276-s1-file-identity-taxonomy-001.md"
"MVDM-FILE-1206"	"softpc.new/host/inc/ppc/prod/cpuint_c.h"	"softpc.new"	"declaration"	"dual-identical"	"O:\repos.external\OpenNT\base\mvdm\softpc.new\host\inc\ppc\prod\cpuint_c.h"	"b171b9bb51bf810c5e9f839a88a79a6f1eb66c37c4128069fe3e7972da849ede"	"byte-exact-verified"	"unreviewed"	"unreviewed"	""	""	"m0-t276-s1-file-identity-taxonomy-001.md"
"MVDM-FILE-1207"	"softpc.new/host/inc/ppc/prod/evidgen.h"	"softpc.new"	"declaration"	"dual-identical"	"O:\repos.external\OpenNT\base\mvdm\softpc.new\host\inc\ppc\prod\evidgen.h"	"7e429987c49ec9e87ca45394eeddc87c73877e5f95aed73e1bc1d7224d308772"	"byte-exact-verified"	"unreviewed"	"unreviewed"	""	""	"m0-t276-s1-file-identity-taxonomy-001.md"
"MVDM-FILE-1208"	"softpc.new/host/inc/ppc/prod/gdpvar.h"	"softpc.new"	"declaration"	"dual-identical"	"O:\repos.external\OpenNT\base\mvdm\softpc.new\host\inc\ppc\prod\gdpvar.h"	"2eea3e1519eb72cb50ac504855abe2ee81e0145ef588fc771900c5fe2b3b2248"	"byte-exact-verified"	"unreviewed"	"unreviewed"	""	""	"m0-t276-s1-file-identity-taxonomy-001.md"
"MVDM-FILE-1209"	"softpc.new/host/inc/ppc/prod/sas4gen.h"	"softpc.new"	"declaration"	"dual-identical"	"O:\repos.external\OpenNT\base\mvdm\softpc.new\host\inc\ppc\prod\sas4gen.h"	"27fbe4d2cc6b0ff3657b8ffdea1cfcf9622afc851639894c8948c39b5ae0ebf2"	"byte-exact-verified"	"unreviewed"	"unreviewed"	""	""	"m0-t276-s1-file-identity-taxonomy-001.md"
"MVDM-FILE-1210"	"softpc.new/host/inc/sdos_ddi.h"	"softpc.new"	"declaration"	"dual-identical"	"O:\repos.external\OpenNT\base\mvdm\softpc.new\host\inc\sdos_ddi.h"	"c6b1f280ca1a33eadab8509fee4e064b388f4e508355ae9540b3fe1ef0fd10d1"	"byte-exact-verified"	"unreviewed"	"unreviewed"	""	""	"m0-t276-s1-file-identity-taxonomy-001.md"
"MVDM-FILE-1211"	"softpc.new/host/inc/sim32.h"	"softpc.new"	"declaration"	"dual-identical"	"O:\repos.external\OpenNT\base\mvdm\softpc.new\host\inc\sim32.h"	"eeb9a654e53b5934850a6e7fa86fc67b1576ac9f1b9262d87acb5eed42c2fd98"	"byte-exact-verified"	"unreviewed"	"unreviewed"	""	""	"m0-t276-s1-file-identity-taxonomy-001.md"
"MVDM-FILE-1212"	"softpc.new/host/inc/winsigni.h"	"softpc.new"	"declaration"	"dual-identical"	"O:\repos.external\OpenNT\base\mvdm\softpc.new\host\inc\winsigni.h"	"54088b4dcd3e1255852d94eb4beec3dafdfb9f915d20a810624b62179db2c44a"	"byte-exact-verified"	"unreviewed"	"unreviewed"	""	""	"m0-t276-s1-file-identity-taxonomy-001.md"
"MVDM-FILE-1213"	"softpc.new/host/inc/xmsexp.h"	"softpc.new"	"declaration"	"dual-identical"	"O:\repos.external\OpenNT\base\mvdm\softpc.new\host\inc\xmsexp.h"	"4aee7f4219c89043dfd1e5d3c139999524806cefa6e507ebffecd63d9a543072"	"byte-exact-verified"	"unreviewed"	"unreviewed"	""	""	"m0-t276-s1-file-identity-taxonomy-001.md"
"MVDM-FILE-1214"	"softpc.new/host/link/makefile"	"softpc.new"	"resource-or-other"	"dual-identical"	"O:\repos.external\OpenNT\base\mvdm\softpc.new\host\link\makefile"	"26957856e8a7f42a1740419cf3451497129f1d8284301d42f1a89ee13dd5a459"	"byte-exact-verified"	"unreviewed"	"unreviewed"	""	""	"m0-t276-s1-file-identity-taxonomy-001.md"
"MVDM-FILE-1215"	"softpc.new/host/link/nt_uis.h"	"softpc.new"	"declaration"	"dual-identical"	"O:\repos.external\OpenNT\base\mvdm\softpc.new\host\link\nt_uis.h"	"f35de41a225039fa430ef18fc8e311093aea4236b72f65e448d02a35643e426b"	"byte-exact-verified"	"unreviewed"	"unreviewed"	""	""	"m0-t276-s1-file-identity-taxonomy-001.md"
"MVDM-FILE-1216"	"softpc.new/host/link/res.cmd"	"softpc.new"	"resource-or-other"	"dual-identical"	"O:\repos.external\OpenNT\base\mvdm\softpc.new\host\link\res.cmd"	"8c76221725812e8827b156e24272e932ff0312065ae871a6d60eb8cbb2ac9375"	"byte-exact-verified"	"unreviewed"	"unreviewed"	""	""	"m0-t276-s1-file-identity-taxonomy-001.md"
"MVDM-FILE-1217"	"softpc.new/host/link/resource.rc"	"softpc.new"	"resource-or-other"	"dual-identical"	"O:\repos.external\OpenNT\base\mvdm\softpc.new\host\link\resource.rc"	"fbf7f94838571ec486880de4574724fa883580c5ab2ac5eb4463d248c3205369"	"byte-exact-verified"	"unreviewed"	"unreviewed"	""	""	"m0-t276-s1-file-identity-taxonomy-001.md"
"MVDM-FILE-1218"	"softpc.new/host/link/softerr.ico"	"softpc.new"	"resource-or-other"	"dual-identical"	"O:\repos.external\OpenNT\base\mvdm\softpc.new\host\link\softerr.ico"	"d27d263fb667946e4a5320cbebd1b6378659ae31d9f4744311fc581140756f67"	"byte-exact-verified"	"unreviewed"	"unreviewed"	""	""	"m0-t276-s1-file-identity-taxonomy-001.md"
"MVDM-FILE-1219"	"softpc.new/host/link/softpc.def"	"softpc.new"	"resource-or-other"	"dual-identical"	"O:\repos.external\OpenNT\base\mvdm\softpc.new\host\link\softpc.def"	"2dbbe115d93d9d2a25004868450b43568be3e14565fd08314d78e18f658f8ab7"	"byte-exact-verified"	"unreviewed"	"unreviewed"	""	""	"m0-t276-s1-file-identity-taxonomy-001.md"
"MVDM-FILE-1220"	"softpc.new/host/link/softpc.ico"	"softpc.new"	"resource-or-other"	"dual-identical"	"O:\repos.external\OpenNT\base\mvdm\softpc.new\host\link\softpc.ico"	"779a5e682dbecb23e9ea86f94be5591c53b1fe93497f7f0507ecbac4042ebe79"	"byte-exact-verified"	"unreviewed"	"unreviewed"	""	""	"m0-t276-s1-file-identity-taxonomy-001.md"
"MVDM-FILE-1221"	"softpc.new/host/link/sources"	"softpc.new"	"resource-or-other"	"dual-identical"	"O:\repos.external\OpenNT\base\mvdm\softpc.new\host\link\sources"	"559d13e3e33a0dc0da9c60e209017b1f3dc5b1806d0bee4ce928aa488a05b2f5"	"byte-exact-verified"	"unreviewed"	"unreviewed"	""	""	"m0-t276-s1-file-identity-taxonomy-001.md"
"MVDM-FILE-1222"	"softpc.new/host/src/config.c"	"softpc.new"	"source"	"dual-identical"	"O:\repos.external\OpenNT\base\mvdm\softpc.new\host\src\config.c"	"2a87d13d633e62b7bda2d982127feea19b20b5a779ff1e384966c2eb3ce6ddfa"	"byte-exact-verified"	"unreviewed"	"unreviewed"	""	""	"m0-t276-s1-file-identity-taxonomy-001.md"
"MVDM-FILE-1223"	"softpc.new/host/src/copy_fnc.c"	"softpc.new"	"source"	"dual-identical"	"O:\repos.external\OpenNT\base\mvdm\softpc.new\host\src\copy_fnc.c"	"320d697e9969cf146d5b0f94813aa62b501b0eefeff31806b22d463912965518"	"byte-exact-verified"	"unreviewed"	"unreviewed"	""	""	"m0-t276-s1-file-identity-taxonomy-001.md"
"MVDM-FILE-1224"	"softpc.new/host/src/cpucstbs.c"	"softpc.new"	"source"	"dual-identical"	"O:\repos.external\OpenNT\base\mvdm\softpc.new\host\src\cpucstbs.c"	"0e114c6368a616dc87cdf4311aff19d50283e38a51b3f0e3301cbc45487ddaeb"	"byte-exact-verified"	"unreviewed"	"unreviewed"	""	""	"m0-t276-s1-file-identity-taxonomy-001.md"
"MVDM-FILE-1225"	"softpc.new/host/src/fprt.c"	"softpc.new"	"source"	"dual-identical"	"O:\repos.external\OpenNT\base\mvdm\softpc.new\host\src\fprt.c"	"f7918f49be621c55f53c51c9ae6db756ff239768bb886b84fcfe39eeedb65424"	"byte-exact-verified"	"unreviewed"	"unreviewed"	""	""	"m0-t276-s1-file-identity-taxonomy-001.md"
"MVDM-FILE-1226"	"softpc.new/host/src/makefile"	"softpc.new"	"resource-or-other"	"dual-identical"	"O:\repos.external\OpenNT\base\mvdm\softpc.new\host\src\makefile"	"26957856e8a7f42a1740419cf3451497129f1d8284301d42f1a89ee13dd5a459"	"byte-exact-verified"	"unreviewed"	"unreviewed"	""	""	"m0-t276-s1-file-identity-taxonomy-001.md"
"MVDM-FILE-1227"	"softpc.new/host/src/makefile.inc"	"softpc.new"	"declaration"	"dual-identical"	"O:\repos.external\OpenNT\base\mvdm\softpc.new\host\src\makefile.inc"	"edb100e4744d39d208ef88e84a4c25cd4ce018bfb913c4754d6ed1ea3ab6386c"	"byte-exact-verified"	"unreviewed"	"unreviewed"	""	""	"m0-t276-s1-file-identity-taxonomy-001.md"
"MVDM-FILE-1228"	"softpc.new/host/src/nt_aorc.c"	"softpc.new"	"source"	"dual-identical"	"O:\repos.external\OpenNT\base\mvdm\softpc.new\host\src\nt_aorc.c"	"7816128fbd968703f2f7b478b0992902f522f9c6853ca166eb69a904cd965061"	"byte-exact-verified"	"unreviewed"	"unreviewed"	""	""	"m0-t276-s1-file-identity-taxonomy-001.md"
"MVDM-FILE-1229"	"softpc.new/host/src/nt_bop.c"	"softpc.new"	"source"	"dual-identical"	"O:\repos.external\OpenNT\base\mvdm\softpc.new\host\src\nt_bop.c"	"378a34807645277090bf4b38556ea210502f79a898855b649b39d6c4ccc47f66"	"byte-exact-verified"	"unreviewed"	"unreviewed"	""	""	"m0-t276-s1-file-identity-taxonomy-001.md"
"MVDM-FILE-1230"	"softpc.new/host/src/nt_cga.c"	"softpc.new"	"source"	"dual-identical"	"O:\repos.external\OpenNT\base\mvdm\softpc.new\host\src\nt_cga.c"	"ef84222253b20092ab43505ea3232b3c1174833166ebb4880cb378880a967cc7"	"byte-exact-verified"	"unreviewed"	"unreviewed"	""	""	"m0-t276-s1-file-identity-taxonomy-001.md"
"MVDM-FILE-1231"	"softpc.new/host/src/nt_com.c"	"softpc.new"	"source"	"dual-identical"	"O:\repos.external\OpenNT\base\mvdm\softpc.new\host\src\nt_com.c"	"56d39e89f2e077350ad07b77651224a0162314fced5abb498279b486f35afb32"	"byte-exact-verified"	"unreviewed"	"unreviewed"	""	""	"m0-t276-s1-file-identity-taxonomy-001.md"
"MVDM-FILE-1232"	"softpc.new/host/src/nt_cprgs.c"	"softpc.new"	"source"	"dual-identical"	"O:\repos.external\OpenNT\base\mvdm\softpc.new\host\src\nt_cprgs.c"	"cbf9ee8a199d48ee74171b2e23d55bb1e5d019710fdea2a917762739d6a49044"	"byte-exact-verified"	"unreviewed"	"unreviewed"	""	""	"m0-t276-s1-file-identity-taxonomy-001.md"
"MVDM-FILE-1233"	"softpc.new/host/src/nt_cpu.c"	"softpc.new"	"source"	"dual-identical"	"O:\repos.external\OpenNT\base\mvdm\softpc.new\host\src\nt_cpu.c"	"3f77f06e497854b00f58acde8bfe7b5e67af7c5e67174deb579cd76e13f5830f"	"byte-exact-verified"	"unreviewed"	"unreviewed"	""	""	"m0-t276-s1-file-identity-taxonomy-001.md"
"MVDM-FILE-1234"	"softpc.new/host/src/nt_det.c"	"softpc.new"	"source"	"dual-identical"	"O:\repos.external\OpenNT\base\mvdm\softpc.new\host\src\nt_det.c"	"c58d15d58672440bf94e015f61a10b43311e601ae150dae5b1559f2399f9dadc"	"byte-exact-verified"	"unreviewed"	"unreviewed"	""	""	"m0-t276-s1-file-identity-taxonomy-001.md"
"MVDM-FILE-1235"	"softpc.new/host/src/nt_ega.c"	"softpc.new"	"source"	"dual-identical"	"O:\repos.external\OpenNT\base\mvdm\softpc.new\host\src\nt_ega.c"	"ebc58583cec7e257a997185a1ab83f3284dbd1efe6e06c99f680bcce93dca695"	"byte-exact-verified"	"unreviewed"	"unreviewed"	""	""	"m0-t276-s1-file-identity-taxonomy-001.md"
"MVDM-FILE-1236"	"softpc.new/host/src/nt_emm.c"	"softpc.new"	"source"	"dual-identical"	"O:\repos.external\OpenNT\base\mvdm\softpc.new\host\src\nt_emm.c"	"d51310af362e60023feb59c89afb21ff6fae8e1bb74ae8614231f4ec3a001729"	"byte-exact-verified"	"unreviewed"	"unreviewed"	""	""	"m0-t276-s1-file-identity-taxonomy-001.md"
"MVDM-FILE-1237"	"softpc.new/host/src/nt_eoi.c"	"softpc.new"	"source"	"dual-identical"	"O:\repos.external\OpenNT\base\mvdm\softpc.new\host\src\nt_eoi.c"	"f6a898050e894de0a2c17d11ecf502b0d13ed4c2d58766175063ca0246ec2db5"	"byte-exact-verified"	"unreviewed"	"unreviewed"	""	""	"m0-t276-s1-file-identity-taxonomy-001.md"
"MVDM-FILE-1238"	"softpc.new/host/src/nt_error.c"	"softpc.new"	"source"	"dual-identical"	"O:\repos.external\OpenNT\base\mvdm\softpc.new\host\src\nt_error.c"	"3305eaabac76e039dfe80aa0f2e15c48433edd95a74615e5db55b97d2b393228"	"byte-exact-verified"	"unreviewed"	"unreviewed"	""	""	"m0-t276-s1-file-identity-taxonomy-001.md"
"MVDM-FILE-1239"	"softpc.new/host/src/nt_ertbl.c"	"softpc.new"	"source"	"dual-identical"	"O:\repos.external\OpenNT\base\mvdm\softpc.new\host\src\nt_ertbl.c"	"3a41bbce47258534e4375615a960048a97143a2353aa5946de13c8f870dc572f"	"byte-exact-verified"	"unreviewed"	"unreviewed"	""	""	"m0-t276-s1-file-identity-taxonomy-001.md"
"MVDM-FILE-1240"	"softpc.new/host/src/nt_event.c"	"softpc.new"	"source"	"dual-identical"	"O:\repos.external\OpenNT\base\mvdm\softpc.new\host\src\nt_event.c"	"7f555a87ba029627d6811c0f7b96964bb8a96af90c60c89012975a4ac5442076"	"byte-exact-verified"	"unreviewed"	"unreviewed"	""	""	"m0-t276-s1-file-identity-taxonomy-001.md"
"MVDM-FILE-1241"	"softpc.new/host/src/nt_fdisk.c"	"softpc.new"	"source"	"dual-identical"	"O:\repos.external\OpenNT\base\mvdm\softpc.new\host\src\nt_fdisk.c"	"f4cca0215e2ff4f49113fe95a26529854b712e096af1c3cc54536061808c4867"	"byte-exact-verified"	"unreviewed"	"unreviewed"	""	""	"m0-t276-s1-file-identity-taxonomy-001.md"
"MVDM-FILE-1242"	"softpc.new/host/src/nt_fulsc.c"	"softpc.new"	"source"	"dual-identical"	"O:\repos.external\OpenNT\base\mvdm\softpc.new\host\src\nt_fulsc.c"	"e7dc683be45a04b63d783ae91263f55d50bf41aac480d7bac1a302f19205934c"	"byte-exact-verified"	"unreviewed"	"unreviewed"	""	""	"m0-t276-s1-file-identity-taxonomy-001.md"
"MVDM-FILE-1243"	"softpc.new/host/src/nt_graph.c"	"softpc.new"	"source"	"dual-identical"	"O:\repos.external\OpenNT\base\mvdm\softpc.new\host\src\nt_graph.c"	"e08e6414c0261656b67a97f839256ee4ba6565f84ce6799197f92b98436131d9"	"byte-exact-verified"	"unreviewed"	"unreviewed"	""	""	"m0-t276-s1-file-identity-taxonomy-001.md"
"MVDM-FILE-1244"	"softpc.new/host/src/nt_hfx.c"	"softpc.new"	"source"	"dual-identical"	"O:\repos.external\OpenNT\base\mvdm\softpc.new\host\src\nt_hfx.c"	"61514c95e1a9f3a3e491a262aff92c1d2e1f5dfb73dbc607fd1ee29f0359c371"	"byte-exact-verified"	"unreviewed"	"unreviewed"	""	""	"m0-t276-s1-file-identity-taxonomy-001.md"
"MVDM-FILE-1245"	"softpc.new/host/src/nt_hosts.c"	"softpc.new"	"source"	"dual-identical"	"O:\repos.external\OpenNT\base\mvdm\softpc.new\host\src\nt_hosts.c"	"9840cb53a0298fdf7f9d27ade387c57659e3c57afbe587cfdf63fbdbafe8c41d"	"byte-exact-verified"	"unreviewed"	"unreviewed"	""	""	"m0-t276-s1-file-identity-taxonomy-001.md"
"MVDM-FILE-1246"	"softpc.new/host/src/nt_hunt.c"	"softpc.new"	"source"	"dual-identical"	"O:\repos.external\OpenNT\base\mvdm\softpc.new\host\src\nt_hunt.c"	"6aeb2ba2efad017d65184d3fc32c09e0587bd02def267cc4fecfeca1c1715ad7"	"byte-exact-verified"	"unreviewed"	"unreviewed"	""	""	"m0-t276-s1-file-identity-taxonomy-001.md"
"MVDM-FILE-1247"	"softpc.new/host/src/nt_input.c"	"softpc.new"	"source"	"dual-identical"	"O:\repos.external\OpenNT\base\mvdm\softpc.new\host\src\nt_input.c"	"9f54d1ed5c7074ba753b31daf28a42231598107e9a779381e94b91a25218e8f7"	"byte-exact-verified"	"unreviewed"	"unreviewed"	""	""	"m0-t276-s1-file-identity-taxonomy-001.md"
"MVDM-FILE-1248"	"softpc.new/host/src/nt_inthk.c"	"softpc.new"	"source"	"dual-identical"	"O:\repos.external\OpenNT\base\mvdm\softpc.new\host\src\nt_inthk.c"	"a3465d006a88549ce5fd52ac3f8d9c0dcf1f2b2c6825f35db3d2dc683fbc7abe"	"byte-exact-verified"	"unreviewed"	"unreviewed"	""	""	"m0-t276-s1-file-identity-taxonomy-001.md"
"MVDM-FILE-1249"	"softpc.new/host/src/nt_keycd.c"	"softpc.new"	"source"	"dual-identical"	"O:\repos.external\OpenNT\base\mvdm\softpc.new\host\src\nt_keycd.c"	"4de067c013b25120a09ec7d7a0bb5f0fe16eaba59b665aadbcf891cdfba0caef"	"byte-exact-verified"	"unreviewed"	"unreviewed"	""	""	"m0-t276-s1-file-identity-taxonomy-001.md"
"MVDM-FILE-1250"	"softpc.new/host/src/nt_lpt.c"	"softpc.new"	"source"	"dual-identical"	"O:\repos.external\OpenNT\base\mvdm\softpc.new\host\src\nt_lpt.c"	"fba617ebdccda8f0cfae4541338d463352e7de3a3e97c3dcf7804fa7eed67ae8"	"byte-exact-verified"	"unreviewed"	"unreviewed"	""	""	"m0-t276-s1-file-identity-taxonomy-001.md"
"MVDM-FILE-1251"	"softpc.new/host/src/nt_mem.c"	"softpc.new"	"source"	"dual-identical"	"O:\repos.external\OpenNT\base\mvdm\softpc.new\host\src\nt_mem.c"	"55832ee249e18683e6d80c582ac8dff47318a5d467d1b1017777fc961bdccf5e"	"byte-exact-verified"	"unreviewed"	"unreviewed"	""	""	"m0-t276-s1-file-identity-taxonomy-001.md"
"MVDM-FILE-1252"	"softpc.new/host/src/nt_mess.c"	"softpc.new"	"source"	"dual-identical"	"O:\repos.external\OpenNT\base\mvdm\softpc.new\host\src\nt_mess.c"	"00855ddb83164e8e20d8edc482f48ff403c42d2808d4d951081facb335550a83"	"byte-exact-verified"	"unreviewed"	"unreviewed"	""	""	"m0-t276-s1-file-identity-taxonomy-001.md"
"MVDM-FILE-1253"	"softpc.new/host/src/nt_mouse.c"	"softpc.new"	"source"	"dual-identical"	"O:\repos.external\OpenNT\base\mvdm\softpc.new\host\src\nt_mouse.c"	"a73c0572fa1e44326d26b2f4d47c15bff768b031fca16dcfd789a35e65e0e48b"	"byte-exact-verified"	"unreviewed"	"unreviewed"	""	""	"m0-t276-s1-file-identity-taxonomy-001.md"
"MVDM-FILE-1254"	"softpc.new/host/src/nt_msscs.c"	"softpc.new"	"source"	"dual-identical"	"O:\repos.external\OpenNT\base\mvdm\softpc.new\host\src\nt_msscs.c"	"96ee0fb677da9f35811f9dc1715d583474ce72bba9fa91f5eb2d5f6ab242b0c3"	"byte-exact-verified"	"unreviewed"	"unreviewed"	""	""	"m0-t276-s1-file-identity-taxonomy-001.md"
"MVDM-FILE-1255"	"softpc.new/host/src/nt_munge.c"	"softpc.new"	"source"	"dual-identical"	"O:\repos.external\OpenNT\base\mvdm\softpc.new\host\src\nt_munge.c"	"3d4d9557f0c055db81d54e320150898f93addc5808c9562e4f7ebd94f9c51061"	"byte-exact-verified"	"unreviewed"	"unreviewed"	""	""	"m0-t276-s1-file-identity-taxonomy-001.md"
"MVDM-FILE-1256"	"softpc.new/host/src/nt_nls.c"	"softpc.new"	"source"	"dual-identical"	"O:\repos.external\OpenNT\base\mvdm\softpc.new\host\src\nt_nls.c"	"6cef4fc4adf6ce81f42cfa4ebfa9c1edb153a3ce651a69321f5b5022a9b6fa06"	"byte-exact-verified"	"unreviewed"	"unreviewed"	""	""	"m0-t276-s1-file-identity-taxonomy-001.md"
"MVDM-FILE-1257"	"softpc.new/host/src/nt_ntfun.c"	"softpc.new"	"source"	"dual-identical"	"O:\repos.external\OpenNT\base\mvdm\softpc.new\host\src\nt_ntfun.c"	"c2beca20761b59db5f8aede5f80e48d15ffd05cc0c81d1e0e5e017041ae01e63"	"byte-exact-verified"	"unreviewed"	"unreviewed"	""	""	"m0-t276-s1-file-identity-taxonomy-001.md"
"MVDM-FILE-1258"	"softpc.new/host/src/nt_pif.c"	"softpc.new"	"source"	"dual-identical"	"O:\repos.external\OpenNT\base\mvdm\softpc.new\host\src\nt_pif.c"	"4ae2c1d2c4a66dc63c9b2ddd673fcae067f2fbdab953dc8d96aecfcf03c262bc"	"byte-exact-verified"	"unreviewed"	"unreviewed"	""	""	"m0-t276-s1-file-identity-taxonomy-001.md"
"MVDM-FILE-1259"	"softpc.new/host/src/nt_reset.c"	"softpc.new"	"source"	"dual-identical"	"O:\repos.external\OpenNT\base\mvdm\softpc.new\host\src\nt_reset.c"	"9aa8120237ffa104c87318ef39747a0e66c28bf56bfe9af03511bddf13f11b47"	"byte-exact-verified"	"unreviewed"	"unreviewed"	""	""	"m0-t276-s1-file-identity-taxonomy-001.md"
"MVDM-FILE-1260"	"softpc.new/host/src/nt_rez.c"	"softpc.new"	"source"	"dual-identical"	"O:\repos.external\OpenNT\base\mvdm\softpc.new\host\src\nt_rez.c"	"12a6486b8cf81e2469b1acd7f9e9d03cada6b4690fad03ea171941802f0945fc"	"byte-exact-verified"	"unreviewed"	"unreviewed"	""	""	"m0-t276-s1-file-identity-taxonomy-001.md"
"MVDM-FILE-1261"	"softpc.new/host/src/nt_rflop.c"	"softpc.new"	"source"	"dual-identical"	"O:\repos.external\OpenNT\base\mvdm\softpc.new\host\src\nt_rflop.c"	"22c82627bf993ac4fd072ad1bb7d4f62000b60889e6955e83f5f676ac5bd7a29"	"byte-exact-verified"	"unreviewed"	"unreviewed"	""	""	"m0-t276-s1-file-identity-taxonomy-001.md"
"MVDM-FILE-1262"	"softpc.new/host/src/nt_sas.c"	"softpc.new"	"source"	"dual-identical"	"O:\repos.external\OpenNT\base\mvdm\softpc.new\host\src\nt_sas.c"	"077663754025071c48ec5f0bfebbcf07e1a6bcc240153b40545ef6f3c59c8344"	"byte-exact-verified"	"unreviewed"	"unreviewed"	""	""	"m0-t276-s1-file-identity-taxonomy-001.md"
"MVDM-FILE-1263"	"softpc.new/host/src/nt_sec.c"	"softpc.new"	"source"	"dual-identical"	"O:\repos.external\OpenNT\base\mvdm\softpc.new\host\src\nt_sec.c"	"2ba1facf8d0c0a00c71f78dfb1fc8e2d001b699e2659465044a94738b637c9bd"	"byte-exact-verified"	"unreviewed"	"unreviewed"	""	""	"m0-t276-s1-file-identity-taxonomy-001.md"
"MVDM-FILE-1264"	"softpc.new/host/src/nt_smenu.c"	"softpc.new"	"source"	"dual-identical"	"O:\repos.external\OpenNT\base\mvdm\softpc.new\host\src\nt_smenu.c"	"1f46c184b1b6eba70da8f35826dbdfd4f67f4baa172b6c0081ea7f2ca3e0d960"	"byte-exact-verified"	"unreviewed"	"unreviewed"	""	""	"m0-t276-s1-file-identity-taxonomy-001.md"
"MVDM-FILE-1265"	"softpc.new/host/src/nt_sound.c"	"softpc.new"	"source"	"dual-identical"	"O:\repos.external\OpenNT\base\mvdm\softpc.new\host\src\nt_sound.c"	"19e602c67a87241daf66e8613f4897d632acc7c6765f74c2b1eb09cf080e53f6"	"byte-exact-verified"	"unreviewed"	"unreviewed"	""	""	"m0-t276-s1-file-identity-taxonomy-001.md"
"MVDM-FILE-1266"	"softpc.new/host/src/nt_term.c"	"softpc.new"	"source"	"dual-identical"	"O:\repos.external\OpenNT\base\mvdm\softpc.new\host\src\nt_term.c"	"ad5c8c0d28944ea163df5738ed03ca7e19415cca02884083ed69fa98667149be"	"byte-exact-verified"	"unreviewed"	"unreviewed"	""	""	"m0-t276-s1-file-identity-taxonomy-001.md"
"MVDM-FILE-1267"	"softpc.new/host/src/nt_thred.c"	"softpc.new"	"source"	"dual-identical"	"O:\repos.external\OpenNT\base\mvdm\softpc.new\host\src\nt_thred.c"	"776330ea072cfd005ea05968dc676634385d1c9f349bd71ba1667ecd3be68438"	"byte-exact-verified"	"unreviewed"	"unreviewed"	""	""	"m0-t276-s1-file-identity-taxonomy-001.md"
"MVDM-FILE-1268"	"softpc.new/host/src/nt_timer.c"	"softpc.new"	"source"	"dual-identical"	"O:\repos.external\OpenNT\base\mvdm\softpc.new\host\src\nt_timer.c"	"10ea0d5a6de6466e7e9af8efd89c3a77a78077cd38e05332a416a404b655ab33"	"byte-exact-verified"	"unreviewed"	"unreviewed"	""	""	"m0-t276-s1-file-identity-taxonomy-001.md"
"MVDM-FILE-1269"	"softpc.new/host/src/nt_umb.c"	"softpc.new"	"source"	"dual-identical"	"O:\repos.external\OpenNT\base\mvdm\softpc.new\host\src\nt_umb.c"	"2a109f11985507463797e60b8b19fc12441bd18278b1444dde581cc351de72ed"	"byte-exact-verified"	"unreviewed"	"unreviewed"	""	""	"m0-t276-s1-file-identity-taxonomy-001.md"
"MVDM-FILE-1270"	"softpc.new/host/src/nt_unix.c"	"softpc.new"	"source"	"dual-identical"	"O:\repos.external\OpenNT\base\mvdm\softpc.new\host\src\nt_unix.c"	"f2ab1f40420a0928884cf524305a9b87b8c65b0c3440ab97367aa1cbce6417a7"	"byte-exact-verified"	"unreviewed"	"unreviewed"	""	""	"m0-t276-s1-file-identity-taxonomy-001.md"
"MVDM-FILE-1271"	"softpc.new/host/src/nt_vdd.c"	"softpc.new"	"source"	"dual-identical"	"O:\repos.external\OpenNT\base\mvdm\softpc.new\host\src\nt_vdd.c"	"cb97f2c233b1062dae7942dfa3b2bc84d9f21b9d6527f6c993a99137c2c845e3"	"byte-exact-verified"	"unreviewed"	"unreviewed"	""	""	"m0-t276-s1-file-identity-taxonomy-001.md"
"MVDM-FILE-1272"	"softpc.new/host/src/nt_vflop.c"	"softpc.new"	"source"	"dual-identical"	"O:\repos.external\OpenNT\base\mvdm\softpc.new\host\src\nt_vflop.c"	"b2766665ecd787cdc9dbabab3c44f25fcd6185d90b221cdd201a159dd77a339d"	"byte-exact-verified"	"unreviewed"	"unreviewed"	""	""	"m0-t276-s1-file-identity-taxonomy-001.md"
"MVDM-FILE-1273"	"softpc.new/host/src/nt_vga.c"	"softpc.new"	"source"	"dual-identical"	"O:\repos.external\OpenNT\base\mvdm\softpc.new\host\src\nt_vga.c"	"81db9f2e415e58c21b0a10110d03d0f16532c2150aba84feb2cab8f74627ee6d"	"byte-exact-verified"	"unreviewed"	"unreviewed"	""	""	"m0-t276-s1-file-identity-taxonomy-001.md"
"MVDM-FILE-1274"	"softpc.new/host/src/nt_wcom.c"	"softpc.new"	"source"	"dual-identical"	"O:\repos.external\OpenNT\base\mvdm\softpc.new\host\src\nt_wcom.c"	"18c709bc88c37de4d9323101d528af0ec23a5e7e7b6942a1d2a1a9e7ded111a8"	"byte-exact-verified"	"unreviewed"	"unreviewed"	""	""	"m0-t276-s1-file-identity-taxonomy-001.md"
"MVDM-FILE-1275"	"softpc.new/host/src/nt_yoda.c"	"softpc.new"	"source"	"dual-identical"	"O:\repos.external\OpenNT\base\mvdm\softpc.new\host\src\nt_yoda.c"	"2ec898da6746f0992020845bde73a30edaf7cdd5c744559501eb9cbaa000df0a"	"byte-exact-verified"	"unreviewed"	"unreviewed"	""	""	"m0-t276-s1-file-identity-taxonomy-001.md"
"MVDM-FILE-1276"	"softpc.new/host/src/sim32.c"	"softpc.new"	"source"	"dual-identical"	"O:\repos.external\OpenNT\base\mvdm\softpc.new\host\src\sim32.c"	"1f634b9d6c09d0f767a90ec9e577817800a07dc353cffa433ca2e0268d2cd42f"	"byte-exact-verified"	"unreviewed"	"unreviewed"	""	""	"m0-t276-s1-file-identity-taxonomy-001.md"
"MVDM-FILE-1277"	"softpc.new/host/src/sources"	"softpc.new"	"resource-or-other"	"dual-identical"	"O:\repos.external\OpenNT\base\mvdm\softpc.new\host\src\sources"	"a6c0b2b3dc29151d6a760335d607114835490b1d2fe67e04e5f5c68865dab7e7"	"byte-exact-verified"	"unreviewed"	"unreviewed"	""	""	"m0-t276-s1-file-identity-taxonomy-001.md"
"MVDM-FILE-1278"	"softpc.new/host/src/stf_conf.c"	"softpc.new"	"source"	"dual-identical"	"O:\repos.external\OpenNT\base\mvdm\softpc.new\host\src\stf_conf.c"	"dd83e6774b349f81b02abb625df4fdcfe943647144bf054422f9f671d1bf05f4"	"byte-exact-verified"	"unreviewed"	"unreviewed"	""	""	"m0-t276-s1-file-identity-taxonomy-001.md"
"MVDM-FILE-1279"	"softpc.new/host/src/stubs.c"	"softpc.new"	"source"	"dual-identical"	"O:\repos.external\OpenNT\base\mvdm\softpc.new\host\src\stubs.c"	"c1821a3738bbee78293a47262cb8df14e68043cfd6b4092b7fa56bdb01c6d991"	"byte-exact-verified"	"unreviewed"	"unreviewed"	""	""	"m0-t276-s1-file-identity-taxonomy-001.md"
"MVDM-FILE-1280"	"softpc.new/host/src/x86_emm.c"	"softpc.new"	"source"	"dual-identical"	"O:\repos.external\OpenNT\base\mvdm\softpc.new\host\src\x86_emm.c"	"117d119314787e09b853e05de0e35bb6935fb2d763f4fec7eef6b1d804e3d189"	"byte-exact-verified"	"unreviewed"	"unreviewed"	""	""	"m0-t276-s1-file-identity-taxonomy-001.md"
"MVDM-FILE-1281"	"softpc.new/obj.vdm/c_regs.c"	"softpc.new"	"source"	"dual-identical"	"O:\repos.external\OpenNT\base\mvdm\softpc.new\obj.vdm\c_regs.c"	"9ab5185cd9d8a3ca163bf4654321c31c73adcf3127bc574a3a4574cc1366de95"	"byte-exact-verified"	"unreviewed"	"unreviewed"	""	""	"m0-t276-s1-file-identity-taxonomy-001.md"
"MVDM-FILE-1282"	"softpc.new/obj.vdm/cdefine.inc"	"softpc.new"	"declaration"	"dual-identical"	"O:\repos.external\OpenNT\base\mvdm\softpc.new\obj.vdm\cdefine.inc"	"a5cc355bfab633968217c85a4bb210f684039e08e7784578800c672f65772f14"	"byte-exact-verified"	"unreviewed"	"unreviewed"	""	""	"m0-t276-s1-file-identity-taxonomy-001.md"
"MVDM-FILE-1283"	"softpc.new/obj.vdm/makefile"	"softpc.new"	"resource-or-other"	"dual-identical"	"O:\repos.external\OpenNT\base\mvdm\softpc.new\obj.vdm\makefile"	"26957856e8a7f42a1740419cf3451497129f1d8284301d42f1a89ee13dd5a459"	"byte-exact-verified"	"unreviewed"	"unreviewed"	""	""	"m0-t276-s1-file-identity-taxonomy-001.md"
"MVDM-FILE-1284"	"softpc.new/obj.vdm/makefile.std"	"softpc.new"	"resource-or-other"	"dual-identical"	"O:\repos.external\OpenNT\base\mvdm\softpc.new\obj.vdm\makefile.std"	"26957856e8a7f42a1740419cf3451497129f1d8284301d42f1a89ee13dd5a459"	"byte-exact-verified"	"unreviewed"	"unreviewed"	""	""	"m0-t276-s1-file-identity-taxonomy-001.md"
"MVDM-FILE-1285"	"softpc.new/obj.vdm/ntvdm.c"	"softpc.new"	"source"	"dual-identical"	"O:\repos.external\OpenNT\base\mvdm\softpc.new\obj.vdm\ntvdm.c"	"693a169cf1e91435c326ee05a17c928e85af10982c2c3bb95a5631ae76415a0a"	"byte-exact-verified"	"unreviewed"	"unreviewed"	""	""	"m0-t276-s1-file-identity-taxonomy-001.md"
"MVDM-FILE-1286"	"softpc.new/obj.vdm/ntvdm.prf"	"softpc.new"	"resource-or-other"	"dual-identical"	"O:\repos.external\OpenNT\base\mvdm\softpc.new\obj.vdm\ntvdm.prf"	"00d94378f996edd8703f884524398d73f7bfddb0e5abbc0ca23633471559937b"	"byte-exact-verified"	"unreviewed"	"unreviewed"	""	""	"m0-t276-s1-file-identity-taxonomy-001.md"
"MVDM-FILE-1287"	"softpc.new/obj.vdm/ntvdm.src"	"softpc.new"	"resource-or-other"	"dual-identical"	"O:\repos.external\OpenNT\base\mvdm\softpc.new\obj.vdm\ntvdm.src"	"d47400179c1388b58fb8eaec8331c6eea16ee548bba10e7afbe588e9549bd0bc"	"byte-exact-verified"	"unreviewed"	"unreviewed"	""	""	"m0-t276-s1-file-identity-taxonomy-001.md"
"MVDM-FILE-1288"	"softpc.new/obj.vdm/resource.rc"	"softpc.new"	"resource-or-other"	"dual-identical"	"O:\repos.external\OpenNT\base\mvdm\softpc.new\obj.vdm\resource.rc"	"3e3ac9b1001127e3900c1ba5a2309c28aaa97ecf2882fa6f4e9f20e600a26d8d"	"byte-exact-verified"	"unreviewed"	"unreviewed"	""	""	"m0-t276-s1-file-identity-taxonomy-001.md"
"MVDM-FILE-1289"	"softpc.new/obj.vdm/sources"	"softpc.new"	"resource-or-other"	"dual-identical"	"O:\repos.external\OpenNT\base\mvdm\softpc.new\obj.vdm\sources"	"f80c0d8513ea68500c792674d05dee7f42f1f76aed98f4f5ca6bc409ffd61f3e"	"byte-exact-verified"	"unreviewed"	"unreviewed"	""	""	"m0-t276-s1-file-identity-taxonomy-001.md"
"MVDM-FILE-1290"	"softpc.new/rename/rename.c"	"softpc.new"	"source"	"dual-identical"	"O:\repos.external\OpenNT\base\mvdm\softpc.new\rename\rename.c"	"7064e2516d6a43ba9a35badc45d09e16524b22f70362110f9a3526be028501e7"	"byte-exact-verified"	"unreviewed"	"unreviewed"	""	""	"m0-t276-s1-file-identity-taxonomy-001.md"
"MVDM-FILE-1291"	"softpc.new/rename/sources"	"softpc.new"	"resource-or-other"	"dual-identical"	"O:\repos.external\OpenNT\base\mvdm\softpc.new\rename\sources"	"914aa62ec2676f1d07d07b05c3c33c90ce0134c5c9ae3dcd1cd0b21fd1e21e46"	"byte-exact-verified"	"unreviewed"	"unreviewed"	""	""	"m0-t276-s1-file-identity-taxonomy-001.md"
"MVDM-FILE-1292"	"softpc.new/roms/bios1.asm"	"softpc.new"	"source"	"dual-identical"	"O:\repos.external\OpenNT\base\mvdm\softpc.new\roms\bios1.asm"	"622c4fc85b997c64256cfce22951fe7d705af0fa33adfbd349e0cd8a41fe82d9"	"byte-exact-verified"	"unreviewed"	"unreviewed"	""	""	"m0-t276-s1-file-identity-taxonomy-001.md"
"MVDM-FILE-1293"	"softpc.new/roms/bios1.rom"	"softpc.new"	"resource-or-other"	"dual-identical"	"O:\repos.external\OpenNT\base\mvdm\softpc.new\roms\bios1.rom"	"1ce33544249fef59865b91308faf60f354563cf854f80eb196d47c968899a574"	"byte-exact-verified"	"unreviewed"	"unreviewed"	""	""	"m0-t276-s1-file-identity-taxonomy-001.md"
"MVDM-FILE-1294"	"softpc.new/roms/bios2.rom"	"softpc.new"	"resource-or-other"	"dual-identical"	"O:\repos.external\OpenNT\base\mvdm\softpc.new\roms\bios2.rom"	"6bf8bdc71a77ae6a089f4d2bfac15f31c0ff7feb9d476136f5ca2f8d64972838"	"byte-exact-verified"	"unreviewed"	"unreviewed"	""	""	"m0-t276-s1-file-identity-taxonomy-001.md"
"MVDM-FILE-1295"	"softpc.new/roms/bios4.asm"	"softpc.new"	"source"	"dual-identical"	"O:\repos.external\OpenNT\base\mvdm\softpc.new\roms\bios4.asm"	"e8e03f141c87563b2526555c8070e2d256bd1a3d570f64e287ffd1835ae1dffb"	"byte-exact-verified"	"unreviewed"	"unreviewed"	""	""	"m0-t276-s1-file-identity-taxonomy-001.md"
"MVDM-FILE-1296"	"softpc.new/roms/bios4.rom"	"softpc.new"	"resource-or-other"	"dual-identical"	"O:\repos.external\OpenNT\base\mvdm\softpc.new\roms\bios4.rom"	"b09fdff1a500971d54233378ce9c36f1b6a58bf577e4a544da03a0d78d7e0d6f"	"byte-exact-verified"	"unreviewed"	"unreviewed"	""	""	"m0-t276-s1-file-identity-taxonomy-001.md"
"MVDM-FILE-1297"	"softpc.new/roms/cmos.ram"	"softpc.new"	"resource-or-other"	"dual-identical"	"O:\repos.external\OpenNT\base\mvdm\softpc.new\roms\cmos.ram"	"97fca7adb543bdac4e571185a3f37c17a30a6ad937e0817048d965a850edddd9"	"byte-exact-verified"	"unreviewed"	"unreviewed"	""	""	"m0-t276-s1-file-identity-taxonomy-001.md"
"MVDM-FILE-1298"	"softpc.new/roms/profile.spc"	"softpc.new"	"resource-or-other"	"dual-identical"	"O:\repos.external\OpenNT\base\mvdm\softpc.new\roms\profile.spc"	"c35020473aed1b4642cd726cad727b63fff2824ad68cedd7ffb73c7cbd890479"	"byte-exact-verified"	"unreviewed"	"unreviewed"	""	""	"m0-t276-s1-file-identity-taxonomy-001.md"
"MVDM-FILE-1299"	"softpc.new/roms/v7vga.rom"	"softpc.new"	"resource-or-other"	"dual-identical"	"O:\repos.external\OpenNT\base\mvdm\softpc.new\roms\v7vga.rom"	"970f105cd9e42ee56f07aae695bac89786d3455ab9d4c1ea9a1d1643b1e8f6f0"	"byte-exact-verified"	"unreviewed"	"unreviewed"	""	""	"m0-t276-s1-file-identity-taxonomy-001.md"
"MVDM-FILE-1300"	"suballoc/debug.c"	"suballoc"	"source"	"dual-identical"	"O:\repos.external\OpenNT\base\mvdm\suballoc\debug.c"	"e3b0c44298fc1c149afbf4c8996fb92427ae41e4649b934ca495991b7852b855"	"byte-exact-verified"	"unreviewed"	"unreviewed"	""	""	"m0-t276-s1-file-identity-taxonomy-001.md"
"MVDM-FILE-1301"	"suballoc/foo.bar"	"suballoc"	"resource-or-other"	"dual-identical"	"O:\repos.external\OpenNT\base\mvdm\suballoc\foo.bar"	"0350c8ad182e081c6106cd75a56b7f8e18b07445d0668835485a55761463a905"	"byte-exact-verified"	"unreviewed"	"unreviewed"	""	""	"m0-t276-s1-file-identity-taxonomy-001.md"
"MVDM-FILE-1302"	"suballoc/makefile"	"suballoc"	"resource-or-other"	"dual-identical"	"O:\repos.external\OpenNT\base\mvdm\suballoc\makefile"	"26957856e8a7f42a1740419cf3451497129f1d8284301d42f1a89ee13dd5a459"	"byte-exact-verified"	"unreviewed"	"unreviewed"	""	""	"m0-t276-s1-file-identity-taxonomy-001.md"
"MVDM-FILE-1303"	"suballoc/sources"	"suballoc"	"resource-or-other"	"dual-identical"	"O:\repos.external\OpenNT\base\mvdm\suballoc\sources"	"fabb2241cea80f81921560057b26186d188fa5e61a097e387b41a5a690ce4e81"	"byte-exact-verified"	"unreviewed"	"unreviewed"	""	""	"m0-t276-s1-file-identity-taxonomy-001.md"
"MVDM-FILE-1304"	"suballoc/suballcp.h"	"suballoc"	"declaration"	"dual-identical"	"O:\repos.external\OpenNT\base\mvdm\suballoc\suballcp.h"	"25451aa0c293f3950107e81d81507e692e3db7b089655ceac320e4f3779fadb2"	"byte-exact-verified"	"unreviewed"	"unreviewed"	""	""	"m0-t276-s1-file-identity-taxonomy-001.md"
"MVDM-FILE-1305"	"suballoc/suballoc.c"	"suballoc"	"source"	"dual-identical"	"O:\repos.external\OpenNT\base\mvdm\suballoc\suballoc.c"	"b06496e16d551f2bbac37d896b61857c6569eda8c98fb3d26dbf574e594148e0"	"byte-exact-verified"	"unreviewed"	"unreviewed"	""	""	"m0-t276-s1-file-identity-taxonomy-001.md"
"MVDM-FILE-1306"	"suballoc/suballoc.txt"	"suballoc"	"resource-or-other"	"dual-identical"	"O:\repos.external\OpenNT\base\mvdm\suballoc\suballoc.txt"	"5f8ef01da1307cb393db9c2e6dbaa505d2dc14abc2625d0cafa39695c12c6cf7"	"byte-exact-verified"	"unreviewed"	"unreviewed"	""	""	"m0-t276-s1-file-identity-taxonomy-001.md"
"MVDM-FILE-1307"	"suballoc/tsa.c"	"suballoc"	"source"	"dual-identical"	"O:\repos.external\OpenNT\base\mvdm\suballoc\tsa.c"	"e039bae08563e26670168eb64d332408256e89d9d3e9e2a719a8894a5e57a7e6"	"byte-exact-verified"	"unreviewed"	"unreviewed"	""	""	"m0-t276-s1-file-identity-taxonomy-001.md"
"MVDM-FILE-1308"	"v86/dirs"	"v86"	"resource-or-other"	"dual-identical"	"O:\repos.external\OpenNT\base\mvdm\v86\dirs"	"7bd56008991d8bcaf35a005b57c3afd9f64e81d650657f62bfde0a4cff62b80d"	"byte-exact-verified"	"unreviewed"	"unreviewed"	""	""	"m0-t276-s1-file-identity-taxonomy-001.md"
"MVDM-FILE-1309"	"v86/monitor/i386/fastpm.asm"	"v86"	"source"	"dual-identical"	"O:\repos.external\OpenNT\base\mvdm\v86\monitor\i386\fastpm.asm"	"66f6f8090d10d498a5666a42fc81f4229d80d196c211fa8785434a1352cbfd6e"	"byte-exact-verified"	"unreviewed"	"unreviewed"	""	""	"m0-t276-s1-file-identity-taxonomy-001.md"
"MVDM-FILE-1310"	"v86/monitor/i386/int.c"	"v86"	"source"	"dual-identical"	"O:\repos.external\OpenNT\base\mvdm\v86\monitor\i386\int.c"	"e9284fc1b320f2aef47a0f0409b004244f9fb8a5a989fba8fb321880dcc4f0ae"	"byte-exact-verified"	"unreviewed"	"unreviewed"	""	""	"m0-t276-s1-file-identity-taxonomy-001.md"
"MVDM-FILE-1311"	"v86/monitor/i386/monitor.c"	"v86"	"source"	"dual-identical"	"O:\repos.external\OpenNT\base\mvdm\v86\monitor\i386\monitor.c"	"80e97a535ae7760089b2ee9fad8f6ae8202936240f7bc47c17227611aa0268b6"	"byte-exact-verified"	"unreviewed"	"unreviewed"	""	""	"m0-t276-s1-file-identity-taxonomy-001.md"
"MVDM-FILE-1312"	"v86/monitor/i386/monitorp.h"	"v86"	"declaration"	"dual-identical"	"O:\repos.external\OpenNT\base\mvdm\v86\monitor\i386\monitorp.h"	"14ada47a1ce1c9a5ea7d5a0d349382749e85824c1d56cc4e2233d177eded024f"	"byte-exact-verified"	"unreviewed"	"unreviewed"	""	""	"m0-t276-s1-file-identity-taxonomy-001.md"
"MVDM-FILE-1313"	"v86/monitor/i386/proflib.c"	"v86"	"source"	"dual-identical"	"O:\repos.external\OpenNT\base\mvdm\v86\monitor\i386\proflib.c"	"cbd728107e4634b0ed564d92803ef29a7533b230f8869f4c5b7284ea5d55b01a"	"byte-exact-verified"	"unreviewed"	"unreviewed"	""	""	"m0-t276-s1-file-identity-taxonomy-001.md"
"MVDM-FILE-1314"	"v86/monitor/i386/sas.c"	"v86"	"source"	"dual-identical"	"O:\repos.external\OpenNT\base\mvdm\v86\monitor\i386\sas.c"	"d28d27e4bb22e955330dcbaf3a62ff6533b79fed8df46fe3eee615ce444e7834"	"byte-exact-verified"	"unreviewed"	"unreviewed"	""	""	"m0-t276-s1-file-identity-taxonomy-001.md"
"MVDM-FILE-1315"	"v86/monitor/i386/sources"	"v86"	"resource-or-other"	"dual-identical"	"O:\repos.external\OpenNT\base\mvdm\v86\monitor\i386\sources"	"51e941cc7edcbac23f3ed272e0e1883bc25dfad927f97b52f313b61ded9d4b55"	"byte-exact-verified"	"unreviewed"	"unreviewed"	""	""	"m0-t276-s1-file-identity-taxonomy-001.md"
"MVDM-FILE-1316"	"v86/monitor/i386/spcstubs.c"	"v86"	"source"	"dual-identical"	"O:\repos.external\OpenNT\base\mvdm\v86\monitor\i386\spcstubs.c"	"4312314d3fc89642dbc8f5a2193b328f2ed0ff4056ae5dacb0c7c9cacda2c01f"	"byte-exact-verified"	"unreviewed"	"unreviewed"	""	""	"m0-t276-s1-file-identity-taxonomy-001.md"
"MVDM-FILE-1317"	"v86/monitor/i386/thread.c"	"v86"	"source"	"dual-identical"	"O:\repos.external\OpenNT\base\mvdm\v86\monitor\i386\thread.c"	"7211199f4c8c1975dc973971008763ea87e795dfd18a05a7e9b12c852a5c8348"	"byte-exact-verified"	"unreviewed"	"unreviewed"	""	""	"m0-t276-s1-file-identity-taxonomy-001.md"
"MVDM-FILE-1318"	"v86/monitor/makefile"	"v86"	"resource-or-other"	"dual-identical"	"O:\repos.external\OpenNT\base\mvdm\v86\monitor\makefile"	"26957856e8a7f42a1740419cf3451497129f1d8284301d42f1a89ee13dd5a459"	"byte-exact-verified"	"unreviewed"	"unreviewed"	""	""	"m0-t276-s1-file-identity-taxonomy-001.md"
"MVDM-FILE-1319"	"v86/monitor/sources"	"v86"	"resource-or-other"	"dual-identical"	"O:\repos.external\OpenNT\base\mvdm\v86\monitor\sources"	"38a5da7fc8a9495462f026417b4199e0236b7af92cbbcc66c412caf69a63683a"	"byte-exact-verified"	"unreviewed"	"unreviewed"	""	""	"m0-t276-s1-file-identity-taxonomy-001.md"
"MVDM-FILE-1320"	"v86/scaffold/i386/fakebop.c"	"v86"	"source"	"dual-identical"	"O:\repos.external\OpenNT\base\mvdm\v86\scaffold\i386\fakebop.c"	"0e24cd7d4828f3dfbcdb77484816b5f991164e09fb3e6edad021a648455118e1"	"byte-exact-verified"	"unreviewed"	"unreviewed"	""	""	"m0-t276-s1-file-identity-taxonomy-001.md"
"MVDM-FILE-1321"	"v86/scaffold/i386/fakeinit.c"	"v86"	"source"	"dual-identical"	"O:\repos.external\OpenNT\base\mvdm\v86\scaffold\i386\fakeinit.c"	"b749f4ea4b08e51a5c6c7fcdc01c6be8a28c27a576d75becee9692c95a83493b"	"byte-exact-verified"	"unreviewed"	"unreviewed"	""	""	"m0-t276-s1-file-identity-taxonomy-001.md"
"MVDM-FILE-1322"	"v86/scaffold/i386/fakekbd.c"	"v86"	"source"	"dual-identical"	"O:\repos.external\OpenNT\base\mvdm\v86\scaffold\i386\fakekbd.c"	"a6090b757ed4157be5d0bb8d0d179f8ba275fb4b3a97f6ed43daa5368db06e13"	"byte-exact-verified"	"unreviewed"	"unreviewed"	""	""	"m0-t276-s1-file-identity-taxonomy-001.md"
"MVDM-FILE-1323"	"v86/scaffold/i386/fakevid.c"	"v86"	"source"	"dual-identical"	"O:\repos.external\OpenNT\base\mvdm\v86\scaffold\i386\fakevid.c"	"303eb5d066d565f6a061a5a7fba5f4e1d5bc876e0816a809fedb24aecc2679dc"	"byte-exact-verified"	"unreviewed"	"unreviewed"	""	""	"m0-t276-s1-file-identity-taxonomy-001.md"
"MVDM-FILE-1324"	"v86/scaffold/i386/fun.h"	"v86"	"declaration"	"dual-identical"	"O:\repos.external\OpenNT\base\mvdm\v86\scaffold\i386\fun.h"	"dffd43367cb54a386dfb3e0d49ff6a553f9328283d2c53297b4ebcdc36459e5e"	"byte-exact-verified"	"unreviewed"	"unreviewed"	""	""	"m0-t276-s1-file-identity-taxonomy-001.md"
"MVDM-FILE-1325"	"v86/scaffold/i386/softpc.c"	"v86"	"source"	"dual-identical"	"O:\repos.external\OpenNT\base\mvdm\v86\scaffold\i386\softpc.c"	"4272b1aafa096106981fb1445846c5e3c317f8849b084734c1c2f472c5c3b3f6"	"byte-exact-verified"	"unreviewed"	"unreviewed"	""	""	"m0-t276-s1-file-identity-taxonomy-001.md"
"MVDM-FILE-1326"	"v86/scaffold/i386/sources"	"v86"	"resource-or-other"	"dual-identical"	"O:\repos.external\OpenNT\base\mvdm\v86\scaffold\i386\sources"	"6145f630aea1e36ebb30600e8cfbefc8fa62e0622881f30e172089ac272b571a"	"byte-exact-verified"	"unreviewed"	"unreviewed"	""	""	"m0-t276-s1-file-identity-taxonomy-001.md"
"MVDM-FILE-1327"	"v86/scaffold/i386/stubs.c"	"v86"	"source"	"dual-identical"	"O:\repos.external\OpenNT\base\mvdm\v86\scaffold\i386\stubs.c"	"41825d03737ab8b001993798a2fcd20d752a81bdc8cf95d098b5929e70a97d4b"	"byte-exact-verified"	"unreviewed"	"unreviewed"	""	""	"m0-t276-s1-file-identity-taxonomy-001.md"
"MVDM-FILE-1328"	"v86/scaffold/i386/x86.h"	"v86"	"declaration"	"dual-identical"	"O:\repos.external\OpenNT\base\mvdm\v86\scaffold\i386\x86.h"	"eb08d62fbd5fd91535008f8631f33bdedb685f88a40ba085852f497130b1e734"	"byte-exact-verified"	"unreviewed"	"unreviewed"	""	""	"m0-t276-s1-file-identity-taxonomy-001.md"
"MVDM-FILE-1329"	"v86/scaffold/i386/xbios.h"	"v86"	"declaration"	"dual-identical"	"O:\repos.external\OpenNT\base\mvdm\v86\scaffold\i386\xbios.h"	"b402f5c2234279a8af13ec749cb54ee6ac75a2b0858d55503a56aab9611f379a"	"byte-exact-verified"	"unreviewed"	"unreviewed"	""	""	"m0-t276-s1-file-identity-taxonomy-001.md"
"MVDM-FILE-1330"	"v86/scaffold/i386/xbiosdsk.h"	"v86"	"declaration"	"dual-identical"	"O:\repos.external\OpenNT\base\mvdm\v86\scaffold\i386\xbiosdsk.h"	"124beb9004ce7370536d2d49811aa0a1841be01fdd0ef78a8e6a956fe897faf2"	"byte-exact-verified"	"unreviewed"	"unreviewed"	""	""	"m0-t276-s1-file-identity-taxonomy-001.md"
"MVDM-FILE-1331"	"v86/scaffold/i386/xbioskbd.h"	"v86"	"declaration"	"dual-identical"	"O:\repos.external\OpenNT\base\mvdm\v86\scaffold\i386\xbioskbd.h"	"4880bc4e4d5e2fd18f7e6e196b38c9467d03d9f114b940f194d0545d8418fc02"	"byte-exact-verified"	"unreviewed"	"unreviewed"	""	""	"m0-t276-s1-file-identity-taxonomy-001.md"
"MVDM-FILE-1332"	"v86/scaffold/i386/xbiosvid.h"	"v86"	"declaration"	"dual-identical"	"O:\repos.external\OpenNT\base\mvdm\v86\scaffold\i386\xbiosvid.h"	"2b80ec8cec0e389b4a0b269258742c16262a5c6728df5debb7aef472658bbd87"	"byte-exact-verified"	"unreviewed"	"unreviewed"	""	""	"m0-t276-s1-file-identity-taxonomy-001.md"
"MVDM-FILE-1333"	"v86/scaffold/i386/xguest.h"	"v86"	"declaration"	"dual-identical"	"O:\repos.external\OpenNT\base\mvdm\v86\scaffold\i386\xguest.h"	"1fc978bc102b6fe08d5343d680108ac4bf5405dc693d00004622b11d4c564926"	"byte-exact-verified"	"unreviewed"	"unreviewed"	""	""	"m0-t276-s1-file-identity-taxonomy-001.md"
"MVDM-FILE-1334"	"v86/scaffold/i386/xwincon.h"	"v86"	"declaration"	"dual-identical"	"O:\repos.external\OpenNT\base\mvdm\v86\scaffold\i386\xwincon.h"	"b4249a9c3b62170e78cc2ff5a287170882115c8407bc899ff270b7d383be5ee9"	"byte-exact-verified"	"unreviewed"	"unreviewed"	""	""	"m0-t276-s1-file-identity-taxonomy-001.md"
"MVDM-FILE-1335"	"v86/scaffold/makefile"	"v86"	"resource-or-other"	"dual-identical"	"O:\repos.external\OpenNT\base\mvdm\v86\scaffold\makefile"	"26957856e8a7f42a1740419cf3451497129f1d8284301d42f1a89ee13dd5a459"	"byte-exact-verified"	"unreviewed"	"unreviewed"	""	""	"m0-t276-s1-file-identity-taxonomy-001.md"
"MVDM-FILE-1336"	"v86/scaffold/ntvdm.def"	"v86"	"resource-or-other"	"dual-identical"	"O:\repos.external\OpenNT\base\mvdm\v86\scaffold\ntvdm.def"	"e1e12b2dee28ff3de76805e31e99277e6484e3cf13d426c1d054615a5d0516c6"	"byte-exact-verified"	"unreviewed"	"unreviewed"	""	""	"m0-t276-s1-file-identity-taxonomy-001.md"
"MVDM-FILE-1337"	"v86/scaffold/sources"	"v86"	"resource-or-other"	"dual-identical"	"O:\repos.external\OpenNT\base\mvdm\v86\scaffold\sources"	"1e4bc1dd42fa74e7f36fd87c6921bc260af51a37e378b8c025e82935bc34b571"	"byte-exact-verified"	"unreviewed"	"unreviewed"	""	""	"m0-t276-s1-file-identity-taxonomy-001.md"
"MVDM-FILE-1338"	"v86/scaffold/vdm.ico"	"v86"	"resource-or-other"	"dual-identical"	"O:\repos.external\OpenNT\base\mvdm\v86\scaffold\vdm.ico"	"b18f345c28a1dcd24b8611a66c33ce469be4fa13af79ff575818441c89030e4b"	"byte-exact-verified"	"unreviewed"	"unreviewed"	""	""	"m0-t276-s1-file-identity-taxonomy-001.md"
"MVDM-FILE-1339"	"v86/scaffold/vdm.rc"	"v86"	"resource-or-other"	"dual-identical"	"O:\repos.external\OpenNT\base\mvdm\v86\scaffold\vdm.rc"	"3c245becdc79c0e89cf531776c4be7391d2b8257c17251c2f44b631e36a1be38"	"byte-exact-verified"	"unreviewed"	"unreviewed"	""	""	"m0-t276-s1-file-identity-taxonomy-001.md"
"MVDM-FILE-1340"	"v86/scaffold/wow.ico"	"v86"	"resource-or-other"	"dual-identical"	"O:\repos.external\OpenNT\base\mvdm\v86\scaffold\wow.ico"	"db6fca1c1a18a5ca7edf7ac3dd0e66c231881f4113a598bf547fde931f7a29af"	"byte-exact-verified"	"unreviewed"	"unreviewed"	""	""	"m0-t276-s1-file-identity-taxonomy-001.md"
"MVDM-FILE-1341"	"v86/util/makefile"	"v86"	"resource-or-other"	"dual-identical"	"O:\repos.external\OpenNT\base\mvdm\v86\util\makefile"	"608f5c5639d4890fb6121c5bbc246b9d07891526f29fb9d3c35819d39322e079"	"byte-exact-verified"	"unreviewed"	"unreviewed"	""	""	"m0-t276-s1-file-identity-taxonomy-001.md"
"MVDM-FILE-1342"	"v86/util/quit.asm"	"v86"	"source"	"dual-identical"	"O:\repos.external\OpenNT\base\mvdm\v86\util\quit.asm"	"1e79a2cf45153c2610aa9100dc2b83390972748c2d5eb91deb4d35a2268dc323"	"byte-exact-verified"	"unreviewed"	"unreviewed"	""	""	"m0-t276-s1-file-identity-taxonomy-001.md"
"MVDM-FILE-1343"	"vdd/dirs"	"vdd"	"resource-or-other"	"dual-identical"	"O:\repos.external\OpenNT\base\mvdm\vdd\dirs"	"5afd3a3a4afbe0e9a35ff2759d46fab6b2201611073bea6af8656848a4f2a14b"	"byte-exact-verified"	"unreviewed"	"unreviewed"	""	""	"m0-t276-s1-file-identity-taxonomy-001.md"
"MVDM-FILE-1344"	"vdd/samples/adlibvdd/adlibvdd.def"	"vdd"	"resource-or-other"	"dual-identical"	"O:\repos.external\OpenNT\base\mvdm\vdd\samples\adlibvdd\adlibvdd.def"	"b9f65254a9ced1f5516c3036f2fbebd6fe0fdc696d28f594fc54d03059a9fced"	"byte-exact-verified"	"unreviewed"	"unreviewed"	""	""	"m0-t276-s1-file-identity-taxonomy-001.md"
"MVDM-FILE-1345"	"vdd/samples/adlibvdd/makefile"	"vdd"	"resource-or-other"	"dual-identical"	"O:\repos.external\OpenNT\base\mvdm\vdd\samples\adlibvdd\makefile"	"272431810da48231039ac4fcfa245628b6b6c3dc39054b908c26c97d313ccf97"	"byte-exact-verified"	"unreviewed"	"unreviewed"	""	""	"m0-t276-s1-file-identity-taxonomy-001.md"
"MVDM-FILE-1346"	"vdd/samples/adlibvdd/sources"	"vdd"	"resource-or-other"	"dual-identical"	"O:\repos.external\OpenNT\base\mvdm\vdd\samples\adlibvdd\sources"	"a2ff03420bcad5f5fcc30020d18c9c650aff1cea14e81efa007f405d73f049b4"	"byte-exact-verified"	"unreviewed"	"unreviewed"	""	""	"m0-t276-s1-file-identity-taxonomy-001.md"
"MVDM-FILE-1347"	"vdd/samples/adlibvdd/vdd.c"	"vdd"	"source"	"dual-identical"	"O:\repos.external\OpenNT\base\mvdm\vdd\samples\adlibvdd\vdd.c"	"13520d81890f84d34c49aea49466e17bb652ef3a841a2a7254e4c1b332f1e70c"	"byte-exact-verified"	"unreviewed"	"unreviewed"	""	""	"m0-t276-s1-file-identity-taxonomy-001.md"
"MVDM-FILE-1348"	"vdd/samples/adlibvdd/vdd.h"	"vdd"	"declaration"	"dual-identical"	"O:\repos.external\OpenNT\base\mvdm\vdd\samples\adlibvdd\vdd.h"	"e55d125672ec0bdc8787f6d781c47aa16f91e12d9792833401aeb29a78118fce"	"byte-exact-verified"	"unreviewed"	"unreviewed"	""	""	"m0-t276-s1-file-identity-taxonomy-001.md"
"MVDM-FILE-1349"	"vdd/samples/dirs"	"vdd"	"resource-or-other"	"dual-identical"	"O:\repos.external\OpenNT\base\mvdm\vdd\samples\dirs"	"7f2feae05f890842834ed5951e73351dc50771ea37c3e4aad5b5cbbf336bac82"	"byte-exact-verified"	"unreviewed"	"unreviewed"	""	""	"m0-t276-s1-file-identity-taxonomy-001.md"
"MVDM-FILE-1350"	"vdd/samples/hpscan/hpscan16.asm"	"vdd"	"source"	"dual-identical"	"O:\repos.external\OpenNT\base\mvdm\vdd\samples\hpscan\hpscan16.asm"	"2b115015d9c66af34607b5e510d954ff930c713583ff63c4017c0c83368fa168"	"byte-exact-verified"	"unreviewed"	"unreviewed"	""	""	"m0-t276-s1-file-identity-taxonomy-001.md"
"MVDM-FILE-1351"	"vdd/samples/hpscan/hpscan16.inc"	"vdd"	"declaration"	"dual-identical"	"O:\repos.external\OpenNT\base\mvdm\vdd\samples\hpscan\hpscan16.inc"	"08e6f2f7d449458ef3f66bb6fbfca1492549fe9cdde2aacaca2aac5143925fec"	"byte-exact-verified"	"unreviewed"	"unreviewed"	""	""	"m0-t276-s1-file-identity-taxonomy-001.md"
"MVDM-FILE-1352"	"vdd/samples/hpscan/makefile"	"vdd"	"resource-or-other"	"dual-identical"	"O:\repos.external\OpenNT\base\mvdm\vdd\samples\hpscan\makefile"	"a307e3a05c50fe0068fee0ed87bba4113a570ec5a762fc1e2a4cfab248250adb"	"byte-exact-verified"	"unreviewed"	"unreviewed"	""	""	"m0-t276-s1-file-identity-taxonomy-001.md"
"MVDM-FILE-1353"	"vdd/samples/mscdex/dirs"	"vdd"	"resource-or-other"	"dual-identical"	"O:\repos.external\OpenNT\base\mvdm\vdd\samples\mscdex\dirs"	"ec53b38ff1e577c7e52643395580b18f3600469a6426cd480ae79b454364a718"	"byte-exact-verified"	"unreviewed"	"unreviewed"	""	""	"m0-t276-s1-file-identity-taxonomy-001.md"
"MVDM-FILE-1354"	"vdd/samples/mscdex/readme.txt"	"vdd"	"resource-or-other"	"dual-identical"	"O:\repos.external\OpenNT\base\mvdm\vdd\samples\mscdex\readme.txt"	"0a640502ca6e2bd5ac12984c67fb5b4d5b51531bec6908604a574a14debd8994"	"byte-exact-verified"	"unreviewed"	"unreviewed"	""	""	"m0-t276-s1-file-identity-taxonomy-001.md"
"MVDM-FILE-1355"	"vdd/samples/mscdex/tsr/makefile"	"vdd"	"resource-or-other"	"dual-identical"	"O:\repos.external\OpenNT\base\mvdm\vdd\samples\mscdex\tsr\makefile"	"8b05f3d8069a7673476a9f32f56effbee441d1a14382e435cffcb4215b12008a"	"byte-exact-verified"	"unreviewed"	"unreviewed"	""	""	"m0-t276-s1-file-identity-taxonomy-001.md"
"MVDM-FILE-1356"	"vdd/samples/mscdex/tsr/messages.inc"	"vdd"	"declaration"	"dual-identical"	"O:\repos.external\OpenNT\base\mvdm\vdd\samples\mscdex\tsr\messages.inc"	"0323803b2f554e5ca4d8adbaae717996537b972a03fa8800d8026c185aafdaf6"	"byte-exact-verified"	"unreviewed"	"unreviewed"	""	""	"m0-t276-s1-file-identity-taxonomy-001.md"
"MVDM-FILE-1357"	"vdd/samples/mscdex/tsr/messages/usa/messages.inc"	"vdd"	"declaration"	"dual-identical"	"O:\repos.external\OpenNT\base\mvdm\vdd\samples\mscdex\tsr\messages\usa\messages.inc"	"0323803b2f554e5ca4d8adbaae717996537b972a03fa8800d8026c185aafdaf6"	"byte-exact-verified"	"unreviewed"	"unreviewed"	""	""	"m0-t276-s1-file-identity-taxonomy-001.md"
"MVDM-FILE-1358"	"vdd/samples/mscdex/tsr/mscdexnt.asm"	"vdd"	"source"	"dual-identical"	"O:\repos.external\OpenNT\base\mvdm\vdd\samples\mscdex\tsr\mscdexnt.asm"	"bda33dc8f48adeab11ca452312b8a74fb7194300c1bd5db450df466f537ca0b1"	"byte-exact-verified"	"unreviewed"	"unreviewed"	""	""	"m0-t276-s1-file-identity-taxonomy-001.md"
"MVDM-FILE-1359"	"vdd/samples/mscdex/tsr/mscdexnt.inc"	"vdd"	"declaration"	"dual-identical"	"O:\repos.external\OpenNT\base\mvdm\vdd\samples\mscdex\tsr\mscdexnt.inc"	"329b698242f683b53c1b283295f3d3b5a2b43b12550b45451fd6537246de259e"	"byte-exact-verified"	"unreviewed"	"unreviewed"	""	""	"m0-t276-s1-file-identity-taxonomy-001.md"
"MVDM-FILE-1360"	"vdd/samples/mscdex/vdd/makefile"	"vdd"	"resource-or-other"	"dual-identical"	"O:\repos.external\OpenNT\base\mvdm\vdd\samples\mscdex\vdd\makefile"	"b6eda631fac82bdc1f658af98d33d2928e6aed045b282013eaf2f57123671495"	"byte-exact-verified"	"unreviewed"	"unreviewed"	""	""	"m0-t276-s1-file-identity-taxonomy-001.md"
"MVDM-FILE-1361"	"vdd/samples/mscdex/vdd/mscdex.h"	"vdd"	"declaration"	"dual-identical"	"O:\repos.external\OpenNT\base\mvdm\vdd\samples\mscdex\vdd\mscdex.h"	"eccaf60cc04aa7524c060b88f8863bf77093445e0760212f7db6786e401dd430"	"byte-exact-verified"	"unreviewed"	"unreviewed"	""	""	"m0-t276-s1-file-identity-taxonomy-001.md"
"MVDM-FILE-1362"	"vdd/samples/mscdex/vdd/sources"	"vdd"	"resource-or-other"	"dual-identical"	"O:\repos.external\OpenNT\base\mvdm\vdd\samples\mscdex\vdd\sources"	"044a778e74888c3b361d7fa4af06ee848d3b2bbb8fbba32061aae9f10b682950"	"byte-exact-verified"	"unreviewed"	"unreviewed"	""	""	"m0-t276-s1-file-identity-taxonomy-001.md"
"MVDM-FILE-1363"	"vdd/samples/mscdex/vdd/vcdex.c"	"vdd"	"source"	"dual-identical"	"O:\repos.external\OpenNT\base\mvdm\vdd\samples\mscdex\vdd\vcdex.c"	"1e04779ee75de6b1cb294e4b036e68745f84815d73c6037ee577258e97c629ca"	"byte-exact-verified"	"unreviewed"	"unreviewed"	""	""	"m0-t276-s1-file-identity-taxonomy-001.md"
"MVDM-FILE-1364"	"vdd/samples/mscdex/vdd/vcdex.def"	"vdd"	"resource-or-other"	"dual-identical"	"O:\repos.external\OpenNT\base\mvdm\vdd\samples\mscdex\vdd\vcdex.def"	"eac12fd23da49e0ba41bae2bb628af4722f0942b84d5671971e1e7b8873e84f6"	"byte-exact-verified"	"unreviewed"	"unreviewed"	""	""	"m0-t276-s1-file-identity-taxonomy-001.md"
"MVDM-FILE-1365"	"vdd/samples/mscdex/vdd/vcdex.h"	"vdd"	"declaration"	"dual-identical"	"O:\repos.external\OpenNT\base\mvdm\vdd\samples\mscdex\vdd\vcdex.h"	"ef58ff9747b8b14a904a3b2894fb496fea500771aaec462dd8cefed63bc00b5a"	"byte-exact-verified"	"unreviewed"	"unreviewed"	""	""	"m0-t276-s1-file-identity-taxonomy-001.md"
"MVDM-FILE-1366"	"vdd/samples/mscdex/vdd/vcdex.rc"	"vdd"	"resource-or-other"	"dual-identical"	"O:\repos.external\OpenNT\base\mvdm\vdd\samples\mscdex\vdd\vcdex.rc"	"1de1253bab13a6e4e09f0f5404f848be62f116e87adbfa0a8c036e32a9db438f"	"byte-exact-verified"	"unreviewed"	"unreviewed"	""	""	"m0-t276-s1-file-identity-taxonomy-001.md"
"MVDM-FILE-1367"	"vdd/samples/readme"	"vdd"	"resource-or-other"	"dual-identical"	"O:\repos.external\OpenNT\base\mvdm\vdd\samples\readme"	"8aa70f6151632d7c74d7f1786a9d3f9a172176ba36934b294c7016c0e388c9bc"	"byte-exact-verified"	"unreviewed"	"unreviewed"	""	""	"m0-t276-s1-file-identity-taxonomy-001.md"
"MVDM-FILE-1368"	"vdd/samples/sample1/dirs"	"vdd"	"resource-or-other"	"dual-identical"	"O:\repos.external\OpenNT\base\mvdm\vdd\samples\sample1\dirs"	"593d9fe6acf01c72c4e37679047eeaeb380a6c7ff3ba79f1119a376b336377fd"	"byte-exact-verified"	"unreviewed"	"unreviewed"	""	""	"m0-t276-s1-file-identity-taxonomy-001.md"
"MVDM-FILE-1369"	"vdd/samples/sample1/fax16/fax16.asm"	"vdd"	"source"	"dual-identical"	"O:\repos.external\OpenNT\base\mvdm\vdd\samples\sample1\fax16\fax16.asm"	"e1cabbfe6c1984f5f4b76a7dcefac2225d87ea0a2b174413f898f4a386a338ae"	"byte-exact-verified"	"unreviewed"	"unreviewed"	""	""	"m0-t276-s1-file-identity-taxonomy-001.md"
"MVDM-FILE-1370"	"vdd/samples/sample1/fax16/makefile"	"vdd"	"resource-or-other"	"dual-identical"	"O:\repos.external\OpenNT\base\mvdm\vdd\samples\sample1\fax16\makefile"	"b0a5cd5ae96c5f6221984c27ebce4c289b12e16f05c23f0b56776a5da80486b8"	"byte-exact-verified"	"unreviewed"	"unreviewed"	""	""	"m0-t276-s1-file-identity-taxonomy-001.md"
"MVDM-FILE-1371"	"vdd/samples/sample1/fax32/fax32.c"	"vdd"	"source"	"dual-identical"	"O:\repos.external\OpenNT\base\mvdm\vdd\samples\sample1\fax32\fax32.c"	"9f9aac26cd8254debbfcc6a157aa0ba97b04668041bf0503720ef26fdc6241db"	"byte-exact-verified"	"unreviewed"	"unreviewed"	""	""	"m0-t276-s1-file-identity-taxonomy-001.md"
"MVDM-FILE-1372"	"vdd/samples/sample1/fax32/fax32.def"	"vdd"	"resource-or-other"	"dual-identical"	"O:\repos.external\OpenNT\base\mvdm\vdd\samples\sample1\fax32\fax32.def"	"43b4b7d255c89cc8bd8106b8e5bcf671b3483909379be6567a73404fde2252f5"	"byte-exact-verified"	"unreviewed"	"unreviewed"	""	""	"m0-t276-s1-file-identity-taxonomy-001.md"
"MVDM-FILE-1373"	"vdd/samples/sample1/fax32/fax32.h"	"vdd"	"declaration"	"dual-identical"	"O:\repos.external\OpenNT\base\mvdm\vdd\samples\sample1\fax32\fax32.h"	"efdab3d2e2bd986c90192c1e539a739bcff54c39ec8be700101b251f911f177b"	"byte-exact-verified"	"unreviewed"	"unreviewed"	""	""	"m0-t276-s1-file-identity-taxonomy-001.md"
"MVDM-FILE-1374"	"vdd/samples/sample1/fax32/makefile"	"vdd"	"resource-or-other"	"dual-identical"	"O:\repos.external\OpenNT\base\mvdm\vdd\samples\sample1\fax32\makefile"	"b6eda631fac82bdc1f658af98d33d2928e6aed045b282013eaf2f57123671495"	"byte-exact-verified"	"unreviewed"	"unreviewed"	""	""	"m0-t276-s1-file-identity-taxonomy-001.md"
"MVDM-FILE-1375"	"vdd/samples/sample1/fax32/sources"	"vdd"	"resource-or-other"	"dual-identical"	"O:\repos.external\OpenNT\base\mvdm\vdd\samples\sample1\fax32\sources"	"2bc347e0a2debd769f699ee9e6b734edc197480c7b0edea25b61c00e427818e5"	"byte-exact-verified"	"unreviewed"	"unreviewed"	""	""	"m0-t276-s1-file-identity-taxonomy-001.md"
"MVDM-FILE-1376"	"vdd/samples/sample2/16bits/16bits.asm"	"vdd"	"source"	"dual-identical"	"O:\repos.external\OpenNT\base\mvdm\vdd\samples\sample2\16bits\16bits.asm"	"db03aa7060a40815c120937d2ae59323af7467ba2a9a9e8292af74aef0adbdd4"	"byte-exact-verified"	"unreviewed"	"unreviewed"	""	""	"m0-t276-s1-file-identity-taxonomy-001.md"
"MVDM-FILE-1377"	"vdd/samples/sample2/16bits/16bits.inc"	"vdd"	"declaration"	"dual-identical"	"O:\repos.external\OpenNT\base\mvdm\vdd\samples\sample2\16bits\16bits.inc"	"ec5d07ea987efa07c43869046ee57afce94b639bb78d1ece049f1d9e136872ba"	"byte-exact-verified"	"unreviewed"	"unreviewed"	""	""	"m0-t276-s1-file-identity-taxonomy-001.md"
"MVDM-FILE-1378"	"vdd/samples/sample2/16bits/makefile"	"vdd"	"resource-or-other"	"dual-identical"	"O:\repos.external\OpenNT\base\mvdm\vdd\samples\sample2\16bits\makefile"	"f9f43343af1f73e7017eeeebba15d564df80f86ecae00832fb07f84643065a80"	"byte-exact-verified"	"unreviewed"	"unreviewed"	""	""	"m0-t276-s1-file-identity-taxonomy-001.md"
"MVDM-FILE-1379"	"vdd/samples/sample2/dirs"	"vdd"	"resource-or-other"	"dual-identical"	"O:\repos.external\OpenNT\base\mvdm\vdd\samples\sample2\dirs"	"08e9969b369d95f8ab8a52274e3b26fdafc95612ad20affa7916fee5959ed8a4"	"byte-exact-verified"	"unreviewed"	"unreviewed"	""	""	"m0-t276-s1-file-identity-taxonomy-001.md"
"MVDM-FILE-1380"	"vdd/samples/sample2/vdd/makefile"	"vdd"	"resource-or-other"	"dual-identical"	"O:\repos.external\OpenNT\base\mvdm\vdd\samples\sample2\vdd\makefile"	"b6eda631fac82bdc1f658af98d33d2928e6aed045b282013eaf2f57123671495"	"byte-exact-verified"	"unreviewed"	"unreviewed"	""	""	"m0-t276-s1-file-identity-taxonomy-001.md"
"MVDM-FILE-1381"	"vdd/samples/sample2/vdd/sources"	"vdd"	"resource-or-other"	"dual-identical"	"O:\repos.external\OpenNT\base\mvdm\vdd\samples\sample2\vdd\sources"	"84eee43d50d3a5164168c154dcdcd84ddc7201878c62ae9fc7db5a2939ba0f17"	"byte-exact-verified"	"unreviewed"	"unreviewed"	""	""	"m0-t276-s1-file-identity-taxonomy-001.md"
"MVDM-FILE-1382"	"vdd/samples/sample2/vdd/vdd.c"	"vdd"	"source"	"dual-identical"	"O:\repos.external\OpenNT\base\mvdm\vdd\samples\sample2\vdd\vdd.c"	"f8ee71884385fc8a7703da165461735f96ba01d4d0a5c7c33670929c5a821e4c"	"byte-exact-verified"	"unreviewed"	"unreviewed"	""	""	"m0-t276-s1-file-identity-taxonomy-001.md"
"MVDM-FILE-1383"	"vdd/samples/sample2/vdd/vdd.def"	"vdd"	"resource-or-other"	"dual-identical"	"O:\repos.external\OpenNT\base\mvdm\vdd\samples\sample2\vdd\vdd.def"	"072101ca34b3bdfef82ac910f2e625a1f76cfa11db242806a75f562df1d22b6c"	"byte-exact-verified"	"unreviewed"	"unreviewed"	""	""	"m0-t276-s1-file-identity-taxonomy-001.md"
"MVDM-FILE-1384"	"vdd/samples/sample2/vdd/vdd.h"	"vdd"	"declaration"	"dual-identical"	"O:\repos.external\OpenNT\base\mvdm\vdd\samples\sample2\vdd\vdd.h"	"f8d6ef9ab8372f6cdee0b9401f22ccf1a0807c5c1d69f78948dd6415420121ac"	"byte-exact-verified"	"unreviewed"	"unreviewed"	""	""	"m0-t276-s1-file-identity-taxonomy-001.md"
"MVDM-FILE-1385"	"vdd/samples/vsbd/makefile"	"vdd"	"resource-or-other"	"dual-identical"	"O:\repos.external\OpenNT\base\mvdm\vdd\samples\vsbd\makefile"	"272431810da48231039ac4fcfa245628b6b6c3dc39054b908c26c97d313ccf97"	"byte-exact-verified"	"unreviewed"	"unreviewed"	""	""	"m0-t276-s1-file-identity-taxonomy-001.md"
"MVDM-FILE-1386"	"vdd/samples/vsbd/sources"	"vdd"	"resource-or-other"	"dual-identical"	"O:\repos.external\OpenNT\base\mvdm\vdd\samples\vsbd\sources"	"afd1d2cbdafd96195179418908c15cb806486ed859fa43b88c40aa558d79dcff"	"byte-exact-verified"	"unreviewed"	"unreviewed"	""	""	"m0-t276-s1-file-identity-taxonomy-001.md"
"MVDM-FILE-1387"	"vdd/samples/vsbd/vdd.c"	"vdd"	"source"	"dual-identical"	"O:\repos.external\OpenNT\base\mvdm\vdd\samples\vsbd\vdd.c"	"fcf0e4817f2f69d7264754ef8a2ba498380e0b6b1199c93cf0f16ba036580a20"	"byte-exact-verified"	"unreviewed"	"unreviewed"	""	""	"m0-t276-s1-file-identity-taxonomy-001.md"
"MVDM-FILE-1388"	"vdd/samples/vsbd/vsbd.def"	"vdd"	"resource-or-other"	"dual-identical"	"O:\repos.external\OpenNT\base\mvdm\vdd\samples\vsbd\vsbd.def"	"d80bc719ea090575366fa5abed495c219bd6b125f6b3235bb59e5a848c66f3a4"	"byte-exact-verified"	"unreviewed"	"unreviewed"	""	""	"m0-t276-s1-file-identity-taxonomy-001.md"
"MVDM-FILE-1389"	"vdd/vddserv.doc"	"vdd"	"resource-or-other"	"dual-identical"	"O:\repos.external\OpenNT\base\mvdm\vdd\vddserv.doc"	"4202f2f705a5b9cc552ad437bc76fdd4d7d389d2f9e40fd25665eb6518a699ba"	"byte-exact-verified"	"unreviewed"	"unreviewed"	""	""	"m0-t276-s1-file-identity-taxonomy-001.md"
"MVDM-FILE-1390"	"vdmdbg/makefile"	"vdmdbg"	"resource-or-other"	"dual-identical"	"O:\repos.external\OpenNT\base\mvdm\vdmdbg\makefile"	"26957856e8a7f42a1740419cf3451497129f1d8284301d42f1a89ee13dd5a459"	"byte-exact-verified"	"unreviewed"	"unreviewed"	""	""	"m0-t276-s1-file-identity-taxonomy-001.md"
"MVDM-FILE-1391"	"vdmdbg/sources"	"vdmdbg"	"resource-or-other"	"dual-identical"	"O:\repos.external\OpenNT\base\mvdm\vdmdbg\sources"	"3535dbfc2d7f23704f9a6c662ad6d3077c1c7e9584ef12d1352dfe0cdeca0f3e"	"byte-exact-verified"	"unreviewed"	"unreviewed"	""	""	"m0-t276-s1-file-identity-taxonomy-001.md"
"MVDM-FILE-1392"	"vdmdbg/vdmdbg.c"	"vdmdbg"	"source"	"dual-identical"	"O:\repos.external\OpenNT\base\mvdm\vdmdbg\vdmdbg.c"	"11cad596254d09929987cf110f5b492862972d06077c5fecc100dc79b087e1d2"	"byte-exact-verified"	"unreviewed"	"unreviewed"	""	""	"m0-t276-s1-file-identity-taxonomy-001.md"
"MVDM-FILE-1393"	"vdmdbg/vdmdbg.def"	"vdmdbg"	"resource-or-other"	"dual-identical"	"O:\repos.external\OpenNT\base\mvdm\vdmdbg\vdmdbg.def"	"2c104e9e79bbb49447a004e8fb54651cebfc4158a7472bd3a151dee920047758"	"byte-exact-verified"	"unreviewed"	"unreviewed"	""	""	"m0-t276-s1-file-identity-taxonomy-001.md"
"MVDM-FILE-1394"	"vdmdbg/vdmdbg.rc"	"vdmdbg"	"resource-or-other"	"dual-identical"	"O:\repos.external\OpenNT\base\mvdm\vdmdbg\vdmdbg.rc"	"aeac86fddb551ec11f7b6cef4be7b53f173d5dfb42b3c876f3a785f0b47643a4"	"byte-exact-verified"	"unreviewed"	"unreviewed"	""	""	"m0-t276-s1-file-identity-taxonomy-001.md"
"MVDM-FILE-1395"	"vdmdbg/vdmdbg.txt"	"vdmdbg"	"resource-or-other"	"dual-identical"	"O:\repos.external\OpenNT\base\mvdm\vdmdbg\vdmdbg.txt"	"a4070771c906841890d675d6a450fe44f4f291f4be6f85ebe0481d86be768208"	"byte-exact-verified"	"unreviewed"	"unreviewed"	""	""	"m0-t276-s1-file-identity-taxonomy-001.md"
"MVDM-FILE-1396"	"vdmexts/data.c"	"vdmexts"	"source"	"dual-identical"	"O:\repos.external\OpenNT\base\mvdm\vdmexts\data.c"	"75731661d637b1455ebb0166cd1ff8e7de35ae904d4118ec630b1d767e0199b5"	"byte-exact-verified"	"unreviewed"	"unreviewed"	""	""	"m0-t276-s1-file-identity-taxonomy-001.md"
"MVDM-FILE-1397"	"vdmexts/debug.c"	"vdmexts"	"source"	"dual-identical"	"O:\repos.external\OpenNT\base\mvdm\vdmexts\debug.c"	"35df768f94e937a09353c0daf51f0752187ac0c55d5befd65bd8817a1868ebec"	"byte-exact-verified"	"unreviewed"	"unreviewed"	""	""	"m0-t276-s1-file-identity-taxonomy-001.md"
"MVDM-FILE-1398"	"vdmexts/dib.c"	"vdmexts"	"source"	"dual-identical"	"O:\repos.external\OpenNT\base\mvdm\vdmexts\dib.c"	"35266593ddf2ff1cf7965bdf99f5345c2791f62fed379d9b4f96fa51d9386d47"	"byte-exact-verified"	"unreviewed"	"unreviewed"	""	""	"m0-t276-s1-file-identity-taxonomy-001.md"
"MVDM-FILE-1399"	"vdmexts/disasm.c"	"vdmexts"	"source"	"dual-identical"	"O:\repos.external\OpenNT\base\mvdm\vdmexts\disasm.c"	"6da5a9f7cf7510a0e93586aef7d25f3f14b149250bb7419422edeb32f0c8da71"	"byte-exact-verified"	"unreviewed"	"unreviewed"	""	""	"m0-t276-s1-file-identity-taxonomy-001.md"
"MVDM-FILE-1400"	"vdmexts/heap.c"	"vdmexts"	"source"	"dual-identical"	"O:\repos.external\OpenNT\base\mvdm\vdmexts\heap.c"	"3e4544bbd3030ea995b0d79c91ad34a45c6a022f8e67c69060454049b3489d8f"	"byte-exact-verified"	"unreviewed"	"unreviewed"	""	""	"m0-t276-s1-file-identity-taxonomy-001.md"
"MVDM-FILE-1401"	"vdmexts/help.c"	"vdmexts"	"source"	"dual-identical"	"O:\repos.external\OpenNT\base\mvdm\vdmexts\help.c"	"d1d776c6733c3f692a4e72ddf8f7b983187a7c2a960ef3a1f505a8741f4d9942"	"byte-exact-verified"	"unreviewed"	"unreviewed"	""	""	"m0-t276-s1-file-identity-taxonomy-001.md"
"MVDM-FILE-1402"	"vdmexts/i386/profile.c"	"vdmexts"	"source"	"dual-identical"	"O:\repos.external\OpenNT\base\mvdm\vdmexts\i386\profile.c"	"376c2fec8cb42783ca220165681d88fcd95c0eba155ea2b397a4ab1bd5431efa"	"byte-exact-verified"	"unreviewed"	"unreviewed"	""	""	"m0-t276-s1-file-identity-taxonomy-001.md"
"MVDM-FILE-1403"	"vdmexts/i386/regs.c"	"vdmexts"	"source"	"dual-identical"	"O:\repos.external\OpenNT\base\mvdm\vdmexts\i386\regs.c"	"d31ba6e3342c76df3dba260b21b0df25700f30d2c153a3c05b79353146b79c60"	"byte-exact-verified"	"unreviewed"	"unreviewed"	""	""	"m0-t276-s1-file-identity-taxonomy-001.md"
"MVDM-FILE-1404"	"vdmexts/i386/vdmtib.c"	"vdmexts"	"source"	"dual-identical"	"O:\repos.external\OpenNT\base\mvdm\vdmexts\i386\vdmtib.c"	"f56ce99fa7d3166cfa82f825e3ac8beed562064a3cc9cce0285378e6e0c100e8"	"byte-exact-verified"	"unreviewed"	"unreviewed"	""	""	"m0-t276-s1-file-identity-taxonomy-001.md"
"MVDM-FILE-1405"	"vdmexts/makefile"	"vdmexts"	"resource-or-other"	"dual-identical"	"O:\repos.external\OpenNT\base\mvdm\vdmexts\makefile"	"26957856e8a7f42a1740419cf3451497129f1d8284301d42f1a89ee13dd5a459"	"byte-exact-verified"	"unreviewed"	"unreviewed"	""	""	"m0-t276-s1-file-identity-taxonomy-001.md"
"MVDM-FILE-1406"	"vdmexts/misc.c"	"vdmexts"	"source"	"dual-identical"	"O:\repos.external\OpenNT\base\mvdm\vdmexts\misc.c"	"bfbf56ceda6cdb56e09ba098377b1edaa2aa9cfa168c3d79b083e74d754bfca9"	"byte-exact-verified"	"unreviewed"	"unreviewed"	""	""	"m0-t276-s1-file-identity-taxonomy-001.md"
"MVDM-FILE-1407"	"vdmexts/platform.c"	"vdmexts"	"source"	"dual-identical"	"O:\repos.external\OpenNT\base\mvdm\vdmexts\platform.c"	"3483655e311e105900194db2a9bd6083bc03bb2da943bdd16e8da29ab74f9e53"	"byte-exact-verified"	"unreviewed"	"unreviewed"	""	""	"m0-t276-s1-file-identity-taxonomy-001.md"
"MVDM-FILE-1408"	"vdmexts/precomp.h"	"vdmexts"	"declaration"	"dual-identical"	"O:\repos.external\OpenNT\base\mvdm\vdmexts\precomp.h"	"4a72dc0ab4119baad9b1eed2ed7c6cdc20d141e7fed9f52133eccbc2d0c5c9c1"	"byte-exact-verified"	"unreviewed"	"unreviewed"	""	""	"m0-t276-s1-file-identity-taxonomy-001.md"
"MVDM-FILE-1409"	"vdmexts/reflect.c"	"vdmexts"	"source"	"dual-identical"	"O:\repos.external\OpenNT\base\mvdm\vdmexts\reflect.c"	"1776b1242808a0d3c456ed7725f16b55eacd2326bce5370c06f3d1a66048b433"	"byte-exact-verified"	"unreviewed"	"unreviewed"	""	""	"m0-t276-s1-file-identity-taxonomy-001.md"
"MVDM-FILE-1410"	"vdmexts/sources"	"vdmexts"	"resource-or-other"	"dual-identical"	"O:\repos.external\OpenNT\base\mvdm\vdmexts\sources"	"d2366c1773a0799eb01fa57cec518d8bd5f7e3047351fbcdafbe8f47c9205f2d"	"byte-exact-verified"	"unreviewed"	"unreviewed"	""	""	"m0-t276-s1-file-identity-taxonomy-001.md"
"MVDM-FILE-1411"	"vdmexts/stack.c"	"vdmexts"	"source"	"dual-identical"	"O:\repos.external\OpenNT\base\mvdm\vdmexts\stack.c"	"eb5992dad41aeb3d8cc325a49aae8f586e3fdf6552250d71bd84708c86525f39"	"byte-exact-verified"	"unreviewed"	"unreviewed"	""	""	"m0-t276-s1-file-identity-taxonomy-001.md"
"MVDM-FILE-1412"	"vdmexts/sym.c"	"vdmexts"	"source"	"dual-identical"	"O:\repos.external\OpenNT\base\mvdm\vdmexts\sym.c"	"469c9612de293034fdbc7a74e1d2bd479222fe1cd3e1350f1f90c0737c2d701e"	"byte-exact-verified"	"unreviewed"	"unreviewed"	""	""	"m0-t276-s1-file-identity-taxonomy-001.md"
"MVDM-FILE-1413"	"vdmexts/system.c"	"vdmexts"	"source"	"dual-identical"	"O:\repos.external\OpenNT\base\mvdm\vdmexts\system.c"	"a9a4a81d076c075bb3bb1b6bf62be8ef45a8b5ec44de009f24bcdd1b9989feed"	"byte-exact-verified"	"unreviewed"	"unreviewed"	""	""	"m0-t276-s1-file-identity-taxonomy-001.md"
"MVDM-FILE-1414"	"vdmexts/trace.c"	"vdmexts"	"source"	"dual-identical"	"O:\repos.external\OpenNT\base\mvdm\vdmexts\trace.c"	"167378c220d44d08cc9abbb7fb53948bc9d7ac6d6199473e05e9366a68d292c3"	"byte-exact-verified"	"unreviewed"	"unreviewed"	""	""	"m0-t276-s1-file-identity-taxonomy-001.md"
"MVDM-FILE-1415"	"vdmexts/util.c"	"vdmexts"	"source"	"dual-identical"	"O:\repos.external\OpenNT\base\mvdm\vdmexts\util.c"	"572625bf57190ade673921f11a564c36e45f8458cbb5c63726b9d00d55e89702"	"byte-exact-verified"	"unreviewed"	"unreviewed"	""	""	"m0-t276-s1-file-identity-taxonomy-001.md"
"MVDM-FILE-1416"	"vdmexts/vdmexts.def"	"vdmexts"	"resource-or-other"	"dual-identical"	"O:\repos.external\OpenNT\base\mvdm\vdmexts\vdmexts.def"	"a48b01b490f2b55a58989bfffb2f850472b7700e50e2a5de0483ba7186cd8394"	"byte-exact-verified"	"unreviewed"	"unreviewed"	""	""	"m0-t276-s1-file-identity-taxonomy-001.md"
"MVDM-FILE-1417"	"vdmexts/vdmexts.h"	"vdmexts"	"declaration"	"dual-identical"	"O:\repos.external\OpenNT\base\mvdm\vdmexts\vdmexts.h"	"1e79c2ae94e529e01122a087a728a16561c36d26c76052c06b18db5ded498e76"	"byte-exact-verified"	"unreviewed"	"unreviewed"	""	""	"m0-t276-s1-file-identity-taxonomy-001.md"
"MVDM-FILE-1418"	"vdmexts/vdmexts.rc"	"vdmexts"	"resource-or-other"	"dual-identical"	"O:\repos.external\OpenNT\base\mvdm\vdmexts\vdmexts.rc"	"1484ac3aed98b0df3a3ec55b50acad4eea0302d7f0bcbc5f5a204c0684c59cea"	"byte-exact-verified"	"unreviewed"	"unreviewed"	""	""	"m0-t276-s1-file-identity-taxonomy-001.md"
"MVDM-FILE-1419"	"vdmexts/wow.c"	"vdmexts"	"source"	"dual-identical"	"O:\repos.external\OpenNT\base\mvdm\vdmexts\wow.c"	"385755e94188901161a9e22d63790210f25af014e0a06878655c86f0af856ec4"	"byte-exact-verified"	"unreviewed"	"unreviewed"	""	""	"m0-t276-s1-file-identity-taxonomy-001.md"
"MVDM-FILE-1420"	"vdmexts/wowprof.c"	"vdmexts"	"source"	"dual-identical"	"O:\repos.external\OpenNT\base\mvdm\vdmexts\wowprof.c"	"ba37908b211095f7d8785690485390c924217ee1b82757f046cae8f99be6b73d"	"byte-exact-verified"	"unreviewed"	"unreviewed"	""	""	"m0-t276-s1-file-identity-taxonomy-001.md"
"MVDM-FILE-1421"	"vdmredir/dlstruct.h"	"vdmredir"	"declaration"	"dual-identical"	"O:\repos.external\OpenNT\base\mvdm\vdmredir\dlstruct.h"	"c98f6c2e38ca0392ea2a1afd24a5044262203f0f756ca9e94e0a0a4d1b23dcf8"	"byte-exact-verified"	"unreviewed"	"unreviewed"	""	""	"m0-t276-s1-file-identity-taxonomy-001.md"
"MVDM-FILE-1422"	"vdmredir/makefile"	"vdmredir"	"resource-or-other"	"dual-identical"	"O:\repos.external\OpenNT\base\mvdm\vdmredir\makefile"	"0c2eeef094591cbe480fe75fc00cb55546be67c7b51a07715f61e57b364d6328"	"byte-exact-verified"	"unreviewed"	"unreviewed"	""	""	"m0-t276-s1-file-identity-taxonomy-001.md"
"MVDM-FILE-1423"	"vdmredir/sources"	"vdmredir"	"resource-or-other"	"dual-identical"	"O:\repos.external\OpenNT\base\mvdm\vdmredir\sources"	"e0d3977b7f2030c94f4d6f25dbe8f8381fae3563a99205bb1480978608517229"	"byte-exact-verified"	"unreviewed"	"unreviewed"	""	""	"m0-t276-s1-file-identity-taxonomy-001.md"
"MVDM-FILE-1424"	"vdmredir/vdmredir.def"	"vdmredir"	"resource-or-other"	"dual-identical"	"O:\repos.external\OpenNT\base\mvdm\vdmredir\vdmredir.def"	"745bc145be4614b9999e8388c010e35f2cbec24278d38437406a044faf51db25"	"byte-exact-verified"	"unreviewed"	"unreviewed"	""	""	"m0-t276-s1-file-identity-taxonomy-001.md"
"MVDM-FILE-1425"	"vdmredir/vdmredir.rc"	"vdmredir"	"resource-or-other"	"dual-identical"	"O:\repos.external\OpenNT\base\mvdm\vdmredir\vdmredir.rc"	"92794973e7f1561c10c6c2c0bd60a04bdcaab742abb2438940df5a35ee5c34d4"	"byte-exact-verified"	"unreviewed"	"unreviewed"	""	""	"m0-t276-s1-file-identity-taxonomy-001.md"
"MVDM-FILE-1426"	"vdmredir/vrdebug.c"	"vdmredir"	"source"	"dual-identical"	"O:\repos.external\OpenNT\base\mvdm\vdmredir\vrdebug.c"	"a857e79085fabc406667f849229100ee7b92cd13107ceeb37fa798aedeba42ea"	"byte-exact-verified"	"unreviewed"	"unreviewed"	""	""	"m0-t276-s1-file-identity-taxonomy-001.md"
"MVDM-FILE-1427"	"vdmredir/vrdebug.h"	"vdmredir"	"declaration"	"dual-identical"	"O:\repos.external\OpenNT\base\mvdm\vdmredir\vrdebug.h"	"1cc434fafa90e111f1726aa2444f24a04458da6efd2f218a80d48e03b4f3751b"	"byte-exact-verified"	"unreviewed"	"unreviewed"	""	""	"m0-t276-s1-file-identity-taxonomy-001.md"
"MVDM-FILE-1428"	"vdmredir/vrdisp.c"	"vdmredir"	"source"	"dual-identical"	"O:\repos.external\OpenNT\base\mvdm\vdmredir\vrdisp.c"	"030a3a2f2baaeb36bb58eb459cc91a0f6bf15bfdec777fc2998e3c3d69b2a389"	"byte-exact-verified"	"unreviewed"	"unreviewed"	""	""	"m0-t276-s1-file-identity-taxonomy-001.md"
"MVDM-FILE-1429"	"vdmredir/vrdlc.h"	"vdmredir"	"declaration"	"dual-identical"	"O:\repos.external\OpenNT\base\mvdm\vdmredir\vrdlc.h"	"85ea2d8288f4bee6162f5475bbae5c40f4470d8521b4360f4a77a130a14df8a8"	"byte-exact-verified"	"unreviewed"	"unreviewed"	""	""	"m0-t276-s1-file-identity-taxonomy-001.md"
"MVDM-FILE-1430"	"vdmredir/vrdlc5c.c"	"vdmredir"	"source"	"dual-identical"	"O:\repos.external\OpenNT\base\mvdm\vdmredir\vrdlc5c.c"	"850f2f1a746eee3610f06ebf489cb662bcd628f556299e445daac7fdd24e9bbf"	"byte-exact-verified"	"unreviewed"	"unreviewed"	""	""	"m0-t276-s1-file-identity-taxonomy-001.md"
"MVDM-FILE-1431"	"vdmredir/vrdlcbuf.c"	"vdmredir"	"source"	"dual-identical"	"O:\repos.external\OpenNT\base\mvdm\vdmredir\vrdlcbuf.c"	"90e6dc8f5625c371c8c14a2a111c3403d0f4b24597eacce8549049138f5721a6"	"byte-exact-verified"	"unreviewed"	"unreviewed"	""	""	"m0-t276-s1-file-identity-taxonomy-001.md"
"MVDM-FILE-1432"	"vdmredir/vrdlcdbg.c"	"vdmredir"	"source"	"dual-identical"	"O:\repos.external\OpenNT\base\mvdm\vdmredir\vrdlcdbg.c"	"98e30a6019415eed62efa2aed0d921d4f8b7f4fe5da150e664c925d9e61504c2"	"byte-exact-verified"	"unreviewed"	"unreviewed"	""	""	"m0-t276-s1-file-identity-taxonomy-001.md"
"MVDM-FILE-1433"	"vdmredir/vrdlcdbg.h"	"vdmredir"	"declaration"	"dual-identical"	"O:\repos.external\OpenNT\base\mvdm\vdmredir\vrdlcdbg.h"	"2adbd4b0705a98bbb399c9b333551afa8999af1b27a008029b9fb871f787ff8c"	"byte-exact-verified"	"unreviewed"	"unreviewed"	""	""	"m0-t276-s1-file-identity-taxonomy-001.md"
"MVDM-FILE-1434"	"vdmredir/vrdlcpst.c"	"vdmredir"	"source"	"dual-identical"	"O:\repos.external\OpenNT\base\mvdm\vdmredir\vrdlcpst.c"	"ea7ce5c516434bd5b08fddd53881705385f3d925388ff4e439b337faa388cf01"	"byte-exact-verified"	"unreviewed"	"unreviewed"	""	""	"m0-t276-s1-file-identity-taxonomy-001.md"
"MVDM-FILE-1435"	"vdmredir/vrdll.c"	"vdmredir"	"source"	"dual-identical"	"O:\repos.external\OpenNT\base\mvdm\vdmredir\vrdll.c"	"234946e3dc0bda5851de48f05ddb2dc921f76f7c717772cb2f69d4eab5d8ec10"	"byte-exact-verified"	"unreviewed"	"unreviewed"	""	""	"m0-t276-s1-file-identity-taxonomy-001.md"
"MVDM-FILE-1436"	"vdmredir/vrica.h"	"vdmredir"	"declaration"	"dual-identical"	"O:\repos.external\OpenNT\base\mvdm\vdmredir\vrica.h"	"b93042ce17ae454d6bff085b15d93221bc86adb1fde50620675bf41ee34d8d75"	"byte-exact-verified"	"unreviewed"	"unreviewed"	""	""	"m0-t276-s1-file-identity-taxonomy-001.md"
"MVDM-FILE-1437"	"vdmredir/vrinit.c"	"vdmredir"	"source"	"dual-identical"	"O:\repos.external\OpenNT\base\mvdm\vdmredir\vrinit.c"	"088ecff80459ed358ebf4f7dd291821748475a8fbdccaf27a1ee1df2b6648273"	"byte-exact-verified"	"unreviewed"	"unreviewed"	""	""	"m0-t276-s1-file-identity-taxonomy-001.md"
"MVDM-FILE-1438"	"vdmredir/vrmisc.c"	"vdmredir"	"source"	"dual-identical"	"O:\repos.external\OpenNT\base\mvdm\vdmredir\vrmisc.c"	"1af57aba3be6a1425eb18187a73c579f56619a2593bce3b2c20be8cf67216b6d"	"byte-exact-verified"	"unreviewed"	"unreviewed"	""	""	"m0-t276-s1-file-identity-taxonomy-001.md"
"MVDM-FILE-1439"	"vdmredir/vrmslot.c"	"vdmredir"	"source"	"dual-identical"	"O:\repos.external\OpenNT\base\mvdm\vdmredir\vrmslot.c"	"70294b72780d3287137310dd4b018b7e572328e1b8bcf9bf4178c32734b95c7c"	"byte-exact-verified"	"unreviewed"	"unreviewed"	""	""	"m0-t276-s1-file-identity-taxonomy-001.md"
"MVDM-FILE-1440"	"vdmredir/vrnetapi.c"	"vdmredir"	"source"	"dual-identical"	"O:\repos.external\OpenNT\base\mvdm\vdmredir\vrnetapi.c"	"9074aa1c5d287996c95547c08b7e06dac578a29d90aa3b91278c00bbe7392a70"	"byte-exact-verified"	"unreviewed"	"unreviewed"	""	""	"m0-t276-s1-file-identity-taxonomy-001.md"
"MVDM-FILE-1441"	"vdmredir/vrnetb.c"	"vdmredir"	"source"	"dual-identical"	"O:\repos.external\OpenNT\base\mvdm\vdmredir\vrnetb.c"	"1de0507a7a4649253b63fc4a42da9c54a9670c8a2883bbe3b19b27f132e94157"	"byte-exact-verified"	"unreviewed"	"unreviewed"	""	""	"m0-t276-s1-file-identity-taxonomy-001.md"
"MVDM-FILE-1442"	"vdmredir/vrnmpipe.c"	"vdmredir"	"source"	"dual-identical"	"O:\repos.external\OpenNT\base\mvdm\vdmredir\vrnmpipe.c"	"fbb09851b3b1174e37b8cfa49f67b9667bea4262ad5e60cc9fb1d0917bf60e40"	"byte-exact-verified"	"unreviewed"	"unreviewed"	""	""	"m0-t276-s1-file-identity-taxonomy-001.md"
"MVDM-FILE-1443"	"vdmredir/vrputil.c"	"vdmredir"	"source"	"dual-identical"	"O:\repos.external\OpenNT\base\mvdm\vdmredir\vrputil.c"	"1440cd1379dee1bbe65b0a1e6f6a637a3de48765da85cfd94153e8876a66fe16"	"byte-exact-verified"	"unreviewed"	"unreviewed"	""	""	"m0-t276-s1-file-identity-taxonomy-001.md"
"MVDM-FILE-1444"	"vdmredir/vrputil.h"	"vdmredir"	"declaration"	"dual-identical"	"O:\repos.external\OpenNT\base\mvdm\vdmredir\vrputil.h"	"39f3e56f1f344d6f5ef17db3ad9f9451be7e860259a1779e4eb3f997c53b3c84"	"byte-exact-verified"	"unreviewed"	"unreviewed"	""	""	"m0-t276-s1-file-identity-taxonomy-001.md"
"MVDM-FILE-1445"	"vdmredir/vrremote.c"	"vdmredir"	"source"	"dual-identical"	"O:\repos.external\OpenNT\base\mvdm\vdmredir\vrremote.c"	"f75d2984624cee1a77b6f5bf6a18fe4a7f38a059d32b0e711edb97d03a08c9b8"	"byte-exact-verified"	"unreviewed"	"unreviewed"	""	""	"m0-t276-s1-file-identity-taxonomy-001.md"
"MVDM-FILE-1446"	"vdmutils/dirs"	"vdmutils"	"resource-or-other"	"dual-identical"	"O:\repos.external\OpenNT\base\mvdm\vdmutils\dirs"	"d652fd66d5d1895035742edb718e4c0a51bb751da0f34ff770f8f11280e841c0"	"byte-exact-verified"	"unreviewed"	"unreviewed"	""	""	"m0-t276-s1-file-identity-taxonomy-001.md"
"MVDM-FILE-1447"	"vdmutils/forcedos/forcedos.c"	"vdmutils"	"source"	"dual-identical"	"O:\repos.external\OpenNT\base\mvdm\vdmutils\forcedos\forcedos.c"	"27aaa61a441cd754fb8373c3df0ebb3ff49a098926c1aec0151ac9deb5927f44"	"byte-exact-verified"	"unreviewed"	"unreviewed"	""	""	"m0-t276-s1-file-identity-taxonomy-001.md"
"MVDM-FILE-1448"	"vdmutils/forcedos/forcedos.h"	"vdmutils"	"declaration"	"dual-identical"	"O:\repos.external\OpenNT\base\mvdm\vdmutils\forcedos\forcedos.h"	"9383fc6b92e6250a00793bd1ebc608026ae8061db09d5f75e60d7964d5bc4544"	"byte-exact-verified"	"unreviewed"	"unreviewed"	""	""	"m0-t276-s1-file-identity-taxonomy-001.md"
"MVDM-FILE-1449"	"vdmutils/forcedos/forcedos.rc"	"vdmutils"	"resource-or-other"	"dual-identical"	"O:\repos.external\OpenNT\base\mvdm\vdmutils\forcedos\forcedos.rc"	"63f4f3bc1389a21678969c626182b71958d56d4777ab0e0cdf1fefff50095786"	"byte-exact-verified"	"unreviewed"	"unreviewed"	""	""	"m0-t276-s1-file-identity-taxonomy-001.md"
"MVDM-FILE-1450"	"vdmutils/forcedos/makefile"	"vdmutils"	"resource-or-other"	"dual-identical"	"O:\repos.external\OpenNT\base\mvdm\vdmutils\forcedos\makefile"	"26957856e8a7f42a1740419cf3451497129f1d8284301d42f1a89ee13dd5a459"	"byte-exact-verified"	"unreviewed"	"unreviewed"	""	""	"m0-t276-s1-file-identity-taxonomy-001.md"
"MVDM-FILE-1451"	"vdmutils/forcedos/pif.h"	"vdmutils"	"declaration"	"dual-identical"	"O:\repos.external\OpenNT\base\mvdm\vdmutils\forcedos\pif.h"	"6473e80a539b746f5af25c15afb85f2f1498b0a0f429fea861708e78d9e9d266"	"byte-exact-verified"	"unreviewed"	"unreviewed"	""	""	"m0-t276-s1-file-identity-taxonomy-001.md"
"MVDM-FILE-1452"	"vdmutils/forcedos/sources"	"vdmutils"	"resource-or-other"	"dual-identical"	"O:\repos.external\OpenNT\base\mvdm\vdmutils\forcedos\sources"	"96ab7bb58ee49573441fe8d0713a769946130a1af05ce7dafa7d5f5e848cd99b"	"byte-exact-verified"	"unreviewed"	"unreviewed"	""	""	"m0-t276-s1-file-identity-taxonomy-001.md"
"MVDM-FILE-1453"	"vdmutils/graftabl/graftabl.c"	"vdmutils"	"source"	"dual-identical"	"O:\repos.external\OpenNT\base\mvdm\vdmutils\graftabl\graftabl.c"	"25af644f4f196b707fd0f2619fe7f1947cabdc73ab7e6436db4fa1e044bfc88b"	"byte-exact-verified"	"unreviewed"	"unreviewed"	""	""	"m0-t276-s1-file-identity-taxonomy-001.md"
"MVDM-FILE-1454"	"vdmutils/graftabl/graftabl.h"	"vdmutils"	"declaration"	"dual-identical"	"O:\repos.external\OpenNT\base\mvdm\vdmutils\graftabl\graftabl.h"	"55ed64f98b6587a5b2dd6a7beb2e5fce11c2851ae4830d535b345c99163b2008"	"byte-exact-verified"	"unreviewed"	"unreviewed"	""	""	"m0-t276-s1-file-identity-taxonomy-001.md"
"MVDM-FILE-1455"	"vdmutils/graftabl/graftabl.rc"	"vdmutils"	"resource-or-other"	"dual-identical"	"O:\repos.external\OpenNT\base\mvdm\vdmutils\graftabl\graftabl.rc"	"d032a168ffb2551773dd43f6684b3b34b755ca23a9314ec4137ccd27bdf98c81"	"byte-exact-verified"	"unreviewed"	"unreviewed"	""	""	"m0-t276-s1-file-identity-taxonomy-001.md"
"MVDM-FILE-1456"	"vdmutils/graftabl/makefile"	"vdmutils"	"resource-or-other"	"dual-identical"	"O:\repos.external\OpenNT\base\mvdm\vdmutils\graftabl\makefile"	"26957856e8a7f42a1740419cf3451497129f1d8284301d42f1a89ee13dd5a459"	"byte-exact-verified"	"unreviewed"	"unreviewed"	""	""	"m0-t276-s1-file-identity-taxonomy-001.md"
"MVDM-FILE-1457"	"vdmutils/graftabl/sources"	"vdmutils"	"resource-or-other"	"dual-identical"	"O:\repos.external\OpenNT\base\mvdm\vdmutils\graftabl\sources"	"9b6fedfd4357bf4a8c45426a6bff4dfa134588b0631471fba0d5eb8db1d4506a"	"byte-exact-verified"	"unreviewed"	"unreviewed"	""	""	"m0-t276-s1-file-identity-taxonomy-001.md"
"MVDM-FILE-1458"	"vdmutils/pifedit/makefile"	"vdmutils"	"resource-or-other"	"dual-identical"	"O:\repos.external\OpenNT\base\mvdm\vdmutils\pifedit\makefile"	"26957856e8a7f42a1740419cf3451497129f1d8284301d42f1a89ee13dd5a459"	"byte-exact-verified"	"unreviewed"	"unreviewed"	""	""	"m0-t276-s1-file-identity-taxonomy-001.md"
"MVDM-FILE-1459"	"vdmutils/pifedit/mods.c"	"vdmutils"	"source"	"dual-identical"	"O:\repos.external\OpenNT\base\mvdm\vdmutils\pifedit\mods.c"	"3fb2be0aad425335f1ca612d9979b8f59f4a0b541b690f495c9bf1d7e0c881e5"	"byte-exact-verified"	"unreviewed"	"unreviewed"	""	""	"m0-t276-s1-file-identity-taxonomy-001.md"
"MVDM-FILE-1460"	"vdmutils/pifedit/mods.h"	"vdmutils"	"declaration"	"dual-identical"	"O:\repos.external\OpenNT\base\mvdm\vdmutils\pifedit\mods.h"	"426786918b039cd80abc234f002354a89907e040b52a61d184b963e7d3a2d174"	"byte-exact-verified"	"unreviewed"	"unreviewed"	""	""	"m0-t276-s1-file-identity-taxonomy-001.md"
"MVDM-FILE-1461"	"vdmutils/pifedit/pif.def"	"vdmutils"	"resource-or-other"	"dual-identical"	"O:\repos.external\OpenNT\base\mvdm\vdmutils\pifedit\pif.def"	"79a710528daffa77faef458e590f2583a3f5954ae206b6b6f3eabed809441629"	"byte-exact-verified"	"unreviewed"	"unreviewed"	""	""	"m0-t276-s1-file-identity-taxonomy-001.md"
"MVDM-FILE-1462"	"vdmutils/pifedit/pifedit.c"	"vdmutils"	"source"	"dual-identical"	"O:\repos.external\OpenNT\base\mvdm\vdmutils\pifedit\pifedit.c"	"fe2330596f35c493bc5ffb6bb8daeea9eb97a557f788ed9b3650f6f8ffa7e278"	"byte-exact-verified"	"unreviewed"	"unreviewed"	""	""	"m0-t276-s1-file-identity-taxonomy-001.md"
"MVDM-FILE-1463"	"vdmutils/pifedit/pifedit.h"	"vdmutils"	"declaration"	"dual-identical"	"O:\repos.external\OpenNT\base\mvdm\vdmutils\pifedit\pifedit.h"	"56789c7ec827ae3a929e9f4cca1c8ba12758437febf4c1eaeba1f60b9b252673"	"byte-exact-verified"	"unreviewed"	"unreviewed"	""	""	"m0-t276-s1-file-identity-taxonomy-001.md"
"MVDM-FILE-1464"	"vdmutils/pifedit/pifedit.ico"	"vdmutils"	"resource-or-other"	"dual-identical"	"O:\repos.external\OpenNT\base\mvdm\vdmutils\pifedit\pifedit.ico"	"5a6a3034f6132a48b7e4929d528ef6cc1a589cae62573af5c788d42bbde70e5e"	"byte-exact-verified"	"unreviewed"	"unreviewed"	""	""	"m0-t276-s1-file-identity-taxonomy-001.md"
"MVDM-FILE-1465"	"vdmutils/pifedit/pifedit.rc"	"vdmutils"	"resource-or-other"	"dual-identical"	"O:\repos.external\OpenNT\base\mvdm\vdmutils\pifedit\pifedit.rc"	"f198facc157235f09227ef4bfd534c8f5ca13425244b84da08051865b66ed1ec"	"byte-exact-verified"	"unreviewed"	"unreviewed"	""	""	"m0-t276-s1-file-identity-taxonomy-001.md"
"MVDM-FILE-1466"	"vdmutils/pifedit/pifedit.rcv"	"vdmutils"	"resource-or-other"	"dual-identical"	"O:\repos.external\OpenNT\base\mvdm\vdmutils\pifedit\pifedit.rcv"	"740822d23ee2f692f3de8517393c1060d8288b36262ba2769fce33017bfeeaa5"	"byte-exact-verified"	"unreviewed"	"unreviewed"	""	""	"m0-t276-s1-file-identity-taxonomy-001.md"
"MVDM-FILE-1467"	"vdmutils/pifedit/pifhelp.h"	"vdmutils"	"declaration"	"dual-identical"	"O:\repos.external\OpenNT\base\mvdm\vdmutils\pifedit\pifhelp.h"	"057eea902d8e249e50e525d04f06ce0232b6787f022498f6d7207d06fee12e4c"	"byte-exact-verified"	"unreviewed"	"unreviewed"	""	""	"m0-t276-s1-file-identity-taxonomy-001.md"
"MVDM-FILE-1468"	"vdmutils/pifedit/pifsubs.c"	"vdmutils"	"source"	"dual-identical"	"O:\repos.external\OpenNT\base\mvdm\vdmutils\pifedit\pifsubs.c"	"4077c27c5ae06830d19c94014dcd327ca51e93c5acd3dc04bf1fa83ff6484ea2"	"byte-exact-verified"	"unreviewed"	"unreviewed"	""	""	"m0-t276-s1-file-identity-taxonomy-001.md"
"MVDM-FILE-1469"	"vdmutils/pifedit/sources"	"vdmutils"	"resource-or-other"	"dual-identical"	"O:\repos.external\OpenNT\base\mvdm\vdmutils\pifedit\sources"	"6e42ec1e708a75f99fefd3808223e87aff90606956b6e34d699f03b228947d9b"	"byte-exact-verified"	"unreviewed"	"unreviewed"	""	""	"m0-t276-s1-file-identity-taxonomy-001.md"
"MVDM-FILE-1470"	"vdmutils/win/makefile"	"vdmutils"	"resource-or-other"	"dual-identical"	"O:\repos.external\OpenNT\base\mvdm\vdmutils\win\makefile"	"26957856e8a7f42a1740419cf3451497129f1d8284301d42f1a89ee13dd5a459"	"byte-exact-verified"	"unreviewed"	"unreviewed"	""	""	"m0-t276-s1-file-identity-taxonomy-001.md"
"MVDM-FILE-1471"	"vdmutils/win/sources"	"vdmutils"	"resource-or-other"	"dual-identical"	"O:\repos.external\OpenNT\base\mvdm\vdmutils\win\sources"	"36554e6f651691fb3068891aeb2571c8221ceb96d6f70378deecf75d155d2e43"	"byte-exact-verified"	"unreviewed"	"unreviewed"	""	""	"m0-t276-s1-file-identity-taxonomy-001.md"
"MVDM-FILE-1472"	"vdmutils/win/win.c"	"vdmutils"	"source"	"dual-identical"	"O:\repos.external\OpenNT\base\mvdm\vdmutils\win\win.c"	"c654c38b0665308e44b80f60791a6a767a99d4618099758e5b00aa2607f788a0"	"byte-exact-verified"	"unreviewed"	"unreviewed"	""	""	"m0-t276-s1-file-identity-taxonomy-001.md"
"MVDM-FILE-1473"	"vdmutils/win/win.rc"	"vdmutils"	"resource-or-other"	"dual-identical"	"O:\repos.external\OpenNT\base\mvdm\vdmutils\win\win.rc"	"675467592bab44370f519b73ff6d7cac09195bafd67640f5154ea88244b2832c"	"byte-exact-verified"	"unreviewed"	"unreviewed"	""	""	"m0-t276-s1-file-identity-taxonomy-001.md"
"MVDM-FILE-1474"	"wow32/debug.c"	"wow32"	"source"	"dual-identical"	"O:\repos.external\OpenNT\base\mvdm\wow32\debug.c"	"0b78331bee5bd87ca5f786d162f345a46a04c255fdea1bc6733fb2f171ad02a2"	"byte-exact-verified"	"unreviewed"	"unreviewed"	""	""	"m0-t276-s1-file-identity-taxonomy-001.md"
"MVDM-FILE-1475"	"wow32/fastwow.h"	"wow32"	"declaration"	"dual-identical"	"O:\repos.external\OpenNT\base\mvdm\wow32\fastwow.h"	"0a59ccbb6b0bf66982352bfefda5c08867ec44dd9ff55731d2b701035d684520"	"byte-exact-verified"	"unreviewed"	"unreviewed"	""	""	"m0-t276-s1-file-identity-taxonomy-001.md"
"MVDM-FILE-1476"	"wow32/i386/callpr32.asm"	"wow32"	"source"	"dual-identical"	"O:\repos.external\OpenNT\base\mvdm\wow32\i386\callpr32.asm"	"03a5f10db0449058f61822adfa928713dfd8f5cf3f31f6a46656aff4d4c78be7"	"byte-exact-verified"	"unreviewed"	"unreviewed"	""	""	"m0-t276-s1-file-identity-taxonomy-001.md"
"MVDM-FILE-1477"	"wow32/i386/fastwow.asm"	"wow32"	"source"	"dual-identical"	"O:\repos.external\OpenNT\base\mvdm\wow32\i386\fastwow.asm"	"9b0c44d32edb5fdee9c20028cbecaf569f2c53cbac28048c1bd97e93248a07a9"	"byte-exact-verified"	"unreviewed"	"unreviewed"	""	""	"m0-t276-s1-file-identity-taxonomy-001.md"
"MVDM-FILE-1478"	"wow32/i386/sources"	"wow32"	"resource-or-other"	"dual-identical"	"O:\repos.external\OpenNT\base\mvdm\wow32\i386\sources"	"4c56f6aa3dbe83aa7a7a2b6f59abef8987c1856fa0834337df8a80aea364fa5a"	"byte-exact-verified"	"unreviewed"	"unreviewed"	""	""	"m0-t276-s1-file-identity-taxonomy-001.md"
"MVDM-FILE-1479"	"wow32/isvwow.h"	"wow32"	"declaration"	"dual-identical"	"O:\repos.external\OpenNT\base\mvdm\wow32\isvwow.h"	"3b8357d8fa20cfbebcf5307d0abf0471ad93d1c74cd2c9bbe2ea42e9d2f4e132"	"byte-exact-verified"	"unreviewed"	"unreviewed"	""	""	"m0-t276-s1-file-identity-taxonomy-001.md"
"MVDM-FILE-1480"	"wow32/isz.h"	"wow32"	"declaration"	"dual-identical"	"O:\repos.external\OpenNT\base\mvdm\wow32\isz.h"	"7168be4c0f441b97e25c04894ef9b331a1577adb002f6e5f116f262d25cd5892"	"byte-exact-verified"	"unreviewed"	"unreviewed"	""	""	"m0-t276-s1-file-identity-taxonomy-001.md"
"MVDM-FILE-1481"	"wow32/makefile"	"wow32"	"resource-or-other"	"dual-identical"	"O:\repos.external\OpenNT\base\mvdm\wow32\makefile"	"7e0e511bd718a1d3667b643b8e73d804762fe1c638337d7931a15fa69e05ce0e"	"byte-exact-verified"	"unreviewed"	"unreviewed"	""	""	"m0-t276-s1-file-identity-taxonomy-001.md"
"MVDM-FILE-1482"	"wow32/makefile.inc"	"wow32"	"declaration"	"dual-identical"	"O:\repos.external\OpenNT\base\mvdm\wow32\makefile.inc"	"a8c98a39578e2e01d9eab905a87aa2e7638efe1bd1328b3e7380ad7315b6de43"	"byte-exact-verified"	"unreviewed"	"unreviewed"	""	""	"m0-t276-s1-file-identity-taxonomy-001.md"
"MVDM-FILE-1483"	"wow32/mapembed.c"	"wow32"	"source"	"dual-identical"	"O:\repos.external\OpenNT\base\mvdm\wow32\mapembed.c"	"55c13643489f5bcc9419ce0341accb284f946d8d75352527a3b9181dfeb4a385"	"byte-exact-verified"	"unreviewed"	"unreviewed"	""	""	"m0-t276-s1-file-identity-taxonomy-001.md"
"MVDM-FILE-1484"	"wow32/mapembed.h"	"wow32"	"declaration"	"dual-identical"	"O:\repos.external\OpenNT\base\mvdm\wow32\mapembed.h"	"90fd350c4770756416917cf3e3318a7926b15760c1b15c32e22d9eb6fd045fd7"	"byte-exact-verified"	"unreviewed"	"unreviewed"	""	""	"m0-t276-s1-file-identity-taxonomy-001.md"
"MVDM-FILE-1485"	"wow32/precomp.h"	"wow32"	"declaration"	"dual-identical"	"O:\repos.external\OpenNT\base\mvdm\wow32\precomp.h"	"b4841d516682f6677332fede6ca47187bfdc132a288f71564378a1c87f7bb314"	"byte-exact-verified"	"unreviewed"	"unreviewed"	""	""	"m0-t276-s1-file-identity-taxonomy-001.md"
"MVDM-FILE-1486"	"wow32/sources"	"wow32"	"resource-or-other"	"dual-identical"	"O:\repos.external\OpenNT\base\mvdm\wow32\sources"	"d24767ff50c4c7017e6fcf5f550e120db0f580f7c07c77cbe7e99e4432f52b36"	"byte-exact-verified"	"unreviewed"	"unreviewed"	""	""	"m0-t276-s1-file-identity-taxonomy-001.md"
"MVDM-FILE-1487"	"wow32/sz.src"	"wow32"	"resource-or-other"	"dual-identical"	"O:\repos.external\OpenNT\base\mvdm\wow32\sz.src"	"8f2489b4e39f39531f5ef69be267d27ea4e9868863017225c81b9f0d72b8d107"	"byte-exact-verified"	"unreviewed"	"unreviewed"	""	""	"m0-t276-s1-file-identity-taxonomy-001.md"
"MVDM-FILE-1488"	"wow32/thunkdll.txt"	"wow32"	"resource-or-other"	"dual-identical"	"O:\repos.external\OpenNT\base\mvdm\wow32\thunkdll.txt"	"e5323e63e53dfe15e3c4f03a18fda80086038194b661f4543c08165e37aa44e2"	"byte-exact-verified"	"unreviewed"	"unreviewed"	""	""	"m0-t276-s1-file-identity-taxonomy-001.md"
"MVDM-FILE-1489"	"wow32/waccel.c"	"wow32"	"source"	"dual-identical"	"O:\repos.external\OpenNT\base\mvdm\wow32\waccel.c"	"c78dd24195e1a7d28dc3a9ee535b4104e9859f98ea8869f8f5591bc9c159a8e8"	"byte-exact-verified"	"unreviewed"	"unreviewed"	""	""	"m0-t276-s1-file-identity-taxonomy-001.md"
"MVDM-FILE-1490"	"wow32/waccel.h"	"wow32"	"declaration"	"dual-identical"	"O:\repos.external\OpenNT\base\mvdm\wow32\waccel.h"	"3e004870d439167f62980d25f331bc26a06e267b0df1c34688ceddbc69de223e"	"byte-exact-verified"	"unreviewed"	"unreviewed"	""	""	"m0-t276-s1-file-identity-taxonomy-001.md"
"MVDM-FILE-1491"	"wow32/walias.c"	"wow32"	"source"	"dual-identical"	"O:\repos.external\OpenNT\base\mvdm\wow32\walias.c"	"6118b6837c7ed291cc9d70446b7d691699d49c9ef6f2be60d8e0fac478d93b65"	"byte-exact-verified"	"unreviewed"	"unreviewed"	""	""	"m0-t276-s1-file-identity-taxonomy-001.md"
"MVDM-FILE-1492"	"wow32/walias.h"	"wow32"	"declaration"	"dual-identical"	"O:\repos.external\OpenNT\base\mvdm\wow32\walias.h"	"c87ae2f07b48f09276d205e2236d97f084f75f21706c524cb27734a3e36001cc"	"byte-exact-verified"	"unreviewed"	"unreviewed"	""	""	"m0-t276-s1-file-identity-taxonomy-001.md"
"MVDM-FILE-1493"	"wow32/walloc16.c"	"wow32"	"source"	"dual-identical"	"O:\repos.external\OpenNT\base\mvdm\wow32\walloc16.c"	"6a1111899adf5351e03f9989325d2412ef0716da307a36793dc35abf585c81f2"	"byte-exact-verified"	"unreviewed"	"unreviewed"	""	""	"m0-t276-s1-file-identity-taxonomy-001.md"
"MVDM-FILE-1494"	"wow32/wcall16.c"	"wow32"	"source"	"dual-identical"	"O:\repos.external\OpenNT\base\mvdm\wow32\wcall16.c"	"4875844abfb8d22025480c14174481a194779d83759ce3a696e978b68c55a9f0"	"byte-exact-verified"	"unreviewed"	"unreviewed"	""	""	"m0-t276-s1-file-identity-taxonomy-001.md"
"MVDM-FILE-1495"	"wow32/wcall16.h"	"wow32"	"declaration"	"dual-identical"	"O:\repos.external\OpenNT\base\mvdm\wow32\wcall16.h"	"a1e95e5b8c27bb71613ba0c47c3181f000529d98235601da58b6a1169d79f01e"	"byte-exact-verified"	"unreviewed"	"unreviewed"	""	""	"m0-t276-s1-file-identity-taxonomy-001.md"
"MVDM-FILE-1496"	"wow32/wcall32.c"	"wow32"	"source"	"dual-identical"	"O:\repos.external\OpenNT\base\mvdm\wow32\wcall32.c"	"0f72ae39e691f3ef672df4f1aeb3ebb6443e87f091fb6322ef1c13604ab3d571"	"byte-exact-verified"	"unreviewed"	"unreviewed"	""	""	"m0-t276-s1-file-identity-taxonomy-001.md"
"MVDM-FILE-1497"	"wow32/wcall32.h"	"wow32"	"declaration"	"dual-identical"	"O:\repos.external\OpenNT\base\mvdm\wow32\wcall32.h"	"1432b8d6f2adacb9ef23ef85991079ecd0e39a4c2675cb535d04e04beb8d04ab"	"byte-exact-verified"	"unreviewed"	"unreviewed"	""	""	"m0-t276-s1-file-identity-taxonomy-001.md"
"MVDM-FILE-1498"	"wow32/wcmdgtbl.h"	"wow32"	"declaration"	"dual-identical"	"O:\repos.external\OpenNT\base\mvdm\wow32\wcmdgtbl.h"	"4c320281e81d1cecfad832587c4887e9d96e09488348234bc276ff4b5cc00b32"	"byte-exact-verified"	"unreviewed"	"unreviewed"	""	""	"m0-t276-s1-file-identity-taxonomy-001.md"
"MVDM-FILE-1499"	"wow32/wcntl32.c"	"wow32"	"source"	"dual-identical"	"O:\repos.external\OpenNT\base\mvdm\wow32\wcntl32.c"	"36c8cb9a46f13998d0459bc4869dc6dd4191423c0429a7335ebd26f68c804b59"	"byte-exact-verified"	"unreviewed"	"unreviewed"	""	""	"m0-t276-s1-file-identity-taxonomy-001.md"
"MVDM-FILE-1500"	"wow32/wcntl32.h"	"wow32"	"declaration"	"dual-identical"	"O:\repos.external\OpenNT\base\mvdm\wow32\wcntl32.h"	"cb390c859ceb36946be4baec6b91d517bdb130c047e64249ff7ca688d1bbf7bd"	"byte-exact-verified"	"unreviewed"	"unreviewed"	""	""	"m0-t276-s1-file-identity-taxonomy-001.md"
"MVDM-FILE-1501"	"wow32/wcommdlg.c"	"wow32"	"source"	"dual-identical"	"O:\repos.external\OpenNT\base\mvdm\wow32\wcommdlg.c"	"01ce83329ae37a3e987971398115b8c7b5d9dcbc3320bdffaaa595244740a7d0"	"byte-exact-verified"	"unreviewed"	"unreviewed"	""	""	"m0-t276-s1-file-identity-taxonomy-001.md"
"MVDM-FILE-1502"	"wow32/wcommdlg.h"	"wow32"	"declaration"	"dual-identical"	"O:\repos.external\OpenNT\base\mvdm\wow32\wcommdlg.h"	"f2229629fe88ac3a5243200af9f9f92a6a853d39322fd470de1cba588a5e9e69"	"byte-exact-verified"	"unreviewed"	"unreviewed"	""	""	"m0-t276-s1-file-identity-taxonomy-001.md"
"MVDM-FILE-1503"	"wow32/wctlm32.c"	"wow32"	"source"	"dual-identical"	"O:\repos.external\OpenNT\base\mvdm\wow32\wctlm32.c"	"e5c1218929f64a5bb1c2227ab1903e095e0db50e3a1f44dbb4ad4a028579b8ca"	"byte-exact-verified"	"unreviewed"	"unreviewed"	""	""	"m0-t276-s1-file-identity-taxonomy-001.md"
"MVDM-FILE-1504"	"wow32/wctlm32.h"	"wow32"	"declaration"	"dual-identical"	"O:\repos.external\OpenNT\base\mvdm\wow32\wctlm32.h"	"fdc8d63510adb6ca75d03db984d7812e1711cbddbf23f3f654a3b8d5fbbe253b"	"byte-exact-verified"	"unreviewed"	"unreviewed"	""	""	"m0-t276-s1-file-identity-taxonomy-001.md"
"MVDM-FILE-1505"	"wow32/wcurcash.c"	"wow32"	"source"	"dual-identical"	"O:\repos.external\OpenNT\base\mvdm\wow32\wcurcash.c"	"ed9fa5ee3eb6ce9059d58f21dea3a7416b0229678f7f62918de02a2cf78d0e61"	"byte-exact-verified"	"unreviewed"	"unreviewed"	""	""	"m0-t276-s1-file-identity-taxonomy-001.md"
"MVDM-FILE-1506"	"wow32/wcurcash.h"	"wow32"	"declaration"	"dual-identical"	"O:\repos.external\OpenNT\base\mvdm\wow32\wcurcash.h"	"159b3e0683659f36f567e5c7878bbadb82f6dfbbcc180eaeca1487baef229231"	"byte-exact-verified"	"unreviewed"	"unreviewed"	""	""	"m0-t276-s1-file-identity-taxonomy-001.md"
"MVDM-FILE-1507"	"wow32/wcuricon.c"	"wow32"	"source"	"dual-identical"	"O:\repos.external\OpenNT\base\mvdm\wow32\wcuricon.c"	"5f654ab2a98b2925474dffd49c5a3abaaefacf6193375af3794e70731c4e8673"	"byte-exact-verified"	"unreviewed"	"unreviewed"	""	""	"m0-t276-s1-file-identity-taxonomy-001.md"
"MVDM-FILE-1508"	"wow32/wcuricon.h"	"wow32"	"declaration"	"dual-identical"	"O:\repos.external\OpenNT\base\mvdm\wow32\wcuricon.h"	"34064bbf8e47655ea4a92a3c9d26a6befbca2a8497af3f82fa557bbaec29ce81"	"byte-exact-verified"	"unreviewed"	"unreviewed"	""	""	"m0-t276-s1-file-identity-taxonomy-001.md"
"MVDM-FILE-1509"	"wow32/wdde.c"	"wow32"	"source"	"dual-identical"	"O:\repos.external\OpenNT\base\mvdm\wow32\wdde.c"	"859efd3356f46b646af8373112297212de2016de9a2587af580d6d99b64df6aa"	"byte-exact-verified"	"unreviewed"	"unreviewed"	""	""	"m0-t276-s1-file-identity-taxonomy-001.md"
"MVDM-FILE-1510"	"wow32/wdde.h"	"wow32"	"declaration"	"dual-identical"	"O:\repos.external\OpenNT\base\mvdm\wow32\wdde.h"	"05839ffe54047bacc09dbc2d9ad76e8e6dfc4adfa9d0de324c7d9f25001609d4"	"byte-exact-verified"	"unreviewed"	"unreviewed"	""	""	"m0-t276-s1-file-identity-taxonomy-001.md"
"MVDM-FILE-1511"	"wow32/wddeml32.c"	"wow32"	"source"	"dual-identical"	"O:\repos.external\OpenNT\base\mvdm\wow32\wddeml32.c"	"13db1e133cbb9be8037fe9a57b1cf637f744ef23c9277697c096486bde3a8c2c"	"byte-exact-verified"	"unreviewed"	"unreviewed"	""	""	"m0-t276-s1-file-identity-taxonomy-001.md"
"MVDM-FILE-1512"	"wow32/wddeml32.h"	"wow32"	"declaration"	"dual-identical"	"O:\repos.external\OpenNT\base\mvdm\wow32\wddeml32.h"	"b74cda34ec90308aa0212142e7282a878dd7c2267a0305c07147543c0b0a0a52"	"byte-exact-verified"	"unreviewed"	"unreviewed"	""	""	"m0-t276-s1-file-identity-taxonomy-001.md"
"MVDM-FILE-1513"	"wow32/wddetbl2.h"	"wow32"	"declaration"	"dual-identical"	"O:\repos.external\OpenNT\base\mvdm\wow32\wddetbl2.h"	"ae89a2a82c10ad6ff2b8a41f7e876af2286b9ad48c8441b7726d901483e30148"	"byte-exact-verified"	"unreviewed"	"unreviewed"	""	""	"m0-t276-s1-file-identity-taxonomy-001.md"
"MVDM-FILE-1514"	"wow32/wdib.c"	"wow32"	"source"	"dual-identical"	"O:\repos.external\OpenNT\base\mvdm\wow32\wdib.c"	"d0bd4f9cb7bba0dc5e977a8c096337df0830e3804ef6aeb8759cf979176dd910"	"byte-exact-verified"	"unreviewed"	"unreviewed"	""	""	"m0-t276-s1-file-identity-taxonomy-001.md"
"MVDM-FILE-1515"	"wow32/wdib.h"	"wow32"	"declaration"	"dual-identical"	"O:\repos.external\OpenNT\base\mvdm\wow32\wdib.h"	"ac3c662cad367dc6c63c0812a376fbcc7bae5df7407bae6eadbcfaeee3d78cf4"	"byte-exact-verified"	"unreviewed"	"unreviewed"	""	""	"m0-t276-s1-file-identity-taxonomy-001.md"
"MVDM-FILE-1516"	"wow32/wdos.c"	"wow32"	"source"	"dual-identical"	"O:\repos.external\OpenNT\base\mvdm\wow32\wdos.c"	"e87b5cb3825ed937266c3badd287efd03cec3af0c26acb32ccc86d71fa47f314"	"byte-exact-verified"	"unreviewed"	"unreviewed"	""	""	"m0-t276-s1-file-identity-taxonomy-001.md"
"MVDM-FILE-1517"	"wow32/wdos.h"	"wow32"	"declaration"	"dual-identical"	"O:\repos.external\OpenNT\base\mvdm\wow32\wdos.h"	"1423fd130d03880c90591f8f31885800f93cbcee405b59894bb984424293966d"	"byte-exact-verified"	"unreviewed"	"unreviewed"	""	""	"m0-t276-s1-file-identity-taxonomy-001.md"
"MVDM-FILE-1518"	"wow32/wgdi.c"	"wow32"	"source"	"dual-identical"	"O:\repos.external\OpenNT\base\mvdm\wow32\wgdi.c"	"4c28e5166b294ac2a17982b3ff6e6559f369b8a8a2dd766aa18e16c8f74379d6"	"byte-exact-verified"	"unreviewed"	"unreviewed"	""	""	"m0-t276-s1-file-identity-taxonomy-001.md"
"MVDM-FILE-1519"	"wow32/wgdi.h"	"wow32"	"declaration"	"dual-identical"	"O:\repos.external\OpenNT\base\mvdm\wow32\wgdi.h"	"14bed9c13085e4165a1912c69f0942da5637489fc536cc415f3883366ad034d6"	"byte-exact-verified"	"unreviewed"	"unreviewed"	""	""	"m0-t276-s1-file-identity-taxonomy-001.md"
"MVDM-FILE-1520"	"wow32/wgdi31.c"	"wow32"	"source"	"dual-identical"	"O:\repos.external\OpenNT\base\mvdm\wow32\wgdi31.c"	"38d1d570fd1625affdf99eb1ce072e78b26a532abfd5fc9dd32c10b2c46d06e6"	"byte-exact-verified"	"unreviewed"	"unreviewed"	""	""	"m0-t276-s1-file-identity-taxonomy-001.md"
"MVDM-FILE-1521"	"wow32/wgdi31.h"	"wow32"	"declaration"	"dual-identical"	"O:\repos.external\OpenNT\base\mvdm\wow32\wgdi31.h"	"e7be60e1d9b0c2faa7bc42fb02ae3cf0fc188f6f00729c88e7e8f9ca33280b37"	"byte-exact-verified"	"unreviewed"	"unreviewed"	""	""	"m0-t276-s1-file-identity-taxonomy-001.md"
"MVDM-FILE-1522"	"wow32/wgfont.c"	"wow32"	"source"	"dual-identical"	"O:\repos.external\OpenNT\base\mvdm\wow32\wgfont.c"	"383a2aecb42c3b96aee822559f9c9d331c1ed7bcdc7e089d018defc33c3fc969"	"byte-exact-verified"	"unreviewed"	"unreviewed"	""	""	"m0-t276-s1-file-identity-taxonomy-001.md"
"MVDM-FILE-1523"	"wow32/wgfont.h"	"wow32"	"declaration"	"dual-identical"	"O:\repos.external\OpenNT\base\mvdm\wow32\wgfont.h"	"cfe03bfc28c71e6aac2715112a591f7cab7b1d0eb9d06d4cf97fdcba21d0e15d"	"byte-exact-verified"	"unreviewed"	"unreviewed"	""	""	"m0-t276-s1-file-identity-taxonomy-001.md"
"MVDM-FILE-1524"	"wow32/wgman.c"	"wow32"	"source"	"dual-identical"	"O:\repos.external\OpenNT\base\mvdm\wow32\wgman.c"	"c3bd58fc081256af5f14653f1a15f56693bcf06ea5b20c2e15e4e0ddcc29b101"	"byte-exact-verified"	"unreviewed"	"unreviewed"	""	""	"m0-t276-s1-file-identity-taxonomy-001.md"
"MVDM-FILE-1525"	"wow32/wgman.h"	"wow32"	"declaration"	"dual-identical"	"O:\repos.external\OpenNT\base\mvdm\wow32\wgman.h"	"191937f2eae51746a02815de843a897418de73b19c99aabed93085a99e1d477c"	"byte-exact-verified"	"unreviewed"	"unreviewed"	""	""	"m0-t276-s1-file-identity-taxonomy-001.md"
"MVDM-FILE-1526"	"wow32/wgmeta.c"	"wow32"	"source"	"dual-identical"	"O:\repos.external\OpenNT\base\mvdm\wow32\wgmeta.c"	"213b4aa2f1f7a11ac310d7152027da2da0ea804b9efeb6fefc0cf609ce3d5260"	"byte-exact-verified"	"unreviewed"	"unreviewed"	""	""	"m0-t276-s1-file-identity-taxonomy-001.md"
"MVDM-FILE-1527"	"wow32/wgmeta.h"	"wow32"	"declaration"	"dual-identical"	"O:\repos.external\OpenNT\base\mvdm\wow32\wgmeta.h"	"2a20dc9ab3210f9015615520de2e759f896d64ab9aa2631c754c954944696cae"	"byte-exact-verified"	"unreviewed"	"unreviewed"	""	""	"m0-t276-s1-file-identity-taxonomy-001.md"
"MVDM-FILE-1528"	"wow32/wgpal.c"	"wow32"	"source"	"dual-identical"	"O:\repos.external\OpenNT\base\mvdm\wow32\wgpal.c"	"942bd3c12615416a532638df4b53a08e963bd1e60dd0d081fd34765ace0872c8"	"byte-exact-verified"	"unreviewed"	"unreviewed"	""	""	"m0-t276-s1-file-identity-taxonomy-001.md"
"MVDM-FILE-1529"	"wow32/wgpal.h"	"wow32"	"declaration"	"dual-identical"	"O:\repos.external\OpenNT\base\mvdm\wow32\wgpal.h"	"183c2384851dfae9bda593970eca2ecc9e1e940f0418b84ff477af7e86eaf582"	"byte-exact-verified"	"unreviewed"	"unreviewed"	""	""	"m0-t276-s1-file-identity-taxonomy-001.md"
"MVDM-FILE-1530"	"wow32/wgprnset.c"	"wow32"	"source"	"dual-identical"	"O:\repos.external\OpenNT\base\mvdm\wow32\wgprnset.c"	"7e53074328ace93ae8ce39fb218fa780ff868999b40f7904fdbbff45fbd7b990"	"byte-exact-verified"	"unreviewed"	"unreviewed"	""	""	"m0-t276-s1-file-identity-taxonomy-001.md"
"MVDM-FILE-1531"	"wow32/wgprnset.h"	"wow32"	"declaration"	"dual-identical"	"O:\repos.external\OpenNT\base\mvdm\wow32\wgprnset.h"	"6a5b7b76249b5209aa7d4b9fd2f6c29786676f3293af68a4fdc0fee1e52bd9e7"	"byte-exact-verified"	"unreviewed"	"unreviewed"	""	""	"m0-t276-s1-file-identity-taxonomy-001.md"
"MVDM-FILE-1532"	"wow32/wgtbl.h"	"wow32"	"declaration"	"dual-identical"	"O:\repos.external\OpenNT\base\mvdm\wow32\wgtbl.h"	"43cc4724b0e6040c0ed6cdf12c4478c40a1e0bcd3b74bf6b32d91b9f77df71a1"	"byte-exact-verified"	"unreviewed"	"unreviewed"	""	""	"m0-t276-s1-file-identity-taxonomy-001.md"
"MVDM-FILE-1533"	"wow32/wgtbl2.h"	"wow32"	"declaration"	"dual-identical"	"O:\repos.external\OpenNT\base\mvdm\wow32\wgtbl2.h"	"dacd3dad507bf731b23f4cd80ba402027dd9727b3e2b15d9ec33f0764bbdbd07"	"byte-exact-verified"	"unreviewed"	"unreviewed"	""	""	"m0-t276-s1-file-identity-taxonomy-001.md"
"MVDM-FILE-1534"	"wow32/wgtext.c"	"wow32"	"source"	"dual-identical"	"O:\repos.external\OpenNT\base\mvdm\wow32\wgtext.c"	"863efa2383afddc1419d291c94112cbc87e918da59a33ecd483884c323d3afdd"	"byte-exact-verified"	"unreviewed"	"unreviewed"	""	""	"m0-t276-s1-file-identity-taxonomy-001.md"
"MVDM-FILE-1535"	"wow32/wgtext.h"	"wow32"	"declaration"	"dual-identical"	"O:\repos.external\OpenNT\base\mvdm\wow32\wgtext.h"	"3253e077da714ad87bc526a55522032290ff8e9a8f2728df490fe1db05ea5ef5"	"byte-exact-verified"	"unreviewed"	"unreviewed"	""	""	"m0-t276-s1-file-identity-taxonomy-001.md"
"MVDM-FILE-1536"	"wow32/wheap.c"	"wow32"	"source"	"dual-identical"	"O:\repos.external\OpenNT\base\mvdm\wow32\wheap.c"	"be3af89da01d5a6f296a47b7e505e2d6598b4c4e1a5cb35e76dab3ac839848de"	"byte-exact-verified"	"unreviewed"	"unreviewed"	""	""	"m0-t276-s1-file-identity-taxonomy-001.md"
"MVDM-FILE-1537"	"wow32/wheap.h"	"wow32"	"declaration"	"dual-identical"	"O:\repos.external\OpenNT\base\mvdm\wow32\wheap.h"	"2f2d102a6651259fe3fa290d63beb8544f1d54d08c930ae4a12efaf0bd55d7d4"	"byte-exact-verified"	"unreviewed"	"unreviewed"	""	""	"m0-t276-s1-file-identity-taxonomy-001.md"
"MVDM-FILE-1538"	"wow32/win30api.xls"	"wow32"	"resource-or-other"	"dual-identical"	"O:\repos.external\OpenNT\base\mvdm\wow32\win30api.xls"	"440676f0e110c9cfcffbb246d364a50198323c716fee98fc9c642c69102d11be"	"byte-exact-verified"	"unreviewed"	"unreviewed"	""	""	"m0-t276-s1-file-identity-taxonomy-001.md"
"MVDM-FILE-1539"	"wow32/winsockp.h"	"wow32"	"declaration"	"dual-identical"	"O:\repos.external\OpenNT\base\mvdm\wow32\winsockp.h"	"08e825ba1ce4b4226bf46045ffb2c0dad08e38a6a9bbb18653215c64a05086d1"	"byte-exact-verified"	"unreviewed"	"unreviewed"	""	""	"m0-t276-s1-file-identity-taxonomy-001.md"
"MVDM-FILE-1540"	"wow32/winspldl.h"	"wow32"	"declaration"	"dual-identical"	"O:\repos.external\OpenNT\base\mvdm\wow32\winspldl.h"	"1536afd93c023039e526ef708f405d80a8b1af5683ee9feb6ba16959860a847e"	"byte-exact-verified"	"unreviewed"	"unreviewed"	""	""	"m0-t276-s1-file-identity-taxonomy-001.md"
"MVDM-FILE-1541"	"wow32/wintype.xls"	"wow32"	"resource-or-other"	"dual-identical"	"O:\repos.external\OpenNT\base\mvdm\wow32\wintype.xls"	"2c6acd290adcaf4d44620539af833aa58b28cd8845cb0d3d4789211085ef9bd0"	"byte-exact-verified"	"unreviewed"	"unreviewed"	""	""	"m0-t276-s1-file-identity-taxonomy-001.md"
"MVDM-FILE-1542"	"wow32/witbl.h"	"wow32"	"declaration"	"dual-identical"	"O:\repos.external\OpenNT\base\mvdm\wow32\witbl.h"	"f6c77e7764d702501085ce7be7f8d8ba79cb70673e6830cb9b7fd7d0550a2a03"	"byte-exact-verified"	"unreviewed"	"unreviewed"	""	""	"m0-t276-s1-file-identity-taxonomy-001.md"
"MVDM-FILE-1543"	"wow32/wkbdtbl2.h"	"wow32"	"declaration"	"dual-identical"	"O:\repos.external\OpenNT\base\mvdm\wow32\wkbdtbl2.h"	"b00166f7abf269442fa1aa4b5c07ab1c08ab126c15e886dd654f519fbeabb0eb"	"byte-exact-verified"	"unreviewed"	"unreviewed"	""	""	"m0-t276-s1-file-identity-taxonomy-001.md"
"MVDM-FILE-1544"	"wow32/wkbman.c"	"wow32"	"source"	"dual-identical"	"O:\repos.external\OpenNT\base\mvdm\wow32\wkbman.c"	"d5d728a2e7527814343bd2470bce98ca9028796ff7e404c7fe7b57abbcfe4367"	"byte-exact-verified"	"unreviewed"	"unreviewed"	""	""	"m0-t276-s1-file-identity-taxonomy-001.md"
"MVDM-FILE-1545"	"wow32/wkbman.h"	"wow32"	"declaration"	"dual-identical"	"O:\repos.external\OpenNT\base\mvdm\wow32\wkbman.h"	"518922370d849b9e37f564f48b786f45559710af7677cc43b62d5aad85f929cc"	"byte-exact-verified"	"unreviewed"	"unreviewed"	""	""	"m0-t276-s1-file-identity-taxonomy-001.md"
"MVDM-FILE-1546"	"wow32/wkbtbl.h"	"wow32"	"declaration"	"dual-identical"	"O:\repos.external\OpenNT\base\mvdm\wow32\wkbtbl.h"	"416aa19bd74bfdf5b5b4bb7ae849fee56e9ecc378f47eea9f70ed252d8db8cc6"	"byte-exact-verified"	"unreviewed"	"unreviewed"	""	""	"m0-t276-s1-file-identity-taxonomy-001.md"
"MVDM-FILE-1547"	"wow32/wkernel.c"	"wow32"	"source"	"dual-identical"	"O:\repos.external\OpenNT\base\mvdm\wow32\wkernel.c"	"c07f5e981d65f6911419990292fd3466d487fd79ff52b4819bb9905f808e68bd"	"byte-exact-verified"	"unreviewed"	"unreviewed"	""	""	"m0-t276-s1-file-identity-taxonomy-001.md"
"MVDM-FILE-1548"	"wow32/wkernel.h"	"wow32"	"declaration"	"dual-identical"	"O:\repos.external\OpenNT\base\mvdm\wow32\wkernel.h"	"f5a886addec40935bd442845052c54bf7c56d54ccfd96b0a408ce6d24e607184"	"byte-exact-verified"	"unreviewed"	"unreviewed"	""	""	"m0-t276-s1-file-identity-taxonomy-001.md"
"MVDM-FILE-1549"	"wow32/wkfileio.c"	"wow32"	"source"	"dual-identical"	"O:\repos.external\OpenNT\base\mvdm\wow32\wkfileio.c"	"3437d0886ec49109668f09a46f5cf8b533ccfbd08f78ef441cbf71853482a8ad"	"byte-exact-verified"	"unreviewed"	"unreviewed"	""	""	"m0-t276-s1-file-identity-taxonomy-001.md"
"MVDM-FILE-1550"	"wow32/wkfileio.h"	"wow32"	"declaration"	"dual-identical"	"O:\repos.external\OpenNT\base\mvdm\wow32\wkfileio.h"	"c60b67d47069d212a75fef09a3bad25542caeaac77d5a442dfc3e4217923ed14"	"byte-exact-verified"	"unreviewed"	"unreviewed"	""	""	"m0-t276-s1-file-identity-taxonomy-001.md"
"MVDM-FILE-1551"	"wow32/wkglobal.c"	"wow32"	"source"	"dual-identical"	"O:\repos.external\OpenNT\base\mvdm\wow32\wkglobal.c"	"7b7e81edae26d68f6577a4928274ff7244637807805b268e62d4ee3ce3e7a1e9"	"byte-exact-verified"	"unreviewed"	"unreviewed"	""	""	"m0-t276-s1-file-identity-taxonomy-001.md"
"MVDM-FILE-1552"	"wow32/wkglobal.h"	"wow32"	"declaration"	"dual-identical"	"O:\repos.external\OpenNT\base\mvdm\wow32\wkglobal.h"	"3f17fae6a9962af439050e188e139d264bbb33b059de1d450048d904d3b5f3d2"	"byte-exact-verified"	"unreviewed"	"unreviewed"	""	""	"m0-t276-s1-file-identity-taxonomy-001.md"
"MVDM-FILE-1553"	"wow32/wkgthunk.c"	"wow32"	"source"	"dual-identical"	"O:\repos.external\OpenNT\base\mvdm\wow32\wkgthunk.c"	"787dfd9d5135b71cdff6ca2bcc8145bd3edf5e2ea26b7e9c87b14176f82efeec"	"byte-exact-verified"	"unreviewed"	"unreviewed"	""	""	"m0-t276-s1-file-identity-taxonomy-001.md"
"MVDM-FILE-1554"	"wow32/wkgthunk.h"	"wow32"	"declaration"	"dual-identical"	"O:\repos.external\OpenNT\base\mvdm\wow32\wkgthunk.h"	"87e01c6d4e7dd4cd96238649530a7a3fc180b06cc4c060b49ab45cb892e74993"	"byte-exact-verified"	"unreviewed"	"unreviewed"	""	""	"m0-t276-s1-file-identity-taxonomy-001.md"
"MVDM-FILE-1555"	"wow32/wklocal.c"	"wow32"	"source"	"dual-identical"	"O:\repos.external\OpenNT\base\mvdm\wow32\wklocal.c"	"88faeb38403ed790ff538383125b7bf1481a125d1f3f9c69f79bc1e6e1ef6ecb"	"byte-exact-verified"	"unreviewed"	"unreviewed"	""	""	"m0-t276-s1-file-identity-taxonomy-001.md"
"MVDM-FILE-1556"	"wow32/wklocal.h"	"wow32"	"declaration"	"dual-identical"	"O:\repos.external\OpenNT\base\mvdm\wow32\wklocal.h"	"c80f41bf0882c55f2935ff2cfa82a2fc590b63a92dcb0837898489275875749a"	"byte-exact-verified"	"unreviewed"	"unreviewed"	""	""	"m0-t276-s1-file-identity-taxonomy-001.md"
"MVDM-FILE-1557"	"wow32/wkman.c"	"wow32"	"source"	"dual-identical"	"O:\repos.external\OpenNT\base\mvdm\wow32\wkman.c"	"56be1989f2bc3acaffcfa6345b20e38f5e7312badf03af04d4565f8f4a489ac9"	"byte-exact-verified"	"unreviewed"	"unreviewed"	""	""	"m0-t276-s1-file-identity-taxonomy-001.md"
"MVDM-FILE-1558"	"wow32/wkman.h"	"wow32"	"declaration"	"dual-identical"	"O:\repos.external\OpenNT\base\mvdm\wow32\wkman.h"	"730ec4dee5b07377c8533a82596ba9a9934ce74af355603aa6bad2637ad3bc8c"	"byte-exact-verified"	"unreviewed"	"unreviewed"	""	""	"m0-t276-s1-file-identity-taxonomy-001.md"
"MVDM-FILE-1559"	"wow32/wkmem.c"	"wow32"	"source"	"dual-identical"	"O:\repos.external\OpenNT\base\mvdm\wow32\wkmem.c"	"9d0fae5e7719398d5d9776602664d5f9a0dd4bdd81e79616ad848035007d4722"	"byte-exact-verified"	"unreviewed"	"unreviewed"	""	""	"m0-t276-s1-file-identity-taxonomy-001.md"
"MVDM-FILE-1560"	"wow32/wkmem.h"	"wow32"	"declaration"	"dual-identical"	"O:\repos.external\OpenNT\base\mvdm\wow32\wkmem.h"	"313bd585b854ddfa21d8029814d78a5560aef3564179cef82e5819fbf64da524"	"byte-exact-verified"	"unreviewed"	"unreviewed"	""	""	"m0-t276-s1-file-identity-taxonomy-001.md"
"MVDM-FILE-1561"	"wow32/wktbl.h"	"wow32"	"declaration"	"dual-identical"	"O:\repos.external\OpenNT\base\mvdm\wow32\wktbl.h"	"054dc8c4703bde7388d9131dd84c9d3d64913d42a4f251eb89088587a0c2347f"	"byte-exact-verified"	"unreviewed"	"unreviewed"	""	""	"m0-t276-s1-file-identity-taxonomy-001.md"
"MVDM-FILE-1562"	"wow32/wktbl2.h"	"wow32"	"declaration"	"dual-identical"	"O:\repos.external\OpenNT\base\mvdm\wow32\wktbl2.h"	"906a9371263f08ca073aa74d0f87b57076c21fdea5587b930398582b7c16b6f9"	"byte-exact-verified"	"unreviewed"	"unreviewed"	""	""	"m0-t276-s1-file-identity-taxonomy-001.md"
"MVDM-FILE-1563"	"wow32/wmdisp32.c"	"wow32"	"source"	"dual-identical"	"O:\repos.external\OpenNT\base\mvdm\wow32\wmdisp32.c"	"4a9004c1f57af28280d0176afd72cae76a7fbae90ffb758426c287435e5912d4"	"byte-exact-verified"	"unreviewed"	"unreviewed"	""	""	"m0-t276-s1-file-identity-taxonomy-001.md"
"MVDM-FILE-1564"	"wow32/wmdisp32.h"	"wow32"	"declaration"	"dual-identical"	"O:\repos.external\OpenNT\base\mvdm\wow32\wmdisp32.h"	"4102d319dbaf7dc0ed6759efbdcec83e2882af708cd7f70c97cacc50cd0e0057"	"byte-exact-verified"	"unreviewed"	"unreviewed"	""	""	"m0-t276-s1-file-identity-taxonomy-001.md"
"MVDM-FILE-1565"	"wow32/wmmalias.c"	"wow32"	"source"	"dual-identical"	"O:\repos.external\OpenNT\base\mvdm\wow32\wmmalias.c"	"d4949206f261d22f80f96e769388aee94037b27092c69c68ec058619f843f4fb"	"byte-exact-verified"	"unreviewed"	"unreviewed"	""	""	"m0-t276-s1-file-identity-taxonomy-001.md"
"MVDM-FILE-1566"	"wow32/wmmalias.h"	"wow32"	"declaration"	"dual-identical"	"O:\repos.external\OpenNT\base\mvdm\wow32\wmmalias.h"	"48bcee7abcca92bafd6dcea4bcfd9437bae10c170bb9bfee4db587e00e134cc0"	"byte-exact-verified"	"unreviewed"	"unreviewed"	""	""	"m0-t276-s1-file-identity-taxonomy-001.md"
"MVDM-FILE-1567"	"wow32/wmmedia.c"	"wow32"	"source"	"dual-identical"	"O:\repos.external\OpenNT\base\mvdm\wow32\wmmedia.c"	"fbc4695791937fea487c91a0ba964e19625ebf4793c0123238100628fa95fd08"	"byte-exact-verified"	"unreviewed"	"unreviewed"	""	""	"m0-t276-s1-file-identity-taxonomy-001.md"
"MVDM-FILE-1568"	"wow32/wmmedia.h"	"wow32"	"declaration"	"dual-identical"	"O:\repos.external\OpenNT\base\mvdm\wow32\wmmedia.h"	"7b2e07ac7da3864922a65586539c19945344ed04df1d53d26e38119102a69801"	"byte-exact-verified"	"unreviewed"	"unreviewed"	""	""	"m0-t276-s1-file-identity-taxonomy-001.md"
"MVDM-FILE-1569"	"wow32/wmmedia1.c"	"wow32"	"source"	"dual-identical"	"O:\repos.external\OpenNT\base\mvdm\wow32\wmmedia1.c"	"74b1872bf1afff7a59721564f52b33c4fd74d9d7e329ccdbff33f6bd612778d2"	"byte-exact-verified"	"unreviewed"	"unreviewed"	""	""	"m0-t276-s1-file-identity-taxonomy-001.md"
"MVDM-FILE-1570"	"wow32/wmmedia2.c"	"wow32"	"source"	"dual-identical"	"O:\repos.external\OpenNT\base\mvdm\wow32\wmmedia2.c"	"4a2a6e5e6c6e7172cb3fea4bb9035a18c7c5a292618b9eb507b71ae9f7d76856"	"byte-exact-verified"	"unreviewed"	"unreviewed"	""	""	"m0-t276-s1-file-identity-taxonomy-001.md"
"MVDM-FILE-1571"	"wow32/wmmstru1.c"	"wow32"	"source"	"dual-identical"	"O:\repos.external\OpenNT\base\mvdm\wow32\wmmstru1.c"	"8480eec46ce4371647743d176d19709a9902a749a84452a5743f1a72ab675be9"	"byte-exact-verified"	"unreviewed"	"unreviewed"	""	""	"m0-t276-s1-file-identity-taxonomy-001.md"
"MVDM-FILE-1572"	"wow32/wmmstru2.c"	"wow32"	"source"	"dual-identical"	"O:\repos.external\OpenNT\base\mvdm\wow32\wmmstru2.c"	"f96ae87c3f0290b72c838b174b8efbe82bd727290451ba99650ecc85bf738632"	"byte-exact-verified"	"unreviewed"	"unreviewed"	""	""	"m0-t276-s1-file-identity-taxonomy-001.md"
"MVDM-FILE-1573"	"wow32/wmmstruc.c"	"wow32"	"source"	"dual-identical"	"O:\repos.external\OpenNT\base\mvdm\wow32\wmmstruc.c"	"af5f3e85909f195c283d4c2d275b07b995e44e448e0decb2ee6fb06764fa1cc4"	"byte-exact-verified"	"unreviewed"	"unreviewed"	""	""	"m0-t276-s1-file-identity-taxonomy-001.md"
"MVDM-FILE-1574"	"wow32/wmmstruc.h"	"wow32"	"declaration"	"dual-identical"	"O:\repos.external\OpenNT\base\mvdm\wow32\wmmstruc.h"	"8c8c764f500c47689f5d97c485e8d81c6361130c6ce744a3dbe8d2d26c1eaf5b"	"byte-exact-verified"	"unreviewed"	"unreviewed"	""	""	"m0-t276-s1-file-identity-taxonomy-001.md"
"MVDM-FILE-1575"	"wow32/wmmtbl.h"	"wow32"	"declaration"	"dual-identical"	"O:\repos.external\OpenNT\base\mvdm\wow32\wmmtbl.h"	"c35252b376c0f6132df8439f19ef66c780a2cf3bb39720b62c0d1d8b6f2069e4"	"byte-exact-verified"	"unreviewed"	"unreviewed"	""	""	"m0-t276-s1-file-identity-taxonomy-001.md"
"MVDM-FILE-1576"	"wow32/wmmtbl2.h"	"wow32"	"declaration"	"dual-identical"	"O:\repos.external\OpenNT\base\mvdm\wow32\wmmtbl2.h"	"c48e5fc47df9ac3a0ff72754e1253af3c65da102e4ca6b5ef5451a754e954ee5"	"byte-exact-verified"	"unreviewed"	"unreviewed"	""	""	"m0-t276-s1-file-identity-taxonomy-001.md"
"MVDM-FILE-1577"	"wow32/wmsg16.c"	"wow32"	"source"	"dual-identical"	"O:\repos.external\OpenNT\base\mvdm\wow32\wmsg16.c"	"eb7b726626232ad95f1ff766004f8bea6fca3d25111124dd5c18e8512c1dbe44"	"byte-exact-verified"	"unreviewed"	"unreviewed"	""	""	"m0-t276-s1-file-identity-taxonomy-001.md"
"MVDM-FILE-1578"	"wow32/wmsg16.h"	"wow32"	"declaration"	"dual-identical"	"O:\repos.external\OpenNT\base\mvdm\wow32\wmsg16.h"	"a4322e35e9eaf992598c9de133074fb5d69e649d9729e37565c90156c55f6f98"	"byte-exact-verified"	"unreviewed"	"unreviewed"	""	""	"m0-t276-s1-file-identity-taxonomy-001.md"
"MVDM-FILE-1579"	"wow32/wmsgbm.c"	"wow32"	"source"	"dual-identical"	"O:\repos.external\OpenNT\base\mvdm\wow32\wmsgbm.c"	"d7ef837d592221481c988ccb2e164faff9d7a0b6349b59e1bbc3841323a98692"	"byte-exact-verified"	"unreviewed"	"unreviewed"	""	""	"m0-t276-s1-file-identity-taxonomy-001.md"
"MVDM-FILE-1580"	"wow32/wmsgbm.h"	"wow32"	"declaration"	"dual-identical"	"O:\repos.external\OpenNT\base\mvdm\wow32\wmsgbm.h"	"3cc1b146978c625e2850ef427128a7bc84acb5205b4c6901d6310845bf04a6b2"	"byte-exact-verified"	"unreviewed"	"unreviewed"	""	""	"m0-t276-s1-file-identity-taxonomy-001.md"
"MVDM-FILE-1581"	"wow32/wmsgcb.c"	"wow32"	"source"	"dual-identical"	"O:\repos.external\OpenNT\base\mvdm\wow32\wmsgcb.c"	"ca644a033b4ed5974f70fad75615ef18c80466f3ed6d987554ce031cacab1e13"	"byte-exact-verified"	"unreviewed"	"unreviewed"	""	""	"m0-t276-s1-file-identity-taxonomy-001.md"
"MVDM-FILE-1582"	"wow32/wmsgcb.h"	"wow32"	"declaration"	"dual-identical"	"O:\repos.external\OpenNT\base\mvdm\wow32\wmsgcb.h"	"6e9f759f83dfa3a0c03a8988d292e16d0cbf14d3e1d040245c5b5fe2fb02538b"	"byte-exact-verified"	"unreviewed"	"unreviewed"	""	""	"m0-t276-s1-file-identity-taxonomy-001.md"
"MVDM-FILE-1583"	"wow32/wmsgem.c"	"wow32"	"source"	"dual-identical"	"O:\repos.external\OpenNT\base\mvdm\wow32\wmsgem.c"	"88d05e4770453621472704e90edcefd6ad18b618528b4166da3a9ba1ea1a3619"	"byte-exact-verified"	"unreviewed"	"unreviewed"	""	""	"m0-t276-s1-file-identity-taxonomy-001.md"
"MVDM-FILE-1584"	"wow32/wmsgem.h"	"wow32"	"declaration"	"dual-identical"	"O:\repos.external\OpenNT\base\mvdm\wow32\wmsgem.h"	"731fc809b72245fb9c9891670a8470628d89faed0f93e1672ff5321c0622e1aa"	"byte-exact-verified"	"unreviewed"	"unreviewed"	""	""	"m0-t276-s1-file-identity-taxonomy-001.md"
"MVDM-FILE-1585"	"wow32/wmsglb.c"	"wow32"	"source"	"dual-identical"	"O:\repos.external\OpenNT\base\mvdm\wow32\wmsglb.c"	"5e1a7dd4140ae6538d4e728ca869013e8cd00d06d5339ee5682319d5ff4bf26e"	"byte-exact-verified"	"unreviewed"	"unreviewed"	""	""	"m0-t276-s1-file-identity-taxonomy-001.md"
"MVDM-FILE-1586"	"wow32/wmsglb.h"	"wow32"	"declaration"	"dual-identical"	"O:\repos.external\OpenNT\base\mvdm\wow32\wmsglb.h"	"6dd54d68ba19801325fc732b1b025ad489861e52e8df58f88eac41815ade28f0"	"byte-exact-verified"	"unreviewed"	"unreviewed"	""	""	"m0-t276-s1-file-identity-taxonomy-001.md"
"MVDM-FILE-1587"	"wow32/wmsgsbm.c"	"wow32"	"source"	"dual-identical"	"O:\repos.external\OpenNT\base\mvdm\wow32\wmsgsbm.c"	"cf1ea646693339e8c2b03875dad6c7b4a92576fc80f330407e60231e2689b18e"	"byte-exact-verified"	"unreviewed"	"unreviewed"	""	""	"m0-t276-s1-file-identity-taxonomy-001.md"
"MVDM-FILE-1588"	"wow32/wmsgsbm.h"	"wow32"	"declaration"	"dual-identical"	"O:\repos.external\OpenNT\base\mvdm\wow32\wmsgsbm.h"	"710eb54cb82da2134bc0f4df6ada908597d7217296ca8dcf85e5c24e683c2751"	"byte-exact-verified"	"unreviewed"	"unreviewed"	""	""	"m0-t276-s1-file-identity-taxonomy-001.md"
"MVDM-FILE-1589"	"wow32/wmtbl32.c"	"wow32"	"source"	"dual-identical"	"O:\repos.external\OpenNT\base\mvdm\wow32\wmtbl32.c"	"8fb4f02963ceb0772e69749d703868273f942978fa6baf162e039065dd957bd6"	"byte-exact-verified"	"unreviewed"	"unreviewed"	""	""	"m0-t276-s1-file-identity-taxonomy-001.md"
"MVDM-FILE-1590"	"wow32/wmtbl32.h"	"wow32"	"declaration"	"dual-identical"	"O:\repos.external\OpenNT\base\mvdm\wow32\wmtbl32.h"	"c64cfbdd5b28db353fd24edd971044fe8f086d86b40aaffd648ffcfe4c653afb"	"byte-exact-verified"	"unreviewed"	"unreviewed"	""	""	"m0-t276-s1-file-identity-taxonomy-001.md"
"MVDM-FILE-1591"	"wow32/wole2.c"	"wow32"	"source"	"dual-identical"	"O:\repos.external\OpenNT\base\mvdm\wow32\wole2.c"	"85fab0277735cff414d0f339557f110bf1501cbbe0f933dcf95232d9a61fd5e9"	"byte-exact-verified"	"unreviewed"	"unreviewed"	""	""	"m0-t276-s1-file-identity-taxonomy-001.md"
"MVDM-FILE-1592"	"wow32/wole2.h"	"wow32"	"declaration"	"dual-identical"	"O:\repos.external\OpenNT\base\mvdm\wow32\wole2.h"	"50022c2bad3c0d0281c7839c815ba5044c6af88997128ceb1ed525ffce706e94"	"byte-exact-verified"	"unreviewed"	"unreviewed"	""	""	"m0-t276-s1-file-identity-taxonomy-001.md"
"MVDM-FILE-1593"	"wow32/wow32.c"	"wow32"	"source"	"dual-identical"	"O:\repos.external\OpenNT\base\mvdm\wow32\wow32.c"	"1dfe9900e6da3bf0e2984c3df42bdd155b177cfe7707bb24e1324037147d292a"	"byte-exact-verified"	"unreviewed"	"unreviewed"	""	""	"m0-t276-s1-file-identity-taxonomy-001.md"
"MVDM-FILE-1594"	"wow32/wow32.def"	"wow32"	"resource-or-other"	"dual-identical"	"O:\repos.external\OpenNT\base\mvdm\wow32\wow32.def"	"0df4286cc384d667dd95bf00b84d81f4afb6536a4fc387a5546b8e74b2f321b4"	"byte-exact-verified"	"unreviewed"	"unreviewed"	""	""	"m0-t276-s1-file-identity-taxonomy-001.md"
"MVDM-FILE-1595"	"wow32/wow32.h"	"wow32"	"declaration"	"dual-identical"	"O:\repos.external\OpenNT\base\mvdm\wow32\wow32.h"	"06148a93a63faf7fc5480e4c9f80c98ddfe6e2a0a782eafe6a6fd1ccdd46de27"	"byte-exact-verified"	"unreviewed"	"unreviewed"	""	""	"m0-t276-s1-file-identity-taxonomy-001.md"
"MVDM-FILE-1596"	"wow32/wow32.prf"	"wow32"	"resource-or-other"	"dual-identical"	"O:\repos.external\OpenNT\base\mvdm\wow32\wow32.prf"	"2b9dd7ce7d14960871a9c0bb276a2768ab19b853e900f70da2631d8b703ccb2c"	"byte-exact-verified"	"unreviewed"	"unreviewed"	""	""	"m0-t276-s1-file-identity-taxonomy-001.md"
"MVDM-FILE-1597"	"wow32/wow32.rc"	"wow32"	"resource-or-other"	"dual-identical"	"O:\repos.external\OpenNT\base\mvdm\wow32\wow32.rc"	"5aff44f115534b1ede691e118349b589a0eb16a6be264acaa531e12520776035"	"byte-exact-verified"	"unreviewed"	"unreviewed"	""	""	"m0-t276-s1-file-identity-taxonomy-001.md"
"MVDM-FILE-1598"	"wow32/wow32.tt"	"wow32"	"resource-or-other"	"dual-identical"	"O:\repos.external\OpenNT\base\mvdm\wow32\wow32.tt"	"7f19b9840151a7c9ddab898f551b4c02156f82abf05a480fe01ab03db3030b4d"	"byte-exact-verified"	"unreviewed"	"unreviewed"	""	""	"m0-t276-s1-file-identity-taxonomy-001.md"
"MVDM-FILE-1599"	"wow32/wow32fax.c"	"wow32"	"source"	"dual-identical"	"O:\repos.external\OpenNT\base\mvdm\wow32\wow32fax.c"	"855ac6c5d6d6ca97cc78802994784e8612e5eb6197533790466664bf0e892700"	"byte-exact-verified"	"unreviewed"	"unreviewed"	""	""	"m0-t276-s1-file-identity-taxonomy-001.md"
"MVDM-FILE-1600"	"wow32/wowdde.h"	"wow32"	"declaration"	"dual-identical"	"O:\repos.external\OpenNT\base\mvdm\wow32\wowdde.h"	"67124a6d9c12cf8b9aa9285bd81b96edc5011eb964fad14438692007b6fef4c2"	"byte-exact-verified"	"unreviewed"	"unreviewed"	""	""	"m0-t276-s1-file-identity-taxonomy-001.md"
"MVDM-FILE-1601"	"wow32/wowhooks.c"	"wow32"	"source"	"dual-identical"	"O:\repos.external\OpenNT\base\mvdm\wow32\wowhooks.c"	"345220990242cde0890884f478bef8622c2fc537c9e6200fa9b289145be0cc67"	"byte-exact-verified"	"unreviewed"	"unreviewed"	""	""	"m0-t276-s1-file-identity-taxonomy-001.md"
"MVDM-FILE-1602"	"wow32/wowhooks.h"	"wow32"	"declaration"	"dual-identical"	"O:\repos.external\OpenNT\base\mvdm\wow32\wowhooks.h"	"82e539d3278858b018a742c1890862471bca2f2e7166c663fbebba0c02e20dc3"	"byte-exact-verified"	"unreviewed"	"unreviewed"	""	""	"m0-t276-s1-file-identity-taxonomy-001.md"
"MVDM-FILE-1603"	"wow32/wowtable.h"	"wow32"	"declaration"	"dual-identical"	"O:\repos.external\OpenNT\base\mvdm\wow32\wowtable.h"	"414bf1f402654d8e8a9f2afd5ec192f9585c43c1c755b40a74b1041f80f5f281"	"byte-exact-verified"	"unreviewed"	"unreviewed"	""	""	"m0-t276-s1-file-identity-taxonomy-001.md"
"MVDM-FILE-1604"	"wow32/wowtbl.c"	"wow32"	"source"	"dual-identical"	"O:\repos.external\OpenNT\base\mvdm\wow32\wowtbl.c"	"4c053570af6e72b0159d0e1bc7c5e9859ef89d513781bbcd1e767ddaf7695960"	"byte-exact-verified"	"unreviewed"	"unreviewed"	""	""	"m0-t276-s1-file-identity-taxonomy-001.md"
"MVDM-FILE-1605"	"wow32/wowtbl.h"	"wow32"	"declaration"	"dual-identical"	"O:\repos.external\OpenNT\base\mvdm\wow32\wowtbl.h"	"343409d8adc9c2f013fbc3c44c2c1f611556321832c95037ef7f90f7e439fe01"	"byte-exact-verified"	"unreviewed"	"unreviewed"	""	""	"m0-t276-s1-file-identity-taxonomy-001.md"
"MVDM-FILE-1606"	"wow32/wparam.c"	"wow32"	"source"	"dual-identical"	"O:\repos.external\OpenNT\base\mvdm\wow32\wparam.c"	"939785d0aee348459e02136efafdcbdac7aa1d7612f4bfcf8c4f21acf677271a"	"byte-exact-verified"	"unreviewed"	"unreviewed"	""	""	"m0-t276-s1-file-identity-taxonomy-001.md"
"MVDM-FILE-1607"	"wow32/wparam.h"	"wow32"	"declaration"	"dual-identical"	"O:\repos.external\OpenNT\base\mvdm\wow32\wparam.h"	"3861f621ac54295bc90b357a66a6d36ecba10878c4a1b5fcd49d37f95ae8351f"	"byte-exact-verified"	"unreviewed"	"unreviewed"	""	""	"m0-t276-s1-file-identity-taxonomy-001.md"
"MVDM-FILE-1608"	"wow32/wreldc.c"	"wow32"	"source"	"dual-identical"	"O:\repos.external\OpenNT\base\mvdm\wow32\wreldc.c"	"f4ede08ef2d6bc949cd2500c75af546ec68c0e017abecc1a6c624f7c1b5a0d20"	"byte-exact-verified"	"unreviewed"	"unreviewed"	""	""	"m0-t276-s1-file-identity-taxonomy-001.md"
"MVDM-FILE-1609"	"wow32/wreldc.h"	"wow32"	"declaration"	"dual-identical"	"O:\repos.external\OpenNT\base\mvdm\wow32\wreldc.h"	"63fb72740460f367cb75fb014562f7c278b515b73689ee0c981481f96d5961c1"	"byte-exact-verified"	"unreviewed"	"unreviewed"	""	""	"m0-t276-s1-file-identity-taxonomy-001.md"
"MVDM-FILE-1610"	"wow32/wres16.c"	"wow32"	"source"	"dual-identical"	"O:\repos.external\OpenNT\base\mvdm\wow32\wres16.c"	"24324d4b95b7c5ac102e9751872af1db779efc0cff223b32aa066034cb874ae9"	"byte-exact-verified"	"unreviewed"	"unreviewed"	""	""	"m0-t276-s1-file-identity-taxonomy-001.md"
"MVDM-FILE-1611"	"wow32/wres16.h"	"wow32"	"declaration"	"dual-identical"	"O:\repos.external\OpenNT\base\mvdm\wow32\wres16.h"	"af060cc040a5ec79d0077c5429df8cd96ff632b27d0eafa04b5719a39acf5167"	"byte-exact-verified"	"unreviewed"	"unreviewed"	""	""	"m0-t276-s1-file-identity-taxonomy-001.md"
"MVDM-FILE-1612"	"wow32/wres32.c"	"wow32"	"source"	"dual-identical"	"O:\repos.external\OpenNT\base\mvdm\wow32\wres32.c"	"1217c5fa87b808329826d4ef2e785a5eb574de9cb1e9691de99680844f5bd13a"	"byte-exact-verified"	"unreviewed"	"unreviewed"	""	""	"m0-t276-s1-file-identity-taxonomy-001.md"
"MVDM-FILE-1613"	"wow32/wres32.h"	"wow32"	"declaration"	"dual-identical"	"O:\repos.external\OpenNT\base\mvdm\wow32\wres32.h"	"28826c5bd86e1ce88dd65eb5e7821398705afcf2de8174dc07b6ff32c86b4017"	"byte-exact-verified"	"unreviewed"	"unreviewed"	""	""	"m0-t276-s1-file-identity-taxonomy-001.md"
"MVDM-FILE-1614"	"wow32/wsdata.c"	"wow32"	"source"	"dual-identical"	"O:\repos.external\OpenNT\base\mvdm\wow32\wsdata.c"	"f8f95c4cb6ec3aca607e66d615900129497738617b9a6a192880dc66beb5e63b"	"byte-exact-verified"	"unreviewed"	"unreviewed"	""	""	"m0-t276-s1-file-identity-taxonomy-001.md"
"MVDM-FILE-1615"	"wow32/wsdynmc.h"	"wow32"	"declaration"	"dual-identical"	"O:\repos.external\OpenNT\base\mvdm\wow32\wsdynmc.h"	"c6e0600b3068bfc09234dccee96fbc756e8ecba76c78b0c7fdc6a9b6cce6c9ef"	"byte-exact-verified"	"unreviewed"	"unreviewed"	""	""	"m0-t276-s1-file-identity-taxonomy-001.md"
"MVDM-FILE-1616"	"wow32/wsext.c"	"wow32"	"source"	"dual-identical"	"O:\repos.external\OpenNT\base\mvdm\wow32\wsext.c"	"13a04aa32c045b6dfde4a12099d06c99ce2ec84362f30f296d677f7c47b200f7"	"byte-exact-verified"	"unreviewed"	"unreviewed"	""	""	"m0-t276-s1-file-identity-taxonomy-001.md"
"MVDM-FILE-1617"	"wow32/wshell.c"	"wow32"	"source"	"dual-identical"	"O:\repos.external\OpenNT\base\mvdm\wow32\wshell.c"	"1daa7860c95a0e374566b900d2da01e7459e7b88c0dfbe8e84b23f68bdf3ad40"	"byte-exact-verified"	"unreviewed"	"unreviewed"	""	""	"m0-t276-s1-file-identity-taxonomy-001.md"
"MVDM-FILE-1618"	"wow32/wshell.h"	"wow32"	"declaration"	"dual-identical"	"O:\repos.external\OpenNT\base\mvdm\wow32\wshell.h"	"1d3bb1b9c5f0bc30f1aa83db07544738dfb7d874db30591d622ef6378f5384aa"	"byte-exact-verified"	"unreviewed"	"unreviewed"	""	""	"m0-t276-s1-file-identity-taxonomy-001.md"
"MVDM-FILE-1619"	"wow32/wshltbl.h"	"wow32"	"declaration"	"dual-identical"	"O:\repos.external\OpenNT\base\mvdm\wow32\wshltbl.h"	"8f3479c3135087e2b4c12d7c4d32750e8a78024e15e6b453ca09b5081eac6f5d"	"byte-exact-verified"	"unreviewed"	"unreviewed"	""	""	"m0-t276-s1-file-identity-taxonomy-001.md"
"MVDM-FILE-1620"	"wow32/wshtbl2.h"	"wow32"	"declaration"	"dual-identical"	"O:\repos.external\OpenNT\base\mvdm\wow32\wshtbl2.h"	"84f782a33328812bf9e639eae9f99236941e8bf19ea4c3328d8e8f9f3074e29f"	"byte-exact-verified"	"unreviewed"	"unreviewed"	""	""	"m0-t276-s1-file-identity-taxonomy-001.md"
"MVDM-FILE-1621"	"wow32/wsman.c"	"wow32"	"source"	"dual-identical"	"O:\repos.external\OpenNT\base\mvdm\wow32\wsman.c"	"3481808a0c62754b72b5338680fb7e1a5dfc81722996cbf81400b2963771a913"	"byte-exact-verified"	"unreviewed"	"unreviewed"	""	""	"m0-t276-s1-file-identity-taxonomy-001.md"
"MVDM-FILE-1622"	"wow32/wsman.h"	"wow32"	"declaration"	"dual-identical"	"O:\repos.external\OpenNT\base\mvdm\wow32\wsman.h"	"70f4177bc27b46d4007aad87e4aa7bd158f3f7514e5ec0a9f4235e41f01f85a7"	"byte-exact-verified"	"unreviewed"	"unreviewed"	""	""	"m0-t276-s1-file-identity-taxonomy-001.md"
"MVDM-FILE-1623"	"wow32/wsocktbl.h"	"wow32"	"declaration"	"dual-identical"	"O:\repos.external\OpenNT\base\mvdm\wow32\wsocktbl.h"	"a16351b3392f882b17a406688cd03b27e3c9e58a358c14a75af925c2ee0923dc"	"byte-exact-verified"	"unreviewed"	"unreviewed"	""	""	"m0-t276-s1-file-identity-taxonomy-001.md"
"MVDM-FILE-1624"	"wow32/wspool.c"	"wow32"	"source"	"dual-identical"	"O:\repos.external\OpenNT\base\mvdm\wow32\wspool.c"	"c76bec31ae9020ea0173c20d42986f36e6888a315a5d27e91e5cbf2579cb2ad8"	"byte-exact-verified"	"unreviewed"	"unreviewed"	""	""	"m0-t276-s1-file-identity-taxonomy-001.md"
"MVDM-FILE-1625"	"wow32/wspool.h"	"wow32"	"declaration"	"dual-identical"	"O:\repos.external\OpenNT\base\mvdm\wow32\wspool.h"	"11e570db87246262c46c166a845e514edb08e02f8b0b107dfae1cfa41a375075"	"byte-exact-verified"	"unreviewed"	"unreviewed"	""	""	"m0-t276-s1-file-identity-taxonomy-001.md"
"MVDM-FILE-1626"	"wow32/wsraw.c"	"wow32"	"source"	"dual-identical"	"O:\repos.external\OpenNT\base\mvdm\wow32\wsraw.c"	"671210892e0ac174860ef9b2da141c471dc45b20e48dcc5b40a5185164262ce0"	"byte-exact-verified"	"unreviewed"	"unreviewed"	""	""	"m0-t276-s1-file-identity-taxonomy-001.md"
"MVDM-FILE-1627"	"wow32/wstbl.h"	"wow32"	"declaration"	"dual-identical"	"O:\repos.external\OpenNT\base\mvdm\wow32\wstbl.h"	"e05abe8a2fb397e299aba997e1928c3f74e00eecb23277b4c1c60f66480d439a"	"byte-exact-verified"	"unreviewed"	"unreviewed"	""	""	"m0-t276-s1-file-identity-taxonomy-001.md"
"MVDM-FILE-1628"	"wow32/wstbl2.h"	"wow32"	"declaration"	"dual-identical"	"O:\repos.external\OpenNT\base\mvdm\wow32\wstbl2.h"	"d3aea894092dc6afc33701cfbcceff6297234e9e67185b09ea4fcfdb7c478b5e"	"byte-exact-verified"	"unreviewed"	"unreviewed"	""	""	"m0-t276-s1-file-identity-taxonomy-001.md"
"MVDM-FILE-1629"	"wow32/wstruc.c"	"wow32"	"source"	"dual-identical"	"O:\repos.external\OpenNT\base\mvdm\wow32\wstruc.c"	"04aa31f76dbb3e683c1f96101b07de006a79ca0d3b49e0a16986166349f3abb3"	"byte-exact-verified"	"unreviewed"	"unreviewed"	""	""	"m0-t276-s1-file-identity-taxonomy-001.md"
"MVDM-FILE-1630"	"wow32/wstruc.h"	"wow32"	"declaration"	"dual-identical"	"O:\repos.external\OpenNT\base\mvdm\wow32\wstruc.h"	"1e54905079db411f6bc17583a8943e4f8f5c870129ff7d5814f87d8a41be6a7c"	"byte-exact-verified"	"unreviewed"	"unreviewed"	""	""	"m0-t276-s1-file-identity-taxonomy-001.md"
"MVDM-FILE-1631"	"wow32/wsubcls.c"	"wow32"	"source"	"dual-identical"	"O:\repos.external\OpenNT\base\mvdm\wow32\wsubcls.c"	"b37021cb2a0480f3aca685efb8006b32d31b0fe073b6b3fc9b99f05764679e4b"	"byte-exact-verified"	"unreviewed"	"unreviewed"	""	""	"m0-t276-s1-file-identity-taxonomy-001.md"
"MVDM-FILE-1632"	"wow32/wsubcls.h"	"wow32"	"declaration"	"dual-identical"	"O:\repos.external\OpenNT\base\mvdm\wow32\wsubcls.h"	"56f2d5e4c9fe20cd485b1766a161849ff4e3350353c3278035f6e92e67ee70f6"	"byte-exact-verified"	"unreviewed"	"unreviewed"	""	""	"m0-t276-s1-file-identity-taxonomy-001.md"
"MVDM-FILE-1633"	"wow32/wthman.c"	"wow32"	"source"	"dual-identical"	"O:\repos.external\OpenNT\base\mvdm\wow32\wthman.c"	"fb2a9e5fb2f06a20daf67c90cb21621d649f128a3f739697deb7a13506025286"	"byte-exact-verified"	"unreviewed"	"unreviewed"	""	""	"m0-t276-s1-file-identity-taxonomy-001.md"
"MVDM-FILE-1634"	"wow32/wthman.h"	"wow32"	"declaration"	"dual-identical"	"O:\repos.external\OpenNT\base\mvdm\wow32\wthman.h"	"10844285b16875a3650403feff310951c323489e78989c5233f088613716cf72"	"byte-exact-verified"	"unreviewed"	"unreviewed"	""	""	"m0-t276-s1-file-identity-taxonomy-001.md"
"MVDM-FILE-1635"	"wow32/wthtbl.h"	"wow32"	"declaration"	"dual-identical"	"O:\repos.external\OpenNT\base\mvdm\wow32\wthtbl.h"	"8423dfbab62c8ee94f069502f829317c153ae371702f851b94da12f6a18a4b89"	"byte-exact-verified"	"unreviewed"	"unreviewed"	""	""	"m0-t276-s1-file-identity-taxonomy-001.md"
"MVDM-FILE-1636"	"wow32/wthtbl2.h"	"wow32"	"declaration"	"dual-identical"	"O:\repos.external\OpenNT\base\mvdm\wow32\wthtbl2.h"	"830b724673e5b94b3d48d33e21fcaaa374df3161d191ecc4b76e46387ef9817f"	"byte-exact-verified"	"unreviewed"	"unreviewed"	""	""	"m0-t276-s1-file-identity-taxonomy-001.md"
"MVDM-FILE-1637"	"wow32/wuansi.h"	"wow32"	"declaration"	"dual-identical"	"O:\repos.external\OpenNT\base\mvdm\wow32\wuansi.h"	"8f2053340a73f78a3b558b8d27e9ae6f7a7d3f5d34a5b085ea84868142638228"	"byte-exact-verified"	"unreviewed"	"unreviewed"	""	""	"m0-t276-s1-file-identity-taxonomy-001.md"
"MVDM-FILE-1638"	"wow32/wucaret.c"	"wow32"	"source"	"dual-identical"	"O:\repos.external\OpenNT\base\mvdm\wow32\wucaret.c"	"e31545f6ddaad250517b0566287fb6b99c6f5ce3da2517d55a25536a046ac4d8"	"byte-exact-verified"	"unreviewed"	"unreviewed"	""	""	"m0-t276-s1-file-identity-taxonomy-001.md"
"MVDM-FILE-1639"	"wow32/wucaret.h"	"wow32"	"declaration"	"dual-identical"	"O:\repos.external\OpenNT\base\mvdm\wow32\wucaret.h"	"6236f188c6016b8727451a4c0e87a620143d62f8ccc96faccfcb9cfc15d63612"	"byte-exact-verified"	"unreviewed"	"unreviewed"	""	""	"m0-t276-s1-file-identity-taxonomy-001.md"
"MVDM-FILE-1640"	"wow32/wuclass.c"	"wow32"	"source"	"dual-identical"	"O:\repos.external\OpenNT\base\mvdm\wow32\wuclass.c"	"12cdd44dfec6b74a426165977f941da86d90bbad7aa9c59a085010d02528629d"	"byte-exact-verified"	"unreviewed"	"unreviewed"	""	""	"m0-t276-s1-file-identity-taxonomy-001.md"
"MVDM-FILE-1641"	"wow32/wuclass.h"	"wow32"	"declaration"	"dual-identical"	"O:\repos.external\OpenNT\base\mvdm\wow32\wuclass.h"	"25f7b00b00929145f9876fb50dbcfa3e919f1627575f40b7f484606a40c9aa8a"	"byte-exact-verified"	"unreviewed"	"unreviewed"	""	""	"m0-t276-s1-file-identity-taxonomy-001.md"
"MVDM-FILE-1642"	"wow32/wuclip.c"	"wow32"	"source"	"dual-identical"	"O:\repos.external\OpenNT\base\mvdm\wow32\wuclip.c"	"c386af38376945cb4fd141d878bca8ef5140b15dccc9695a0adcb0941fbb0083"	"byte-exact-verified"	"unreviewed"	"unreviewed"	""	""	"m0-t276-s1-file-identity-taxonomy-001.md"
"MVDM-FILE-1643"	"wow32/wuclip.h"	"wow32"	"declaration"	"dual-identical"	"O:\repos.external\OpenNT\base\mvdm\wow32\wuclip.h"	"90600af10db9f7fc80fe999921dc97cbbc691bdd8bdb6f142e389d7fa34ee314"	"byte-exact-verified"	"unreviewed"	"unreviewed"	""	""	"m0-t276-s1-file-identity-taxonomy-001.md"
"MVDM-FILE-1644"	"wow32/wucomm.c"	"wow32"	"source"	"dual-identical"	"O:\repos.external\OpenNT\base\mvdm\wow32\wucomm.c"	"c9c8b11d65ac3f2b1ee9216a8102ef56908bff5c5bf4ed2dd2badc30ca8a4284"	"byte-exact-verified"	"unreviewed"	"unreviewed"	""	""	"m0-t276-s1-file-identity-taxonomy-001.md"
"MVDM-FILE-1645"	"wow32/wucomm.h"	"wow32"	"declaration"	"dual-identical"	"O:\repos.external\OpenNT\base\mvdm\wow32\wucomm.h"	"43d3f49fe9abb8fbbbe1a93e7725f7a368676dfadd764c8f0497a4218b23f77b"	"byte-exact-verified"	"unreviewed"	"unreviewed"	""	""	"m0-t276-s1-file-identity-taxonomy-001.md"
"MVDM-FILE-1646"	"wow32/wucursor.c"	"wow32"	"source"	"dual-identical"	"O:\repos.external\OpenNT\base\mvdm\wow32\wucursor.c"	"78943c10afecbbdedd57408a5417a2d342d5a0a5dd354b321c773bd18916af31"	"byte-exact-verified"	"unreviewed"	"unreviewed"	""	""	"m0-t276-s1-file-identity-taxonomy-001.md"
"MVDM-FILE-1647"	"wow32/wucursor.h"	"wow32"	"declaration"	"dual-identical"	"O:\repos.external\OpenNT\base\mvdm\wow32\wucursor.h"	"73abfe98a5cefae2df5024eea736cc397b4a32a58fe69b294b6bf91569bd4034"	"byte-exact-verified"	"unreviewed"	"unreviewed"	""	""	"m0-t276-s1-file-identity-taxonomy-001.md"
"MVDM-FILE-1648"	"wow32/wudlg.c"	"wow32"	"source"	"dual-identical"	"O:\repos.external\OpenNT\base\mvdm\wow32\wudlg.c"	"8a0dfcb7cbfea232c491fd9249c10048946f9f0d0e0b4120227dccd6ab37109e"	"byte-exact-verified"	"unreviewed"	"unreviewed"	""	""	"m0-t276-s1-file-identity-taxonomy-001.md"
"MVDM-FILE-1649"	"wow32/wudlg.h"	"wow32"	"declaration"	"dual-identical"	"O:\repos.external\OpenNT\base\mvdm\wow32\wudlg.h"	"e92c13cc2af28c806bfd8474a0875db556ab8d15490f3d7b04adc662280addfc"	"byte-exact-verified"	"unreviewed"	"unreviewed"	""	""	"m0-t276-s1-file-identity-taxonomy-001.md"
"MVDM-FILE-1650"	"wow32/wuhook.c"	"wow32"	"source"	"dual-identical"	"O:\repos.external\OpenNT\base\mvdm\wow32\wuhook.c"	"a4f31ee8cc2258fb177471647066238f7bb406b2466dca0249f4d6e6a98022b2"	"byte-exact-verified"	"unreviewed"	"unreviewed"	""	""	"m0-t276-s1-file-identity-taxonomy-001.md"
"MVDM-FILE-1651"	"wow32/wuhook.h"	"wow32"	"declaration"	"dual-identical"	"O:\repos.external\OpenNT\base\mvdm\wow32\wuhook.h"	"109b79ca6b559fb1a29972036718e8ae1ef4e5b2796ee554b7b8d4acb1af965e"	"byte-exact-verified"	"unreviewed"	"unreviewed"	""	""	"m0-t276-s1-file-identity-taxonomy-001.md"
"MVDM-FILE-1652"	"wow32/wulang.c"	"wow32"	"source"	"dual-identical"	"O:\repos.external\OpenNT\base\mvdm\wow32\wulang.c"	"f6eeb696a1f2878e52586d9496924c5c8064c63f800f5a25e55f7848aa68d13c"	"byte-exact-verified"	"unreviewed"	"unreviewed"	""	""	"m0-t276-s1-file-identity-taxonomy-001.md"
"MVDM-FILE-1653"	"wow32/wulang.h"	"wow32"	"declaration"	"dual-identical"	"O:\repos.external\OpenNT\base\mvdm\wow32\wulang.h"	"c68de67a06f831a5e71e9f4c28961228649403e22fddde13be87d614ec826fc2"	"byte-exact-verified"	"unreviewed"	"unreviewed"	""	""	"m0-t276-s1-file-identity-taxonomy-001.md"
"MVDM-FILE-1654"	"wow32/wuman.c"	"wow32"	"source"	"dual-identical"	"O:\repos.external\OpenNT\base\mvdm\wow32\wuman.c"	"d96fc214141973b12045669ae2a0d21cf4040ab928be1a309ad687456b473698"	"byte-exact-verified"	"unreviewed"	"unreviewed"	""	""	"m0-t276-s1-file-identity-taxonomy-001.md"
"MVDM-FILE-1655"	"wow32/wuman.h"	"wow32"	"declaration"	"dual-identical"	"O:\repos.external\OpenNT\base\mvdm\wow32\wuman.h"	"dc0b3173c5995bf3183071f9d8560a2371bd940ac59f2dbe77822742b06de113"	"byte-exact-verified"	"unreviewed"	"unreviewed"	""	""	"m0-t276-s1-file-identity-taxonomy-001.md"
"MVDM-FILE-1656"	"wow32/wumenu.c"	"wow32"	"source"	"dual-identical"	"O:\repos.external\OpenNT\base\mvdm\wow32\wumenu.c"	"0fc60e98713f9c37f6fee8c5df25dcba55277dbaef5b82c49a90e62ae6db72c6"	"byte-exact-verified"	"unreviewed"	"unreviewed"	""	""	"m0-t276-s1-file-identity-taxonomy-001.md"
"MVDM-FILE-1657"	"wow32/wumenu.h"	"wow32"	"declaration"	"dual-identical"	"O:\repos.external\OpenNT\base\mvdm\wow32\wumenu.h"	"a3bcac29afb6d3845d2627b38d26df633d968555f5ca3506e75ec769e09fce3e"	"byte-exact-verified"	"unreviewed"	"unreviewed"	""	""	"m0-t276-s1-file-identity-taxonomy-001.md"
"MVDM-FILE-1658"	"wow32/wumsg.c"	"wow32"	"source"	"dual-identical"	"O:\repos.external\OpenNT\base\mvdm\wow32\wumsg.c"	"3404569a45421465a6b916975b978d9ede19ba3ee7f2534b20fad304e91bc7ff"	"byte-exact-verified"	"unreviewed"	"unreviewed"	""	""	"m0-t276-s1-file-identity-taxonomy-001.md"
"MVDM-FILE-1659"	"wow32/wumsg.h"	"wow32"	"declaration"	"dual-identical"	"O:\repos.external\OpenNT\base\mvdm\wow32\wumsg.h"	"1f18e9770131f758947986de78dcb6c974730bcbaad3137e3c69a615f0f79324"	"byte-exact-verified"	"unreviewed"	"unreviewed"	""	""	"m0-t276-s1-file-identity-taxonomy-001.md"
"MVDM-FILE-1660"	"wow32/wuser.c"	"wow32"	"source"	"dual-identical"	"O:\repos.external\OpenNT\base\mvdm\wow32\wuser.c"	"ce33e8634d085f9ca27ad331560e5321c3fed2ee8552ce0d00fda25af0a74b62"	"byte-exact-verified"	"unreviewed"	"unreviewed"	""	""	"m0-t276-s1-file-identity-taxonomy-001.md"
"MVDM-FILE-1661"	"wow32/wuser.h"	"wow32"	"declaration"	"dual-identical"	"O:\repos.external\OpenNT\base\mvdm\wow32\wuser.h"	"a052e937b4329e58eb48979e8c968fe9f7371ec2e5533a9b796656e3769a4f07"	"byte-exact-verified"	"unreviewed"	"unreviewed"	""	""	"m0-t276-s1-file-identity-taxonomy-001.md"
"MVDM-FILE-1662"	"wow32/wuser31.c"	"wow32"	"source"	"dual-identical"	"O:\repos.external\OpenNT\base\mvdm\wow32\wuser31.c"	"260237f9fda0013f02bbbcbc94c29ea2069de545043b636f2828c554e55582a4"	"byte-exact-verified"	"unreviewed"	"unreviewed"	""	""	"m0-t276-s1-file-identity-taxonomy-001.md"
"MVDM-FILE-1663"	"wow32/wuser31.h"	"wow32"	"declaration"	"dual-identical"	"O:\repos.external\OpenNT\base\mvdm\wow32\wuser31.h"	"9cc837d93c61656dde97fa09fee3e63402039e3f66be517e0823f9fa1b15f118"	"byte-exact-verified"	"unreviewed"	"unreviewed"	""	""	"m0-t276-s1-file-identity-taxonomy-001.md"
"MVDM-FILE-1664"	"wow32/wusercli.c"	"wow32"	"source"	"dual-identical"	"O:\repos.external\OpenNT\base\mvdm\wow32\wusercli.c"	"96b363ee882839a61d232dfbe145346d6e4d7ec7bfbaa4c97c4e0500a39b51ed"	"byte-exact-verified"	"unreviewed"	"unreviewed"	""	""	"m0-t276-s1-file-identity-taxonomy-001.md"
"MVDM-FILE-1665"	"wow32/wusercli.h"	"wow32"	"declaration"	"dual-identical"	"O:\repos.external\OpenNT\base\mvdm\wow32\wusercli.h"	"2731955b6f6d24419575806304481b7d866c99b552ec8da756fc956b5dfa4b2e"	"byte-exact-verified"	"unreviewed"	"unreviewed"	""	""	"m0-t276-s1-file-identity-taxonomy-001.md"
"MVDM-FILE-1666"	"wow32/wutbl.h"	"wow32"	"declaration"	"dual-identical"	"O:\repos.external\OpenNT\base\mvdm\wow32\wutbl.h"	"22d88170a6047c25a31a5165d1fa079e0d6bf4ecf94f123b2544ee95bdb644f2"	"byte-exact-verified"	"unreviewed"	"unreviewed"	""	""	"m0-t276-s1-file-identity-taxonomy-001.md"
"MVDM-FILE-1667"	"wow32/wutbl2.h"	"wow32"	"declaration"	"dual-identical"	"O:\repos.external\OpenNT\base\mvdm\wow32\wutbl2.h"	"3b8802574625e12fa280872dbc9f2ef49a8d9fabb6840f76ce7fcae63367ec65"	"byte-exact-verified"	"unreviewed"	"unreviewed"	""	""	"m0-t276-s1-file-identity-taxonomy-001.md"
"MVDM-FILE-1668"	"wow32/wutext.c"	"wow32"	"source"	"dual-identical"	"O:\repos.external\OpenNT\base\mvdm\wow32\wutext.c"	"83f6c0568c00c273a93a2d333ed434ea78beed4e2682e78e260a31be031441cd"	"byte-exact-verified"	"unreviewed"	"unreviewed"	""	""	"m0-t276-s1-file-identity-taxonomy-001.md"
"MVDM-FILE-1669"	"wow32/wutext.h"	"wow32"	"declaration"	"dual-identical"	"O:\repos.external\OpenNT\base\mvdm\wow32\wutext.h"	"df5f47c67672bbc164b33afa243a69dcac224b4f173147addd99158236b9095f"	"byte-exact-verified"	"unreviewed"	"unreviewed"	""	""	"m0-t276-s1-file-identity-taxonomy-001.md"
"MVDM-FILE-1670"	"wow32/wutmr.c"	"wow32"	"source"	"dual-identical"	"O:\repos.external\OpenNT\base\mvdm\wow32\wutmr.c"	"e42bc0c7e9dc199ae19414461d65ecf86b7acc55c6d7523792812d73f158bef5"	"byte-exact-verified"	"unreviewed"	"unreviewed"	""	""	"m0-t276-s1-file-identity-taxonomy-001.md"
"MVDM-FILE-1671"	"wow32/wutmr.h"	"wow32"	"declaration"	"dual-identical"	"O:\repos.external\OpenNT\base\mvdm\wow32\wutmr.h"	"383b5fd1a51477570259302cce8a1ca9dc6c0eadc228489d42dab874517ad361"	"byte-exact-verified"	"unreviewed"	"unreviewed"	""	""	"m0-t276-s1-file-identity-taxonomy-001.md"
"MVDM-FILE-1672"	"wow32/wuwind.c"	"wow32"	"source"	"dual-identical"	"O:\repos.external\OpenNT\base\mvdm\wow32\wuwind.c"	"ab270e2669cfd383da4baac471bb63e7c9c603581f4f7592ad447e8a783953dc"	"byte-exact-verified"	"unreviewed"	"unreviewed"	""	""	"m0-t276-s1-file-identity-taxonomy-001.md"
"MVDM-FILE-1673"	"wow32/wuwind.h"	"wow32"	"declaration"	"dual-identical"	"O:\repos.external\OpenNT\base\mvdm\wow32\wuwind.h"	"9450dc53634b683be8e86c57d7ef307b4ac749440367e7f1714fdf5fbdb38c6b"	"byte-exact-verified"	"unreviewed"	"unreviewed"	""	""	"m0-t276-s1-file-identity-taxonomy-001.md"
"MVDM-FILE-1674"	"wow32/wwstbl2.h"	"wow32"	"declaration"	"dual-identical"	"O:\repos.external\OpenNT\base\mvdm\wow32\wwstbl2.h"	"425f566fa0a559c2dcf79f39322a8ca3a0929371a447de3337b0c9f6ad1bef02"	"byte-exact-verified"	"unreviewed"	"unreviewed"	""	""	"m0-t276-s1-file-identity-taxonomy-001.md"
"MVDM-FILE-1675"	"xms.486/alpha/sources"	"xms.486"	"resource-or-other"	"dual-identical"	"O:\repos.external\OpenNT\base\mvdm\xms.486\alpha\sources"	"b43d8c070518038c41108b463c1cbd09bf77fc534adc320e596029005d0ec69d"	"byte-exact-verified"	"unreviewed"	"unreviewed"	""	""	"m0-t276-s1-file-identity-taxonomy-001.md"
"MVDM-FILE-1676"	"xms.486/i386/sources"	"xms.486"	"resource-or-other"	"dual-identical"	"O:\repos.external\OpenNT\base\mvdm\xms.486\i386\sources"	"c8d22f4169bbf598d5ed5dbe81f0382c091dc04dcad5b98d9e5724c0e8ad1162"	"byte-exact-verified"	"unreviewed"	"unreviewed"	""	""	"m0-t276-s1-file-identity-taxonomy-001.md"
"MVDM-FILE-1677"	"xms.486/i386/xmsmem86.c"	"xms.486"	"source"	"dual-identical"	"O:\repos.external\OpenNT\base\mvdm\xms.486\i386\xmsmem86.c"	"10b4128215d7ff9f101f7c517805fd9a6d177b01679bd587eb5747040960485a"	"byte-exact-verified"	"unreviewed"	"unreviewed"	""	""	"m0-t276-s1-file-identity-taxonomy-001.md"
"MVDM-FILE-1678"	"xms.486/makefile"	"xms.486"	"resource-or-other"	"dual-identical"	"O:\repos.external\OpenNT\base\mvdm\xms.486\makefile"	"0e91e3ac947853ae1230c8ae1d9c83bf0b3adfcfd282d84139265f44c9f803f4"	"byte-exact-verified"	"unreviewed"	"unreviewed"	""	""	"m0-t276-s1-file-identity-taxonomy-001.md"
"MVDM-FILE-1679"	"xms.486/mips/sources"	"xms.486"	"resource-or-other"	"dual-identical"	"O:\repos.external\OpenNT\base\mvdm\xms.486\mips\sources"	"b3aa4de02b3ff61e635dd5604e38b189e46dcec7681fa7b5255d32fd6422af78"	"byte-exact-verified"	"unreviewed"	"unreviewed"	""	""	"m0-t276-s1-file-identity-taxonomy-001.md"
"MVDM-FILE-1680"	"xms.486/ppc/sources"	"xms.486"	"resource-or-other"	"dual-identical"	"O:\repos.external\OpenNT\base\mvdm\xms.486\ppc\sources"	"c5fc3cdd5aedef091710cacbe45ed2607f8ed22bc114793930ac97fceded14c0"	"byte-exact-verified"	"unreviewed"	"unreviewed"	""	""	"m0-t276-s1-file-identity-taxonomy-001.md"
"MVDM-FILE-1681"	"xms.486/sources"	"xms.486"	"resource-or-other"	"dual-identical"	"O:\repos.external\OpenNT\base\mvdm\xms.486\sources"	"f57773cee2d51e76a255f966a3e97d749cec0c48945f975e9b8075f44350cdac"	"byte-exact-verified"	"unreviewed"	"unreviewed"	""	""	"m0-t276-s1-file-identity-taxonomy-001.md"
"MVDM-FILE-1682"	"xms.486/xms.c"	"xms.486"	"source"	"dual-identical"	"O:\repos.external\OpenNT\base\mvdm\xms.486\xms.c"	"592f4a063ad84c21890cdc15e56d4900e6669224c7c34c829c09d25dff9bed75"	"byte-exact-verified"	"unreviewed"	"unreviewed"	""	""	"m0-t276-s1-file-identity-taxonomy-001.md"
"MVDM-FILE-1683"	"xms.486/xms.h"	"xms.486"	"declaration"	"dual-identical"	"O:\repos.external\OpenNT\base\mvdm\xms.486\xms.h"	"0fad52bf1e4c6db87bdc77cf9ec2f35540da2fc4972d2b32e32d57a46776a9fc"	"byte-exact-verified"	"unreviewed"	"unreviewed"	""	""	"m0-t276-s1-file-identity-taxonomy-001.md"
"MVDM-FILE-1684"	"xms.486/xmsa20.c"	"xms.486"	"source"	"dual-identical"	"O:\repos.external\OpenNT\base\mvdm\xms.486\xmsa20.c"	"7261b7064a089b655b8d41d3e4ef6887be869af2b7b62970389aeee9a8acc94b"	"byte-exact-verified"	"unreviewed"	"unreviewed"	""	""	"m0-t276-s1-file-identity-taxonomy-001.md"
"MVDM-FILE-1685"	"xms.486/xmsblock.c"	"xms.486"	"source"	"dual-identical"	"O:\repos.external\OpenNT\base\mvdm\xms.486\xmsblock.c"	"bad1de87b499d3052e757d858b39437232f5653610dc5560c06afcc5e05fd391"	"byte-exact-verified"	"unreviewed"	"unreviewed"	""	""	"m0-t276-s1-file-identity-taxonomy-001.md"
"MVDM-FILE-1686"	"xms.486/xmsdisp.c"	"xms.486"	"source"	"dual-identical"	"O:\repos.external\OpenNT\base\mvdm\xms.486\xmsdisp.c"	"24b0fa2fe32bd7a94606d424a10b0961a9911190cb2684456af04034e04bff01"	"byte-exact-verified"	"unreviewed"	"unreviewed"	""	""	"m0-t276-s1-file-identity-taxonomy-001.md"
"MVDM-FILE-1687"	"xms.486/xmsmemr.c"	"xms.486"	"source"	"dual-identical"	"O:\repos.external\OpenNT\base\mvdm\xms.486\xmsmemr.c"	"70970ed738101458f8036b5a283f034eb64baf32ead84a59a6b02278b327612c"	"byte-exact-verified"	"unreviewed"	"unreviewed"	""	""	"m0-t276-s1-file-identity-taxonomy-001.md"
"MVDM-FILE-1688"	"xms.486/xmsmisc.c"	"xms.486"	"source"	"dual-identical"	"O:\repos.external\OpenNT\base\mvdm\xms.486\xmsmisc.c"	"10ad205d9dede714749a9746dd99b3389546b8aaf3a63dd0236386a9d4ce5245"	"byte-exact-verified"	"unreviewed"	"unreviewed"	""	""	"m0-t276-s1-file-identity-taxonomy-001.md"
"MVDM-FILE-1689"	"xms.486/xmsumb.c"	"xms.486"	"source"	"dual-identical"	"O:\repos.external\OpenNT\base\mvdm\xms.486\xmsumb.c"	"1608b70f239570f2cb5beeaeeaca63065cc9550bd6bad15b47f4160307b33ddc"	"byte-exact-verified"	"unreviewed"	"unreviewed"	""	""	"m0-t276-s1-file-identity-taxonomy-001.md"
"OPENNT-HOST-FILE-0001"	"base/win32/inc/base.h"	"base/win32"	"declaration"	"dual-identical"	"O:\repos.external\OpenNT\base\win32\inc\base.h"	"2df61cf7f17123235a340b6e802c4a998889db112cfd15399cec3cd107911cf7"	"byte-exact-verified"	"exact-adapter-bound"	"adapter-pending"	""	""	"m0-t291-s5-p2-basesrv-source-package-audit-001.md"
"OPENNT-HOST-FILE-0002"	"base/win32/inc/basevdm.h"	"base/win32"	"declaration"	"dual-identical"	"O:\repos.external\OpenNT\base\win32\inc\basevdm.h"	"d0f0fd38ba8458e438cb9ee405f43a4fc9897bf0972d31bbdd59a1b15181d093"	"byte-exact-verified"	"exact-adapter-bound"	"adapter-pending"	""	""	"m0-t291-s5-p2-basesrv-source-package-audit-001.md"
"OPENNT-HOST-FILE-0003"	"base/win32/inc/basemsg.h"	"base/win32"	"declaration"	"dual-identical"	"O:\repos.external\OpenNT\base\win32\inc\basemsg.h"	"112b5c45c3c88504f24079a56d8951e24b4068d1b84f41d07c3c5857b32ad023"	"byte-exact-verified"	"exact-adapter-bound"	"adapter-pending"	""	""	"m0-t291-s5-p2-basesrv-source-package-audit-001.md"
"OPENNT-HOST-FILE-0004"	"base/win32/server/basesrv.h"	"base/win32"	"declaration"	"dual-identical"	"O:\repos.external\OpenNT\base\win32\server\basesrv.h"	"a6863d6360830149e0b4895423f3d0f8a8e13326d784821d88b433ff849f3e31"	"byte-exact-verified"	"exact-adapter-bound"	"adapter-pending"	""	""	"m0-t291-s5-p2-basesrv-source-package-audit-001.md"
"OPENNT-HOST-FILE-0005"	"base/win32/server/srvvdm.h"	"base/win32"	"declaration"	"dual-identical"	"O:\repos.external\OpenNT\base\win32\server\srvvdm.h"	"f590ef866f87ce80671c4b6f4e3bbe94347342e6b723bc062ed6f044fbb3820f"	"byte-exact-verified"	"exact-adapter-bound"	"adapter-pending"	""	""	"m0-t291-s5-p2-basesrv-source-package-audit-001.md"
"OPENNT-HOST-FILE-0006"	"base/win32/server/srvvdm.c"	"base/win32"	"source"	"dual-identical"	"O:\repos.external\OpenNT\base\win32\server\srvvdm.c"	"c1e2177c6c00679d85cfa475f620841f6736b0e56d8dbf790b71afe33e1ed80b"	"byte-exact-verified"	"exact-adapter-bound"	"adapter-pending"	""	""	"m0-t291-s5-p2-basesrv-source-package-audit-001.md"
"OPENNT-HOST-FILE-0007"	"base/win32/server/srvinit.c"	"base/win32"	"source"	"dual-identical"	"O:\repos.external\OpenNT\base\win32\server\srvinit.c"	"f53d4ca6f7d3eee8945d94fc237f73b892fb0f509da8a47256043180b48bfc70"	"byte-exact-verified"	"exact-adapter-bound"	"adapter-pending"	""	""	"m0-t291-s5-p2-basesrv-source-package-audit-001.md"
"OPENNT-HOST-FILE-0008"	"base/win32/client/basedll.h"	"base/win32"	"declaration"	"dual-identical"	"O:\repos.external\OpenNT\base\win32\client\basedll.h"	"f7f295d58032ab2157b448ff421445f7e45c59662b026e82c5307d75e953be2a"	"byte-exact-verified"	"exact-adapter-bound"	"adapter-pending"	""	""	"m0-t291-s5-p2-basesrv-source-package-audit-001.md"
"OPENNT-HOST-FILE-0009"	"base/win32/client/vdm.c"	"base/win32"	"source"	"canonical-opennt"	"O:\repos.external\OpenNT\base\win32\client\vdm.c"	"3f03d0dbb08e0163f2d9cf415daad0981e42e1b1855f6f48a3b59022b7374173"	"byte-exact-verified"	"exact-adapter-bound"	"adapter-pending"	""	"OpenNT-4.5 differs only in unrelated architecture macro spellings; canonical OpenNT selected for this package cohort."	"m0-t291-s5-p2-basesrv-source-package-audit-001.md"
"OPENNT-PLATFORM-FILE-0001"	"source/public/sdk/inc/ntcsrsrv.h"	"public/sdk/inc"	"declaration"	"dual-identical"	"O:\repos.external\OpenNT\public\sdk\inc\ntcsrsrv.h"	"9f22e4932d1b51c404c6bdaa6c4ca875ab8c19f1266c31c930985bdf75d1bbf2"	"byte-exact-verified"	"exact-direct"	"adapter-pending"	""	""	"m0-t291-s5-p2-basesrv-source-package-audit-001.md"
