"caller_path"	"source_line"	"declaration_text"	"edge_kind"	"stage1_state"	"next_stage"	"lexical_name"	"selected_definition_paths"	"first_hop_owner"	"second_stage_seed"	"definition_resolution_rule"
"bde/bde.h"	"6"	"extern PNTSD_OUTPUT_ROUTINE Print;"	"extern-data-or-function-pointer declaration"	"selected-MVDM declaration; definition is a second-stage package-expansion obligation"	"definition/package BFS"	"Print"	""	"mvdm-host/bde"	"bde"	"resolve against this declaring package before treating as any non-MVDM boundary"
"bde/bde.h"	"7"	"extern PNTSD_GET_EXPRESSION GetExpression;"	"extern-data-or-function-pointer declaration"	"selected-MVDM declaration; definition is a second-stage package-expansion obligation"	"definition/package BFS"	"GetExpression"	""	"mvdm-host/bde"	"bde"	"resolve against this declaring package before treating as any non-MVDM boundary"
"bde/bde.h"	"8"	"extern PNTSD_GET_SYMBOL GetSymbol;"	"extern-data-or-function-pointer declaration"	"selected-MVDM declaration; definition is a second-stage package-expansion obligation"	"definition/package BFS"	"GetSymbol"	""	"mvdm-host/bde"	"bde"	"resolve against this declaring package before treating as any non-MVDM boundary"
"bde/bde.h"	"10"	"extern PNTSD_CHECK_CONTROL_C CheckCtrlC;"	"extern-data-or-function-pointer declaration"	"selected-MVDM declaration; definition is a second-stage package-expansion obligation"	"definition/package BFS"	"CheckCtrlC"	""	"mvdm-host/bde"	"bde"	"resolve against this declaring package before treating as any non-MVDM boundary"
"bde/bde.h"	"12"	"extern PWINDBG_READ_PROCESS_MEMORY_ROUTINE  ReadProcessMemWinDbg;"	"extern-data-or-function-pointer declaration"	"selected-MVDM declaration; definition is a second-stage package-expansion obligation"	"definition/package BFS"	"ReadProcessMemWinDbg"	""	"mvdm-host/bde"	"bde"	"resolve against this declaring package before treating as any non-MVDM boundary"
"bde/bde.h"	"13"	"extern PWINDBG_WRITE_PROCESS_MEMORY_ROUTINE WriteProcessMemWinDbg;"	"extern-data-or-function-pointer declaration"	"selected-MVDM declaration; definition is a second-stage package-expansion obligation"	"definition/package BFS"	"WriteProcessMemWinDbg"	""	"mvdm-host/bde"	"bde"	"resolve against this declaring package before treating as any non-MVDM boundary"
"bde/bde.h"	"14"	"extern PWINDBG_GET_THREAD_CONTEXT_ROUTINE   GetThreadContextWinDbg;"	"extern-data-or-function-pointer declaration"	"selected-MVDM declaration; definition is a second-stage package-expansion obligation"	"definition/package BFS"	"GetThreadContextWinDbg"	""	"mvdm-host/bde"	"bde"	"resolve against this declaring package before treating as any non-MVDM boundary"
"bde/bde.h"	"15"	"extern PWINDBG_SET_THREAD_CONTEXT_ROUTINE   SetThreadContextWinDbg;"	"extern-data-or-function-pointer declaration"	"selected-MVDM declaration; definition is a second-stage package-expansion obligation"	"definition/package BFS"	"SetThreadContextWinDbg"	""	"mvdm-host/bde"	"bde"	"resolve against this declaring package before treating as any non-MVDM boundary"
"bde/bde.h"	"17"	"extern  fWinDbg;"	"extern-data-or-function-pointer declaration"	"selected-MVDM declaration; definition is a second-stage package-expansion obligation"	"definition/package BFS"	"fWinDbg"	""	"mvdm-host/bde"	"bde"	"resolve against this declaring package before treating as any non-MVDM boundary"
"bde/bde.h"	"18"	"extern HANDLE hCurrentProcess;"	"extern-data-or-function-pointer declaration"	"selected-MVDM declaration; definition is a second-stage package-expansion obligation"	"definition/package BFS"	"hCurrentProcess"	""	"mvdm-host/bde"	"bde"	"resolve against this declaring package before treating as any non-MVDM boundary"
"bde/bde.h"	"19"	"extern HANDLE hCurrentThread;"	"extern-data-or-function-pointer declaration"	"selected-MVDM declaration; definition is a second-stage package-expansion obligation"	"definition/package BFS"	"hCurrentThread"	""	"mvdm-host/bde"	"bde"	"resolve against this declaring package before treating as any non-MVDM boundary"
"bde/bde.h"	"20"	"extern LPSTR lpArgumentString;"	"extern-data-or-function-pointer declaration"	"selected-MVDM declaration; definition is a second-stage package-expansion obligation"	"definition/package BFS"	"lpArgumentString"	""	"mvdm-host/bde"	"bde"	"resolve against this declaring package before treating as any non-MVDM boundary"
"dos/command/cmd.h"	"223"	"extern USHORT	nDrives;"	"extern-data-or-function-pointer declaration"	"selected-MVDM declaration; definition is a second-stage package-expansion obligation"	"definition/package BFS"	"nDrives"	""	"mvdm-host/dos"	"dos"	"resolve against this declaring package before treating as any non-MVDM boundary"
"dos/command/cmd.h"	"224"	"extern BOOL	IsFirstVDMInSystem;"	"extern-data-or-function-pointer declaration"	"selected-MVDM declaration; definition is a second-stage package-expansion obligation"	"definition/package BFS"	"IsFirstVDMInSystem"	""	"mvdm-host/dos"	"dos"	"resolve against this declaring package before treating as any non-MVDM boundary"
"dos/command/cmd.h"	"225"	"extern BOOL	VDMForWOW;"	"extern-data-or-function-pointer declaration"	"selected-MVDM declaration; definition is a second-stage package-expansion obligation"	"definition/package BFS"	"VDMForWOW"	""	"mvdm-host/dos"	"dos"	"resolve against this declaring package before treating as any non-MVDM boundary"
"dos/command/cmd.h"	"226"	"extern CHAR	lpszComSpec[];"	"extern-data-or-function-pointer declaration"	"selected-MVDM declaration; definition is a second-stage package-expansion obligation"	"definition/package BFS"	"lpszComSpec"	""	"mvdm-host/dos"	"dos"	"resolve against this declaring package before treating as any non-MVDM boundary"
"dos/command/cmd.h"	"227"	"extern USHORT	cbComSpec;"	"extern-data-or-function-pointer declaration"	"selected-MVDM declaration; definition is a second-stage package-expansion obligation"	"definition/package BFS"	"cbComSpec"	""	"mvdm-host/dos"	"dos"	"resolve against this declaring package before treating as any non-MVDM boundary"
"dos/command/cmd.h"	"228"	"extern BOOL	IsFirstCall;"	"extern-data-or-function-pointer declaration"	"selected-MVDM declaration; definition is a second-stage package-expansion obligation"	"definition/package BFS"	"IsFirstCall"	""	"mvdm-host/dos"	"dos"	"resolve against this declaring package before treating as any non-MVDM boundary"
"dos/command/cmd.h"	"229"	"extern BOOL	IsRepeatCall;"	"extern-data-or-function-pointer declaration"	"selected-MVDM declaration; definition is a second-stage package-expansion obligation"	"definition/package BFS"	"IsRepeatCall"	""	"mvdm-host/dos"	"dos"	"resolve against this declaring package before treating as any non-MVDM boundary"
"dos/command/cmd.h"	"230"	"extern BOOL	IsFirstWOWCheckBinary;"	"extern-data-or-function-pointer declaration"	"selected-MVDM declaration; definition is a second-stage package-expansion obligation"	"definition/package BFS"	"IsFirstWOWCheckBinary"	""	"mvdm-host/dos"	"dos"	"resolve against this declaring package before treating as any non-MVDM boundary"
"dos/command/cmd.h"	"231"	"extern BOOL	IsFirstVDMInSystem;"	"extern-data-or-function-pointer declaration"	"selected-MVDM declaration; definition is a second-stage package-expansion obligation"	"definition/package BFS"	"IsFirstVDMInSystem"	""	"mvdm-host/dos"	"dos"	"resolve against this declaring package before treating as any non-MVDM boundary"
"dos/command/cmd.h"	"232"	"extern BOOL	SaveWorldCreated;"	"extern-data-or-function-pointer declaration"	"selected-MVDM declaration; definition is a second-stage package-expansion obligation"	"definition/package BFS"	"SaveWorldCreated"	""	"mvdm-host/dos"	"dos"	"resolve against this declaring package before treating as any non-MVDM boundary"
"dos/command/cmd.h"	"233"	"extern PCHAR	pSCS_ToSync;"	"extern-data-or-function-pointer declaration"	"selected-MVDM declaration; definition is a second-stage package-expansion obligation"	"definition/package BFS"	"pSCS_ToSync"	""	"mvdm-host/dos"	"dos"	"resolve against this declaring package before treating as any non-MVDM boundary"
"dos/command/cmd.h"	"234"	"extern BOOL	fBlock;"	"extern-data-or-function-pointer declaration"	"selected-MVDM declaration; definition is a second-stage package-expansion obligation"	"definition/package BFS"	"fBlock"	""	"mvdm-host/dos"	"dos"	"resolve against this declaring package before treating as any non-MVDM boundary"
"dos/command/cmd.h"	"235"	"extern PCHAR	pCommand32;"	"extern-data-or-function-pointer declaration"	"selected-MVDM declaration; definition is a second-stage package-expansion obligation"	"definition/package BFS"	"pCommand32"	""	"mvdm-host/dos"	"dos"	"resolve against this declaring package before treating as any non-MVDM boundary"
"dos/command/cmd.h"	"236"	"extern PCHAR	pEnv32;"	"extern-data-or-function-pointer declaration"	"selected-MVDM declaration; definition is a second-stage package-expansion obligation"	"definition/package BFS"	"pEnv32"	""	"mvdm-host/dos"	"dos"	"resolve against this declaring package before treating as any non-MVDM boundary"
"dos/command/cmd.h"	"237"	"extern DWORD	dwExitCode32;"	"extern-data-or-function-pointer declaration"	"selected-MVDM declaration; definition is a second-stage package-expansion obligation"	"definition/package BFS"	"dwExitCode32"	""	"mvdm-host/dos"	"dos"	"resolve against this declaring package before treating as any non-MVDM boundary"
"dos/command/cmd.h"	"238"	"extern PSCSINFO pSCSInfo;"	"extern-data-or-function-pointer declaration"	"selected-MVDM declaration; definition is a second-stage package-expansion obligation"	"definition/package BFS"	"pSCSInfo"	""	"mvdm-host/dos"	"dos"	"resolve against this declaring package before treating as any non-MVDM boundary"
"dos/command/cmd.h"	"239"	"extern HANDLE	hFileStdOut;"	"extern-data-or-function-pointer declaration"	"selected-MVDM declaration; definition is a second-stage package-expansion obligation"	"definition/package BFS"	"hFileStdOut"	""	"mvdm-host/dos"	"dos"	"resolve against this declaring package before treating as any non-MVDM boundary"
"dos/command/cmd.h"	"240"	"extern HANDLE	hFileStdOutDup;"	"extern-data-or-function-pointer declaration"	"selected-MVDM declaration; definition is a second-stage package-expansion obligation"	"definition/package BFS"	"hFileStdOutDup"	""	"mvdm-host/dos"	"dos"	"resolve against this declaring package before treating as any non-MVDM boundary"
"dos/command/cmd.h"	"241"	"extern HANDLE	hFileStdErr;"	"extern-data-or-function-pointer declaration"	"selected-MVDM declaration; definition is a second-stage package-expansion obligation"	"definition/package BFS"	"hFileStdErr"	""	"mvdm-host/dos"	"dos"	"resolve against this declaring package before treating as any non-MVDM boundary"
"dos/command/cmd.h"	"242"	"extern HANDLE	hFileStdErrDup;"	"extern-data-or-function-pointer declaration"	"selected-MVDM declaration; definition is a second-stage package-expansion obligation"	"definition/package BFS"	"hFileStdErrDup"	""	"mvdm-host/dos"	"dos"	"resolve against this declaring package before treating as any non-MVDM boundary"
"dos/command/cmd.h"	"243"	"extern VDMINFO	VDMInfo;"	"extern-data-or-function-pointer declaration"	"selected-MVDM declaration; definition is a second-stage package-expansion obligation"	"definition/package BFS"	"VDMInfo"	""	"mvdm-host/dos"	"dos"	"resolve against this declaring package before treating as any non-MVDM boundary"
"dos/command/cmd.h"	"244"	"extern PSZ	pszFileStdOut;"	"extern-data-or-function-pointer declaration"	"selected-MVDM declaration; definition is a second-stage package-expansion obligation"	"definition/package BFS"	"pszFileStdOut"	""	"mvdm-host/dos"	"dos"	"resolve against this declaring package before treating as any non-MVDM boundary"
"dos/command/cmd.h"	"245"	"extern PSZ	pszFileStdErr;"	"extern-data-or-function-pointer declaration"	"selected-MVDM declaration; definition is a second-stage package-expansion obligation"	"definition/package BFS"	"pszFileStdErr"	""	"mvdm-host/dos"	"dos"	"resolve against this declaring package before treating as any non-MVDM boundary"
"dos/command/cmd.h"	"246"	"extern CHAR     cmdHomeDirectory[];"	"extern-data-or-function-pointer declaration"	"selected-MVDM declaration; definition is a second-stage package-expansion obligation"	"definition/package BFS"	"cmdHomeDirectory"	""	"mvdm-host/dos"	"dos"	"resolve against this declaring package before treating as any non-MVDM boundary"
"dos/command/cmd.h"	"247"	"extern HANDLE   SCS_hStdIn;"	"extern-data-or-function-pointer declaration"	"selected-MVDM declaration; definition is a second-stage package-expansion obligation"	"definition/package BFS"	"SCS_hStdIn"	""	"mvdm-host/dos"	"dos"	"resolve against this declaring package before treating as any non-MVDM boundary"
"dos/command/cmd.h"	"248"	"extern HANDLE   SCS_hStdOut;"	"extern-data-or-function-pointer declaration"	"selected-MVDM declaration; definition is a second-stage package-expansion obligation"	"definition/package BFS"	"SCS_hStdOut"	""	"mvdm-host/dos"	"dos"	"resolve against this declaring package before treating as any non-MVDM boundary"
"dos/command/cmd.h"	"249"	"extern HANDLE   SCS_hStdErr;"	"extern-data-or-function-pointer declaration"	"selected-MVDM declaration; definition is a second-stage package-expansion obligation"	"definition/package BFS"	"SCS_hStdErr"	""	"mvdm-host/dos"	"dos"	"resolve against this declaring package before treating as any non-MVDM boundary"
"dos/command/cmd.h"	"250"	"extern CHAR     chDefaultDrive;"	"extern-data-or-function-pointer declaration"	"selected-MVDM declaration; definition is a second-stage package-expansion obligation"	"definition/package BFS"	"chDefaultDrive"	""	"mvdm-host/dos"	"dos"	"resolve against this declaring package before treating as any non-MVDM boundary"
"dos/command/cmd.h"	"251"	"extern BOOL	DontCheckDosBinaryType;"	"extern-data-or-function-pointer declaration"	"selected-MVDM declaration; definition is a second-stage package-expansion obligation"	"definition/package BFS"	"DontCheckDosBinaryType"	""	"mvdm-host/dos"	"dos"	"resolve against this declaring package before treating as any non-MVDM boundary"
"dos/command/cmd.h"	"252"	"extern WORD	Exe32ActiveCount;"	"extern-data-or-function-pointer declaration"	"selected-MVDM declaration; definition is a second-stage package-expansion obligation"	"definition/package BFS"	"Exe32ActiveCount"	""	"mvdm-host/dos"	"dos"	"resolve against this declaring package before treating as any non-MVDM boundary"
"dos/command/cmd.h"	"253"	"extern BOOL     fSoftpcRedirection;"	"extern-data-or-function-pointer declaration"	"selected-MVDM declaration; definition is a second-stage package-expansion obligation"	"definition/package BFS"	"fSoftpcRedirection"	""	"mvdm-host/dos"	"dos"	"resolve against this declaring package before treating as any non-MVDM boundary"
"dos/command/cmd.h"	"254"	"extern BOOL     fSoftpcRedirectionOnShellOut;"	"extern-data-or-function-pointer declaration"	"selected-MVDM declaration; definition is a second-stage package-expansion obligation"	"definition/package BFS"	"fSoftpcRedirectionOnShellOut"	""	"mvdm-host/dos"	"dos"	"resolve against this declaring package before treating as any non-MVDM boundary"
"dos/command/cmd.h"	"260"	"extern  ULONG CntrlHandlerState;"	"extern-data-or-function-pointer declaration"	"selected-MVDM declaration; definition is a second-stage package-expansion obligation"	"definition/package BFS"	"CntrlHandlerState"	""	"mvdm-host/dos"	"dos"	"resolve against this declaring package before treating as any non-MVDM boundary"
"dos/command/cmd.h"	"269"	"extern ULONG	iWOWTaskId;"	"extern-data-or-function-pointer declaration"	"selected-MVDM declaration; definition is a second-stage package-expansion obligation"	"definition/package BFS"	"iWOWTaskId"	""	"mvdm-host/dos"	"dos"	"resolve against this declaring package before treating as any non-MVDM boundary"
"dos/command/cmd.h"	"270"	"extern CHAR     comspec[];"	"extern-data-or-function-pointer declaration"	"selected-MVDM declaration; definition is a second-stage package-expansion obligation"	"definition/package BFS"	"comspec"	""	"mvdm-host/dos"	"dos"	"resolve against this declaring package before treating as any non-MVDM boundary"
"dos/command/cmd.h"	"271"	"extern CHAR     ShortCutInfo[];"	"extern-data-or-function-pointer declaration"	"selected-MVDM declaration; definition is a second-stage package-expansion obligation"	"definition/package BFS"	"ShortCutInfo"	""	"mvdm-host/dos"	"dos"	"resolve against this declaring package before treating as any non-MVDM boundary"
"dos/command/cmd.h"	"274"	"extern CHAR	*lpszzInitEnvironment;"	"extern-data-or-function-pointer declaration"	"selected-MVDM declaration; definition is a second-stage package-expansion obligation"	"definition/package BFS"	"lpszzInitEnvironment"	""	"mvdm-host/dos"	"dos"	"resolve against this declaring package before treating as any non-MVDM boundary"
"dos/command/cmd.h"	"275"	"extern WORD	cchInitEnvironment;"	"extern-data-or-function-pointer declaration"	"selected-MVDM declaration; definition is a second-stage package-expansion obligation"	"definition/package BFS"	"cchInitEnvironment"	""	"mvdm-host/dos"	"dos"	"resolve against this declaring package before treating as any non-MVDM boundary"
"dos/command/cmd.h"	"276"	"extern CHAR	*lpszzCurrentDirectories;"	"extern-data-or-function-pointer declaration"	"selected-MVDM declaration; definition is a second-stage package-expansion obligation"	"definition/package BFS"	"lpszzCurrentDirectories"	""	"mvdm-host/dos"	"dos"	"resolve against this declaring package before treating as any non-MVDM boundary"
"dos/command/cmd.h"	"277"	"extern DWORD	cchCurrentDirectories;"	"extern-data-or-function-pointer declaration"	"selected-MVDM declaration; definition is a second-stage package-expansion obligation"	"definition/package BFS"	"cchCurrentDirectories"	""	"mvdm-host/dos"	"dos"	"resolve against this declaring package before treating as any non-MVDM boundary"
"dos/command/cmd.h"	"278"	"extern BYTE	* pIsDosBinary;"	"extern-data-or-function-pointer declaration"	"selected-MVDM declaration; definition is a second-stage package-expansion obligation"	"definition/package BFS"	"pIsDosBinary"	""	"mvdm-host/dos"	"dos"	"resolve against this declaring package before treating as any non-MVDM boundary"
"dos/command/cmd.h"	"279"	"extern WORD	* pFDAccess;"	"extern-data-or-function-pointer declaration"	"selected-MVDM declaration; definition is a second-stage package-expansion obligation"	"definition/package BFS"	"pFDAccess"	""	"mvdm-host/dos"	"dos"	"resolve against this declaring package before treating as any non-MVDM boundary"
"dos/command/cmd.h"	"280"	"extern CHAR	*lpszzcmdEnv16;"	"extern-data-or-function-pointer declaration"	"selected-MVDM declaration; definition is a second-stage package-expansion obligation"	"definition/package BFS"	"lpszzcmdEnv16"	""	"mvdm-host/dos"	"dos"	"resolve against this declaring package before treating as any non-MVDM boundary"
"dos/command/cmd.h"	"281"	"extern BOOL	DosEnvCreated;"	"extern-data-or-function-pointer declaration"	"selected-MVDM declaration; definition is a second-stage package-expansion obligation"	"definition/package BFS"	"DosEnvCreated"	""	"mvdm-host/dos"	"dos"	"resolve against this declaring package before treating as any non-MVDM boundary"
"dos/command/cmd.h"	"282"	"extern BOOL	IsFirstVDM;"	"extern-data-or-function-pointer declaration"	"selected-MVDM declaration; definition is a second-stage package-expansion obligation"	"definition/package BFS"	"IsFirstVDM"	""	"mvdm-host/dos"	"dos"	"resolve against this declaring package before treating as any non-MVDM boundary"
"dos/command/cmd.h"	"283"	"extern VDMENVBLK cmdVDMEnvBlk;"	"extern-data-or-function-pointer declaration"	"selected-MVDM declaration; definition is a second-stage package-expansion obligation"	"definition/package BFS"	"cmdVDMEnvBlk"	""	"mvdm-host/dos"	"dos"	"resolve against this declaring package before treating as any non-MVDM boundary"
"dos/command/cmd.h"	"284"	"extern CHAR	*lpszzVDMEnv32;"	"extern-data-or-function-pointer declaration"	"selected-MVDM declaration; definition is a second-stage package-expansion obligation"	"definition/package BFS"	"lpszzVDMEnv32"	""	"mvdm-host/dos"	"dos"	"resolve against this declaring package before treating as any non-MVDM boundary"
"dos/command/cmd.h"	"285"	"extern DWORD	cchVDMEnv32;"	"extern-data-or-function-pointer declaration"	"selected-MVDM declaration; definition is a second-stage package-expansion obligation"	"definition/package BFS"	"cchVDMEnv32"	""	"mvdm-host/dos"	"dos"	"resolve against this declaring package before treating as any non-MVDM boundary"
"dos/command/cmd.h"	"286"	"extern UINT	VdmExitCode;"	"extern-data-or-function-pointer declaration"	"selected-MVDM declaration; definition is a second-stage package-expansion obligation"	"definition/package BFS"	"VdmExitCode"	""	"mvdm-host/dos"	"dos"	"resolve against this declaring package before treating as any non-MVDM boundary"
"dos/command/cmdenv.c"	"23"	"extern BOOL fSeparateWow;"	"extern-data-or-function-pointer declaration"	"selected-MVDM declaration; definition is a second-stage package-expansion obligation"	"definition/package BFS"	"fSeparateWow"	""	"mvdm-host/dos"	"dos"	"resolve against this declaring package before treating as any non-MVDM boundary"
"dos/command/cmdkeyb.c"	"22"	"extern BOOL bPifFastPaste;"	"extern-data-or-function-pointer declaration"	"selected-MVDM declaration; definition is a second-stage package-expansion obligation"	"definition/package BFS"	"bPifFastPaste"	""	"mvdm-host/dos"	"dos"	"resolve against this declaring package before treating as any non-MVDM boundary"
"dos/command/cmdmisc.c"	"27"	"extern ULONG fSeparateWow;"	"extern-data-or-function-pointer declaration"	"selected-MVDM declaration; definition is a second-stage package-expansion obligation"	"definition/package BFS"	"fSeparateWow"	""	"mvdm-host/dos"	"dos"	"resolve against this declaring package before treating as any non-MVDM boundary"
"dos/command/cmdpif.h"	"45"	"extern PIF_DATA pfdata;"	"extern-data-or-function-pointer declaration"	"selected-MVDM declaration; definition is a second-stage package-expansion obligation"	"definition/package BFS"	"pfdata"	""	"mvdm-host/dos"	"dos"	"resolve against this declaring package before treating as any non-MVDM boundary"
"dos/dem/dem.h"	"125"	"extern mvdm_guest_location dta_location;"	"extern-data-or-function-pointer declaration"	"selected-MVDM declaration; definition is a second-stage package-expansion obligation"	"definition/package BFS"	"dta_location"	""	"mvdm-host/dos"	"dos"	"resolve against this declaring package before treating as any non-MVDM boundary"
"dos/dem/dem.h"	"126"	"extern BOOL   VDMForWOW;"	"extern-data-or-function-pointer declaration"	"selected-MVDM declaration; definition is a second-stage package-expansion obligation"	"definition/package BFS"	"VDMForWOW"	""	"mvdm-host/dos"	"dos"	"resolve against this declaring package before treating as any non-MVDM boundary"
"dos/dem/dem.h"	"127"	"extern PVHE   pHardErrPacket;"	"extern-data-or-function-pointer declaration"	"selected-MVDM declaration; definition is a second-stage package-expansion obligation"	"definition/package BFS"	"pHardErrPacket"	""	"mvdm-host/dos"	"dos"	"resolve against this declaring package before treating as any non-MVDM boundary"
"dos/dem/dem.h"	"128"	"extern ULONG  CurrentISVC;"	"extern-data-or-function-pointer declaration"	"selected-MVDM declaration; definition is a second-stage package-expansion obligation"	"definition/package BFS"	"CurrentISVC"	""	"mvdm-host/dos"	"dos"	"resolve against this declaring package before treating as any non-MVDM boundary"
"dos/dem/dem.h"	"129"	"extern PCHAR  aSVCNames[];"	"extern-data-or-function-pointer declaration"	"selected-MVDM declaration; definition is a second-stage package-expansion obligation"	"definition/package BFS"	"aSVCNames"	""	"mvdm-host/dos"	"dos"	"resolve against this declaring package before treating as any non-MVDM boundary"
"dos/dem/dem.h"	"130"	"extern PFNSVC apfnSVC[];"	"extern-data-or-function-pointer declaration"	"selected-MVDM declaration; definition is a second-stage package-expansion obligation"	"definition/package BFS"	"apfnSVC"	""	"mvdm-host/dos"	"dos"	"resolve against this declaring package before treating as any non-MVDM boundary"
"dos/dem/dem.h"	"131"	"extern PSZ    pszDefaultDOSDirectory;"	"extern-data-or-function-pointer declaration"	"selected-MVDM declaration; definition is a second-stage package-expansion obligation"	"definition/package BFS"	"pszDefaultDOSDirectory"	""	"mvdm-host/dos"	"dos"	"resolve against this declaring package before treating as any non-MVDM boundary"
"dos/dem/dem.h"	"132"	"extern USHORT nDrives;"	"extern-data-or-function-pointer declaration"	"selected-MVDM declaration; definition is a second-stage package-expansion obligation"	"definition/package BFS"	"nDrives"	""	"mvdm-host/dos"	"dos"	"resolve against this declaring package before treating as any non-MVDM boundary"
"dos/dem/dem.h"	"135"	"extern mvdm_guest_location current_pdb_location;"	"extern-data-or-function-pointer declaration"	"selected-MVDM declaration; definition is a second-stage package-expansion obligation"	"definition/package BFS"	"current_pdb_location"	""	"mvdm-host/dos"	"dos"	"resolve against this declaring package before treating as any non-MVDM boundary"
"dos/dem/dem.h"	"139"	"extern mvdm_guest_location sft_head_location;"	"extern-data-or-function-pointer declaration"	"selected-MVDM declaration; definition is a second-stage package-expansion obligation"	"definition/package BFS"	"sft_head_location"	""	"mvdm-host/dos"	"dos"	"resolve against this declaring package before treating as any non-MVDM boundary"
"dos/dem/dem.h"	"142"	"extern mvdm_guest_location extended_error_location;"	"extern-data-or-function-pointer declaration"	"selected-MVDM declaration; definition is a second-stage package-expansion obligation"	"definition/package BFS"	"extended_error_location"	""	"mvdm-host/dos"	"dos"	"resolve against this declaring package before treating as any non-MVDM boundary"
"dos/dem/dem.h"	"147"	"extern CHAR demDebugBuffer [];"	"extern-data-or-function-pointer declaration"	"selected-MVDM declaration; definition is a second-stage package-expansion obligation"	"definition/package BFS"	"demDebugBuffer"	""	"mvdm-host/dos"	"dos"	"resolve against this declaring package before treating as any non-MVDM boundary"
"dos/dem/demdasd.c"	"20"	"extern	WORD int13h_vector_off, int13h_vector_seg;"	"extern-data-or-function-pointer declaration"	"selected-MVDM declaration; definition is a second-stage package-expansion obligation"	"definition/package BFS"	"int13h_vector_seg"	""	"mvdm-host/dos"	"dos"	"resolve against this declaring package before treating as any non-MVDM boundary"
"dos/dem/demdasd.c"	"21"	"extern	WORD int13h_caller_off, int13h_caller_seg;"	"extern-data-or-function-pointer declaration"	"selected-MVDM declaration; definition is a second-stage package-expansion obligation"	"definition/package BFS"	"int13h_caller_seg"	""	"mvdm-host/dos"	"dos"	"resolve against this declaring package before treating as any non-MVDM boundary"
"dos/dem/demdasd.h"	"298"	"extern PBDS	demBDS;"	"extern-data-or-function-pointer declaration"	"selected-MVDM declaration; definition is a second-stage package-expansion obligation"	"definition/package BFS"	"demBDS"	""	"mvdm-host/dos"	"dos"	"resolve against this declaring package before treating as any non-MVDM boundary"
"dos/dem/demdasd.h"	"299"	"extern BYTE	NumberOfFloppy, NumberOfFdisk;"	"extern-data-or-function-pointer declaration"	"selected-MVDM declaration; definition is a second-stage package-expansion obligation"	"definition/package BFS"	"NumberOfFdisk"	""	"mvdm-host/dos"	"dos"	"resolve against this declaring package before treating as any non-MVDM boundary"
"dos/dem/demmisc.c"	"138"	"extern BOOL IsFirstCall;"	"extern-data-or-function-pointer declaration"	"selected-MVDM declaration; definition is a second-stage package-expansion obligation"	"definition/package BFS"	"IsFirstCall"	""	"mvdm-host/dos"	"dos"	"resolve against this declaring package before treating as any non-MVDM boundary"
"dos/dem/demmisc.c"	"609"	"extern WORD * pFDAccess;	    // defined in SoftPC."	"extern-data-or-function-pointer declaration"	"selected-MVDM declaration; definition is a second-stage package-expansion obligation"	"definition/package BFS"	""	""	"mvdm-host/dos"	"dos"	"resolve against this declaring package before treating as any non-MVDM boundary"
"dos/dem/demsrch.c"	"24"	"extern BOOL IsFirstCall;"	"extern-data-or-function-pointer declaration"	"selected-MVDM declaration; definition is a second-stage package-expansion obligation"	"definition/package BFS"	"IsFirstCall"	""	"mvdm-host/dos"	"dos"	"resolve against this declaring package before treating as any non-MVDM boundary"
"dpmi32/dpmi32p.h"	"93"	"extern USHORT CurrentPSPSelector;"	"extern-data-or-function-pointer declaration"	"selected-MVDM declaration; definition is a second-stage package-expansion obligation"	"definition/package BFS"	"CurrentPSPSelector"	""	"mvdm-host/dpmi32"	"dpmi32"	"resolve against this declaring package before treating as any non-MVDM boundary"
"dpmi32/dpmi32p.h"	"98"	"extern ULONG FlatAddress[LDT_SIZE];"	"extern-data-or-function-pointer declaration"	"selected-MVDM declaration; definition is a second-stage package-expansion obligation"	"definition/package BFS"	"FlatAddress"	""	"mvdm-host/dpmi32"	"dpmi32"	"resolve against this declaring package before treating as any non-MVDM boundary"
"dpmi32/dpmi32p.h"	"104"	"extern ULONG Index;"	"extern-data-or-function-pointer declaration"	"selected-MVDM declaration; definition is a second-stage package-expansion obligation"	"definition/package BFS"	"Index"	"softpc.new/host/src/stubs.c:261"	"mvdm-host/dpmi32"	"dpmi32"	"resolve against this declaring package before treating as any non-MVDM boundary"
"dpmi32/dpmi32p.h"	"110"	"extern USHORT LockedPMStackSel;"	"extern-data-or-function-pointer declaration"	"selected-MVDM declaration; definition is a second-stage package-expansion obligation"	"definition/package BFS"	"LockedPMStackSel"	""	"mvdm-host/dpmi32"	"dpmi32"	"resolve against this declaring package before treating as any non-MVDM boundary"
"dpmi32/dpmi32p.h"	"111"	"extern ULONG LockedPMStackCount;"	"extern-data-or-function-pointer declaration"	"selected-MVDM declaration; definition is a second-stage package-expansion obligation"	"definition/package BFS"	"LockedPMStackCount"	""	"mvdm-host/dpmi32"	"dpmi32"	"resolve against this declaring package before treating as any non-MVDM boundary"
"dpmi32/dpmi32p.h"	"112"	"extern ULONG PMLockOrigEIP;"	"extern-data-or-function-pointer declaration"	"selected-MVDM declaration; definition is a second-stage package-expansion obligation"	"definition/package BFS"	"PMLockOrigEIP"	""	"mvdm-host/dpmi32"	"dpmi32"	"resolve against this declaring package before treating as any non-MVDM boundary"
"dpmi32/dpmi32p.h"	"113"	"extern ULONG PMLockOrigSS;"	"extern-data-or-function-pointer declaration"	"selected-MVDM declaration; definition is a second-stage package-expansion obligation"	"definition/package BFS"	"PMLockOrigSS"	""	"mvdm-host/dpmi32"	"dpmi32"	"resolve against this declaring package before treating as any non-MVDM boundary"
"dpmi32/dpmi32p.h"	"114"	"extern ULONG PMLockOrigESP;"	"extern-data-or-function-pointer declaration"	"selected-MVDM declaration; definition is a second-stage package-expansion obligation"	"definition/package BFS"	"PMLockOrigESP"	""	"mvdm-host/dpmi32"	"dpmi32"	"resolve against this declaring package before treating as any non-MVDM boundary"
"dpmi32/dpmi32p.h"	"116"	"extern ULONG DosxFaultHandlerIret;"	"extern-data-or-function-pointer declaration"	"selected-MVDM declaration; definition is a second-stage package-expansion obligation"	"definition/package BFS"	"DosxFaultHandlerIret"	""	"mvdm-host/dpmi32"	"dpmi32"	"resolve against this declaring package before treating as any non-MVDM boundary"
"dpmi32/dpmi32p.h"	"117"	"extern ULONG DosxFaultHandlerIretd;"	"extern-data-or-function-pointer declaration"	"selected-MVDM declaration; definition is a second-stage package-expansion obligation"	"definition/package BFS"	"DosxFaultHandlerIretd"	""	"mvdm-host/dpmi32"	"dpmi32"	"resolve against this declaring package before treating as any non-MVDM boundary"
"dpmi32/dpmi32p.h"	"118"	"extern ULONG DosxIntHandlerIret;"	"extern-data-or-function-pointer declaration"	"selected-MVDM declaration; definition is a second-stage package-expansion obligation"	"definition/package BFS"	"DosxIntHandlerIret"	""	"mvdm-host/dpmi32"	"dpmi32"	"resolve against this declaring package before treating as any non-MVDM boundary"
"dpmi32/dpmi32p.h"	"119"	"extern ULONG DosxIntHandlerIretd;"	"extern-data-or-function-pointer declaration"	"selected-MVDM declaration; definition is a second-stage package-expansion obligation"	"definition/package BFS"	"DosxIntHandlerIretd"	""	"mvdm-host/dpmi32"	"dpmi32"	"resolve against this declaring package before treating as any non-MVDM boundary"
"dpmi32/dpmi32p.h"	"121"	"extern ULONG DosxIret;"	"extern-data-or-function-pointer declaration"	"selected-MVDM declaration; definition is a second-stage package-expansion obligation"	"definition/package BFS"	"DosxIret"	""	"mvdm-host/dpmi32"	"dpmi32"	"resolve against this declaring package before treating as any non-MVDM boundary"
"dpmi32/dpmi32p.h"	"122"	"extern ULONG DosxIretd;"	"extern-data-or-function-pointer declaration"	"selected-MVDM declaration; definition is a second-stage package-expansion obligation"	"definition/package BFS"	"DosxIretd"	""	"mvdm-host/dpmi32"	"dpmi32"	"resolve against this declaring package before treating as any non-MVDM boundary"
"dpmi32/dpmidata.h"	"122"	"extern PUCHAR SmallXlatBuffer;"	"extern-data-or-function-pointer declaration"	"selected-MVDM declaration; definition is a second-stage package-expansion obligation"	"definition/package BFS"	"SmallXlatBuffer"	""	"mvdm-host/dpmi32"	"dpmi32"	"resolve against this declaring package before treating as any non-MVDM boundary"
"dpmi32/dpmidata.h"	"123"	"extern PUCHAR LargeXlatBuffer;"	"extern-data-or-function-pointer declaration"	"selected-MVDM declaration; definition is a second-stage package-expansion obligation"	"definition/package BFS"	"LargeXlatBuffer"	""	"mvdm-host/dpmi32"	"dpmi32"	"resolve against this declaring package before treating as any non-MVDM boundary"
"dpmi32/dpmidata.h"	"124"	"extern BOOL SmallBufferInUse;"	"extern-data-or-function-pointer declaration"	"selected-MVDM declaration; definition is a second-stage package-expansion obligation"	"definition/package BFS"	"SmallBufferInUse"	""	"mvdm-host/dpmi32"	"dpmi32"	"resolve against this declaring package before treating as any non-MVDM boundary"
"dpmi32/dpmidata.h"	"125"	"extern USHORT LargeBufferInUseCount;"	"extern-data-or-function-pointer declaration"	"selected-MVDM declaration; definition is a second-stage package-expansion obligation"	"definition/package BFS"	"LargeBufferInUseCount"	""	"mvdm-host/dpmi32"	"dpmi32"	"resolve against this declaring package before treating as any non-MVDM boundary"
"dpmi32/dpmidata.h"	"130"	"extern USHORT DosxStackSegment;"	"extern-data-or-function-pointer declaration"	"selected-MVDM declaration; definition is a second-stage package-expansion obligation"	"definition/package BFS"	"DosxStackSegment"	""	"mvdm-host/dpmi32"	"dpmi32"	"resolve against this declaring package before treating as any non-MVDM boundary"
"dpmi32/dpmidata.h"	"135"	"extern USHORT DosxRmCodeSegment;"	"extern-data-or-function-pointer declaration"	"selected-MVDM declaration; definition is a second-stage package-expansion obligation"	"definition/package BFS"	"DosxRmCodeSegment"	""	"mvdm-host/dpmi32"	"dpmi32"	"resolve against this declaring package before treating as any non-MVDM boundary"
"dpmi32/dpmidata.h"	"140"	"extern USHORT DosxRmCodeSelector;"	"extern-data-or-function-pointer declaration"	"selected-MVDM declaration; definition is a second-stage package-expansion obligation"	"definition/package BFS"	"DosxRmCodeSelector"	""	"mvdm-host/dpmi32"	"dpmi32"	"resolve against this declaring package before treating as any non-MVDM boundary"
"dpmi32/dpmidata.h"	"145"	"extern PWORD16 DosxStackFramePointer;"	"extern-data-or-function-pointer declaration"	"selected-MVDM declaration; definition is a second-stage package-expansion obligation"	"definition/package BFS"	"DosxStackFramePointer"	""	"mvdm-host/dpmi32"	"dpmi32"	"resolve against this declaring package before treating as any non-MVDM boundary"
"dpmi32/dpmidata.h"	"150"	"extern USHORT DosxStackFrameSize;"	"extern-data-or-function-pointer declaration"	"selected-MVDM declaration; definition is a second-stage package-expansion obligation"	"definition/package BFS"	"DosxStackFrameSize"	""	"mvdm-host/dpmi32"	"dpmi32"	"resolve against this declaring package before treating as any non-MVDM boundary"
"dpmi32/dpmidata.h"	"155"	"extern USHORT DosxPmDataSelector;"	"extern-data-or-function-pointer declaration"	"selected-MVDM declaration; definition is a second-stage package-expansion obligation"	"definition/package BFS"	"DosxPmDataSelector"	""	"mvdm-host/dpmi32"	"dpmi32"	"resolve against this declaring package before treating as any non-MVDM boundary"
"dpmi32/dpmidata.h"	"161"	"extern ULONG DosxSegmentToSelector;"	"extern-data-or-function-pointer declaration"	"selected-MVDM declaration; definition is a second-stage package-expansion obligation"	"definition/package BFS"	"DosxSegmentToSelector"	""	"mvdm-host/dpmi32"	"dpmi32"	"resolve against this declaring package before treating as any non-MVDM boundary"
"dpmi32/dpmidata.h"	"166"	"extern USHORT CurrentAppFlags;"	"extern-data-or-function-pointer declaration"	"selected-MVDM declaration; definition is a second-stage package-expansion obligation"	"definition/package BFS"	"CurrentAppFlags"	""	"mvdm-host/dpmi32"	"dpmi32"	"resolve against this declaring package before treating as any non-MVDM boundary"
"dpmi32/dpmidata.h"	"171"	"extern ULONG RmBopFe;"	"extern-data-or-function-pointer declaration"	"selected-MVDM declaration; definition is a second-stage package-expansion obligation"	"definition/package BFS"	"RmBopFe"	""	"mvdm-host/dpmi32"	"dpmi32"	"resolve against this declaring package before treating as any non-MVDM boundary"
"dpmi32/dpmidata.h"	"176"	"extern PUCHAR DosxDtaBuffer;"	"extern-data-or-function-pointer declaration"	"selected-MVDM declaration; definition is a second-stage package-expansion obligation"	"definition/package BFS"	"DosxDtaBuffer"	""	"mvdm-host/dpmi32"	"dpmi32"	"resolve against this declaring package before treating as any non-MVDM boundary"
"dpmi32/dpmidata.h"	"189"	"extern PUCHAR CurrentDta;"	"extern-data-or-function-pointer declaration"	"selected-MVDM declaration; definition is a second-stage package-expansion obligation"	"definition/package BFS"	"CurrentDta"	""	"mvdm-host/dpmi32"	"dpmi32"	"resolve against this declaring package before treating as any non-MVDM boundary"
"dpmi32/dpmidata.h"	"190"	"extern PUCHAR CurrentPmDtaAddress;"	"extern-data-or-function-pointer declaration"	"selected-MVDM declaration; definition is a second-stage package-expansion obligation"	"definition/package BFS"	"CurrentPmDtaAddress"	""	"mvdm-host/dpmi32"	"dpmi32"	"resolve against this declaring package before treating as any non-MVDM boundary"
"dpmi32/dpmidata.h"	"191"	"extern PUCHAR CurrentDosDta;"	"extern-data-or-function-pointer declaration"	"selected-MVDM declaration; definition is a second-stage package-expansion obligation"	"definition/package BFS"	"CurrentDosDta"	""	"mvdm-host/dpmi32"	"dpmi32"	"resolve against this declaring package before treating as any non-MVDM boundary"
"dpmi32/dpmidata.h"	"192"	"extern USHORT CurrentDtaSelector;"	"extern-data-or-function-pointer declaration"	"selected-MVDM declaration; definition is a second-stage package-expansion obligation"	"definition/package BFS"	"CurrentDtaSelector"	""	"mvdm-host/dpmi32"	"dpmi32"	"resolve against this declaring package before treating as any non-MVDM boundary"
"dpmi32/dpmidata.h"	"193"	"extern USHORT CurrentDtaOffset;"	"extern-data-or-function-pointer declaration"	"selected-MVDM declaration; definition is a second-stage package-expansion obligation"	"definition/package BFS"	"CurrentDtaOffset"	""	"mvdm-host/dpmi32"	"dpmi32"	"resolve against this declaring package before treating as any non-MVDM boundary"
"dpmi32/dpmidata.h"	"194"	"extern USHORT CurrentPspSelector;"	"extern-data-or-function-pointer declaration"	"selected-MVDM declaration; definition is a second-stage package-expansion obligation"	"definition/package BFS"	"CurrentPspSelector"	""	"mvdm-host/dpmi32"	"dpmi32"	"resolve against this declaring package before treating as any non-MVDM boundary"
"dpmi32/dpmidata.h"	"197"	"extern ULONG SelectorLimit[LDT_SIZE];"	"extern-data-or-function-pointer declaration"	"selected-MVDM declaration; definition is a second-stage package-expansion obligation"	"definition/package BFS"	"SelectorLimit"	""	"mvdm-host/dpmi32"	"dpmi32"	"resolve against this declaring package before treating as any non-MVDM boundary"
"dpmi32/dpmidata.h"	"200"	"extern ULONG IntelBase;"	"extern-data-or-function-pointer declaration"	"selected-MVDM declaration; definition is a second-stage package-expansion obligation"	"definition/package BFS"	"IntelBase"	""	"mvdm-host/dpmi32"	"dpmi32"	"resolve against this declaring package before treating as any non-MVDM boundary"
"dpmi32/dpmidata.h"	"204"	"extern GETREGISTERFUNCTION GetCXRegister;"	"extern-data-or-function-pointer declaration"	"selected-MVDM declaration; definition is a second-stage package-expansion obligation"	"definition/package BFS"	"GetCXRegister"	""	"mvdm-host/dpmi32"	"dpmi32"	"resolve against this declaring package before treating as any non-MVDM boundary"
"dpmi32/dpmidata.h"	"205"	"extern GETREGISTERFUNCTION GetDXRegister;"	"extern-data-or-function-pointer declaration"	"selected-MVDM declaration; definition is a second-stage package-expansion obligation"	"definition/package BFS"	"GetDXRegister"	""	"mvdm-host/dpmi32"	"dpmi32"	"resolve against this declaring package before treating as any non-MVDM boundary"
"dpmi32/dpmidata.h"	"206"	"extern GETREGISTERFUNCTION GetDIRegister;"	"extern-data-or-function-pointer declaration"	"selected-MVDM declaration; definition is a second-stage package-expansion obligation"	"definition/package BFS"	"GetDIRegister"	""	"mvdm-host/dpmi32"	"dpmi32"	"resolve against this declaring package before treating as any non-MVDM boundary"
"dpmi32/dpmidata.h"	"207"	"extern GETREGISTERFUNCTION GetSIRegister;"	"extern-data-or-function-pointer declaration"	"selected-MVDM declaration; definition is a second-stage package-expansion obligation"	"definition/package BFS"	"GetSIRegister"	""	"mvdm-host/dpmi32"	"dpmi32"	"resolve against this declaring package before treating as any non-MVDM boundary"
"dpmi32/dpmidata.h"	"208"	"extern GETREGISTERFUNCTION GetBXRegister;"	"extern-data-or-function-pointer declaration"	"selected-MVDM declaration; definition is a second-stage package-expansion obligation"	"definition/package BFS"	"GetBXRegister"	""	"mvdm-host/dpmi32"	"dpmi32"	"resolve against this declaring package before treating as any non-MVDM boundary"
"dpmi32/dpmidata.h"	"209"	"extern GETREGISTERFUNCTION GetAXRegister;"	"extern-data-or-function-pointer declaration"	"selected-MVDM declaration; definition is a second-stage package-expansion obligation"	"definition/package BFS"	"GetAXRegister"	""	"mvdm-host/dpmi32"	"dpmi32"	"resolve against this declaring package before treating as any non-MVDM boundary"
"dpmi32/dpmidata.h"	"210"	"extern GETREGISTERFUNCTION GetSPRegister;"	"extern-data-or-function-pointer declaration"	"selected-MVDM declaration; definition is a second-stage package-expansion obligation"	"definition/package BFS"	"GetSPRegister"	""	"mvdm-host/dpmi32"	"dpmi32"	"resolve against this declaring package before treating as any non-MVDM boundary"
"dpmi32/dpmidata.h"	"212"	"extern SETREGISTERFUNCTION SetCXRegister;"	"extern-data-or-function-pointer declaration"	"selected-MVDM declaration; definition is a second-stage package-expansion obligation"	"definition/package BFS"	"SetCXRegister"	""	"mvdm-host/dpmi32"	"dpmi32"	"resolve against this declaring package before treating as any non-MVDM boundary"
"dpmi32/dpmidata.h"	"213"	"extern SETREGISTERFUNCTION SetDXRegister;"	"extern-data-or-function-pointer declaration"	"selected-MVDM declaration; definition is a second-stage package-expansion obligation"	"definition/package BFS"	"SetDXRegister"	""	"mvdm-host/dpmi32"	"dpmi32"	"resolve against this declaring package before treating as any non-MVDM boundary"
"dpmi32/dpmidata.h"	"214"	"extern SETREGISTERFUNCTION SetDIRegister;"	"extern-data-or-function-pointer declaration"	"selected-MVDM declaration; definition is a second-stage package-expansion obligation"	"definition/package BFS"	"SetDIRegister"	""	"mvdm-host/dpmi32"	"dpmi32"	"resolve against this declaring package before treating as any non-MVDM boundary"
"dpmi32/dpmidata.h"	"215"	"extern SETREGISTERFUNCTION SetSIRegister;"	"extern-data-or-function-pointer declaration"	"selected-MVDM declaration; definition is a second-stage package-expansion obligation"	"definition/package BFS"	"SetSIRegister"	""	"mvdm-host/dpmi32"	"dpmi32"	"resolve against this declaring package before treating as any non-MVDM boundary"
"dpmi32/dpmidata.h"	"216"	"extern SETREGISTERFUNCTION SetBXRegister;"	"extern-data-or-function-pointer declaration"	"selected-MVDM declaration; definition is a second-stage package-expansion obligation"	"definition/package BFS"	"SetBXRegister"	""	"mvdm-host/dpmi32"	"dpmi32"	"resolve against this declaring package before treating as any non-MVDM boundary"
"dpmi32/dpmidata.h"	"217"	"extern SETREGISTERFUNCTION SetAXRegister;"	"extern-data-or-function-pointer declaration"	"selected-MVDM declaration; definition is a second-stage package-expansion obligation"	"definition/package BFS"	"SetAXRegister"	""	"mvdm-host/dpmi32"	"dpmi32"	"resolve against this declaring package before treating as any non-MVDM boundary"
"dpmi32/dpmidata.h"	"218"	"extern SETREGISTERFUNCTION SetSPRegister;"	"extern-data-or-function-pointer declaration"	"selected-MVDM declaration; definition is a second-stage package-expansion obligation"	"definition/package BFS"	"SetSPRegister"	""	"mvdm-host/dpmi32"	"dpmi32"	"resolve against this declaring package before treating as any non-MVDM boundary"
"dpmi32/register.c"	"33"	"extern LDT_ENTRY *Ldt;"	"extern-data-or-function-pointer declaration"	"selected-MVDM declaration; definition is a second-stage package-expansion obligation"	"definition/package BFS"	"Ldt"	""	"mvdm-host/dpmi32"	"dpmi32"	"resolve against this declaring package before treating as any non-MVDM boundary"
"fax/wowfaxui/wfhelper.c"	"16"	"extern LPCRITICAL_SECTION lpCriticalSection;"	"extern-data-or-function-pointer declaration"	"selected-MVDM declaration; definition is a second-stage package-expansion obligation"	"definition/package BFS"	"lpCriticalSection"	""	"mvdm-host/fax"	"fax"	"resolve against this declaring package before treating as any non-MVDM boundary"
"fax/wowfaxui/wfhelper.c"	"17"	"extern HINSTANCE ghInst;"	"extern-data-or-function-pointer declaration"	"selected-MVDM declaration; definition is a second-stage package-expansion obligation"	"definition/package BFS"	"ghInst"	""	"mvdm-host/fax"	"fax"	"resolve against this declaring package before treating as any non-MVDM boundary"
"fax/wowfaxui/wfsheets.c"	"21"	"extern HINSTANCE ghInst;"	"extern-data-or-function-pointer declaration"	"selected-MVDM declaration; definition is a second-stage package-expansion obligation"	"definition/package BFS"	"ghInst"	""	"mvdm-host/fax"	"fax"	"resolve against this declaring package before treating as any non-MVDM boundary"
"fax/wowfaxui/wfupgrad.c"	"14"	"extern LPCRITICAL_SECTION lpCriticalSection;"	"extern-data-or-function-pointer declaration"	"selected-MVDM declaration; definition is a second-stage package-expansion obligation"	"definition/package BFS"	"lpCriticalSection"	""	"mvdm-host/fax"	"fax"	"resolve against this declaring package before treating as any non-MVDM boundary"
"fax/wowfaxui/wfupgrad.c"	"15"	"extern HINSTANCE ghInst;"	"extern-data-or-function-pointer declaration"	"selected-MVDM declaration; definition is a second-stage package-expansion obligation"	"definition/package BFS"	"ghInst"	""	"mvdm-host/fax"	"fax"	"resolve against this declaring package before treating as any non-MVDM boundary"
"fax/wowfaxui/wowfaxui.h"	"66"	"extern INT iReqFaxLogLevel;"	"extern-data-or-function-pointer declaration"	"selected-MVDM declaration; definition is a second-stage package-expansion obligation"	"definition/package BFS"	"iReqFaxLogLevel"	""	"mvdm-host/fax"	"fax"	"resolve against this declaring package before treating as any non-MVDM boundary"
"ieuvddex/ieuvddex.h"	"58"	"extern PNTSD_OUTPUT_ROUTINE Print;"	"extern-data-or-function-pointer declaration"	"selected-MVDM declaration; definition is a second-stage package-expansion obligation"	"definition/package BFS"	"Print"	""	"mvdm-host/ieuvddex"	"ieuvddex"	"resolve against this declaring package before treating as any non-MVDM boundary"
"ieuvddex/ieuvddex.h"	"59"	"extern PNTSD_GET_EXPRESSION GetExpression;"	"extern-data-or-function-pointer declaration"	"selected-MVDM declaration; definition is a second-stage package-expansion obligation"	"definition/package BFS"	"GetExpression"	""	"mvdm-host/ieuvddex"	"ieuvddex"	"resolve against this declaring package before treating as any non-MVDM boundary"
"ieuvddex/ieuvddex.h"	"60"	"extern PNTSD_GET_SYMBOL GetSymbol;"	"extern-data-or-function-pointer declaration"	"selected-MVDM declaration; definition is a second-stage package-expansion obligation"	"definition/package BFS"	"GetSymbol"	""	"mvdm-host/ieuvddex"	"ieuvddex"	"resolve against this declaring package before treating as any non-MVDM boundary"
"ieuvddex/ieuvddex.h"	"62"	"extern PWINDBG_READ_PROCESS_MEMORY_ROUTINE  ReadProcessMemWinDbg;"	"extern-data-or-function-pointer declaration"	"selected-MVDM declaration; definition is a second-stage package-expansion obligation"	"definition/package BFS"	"ReadProcessMemWinDbg"	""	"mvdm-host/ieuvddex"	"ieuvddex"	"resolve against this declaring package before treating as any non-MVDM boundary"
"ieuvddex/ieuvddex.h"	"63"	"extern PWINDBG_WRITE_PROCESS_MEMORY_ROUTINE WriteProcessMemWinDbg;"	"extern-data-or-function-pointer declaration"	"selected-MVDM declaration; definition is a second-stage package-expansion obligation"	"definition/package BFS"	"WriteProcessMemWinDbg"	""	"mvdm-host/ieuvddex"	"ieuvddex"	"resolve against this declaring package before treating as any non-MVDM boundary"
"ieuvddex/ieuvddex.h"	"64"	"extern PWINDBG_GET_THREAD_CONTEXT_ROUTINE   GetThreadContextWinDbg;"	"extern-data-or-function-pointer declaration"	"selected-MVDM declaration; definition is a second-stage package-expansion obligation"	"definition/package BFS"	"GetThreadContextWinDbg"	""	"mvdm-host/ieuvddex"	"ieuvddex"	"resolve against this declaring package before treating as any non-MVDM boundary"
"ieuvddex/ieuvddex.h"	"65"	"extern PWINDBG_SET_THREAD_CONTEXT_ROUTINE   SetThreadContextWinDbg;"	"extern-data-or-function-pointer declaration"	"selected-MVDM declaration; definition is a second-stage package-expansion obligation"	"definition/package BFS"	"SetThreadContextWinDbg"	""	"mvdm-host/ieuvddex"	"ieuvddex"	"resolve against this declaring package before treating as any non-MVDM boundary"
"ieuvddex/ieuvddex.h"	"67"	"extern  fWinDbg;"	"extern-data-or-function-pointer declaration"	"selected-MVDM declaration; definition is a second-stage package-expansion obligation"	"definition/package BFS"	"fWinDbg"	""	"mvdm-host/ieuvddex"	"ieuvddex"	"resolve against this declaring package before treating as any non-MVDM boundary"
"ieuvddex/ieuvddex.h"	"73"	"extern HANDLE hModBase;"	"extern-data-or-function-pointer declaration"	"selected-MVDM declaration; definition is a second-stage package-expansion obligation"	"definition/package BFS"	"hModBase"	""	"mvdm-host/ieuvddex"	"ieuvddex"	"resolve against this declaring package before treating as any non-MVDM boundary"
"softpc.new/base/ccpu386/c_main.c"	"227"	"extern IU32	cpu_interrupt_map ;"	"extern-data-or-function-pointer declaration"	"selected-MVDM declaration; definition is a second-stage package-expansion obligation"	"definition/package BFS"	"cpu_interrupt_map"	""	"mvdm-host/softpc.new"	"softpc.new"	"resolve against this declaring package before treating as any non-MVDM boundary"
"softpc.new/base/ccpu386/c_main.c"	"234"	"extern IBOOL NpxIntrNeeded;"	"extern-data-or-function-pointer declaration"	"selected-MVDM declaration; definition is a second-stage package-expansion obligation"	"definition/package BFS"	"NpxIntrNeeded"	""	"mvdm-host/softpc.new"	"softpc.new"	"resolve against this declaring package before treating as any non-MVDM boundary"
"softpc.new/base/ccpu386/c_main.c"	"514"	"extern IBOOL qEventsToDo;"	"extern-data-or-function-pointer declaration"	"selected-MVDM declaration; definition is a second-stage package-expansion obligation"	"definition/package BFS"	"qEventsToDo"	""	"mvdm-host/softpc.new"	"softpc.new"	"resolve against this declaring package before treating as any non-MVDM boundary"
"softpc.new/base/ccpu386/ccpupig.h"	"156"	"extern	struct pig_mmio_info	pig_mmio_info;"	"extern-data-or-function-pointer declaration"	"selected-MVDM declaration; definition is a second-stage package-expansion obligation"	"definition/package BFS"	"pig_mmio_info"	""	"mvdm-host/softpc.new"	"softpc.new"	"resolve against this declaring package before treating as any non-MVDM boundary"
"softpc.new/base/ccpu386/ccpusas4.c"	"121"	"extern struct SasVector cSasPtrs;"	"extern-data-or-function-pointer declaration"	"selected-MVDM declaration; definition is a second-stage package-expansion obligation"	"definition/package BFS"	"cSasPtrs"	""	"mvdm-host/softpc.new"	"softpc.new"	"resolve against this declaring package before treating as any non-MVDM boundary"
"softpc.new/base/ccpu386/ccpusas4.h"	"26"	"extern PHY_ADDR SasWrapMask;"	"extern-data-or-function-pointer declaration"	"selected-MVDM declaration; definition is a second-stage package-expansion obligation"	"definition/package BFS"	"SasWrapMask"	""	"mvdm-host/softpc.new"	"softpc.new"	"resolve against this declaring package before treating as any non-MVDM boundary"
"softpc.new/base/ccpu386/cpu4gen.h"	"185"	"extern	struct	CpuVector	Cpu;"	"extern-data-or-function-pointer declaration"	"selected-MVDM declaration; definition is a second-stage package-expansion obligation"	"definition/package BFS"	"Cpu"	""	"mvdm-host/softpc.new"	"softpc.new"	"resolve against this declaring package before treating as any non-MVDM boundary"
"softpc.new/base/ccpu386/evidfunc.h"	"702"	"extern EVID_WRT_POINTERS simple_evid;"	"extern-data-or-function-pointer declaration"	"selected-MVDM declaration; definition is a second-stage package-expansion obligation"	"definition/package BFS"	"simple_evid"	""	"mvdm-host/softpc.new"	"softpc.new"	"resolve against this declaring package before treating as any non-MVDM boundary"
"softpc.new/base/ccpu386/evidfunc.h"	"703"	"extern EVID_WRT_POINTERS gricvid_evid;"	"extern-data-or-function-pointer declaration"	"selected-MVDM declaration; definition is a second-stage package-expansion obligation"	"definition/package BFS"	"gricvid_evid"	""	"mvdm-host/softpc.new"	"softpc.new"	"resolve against this declaring package before treating as any non-MVDM boundary"
"softpc.new/base/ccpu386/evidfunc.h"	"704"	"extern EVID_WRT_POINTERS dith_evid[];"	"extern-data-or-function-pointer declaration"	"selected-MVDM declaration; definition is a second-stage package-expansion obligation"	"definition/package BFS"	"dith_evid"	""	"mvdm-host/softpc.new"	"softpc.new"	"resolve against this declaring package before treating as any non-MVDM boundary"
"softpc.new/base/ccpu386/evidfunc.h"	"705"	"extern EVID_WRT_POINTERS chain2_evid[];"	"extern-data-or-function-pointer declaration"	"selected-MVDM declaration; definition is a second-stage package-expansion obligation"	"definition/package BFS"	"chain2_evid"	""	"mvdm-host/softpc.new"	"softpc.new"	"resolve against this declaring package before treating as any non-MVDM boundary"
"softpc.new/base/ccpu386/evidfunc.h"	"706"	"extern EVID_WRT_POINTERS unchained_evid[];"	"extern-data-or-function-pointer declaration"	"selected-MVDM declaration; definition is a second-stage package-expansion obligation"	"definition/package BFS"	"unchained_evid"	""	"mvdm-host/softpc.new"	"softpc.new"	"resolve against this declaring package before treating as any non-MVDM boundary"
"softpc.new/base/ccpu386/evidfunc.h"	"707"	"extern EVID_WRT_POINTERS chain4_evid[];"	"extern-data-or-function-pointer declaration"	"selected-MVDM declaration; definition is a second-stage package-expansion obligation"	"definition/package BFS"	"chain4_evid"	""	"mvdm-host/softpc.new"	"softpc.new"	"resolve against this declaring package before treating as any non-MVDM boundary"
"softpc.new/base/ccpu386/evidfunc.h"	"708"	"extern EVID_READ_POINTERS simple_read_evid;"	"extern-data-or-function-pointer declaration"	"selected-MVDM declaration; definition is a second-stage package-expansion obligation"	"definition/package BFS"	"simple_read_evid"	""	"mvdm-host/softpc.new"	"softpc.new"	"resolve against this declaring package before treating as any non-MVDM boundary"
"softpc.new/base/ccpu386/evidfunc.h"	"709"	"extern EVID_READ_POINTERS ram_dsbld_read_evid;"	"extern-data-or-function-pointer declaration"	"selected-MVDM declaration; definition is a second-stage package-expansion obligation"	"definition/package BFS"	"ram_dsbld_read_evid"	""	"mvdm-host/softpc.new"	"softpc.new"	"resolve against this declaring package before treating as any non-MVDM boundary"
"softpc.new/base/ccpu386/evidfunc.h"	"710"	"extern EVID_READ_POINTERS read_mode0_evid[];"	"extern-data-or-function-pointer declaration"	"selected-MVDM declaration; definition is a second-stage package-expansion obligation"	"definition/package BFS"	"read_mode0_evid"	""	"mvdm-host/softpc.new"	"softpc.new"	"resolve against this declaring package before treating as any non-MVDM boundary"
"softpc.new/base/ccpu386/evidfunc.h"	"711"	"extern EVID_READ_POINTERS read_mode1_evid[];"	"extern-data-or-function-pointer declaration"	"selected-MVDM declaration; definition is a second-stage package-expansion obligation"	"definition/package BFS"	"read_mode1_evid"	""	"mvdm-host/softpc.new"	"softpc.new"	"resolve against this declaring package before treating as any non-MVDM boundary"
"softpc.new/base/ccpu386/evidfunc.h"	"712"	"extern EVID_MARK_POINTERS simple_mark_evid;"	"extern-data-or-function-pointer declaration"	"selected-MVDM declaration; definition is a second-stage package-expansion obligation"	"definition/package BFS"	"simple_mark_evid"	""	"mvdm-host/softpc.new"	"softpc.new"	"resolve against this declaring package before treating as any non-MVDM boundary"
"softpc.new/base/ccpu386/evidfunc.h"	"713"	"extern EVID_MARK_POINTERS cga_mark_evid;"	"extern-data-or-function-pointer declaration"	"selected-MVDM declaration; definition is a second-stage package-expansion obligation"	"definition/package BFS"	"cga_mark_evid"	""	"mvdm-host/softpc.new"	"softpc.new"	"resolve against this declaring package before treating as any non-MVDM boundary"
"softpc.new/base/ccpu386/evidfunc.h"	"714"	"extern EVID_MARK_POINTERS unchained_mark_evid;"	"extern-data-or-function-pointer declaration"	"selected-MVDM declaration; definition is a second-stage package-expansion obligation"	"definition/package BFS"	"unchained_mark_evid"	""	"mvdm-host/softpc.new"	"softpc.new"	"resolve against this declaring package before treating as any non-MVDM boundary"
"softpc.new/base/ccpu386/evidfunc.h"	"715"	"extern EVID_MARK_POINTERS chain4_mark_evid;"	"extern-data-or-function-pointer declaration"	"selected-MVDM declaration; definition is a second-stage package-expansion obligation"	"definition/package BFS"	"chain4_mark_evid"	""	"mvdm-host/softpc.new"	"softpc.new"	"resolve against this declaring package before treating as any non-MVDM boundary"
"softpc.new/base/ccpu386/evidgen.h"	"17"	"extern	struct	VideoVector	Video;"	"extern-data-or-function-pointer declaration"	"selected-MVDM declaration; definition is a second-stage package-expansion obligation"	"definition/package BFS"	"Video"	""	"mvdm-host/softpc.new"	"softpc.new"	"resolve against this declaring package before treating as any non-MVDM boundary"
"softpc.new/base/ccpu386/gdpvar.h"	"1856"	"extern IHP Gdp;"	"extern-data-or-function-pointer declaration"	"selected-MVDM declaration; definition is a second-stage package-expansion obligation"	"definition/package BFS"	"Gdp"	""	"mvdm-host/softpc.new"	"softpc.new"	"resolve against this declaring package before treating as any non-MVDM boundary"
"softpc.new/base/ccpu386/ntstubs.c"	"9"	"extern struct VideoVector C_Video;"	"extern-data-or-function-pointer declaration"	"selected-MVDM declaration; definition is a second-stage package-expansion obligation"	"definition/package BFS"	"C_Video"	""	"mvdm-host/softpc.new"	"softpc.new"	"resolve against this declaring package before treating as any non-MVDM boundary"
"softpc.new/base/ccpu386/ntthread.c"	"190"	"extern ISM32 in_C;"	"extern-data-or-function-pointer declaration"	"selected-MVDM declaration; definition is a second-stage package-expansion obligation"	"definition/package BFS"	"in_C"	""	"mvdm-host/softpc.new"	"softpc.new"	"resolve against this declaring package before treating as any non-MVDM boundary"
"softpc.new/base/ccpu386/sascdef.c"	"24"	"extern TYPE_sas_memory_size c_sas_memory_size;"	"extern-data-or-function-pointer declaration"	"selected-MVDM declaration; definition is a second-stage package-expansion obligation"	"definition/package BFS"	"c_sas_memory_size"	""	"mvdm-host/softpc.new"	"softpc.new"	"resolve against this declaring package before treating as any non-MVDM boundary"
"softpc.new/base/ccpu386/sascdef.c"	"25"	"extern TYPE_sas_connect_memory c_sas_connect_memory;"	"extern-data-or-function-pointer declaration"	"selected-MVDM declaration; definition is a second-stage package-expansion obligation"	"definition/package BFS"	"c_sas_connect_memory"	""	"mvdm-host/softpc.new"	"softpc.new"	"resolve against this declaring package before treating as any non-MVDM boundary"
"softpc.new/base/ccpu386/sascdef.c"	"26"	"extern TYPE_sas_enable_20_bit_wrapping c_sas_enable_20_bit_wrapping;"	"extern-data-or-function-pointer declaration"	"selected-MVDM declaration; definition is a second-stage package-expansion obligation"	"definition/package BFS"	"c_sas_enable_20_bit_wrapping"	""	"mvdm-host/softpc.new"	"softpc.new"	"resolve against this declaring package before treating as any non-MVDM boundary"
"softpc.new/base/ccpu386/sascdef.c"	"27"	"extern TYPE_sas_disable_20_bit_wrapping c_sas_disable_20_bit_wrapping;"	"extern-data-or-function-pointer declaration"	"selected-MVDM declaration; definition is a second-stage package-expansion obligation"	"definition/package BFS"	"c_sas_disable_20_bit_wrapping"	""	"mvdm-host/softpc.new"	"softpc.new"	"resolve against this declaring package before treating as any non-MVDM boundary"
"softpc.new/base/ccpu386/sascdef.c"	"28"	"extern TYPE_sas_twenty_bit_wrapping_enabled c_sas_twenty_bit_wrapping_enabled;"	"extern-data-or-function-pointer declaration"	"selected-MVDM declaration; definition is a second-stage package-expansion obligation"	"definition/package BFS"	"c_sas_twenty_bit_wrapping_enabled"	""	"mvdm-host/softpc.new"	"softpc.new"	"resolve against this declaring package before treating as any non-MVDM boundary"
"softpc.new/base/ccpu386/sascdef.c"	"29"	"extern TYPE_sas_memory_type c_sas_memory_type;"	"extern-data-or-function-pointer declaration"	"selected-MVDM declaration; definition is a second-stage package-expansion obligation"	"definition/package BFS"	"c_sas_memory_type"	""	"mvdm-host/softpc.new"	"softpc.new"	"resolve against this declaring package before treating as any non-MVDM boundary"
"softpc.new/base/ccpu386/sascdef.c"	"30"	"extern TYPE_sas_hw_at c_sas_hw_at;"	"extern-data-or-function-pointer declaration"	"selected-MVDM declaration; definition is a second-stage package-expansion obligation"	"definition/package BFS"	"c_sas_hw_at"	""	"mvdm-host/softpc.new"	"softpc.new"	"resolve against this declaring package before treating as any non-MVDM boundary"
"softpc.new/base/ccpu386/sascdef.c"	"31"	"extern TYPE_sas_w_at c_sas_w_at;"	"extern-data-or-function-pointer declaration"	"selected-MVDM declaration; definition is a second-stage package-expansion obligation"	"definition/package BFS"	"c_sas_w_at"	""	"mvdm-host/softpc.new"	"softpc.new"	"resolve against this declaring package before treating as any non-MVDM boundary"
"softpc.new/base/ccpu386/sascdef.c"	"32"	"extern TYPE_sas_dw_at c_sas_dw_at;"	"extern-data-or-function-pointer declaration"	"selected-MVDM declaration; definition is a second-stage package-expansion obligation"	"definition/package BFS"	"c_sas_dw_at"	""	"mvdm-host/softpc.new"	"softpc.new"	"resolve against this declaring package before treating as any non-MVDM boundary"
"softpc.new/base/ccpu386/sascdef.c"	"33"	"extern TYPE_sas_hw_at_no_check c_sas_hw_at;"	"extern-data-or-function-pointer declaration"	"selected-MVDM declaration; definition is a second-stage package-expansion obligation"	"definition/package BFS"	"c_sas_hw_at"	""	"mvdm-host/softpc.new"	"softpc.new"	"resolve against this declaring package before treating as any non-MVDM boundary"
"softpc.new/base/ccpu386/sascdef.c"	"34"	"extern TYPE_sas_w_at_no_check c_sas_w_at;"	"extern-data-or-function-pointer declaration"	"selected-MVDM declaration; definition is a second-stage package-expansion obligation"	"definition/package BFS"	"c_sas_w_at"	""	"mvdm-host/softpc.new"	"softpc.new"	"resolve against this declaring package before treating as any non-MVDM boundary"
"softpc.new/base/ccpu386/sascdef.c"	"35"	"extern TYPE_sas_dw_at_no_check c_sas_dw_at;"	"extern-data-or-function-pointer declaration"	"selected-MVDM declaration; definition is a second-stage package-expansion obligation"	"definition/package BFS"	"c_sas_dw_at"	""	"mvdm-host/softpc.new"	"softpc.new"	"resolve against this declaring package before treating as any non-MVDM boundary"
"softpc.new/base/ccpu386/sascdef.c"	"36"	"extern TYPE_sas_store c_sas_store;"	"extern-data-or-function-pointer declaration"	"selected-MVDM declaration; definition is a second-stage package-expansion obligation"	"definition/package BFS"	"c_sas_store"	""	"mvdm-host/softpc.new"	"softpc.new"	"resolve against this declaring package before treating as any non-MVDM boundary"
"softpc.new/base/ccpu386/sascdef.c"	"37"	"extern TYPE_sas_storew c_sas_storew;"	"extern-data-or-function-pointer declaration"	"selected-MVDM declaration; definition is a second-stage package-expansion obligation"	"definition/package BFS"	"c_sas_storew"	""	"mvdm-host/softpc.new"	"softpc.new"	"resolve against this declaring package before treating as any non-MVDM boundary"
"softpc.new/base/ccpu386/sascdef.c"	"38"	"extern TYPE_sas_storedw c_sas_storedw;"	"extern-data-or-function-pointer declaration"	"selected-MVDM declaration; definition is a second-stage package-expansion obligation"	"definition/package BFS"	"c_sas_storedw"	""	"mvdm-host/softpc.new"	"softpc.new"	"resolve against this declaring package before treating as any non-MVDM boundary"
"softpc.new/base/ccpu386/sascdef.c"	"39"	"extern TYPE_sas_store_no_check c_sas_store;"	"extern-data-or-function-pointer declaration"	"selected-MVDM declaration; definition is a second-stage package-expansion obligation"	"definition/package BFS"	"c_sas_store"	""	"mvdm-host/softpc.new"	"softpc.new"	"resolve against this declaring package before treating as any non-MVDM boundary"
"softpc.new/base/ccpu386/sascdef.c"	"40"	"extern TYPE_sas_storew_no_check c_sas_storew;"	"extern-data-or-function-pointer declaration"	"selected-MVDM declaration; definition is a second-stage package-expansion obligation"	"definition/package BFS"	"c_sas_storew"	""	"mvdm-host/softpc.new"	"softpc.new"	"resolve against this declaring package before treating as any non-MVDM boundary"
"softpc.new/base/ccpu386/sascdef.c"	"41"	"extern TYPE_sas_storedw_no_check c_sas_storedw;"	"extern-data-or-function-pointer declaration"	"selected-MVDM declaration; definition is a second-stage package-expansion obligation"	"definition/package BFS"	"c_sas_storedw"	""	"mvdm-host/softpc.new"	"softpc.new"	"resolve against this declaring package before treating as any non-MVDM boundary"
"softpc.new/base/ccpu386/sascdef.c"	"42"	"extern TYPE_sas_loads c_sas_loads;"	"extern-data-or-function-pointer declaration"	"selected-MVDM declaration; definition is a second-stage package-expansion obligation"	"definition/package BFS"	"c_sas_loads"	""	"mvdm-host/softpc.new"	"softpc.new"	"resolve against this declaring package before treating as any non-MVDM boundary"
"softpc.new/base/ccpu386/sascdef.c"	"43"	"extern TYPE_sas_stores c_sas_stores;"	"extern-data-or-function-pointer declaration"	"selected-MVDM declaration; definition is a second-stage package-expansion obligation"	"definition/package BFS"	"c_sas_stores"	""	"mvdm-host/softpc.new"	"softpc.new"	"resolve against this declaring package before treating as any non-MVDM boundary"
"softpc.new/base/ccpu386/sascdef.c"	"44"	"extern TYPE_sas_loads_no_check c_sas_loads_no_check;"	"extern-data-or-function-pointer declaration"	"selected-MVDM declaration; definition is a second-stage package-expansion obligation"	"definition/package BFS"	"c_sas_loads_no_check"	""	"mvdm-host/softpc.new"	"softpc.new"	"resolve against this declaring package before treating as any non-MVDM boundary"
"softpc.new/base/ccpu386/sascdef.c"	"45"	"extern TYPE_sas_stores_no_check c_sas_stores_no_check;"	"extern-data-or-function-pointer declaration"	"selected-MVDM declaration; definition is a second-stage package-expansion obligation"	"definition/package BFS"	"c_sas_stores_no_check"	""	"mvdm-host/softpc.new"	"softpc.new"	"resolve against this declaring package before treating as any non-MVDM boundary"
"softpc.new/base/ccpu386/sascdef.c"	"46"	"extern TYPE_sas_move_bytes_forward c_sas_move_bytes_forward;"	"extern-data-or-function-pointer declaration"	"selected-MVDM declaration; definition is a second-stage package-expansion obligation"	"definition/package BFS"	"c_sas_move_bytes_forward"	""	"mvdm-host/softpc.new"	"softpc.new"	"resolve against this declaring package before treating as any non-MVDM boundary"
"softpc.new/base/ccpu386/sascdef.c"	"47"	"extern TYPE_sas_move_words_forward c_sas_move_words_forward;"	"extern-data-or-function-pointer declaration"	"selected-MVDM declaration; definition is a second-stage package-expansion obligation"	"definition/package BFS"	"c_sas_move_words_forward"	""	"mvdm-host/softpc.new"	"softpc.new"	"resolve against this declaring package before treating as any non-MVDM boundary"
"softpc.new/base/ccpu386/sascdef.c"	"48"	"extern TYPE_sas_move_doubles_forward c_sas_move_doubles_forward;"	"extern-data-or-function-pointer declaration"	"selected-MVDM declaration; definition is a second-stage package-expansion obligation"	"definition/package BFS"	"c_sas_move_doubles_forward"	""	"mvdm-host/softpc.new"	"softpc.new"	"resolve against this declaring package before treating as any non-MVDM boundary"
"softpc.new/base/ccpu386/sascdef.c"	"49"	"extern TYPE_sas_move_bytes_backward c_sas_move_bytes_backward;"	"extern-data-or-function-pointer declaration"	"selected-MVDM declaration; definition is a second-stage package-expansion obligation"	"definition/package BFS"	"c_sas_move_bytes_backward"	""	"mvdm-host/softpc.new"	"softpc.new"	"resolve against this declaring package before treating as any non-MVDM boundary"
"softpc.new/base/ccpu386/sascdef.c"	"50"	"extern TYPE_sas_move_words_backward c_sas_move_words_backward;"	"extern-data-or-function-pointer declaration"	"selected-MVDM declaration; definition is a second-stage package-expansion obligation"	"definition/package BFS"	"c_sas_move_words_backward"	""	"mvdm-host/softpc.new"	"softpc.new"	"resolve against this declaring package before treating as any non-MVDM boundary"
"softpc.new/base/ccpu386/sascdef.c"	"51"	"extern TYPE_sas_move_doubles_backward c_sas_move_doubles_backward;"	"extern-data-or-function-pointer declaration"	"selected-MVDM declaration; definition is a second-stage package-expansion obligation"	"definition/package BFS"	"c_sas_move_doubles_backward"	""	"mvdm-host/softpc.new"	"softpc.new"	"resolve against this declaring package before treating as any non-MVDM boundary"
"softpc.new/base/ccpu386/sascdef.c"	"52"	"extern TYPE_sas_fills c_sas_fills;"	"extern-data-or-function-pointer declaration"	"selected-MVDM declaration; definition is a second-stage package-expansion obligation"	"definition/package BFS"	"c_sas_fills"	""	"mvdm-host/softpc.new"	"softpc.new"	"resolve against this declaring package before treating as any non-MVDM boundary"
"softpc.new/base/ccpu386/sascdef.c"	"53"	"extern TYPE_sas_fillsw c_sas_fillsw;"	"extern-data-or-function-pointer declaration"	"selected-MVDM declaration; definition is a second-stage package-expansion obligation"	"definition/package BFS"	"c_sas_fillsw"	""	"mvdm-host/softpc.new"	"softpc.new"	"resolve against this declaring package before treating as any non-MVDM boundary"
"softpc.new/base/ccpu386/sascdef.c"	"54"	"extern TYPE_sas_fillsdw c_sas_fillsdw;"	"extern-data-or-function-pointer declaration"	"selected-MVDM declaration; definition is a second-stage package-expansion obligation"	"definition/package BFS"	"c_sas_fillsdw"	""	"mvdm-host/softpc.new"	"softpc.new"	"resolve against this declaring package before treating as any non-MVDM boundary"
"softpc.new/base/ccpu386/sascdef.c"	"55"	"extern TYPE_sas_scratch_address c_sas_scratch_address;"	"extern-data-or-function-pointer declaration"	"selected-MVDM declaration; definition is a second-stage package-expansion obligation"	"definition/package BFS"	"c_sas_scratch_address"	""	"mvdm-host/softpc.new"	"softpc.new"	"resolve against this declaring package before treating as any non-MVDM boundary"
"softpc.new/base/ccpu386/sascdef.c"	"56"	"extern TYPE_sas_transbuf_address c_sas_transbuf_address;"	"extern-data-or-function-pointer declaration"	"selected-MVDM declaration; definition is a second-stage package-expansion obligation"	"definition/package BFS"	"c_sas_transbuf_address"	""	"mvdm-host/softpc.new"	"softpc.new"	"resolve against this declaring package before treating as any non-MVDM boundary"
"softpc.new/base/ccpu386/sascdef.c"	"57"	"extern TYPE_sas_loads_to_transbuf c_sas_loads;"	"extern-data-or-function-pointer declaration"	"selected-MVDM declaration; definition is a second-stage package-expansion obligation"	"definition/package BFS"	"c_sas_loads"	""	"mvdm-host/softpc.new"	"softpc.new"	"resolve against this declaring package before treating as any non-MVDM boundary"
"softpc.new/base/ccpu386/sascdef.c"	"58"	"extern TYPE_sas_stores_from_transbuf c_sas_stores;"	"extern-data-or-function-pointer declaration"	"selected-MVDM declaration; definition is a second-stage package-expansion obligation"	"definition/package BFS"	"c_sas_stores"	""	"mvdm-host/softpc.new"	"softpc.new"	"resolve against this declaring package before treating as any non-MVDM boundary"
"softpc.new/base/ccpu386/sascdef.c"	"59"	"extern TYPE_sas_PR8 phy_r8;"	"extern-data-or-function-pointer declaration"	"selected-MVDM declaration; definition is a second-stage package-expansion obligation"	"definition/package BFS"	"phy_r8"	""	"mvdm-host/softpc.new"	"softpc.new"	"resolve against this declaring package before treating as any non-MVDM boundary"
"softpc.new/base/ccpu386/sascdef.c"	"60"	"extern TYPE_sas_PR16 phy_r16;"	"extern-data-or-function-pointer declaration"	"selected-MVDM declaration; definition is a second-stage package-expansion obligation"	"definition/package BFS"	"phy_r16"	""	"mvdm-host/softpc.new"	"softpc.new"	"resolve against this declaring package before treating as any non-MVDM boundary"
"softpc.new/base/ccpu386/sascdef.c"	"61"	"extern TYPE_sas_PR32 phy_r32;"	"extern-data-or-function-pointer declaration"	"selected-MVDM declaration; definition is a second-stage package-expansion obligation"	"definition/package BFS"	"phy_r32"	""	"mvdm-host/softpc.new"	"softpc.new"	"resolve against this declaring package before treating as any non-MVDM boundary"
"softpc.new/base/ccpu386/sascdef.c"	"62"	"extern TYPE_sas_PW8 phy_w8;"	"extern-data-or-function-pointer declaration"	"selected-MVDM declaration; definition is a second-stage package-expansion obligation"	"definition/package BFS"	"phy_w8"	""	"mvdm-host/softpc.new"	"softpc.new"	"resolve against this declaring package before treating as any non-MVDM boundary"
"softpc.new/base/ccpu386/sascdef.c"	"63"	"extern TYPE_sas_PW16 phy_w16;"	"extern-data-or-function-pointer declaration"	"selected-MVDM declaration; definition is a second-stage package-expansion obligation"	"definition/package BFS"	"phy_w16"	""	"mvdm-host/softpc.new"	"softpc.new"	"resolve against this declaring package before treating as any non-MVDM boundary"
"softpc.new/base/ccpu386/sascdef.c"	"64"	"extern TYPE_sas_PW32 phy_w32;"	"extern-data-or-function-pointer declaration"	"selected-MVDM declaration; definition is a second-stage package-expansion obligation"	"definition/package BFS"	"phy_w32"	""	"mvdm-host/softpc.new"	"softpc.new"	"resolve against this declaring package before treating as any non-MVDM boundary"
"softpc.new/base/ccpu386/sascdef.c"	"65"	"extern TYPE_sas_PW8_no_check phy_w8_no_check;"	"extern-data-or-function-pointer declaration"	"selected-MVDM declaration; definition is a second-stage package-expansion obligation"	"definition/package BFS"	"phy_w8_no_check"	""	"mvdm-host/softpc.new"	"softpc.new"	"resolve against this declaring package before treating as any non-MVDM boundary"
"softpc.new/base/ccpu386/sascdef.c"	"66"	"extern TYPE_sas_PW16_no_check phy_w16_no_check;"	"extern-data-or-function-pointer declaration"	"selected-MVDM declaration; definition is a second-stage package-expansion obligation"	"definition/package BFS"	"phy_w16_no_check"	""	"mvdm-host/softpc.new"	"softpc.new"	"resolve against this declaring package before treating as any non-MVDM boundary"
"softpc.new/base/ccpu386/sascdef.c"	"67"	"extern TYPE_sas_PW32_no_check phy_w32_no_check;"	"extern-data-or-function-pointer declaration"	"selected-MVDM declaration; definition is a second-stage package-expansion obligation"	"definition/package BFS"	"phy_w32_no_check"	""	"mvdm-host/softpc.new"	"softpc.new"	"resolve against this declaring package before treating as any non-MVDM boundary"
"softpc.new/base/ccpu386/sascdef.c"	"68"	"extern TYPE_getPtrToPhysAddrByte c_GetPhyAdd;"	"extern-data-or-function-pointer declaration"	"selected-MVDM declaration; definition is a second-stage package-expansion obligation"	"definition/package BFS"	"c_GetPhyAdd"	""	"mvdm-host/softpc.new"	"softpc.new"	"resolve against this declaring package before treating as any non-MVDM boundary"
"softpc.new/base/ccpu386/sascdef.c"	"69"	"extern TYPE_get_byte_addr c_get_byte_addr;"	"extern-data-or-function-pointer declaration"	"selected-MVDM declaration; definition is a second-stage package-expansion obligation"	"definition/package BFS"	"c_get_byte_addr"	""	"mvdm-host/softpc.new"	"softpc.new"	"resolve against this declaring package before treating as any non-MVDM boundary"
"softpc.new/base/ccpu386/sascdef.c"	"70"	"extern TYPE_getPtrToLinAddrByte c_GetLinAdd;"	"extern-data-or-function-pointer declaration"	"selected-MVDM declaration; definition is a second-stage package-expansion obligation"	"definition/package BFS"	"c_GetLinAdd"	""	"mvdm-host/softpc.new"	"softpc.new"	"resolve against this declaring package before treating as any non-MVDM boundary"
"softpc.new/base/ccpu386/sascdef.c"	"71"	"extern TYPE_sas_init_pm_selectors c_SasRegisterVirtualSelectors;"	"extern-data-or-function-pointer declaration"	"selected-MVDM declaration; definition is a second-stage package-expansion obligation"	"definition/package BFS"	"c_SasRegisterVirtualSelectors"	""	"mvdm-host/softpc.new"	"softpc.new"	"resolve against this declaring package before treating as any non-MVDM boundary"
"softpc.new/base/ccpu386/sascdef.c"	"72"	"extern TYPE_sas_PWS c_sas_PWS;"	"extern-data-or-function-pointer declaration"	"selected-MVDM declaration; definition is a second-stage package-expansion obligation"	"definition/package BFS"	"c_sas_PWS"	""	"mvdm-host/softpc.new"	"softpc.new"	"resolve against this declaring package before treating as any non-MVDM boundary"
"softpc.new/base/ccpu386/sascdef.c"	"73"	"extern TYPE_sas_PWS_no_check c_sas_PWS_no_check;"	"extern-data-or-function-pointer declaration"	"selected-MVDM declaration; definition is a second-stage package-expansion obligation"	"definition/package BFS"	"c_sas_PWS_no_check"	""	"mvdm-host/softpc.new"	"softpc.new"	"resolve against this declaring package before treating as any non-MVDM boundary"
"softpc.new/base/ccpu386/sascdef.c"	"74"	"extern TYPE_sas_PRS c_sas_PRS;"	"extern-data-or-function-pointer declaration"	"selected-MVDM declaration; definition is a second-stage package-expansion obligation"	"definition/package BFS"	"c_sas_PRS"	""	"mvdm-host/softpc.new"	"softpc.new"	"resolve against this declaring package before treating as any non-MVDM boundary"
"softpc.new/base/ccpu386/sascdef.c"	"75"	"extern TYPE_sas_PRS_no_check c_sas_PRS_no_check;"	"extern-data-or-function-pointer declaration"	"selected-MVDM declaration; definition is a second-stage package-expansion obligation"	"definition/package BFS"	"c_sas_PRS_no_check"	""	"mvdm-host/softpc.new"	"softpc.new"	"resolve against this declaring package before treating as any non-MVDM boundary"
"softpc.new/base/ccpu386/sascdef.c"	"76"	"extern TYPE_sas_PigCmpPage c_sas_PigCmpPage;"	"extern-data-or-function-pointer declaration"	"selected-MVDM declaration; definition is a second-stage package-expansion obligation"	"definition/package BFS"	"c_sas_PigCmpPage"	""	"mvdm-host/softpc.new"	"softpc.new"	"resolve against this declaring package before treating as any non-MVDM boundary"
"softpc.new/base/ccpu386/sascdef.c"	"77"	"extern TYPE_sas_touch c_sas_touch;"	"extern-data-or-function-pointer declaration"	"selected-MVDM declaration; definition is a second-stage package-expansion obligation"	"definition/package BFS"	"c_sas_touch"	""	"mvdm-host/softpc.new"	"softpc.new"	"resolve against this declaring package before treating as any non-MVDM boundary"
"softpc.new/base/ccpu386/sascdef.c"	"78"	"extern TYPE_IOVirtualised c_IOVirtualised;"	"extern-data-or-function-pointer declaration"	"selected-MVDM declaration; definition is a second-stage package-expansion obligation"	"definition/package BFS"	"c_IOVirtualised"	""	"mvdm-host/softpc.new"	"softpc.new"	"resolve against this declaring package before treating as any non-MVDM boundary"
"softpc.new/base/ccpu386/sascdef.c"	"79"	"extern TYPE_VirtualiseInstruction c_VirtualiseInstruction;"	"extern-data-or-function-pointer declaration"	"selected-MVDM declaration; definition is a second-stage package-expansion obligation"	"definition/package BFS"	"c_VirtualiseInstruction"	""	"mvdm-host/softpc.new"	"softpc.new"	"resolve against this declaring package before treating as any non-MVDM boundary"
"softpc.new/base/comms/com.c"	"2631"	"extern BOOL VDMForWOW;"	"extern-data-or-function-pointer declaration"	"selected-MVDM declaration; definition is a second-stage package-expansion obligation"	"definition/package BFS"	"VDMForWOW"	""	"mvdm-host/softpc.new"	"softpc.new"	"resolve against this declaring package before treating as any non-MVDM boundary"
"softpc.new/base/comms/printer_.c"	"203"	"extern  sys_addr lp16BitPrtId;"	"extern-data-or-function-pointer declaration"	"selected-MVDM declaration; definition is a second-stage package-expansion obligation"	"definition/package BFS"	"lp16BitPrtId"	""	"mvdm-host/softpc.new"	"softpc.new"	"resolve against this declaring package before treating as any non-MVDM boundary"
"softpc.new/base/cpu/src/evid/ev_glue.c"	"44"	"extern IHP Gdp;"	"extern-data-or-function-pointer declaration"	"selected-MVDM declaration; definition is a second-stage package-expansion obligation"	"definition/package BFS"	"Gdp"	""	"mvdm-host/softpc.new"	"softpc.new"	"resolve against this declaring package before treating as any non-MVDM boundary"
"softpc.new/base/cpu/src/evid/ev_glue.c"	"46"	"extern IU32 gvi_pc_low_regen;"	"extern-data-or-function-pointer declaration"	"selected-MVDM declaration; definition is a second-stage package-expansion obligation"	"definition/package BFS"	"gvi_pc_low_regen"	""	"mvdm-host/softpc.new"	"softpc.new"	"resolve against this declaring package before treating as any non-MVDM boundary"
"softpc.new/base/cvidc/cpu4gen.h"	"179"	"extern	struct	CpuVector	Cpu;"	"extern-data-or-function-pointer declaration"	"selected-MVDM declaration; definition is a second-stage package-expansion obligation"	"definition/package BFS"	"Cpu"	""	"mvdm-host/softpc.new"	"softpc.new"	"resolve against this declaring package before treating as any non-MVDM boundary"
"softpc.new/base/cvidc/ev_glue.c"	"44"	"extern IHP Gdp;"	"extern-data-or-function-pointer declaration"	"selected-MVDM declaration; definition is a second-stage package-expansion obligation"	"definition/package BFS"	"Gdp"	""	"mvdm-host/softpc.new"	"softpc.new"	"resolve against this declaring package before treating as any non-MVDM boundary"
"softpc.new/base/cvidc/ev_glue.c"	"46"	"extern IU32 gvi_pc_low_regen;"	"extern-data-or-function-pointer declaration"	"selected-MVDM declaration; definition is a second-stage package-expansion obligation"	"definition/package BFS"	"gvi_pc_low_regen"	""	"mvdm-host/softpc.new"	"softpc.new"	"resolve against this declaring package before treating as any non-MVDM boundary"
"softpc.new/base/cvidc/evidfunc.h"	"702"	"extern EVID_WRT_POINTERS simple_evid;"	"extern-data-or-function-pointer declaration"	"selected-MVDM declaration; definition is a second-stage package-expansion obligation"	"definition/package BFS"	"simple_evid"	""	"mvdm-host/softpc.new"	"softpc.new"	"resolve against this declaring package before treating as any non-MVDM boundary"
"softpc.new/base/cvidc/evidfunc.h"	"703"	"extern EVID_WRT_POINTERS gricvid_evid;"	"extern-data-or-function-pointer declaration"	"selected-MVDM declaration; definition is a second-stage package-expansion obligation"	"definition/package BFS"	"gricvid_evid"	""	"mvdm-host/softpc.new"	"softpc.new"	"resolve against this declaring package before treating as any non-MVDM boundary"
"softpc.new/base/cvidc/evidfunc.h"	"704"	"extern EVID_WRT_POINTERS dith_evid[];"	"extern-data-or-function-pointer declaration"	"selected-MVDM declaration; definition is a second-stage package-expansion obligation"	"definition/package BFS"	"dith_evid"	""	"mvdm-host/softpc.new"	"softpc.new"	"resolve against this declaring package before treating as any non-MVDM boundary"
"softpc.new/base/cvidc/evidfunc.h"	"705"	"extern EVID_WRT_POINTERS chain2_evid[];"	"extern-data-or-function-pointer declaration"	"selected-MVDM declaration; definition is a second-stage package-expansion obligation"	"definition/package BFS"	"chain2_evid"	""	"mvdm-host/softpc.new"	"softpc.new"	"resolve against this declaring package before treating as any non-MVDM boundary"
"softpc.new/base/cvidc/evidfunc.h"	"706"	"extern EVID_WRT_POINTERS unchained_evid[];"	"extern-data-or-function-pointer declaration"	"selected-MVDM declaration; definition is a second-stage package-expansion obligation"	"definition/package BFS"	"unchained_evid"	""	"mvdm-host/softpc.new"	"softpc.new"	"resolve against this declaring package before treating as any non-MVDM boundary"
"softpc.new/base/cvidc/evidfunc.h"	"707"	"extern EVID_WRT_POINTERS chain4_evid[];"	"extern-data-or-function-pointer declaration"	"selected-MVDM declaration; definition is a second-stage package-expansion obligation"	"definition/package BFS"	"chain4_evid"	""	"mvdm-host/softpc.new"	"softpc.new"	"resolve against this declaring package before treating as any non-MVDM boundary"
"softpc.new/base/cvidc/evidfunc.h"	"708"	"extern EVID_READ_POINTERS simple_read_evid;"	"extern-data-or-function-pointer declaration"	"selected-MVDM declaration; definition is a second-stage package-expansion obligation"	"definition/package BFS"	"simple_read_evid"	""	"mvdm-host/softpc.new"	"softpc.new"	"resolve against this declaring package before treating as any non-MVDM boundary"
"softpc.new/base/cvidc/evidfunc.h"	"709"	"extern EVID_READ_POINTERS ram_dsbld_read_evid;"	"extern-data-or-function-pointer declaration"	"selected-MVDM declaration; definition is a second-stage package-expansion obligation"	"definition/package BFS"	"ram_dsbld_read_evid"	""	"mvdm-host/softpc.new"	"softpc.new"	"resolve against this declaring package before treating as any non-MVDM boundary"
"softpc.new/base/cvidc/evidfunc.h"	"710"	"extern EVID_READ_POINTERS read_mode0_evid[];"	"extern-data-or-function-pointer declaration"	"selected-MVDM declaration; definition is a second-stage package-expansion obligation"	"definition/package BFS"	"read_mode0_evid"	""	"mvdm-host/softpc.new"	"softpc.new"	"resolve against this declaring package before treating as any non-MVDM boundary"
"softpc.new/base/cvidc/evidfunc.h"	"711"	"extern EVID_READ_POINTERS read_mode1_evid[];"	"extern-data-or-function-pointer declaration"	"selected-MVDM declaration; definition is a second-stage package-expansion obligation"	"definition/package BFS"	"read_mode1_evid"	""	"mvdm-host/softpc.new"	"softpc.new"	"resolve against this declaring package before treating as any non-MVDM boundary"
"softpc.new/base/cvidc/evidfunc.h"	"712"	"extern EVID_MARK_POINTERS simple_mark_evid;"	"extern-data-or-function-pointer declaration"	"selected-MVDM declaration; definition is a second-stage package-expansion obligation"	"definition/package BFS"	"simple_mark_evid"	""	"mvdm-host/softpc.new"	"softpc.new"	"resolve against this declaring package before treating as any non-MVDM boundary"
"softpc.new/base/cvidc/evidfunc.h"	"713"	"extern EVID_MARK_POINTERS cga_mark_evid;"	"extern-data-or-function-pointer declaration"	"selected-MVDM declaration; definition is a second-stage package-expansion obligation"	"definition/package BFS"	"cga_mark_evid"	""	"mvdm-host/softpc.new"	"softpc.new"	"resolve against this declaring package before treating as any non-MVDM boundary"
"softpc.new/base/cvidc/evidfunc.h"	"714"	"extern EVID_MARK_POINTERS unchained_mark_evid;"	"extern-data-or-function-pointer declaration"	"selected-MVDM declaration; definition is a second-stage package-expansion obligation"	"definition/package BFS"	"unchained_mark_evid"	""	"mvdm-host/softpc.new"	"softpc.new"	"resolve against this declaring package before treating as any non-MVDM boundary"
"softpc.new/base/cvidc/evidfunc.h"	"715"	"extern EVID_MARK_POINTERS chain4_mark_evid;"	"extern-data-or-function-pointer declaration"	"selected-MVDM declaration; definition is a second-stage package-expansion obligation"	"definition/package BFS"	"chain4_mark_evid"	""	"mvdm-host/softpc.new"	"softpc.new"	"resolve against this declaring package before treating as any non-MVDM boundary"
"softpc.new/base/cvidc/evidgen.h"	"91"	"extern	struct	VideoVector	Video;"	"extern-data-or-function-pointer declaration"	"selected-MVDM declaration; definition is a second-stage package-expansion obligation"	"definition/package BFS"	"Video"	""	"mvdm-host/softpc.new"	"softpc.new"	"resolve against this declaring package before treating as any non-MVDM boundary"
"softpc.new/base/cvidc/gdpvar.h"	"697"	"extern IHP Gdp;"	"extern-data-or-function-pointer declaration"	"selected-MVDM declaration; definition is a second-stage package-expansion obligation"	"definition/package BFS"	"Gdp"	""	"mvdm-host/softpc.new"	"softpc.new"	"resolve against this declaring package before treating as any non-MVDM boundary"
"softpc.new/base/cvidc/j_c_lang.h"	"22"	"extern IUH	rnull ; /* holder for a null arg in calls and null return args */"	"extern-data-or-function-pointer declaration"	"selected-MVDM declaration; definition is a second-stage package-expansion obligation"	"definition/package BFS"	""	""	"mvdm-host/softpc.new"	"softpc.new"	"resolve against this declaring package before treating as any non-MVDM boundary"
"softpc.new/base/cvidc/sas4gen.h"	"120"	"extern	struct	SasVector	Sas;"	"extern-data-or-function-pointer declaration"	"selected-MVDM declaration; definition is a second-stage package-expansion obligation"	"definition/package BFS"	"Sas"	""	"mvdm-host/softpc.new"	"softpc.new"	"resolve against this declaring package before treating as any non-MVDM boundary"
"softpc.new/base/cvidc/sascdef.c"	"17"	"extern TYPE_sas_memory_size c_sas_memory_size;"	"extern-data-or-function-pointer declaration"	"selected-MVDM declaration; definition is a second-stage package-expansion obligation"	"definition/package BFS"	"c_sas_memory_size"	""	"mvdm-host/softpc.new"	"softpc.new"	"resolve against this declaring package before treating as any non-MVDM boundary"
"softpc.new/base/cvidc/sascdef.c"	"18"	"extern TYPE_sas_connect_memory c_sas_connect_memory;"	"extern-data-or-function-pointer declaration"	"selected-MVDM declaration; definition is a second-stage package-expansion obligation"	"definition/package BFS"	"c_sas_connect_memory"	""	"mvdm-host/softpc.new"	"softpc.new"	"resolve against this declaring package before treating as any non-MVDM boundary"
"softpc.new/base/cvidc/sascdef.c"	"19"	"extern TYPE_sas_enable_20_bit_wrapping c_sas_enable_20_bit_wrapping;"	"extern-data-or-function-pointer declaration"	"selected-MVDM declaration; definition is a second-stage package-expansion obligation"	"definition/package BFS"	"c_sas_enable_20_bit_wrapping"	""	"mvdm-host/softpc.new"	"softpc.new"	"resolve against this declaring package before treating as any non-MVDM boundary"
"softpc.new/base/cvidc/sascdef.c"	"20"	"extern TYPE_sas_disable_20_bit_wrapping c_sas_disable_20_bit_wrapping;"	"extern-data-or-function-pointer declaration"	"selected-MVDM declaration; definition is a second-stage package-expansion obligation"	"definition/package BFS"	"c_sas_disable_20_bit_wrapping"	""	"mvdm-host/softpc.new"	"softpc.new"	"resolve against this declaring package before treating as any non-MVDM boundary"
"softpc.new/base/cvidc/sascdef.c"	"21"	"extern TYPE_sas_twenty_bit_wrapping_enabled c_sas_twenty_bit_wrapping_enabled;"	"extern-data-or-function-pointer declaration"	"selected-MVDM declaration; definition is a second-stage package-expansion obligation"	"definition/package BFS"	"c_sas_twenty_bit_wrapping_enabled"	""	"mvdm-host/softpc.new"	"softpc.new"	"resolve against this declaring package before treating as any non-MVDM boundary"
"softpc.new/base/cvidc/sascdef.c"	"22"	"extern TYPE_sas_memory_type c_sas_memory_type;"	"extern-data-or-function-pointer declaration"	"selected-MVDM declaration; definition is a second-stage package-expansion obligation"	"definition/package BFS"	"c_sas_memory_type"	""	"mvdm-host/softpc.new"	"softpc.new"	"resolve against this declaring package before treating as any non-MVDM boundary"
"softpc.new/base/cvidc/sascdef.c"	"23"	"extern TYPE_sas_hw_at c_sas_hw_at;"	"extern-data-or-function-pointer declaration"	"selected-MVDM declaration; definition is a second-stage package-expansion obligation"	"definition/package BFS"	"c_sas_hw_at"	""	"mvdm-host/softpc.new"	"softpc.new"	"resolve against this declaring package before treating as any non-MVDM boundary"
"softpc.new/base/cvidc/sascdef.c"	"24"	"extern TYPE_sas_w_at c_sas_w_at;"	"extern-data-or-function-pointer declaration"	"selected-MVDM declaration; definition is a second-stage package-expansion obligation"	"definition/package BFS"	"c_sas_w_at"	""	"mvdm-host/softpc.new"	"softpc.new"	"resolve against this declaring package before treating as any non-MVDM boundary"
"softpc.new/base/cvidc/sascdef.c"	"25"	"extern TYPE_sas_dw_at c_sas_dw_at;"	"extern-data-or-function-pointer declaration"	"selected-MVDM declaration; definition is a second-stage package-expansion obligation"	"definition/package BFS"	"c_sas_dw_at"	""	"mvdm-host/softpc.new"	"softpc.new"	"resolve against this declaring package before treating as any non-MVDM boundary"
"softpc.new/base/cvidc/sascdef.c"	"26"	"extern TYPE_sas_hw_at_no_check c_sas_hw_at;"	"extern-data-or-function-pointer declaration"	"selected-MVDM declaration; definition is a second-stage package-expansion obligation"	"definition/package BFS"	"c_sas_hw_at"	""	"mvdm-host/softpc.new"	"softpc.new"	"resolve against this declaring package before treating as any non-MVDM boundary"
"softpc.new/base/cvidc/sascdef.c"	"27"	"extern TYPE_sas_w_at_no_check c_sas_w_at;"	"extern-data-or-function-pointer declaration"	"selected-MVDM declaration; definition is a second-stage package-expansion obligation"	"definition/package BFS"	"c_sas_w_at"	""	"mvdm-host/softpc.new"	"softpc.new"	"resolve against this declaring package before treating as any non-MVDM boundary"
"softpc.new/base/cvidc/sascdef.c"	"28"	"extern TYPE_sas_dw_at_no_check c_sas_dw_at;"	"extern-data-or-function-pointer declaration"	"selected-MVDM declaration; definition is a second-stage package-expansion obligation"	"definition/package BFS"	"c_sas_dw_at"	""	"mvdm-host/softpc.new"	"softpc.new"	"resolve against this declaring package before treating as any non-MVDM boundary"
"softpc.new/base/cvidc/sascdef.c"	"29"	"extern TYPE_sas_store c_sas_store;"	"extern-data-or-function-pointer declaration"	"selected-MVDM declaration; definition is a second-stage package-expansion obligation"	"definition/package BFS"	"c_sas_store"	""	"mvdm-host/softpc.new"	"softpc.new"	"resolve against this declaring package before treating as any non-MVDM boundary"
"softpc.new/base/cvidc/sascdef.c"	"30"	"extern TYPE_sas_storew c_sas_storew;"	"extern-data-or-function-pointer declaration"	"selected-MVDM declaration; definition is a second-stage package-expansion obligation"	"definition/package BFS"	"c_sas_storew"	""	"mvdm-host/softpc.new"	"softpc.new"	"resolve against this declaring package before treating as any non-MVDM boundary"
"softpc.new/base/cvidc/sascdef.c"	"31"	"extern TYPE_sas_storedw c_sas_storedw;"	"extern-data-or-function-pointer declaration"	"selected-MVDM declaration; definition is a second-stage package-expansion obligation"	"definition/package BFS"	"c_sas_storedw"	""	"mvdm-host/softpc.new"	"softpc.new"	"resolve against this declaring package before treating as any non-MVDM boundary"
"softpc.new/base/cvidc/sascdef.c"	"32"	"extern TYPE_sas_store_no_check c_sas_store;"	"extern-data-or-function-pointer declaration"	"selected-MVDM declaration; definition is a second-stage package-expansion obligation"	"definition/package BFS"	"c_sas_store"	""	"mvdm-host/softpc.new"	"softpc.new"	"resolve against this declaring package before treating as any non-MVDM boundary"
"softpc.new/base/cvidc/sascdef.c"	"33"	"extern TYPE_sas_storew_no_check c_sas_storew;"	"extern-data-or-function-pointer declaration"	"selected-MVDM declaration; definition is a second-stage package-expansion obligation"	"definition/package BFS"	"c_sas_storew"	""	"mvdm-host/softpc.new"	"softpc.new"	"resolve against this declaring package before treating as any non-MVDM boundary"
"softpc.new/base/cvidc/sascdef.c"	"34"	"extern TYPE_sas_storedw_no_check c_sas_storedw;"	"extern-data-or-function-pointer declaration"	"selected-MVDM declaration; definition is a second-stage package-expansion obligation"	"definition/package BFS"	"c_sas_storedw"	""	"mvdm-host/softpc.new"	"softpc.new"	"resolve against this declaring package before treating as any non-MVDM boundary"
"softpc.new/base/cvidc/sascdef.c"	"35"	"extern TYPE_sas_loads c_sas_loads;"	"extern-data-or-function-pointer declaration"	"selected-MVDM declaration; definition is a second-stage package-expansion obligation"	"definition/package BFS"	"c_sas_loads"	""	"mvdm-host/softpc.new"	"softpc.new"	"resolve against this declaring package before treating as any non-MVDM boundary"
"softpc.new/base/cvidc/sascdef.c"	"36"	"extern TYPE_sas_stores c_sas_stores;"	"extern-data-or-function-pointer declaration"	"selected-MVDM declaration; definition is a second-stage package-expansion obligation"	"definition/package BFS"	"c_sas_stores"	""	"mvdm-host/softpc.new"	"softpc.new"	"resolve against this declaring package before treating as any non-MVDM boundary"
"softpc.new/base/cvidc/sascdef.c"	"37"	"extern TYPE_sas_loads_no_check c_sas_loads_no_check;"	"extern-data-or-function-pointer declaration"	"selected-MVDM declaration; definition is a second-stage package-expansion obligation"	"definition/package BFS"	"c_sas_loads_no_check"	""	"mvdm-host/softpc.new"	"softpc.new"	"resolve against this declaring package before treating as any non-MVDM boundary"
"softpc.new/base/cvidc/sascdef.c"	"38"	"extern TYPE_sas_stores_no_check c_sas_stores_no_check;"	"extern-data-or-function-pointer declaration"	"selected-MVDM declaration; definition is a second-stage package-expansion obligation"	"definition/package BFS"	"c_sas_stores_no_check"	""	"mvdm-host/softpc.new"	"softpc.new"	"resolve against this declaring package before treating as any non-MVDM boundary"
"softpc.new/base/cvidc/sascdef.c"	"39"	"extern TYPE_sas_move_bytes_forward c_sas_move_bytes_forward;"	"extern-data-or-function-pointer declaration"	"selected-MVDM declaration; definition is a second-stage package-expansion obligation"	"definition/package BFS"	"c_sas_move_bytes_forward"	""	"mvdm-host/softpc.new"	"softpc.new"	"resolve against this declaring package before treating as any non-MVDM boundary"
"softpc.new/base/cvidc/sascdef.c"	"40"	"extern TYPE_sas_move_words_forward c_sas_move_words_forward;"	"extern-data-or-function-pointer declaration"	"selected-MVDM declaration; definition is a second-stage package-expansion obligation"	"definition/package BFS"	"c_sas_move_words_forward"	""	"mvdm-host/softpc.new"	"softpc.new"	"resolve against this declaring package before treating as any non-MVDM boundary"
"softpc.new/base/cvidc/sascdef.c"	"41"	"extern TYPE_sas_move_doubles_forward c_sas_move_doubles_forward;"	"extern-data-or-function-pointer declaration"	"selected-MVDM declaration; definition is a second-stage package-expansion obligation"	"definition/package BFS"	"c_sas_move_doubles_forward"	""	"mvdm-host/softpc.new"	"softpc.new"	"resolve against this declaring package before treating as any non-MVDM boundary"
"softpc.new/base/cvidc/sascdef.c"	"42"	"extern TYPE_sas_move_bytes_backward c_sas_move_bytes_backward;"	"extern-data-or-function-pointer declaration"	"selected-MVDM declaration; definition is a second-stage package-expansion obligation"	"definition/package BFS"	"c_sas_move_bytes_backward"	""	"mvdm-host/softpc.new"	"softpc.new"	"resolve against this declaring package before treating as any non-MVDM boundary"
"softpc.new/base/cvidc/sascdef.c"	"43"	"extern TYPE_sas_move_words_backward c_sas_move_words_backward;"	"extern-data-or-function-pointer declaration"	"selected-MVDM declaration; definition is a second-stage package-expansion obligation"	"definition/package BFS"	"c_sas_move_words_backward"	""	"mvdm-host/softpc.new"	"softpc.new"	"resolve against this declaring package before treating as any non-MVDM boundary"
"softpc.new/base/cvidc/sascdef.c"	"44"	"extern TYPE_sas_move_doubles_backward c_sas_move_doubles_backward;"	"extern-data-or-function-pointer declaration"	"selected-MVDM declaration; definition is a second-stage package-expansion obligation"	"definition/package BFS"	"c_sas_move_doubles_backward"	""	"mvdm-host/softpc.new"	"softpc.new"	"resolve against this declaring package before treating as any non-MVDM boundary"
"softpc.new/base/cvidc/sascdef.c"	"45"	"extern TYPE_sas_fills c_sas_fills;"	"extern-data-or-function-pointer declaration"	"selected-MVDM declaration; definition is a second-stage package-expansion obligation"	"definition/package BFS"	"c_sas_fills"	""	"mvdm-host/softpc.new"	"softpc.new"	"resolve against this declaring package before treating as any non-MVDM boundary"
"softpc.new/base/cvidc/sascdef.c"	"46"	"extern TYPE_sas_fillsw c_sas_fillsw;"	"extern-data-or-function-pointer declaration"	"selected-MVDM declaration; definition is a second-stage package-expansion obligation"	"definition/package BFS"	"c_sas_fillsw"	""	"mvdm-host/softpc.new"	"softpc.new"	"resolve against this declaring package before treating as any non-MVDM boundary"
"softpc.new/base/cvidc/sascdef.c"	"47"	"extern TYPE_sas_fillsdw c_sas_fillsdw;"	"extern-data-or-function-pointer declaration"	"selected-MVDM declaration; definition is a second-stage package-expansion obligation"	"definition/package BFS"	"c_sas_fillsdw"	""	"mvdm-host/softpc.new"	"softpc.new"	"resolve against this declaring package before treating as any non-MVDM boundary"
"softpc.new/base/cvidc/sascdef.c"	"48"	"extern TYPE_sas_scratch_address c_sas_scratch_address;"	"extern-data-or-function-pointer declaration"	"selected-MVDM declaration; definition is a second-stage package-expansion obligation"	"definition/package BFS"	"c_sas_scratch_address"	""	"mvdm-host/softpc.new"	"softpc.new"	"resolve against this declaring package before treating as any non-MVDM boundary"
"softpc.new/base/cvidc/sascdef.c"	"49"	"extern TYPE_sas_transbuf_address c_sas_transbuf_address;"	"extern-data-or-function-pointer declaration"	"selected-MVDM declaration; definition is a second-stage package-expansion obligation"	"definition/package BFS"	"c_sas_transbuf_address"	""	"mvdm-host/softpc.new"	"softpc.new"	"resolve against this declaring package before treating as any non-MVDM boundary"
"softpc.new/base/cvidc/sascdef.c"	"50"	"extern TYPE_sas_loads_to_transbuf c_sas_loads;"	"extern-data-or-function-pointer declaration"	"selected-MVDM declaration; definition is a second-stage package-expansion obligation"	"definition/package BFS"	"c_sas_loads"	""	"mvdm-host/softpc.new"	"softpc.new"	"resolve against this declaring package before treating as any non-MVDM boundary"
"softpc.new/base/cvidc/sascdef.c"	"51"	"extern TYPE_sas_stores_from_transbuf c_sas_stores;"	"extern-data-or-function-pointer declaration"	"selected-MVDM declaration; definition is a second-stage package-expansion obligation"	"definition/package BFS"	"c_sas_stores"	""	"mvdm-host/softpc.new"	"softpc.new"	"resolve against this declaring package before treating as any non-MVDM boundary"
"softpc.new/base/cvidc/sascdef.c"	"52"	"extern TYPE_sas_PR8 phy_r8;"	"extern-data-or-function-pointer declaration"	"selected-MVDM declaration; definition is a second-stage package-expansion obligation"	"definition/package BFS"	"phy_r8"	""	"mvdm-host/softpc.new"	"softpc.new"	"resolve against this declaring package before treating as any non-MVDM boundary"
"softpc.new/base/cvidc/sascdef.c"	"53"	"extern TYPE_sas_PR16 phy_r16;"	"extern-data-or-function-pointer declaration"	"selected-MVDM declaration; definition is a second-stage package-expansion obligation"	"definition/package BFS"	"phy_r16"	""	"mvdm-host/softpc.new"	"softpc.new"	"resolve against this declaring package before treating as any non-MVDM boundary"
"softpc.new/base/cvidc/sascdef.c"	"54"	"extern TYPE_sas_PR32 phy_r32;"	"extern-data-or-function-pointer declaration"	"selected-MVDM declaration; definition is a second-stage package-expansion obligation"	"definition/package BFS"	"phy_r32"	""	"mvdm-host/softpc.new"	"softpc.new"	"resolve against this declaring package before treating as any non-MVDM boundary"
"softpc.new/base/cvidc/sascdef.c"	"55"	"extern TYPE_sas_PW8 phy_w8;"	"extern-data-or-function-pointer declaration"	"selected-MVDM declaration; definition is a second-stage package-expansion obligation"	"definition/package BFS"	"phy_w8"	""	"mvdm-host/softpc.new"	"softpc.new"	"resolve against this declaring package before treating as any non-MVDM boundary"
"softpc.new/base/cvidc/sascdef.c"	"56"	"extern TYPE_sas_PW16 phy_w16;"	"extern-data-or-function-pointer declaration"	"selected-MVDM declaration; definition is a second-stage package-expansion obligation"	"definition/package BFS"	"phy_w16"	""	"mvdm-host/softpc.new"	"softpc.new"	"resolve against this declaring package before treating as any non-MVDM boundary"
"softpc.new/base/cvidc/sascdef.c"	"57"	"extern TYPE_sas_PW32 phy_w32;"	"extern-data-or-function-pointer declaration"	"selected-MVDM declaration; definition is a second-stage package-expansion obligation"	"definition/package BFS"	"phy_w32"	""	"mvdm-host/softpc.new"	"softpc.new"	"resolve against this declaring package before treating as any non-MVDM boundary"
"softpc.new/base/cvidc/sascdef.c"	"58"	"extern TYPE_sas_PW8_no_check phy_w8_no_check;"	"extern-data-or-function-pointer declaration"	"selected-MVDM declaration; definition is a second-stage package-expansion obligation"	"definition/package BFS"	"phy_w8_no_check"	""	"mvdm-host/softpc.new"	"softpc.new"	"resolve against this declaring package before treating as any non-MVDM boundary"
"softpc.new/base/cvidc/sascdef.c"	"59"	"extern TYPE_sas_PW16_no_check phy_w16_no_check;"	"extern-data-or-function-pointer declaration"	"selected-MVDM declaration; definition is a second-stage package-expansion obligation"	"definition/package BFS"	"phy_w16_no_check"	""	"mvdm-host/softpc.new"	"softpc.new"	"resolve against this declaring package before treating as any non-MVDM boundary"
"softpc.new/base/cvidc/sascdef.c"	"60"	"extern TYPE_sas_PW32_no_check phy_w32_no_check;"	"extern-data-or-function-pointer declaration"	"selected-MVDM declaration; definition is a second-stage package-expansion obligation"	"definition/package BFS"	"phy_w32_no_check"	""	"mvdm-host/softpc.new"	"softpc.new"	"resolve against this declaring package before treating as any non-MVDM boundary"
"softpc.new/base/cvidc/sascdef.c"	"61"	"extern TYPE_getPtrToPhysAddrByte c_GetPhyAdd;"	"extern-data-or-function-pointer declaration"	"selected-MVDM declaration; definition is a second-stage package-expansion obligation"	"definition/package BFS"	"c_GetPhyAdd"	""	"mvdm-host/softpc.new"	"softpc.new"	"resolve against this declaring package before treating as any non-MVDM boundary"
"softpc.new/base/cvidc/sascdef.c"	"62"	"extern TYPE_get_byte_addr c_get_byte_addr;"	"extern-data-or-function-pointer declaration"	"selected-MVDM declaration; definition is a second-stage package-expansion obligation"	"definition/package BFS"	"c_get_byte_addr"	""	"mvdm-host/softpc.new"	"softpc.new"	"resolve against this declaring package before treating as any non-MVDM boundary"
"softpc.new/base/cvidc/sascdef.c"	"63"	"extern TYPE_getPtrToLinAddrByte c_GetLinAdd;"	"extern-data-or-function-pointer declaration"	"selected-MVDM declaration; definition is a second-stage package-expansion obligation"	"definition/package BFS"	"c_GetLinAdd"	""	"mvdm-host/softpc.new"	"softpc.new"	"resolve against this declaring package before treating as any non-MVDM boundary"
"softpc.new/base/cvidc/sascdef.c"	"64"	"extern TYPE_sas_init_pm_selectors c_SasRegisterVirtualSelectors;"	"extern-data-or-function-pointer declaration"	"selected-MVDM declaration; definition is a second-stage package-expansion obligation"	"definition/package BFS"	"c_SasRegisterVirtualSelectors"	""	"mvdm-host/softpc.new"	"softpc.new"	"resolve against this declaring package before treating as any non-MVDM boundary"
"softpc.new/base/cvidc/sascdef.c"	"65"	"extern TYPE_sas_PWS c_sas_PWS;"	"extern-data-or-function-pointer declaration"	"selected-MVDM declaration; definition is a second-stage package-expansion obligation"	"definition/package BFS"	"c_sas_PWS"	""	"mvdm-host/softpc.new"	"softpc.new"	"resolve against this declaring package before treating as any non-MVDM boundary"
"softpc.new/base/cvidc/sascdef.c"	"66"	"extern TYPE_sas_PWS_no_check c_sas_PWS_no_check;"	"extern-data-or-function-pointer declaration"	"selected-MVDM declaration; definition is a second-stage package-expansion obligation"	"definition/package BFS"	"c_sas_PWS_no_check"	""	"mvdm-host/softpc.new"	"softpc.new"	"resolve against this declaring package before treating as any non-MVDM boundary"
"softpc.new/base/cvidc/sascdef.c"	"67"	"extern TYPE_sas_PRS c_sas_PRS;"	"extern-data-or-function-pointer declaration"	"selected-MVDM declaration; definition is a second-stage package-expansion obligation"	"definition/package BFS"	"c_sas_PRS"	""	"mvdm-host/softpc.new"	"softpc.new"	"resolve against this declaring package before treating as any non-MVDM boundary"
"softpc.new/base/cvidc/sascdef.c"	"68"	"extern TYPE_sas_PRS_no_check c_sas_PRS_no_check;"	"extern-data-or-function-pointer declaration"	"selected-MVDM declaration; definition is a second-stage package-expansion obligation"	"definition/package BFS"	"c_sas_PRS_no_check"	""	"mvdm-host/softpc.new"	"softpc.new"	"resolve against this declaring package before treating as any non-MVDM boundary"
"softpc.new/base/cvidc/sascdef.c"	"69"	"extern TYPE_sas_PigCmpPage c_sas_PigCmpPage;"	"extern-data-or-function-pointer declaration"	"selected-MVDM declaration; definition is a second-stage package-expansion obligation"	"definition/package BFS"	"c_sas_PigCmpPage"	""	"mvdm-host/softpc.new"	"softpc.new"	"resolve against this declaring package before treating as any non-MVDM boundary"
"softpc.new/base/cvidc/sascdef.c"	"70"	"extern TYPE_IOVirtualised c_IOVirtualised;"	"extern-data-or-function-pointer declaration"	"selected-MVDM declaration; definition is a second-stage package-expansion obligation"	"definition/package BFS"	"c_IOVirtualised"	""	"mvdm-host/softpc.new"	"softpc.new"	"resolve against this declaring package before treating as any non-MVDM boundary"
"softpc.new/base/cvidc/sevid000.c"	"6"	"extern IU8	J_EXT_DATA[] ;"	"extern-data-or-function-pointer declaration"	"selected-MVDM declaration; definition is a second-stage package-expansion obligation"	"definition/package BFS"	"J_EXT_DATA"	""	"mvdm-host/softpc.new"	"softpc.new"	"resolve against this declaring package before treating as any non-MVDM boundary"
"softpc.new/base/cvidc/sevid001.c"	"6"	"extern IU8	J_EXT_DATA[] ;"	"extern-data-or-function-pointer declaration"	"selected-MVDM declaration; definition is a second-stage package-expansion obligation"	"definition/package BFS"	"J_EXT_DATA"	""	"mvdm-host/softpc.new"	"softpc.new"	"resolve against this declaring package before treating as any non-MVDM boundary"
"softpc.new/base/cvidc/sevid002.c"	"6"	"extern IU8	J_EXT_DATA[] ;"	"extern-data-or-function-pointer declaration"	"selected-MVDM declaration; definition is a second-stage package-expansion obligation"	"definition/package BFS"	"J_EXT_DATA"	""	"mvdm-host/softpc.new"	"softpc.new"	"resolve against this declaring package before treating as any non-MVDM boundary"
"softpc.new/base/cvidc/sevid003.c"	"6"	"extern IU8	J_EXT_DATA[] ;"	"extern-data-or-function-pointer declaration"	"selected-MVDM declaration; definition is a second-stage package-expansion obligation"	"definition/package BFS"	"J_EXT_DATA"	""	"mvdm-host/softpc.new"	"softpc.new"	"resolve against this declaring package before treating as any non-MVDM boundary"
"softpc.new/base/cvidc/sevid004.c"	"6"	"extern IU8	J_EXT_DATA[] ;"	"extern-data-or-function-pointer declaration"	"selected-MVDM declaration; definition is a second-stage package-expansion obligation"	"definition/package BFS"	"J_EXT_DATA"	""	"mvdm-host/softpc.new"	"softpc.new"	"resolve against this declaring package before treating as any non-MVDM boundary"
"softpc.new/base/cvidc/sevid005.c"	"6"	"extern IU8	J_EXT_DATA[] ;"	"extern-data-or-function-pointer declaration"	"selected-MVDM declaration; definition is a second-stage package-expansion obligation"	"definition/package BFS"	"J_EXT_DATA"	""	"mvdm-host/softpc.new"	"softpc.new"	"resolve against this declaring package before treating as any non-MVDM boundary"
"softpc.new/base/cvidc/sevid006.c"	"6"	"extern IU8	J_EXT_DATA[] ;"	"extern-data-or-function-pointer declaration"	"selected-MVDM declaration; definition is a second-stage package-expansion obligation"	"definition/package BFS"	"J_EXT_DATA"	""	"mvdm-host/softpc.new"	"softpc.new"	"resolve against this declaring package before treating as any non-MVDM boundary"
"softpc.new/base/cvidc/sevid007.c"	"6"	"extern IU8	J_EXT_DATA[] ;"	"extern-data-or-function-pointer declaration"	"selected-MVDM declaration; definition is a second-stage package-expansion obligation"	"definition/package BFS"	"J_EXT_DATA"	""	"mvdm-host/softpc.new"	"softpc.new"	"resolve against this declaring package before treating as any non-MVDM boundary"
"softpc.new/base/cvidc/sevid008.c"	"6"	"extern IU8	J_EXT_DATA[] ;"	"extern-data-or-function-pointer declaration"	"selected-MVDM declaration; definition is a second-stage package-expansion obligation"	"definition/package BFS"	"J_EXT_DATA"	""	"mvdm-host/softpc.new"	"softpc.new"	"resolve against this declaring package before treating as any non-MVDM boundary"
"softpc.new/base/cvidc/sevid009.c"	"6"	"extern IU8	J_EXT_DATA[] ;"	"extern-data-or-function-pointer declaration"	"selected-MVDM declaration; definition is a second-stage package-expansion obligation"	"definition/package BFS"	"J_EXT_DATA"	""	"mvdm-host/softpc.new"	"softpc.new"	"resolve against this declaring package before treating as any non-MVDM boundary"
"softpc.new/base/cvidc/sevid010.c"	"6"	"extern IU8	J_EXT_DATA[] ;"	"extern-data-or-function-pointer declaration"	"selected-MVDM declaration; definition is a second-stage package-expansion obligation"	"definition/package BFS"	"J_EXT_DATA"	""	"mvdm-host/softpc.new"	"softpc.new"	"resolve against this declaring package before treating as any non-MVDM boundary"
"softpc.new/base/cvidc/sevid011.c"	"6"	"extern IU8	J_EXT_DATA[] ;"	"extern-data-or-function-pointer declaration"	"selected-MVDM declaration; definition is a second-stage package-expansion obligation"	"definition/package BFS"	"J_EXT_DATA"	""	"mvdm-host/softpc.new"	"softpc.new"	"resolve against this declaring package before treating as any non-MVDM boundary"
"softpc.new/base/cvidc/sevid012.c"	"6"	"extern IU8	J_EXT_DATA[] ;"	"extern-data-or-function-pointer declaration"	"selected-MVDM declaration; definition is a second-stage package-expansion obligation"	"definition/package BFS"	"J_EXT_DATA"	""	"mvdm-host/softpc.new"	"softpc.new"	"resolve against this declaring package before treating as any non-MVDM boundary"
"softpc.new/base/cvidc/sevid013.c"	"6"	"extern IU8	J_EXT_DATA[] ;"	"extern-data-or-function-pointer declaration"	"selected-MVDM declaration; definition is a second-stage package-expansion obligation"	"definition/package BFS"	"J_EXT_DATA"	""	"mvdm-host/softpc.new"	"softpc.new"	"resolve against this declaring package before treating as any non-MVDM boundary"
"softpc.new/base/cvidc/sevid014.c"	"6"	"extern IU8	J_EXT_DATA[] ;"	"extern-data-or-function-pointer declaration"	"selected-MVDM declaration; definition is a second-stage package-expansion obligation"	"definition/package BFS"	"J_EXT_DATA"	""	"mvdm-host/softpc.new"	"softpc.new"	"resolve against this declaring package before treating as any non-MVDM boundary"
"softpc.new/base/cvidc/sevid015.c"	"6"	"extern IU8	J_EXT_DATA[] ;"	"extern-data-or-function-pointer declaration"	"selected-MVDM declaration; definition is a second-stage package-expansion obligation"	"definition/package BFS"	"J_EXT_DATA"	""	"mvdm-host/softpc.new"	"softpc.new"	"resolve against this declaring package before treating as any non-MVDM boundary"
"softpc.new/base/cvidc/sevid016.c"	"6"	"extern IU8	J_EXT_DATA[] ;"	"extern-data-or-function-pointer declaration"	"selected-MVDM declaration; definition is a second-stage package-expansion obligation"	"definition/package BFS"	"J_EXT_DATA"	""	"mvdm-host/softpc.new"	"softpc.new"	"resolve against this declaring package before treating as any non-MVDM boundary"
"softpc.new/base/cvidc/sevid017.c"	"6"	"extern IU8	J_EXT_DATA[] ;"	"extern-data-or-function-pointer declaration"	"selected-MVDM declaration; definition is a second-stage package-expansion obligation"	"definition/package BFS"	"J_EXT_DATA"	""	"mvdm-host/softpc.new"	"softpc.new"	"resolve against this declaring package before treating as any non-MVDM boundary"
"softpc.new/base/cvidc/sevid018.c"	"6"	"extern IU8	J_EXT_DATA[] ;"	"extern-data-or-function-pointer declaration"	"selected-MVDM declaration; definition is a second-stage package-expansion obligation"	"definition/package BFS"	"J_EXT_DATA"	""	"mvdm-host/softpc.new"	"softpc.new"	"resolve against this declaring package before treating as any non-MVDM boundary"
"softpc.new/base/cvidc/sevid019.c"	"6"	"extern IU8	J_EXT_DATA[] ;"	"extern-data-or-function-pointer declaration"	"selected-MVDM declaration; definition is a second-stage package-expansion obligation"	"definition/package BFS"	"J_EXT_DATA"	""	"mvdm-host/softpc.new"	"softpc.new"	"resolve against this declaring package before treating as any non-MVDM boundary"
"softpc.new/base/cvidc/sevid020.c"	"6"	"extern IU8	J_EXT_DATA[] ;"	"extern-data-or-function-pointer declaration"	"selected-MVDM declaration; definition is a second-stage package-expansion obligation"	"definition/package BFS"	"J_EXT_DATA"	""	"mvdm-host/softpc.new"	"softpc.new"	"resolve against this declaring package before treating as any non-MVDM boundary"
"softpc.new/base/cvidc/sevid021.c"	"6"	"extern IU8	J_EXT_DATA[] ;"	"extern-data-or-function-pointer declaration"	"selected-MVDM declaration; definition is a second-stage package-expansion obligation"	"definition/package BFS"	"J_EXT_DATA"	""	"mvdm-host/softpc.new"	"softpc.new"	"resolve against this declaring package before treating as any non-MVDM boundary"
"softpc.new/base/cvidc/sevid022.c"	"6"	"extern IU8	J_EXT_DATA[] ;"	"extern-data-or-function-pointer declaration"	"selected-MVDM declaration; definition is a second-stage package-expansion obligation"	"definition/package BFS"	"J_EXT_DATA"	""	"mvdm-host/softpc.new"	"softpc.new"	"resolve against this declaring package before treating as any non-MVDM boundary"
"softpc.new/base/cvidc/sevid023.c"	"6"	"extern IU8	J_EXT_DATA[] ;"	"extern-data-or-function-pointer declaration"	"selected-MVDM declaration; definition is a second-stage package-expansion obligation"	"definition/package BFS"	"J_EXT_DATA"	""	"mvdm-host/softpc.new"	"softpc.new"	"resolve against this declaring package before treating as any non-MVDM boundary"
"softpc.new/base/cvidc/sevid024.c"	"6"	"extern IU8	J_EXT_DATA[] ;"	"extern-data-or-function-pointer declaration"	"selected-MVDM declaration; definition is a second-stage package-expansion obligation"	"definition/package BFS"	"J_EXT_DATA"	""	"mvdm-host/softpc.new"	"softpc.new"	"resolve against this declaring package before treating as any non-MVDM boundary"
"softpc.new/base/cvidc/sevid025.c"	"6"	"extern IU8	J_EXT_DATA[] ;"	"extern-data-or-function-pointer declaration"	"selected-MVDM declaration; definition is a second-stage package-expansion obligation"	"definition/package BFS"	"J_EXT_DATA"	""	"mvdm-host/softpc.new"	"softpc.new"	"resolve against this declaring package before treating as any non-MVDM boundary"
"softpc.new/base/cvidc/sevid026.c"	"6"	"extern IU8	J_EXT_DATA[] ;"	"extern-data-or-function-pointer declaration"	"selected-MVDM declaration; definition is a second-stage package-expansion obligation"	"definition/package BFS"	"J_EXT_DATA"	""	"mvdm-host/softpc.new"	"softpc.new"	"resolve against this declaring package before treating as any non-MVDM boundary"
"softpc.new/base/cvidc/sevid027.c"	"6"	"extern IU8	J_EXT_DATA[] ;"	"extern-data-or-function-pointer declaration"	"selected-MVDM declaration; definition is a second-stage package-expansion obligation"	"definition/package BFS"	"J_EXT_DATA"	""	"mvdm-host/softpc.new"	"softpc.new"	"resolve against this declaring package before treating as any non-MVDM boundary"
"softpc.new/base/cvidc/sevid028.c"	"6"	"extern IU8	J_EXT_DATA[] ;"	"extern-data-or-function-pointer declaration"	"selected-MVDM declaration; definition is a second-stage package-expansion obligation"	"definition/package BFS"	"J_EXT_DATA"	""	"mvdm-host/softpc.new"	"softpc.new"	"resolve against this declaring package before treating as any non-MVDM boundary"
"softpc.new/base/cvidc/sevid029.c"	"6"	"extern IU8	J_EXT_DATA[] ;"	"extern-data-or-function-pointer declaration"	"selected-MVDM declaration; definition is a second-stage package-expansion obligation"	"definition/package BFS"	"J_EXT_DATA"	""	"mvdm-host/softpc.new"	"softpc.new"	"resolve against this declaring package before treating as any non-MVDM boundary"
"softpc.new/base/cvidc/sevid030.c"	"6"	"extern IU8	J_EXT_DATA[] ;"	"extern-data-or-function-pointer declaration"	"selected-MVDM declaration; definition is a second-stage package-expansion obligation"	"definition/package BFS"	"J_EXT_DATA"	""	"mvdm-host/softpc.new"	"softpc.new"	"resolve against this declaring package before treating as any non-MVDM boundary"
"softpc.new/base/cvidc/sinit011.c"	"6"	"extern IU8	J_EXT_DATA[] ;"	"extern-data-or-function-pointer declaration"	"selected-MVDM declaration; definition is a second-stage package-expansion obligation"	"definition/package BFS"	"J_EXT_DATA"	""	"mvdm-host/softpc.new"	"softpc.new"	"resolve against this declaring package before treating as any non-MVDM boundary"
"softpc.new/base/cvidc/sinit012.c"	"6"	"extern IU8	J_EXT_DATA[] ;"	"extern-data-or-function-pointer declaration"	"selected-MVDM declaration; definition is a second-stage package-expansion obligation"	"definition/package BFS"	"J_EXT_DATA"	""	"mvdm-host/softpc.new"	"softpc.new"	"resolve against this declaring package before treating as any non-MVDM boundary"
"softpc.new/base/cvidc/sinit013.c"	"6"	"extern IU8	J_EXT_DATA[] ;"	"extern-data-or-function-pointer declaration"	"selected-MVDM declaration; definition is a second-stage package-expansion obligation"	"definition/package BFS"	"J_EXT_DATA"	""	"mvdm-host/softpc.new"	"softpc.new"	"resolve against this declaring package before treating as any non-MVDM boundary"
"softpc.new/base/debug/btrace.c"	"102"	"extern      host_addr       last_destination_address ;"	"extern-data-or-function-pointer declaration"	"selected-MVDM declaration; definition is a second-stage package-expansion obligation"	"definition/package BFS"	"last_destination_address"	""	"mvdm-host/softpc.new"	"softpc.new"	"resolve against this declaring package before treating as any non-MVDM boundary"
"softpc.new/base/debug/yoda.c"	"354"	"extern int disk_trace, verbose;"	"extern-data-or-function-pointer declaration"	"selected-MVDM declaration; definition is a second-stage package-expansion obligation"	"definition/package BFS"	"verbose"	""	"mvdm-host/softpc.new"	"softpc.new"	"resolve against this declaring package before treating as any non-MVDM boundary"
"softpc.new/base/debug/yoda.c"	"356"	"extern int timer_int_enabled;"	"extern-data-or-function-pointer declaration"	"selected-MVDM declaration; definition is a second-stage package-expansion obligation"	"definition/package BFS"	"timer_int_enabled"	""	"mvdm-host/softpc.new"	"softpc.new"	"resolve against this declaring package before treating as any non-MVDM boundary"
"softpc.new/base/debug/yoda.c"	"1774"	"extern IBOOL DoingVDDStuff;"	"extern-data-or-function-pointer declaration"	"selected-MVDM declaration; definition is a second-stage package-expansion obligation"	"definition/package BFS"	"DoingVDDStuff"	""	"mvdm-host/softpc.new"	"softpc.new"	"resolve against this declaring package before treating as any non-MVDM boundary"
"softpc.new/base/debug/yoda.c"	"1775"	"extern IBOOL enableDebugVDD;"	"extern-data-or-function-pointer declaration"	"selected-MVDM declaration; definition is a second-stage package-expansion obligation"	"definition/package BFS"	"enableDebugVDD"	""	"mvdm-host/softpc.new"	"softpc.new"	"resolve against this declaring package before treating as any non-MVDM boundary"
"softpc.new/base/debug/yoda.c"	"4599"	"extern IU32 Q_timer_restart_val;"	"extern-data-or-function-pointer declaration"	"selected-MVDM declaration; definition is a second-stage package-expansion obligation"	"definition/package BFS"	"Q_timer_restart_val"	""	"mvdm-host/softpc.new"	"softpc.new"	"resolve against this declaring package before treating as any non-MVDM boundary"
"softpc.new/base/debug/yoda.c"	"4600"	"extern IU32 Q_timer_microsecs;"	"extern-data-or-function-pointer declaration"	"selected-MVDM declaration; definition is a second-stage package-expansion obligation"	"definition/package BFS"	"Q_timer_microsecs"	""	"mvdm-host/softpc.new"	"softpc.new"	"resolve against this declaring package before treating as any non-MVDM boundary"
"softpc.new/base/debug/yoda.c"	"7217"	"extern IUH PigSynchCount;"	"extern-data-or-function-pointer declaration"	"selected-MVDM declaration; definition is a second-stage package-expansion obligation"	"definition/package BFS"	"PigSynchCount"	""	"mvdm-host/softpc.new"	"softpc.new"	"resolve against this declaring package before treating as any non-MVDM boundary"
"softpc.new/base/disks/floppy_i.c"	"62"	"extern UTINY number_of_floppy;"	"extern-data-or-function-pointer declaration"	"selected-MVDM declaration; definition is a second-stage package-expansion obligation"	"definition/package BFS"	"number_of_floppy"	""	"mvdm-host/softpc.new"	"softpc.new"	"resolve against this declaring package before treating as any non-MVDM boundary"
"softpc.new/base/disks/floppy.c"	"166"	"extern UTINY number_of_floppy;"	"extern-data-or-function-pointer declaration"	"selected-MVDM declaration; definition is a second-stage package-expansion obligation"	"definition/package BFS"	"number_of_floppy"	""	"mvdm-host/softpc.new"	"softpc.new"	"resolve against this declaring package before treating as any non-MVDM boundary"
"softpc.new/base/disks/floppy.c"	"3021"	"extern IBOOL fdc_interrupt_pending;"	"extern-data-or-function-pointer declaration"	"selected-MVDM declaration; definition is a second-stage package-expansion obligation"	"definition/package BFS"	"fdc_interrupt_pending"	""	"mvdm-host/softpc.new"	"softpc.new"	"resolve against this declaring package before treating as any non-MVDM boundary"
"softpc.new/base/disks/gfi_ibm.c"	"23"	"extern int megapkt;"	"extern-data-or-function-pointer declaration"	"selected-MVDM declaration; definition is a second-stage package-expansion obligation"	"definition/package BFS"	"megapkt"	""	"mvdm-host/softpc.new"	"softpc.new"	"resolve against this declaring package before treating as any non-MVDM boundary"
"softpc.new/base/inc/cdrom_fn.h"	"115"	"extern BOOL				bl_red_book;"	"extern-data-or-function-pointer declaration"	"selected-MVDM declaration; definition is a second-stage package-expansion obligation"	"definition/package BFS"	"bl_red_book"	""	"mvdm-host/softpc.new"	"softpc.new"	"resolve against this declaring package before treating as any non-MVDM boundary"
"softpc.new/base/inc/cdrom_fn.h"	"116"	"extern int				cd_retn_stat;"	"extern-data-or-function-pointer declaration"	"selected-MVDM declaration; definition is a second-stage package-expansion obligation"	"definition/package BFS"	"cd_retn_stat"	""	"mvdm-host/softpc.new"	"softpc.new"	"resolve against this declaring package before treating as any non-MVDM boundary"
"softpc.new/base/inc/cga.h"	"72"	"extern half_word MC6845[];        /* The MC6845 data register values */"	"extern-data-or-function-pointer declaration"	"selected-MVDM declaration; definition is a second-stage package-expansion obligation"	"definition/package BFS"	""	""	"mvdm-host/softpc.new"	"softpc.new"	"resolve against this declaring package before treating as any non-MVDM boundary"
"softpc.new/base/inc/cga.h"	"73"	"extern half_word mode_reg;        /* MC6845 mode control register value */"	"extern-data-or-function-pointer declaration"	"selected-MVDM declaration; definition is a second-stage package-expansion obligation"	"definition/package BFS"	""	""	"mvdm-host/softpc.new"	"softpc.new"	"resolve against this declaring package before treating as any non-MVDM boundary"
"softpc.new/base/inc/cga.h"	"88"	"extern	CGA_GLOBS	CGA_GLOBALS;"	"extern-data-or-function-pointer declaration"	"selected-MVDM declaration; definition is a second-stage package-expansion obligation"	"definition/package BFS"	"CGA_GLOBALS"	""	"mvdm-host/softpc.new"	"softpc.new"	"resolve against this declaring package before treating as any non-MVDM boundary"
"softpc.new/base/inc/cmos.h"	"428"	"extern int rtc_int_enabled;"	"extern-data-or-function-pointer declaration"	"selected-MVDM declaration; definition is a second-stage package-expansion obligation"	"definition/package BFS"	"rtc_int_enabled"	""	"mvdm-host/softpc.new"	"softpc.new"	"resolve against this declaring package before treating as any non-MVDM boundary"
"softpc.new/base/inc/cntlbop.h"	"70"	"extern control_bop_array host_bop_table[];"	"extern-data-or-function-pointer declaration"	"selected-MVDM declaration; definition is a second-stage package-expansion obligation"	"definition/package BFS"	"host_bop_table"	""	"mvdm-host/softpc.new"	"softpc.new"	"resolve against this declaring package before treating as any non-MVDM boundary"
"softpc.new/base/inc/config.h"	"408"	"extern CHAR ptr_to_empty[];"	"extern-data-or-function-pointer declaration"	"selected-MVDM declaration; definition is a second-stage package-expansion obligation"	"definition/package BFS"	"ptr_to_empty"	""	"mvdm-host/softpc.new"	"softpc.new"	"resolve against this declaring package before treating as any non-MVDM boundary"
"softpc.new/base/inc/config.h"	"411"	"extern IS32 Npx_enabled;"	"extern-data-or-function-pointer declaration"	"selected-MVDM declaration; definition is a second-stage package-expansion obligation"	"definition/package BFS"	"Npx_enabled"	""	"mvdm-host/softpc.new"	"softpc.new"	"resolve against this declaring package before treating as any non-MVDM boundary"
"softpc.new/base/inc/config.h"	"415"	"extern IBOOL Config_has_been_edited;"	"extern-data-or-function-pointer declaration"	"selected-MVDM declaration; definition is a second-stage package-expansion obligation"	"definition/package BFS"	"Config_has_been_edited"	""	"mvdm-host/softpc.new"	"softpc.new"	"resolve against this declaring package before treating as any non-MVDM boundary"
"softpc.new/base/inc/cpu_vid.h"	"83"	"extern MODE_TABLE mode_table;"	"extern-data-or-function-pointer declaration"	"selected-MVDM declaration; definition is a second-stage package-expansion obligation"	"definition/package BFS"	"mode_table"	""	"mvdm-host/softpc.new"	"softpc.new"	"resolve against this declaring package before treating as any non-MVDM boundary"
"softpc.new/base/inc/cpu_vid.h"	"105"	"extern READ_POINTERS read_pointers;"	"extern-data-or-function-pointer declaration"	"selected-MVDM declaration; definition is a second-stage package-expansion obligation"	"definition/package BFS"	"read_pointers"	""	"mvdm-host/softpc.new"	"softpc.new"	"resolve against this declaring package before treating as any non-MVDM boundary"
"softpc.new/base/inc/cpu_vid.h"	"116"	"extern WRT_POINTERS Glue_writes;"	"extern-data-or-function-pointer declaration"	"selected-MVDM declaration; definition is a second-stage package-expansion obligation"	"definition/package BFS"	"Glue_writes"	""	"mvdm-host/softpc.new"	"softpc.new"	"resolve against this declaring package before treating as any non-MVDM boundary"
"softpc.new/base/inc/cpu_vid.h"	"122"	"extern MEM_HANDLERS Glue_writes;"	"extern-data-or-function-pointer declaration"	"selected-MVDM declaration; definition is a second-stage package-expansion obligation"	"definition/package BFS"	"Glue_writes"	""	"mvdm-host/softpc.new"	"softpc.new"	"resolve against this declaring package before treating as any non-MVDM boundary"
"softpc.new/base/inc/cpu_vid.h"	"128"	"extern WRT_POINTERS simple_writes;"	"extern-data-or-function-pointer declaration"	"selected-MVDM declaration; definition is a second-stage package-expansion obligation"	"definition/package BFS"	"simple_writes"	""	"mvdm-host/softpc.new"	"softpc.new"	"resolve against this declaring package before treating as any non-MVDM boundary"
"softpc.new/base/inc/cpu_vid.h"	"129"	"extern WRT_POINTERS dth_md0_writes, dth_md1_writes, dth_md2_writes, dth_md3_writes;"	"extern-data-or-function-pointer declaration"	"selected-MVDM declaration; definition is a second-stage package-expansion obligation"	"definition/package BFS"	"dth_md3_writes"	""	"mvdm-host/softpc.new"	"softpc.new"	"resolve against this declaring package before treating as any non-MVDM boundary"
"softpc.new/base/inc/cpu_vid.h"	"130"	"extern WRT_POINTERS ch2_md0, ch2_md1, ch2_md2, ch2_md3, ch2_mdcopy;"	"extern-data-or-function-pointer declaration"	"selected-MVDM declaration; definition is a second-stage package-expansion obligation"	"definition/package BFS"	"ch2_mdcopy"	""	"mvdm-host/softpc.new"	"softpc.new"	"resolve against this declaring package before treating as any non-MVDM boundary"
"softpc.new/base/inc/cpu_vid.h"	"132"	"extern READ_POINTERS Glue_reads;"	"extern-data-or-function-pointer declaration"	"selected-MVDM declaration; definition is a second-stage package-expansion obligation"	"definition/package BFS"	"Glue_reads"	""	"mvdm-host/softpc.new"	"softpc.new"	"resolve against this declaring package before treating as any non-MVDM boundary"
"softpc.new/base/inc/cpu_vid.h"	"134"	"extern READ_POINTERS simple_reads, pointers_RAM_off;"	"extern-data-or-function-pointer declaration"	"selected-MVDM declaration; definition is a second-stage package-expansion obligation"	"definition/package BFS"	"pointers_RAM_off"	""	"mvdm-host/softpc.new"	"softpc.new"	"resolve against this declaring package before treating as any non-MVDM boundary"
"softpc.new/base/inc/cpu_vid.h"	"135"	"extern READ_POINTERS pointers_mode0_nch, pointers_mode0_ch4, pointers_mode0_ch2;"	"extern-data-or-function-pointer declaration"	"selected-MVDM declaration; definition is a second-stage package-expansion obligation"	"definition/package BFS"	"pointers_mode0_ch2"	""	"mvdm-host/softpc.new"	"softpc.new"	"resolve against this declaring package before treating as any non-MVDM boundary"
"softpc.new/base/inc/cpu_vid.h"	"136"	"extern READ_POINTERS pointers_mode1_nch, pointers_mode1_ch4, pointers_mode1_ch2;"	"extern-data-or-function-pointer declaration"	"selected-MVDM declaration; definition is a second-stage package-expansion obligation"	"definition/package BFS"	"pointers_mode1_ch2"	""	"mvdm-host/softpc.new"	"softpc.new"	"resolve against this declaring package before treating as any non-MVDM boundary"
"softpc.new/base/inc/cpu.h"	"35"	"extern  word            cpu_interrupt_map;"	"extern-data-or-function-pointer declaration"	"selected-MVDM declaration; definition is a second-stage package-expansion obligation"	"definition/package BFS"	"cpu_interrupt_map"	""	"mvdm-host/softpc.new"	"softpc.new"	"resolve against this declaring package before treating as any non-MVDM boundary"
"softpc.new/base/inc/cpu.h"	"36"	"extern  half_word       cpu_int_translate[];"	"extern-data-or-function-pointer declaration"	"selected-MVDM declaration; definition is a second-stage package-expansion obligation"	"definition/package BFS"	"cpu_int_translate"	""	"mvdm-host/softpc.new"	"softpc.new"	"resolve against this declaring package before treating as any non-MVDM boundary"
"softpc.new/base/inc/cpu.h"	"37"	"extern  word            cpu_int_delay;"	"extern-data-or-function-pointer declaration"	"selected-MVDM declaration; definition is a second-stage package-expansion obligation"	"definition/package BFS"	"cpu_int_delay"	""	"mvdm-host/softpc.new"	"softpc.new"	"resolve against this declaring package before treating as any non-MVDM boundary"
"softpc.new/base/inc/cpu.h"	"38"	"extern  half_word       ica_lock;"	"extern-data-or-function-pointer declaration"	"selected-MVDM declaration; definition is a second-stage package-expansion obligation"	"definition/package BFS"	"ica_lock"	""	"mvdm-host/softpc.new"	"softpc.new"	"resolve against this declaring package before treating as any non-MVDM boundary"
"softpc.new/base/inc/cpu.h"	"46"	"extern  half_word       *haddr_of_src_string;"	"extern-data-or-function-pointer declaration"	"selected-MVDM declaration; definition is a second-stage package-expansion obligation"	"definition/package BFS"	"haddr_of_src_string"	""	"mvdm-host/softpc.new"	"softpc.new"	"resolve against this declaring package before treating as any non-MVDM boundary"
"softpc.new/base/inc/cpu.h"	"963"	"extern	word protected_mode;   /* =0 no proteced mode warning given"	"extern-data-or-function-pointer declaration"	"selected-MVDM declaration; definition is a second-stage package-expansion obligation"	"definition/package BFS"	""	""	"mvdm-host/softpc.new"	"softpc.new"	"resolve against this declaring package before treating as any non-MVDM boundary"
"softpc.new/base/inc/cpu.h"	"965"	"extern  word            cpu_interrupt_map;"	"extern-data-or-function-pointer declaration"	"selected-MVDM declaration; definition is a second-stage package-expansion obligation"	"definition/package BFS"	"cpu_interrupt_map"	""	"mvdm-host/softpc.new"	"softpc.new"	"resolve against this declaring package before treating as any non-MVDM boundary"
"softpc.new/base/inc/cpu.h"	"966"	"extern  half_word       cpu_int_translate[];"	"extern-data-or-function-pointer declaration"	"selected-MVDM declaration; definition is a second-stage package-expansion obligation"	"definition/package BFS"	"cpu_int_translate"	""	"mvdm-host/softpc.new"	"softpc.new"	"resolve against this declaring package before treating as any non-MVDM boundary"
"softpc.new/base/inc/cpu.h"	"967"	"extern  word            cpu_int_delay;"	"extern-data-or-function-pointer declaration"	"selected-MVDM declaration; definition is a second-stage package-expansion obligation"	"definition/package BFS"	"cpu_int_delay"	""	"mvdm-host/softpc.new"	"softpc.new"	"resolve against this declaring package before treating as any non-MVDM boundary"
"softpc.new/base/inc/cpu.h"	"968"	"extern  half_word       ica_lock;"	"extern-data-or-function-pointer declaration"	"selected-MVDM declaration; definition is a second-stage package-expansion obligation"	"definition/package BFS"	"ica_lock"	""	"mvdm-host/softpc.new"	"softpc.new"	"resolve against this declaring package before treating as any non-MVDM boundary"
"softpc.new/base/inc/cpu.h"	"983"	"extern  half_word       *haddr_of_src_string;"	"extern-data-or-function-pointer declaration"	"selected-MVDM declaration; definition is a second-stage package-expansion obligation"	"definition/package BFS"	"haddr_of_src_string"	""	"mvdm-host/softpc.new"	"softpc.new"	"resolve against this declaring package before treating as any non-MVDM boundary"
"softpc.new/base/inc/cpu.h"	"1049"	"extern OPCODE_FRAME *opcode_frame;	/* C CPU and dasm only		    */"	"extern-data-or-function-pointer declaration"	"selected-MVDM declaration; definition is a second-stage package-expansion obligation"	"definition/package BFS"	""	""	"mvdm-host/softpc.new"	"softpc.new"	"resolve against this declaring package before treating as any non-MVDM boundary"
"softpc.new/base/inc/cpu.h"	"1055"	"extern reg A;           /* Accumulator          */"	"extern-data-or-function-pointer declaration"	"selected-MVDM declaration; definition is a second-stage package-expansion obligation"	"definition/package BFS"	""	""	"mvdm-host/softpc.new"	"softpc.new"	"resolve against this declaring package before treating as any non-MVDM boundary"
"softpc.new/base/inc/cpu.h"	"1056"	"extern reg B;           /* Base                 */"	"extern-data-or-function-pointer declaration"	"selected-MVDM declaration; definition is a second-stage package-expansion obligation"	"definition/package BFS"	""	""	"mvdm-host/softpc.new"	"softpc.new"	"resolve against this declaring package before treating as any non-MVDM boundary"
"softpc.new/base/inc/cpu.h"	"1057"	"extern reg C;           /* Count                */"	"extern-data-or-function-pointer declaration"	"selected-MVDM declaration; definition is a second-stage package-expansion obligation"	"definition/package BFS"	""	""	"mvdm-host/softpc.new"	"softpc.new"	"resolve against this declaring package before treating as any non-MVDM boundary"
"softpc.new/base/inc/cpu.h"	"1058"	"extern reg D;           /* Data                 */"	"extern-data-or-function-pointer declaration"	"selected-MVDM declaration; definition is a second-stage package-expansion obligation"	"definition/package BFS"	""	""	"mvdm-host/softpc.new"	"softpc.new"	"resolve against this declaring package before treating as any non-MVDM boundary"
"softpc.new/base/inc/cpu.h"	"1059"	"extern reg SP;          /* Stack Pointer        */"	"extern-data-or-function-pointer declaration"	"selected-MVDM declaration; definition is a second-stage package-expansion obligation"	"definition/package BFS"	""	""	"mvdm-host/softpc.new"	"softpc.new"	"resolve against this declaring package before treating as any non-MVDM boundary"
"softpc.new/base/inc/cpu.h"	"1060"	"extern reg BP;          /* Base pointer         */"	"extern-data-or-function-pointer declaration"	"selected-MVDM declaration; definition is a second-stage package-expansion obligation"	"definition/package BFS"	""	""	"mvdm-host/softpc.new"	"softpc.new"	"resolve against this declaring package before treating as any non-MVDM boundary"
"softpc.new/base/inc/cpu.h"	"1061"	"extern reg SI;          /* Source Index         */"	"extern-data-or-function-pointer declaration"	"selected-MVDM declaration; definition is a second-stage package-expansion obligation"	"definition/package BFS"	""	""	"mvdm-host/softpc.new"	"softpc.new"	"resolve against this declaring package before treating as any non-MVDM boundary"
"softpc.new/base/inc/cpu.h"	"1062"	"extern reg DI;          /* Destination Index    */"	"extern-data-or-function-pointer declaration"	"selected-MVDM declaration; definition is a second-stage package-expansion obligation"	"definition/package BFS"	""	""	"mvdm-host/softpc.new"	"softpc.new"	"resolve against this declaring package before treating as any non-MVDM boundary"
"softpc.new/base/inc/cpu.h"	"1063"	"extern reg IP;          /* Instruction Pointer  */"	"extern-data-or-function-pointer declaration"	"selected-MVDM declaration; definition is a second-stage package-expansion obligation"	"definition/package BFS"	""	""	"mvdm-host/softpc.new"	"softpc.new"	"resolve against this declaring package before treating as any non-MVDM boundary"
"softpc.new/base/inc/cpu.h"	"1064"	"extern reg CS;          /* Code Segment         */"	"extern-data-or-function-pointer declaration"	"selected-MVDM declaration; definition is a second-stage package-expansion obligation"	"definition/package BFS"	""	""	"mvdm-host/softpc.new"	"softpc.new"	"resolve against this declaring package before treating as any non-MVDM boundary"
"softpc.new/base/inc/cpu.h"	"1065"	"extern reg DS;          /* Data Segment         */"	"extern-data-or-function-pointer declaration"	"selected-MVDM declaration; definition is a second-stage package-expansion obligation"	"definition/package BFS"	""	""	"mvdm-host/softpc.new"	"softpc.new"	"resolve against this declaring package before treating as any non-MVDM boundary"
"softpc.new/base/inc/cpu.h"	"1066"	"extern reg SS;          /* Stack Segment        */"	"extern-data-or-function-pointer declaration"	"selected-MVDM declaration; definition is a second-stage package-expansion obligation"	"definition/package BFS"	""	""	"mvdm-host/softpc.new"	"softpc.new"	"resolve against this declaring package before treating as any non-MVDM boundary"
"softpc.new/base/inc/cpu.h"	"1067"	"extern reg ES;          /* Extra Segment        */"	"extern-data-or-function-pointer declaration"	"selected-MVDM declaration; definition is a second-stage package-expansion obligation"	"definition/package BFS"	""	""	"mvdm-host/softpc.new"	"softpc.new"	"resolve against this declaring package before treating as any non-MVDM boundary"
"softpc.new/base/inc/cpu.h"	"1177"	"extern half_word CS_AR;"	"extern-data-or-function-pointer declaration"	"selected-MVDM declaration; definition is a second-stage package-expansion obligation"	"definition/package BFS"	"CS_AR"	""	"mvdm-host/softpc.new"	"softpc.new"	"resolve against this declaring package before treating as any non-MVDM boundary"
"softpc.new/base/inc/cpu.h"	"1178"	"extern sys_addr  CS_base;"	"extern-data-or-function-pointer declaration"	"selected-MVDM declaration; definition is a second-stage package-expansion obligation"	"definition/package BFS"	"CS_base"	""	"mvdm-host/softpc.new"	"softpc.new"	"resolve against this declaring package before treating as any non-MVDM boundary"
"softpc.new/base/inc/cpu.h"	"1179"	"extern word      CS_limit;"	"extern-data-or-function-pointer declaration"	"selected-MVDM declaration; definition is a second-stage package-expansion obligation"	"definition/package BFS"	"CS_limit"	""	"mvdm-host/softpc.new"	"softpc.new"	"resolve against this declaring package before treating as any non-MVDM boundary"
"softpc.new/base/inc/cpu.h"	"1182"	"extern half_word DS_AR;"	"extern-data-or-function-pointer declaration"	"selected-MVDM declaration; definition is a second-stage package-expansion obligation"	"definition/package BFS"	"DS_AR"	""	"mvdm-host/softpc.new"	"softpc.new"	"resolve against this declaring package before treating as any non-MVDM boundary"
"softpc.new/base/inc/cpu.h"	"1183"	"extern sys_addr  DS_base;"	"extern-data-or-function-pointer declaration"	"selected-MVDM declaration; definition is a second-stage package-expansion obligation"	"definition/package BFS"	"DS_base"	""	"mvdm-host/softpc.new"	"softpc.new"	"resolve against this declaring package before treating as any non-MVDM boundary"
"softpc.new/base/inc/cpu.h"	"1184"	"extern word      DS_limit;"	"extern-data-or-function-pointer declaration"	"selected-MVDM declaration; definition is a second-stage package-expansion obligation"	"definition/package BFS"	"DS_limit"	""	"mvdm-host/softpc.new"	"softpc.new"	"resolve against this declaring package before treating as any non-MVDM boundary"
"softpc.new/base/inc/cpu.h"	"1187"	"extern half_word SS_AR;"	"extern-data-or-function-pointer declaration"	"selected-MVDM declaration; definition is a second-stage package-expansion obligation"	"definition/package BFS"	"SS_AR"	""	"mvdm-host/softpc.new"	"softpc.new"	"resolve against this declaring package before treating as any non-MVDM boundary"
"softpc.new/base/inc/cpu.h"	"1188"	"extern sys_addr  SS_base;"	"extern-data-or-function-pointer declaration"	"selected-MVDM declaration; definition is a second-stage package-expansion obligation"	"definition/package BFS"	"SS_base"	""	"mvdm-host/softpc.new"	"softpc.new"	"resolve against this declaring package before treating as any non-MVDM boundary"
"softpc.new/base/inc/cpu.h"	"1189"	"extern word      SS_limit;"	"extern-data-or-function-pointer declaration"	"selected-MVDM declaration; definition is a second-stage package-expansion obligation"	"definition/package BFS"	"SS_limit"	""	"mvdm-host/softpc.new"	"softpc.new"	"resolve against this declaring package before treating as any non-MVDM boundary"
"softpc.new/base/inc/cpu.h"	"1192"	"extern half_word ES_AR;"	"extern-data-or-function-pointer declaration"	"selected-MVDM declaration; definition is a second-stage package-expansion obligation"	"definition/package BFS"	"ES_AR"	""	"mvdm-host/softpc.new"	"softpc.new"	"resolve against this declaring package before treating as any non-MVDM boundary"
"softpc.new/base/inc/cpu.h"	"1193"	"extern sys_addr  ES_base;"	"extern-data-or-function-pointer declaration"	"selected-MVDM declaration; definition is a second-stage package-expansion obligation"	"definition/package BFS"	"ES_base"	""	"mvdm-host/softpc.new"	"softpc.new"	"resolve against this declaring package before treating as any non-MVDM boundary"
"softpc.new/base/inc/cpu.h"	"1194"	"extern word      ES_limit;"	"extern-data-or-function-pointer declaration"	"selected-MVDM declaration; definition is a second-stage package-expansion obligation"	"definition/package BFS"	"ES_limit"	""	"mvdm-host/softpc.new"	"softpc.new"	"resolve against this declaring package before treating as any non-MVDM boundary"
"softpc.new/base/inc/cpu.h"	"1197"	"extern sys_addr LDTR_base;  /* Base Address */"	"extern-data-or-function-pointer declaration"	"selected-MVDM declaration; definition is a second-stage package-expansion obligation"	"definition/package BFS"	""	""	"mvdm-host/softpc.new"	"softpc.new"	"resolve against this declaring package before treating as any non-MVDM boundary"
"softpc.new/base/inc/cpu.h"	"1198"	"extern word     LDTR_limit; /* Segment 'size' */"	"extern-data-or-function-pointer declaration"	"selected-MVDM declaration; definition is a second-stage package-expansion obligation"	"definition/package BFS"	""	""	"mvdm-host/softpc.new"	"softpc.new"	"resolve against this declaring package before treating as any non-MVDM boundary"
"softpc.new/base/inc/cpu.h"	"1201"	"extern sys_addr TR_base;  /* Base Address */"	"extern-data-or-function-pointer declaration"	"selected-MVDM declaration; definition is a second-stage package-expansion obligation"	"definition/package BFS"	""	""	"mvdm-host/softpc.new"	"softpc.new"	"resolve against this declaring package before treating as any non-MVDM boundary"
"softpc.new/base/inc/cpu.h"	"1202"	"extern word     TR_limit; /* Segment 'size' */"	"extern-data-or-function-pointer declaration"	"selected-MVDM declaration; definition is a second-stage package-expansion obligation"	"definition/package BFS"	""	""	"mvdm-host/softpc.new"	"softpc.new"	"resolve against this declaring package before treating as any non-MVDM boundary"
"softpc.new/base/inc/cpu.h"	"1205"	"extern int doing_contributory;"	"extern-data-or-function-pointer declaration"	"selected-MVDM declaration; definition is a second-stage package-expansion obligation"	"definition/package BFS"	"doing_contributory"	""	"mvdm-host/softpc.new"	"softpc.new"	"resolve against this declaring package before treating as any non-MVDM boundary"
"softpc.new/base/inc/cpu.h"	"1206"	"extern int doing_double_fault;"	"extern-data-or-function-pointer declaration"	"selected-MVDM declaration; definition is a second-stage package-expansion obligation"	"definition/package BFS"	"doing_double_fault"	""	"mvdm-host/softpc.new"	"softpc.new"	"resolve against this declaring package before treating as any non-MVDM boundary"
"softpc.new/base/inc/cpu.h"	"1209"	"extern int ALC_CS;"	"extern-data-or-function-pointer declaration"	"selected-MVDM declaration; definition is a second-stage package-expansion obligation"	"definition/package BFS"	"ALC_CS"	""	"mvdm-host/softpc.new"	"softpc.new"	"resolve against this declaring package before treating as any non-MVDM boundary"
"softpc.new/base/inc/cpu.h"	"1210"	"extern int ALC_DS;"	"extern-data-or-function-pointer declaration"	"selected-MVDM declaration; definition is a second-stage package-expansion obligation"	"definition/package BFS"	"ALC_DS"	""	"mvdm-host/softpc.new"	"softpc.new"	"resolve against this declaring package before treating as any non-MVDM boundary"
"softpc.new/base/inc/cpu.h"	"1211"	"extern int ALC_ES;"	"extern-data-or-function-pointer declaration"	"selected-MVDM declaration; definition is a second-stage package-expansion obligation"	"definition/package BFS"	"ALC_ES"	""	"mvdm-host/softpc.new"	"softpc.new"	"resolve against this declaring package before treating as any non-MVDM boundary"
"softpc.new/base/inc/cpu.h"	"1212"	"extern int ALC_SS;"	"extern-data-or-function-pointer declaration"	"selected-MVDM declaration; definition is a second-stage package-expansion obligation"	"definition/package BFS"	"ALC_SS"	""	"mvdm-host/softpc.new"	"softpc.new"	"resolve against this declaring package before treating as any non-MVDM boundary"
"softpc.new/base/inc/cpu.h"	"1302"	"extern sys_addr address_line_mask;"	"extern-data-or-function-pointer declaration"	"selected-MVDM declaration; definition is a second-stage package-expansion obligation"	"definition/package BFS"	"address_line_mask"	""	"mvdm-host/softpc.new"	"softpc.new"	"resolve against this declaring package before treating as any non-MVDM boundary"
"softpc.new/base/inc/cpu.h"	"1304"	"extern int       CPL;   /* Current Privilege Level */"	"extern-data-or-function-pointer declaration"	"selected-MVDM declaration; definition is a second-stage package-expansion obligation"	"definition/package BFS"	""	""	"mvdm-host/softpc.new"	"softpc.new"	"resolve against this declaring package before treating as any non-MVDM boundary"
"softpc.new/base/inc/cpu.h"	"1307"	"extern sys_addr GDTR_base;  /* Base Address */"	"extern-data-or-function-pointer declaration"	"selected-MVDM declaration; definition is a second-stage package-expansion obligation"	"definition/package BFS"	""	""	"mvdm-host/softpc.new"	"softpc.new"	"resolve against this declaring package before treating as any non-MVDM boundary"
"softpc.new/base/inc/cpu.h"	"1308"	"extern word     GDTR_limit; /* Segment 'size' */"	"extern-data-or-function-pointer declaration"	"selected-MVDM declaration; definition is a second-stage package-expansion obligation"	"definition/package BFS"	""	""	"mvdm-host/softpc.new"	"softpc.new"	"resolve against this declaring package before treating as any non-MVDM boundary"
"softpc.new/base/inc/cpu.h"	"1311"	"extern sys_addr IDTR_base;  /* Base Address */"	"extern-data-or-function-pointer declaration"	"selected-MVDM declaration; definition is a second-stage package-expansion obligation"	"definition/package BFS"	""	""	"mvdm-host/softpc.new"	"softpc.new"	"resolve against this declaring package before treating as any non-MVDM boundary"
"softpc.new/base/inc/cpu.h"	"1312"	"extern word     IDTR_limit; /* Segment 'size' */"	"extern-data-or-function-pointer declaration"	"selected-MVDM declaration; definition is a second-stage package-expansion obligation"	"definition/package BFS"	""	""	"mvdm-host/softpc.new"	"softpc.new"	"resolve against this declaring package before treating as any non-MVDM boundary"
"softpc.new/base/inc/cpu.h"	"1315"	"extern reg  LDTR;       /* Selector */"	"extern-data-or-function-pointer declaration"	"selected-MVDM declaration; definition is a second-stage package-expansion obligation"	"definition/package BFS"	""	""	"mvdm-host/softpc.new"	"softpc.new"	"resolve against this declaring package before treating as any non-MVDM boundary"
"softpc.new/base/inc/cpu.h"	"1318"	"extern reg  TR;       /* Selector */"	"extern-data-or-function-pointer declaration"	"selected-MVDM declaration; definition is a second-stage package-expansion obligation"	"definition/package BFS"	""	""	"mvdm-host/softpc.new"	"softpc.new"	"resolve against this declaring package before treating as any non-MVDM boundary"
"softpc.new/base/inc/cpu.h"	"1320"	"extern mreg MSW;     /* Machine Status Word */"	"extern-data-or-function-pointer declaration"	"selected-MVDM declaration; definition is a second-stage package-expansion obligation"	"definition/package BFS"	""	""	"mvdm-host/softpc.new"	"softpc.new"	"resolve against this declaring package before treating as any non-MVDM boundary"
"softpc.new/base/inc/cpu.h"	"1322"	"extern int STATUS_CF;"	"extern-data-or-function-pointer declaration"	"selected-MVDM declaration; definition is a second-stage package-expansion obligation"	"definition/package BFS"	"STATUS_CF"	""	"mvdm-host/softpc.new"	"softpc.new"	"resolve against this declaring package before treating as any non-MVDM boundary"
"softpc.new/base/inc/cpu.h"	"1323"	"extern int STATUS_SF;"	"extern-data-or-function-pointer declaration"	"selected-MVDM declaration; definition is a second-stage package-expansion obligation"	"definition/package BFS"	"STATUS_SF"	""	"mvdm-host/softpc.new"	"softpc.new"	"resolve against this declaring package before treating as any non-MVDM boundary"
"softpc.new/base/inc/cpu.h"	"1324"	"extern int STATUS_ZF;"	"extern-data-or-function-pointer declaration"	"selected-MVDM declaration; definition is a second-stage package-expansion obligation"	"definition/package BFS"	"STATUS_ZF"	""	"mvdm-host/softpc.new"	"softpc.new"	"resolve against this declaring package before treating as any non-MVDM boundary"
"softpc.new/base/inc/cpu.h"	"1325"	"extern int STATUS_AF;"	"extern-data-or-function-pointer declaration"	"selected-MVDM declaration; definition is a second-stage package-expansion obligation"	"definition/package BFS"	"STATUS_AF"	""	"mvdm-host/softpc.new"	"softpc.new"	"resolve against this declaring package before treating as any non-MVDM boundary"
"softpc.new/base/inc/cpu.h"	"1326"	"extern int STATUS_OF;"	"extern-data-or-function-pointer declaration"	"selected-MVDM declaration; definition is a second-stage package-expansion obligation"	"definition/package BFS"	"STATUS_OF"	""	"mvdm-host/softpc.new"	"softpc.new"	"resolve against this declaring package before treating as any non-MVDM boundary"
"softpc.new/base/inc/cpu.h"	"1327"	"extern int STATUS_PF;"	"extern-data-or-function-pointer declaration"	"selected-MVDM declaration; definition is a second-stage package-expansion obligation"	"definition/package BFS"	"STATUS_PF"	""	"mvdm-host/softpc.new"	"softpc.new"	"resolve against this declaring package before treating as any non-MVDM boundary"
"softpc.new/base/inc/cpu.h"	"1328"	"extern int STATUS_TF;"	"extern-data-or-function-pointer declaration"	"selected-MVDM declaration; definition is a second-stage package-expansion obligation"	"definition/package BFS"	"STATUS_TF"	""	"mvdm-host/softpc.new"	"softpc.new"	"resolve against this declaring package before treating as any non-MVDM boundary"
"softpc.new/base/inc/cpu.h"	"1329"	"extern int STATUS_IF;"	"extern-data-or-function-pointer declaration"	"selected-MVDM declaration; definition is a second-stage package-expansion obligation"	"definition/package BFS"	"STATUS_IF"	""	"mvdm-host/softpc.new"	"softpc.new"	"resolve against this declaring package before treating as any non-MVDM boundary"
"softpc.new/base/inc/cpu.h"	"1330"	"extern int STATUS_DF;"	"extern-data-or-function-pointer declaration"	"selected-MVDM declaration; definition is a second-stage package-expansion obligation"	"definition/package BFS"	"STATUS_DF"	""	"mvdm-host/softpc.new"	"softpc.new"	"resolve against this declaring package before treating as any non-MVDM boundary"
"softpc.new/base/inc/cpu.h"	"1331"	"extern int STATUS_NT;"	"extern-data-or-function-pointer declaration"	"selected-MVDM declaration; definition is a second-stage package-expansion obligation"	"definition/package BFS"	"STATUS_NT"	""	"mvdm-host/softpc.new"	"softpc.new"	"resolve against this declaring package before treating as any non-MVDM boundary"
"softpc.new/base/inc/cpu.h"	"1332"	"extern int STATUS_IOPL;"	"extern-data-or-function-pointer declaration"	"selected-MVDM declaration; definition is a second-stage package-expansion obligation"	"definition/package BFS"	"STATUS_IOPL"	""	"mvdm-host/softpc.new"	"softpc.new"	"resolve against this declaring package before treating as any non-MVDM boundary"
"softpc.new/base/inc/cpu2.h"	"31"	"extern	word protected_mode;   /* =0 no proteced mode warning given"	"extern-data-or-function-pointer declaration"	"selected-MVDM declaration; definition is a second-stage package-expansion obligation"	"definition/package BFS"	""	""	"mvdm-host/softpc.new"	"softpc.new"	"resolve against this declaring package before treating as any non-MVDM boundary"
"softpc.new/base/inc/cpu2.h"	"33"	"extern  word            cpu_interrupt_map;"	"extern-data-or-function-pointer declaration"	"selected-MVDM declaration; definition is a second-stage package-expansion obligation"	"definition/package BFS"	"cpu_interrupt_map"	""	"mvdm-host/softpc.new"	"softpc.new"	"resolve against this declaring package before treating as any non-MVDM boundary"
"softpc.new/base/inc/cpu2.h"	"34"	"extern  half_word       cpu_int_translate[];"	"extern-data-or-function-pointer declaration"	"selected-MVDM declaration; definition is a second-stage package-expansion obligation"	"definition/package BFS"	"cpu_int_translate"	""	"mvdm-host/softpc.new"	"softpc.new"	"resolve against this declaring package before treating as any non-MVDM boundary"
"softpc.new/base/inc/cpu2.h"	"35"	"extern  word            cpu_int_delay;"	"extern-data-or-function-pointer declaration"	"selected-MVDM declaration; definition is a second-stage package-expansion obligation"	"definition/package BFS"	"cpu_int_delay"	""	"mvdm-host/softpc.new"	"softpc.new"	"resolve against this declaring package before treating as any non-MVDM boundary"
"softpc.new/base/inc/cpu2.h"	"36"	"extern  half_word       ica_lock;"	"extern-data-or-function-pointer declaration"	"selected-MVDM declaration; definition is a second-stage package-expansion obligation"	"definition/package BFS"	"ica_lock"	""	"mvdm-host/softpc.new"	"softpc.new"	"resolve against this declaring package before treating as any non-MVDM boundary"
"softpc.new/base/inc/cpu2.h"	"51"	"extern  half_word       *haddr_of_src_string;"	"extern-data-or-function-pointer declaration"	"selected-MVDM declaration; definition is a second-stage package-expansion obligation"	"definition/package BFS"	"haddr_of_src_string"	""	"mvdm-host/softpc.new"	"softpc.new"	"resolve against this declaring package before treating as any non-MVDM boundary"
"softpc.new/base/inc/cpu2.h"	"117"	"extern OPCODE_FRAME *opcode_frame;	/* C CPU and dasm only		    */"	"extern-data-or-function-pointer declaration"	"selected-MVDM declaration; definition is a second-stage package-expansion obligation"	"definition/package BFS"	""	""	"mvdm-host/softpc.new"	"softpc.new"	"resolve against this declaring package before treating as any non-MVDM boundary"
"softpc.new/base/inc/cpu2.h"	"123"	"extern reg A;           /* Accumulator          */"	"extern-data-or-function-pointer declaration"	"selected-MVDM declaration; definition is a second-stage package-expansion obligation"	"definition/package BFS"	""	""	"mvdm-host/softpc.new"	"softpc.new"	"resolve against this declaring package before treating as any non-MVDM boundary"
"softpc.new/base/inc/cpu2.h"	"124"	"extern reg B;           /* Base                 */"	"extern-data-or-function-pointer declaration"	"selected-MVDM declaration; definition is a second-stage package-expansion obligation"	"definition/package BFS"	""	""	"mvdm-host/softpc.new"	"softpc.new"	"resolve against this declaring package before treating as any non-MVDM boundary"
"softpc.new/base/inc/cpu2.h"	"125"	"extern reg C;           /* Count                */"	"extern-data-or-function-pointer declaration"	"selected-MVDM declaration; definition is a second-stage package-expansion obligation"	"definition/package BFS"	""	""	"mvdm-host/softpc.new"	"softpc.new"	"resolve against this declaring package before treating as any non-MVDM boundary"
"softpc.new/base/inc/cpu2.h"	"126"	"extern reg D;           /* Data                 */"	"extern-data-or-function-pointer declaration"	"selected-MVDM declaration; definition is a second-stage package-expansion obligation"	"definition/package BFS"	""	""	"mvdm-host/softpc.new"	"softpc.new"	"resolve against this declaring package before treating as any non-MVDM boundary"
"softpc.new/base/inc/cpu2.h"	"127"	"extern reg SP;          /* Stack Pointer        */"	"extern-data-or-function-pointer declaration"	"selected-MVDM declaration; definition is a second-stage package-expansion obligation"	"definition/package BFS"	""	""	"mvdm-host/softpc.new"	"softpc.new"	"resolve against this declaring package before treating as any non-MVDM boundary"
"softpc.new/base/inc/cpu2.h"	"128"	"extern reg BP;          /* Base pointer         */"	"extern-data-or-function-pointer declaration"	"selected-MVDM declaration; definition is a second-stage package-expansion obligation"	"definition/package BFS"	""	""	"mvdm-host/softpc.new"	"softpc.new"	"resolve against this declaring package before treating as any non-MVDM boundary"
"softpc.new/base/inc/cpu2.h"	"129"	"extern reg SI;          /* Source Index         */"	"extern-data-or-function-pointer declaration"	"selected-MVDM declaration; definition is a second-stage package-expansion obligation"	"definition/package BFS"	""	""	"mvdm-host/softpc.new"	"softpc.new"	"resolve against this declaring package before treating as any non-MVDM boundary"
"softpc.new/base/inc/cpu2.h"	"130"	"extern reg DI;          /* Destination Index    */"	"extern-data-or-function-pointer declaration"	"selected-MVDM declaration; definition is a second-stage package-expansion obligation"	"definition/package BFS"	""	""	"mvdm-host/softpc.new"	"softpc.new"	"resolve against this declaring package before treating as any non-MVDM boundary"
"softpc.new/base/inc/cpu2.h"	"131"	"extern reg IP;          /* Instruction Pointer  */"	"extern-data-or-function-pointer declaration"	"selected-MVDM declaration; definition is a second-stage package-expansion obligation"	"definition/package BFS"	""	""	"mvdm-host/softpc.new"	"softpc.new"	"resolve against this declaring package before treating as any non-MVDM boundary"
"softpc.new/base/inc/cpu2.h"	"132"	"extern reg CS;          /* Code Segment         */"	"extern-data-or-function-pointer declaration"	"selected-MVDM declaration; definition is a second-stage package-expansion obligation"	"definition/package BFS"	""	""	"mvdm-host/softpc.new"	"softpc.new"	"resolve against this declaring package before treating as any non-MVDM boundary"
"softpc.new/base/inc/cpu2.h"	"133"	"extern reg DS;          /* Data Segment         */"	"extern-data-or-function-pointer declaration"	"selected-MVDM declaration; definition is a second-stage package-expansion obligation"	"definition/package BFS"	""	""	"mvdm-host/softpc.new"	"softpc.new"	"resolve against this declaring package before treating as any non-MVDM boundary"
"softpc.new/base/inc/cpu2.h"	"134"	"extern reg SS;          /* Stack Segment        */"	"extern-data-or-function-pointer declaration"	"selected-MVDM declaration; definition is a second-stage package-expansion obligation"	"definition/package BFS"	""	""	"mvdm-host/softpc.new"	"softpc.new"	"resolve against this declaring package before treating as any non-MVDM boundary"
"softpc.new/base/inc/cpu2.h"	"135"	"extern reg ES;          /* Extra Segment        */"	"extern-data-or-function-pointer declaration"	"selected-MVDM declaration; definition is a second-stage package-expansion obligation"	"definition/package BFS"	""	""	"mvdm-host/softpc.new"	"softpc.new"	"resolve against this declaring package before treating as any non-MVDM boundary"
"softpc.new/base/inc/cpu2.h"	"245"	"extern half_word CS_AR;"	"extern-data-or-function-pointer declaration"	"selected-MVDM declaration; definition is a second-stage package-expansion obligation"	"definition/package BFS"	"CS_AR"	""	"mvdm-host/softpc.new"	"softpc.new"	"resolve against this declaring package before treating as any non-MVDM boundary"
"softpc.new/base/inc/cpu2.h"	"246"	"extern sys_addr  CS_base;"	"extern-data-or-function-pointer declaration"	"selected-MVDM declaration; definition is a second-stage package-expansion obligation"	"definition/package BFS"	"CS_base"	""	"mvdm-host/softpc.new"	"softpc.new"	"resolve against this declaring package before treating as any non-MVDM boundary"
"softpc.new/base/inc/cpu2.h"	"247"	"extern word      CS_limit;"	"extern-data-or-function-pointer declaration"	"selected-MVDM declaration; definition is a second-stage package-expansion obligation"	"definition/package BFS"	"CS_limit"	""	"mvdm-host/softpc.new"	"softpc.new"	"resolve against this declaring package before treating as any non-MVDM boundary"
"softpc.new/base/inc/cpu2.h"	"250"	"extern half_word DS_AR;"	"extern-data-or-function-pointer declaration"	"selected-MVDM declaration; definition is a second-stage package-expansion obligation"	"definition/package BFS"	"DS_AR"	""	"mvdm-host/softpc.new"	"softpc.new"	"resolve against this declaring package before treating as any non-MVDM boundary"
"softpc.new/base/inc/cpu2.h"	"251"	"extern sys_addr  DS_base;"	"extern-data-or-function-pointer declaration"	"selected-MVDM declaration; definition is a second-stage package-expansion obligation"	"definition/package BFS"	"DS_base"	""	"mvdm-host/softpc.new"	"softpc.new"	"resolve against this declaring package before treating as any non-MVDM boundary"
"softpc.new/base/inc/cpu2.h"	"252"	"extern word      DS_limit;"	"extern-data-or-function-pointer declaration"	"selected-MVDM declaration; definition is a second-stage package-expansion obligation"	"definition/package BFS"	"DS_limit"	""	"mvdm-host/softpc.new"	"softpc.new"	"resolve against this declaring package before treating as any non-MVDM boundary"
"softpc.new/base/inc/cpu2.h"	"255"	"extern half_word SS_AR;"	"extern-data-or-function-pointer declaration"	"selected-MVDM declaration; definition is a second-stage package-expansion obligation"	"definition/package BFS"	"SS_AR"	""	"mvdm-host/softpc.new"	"softpc.new"	"resolve against this declaring package before treating as any non-MVDM boundary"
"softpc.new/base/inc/cpu2.h"	"256"	"extern sys_addr  SS_base;"	"extern-data-or-function-pointer declaration"	"selected-MVDM declaration; definition is a second-stage package-expansion obligation"	"definition/package BFS"	"SS_base"	""	"mvdm-host/softpc.new"	"softpc.new"	"resolve against this declaring package before treating as any non-MVDM boundary"
"softpc.new/base/inc/cpu2.h"	"257"	"extern word      SS_limit;"	"extern-data-or-function-pointer declaration"	"selected-MVDM declaration; definition is a second-stage package-expansion obligation"	"definition/package BFS"	"SS_limit"	""	"mvdm-host/softpc.new"	"softpc.new"	"resolve against this declaring package before treating as any non-MVDM boundary"
"softpc.new/base/inc/cpu2.h"	"260"	"extern half_word ES_AR;"	"extern-data-or-function-pointer declaration"	"selected-MVDM declaration; definition is a second-stage package-expansion obligation"	"definition/package BFS"	"ES_AR"	""	"mvdm-host/softpc.new"	"softpc.new"	"resolve against this declaring package before treating as any non-MVDM boundary"
"softpc.new/base/inc/cpu2.h"	"261"	"extern sys_addr  ES_base;"	"extern-data-or-function-pointer declaration"	"selected-MVDM declaration; definition is a second-stage package-expansion obligation"	"definition/package BFS"	"ES_base"	""	"mvdm-host/softpc.new"	"softpc.new"	"resolve against this declaring package before treating as any non-MVDM boundary"
"softpc.new/base/inc/cpu2.h"	"262"	"extern word      ES_limit;"	"extern-data-or-function-pointer declaration"	"selected-MVDM declaration; definition is a second-stage package-expansion obligation"	"definition/package BFS"	"ES_limit"	""	"mvdm-host/softpc.new"	"softpc.new"	"resolve against this declaring package before treating as any non-MVDM boundary"
"softpc.new/base/inc/cpu2.h"	"265"	"extern sys_addr LDTR_base;  /* Base Address */"	"extern-data-or-function-pointer declaration"	"selected-MVDM declaration; definition is a second-stage package-expansion obligation"	"definition/package BFS"	""	""	"mvdm-host/softpc.new"	"softpc.new"	"resolve against this declaring package before treating as any non-MVDM boundary"
"softpc.new/base/inc/cpu2.h"	"266"	"extern word     LDTR_limit; /* Segment 'size' */"	"extern-data-or-function-pointer declaration"	"selected-MVDM declaration; definition is a second-stage package-expansion obligation"	"definition/package BFS"	""	""	"mvdm-host/softpc.new"	"softpc.new"	"resolve against this declaring package before treating as any non-MVDM boundary"
"softpc.new/base/inc/cpu2.h"	"269"	"extern sys_addr TR_base;  /* Base Address */"	"extern-data-or-function-pointer declaration"	"selected-MVDM declaration; definition is a second-stage package-expansion obligation"	"definition/package BFS"	""	""	"mvdm-host/softpc.new"	"softpc.new"	"resolve against this declaring package before treating as any non-MVDM boundary"
"softpc.new/base/inc/cpu2.h"	"270"	"extern word     TR_limit; /* Segment 'size' */"	"extern-data-or-function-pointer declaration"	"selected-MVDM declaration; definition is a second-stage package-expansion obligation"	"definition/package BFS"	""	""	"mvdm-host/softpc.new"	"softpc.new"	"resolve against this declaring package before treating as any non-MVDM boundary"
"softpc.new/base/inc/cpu2.h"	"273"	"extern int doing_contributory;"	"extern-data-or-function-pointer declaration"	"selected-MVDM declaration; definition is a second-stage package-expansion obligation"	"definition/package BFS"	"doing_contributory"	""	"mvdm-host/softpc.new"	"softpc.new"	"resolve against this declaring package before treating as any non-MVDM boundary"
"softpc.new/base/inc/cpu2.h"	"274"	"extern int doing_double_fault;"	"extern-data-or-function-pointer declaration"	"selected-MVDM declaration; definition is a second-stage package-expansion obligation"	"definition/package BFS"	"doing_double_fault"	""	"mvdm-host/softpc.new"	"softpc.new"	"resolve against this declaring package before treating as any non-MVDM boundary"
"softpc.new/base/inc/cpu2.h"	"277"	"extern int ALC_CS;"	"extern-data-or-function-pointer declaration"	"selected-MVDM declaration; definition is a second-stage package-expansion obligation"	"definition/package BFS"	"ALC_CS"	""	"mvdm-host/softpc.new"	"softpc.new"	"resolve against this declaring package before treating as any non-MVDM boundary"
"softpc.new/base/inc/cpu2.h"	"278"	"extern int ALC_DS;"	"extern-data-or-function-pointer declaration"	"selected-MVDM declaration; definition is a second-stage package-expansion obligation"	"definition/package BFS"	"ALC_DS"	""	"mvdm-host/softpc.new"	"softpc.new"	"resolve against this declaring package before treating as any non-MVDM boundary"
"softpc.new/base/inc/cpu2.h"	"279"	"extern int ALC_ES;"	"extern-data-or-function-pointer declaration"	"selected-MVDM declaration; definition is a second-stage package-expansion obligation"	"definition/package BFS"	"ALC_ES"	""	"mvdm-host/softpc.new"	"softpc.new"	"resolve against this declaring package before treating as any non-MVDM boundary"
"softpc.new/base/inc/cpu2.h"	"280"	"extern int ALC_SS;"	"extern-data-or-function-pointer declaration"	"selected-MVDM declaration; definition is a second-stage package-expansion obligation"	"definition/package BFS"	"ALC_SS"	""	"mvdm-host/softpc.new"	"softpc.new"	"resolve against this declaring package before treating as any non-MVDM boundary"
"softpc.new/base/inc/cpu2.h"	"370"	"extern sys_addr address_line_mask;"	"extern-data-or-function-pointer declaration"	"selected-MVDM declaration; definition is a second-stage package-expansion obligation"	"definition/package BFS"	"address_line_mask"	""	"mvdm-host/softpc.new"	"softpc.new"	"resolve against this declaring package before treating as any non-MVDM boundary"
"softpc.new/base/inc/cpu2.h"	"372"	"extern int       CPL;   /* Current Privilege Level */"	"extern-data-or-function-pointer declaration"	"selected-MVDM declaration; definition is a second-stage package-expansion obligation"	"definition/package BFS"	""	""	"mvdm-host/softpc.new"	"softpc.new"	"resolve against this declaring package before treating as any non-MVDM boundary"
"softpc.new/base/inc/cpu2.h"	"375"	"extern sys_addr GDTR_base;  /* Base Address */"	"extern-data-or-function-pointer declaration"	"selected-MVDM declaration; definition is a second-stage package-expansion obligation"	"definition/package BFS"	""	""	"mvdm-host/softpc.new"	"softpc.new"	"resolve against this declaring package before treating as any non-MVDM boundary"
"softpc.new/base/inc/cpu2.h"	"376"	"extern word     GDTR_limit; /* Segment 'size' */"	"extern-data-or-function-pointer declaration"	"selected-MVDM declaration; definition is a second-stage package-expansion obligation"	"definition/package BFS"	""	""	"mvdm-host/softpc.new"	"softpc.new"	"resolve against this declaring package before treating as any non-MVDM boundary"
"softpc.new/base/inc/cpu2.h"	"379"	"extern sys_addr IDTR_base;  /* Base Address */"	"extern-data-or-function-pointer declaration"	"selected-MVDM declaration; definition is a second-stage package-expansion obligation"	"definition/package BFS"	""	""	"mvdm-host/softpc.new"	"softpc.new"	"resolve against this declaring package before treating as any non-MVDM boundary"
"softpc.new/base/inc/cpu2.h"	"380"	"extern word     IDTR_limit; /* Segment 'size' */"	"extern-data-or-function-pointer declaration"	"selected-MVDM declaration; definition is a second-stage package-expansion obligation"	"definition/package BFS"	""	""	"mvdm-host/softpc.new"	"softpc.new"	"resolve against this declaring package before treating as any non-MVDM boundary"
"softpc.new/base/inc/cpu2.h"	"383"	"extern reg  LDTR;       /* Selector */"	"extern-data-or-function-pointer declaration"	"selected-MVDM declaration; definition is a second-stage package-expansion obligation"	"definition/package BFS"	""	""	"mvdm-host/softpc.new"	"softpc.new"	"resolve against this declaring package before treating as any non-MVDM boundary"
"softpc.new/base/inc/cpu2.h"	"386"	"extern reg  TR;       /* Selector */"	"extern-data-or-function-pointer declaration"	"selected-MVDM declaration; definition is a second-stage package-expansion obligation"	"definition/package BFS"	""	""	"mvdm-host/softpc.new"	"softpc.new"	"resolve against this declaring package before treating as any non-MVDM boundary"
"softpc.new/base/inc/cpu2.h"	"388"	"extern mreg MSW;     /* Machine Status Word */"	"extern-data-or-function-pointer declaration"	"selected-MVDM declaration; definition is a second-stage package-expansion obligation"	"definition/package BFS"	""	""	"mvdm-host/softpc.new"	"softpc.new"	"resolve against this declaring package before treating as any non-MVDM boundary"
"softpc.new/base/inc/cpu2.h"	"390"	"extern int STATUS_CF;"	"extern-data-or-function-pointer declaration"	"selected-MVDM declaration; definition is a second-stage package-expansion obligation"	"definition/package BFS"	"STATUS_CF"	""	"mvdm-host/softpc.new"	"softpc.new"	"resolve against this declaring package before treating as any non-MVDM boundary"
"softpc.new/base/inc/cpu2.h"	"391"	"extern int STATUS_SF;"	"extern-data-or-function-pointer declaration"	"selected-MVDM declaration; definition is a second-stage package-expansion obligation"	"definition/package BFS"	"STATUS_SF"	""	"mvdm-host/softpc.new"	"softpc.new"	"resolve against this declaring package before treating as any non-MVDM boundary"
"softpc.new/base/inc/cpu2.h"	"392"	"extern int STATUS_ZF;"	"extern-data-or-function-pointer declaration"	"selected-MVDM declaration; definition is a second-stage package-expansion obligation"	"definition/package BFS"	"STATUS_ZF"	""	"mvdm-host/softpc.new"	"softpc.new"	"resolve against this declaring package before treating as any non-MVDM boundary"
"softpc.new/base/inc/cpu2.h"	"393"	"extern int STATUS_AF;"	"extern-data-or-function-pointer declaration"	"selected-MVDM declaration; definition is a second-stage package-expansion obligation"	"definition/package BFS"	"STATUS_AF"	""	"mvdm-host/softpc.new"	"softpc.new"	"resolve against this declaring package before treating as any non-MVDM boundary"
"softpc.new/base/inc/cpu2.h"	"394"	"extern int STATUS_OF;"	"extern-data-or-function-pointer declaration"	"selected-MVDM declaration; definition is a second-stage package-expansion obligation"	"definition/package BFS"	"STATUS_OF"	""	"mvdm-host/softpc.new"	"softpc.new"	"resolve against this declaring package before treating as any non-MVDM boundary"
"softpc.new/base/inc/cpu2.h"	"395"	"extern int STATUS_PF;"	"extern-data-or-function-pointer declaration"	"selected-MVDM declaration; definition is a second-stage package-expansion obligation"	"definition/package BFS"	"STATUS_PF"	""	"mvdm-host/softpc.new"	"softpc.new"	"resolve against this declaring package before treating as any non-MVDM boundary"
"softpc.new/base/inc/cpu2.h"	"396"	"extern int STATUS_TF;"	"extern-data-or-function-pointer declaration"	"selected-MVDM declaration; definition is a second-stage package-expansion obligation"	"definition/package BFS"	"STATUS_TF"	""	"mvdm-host/softpc.new"	"softpc.new"	"resolve against this declaring package before treating as any non-MVDM boundary"
"softpc.new/base/inc/cpu2.h"	"397"	"extern int STATUS_IF;"	"extern-data-or-function-pointer declaration"	"selected-MVDM declaration; definition is a second-stage package-expansion obligation"	"definition/package BFS"	"STATUS_IF"	""	"mvdm-host/softpc.new"	"softpc.new"	"resolve against this declaring package before treating as any non-MVDM boundary"
"softpc.new/base/inc/cpu2.h"	"398"	"extern int STATUS_DF;"	"extern-data-or-function-pointer declaration"	"selected-MVDM declaration; definition is a second-stage package-expansion obligation"	"definition/package BFS"	"STATUS_DF"	""	"mvdm-host/softpc.new"	"softpc.new"	"resolve against this declaring package before treating as any non-MVDM boundary"
"softpc.new/base/inc/cpu2.h"	"399"	"extern int STATUS_NT;"	"extern-data-or-function-pointer declaration"	"selected-MVDM declaration; definition is a second-stage package-expansion obligation"	"definition/package BFS"	"STATUS_NT"	""	"mvdm-host/softpc.new"	"softpc.new"	"resolve against this declaring package before treating as any non-MVDM boundary"
"softpc.new/base/inc/cpu2.h"	"400"	"extern int STATUS_IOPL;"	"extern-data-or-function-pointer declaration"	"selected-MVDM declaration; definition is a second-stage package-expansion obligation"	"definition/package BFS"	"STATUS_IOPL"	""	"mvdm-host/softpc.new"	"softpc.new"	"resolve against this declaring package before treating as any non-MVDM boundary"
"softpc.new/base/inc/cpu3.h"	"33"	"extern  word            cpu_interrupt_map;"	"extern-data-or-function-pointer declaration"	"selected-MVDM declaration; definition is a second-stage package-expansion obligation"	"definition/package BFS"	"cpu_interrupt_map"	""	"mvdm-host/softpc.new"	"softpc.new"	"resolve against this declaring package before treating as any non-MVDM boundary"
"softpc.new/base/inc/cpu3.h"	"34"	"extern  half_word       cpu_int_translate[];"	"extern-data-or-function-pointer declaration"	"selected-MVDM declaration; definition is a second-stage package-expansion obligation"	"definition/package BFS"	"cpu_int_translate"	""	"mvdm-host/softpc.new"	"softpc.new"	"resolve against this declaring package before treating as any non-MVDM boundary"
"softpc.new/base/inc/cpu3.h"	"35"	"extern  word            cpu_int_delay;"	"extern-data-or-function-pointer declaration"	"selected-MVDM declaration; definition is a second-stage package-expansion obligation"	"definition/package BFS"	"cpu_int_delay"	""	"mvdm-host/softpc.new"	"softpc.new"	"resolve against this declaring package before treating as any non-MVDM boundary"
"softpc.new/base/inc/cpu3.h"	"36"	"extern  half_word       ica_lock;"	"extern-data-or-function-pointer declaration"	"selected-MVDM declaration; definition is a second-stage package-expansion obligation"	"definition/package BFS"	"ica_lock"	""	"mvdm-host/softpc.new"	"softpc.new"	"resolve against this declaring package before treating as any non-MVDM boundary"
"softpc.new/base/inc/cpu3.h"	"44"	"extern  half_word       *haddr_of_src_string;"	"extern-data-or-function-pointer declaration"	"selected-MVDM declaration; definition is a second-stage package-expansion obligation"	"definition/package BFS"	"haddr_of_src_string"	""	"mvdm-host/softpc.new"	"softpc.new"	"resolve against this declaring package before treating as any non-MVDM boundary"
"softpc.new/base/inc/egacpu.h"	"319"	"extern struct VideoVector C_Video;	/* in (generated) vglfunc.c */"	"extern-data-or-function-pointer declaration"	"selected-MVDM declaration; definition is a second-stage package-expansion obligation"	"definition/package BFS"	""	""	"mvdm-host/softpc.new"	"softpc.new"	"resolve against this declaring package before treating as any non-MVDM boundary"
"softpc.new/base/inc/egacpu.h"	"345"	"extern IU32 latchval;	/* used for following latch macros */"	"extern-data-or-function-pointer declaration"	"selected-MVDM declaration; definition is a second-stage package-expansion obligation"	"definition/package BFS"	""	""	"mvdm-host/softpc.new"	"softpc.new"	"resolve against this declaring package before treating as any non-MVDM boundary"
"softpc.new/base/inc/egagraph.h"	"62"	"extern PC_palette *DAC;			/* Size is `VGA_DAC_SIZE' */"	"extern-data-or-function-pointer declaration"	"selected-MVDM declaration; definition is a second-stage package-expansion obligation"	"definition/package BFS"	""	""	"mvdm-host/softpc.new"	"softpc.new"	"resolve against this declaring package before treating as any non-MVDM boundary"
"softpc.new/base/inc/egagraph.h"	"166"	"extern	char	mode_strings[][20];"	"extern-data-or-function-pointer declaration"	"selected-MVDM declaration; definition is a second-stage package-expansion obligation"	"definition/package BFS"	""	""	"mvdm-host/softpc.new"	"softpc.new"	"resolve against this declaring package before treating as any non-MVDM boundary"
"softpc.new/base/inc/egaports.h"	"40"	"extern int ega_int_enable;"	"extern-data-or-function-pointer declaration"	"selected-MVDM declaration; definition is a second-stage package-expansion obligation"	"definition/package BFS"	"ega_int_enable"	""	"mvdm-host/softpc.new"	"softpc.new"	"resolve against this declaring package before treating as any non-MVDM boundary"
"softpc.new/base/inc/egaports.h"	"42"	"extern byte *EGA_planes;"	"extern-data-or-function-pointer declaration"	"selected-MVDM declaration; definition is a second-stage package-expansion obligation"	"definition/package BFS"	"EGA_planes"	""	"mvdm-host/softpc.new"	"softpc.new"	"resolve against this declaring package before treating as any non-MVDM boundary"
"softpc.new/base/inc/fla.h"	"113"	"extern boolean fla_busy;"	"extern-data-or-function-pointer declaration"	"selected-MVDM declaration; definition is a second-stage package-expansion obligation"	"definition/package BFS"	"fla_busy"	""	"mvdm-host/softpc.new"	"softpc.new"	"resolve against this declaring package before treating as any non-MVDM boundary"
"softpc.new/base/inc/fla.h"	"114"	"extern boolean fla_ndma;"	"extern-data-or-function-pointer declaration"	"selected-MVDM declaration; definition is a second-stage package-expansion obligation"	"definition/package BFS"	"fla_ndma"	""	"mvdm-host/softpc.new"	"softpc.new"	"resolve against this declaring package before treating as any non-MVDM boundary"
"softpc.new/base/inc/floppy.h"	"579"	"extern word int15_seg, int15_off;"	"extern-data-or-function-pointer declaration"	"selected-MVDM declaration; definition is a second-stage package-expansion obligation"	"definition/package BFS"	"int15_off"	""	"mvdm-host/softpc.new"	"softpc.new"	"resolve against this declaring package before treating as any non-MVDM boundary"
"softpc.new/base/inc/floppy.h"	"580"	"extern word wait_int_seg, wait_int_off;"	"extern-data-or-function-pointer declaration"	"selected-MVDM declaration; definition is a second-stage package-expansion obligation"	"definition/package BFS"	"wait_int_off"	""	"mvdm-host/softpc.new"	"softpc.new"	"resolve against this declaring package before treating as any non-MVDM boundary"
"softpc.new/base/inc/floppy.h"	"581"	"extern word dr_type_seg, dr_type_off;"	"extern-data-or-function-pointer declaration"	"selected-MVDM declaration; definition is a second-stage package-expansion obligation"	"definition/package BFS"	"dr_type_off"	""	"mvdm-host/softpc.new"	"softpc.new"	"resolve against this declaring package before treating as any non-MVDM boundary"
"softpc.new/base/inc/floppy.h"	"582"	"extern sys_addr dr_type_addr;"	"extern-data-or-function-pointer declaration"	"selected-MVDM declaration; definition is a second-stage package-expansion obligation"	"definition/package BFS"	"dr_type_addr"	""	"mvdm-host/softpc.new"	"softpc.new"	"resolve against this declaring package before treating as any non-MVDM boundary"
"softpc.new/base/inc/ga_mark.h"	"56"	"extern MARK_POINTERS simple_marks, cga_marks, nch_marks, ch4_marks;"	"extern-data-or-function-pointer declaration"	"selected-MVDM declaration; definition is a second-stage package-expansion obligation"	"definition/package BFS"	"ch4_marks"	""	"mvdm-host/softpc.new"	"softpc.new"	"resolve against this declaring package before treating as any non-MVDM boundary"
"softpc.new/base/inc/gfx_upd.h"	"136"	"extern VIDEOFUNCS *working_video_funcs;"	"extern-data-or-function-pointer declaration"	"selected-MVDM declaration; definition is a second-stage package-expansion obligation"	"definition/package BFS"	"working_video_funcs"	""	"mvdm-host/softpc.new"	"softpc.new"	"resolve against this declaring package before treating as any non-MVDM boundary"
"softpc.new/base/inc/gfx_upd.h"	"227"	"extern UPDATE_ALG update_alg;"	"extern-data-or-function-pointer declaration"	"selected-MVDM declaration; definition is a second-stage package-expansion obligation"	"definition/package BFS"	"update_alg"	""	"mvdm-host/softpc.new"	"softpc.new"	"resolve against this declaring package before treating as any non-MVDM boundary"
"softpc.new/base/inc/gfx_upd.h"	"228"	"extern byte *video_copy;"	"extern-data-or-function-pointer declaration"	"selected-MVDM declaration; definition is a second-stage package-expansion obligation"	"definition/package BFS"	"video_copy"	""	"mvdm-host/softpc.new"	"softpc.new"	"resolve against this declaring package before treating as any non-MVDM boundary"
"softpc.new/base/inc/gfx_upd.h"	"229"	"extern MEM_HANDLERS vid_handlers;"	"extern-data-or-function-pointer declaration"	"selected-MVDM declaration; definition is a second-stage package-expansion obligation"	"definition/package BFS"	"vid_handlers"	""	"mvdm-host/softpc.new"	"softpc.new"	"resolve against this declaring package before treating as any non-MVDM boundary"
"softpc.new/base/inc/gvi.h"	"117"	"extern sys_addr gvi_pc_low_regen;"	"extern-data-or-function-pointer declaration"	"selected-MVDM declaration; definition is a second-stage package-expansion obligation"	"definition/package BFS"	"gvi_pc_low_regen"	""	"mvdm-host/softpc.new"	"softpc.new"	"resolve against this declaring package before treating as any non-MVDM boundary"
"softpc.new/base/inc/gvi.h"	"118"	"extern sys_addr gvi_pc_high_regen;"	"extern-data-or-function-pointer declaration"	"selected-MVDM declaration; definition is a second-stage package-expansion obligation"	"definition/package BFS"	"gvi_pc_high_regen"	""	"mvdm-host/softpc.new"	"softpc.new"	"resolve against this declaring package before treating as any non-MVDM boundary"
"softpc.new/base/inc/gvi.h"	"124"	"extern half_word video_adapter;"	"extern-data-or-function-pointer declaration"	"selected-MVDM declaration; definition is a second-stage package-expansion obligation"	"definition/package BFS"	"video_adapter"	""	"mvdm-host/softpc.new"	"softpc.new"	"resolve against this declaring package before treating as any non-MVDM boundary"
"softpc.new/base/inc/gvi.h"	"216"	"extern	DISPLAY_GLOBS	PCDisplay;"	"extern-data-or-function-pointer declaration"	"selected-MVDM declaration; definition is a second-stage package-expansion obligation"	"definition/package BFS"	"PCDisplay"	""	"mvdm-host/softpc.new"	"softpc.new"	"resolve against this declaring package before treating as any non-MVDM boundary"
"softpc.new/base/inc/hfx.h"	"64"	"extern IU32 severity;"	"extern-data-or-function-pointer declaration"	"selected-MVDM declaration; definition is a second-stage package-expansion obligation"	"definition/package BFS"	"severity"	""	"mvdm-host/softpc.new"	"softpc.new"	"resolve against this declaring package before treating as any non-MVDM boundary"
"softpc.new/base/inc/hfx.h"	"617"	"extern half_word dos_ver;"	"extern-data-or-function-pointer declaration"	"selected-MVDM declaration; definition is a second-stage package-expansion obligation"	"definition/package BFS"	"dos_ver"	""	"mvdm-host/softpc.new"	"softpc.new"	"resolve against this declaring package before treating as any non-MVDM boundary"
"softpc.new/base/inc/hfx.h"	"624"	"extern word DMAADD;"	"extern-data-or-function-pointer declaration"	"selected-MVDM declaration; definition is a second-stage package-expansion obligation"	"definition/package BFS"	"DMAADD"	""	"mvdm-host/softpc.new"	"softpc.new"	"resolve against this declaring package before treating as any non-MVDM boundary"
"softpc.new/base/inc/hfx.h"	"625"	"extern word CurrentPDB;"	"extern-data-or-function-pointer declaration"	"selected-MVDM declaration; definition is a second-stage package-expansion obligation"	"definition/package BFS"	"CurrentPDB"	""	"mvdm-host/softpc.new"	"softpc.new"	"resolve against this declaring package before treating as any non-MVDM boundary"
"softpc.new/base/inc/hfx.h"	"626"	"extern word SATTRIB;"	"extern-data-or-function-pointer declaration"	"selected-MVDM declaration; definition is a second-stage package-expansion obligation"	"definition/package BFS"	"SATTRIB"	""	"mvdm-host/softpc.new"	"softpc.new"	"resolve against this declaring package before treating as any non-MVDM boundary"
"softpc.new/base/inc/hfx.h"	"627"	"extern word THISSFT;"	"extern-data-or-function-pointer declaration"	"selected-MVDM declaration; definition is a second-stage package-expansion obligation"	"definition/package BFS"	"THISSFT"	""	"mvdm-host/softpc.new"	"softpc.new"	"resolve against this declaring package before treating as any non-MVDM boundary"
"softpc.new/base/inc/hfx.h"	"628"	"extern word THISCDS;"	"extern-data-or-function-pointer declaration"	"selected-MVDM declaration; definition is a second-stage package-expansion obligation"	"definition/package BFS"	"THISCDS"	""	"mvdm-host/softpc.new"	"softpc.new"	"resolve against this declaring package before treating as any non-MVDM boundary"
"softpc.new/base/inc/hfx.h"	"629"	"extern word WFP_START;"	"extern-data-or-function-pointer declaration"	"selected-MVDM declaration; definition is a second-stage package-expansion obligation"	"definition/package BFS"	"WFP_START"	""	"mvdm-host/softpc.new"	"softpc.new"	"resolve against this declaring package before treating as any non-MVDM boundary"
"softpc.new/base/inc/hfx.h"	"630"	"extern word REN_WFP;"	"extern-data-or-function-pointer declaration"	"selected-MVDM declaration; definition is a second-stage package-expansion obligation"	"definition/package BFS"	"REN_WFP"	""	"mvdm-host/softpc.new"	"softpc.new"	"resolve against this declaring package before treating as any non-MVDM boundary"
"softpc.new/base/inc/hfx.h"	"631"	"extern word CURR_DIR_END;"	"extern-data-or-function-pointer declaration"	"selected-MVDM declaration; definition is a second-stage package-expansion obligation"	"definition/package BFS"	"CURR_DIR_END"	""	"mvdm-host/softpc.new"	"softpc.new"	"resolve against this declaring package before treating as any non-MVDM boundary"
"softpc.new/base/inc/hfx.h"	"632"	"extern word SFT_STRUCT_LENGTH;"	"extern-data-or-function-pointer declaration"	"selected-MVDM declaration; definition is a second-stage package-expansion obligation"	"definition/package BFS"	"SFT_STRUCT_LENGTH"	""	"mvdm-host/softpc.new"	"softpc.new"	"resolve against this declaring package before treating as any non-MVDM boundary"
"softpc.new/base/inc/hg_cpu.h"	"187"	"extern IBOOL Hg_SS_is_big;"	"extern-data-or-function-pointer declaration"	"selected-MVDM declaration; definition is a second-stage package-expansion obligation"	"definition/package BFS"	"Hg_SS_is_big"	""	"mvdm-host/softpc.new"	"softpc.new"	"resolve against this declaring package before treating as any non-MVDM boundary"
"softpc.new/base/inc/hg_cpu.h"	"245"	"extern struct	h_cpu_registers *Cp;"	"extern-data-or-function-pointer declaration"	"selected-MVDM declaration; definition is a second-stage package-expansion obligation"	"definition/package BFS"	"Cp"	""	"mvdm-host/softpc.new"	"softpc.new"	"resolve against this declaring package before treating as any non-MVDM boundary"
"softpc.new/base/inc/hg_cpu.h"	"246"	"extern IBOOL	H_trace;"	"extern-data-or-function-pointer declaration"	"selected-MVDM declaration; definition is a second-stage package-expansion obligation"	"definition/package BFS"	"H_trace"	""	"mvdm-host/softpc.new"	"softpc.new"	"resolve against this declaring package before treating as any non-MVDM boundary"
"softpc.new/base/inc/hg_cpu.h"	"253"	"extern	IBOOL	H_windows;"	"extern-data-or-function-pointer declaration"	"selected-MVDM declaration; definition is a second-stage package-expansion obligation"	"definition/package BFS"	"H_windows"	""	"mvdm-host/softpc.new"	"softpc.new"	"resolve against this declaring package before treating as any non-MVDM boundary"
"softpc.new/base/inc/hg_cpu.h"	"254"	"extern	IBOOL 	H_regs_changed;"	"extern-data-or-function-pointer declaration"	"selected-MVDM declaration; definition is a second-stage package-expansion obligation"	"definition/package BFS"	"H_regs_changed"	""	"mvdm-host/softpc.new"	"softpc.new"	"resolve against this declaring package before treating as any non-MVDM boundary"
"softpc.new/base/inc/hg_cpu.h"	"256"	"extern	IU32	Pc_timeout;			/* Value to return in if q_ev pending	*/"	"extern-data-or-function-pointer declaration"	"selected-MVDM declaration; definition is a second-stage package-expansion obligation"	"definition/package BFS"	""	""	"mvdm-host/softpc.new"	"softpc.new"	"resolve against this declaring package before treating as any non-MVDM boundary"
"softpc.new/base/inc/hg_cpu.h"	"257"	"extern	IU32	Pc_q_ev_dec;		/* Chunk to dec q_ev counter by			*/"	"extern-data-or-function-pointer declaration"	"selected-MVDM declaration; definition is a second-stage package-expansion obligation"	"definition/package BFS"	""	""	"mvdm-host/softpc.new"	"softpc.new"	"resolve against this declaring package before treating as any non-MVDM boundary"
"softpc.new/base/inc/hg_cpu.h"	"259"	"extern	IU32	Pc_woken;			/* Reason callback handler was called	*/"	"extern-data-or-function-pointer declaration"	"selected-MVDM declaration; definition is a second-stage package-expansion obligation"	"definition/package BFS"	""	""	"mvdm-host/softpc.new"	"softpc.new"	"resolve against this declaring package before treating as any non-MVDM boundary"
"softpc.new/base/inc/hg_cpu.h"	"260"	"extern	IU32	Pc_timeout;"	"extern-data-or-function-pointer declaration"	"selected-MVDM declaration; definition is a second-stage package-expansion obligation"	"definition/package BFS"	"Pc_timeout"	""	"mvdm-host/softpc.new"	"softpc.new"	"resolve against this declaring package before treating as any non-MVDM boundary"
"softpc.new/base/inc/hg_cpu.h"	"261"	"extern	IU32	Pc_if_set;"	"extern-data-or-function-pointer declaration"	"selected-MVDM declaration; definition is a second-stage package-expansion obligation"	"definition/package BFS"	"Pc_if_set"	""	"mvdm-host/softpc.new"	"softpc.new"	"resolve against this declaring package before treating as any non-MVDM boundary"
"softpc.new/base/inc/hg_cpu.h"	"262"	"extern	IU32	Pc_tick;"	"extern-data-or-function-pointer declaration"	"selected-MVDM declaration; definition is a second-stage package-expansion obligation"	"definition/package BFS"	"Pc_tick"	""	"mvdm-host/softpc.new"	"softpc.new"	"resolve against this declaring package before treating as any non-MVDM boundary"
"softpc.new/base/inc/hg_cpu.h"	"264"	"extern	IU32	Pc_run_timeout;		/* Parameters ""to"" pc_run				*/"	"extern-data-or-function-pointer declaration"	"selected-MVDM declaration; definition is a second-stage package-expansion obligation"	"definition/package BFS"	""	""	"mvdm-host/softpc.new"	"softpc.new"	"resolve against this declaring package before treating as any non-MVDM boundary"
"softpc.new/base/inc/hg_cpu.h"	"265"	"extern	IU32	Pc_run_option_none;"	"extern-data-or-function-pointer declaration"	"selected-MVDM declaration; definition is a second-stage package-expansion obligation"	"definition/package BFS"	"Pc_run_option_none"	""	"mvdm-host/softpc.new"	"softpc.new"	"resolve against this declaring package before treating as any non-MVDM boundary"
"softpc.new/base/inc/hg_cpu.h"	"266"	"extern	IU32	Pc_run_if_set;"	"extern-data-or-function-pointer declaration"	"selected-MVDM declaration; definition is a second-stage package-expansion obligation"	"definition/package BFS"	"Pc_run_if_set"	""	"mvdm-host/softpc.new"	"softpc.new"	"resolve against this declaring package before treating as any non-MVDM boundary"
"softpc.new/base/inc/hg_cpu.h"	"267"	"extern	IU32	Pc_run_pm_if_set;"	"extern-data-or-function-pointer declaration"	"selected-MVDM declaration; definition is a second-stage package-expansion obligation"	"definition/package BFS"	"Pc_run_pm_if_set"	""	"mvdm-host/softpc.new"	"softpc.new"	"resolve against this declaring package before treating as any non-MVDM boundary"
"softpc.new/base/inc/hg_cpu.h"	"268"	"extern	IU32	Pc_run_tick;"	"extern-data-or-function-pointer declaration"	"selected-MVDM declaration; definition is a second-stage package-expansion obligation"	"definition/package BFS"	"Pc_run_tick"	""	"mvdm-host/softpc.new"	"softpc.new"	"resolve against this declaring package before treating as any non-MVDM boundary"
"softpc.new/base/inc/hg_cpu.h"	"270"	"extern	IU32	Pc_prot_none;		/* Memory protection values				*/"	"extern-data-or-function-pointer declaration"	"selected-MVDM declaration; definition is a second-stage package-expansion obligation"	"definition/package BFS"	""	""	"mvdm-host/softpc.new"	"softpc.new"	"resolve against this declaring package before treating as any non-MVDM boundary"
"softpc.new/base/inc/hg_cpu.h"	"271"	"extern	IU32	Pc_prot_read;"	"extern-data-or-function-pointer declaration"	"selected-MVDM declaration; definition is a second-stage package-expansion obligation"	"definition/package BFS"	"Pc_prot_read"	""	"mvdm-host/softpc.new"	"softpc.new"	"resolve against this declaring package before treating as any non-MVDM boundary"
"softpc.new/base/inc/hg_cpu.h"	"272"	"extern	IU32	Pc_prot_write;"	"extern-data-or-function-pointer declaration"	"selected-MVDM declaration; definition is a second-stage package-expansion obligation"	"definition/package BFS"	"Pc_prot_write"	""	"mvdm-host/softpc.new"	"softpc.new"	"resolve against this declaring package before treating as any non-MVDM boundary"
"softpc.new/base/inc/hg_cpu.h"	"273"	"extern	IU32	Pc_prot_execute;"	"extern-data-or-function-pointer declaration"	"selected-MVDM declaration; definition is a second-stage package-expansion obligation"	"definition/package BFS"	"Pc_prot_execute"	""	"mvdm-host/softpc.new"	"softpc.new"	"resolve against this declaring package before treating as any non-MVDM boundary"
"softpc.new/base/inc/hg_cpu.h"	"275"	"extern	IU32	Pc_success;"	"extern-data-or-function-pointer declaration"	"selected-MVDM declaration; definition is a second-stage package-expansion obligation"	"definition/package BFS"	"Pc_success"	""	"mvdm-host/softpc.new"	"softpc.new"	"resolve against this declaring package before treating as any non-MVDM boundary"
"softpc.new/base/inc/hg_cpu.h"	"276"	"extern	IU32	Pc_no_space;"	"extern-data-or-function-pointer declaration"	"selected-MVDM declaration; definition is a second-stage package-expansion obligation"	"definition/package BFS"	"Pc_no_space"	""	"mvdm-host/softpc.new"	"softpc.new"	"resolve against this declaring package before treating as any non-MVDM boundary"
"softpc.new/base/inc/hg_cpu.h"	"277"	"extern	IU32	Pc_invalid_address;"	"extern-data-or-function-pointer declaration"	"selected-MVDM declaration; definition is a second-stage package-expansion obligation"	"definition/package BFS"	"Pc_invalid_address"	""	"mvdm-host/softpc.new"	"softpc.new"	"resolve against this declaring package before treating as any non-MVDM boundary"
"softpc.new/base/inc/hg_cpu.h"	"278"	"extern	IU32	Pc_failure;"	"extern-data-or-function-pointer declaration"	"selected-MVDM declaration; definition is a second-stage package-expansion obligation"	"definition/package BFS"	"Pc_failure"	""	"mvdm-host/softpc.new"	"softpc.new"	"resolve against this declaring package before treating as any non-MVDM boundary"
"softpc.new/base/inc/hg_cpu.h"	"279"	"extern	IU32	Pc_invalid_argument;"	"extern-data-or-function-pointer declaration"	"selected-MVDM declaration; definition is a second-stage package-expansion obligation"	"definition/package BFS"	"Pc_invalid_argument"	""	"mvdm-host/softpc.new"	"softpc.new"	"resolve against this declaring package before treating as any non-MVDM boundary"
"softpc.new/base/inc/hunter.h"	"222"	"extern half_word hunter_mode;             /* ABORT, PAUSE or CONTINUE */"	"extern-data-or-function-pointer declaration"	"selected-MVDM declaration; definition is a second-stage package-expansion obligation"	"definition/package BFS"	""	""	"mvdm-host/softpc.new"	"softpc.new"	"resolve against this declaring package before treating as any non-MVDM boundary"
"softpc.new/base/inc/hunter.h"	"226"	"extern boolean   hunter_initialised;  /* TRUE if hunter_init() done */"	"extern-data-or-function-pointer declaration"	"selected-MVDM declaration; definition is a second-stage package-expansion obligation"	"definition/package BFS"	""	""	"mvdm-host/softpc.new"	"softpc.new"	"resolve against this declaring package before treating as any non-MVDM boundary"
"softpc.new/base/inc/hunter.h"	"227"	"extern boolean   hunter_pause;            /* TRUE if PAUSEd */"	"extern-data-or-function-pointer declaration"	"selected-MVDM declaration; definition is a second-stage package-expansion obligation"	"definition/package BFS"	""	""	"mvdm-host/softpc.new"	"softpc.new"	"resolve against this declaring package before treating as any non-MVDM boundary"
"softpc.new/base/inc/hwvga.h"	"59"	"extern vInfo videoInfo;"	"extern-data-or-function-pointer declaration"	"selected-MVDM declaration; definition is a second-stage package-expansion obligation"	"definition/package BFS"	"videoInfo"	""	"mvdm-host/softpc.new"	"softpc.new"	"resolve against this declaring package before treating as any non-MVDM boundary"
"softpc.new/base/inc/hwvga.h"	"94"	"extern BOOL NeedGISPROMInit;"	"extern-data-or-function-pointer declaration"	"selected-MVDM declaration; definition is a second-stage package-expansion obligation"	"definition/package BFS"	"NeedGISPROMInit"	""	"mvdm-host/softpc.new"	"softpc.new"	"resolve against this declaring package before treating as any non-MVDM boundary"
"softpc.new/base/inc/ica.h"	"138"	"extern VDMVIRTUALICA VirtualIca[];"	"extern-data-or-function-pointer declaration"	"selected-MVDM declaration; definition is a second-stage package-expansion obligation"	"definition/package BFS"	"VirtualIca"	""	"mvdm-host/softpc.new"	"softpc.new"	"resolve against this declaring package before treating as any non-MVDM boundary"
"softpc.new/base/inc/idetect.h"	"12"	"extern int idle_no_video;"	"extern-data-or-function-pointer declaration"	"selected-MVDM declaration; definition is a second-stage package-expansion obligation"	"definition/package BFS"	"idle_no_video"	""	"mvdm-host/softpc.new"	"softpc.new"	"resolve against this declaring package before treating as any non-MVDM boundary"
"softpc.new/base/inc/idetect.h"	"13"	"extern int idle_no_comlpt;"	"extern-data-or-function-pointer declaration"	"selected-MVDM declaration; definition is a second-stage package-expansion obligation"	"definition/package BFS"	"idle_no_comlpt"	""	"mvdm-host/softpc.new"	"softpc.new"	"resolve against this declaring package before treating as any non-MVDM boundary"
"softpc.new/base/inc/idetect.h"	"14"	"extern int idle_no_disk;"	"extern-data-or-function-pointer declaration"	"selected-MVDM declaration; definition is a second-stage package-expansion obligation"	"definition/package BFS"	"idle_no_disk"	""	"mvdm-host/softpc.new"	"softpc.new"	"resolve against this declaring package before treating as any non-MVDM boundary"
"softpc.new/base/inc/idetect.h"	"39"	"extern word *pICounter;"	"extern-data-or-function-pointer declaration"	"selected-MVDM declaration; definition is a second-stage package-expansion obligation"	"definition/package BFS"	"pICounter"	""	"mvdm-host/softpc.new"	"softpc.new"	"resolve against this declaring package before treating as any non-MVDM boundary"
"softpc.new/base/inc/idetect.h"	"40"	"extern word *pCharPollsPerTick;"	"extern-data-or-function-pointer declaration"	"selected-MVDM declaration; definition is a second-stage package-expansion obligation"	"definition/package BFS"	"pCharPollsPerTick"	""	"mvdm-host/softpc.new"	"softpc.new"	"resolve against this declaring package before treating as any non-MVDM boundary"
"softpc.new/base/inc/idetect.h"	"41"	"extern word *pMinConsecutiveTicks;"	"extern-data-or-function-pointer declaration"	"selected-MVDM declaration; definition is a second-stage package-expansion obligation"	"definition/package BFS"	"pMinConsecutiveTicks"	""	"mvdm-host/softpc.new"	"softpc.new"	"resolve against this declaring package before treating as any non-MVDM boundary"
"softpc.new/base/inc/idetect.h"	"42"	"extern word IdleNoActivity;"	"extern-data-or-function-pointer declaration"	"selected-MVDM declaration; definition is a second-stage package-expansion obligation"	"definition/package BFS"	"IdleNoActivity"	""	"mvdm-host/softpc.new"	"softpc.new"	"resolve against this declaring package before treating as any non-MVDM boundary"
"softpc.new/base/inc/idetect.h"	"43"	"extern word ienabled;"	"extern-data-or-function-pointer declaration"	"selected-MVDM declaration; definition is a second-stage package-expansion obligation"	"definition/package BFS"	"ienabled"	""	"mvdm-host/softpc.new"	"softpc.new"	"resolve against this declaring package before treating as any non-MVDM boundary"
"softpc.new/base/inc/j_c_lang.h"	"22"	"extern IUH	rnull ; /* holder for a null arg in calls and null return args */"	"extern-data-or-function-pointer declaration"	"selected-MVDM declaration; definition is a second-stage package-expansion obligation"	"definition/package BFS"	""	""	"mvdm-host/softpc.new"	"softpc.new"	"resolve against this declaring package before treating as any non-MVDM boundary"
"softpc.new/base/inc/jformate.h"	"782"	"extern	SEGINFO	GlblSegInfo[JLD_NSEGS];"	"extern-data-or-function-pointer declaration"	"selected-MVDM declaration; definition is a second-stage package-expansion obligation"	"definition/package BFS"	"GlblSegInfo"	""	"mvdm-host/softpc.new"	"softpc.new"	"resolve against this declaring package before treating as any non-MVDM boundary"
"softpc.new/base/inc/keyboard.h"	"202"	"extern KEYBDFUNCS *working_keybd_funcs;"	"extern-data-or-function-pointer declaration"	"selected-MVDM declaration; definition is a second-stage package-expansion obligation"	"definition/package BFS"	"working_keybd_funcs"	""	"mvdm-host/softpc.new"	"softpc.new"	"resolve against this declaring package before treating as any non-MVDM boundary"
"softpc.new/base/inc/lm_clien.h"	"56"	"extern float FLEXlm_VERSION;	/* Actual version #, in lmgr.a */"	"extern-data-or-function-pointer declaration"	"selected-MVDM declaration; definition is a second-stage package-expansion obligation"	"definition/package BFS"	""	""	"mvdm-host/softpc.new"	"softpc.new"	"resolve against this declaring package before treating as any non-MVDM boundary"
"softpc.new/base/inc/lm_clien.h"	"521"	"extern LM_HANDLE *lm_cur_job;"	"extern-data-or-function-pointer declaration"	"selected-MVDM declaration; definition is a second-stage package-expansion obligation"	"definition/package BFS"	"lm_cur_job"	""	"mvdm-host/softpc.new"	"softpc.new"	"resolve against this declaring package before treating as any non-MVDM boundary"
"softpc.new/base/inc/ms_windo.h"	"1188"	"extern BOOL 	smcpyInitialised;	/* SmartCopy initialised ? */"	"extern-data-or-function-pointer declaration"	"selected-MVDM declaration; definition is a second-stage package-expansion obligation"	"definition/package BFS"	""	""	"mvdm-host/softpc.new"	"softpc.new"	"resolve against this declaring package before treating as any non-MVDM boundary"
"softpc.new/base/inc/ms_windo.h"	"1189"	"extern BOOL 	smcpyMissedPoll;"	"extern-data-or-function-pointer declaration"	"selected-MVDM declaration; definition is a second-stage package-expansion obligation"	"definition/package BFS"	"smcpyMissedPoll"	""	"mvdm-host/softpc.new"	"softpc.new"	"resolve against this declaring package before treating as any non-MVDM boundary"
"softpc.new/base/inc/ms_windo.h"	"1190"	"extern int  Reasonforpoll;	/* Why has smartcopy been polled */"	"extern-data-or-function-pointer declaration"	"selected-MVDM declaration; definition is a second-stage package-expansion obligation"	"definition/package BFS"	""	""	"mvdm-host/softpc.new"	"softpc.new"	"resolve against this declaring package before treating as any non-MVDM boundary"
"softpc.new/base/inc/msw_dbg.h"	"55"	"extern IU32 msw_verbose;	/* general trace flags */"	"extern-data-or-function-pointer declaration"	"selected-MVDM declaration; definition is a second-stage package-expansion obligation"	"definition/package BFS"	""	""	"mvdm-host/softpc.new"	"softpc.new"	"resolve against this declaring package before treating as any non-MVDM boundary"
"softpc.new/base/inc/msw_dbg.h"	"56"	"extern IU32 msw_enterexit;	/* enter / leave trace flags */"	"extern-data-or-function-pointer declaration"	"selected-MVDM declaration; definition is a second-stage package-expansion obligation"	"definition/package BFS"	""	""	"mvdm-host/softpc.new"	"softpc.new"	"resolve against this declaring package before treating as any non-MVDM boundary"
"softpc.new/base/inc/msw_dbg.h"	"57"	"extern int mswdvr_debug;"	"extern-data-or-function-pointer declaration"	"selected-MVDM declaration; definition is a second-stage package-expansion obligation"	"definition/package BFS"	"mswdvr_debug"	""	"mvdm-host/softpc.new"	"softpc.new"	"resolve against this declaring package before treating as any non-MVDM boundary"
"softpc.new/base/inc/profile.h"	"191"	"extern IBOOL Profiling_enabled;           /* conventional profiling Disabled?  */"	"extern-data-or-function-pointer declaration"	"selected-MVDM declaration; definition is a second-stage package-expansion obligation"	"definition/package BFS"	""	""	"mvdm-host/softpc.new"	"softpc.new"	"resolve against this declaring package before treating as any non-MVDM boundary"
"softpc.new/base/inc/rom.h"	"32"	"extern half_word ROM_BIOS1[];"	"extern-data-or-function-pointer declaration"	"selected-MVDM declaration; definition is a second-stage package-expansion obligation"	"definition/package BFS"	"ROM_BIOS1"	""	"mvdm-host/softpc.new"	"softpc.new"	"resolve against this declaring package before treating as any non-MVDM boundary"
"softpc.new/base/inc/rom.h"	"33"	"extern half_word ROM_BIOS2[];"	"extern-data-or-function-pointer declaration"	"selected-MVDM declaration; definition is a second-stage package-expansion obligation"	"definition/package BFS"	"ROM_BIOS2"	""	"mvdm-host/softpc.new"	"softpc.new"	"resolve against this declaring package before treating as any non-MVDM boundary"
"softpc.new/base/inc/sas.h"	"108"	"extern host_addr Start_of_M_area;       /* host addr (char *) of start of M */"	"extern-data-or-function-pointer declaration"	"selected-MVDM declaration; definition is a second-stage package-expansion obligation"	"definition/package BFS"	""	""	"mvdm-host/softpc.new"	"softpc.new"	"resolve against this declaring package before treating as any non-MVDM boundary"
"softpc.new/base/inc/sas.h"	"109"	"extern  IHPE    Length_of_M_area;       /* offset of end of M */"	"extern-data-or-function-pointer declaration"	"selected-MVDM declaration; definition is a second-stage package-expansion obligation"	"definition/package BFS"	""	""	"mvdm-host/softpc.new"	"softpc.new"	"resolve against this declaring package before treating as any non-MVDM boundary"
"softpc.new/base/inc/sas.h"	"113"	"extern host_addr Start_of_M_area;	/* host addr (char *) of start of M */"	"extern-data-or-function-pointer declaration"	"selected-MVDM declaration; definition is a second-stage package-expansion obligation"	"definition/package BFS"	""	""	"mvdm-host/softpc.new"	"softpc.new"	"resolve against this declaring package before treating as any non-MVDM boundary"
"softpc.new/base/inc/sas.h"	"115"	"extern	IHPE	Length_of_M_area;	/* offset of end of M */"	"extern-data-or-function-pointer declaration"	"selected-MVDM declaration; definition is a second-stage package-expansion obligation"	"definition/package BFS"	""	""	"mvdm-host/softpc.new"	"softpc.new"	"resolve against this declaring package before treating as any non-MVDM boundary"
"softpc.new/base/inc/sas.h"	"117"	"extern sys_addr Length_of_M_area;	/* sys addr (long) offset of end of M */"	"extern-data-or-function-pointer declaration"	"selected-MVDM declaration; definition is a second-stage package-expansion obligation"	"definition/package BFS"	""	""	"mvdm-host/softpc.new"	"softpc.new"	"resolve against this declaring package before treating as any non-MVDM boundary"
"softpc.new/base/inc/sas.h"	"124"	"extern half_word *M;"	"extern-data-or-function-pointer declaration"	"selected-MVDM declaration; definition is a second-stage package-expansion obligation"	"definition/package BFS"	"M"	""	"mvdm-host/softpc.new"	"softpc.new"	"resolve against this declaring package before treating as any non-MVDM boundary"
"softpc.new/base/inc/sas.h"	"126"	"extern half_word M[];"	"extern-data-or-function-pointer declaration"	"selected-MVDM declaration; definition is a second-stage package-expansion obligation"	"definition/package BFS"	"M"	""	"mvdm-host/softpc.new"	"softpc.new"	"resolve against this declaring package before treating as any non-MVDM boundary"
"softpc.new/base/inc/sas.h"	"733"	"extern word	Bios1Segment;"	"extern-data-or-function-pointer declaration"	"selected-MVDM declaration; definition is a second-stage package-expansion obligation"	"definition/package BFS"	"Bios1Segment"	""	"mvdm-host/softpc.new"	"softpc.new"	"resolve against this declaring package before treating as any non-MVDM boundary"
"softpc.new/base/inc/sas.h"	"734"	"extern word	Bios2Segment;"	"extern-data-or-function-pointer declaration"	"selected-MVDM declaration; definition is a second-stage package-expansion obligation"	"definition/package BFS"	"Bios2Segment"	""	"mvdm-host/softpc.new"	"softpc.new"	"resolve against this declaring package before treating as any non-MVDM boundary"
"softpc.new/base/inc/sas.h"	"735"	"extern word	EgaROMSegment;"	"extern-data-or-function-pointer declaration"	"selected-MVDM declaration; definition is a second-stage package-expansion obligation"	"definition/package BFS"	"EgaROMSegment"	""	"mvdm-host/softpc.new"	"softpc.new"	"resolve against this declaring package before treating as any non-MVDM boundary"
"softpc.new/base/inc/sas.h"	"736"	"extern word	EgaFontSegment;"	"extern-data-or-function-pointer declaration"	"selected-MVDM declaration; definition is a second-stage package-expansion obligation"	"definition/package BFS"	"EgaFontSegment"	""	"mvdm-host/softpc.new"	"softpc.new"	"resolve against this declaring package before treating as any non-MVDM boundary"
"softpc.new/base/inc/timer.h"	"102"	"extern word timer_batch_count;"	"extern-data-or-function-pointer declaration"	"selected-MVDM declaration; definition is a second-stage package-expansion obligation"	"definition/package BFS"	"timer_batch_count"	""	"mvdm-host/softpc.new"	"softpc.new"	"resolve against this declaring package before treating as any non-MVDM boundary"
"softpc.new/base/inc/timer.h"	"105"	"extern int timer_int_enabled;"	"extern-data-or-function-pointer declaration"	"selected-MVDM declaration; definition is a second-stage package-expansion obligation"	"definition/package BFS"	"timer_int_enabled"	""	"mvdm-host/softpc.new"	"softpc.new"	"resolve against this declaring package before treating as any non-MVDM boundary"
"softpc.new/base/inc/timer.h"	"106"	"extern boolean timer_video_enabled;"	"extern-data-or-function-pointer declaration"	"selected-MVDM declaration; definition is a second-stage package-expansion obligation"	"definition/package BFS"	"timer_video_enabled"	""	"mvdm-host/softpc.new"	"softpc.new"	"resolve against this declaring package before treating as any non-MVDM boundary"
"softpc.new/base/inc/timer.h"	"123"	"extern ULONG EoiIntsPending;"	"extern-data-or-function-pointer declaration"	"selected-MVDM declaration; definition is a second-stage package-expansion obligation"	"definition/package BFS"	"EoiIntsPending"	""	"mvdm-host/softpc.new"	"softpc.new"	"resolve against this declaring package before treating as any non-MVDM boundary"
"softpc.new/base/inc/trace.h"	"143"	"extern FILE *trace_file;"	"extern-data-or-function-pointer declaration"	"selected-MVDM declaration; definition is a second-stage package-expansion obligation"	"definition/package BFS"	"trace_file"	""	"mvdm-host/softpc.new"	"softpc.new"	"resolve against this declaring package before treating as any non-MVDM boundary"
"softpc.new/base/inc/tredltr.h"	"9"	"extern YYSTYPE yylval;"	"extern-data-or-function-pointer declaration"	"selected-MVDM declaration; definition is a second-stage package-expansion obligation"	"definition/package BFS"	"yylval"	""	"mvdm-host/softpc.new"	"softpc.new"	"resolve against this declaring package before treating as any non-MVDM boundary"
"softpc.new/base/inc/video.h"	"78"	"extern IU8 Video_mode;	/* Shadow copy of BIOS video mode */"	"extern-data-or-function-pointer declaration"	"selected-MVDM declaration; definition is a second-stage package-expansion obligation"	"definition/package BFS"	""	""	"mvdm-host/softpc.new"	"softpc.new"	"resolve against this declaring package before treating as any non-MVDM boundary"
"softpc.new/base/inc/winfiles.h"	"47"	"extern IBOOL SwinHfxActive;"	"extern-data-or-function-pointer declaration"	"selected-MVDM declaration; definition is a second-stage package-expansion obligation"	"definition/package BFS"	"SwinHfxActive"	""	"mvdm-host/softpc.new"	"softpc.new"	"resolve against this declaring package before treating as any non-MVDM boundary"
"softpc.new/base/inc/winfiles.h"	"48"	"extern IBOOL SwinFilePreOpened;"	"extern-data-or-function-pointer declaration"	"selected-MVDM declaration; definition is a second-stage package-expansion obligation"	"definition/package BFS"	"SwinFilePreOpened"	""	"mvdm-host/softpc.new"	"softpc.new"	"resolve against this declaring package before treating as any non-MVDM boundary"
"softpc.new/base/inc/worm.h"	"15"	"extern half_word *gen_mode_buf;"	"extern-data-or-function-pointer declaration"	"selected-MVDM declaration; definition is a second-stage package-expansion obligation"	"definition/package BFS"	"gen_mode_buf"	""	"mvdm-host/softpc.new"	"softpc.new"	"resolve against this declaring package before treating as any non-MVDM boundary"
"softpc.new/base/inc/worm.h"	"16"	"extern half_word *mode_page;"	"extern-data-or-function-pointer declaration"	"selected-MVDM declaration; definition is a second-stage package-expansion obligation"	"definition/package BFS"	"mode_page"	""	"mvdm-host/softpc.new"	"softpc.new"	"resolve against this declaring package before treating as any non-MVDM boundary"
"softpc.new/base/inc/worm.h"	"17"	"extern half_word *vendor_id;"	"extern-data-or-function-pointer declaration"	"selected-MVDM declaration; definition is a second-stage package-expansion obligation"	"definition/package BFS"	"vendor_id"	""	"mvdm-host/softpc.new"	"softpc.new"	"resolve against this declaring package before treating as any non-MVDM boundary"
"softpc.new/base/inc/worm.h"	"18"	"extern word *driver_cmd_ptr;"	"extern-data-or-function-pointer declaration"	"selected-MVDM declaration; definition is a second-stage package-expansion obligation"	"definition/package BFS"	"driver_cmd_ptr"	""	"mvdm-host/softpc.new"	"softpc.new"	"resolve against this declaring package before treating as any non-MVDM boundary"
"softpc.new/base/inc/worm.h"	"19"	"extern word driver_cmd;"	"extern-data-or-function-pointer declaration"	"selected-MVDM declaration; definition is a second-stage package-expansion obligation"	"definition/package BFS"	"driver_cmd"	""	"mvdm-host/softpc.new"	"softpc.new"	"resolve against this declaring package before treating as any non-MVDM boundary"
"softpc.new/base/inc/worm.h"	"20"	"extern half_word *sense_byte_ptr;	/* additional sense byte */"	"extern-data-or-function-pointer declaration"	"selected-MVDM declaration; definition is a second-stage package-expansion obligation"	"definition/package BFS"	""	""	"mvdm-host/softpc.new"	"softpc.new"	"resolve against this declaring package before treating as any non-MVDM boundary"
"softpc.new/base/inc/worm.h"	"21"	"extern word *op_drv_array;		/* drive control blocks */"	"extern-data-or-function-pointer declaration"	"selected-MVDM declaration; definition is a second-stage package-expansion obligation"	"definition/package BFS"	""	""	"mvdm-host/softpc.new"	"softpc.new"	"resolve against this declaring package before treating as any non-MVDM boundary"
"softpc.new/base/inc/worm.h"	"22"	"extern word *flag_word_ptr;"	"extern-data-or-function-pointer declaration"	"selected-MVDM declaration; definition is a second-stage package-expansion obligation"	"definition/package BFS"	"flag_word_ptr"	""	"mvdm-host/softpc.new"	"softpc.new"	"resolve against this declaring package before treating as any non-MVDM boundary"
"softpc.new/base/inc/xt.h"	"126"	"extern char **pargv;			/* Pointer to argv		*/"	"extern-data-or-function-pointer declaration"	"selected-MVDM declaration; definition is a second-stage package-expansion obligation"	"definition/package BFS"	""	""	"mvdm-host/softpc.new"	"softpc.new"	"resolve against this declaring package before treating as any non-MVDM boundary"
"softpc.new/base/inc/xt.h"	"127"	"extern int *pargc;			/* Pointer to argc		*/"	"extern-data-or-function-pointer declaration"	"selected-MVDM declaration; definition is a second-stage package-expansion obligation"	"definition/package BFS"	""	""	"mvdm-host/softpc.new"	"softpc.new"	"resolve against this declaring package before treating as any non-MVDM boundary"
"softpc.new/base/inc/xt.h"	"128"	"extern int verbose;			/* FALSE => only report errors  */"	"extern-data-or-function-pointer declaration"	"selected-MVDM declaration; definition is a second-stage package-expansion obligation"	"definition/package BFS"	""	""	"mvdm-host/softpc.new"	"softpc.new"	"resolve against this declaring package before treating as any non-MVDM boundary"
"softpc.new/base/inc/xt.h"	"129"	"extern IU32 io_verbose;			/* TRUE => report io errors   	*/"	"extern-data-or-function-pointer declaration"	"selected-MVDM declaration; definition is a second-stage package-expansion obligation"	"definition/package BFS"	""	""	"mvdm-host/softpc.new"	"softpc.new"	"resolve against this declaring package before treating as any non-MVDM boundary"
"softpc.new/base/inc/xt.h"	"130"	"extern IBOOL Running_SoftWindows;	/* Are we SoftWindows?		*/"	"extern-data-or-function-pointer declaration"	"selected-MVDM declaration; definition is a second-stage package-expansion obligation"	"definition/package BFS"	""	""	"mvdm-host/softpc.new"	"softpc.new"	"resolve against this declaring package before treating as any non-MVDM boundary"
"softpc.new/base/inc/xt.h"	"131"	"extern CHAR *SPC_Product_Name;		/* ""SoftPC"" or ""SoftWindows""	*/"	"extern-data-or-function-pointer declaration"	"selected-MVDM declaration; definition is a second-stage package-expansion obligation"	"definition/package BFS"	""	""	"mvdm-host/softpc.new"	"softpc.new"	"resolve against this declaring package before treating as any non-MVDM boundary"
"softpc.new/base/inc/xt.h"	"139"	"extern half_word pf_table[]; /* shouldn't this be in host_cpu.h ? */"	"extern-data-or-function-pointer declaration"	"selected-MVDM declaration; definition is a second-stage package-expansion obligation"	"definition/package BFS"	""	""	"mvdm-host/softpc.new"	"softpc.new"	"resolve against this declaring package before treating as any non-MVDM boundary"
"softpc.new/base/inc/yoda.h"	"63"	"extern IBOOL AlreadyInYoda;"	"extern-data-or-function-pointer declaration"	"selected-MVDM declaration; definition is a second-stage package-expansion obligation"	"definition/package BFS"	"AlreadyInYoda"	""	"mvdm-host/softpc.new"	"softpc.new"	"resolve against this declaring package before treating as any non-MVDM boundary"
"softpc.new/base/inc/yoda.h"	"65"	"extern IU32 IntelMsgDest;"	"extern-data-or-function-pointer declaration"	"selected-MVDM declaration; definition is a second-stage package-expansion obligation"	"definition/package BFS"	"IntelMsgDest"	""	"mvdm-host/softpc.new"	"softpc.new"	"resolve against this declaring package before treating as any non-MVDM boundary"
"softpc.new/base/support/main.c"	"70"	"extern int screen_init;"	"extern-data-or-function-pointer declaration"	"selected-MVDM declaration; definition is a second-stage package-expansion obligation"	"definition/package BFS"	"screen_init"	""	"mvdm-host/softpc.new"	"softpc.new"	"resolve against this declaring package before treating as any non-MVDM boundary"
"softpc.new/base/system/ica.c"	"235"	"extern  ULONG iretHookMask;"	"extern-data-or-function-pointer declaration"	"selected-MVDM declaration; definition is a second-stage package-expansion obligation"	"definition/package BFS"	"iretHookMask"	""	"mvdm-host/softpc.new"	"softpc.new"	"resolve against this declaring package before treating as any non-MVDM boundary"
"softpc.new/base/system/ica.c"	"236"	"extern  ULONG iretHookActive;"	"extern-data-or-function-pointer declaration"	"selected-MVDM declaration; definition is a second-stage package-expansion obligation"	"definition/package BFS"	"iretHookActive"	""	"mvdm-host/softpc.new"	"softpc.new"	"resolve against this declaring package before treating as any non-MVDM boundary"
"softpc.new/base/system/quick_ev.c"	"1205"	"extern int soft_reset;"	"extern-data-or-function-pointer declaration"	"selected-MVDM declaration; definition is a second-stage package-expansion obligation"	"definition/package BFS"	"soft_reset"	""	"mvdm-host/softpc.new"	"softpc.new"	"resolve against this declaring package before treating as any non-MVDM boundary"
"softpc.new/base/system/rom.c"	"497"	"extern IBOOL SafeToCallSas;"	"extern-data-or-function-pointer declaration"	"selected-MVDM declaration; definition is a second-stage package-expansion obligation"	"definition/package BFS"	"SafeToCallSas"	""	"mvdm-host/softpc.new"	"softpc.new"	"resolve against this declaring package before treating as any non-MVDM boundary"
"softpc.new/base/system/timer.c"	"2148"	"extern	IBOOL ccpu_pig_enabled;"	"extern-data-or-function-pointer declaration"	"selected-MVDM declaration; definition is a second-stage package-expansion obligation"	"definition/package BFS"	"ccpu_pig_enabled"	""	"mvdm-host/softpc.new"	"softpc.new"	"resolve against this declaring package before treating as any non-MVDM boundary"
"softpc.new/base/system/timer.c"	"2684"	"extern IU32 Q_timer_restart_val;"	"extern-data-or-function-pointer declaration"	"selected-MVDM declaration; definition is a second-stage package-expansion obligation"	"definition/package BFS"	"Q_timer_restart_val"	""	"mvdm-host/softpc.new"	"softpc.new"	"resolve against this declaring package before treating as any non-MVDM boundary"
"softpc.new/base/video/ega_prts.c"	"1502"	"extern half_word bg_col_mask; /* Used to work out the background colour */"	"extern-data-or-function-pointer declaration"	"selected-MVDM declaration; definition is a second-stage package-expansion obligation"	"definition/package BFS"	""	""	"mvdm-host/softpc.new"	"softpc.new"	"resolve against this declaring package before treating as any non-MVDM boundary"
"softpc.new/base/video/ega_trcr.c"	"196"	"extern	struct	READ_POINTERS	read_pointers;"	"extern-data-or-function-pointer declaration"	"selected-MVDM declaration; definition is a second-stage package-expansion obligation"	"definition/package BFS"	"read_pointers"	""	"mvdm-host/softpc.new"	"softpc.new"	"resolve against this declaring package before treating as any non-MVDM boundary"
"softpc.new/base/video/ega_vide.c"	"2276"	"extern word babyModeTable;"	"extern-data-or-function-pointer declaration"	"selected-MVDM declaration; definition is a second-stage package-expansion obligation"	"definition/package BFS"	"babyModeTable"	""	"mvdm-host/softpc.new"	"softpc.new"	"resolve against this declaring package before treating as any non-MVDM boundary"
"softpc.new/base/video/ega_vide.c"	"2277"	"extern UTINY tempbabymode[];"	"extern-data-or-function-pointer declaration"	"selected-MVDM declaration; definition is a second-stage package-expansion obligation"	"definition/package BFS"	"tempbabymode"	""	"mvdm-host/softpc.new"	"softpc.new"	"resolve against this declaring package before treating as any non-MVDM boundary"
"softpc.new/base/video/ega_writ.c"	"62"	"extern WRT_POINTERS dump_writes;"	"extern-data-or-function-pointer declaration"	"selected-MVDM declaration; definition is a second-stage package-expansion obligation"	"definition/package BFS"	"dump_writes"	""	"mvdm-host/softpc.new"	"softpc.new"	"resolve against this declaring package before treating as any non-MVDM boundary"
"softpc.new/base/video/ega_writ.c"	"65"	"extern WRT_POINTERS mode0_gen_handlers, mode0_copy_handlers;"	"extern-data-or-function-pointer declaration"	"selected-MVDM declaration; definition is a second-stage package-expansion obligation"	"definition/package BFS"	"mode0_copy_handlers"	""	"mvdm-host/softpc.new"	"softpc.new"	"resolve against this declaring package before treating as any non-MVDM boundary"
"softpc.new/base/video/ega_writ.c"	"66"	"extern WRT_POINTERS mode1_handlers, mode2_handlers;"	"extern-data-or-function-pointer declaration"	"selected-MVDM declaration; definition is a second-stage package-expansion obligation"	"definition/package BFS"	"mode2_handlers"	""	"mvdm-host/softpc.new"	"softpc.new"	"resolve against this declaring package before treating as any non-MVDM boundary"
"softpc.new/base/video/gvi.c"	"84"	"extern int soft_reset;  /* Defined in reset.c                       */"	"extern-data-or-function-pointer declaration"	"selected-MVDM declaration; definition is a second-stage package-expansion obligation"	"definition/package BFS"	""	""	"mvdm-host/softpc.new"	"softpc.new"	"resolve against this declaring package before treating as any non-MVDM boundary"
"softpc.new/base/video/video.c"	"1946"	"extern word int10_seg;"	"extern-data-or-function-pointer declaration"	"selected-MVDM declaration; definition is a second-stage package-expansion obligation"	"definition/package BFS"	"int10_seg"	""	"mvdm-host/softpc.new"	"softpc.new"	"resolve against this declaring package before treating as any non-MVDM boundary"
"softpc.new/base/video/video.c"	"2012"	"extern word int10_seg, int10_caller;"	"extern-data-or-function-pointer declaration"	"selected-MVDM declaration; definition is a second-stage package-expansion obligation"	"definition/package BFS"	"int10_caller"	""	"mvdm-host/softpc.new"	"softpc.new"	"resolve against this declaring package before treating as any non-MVDM boundary"
"softpc.new/base/video/video.c"	"2139"	"extern word int10_seg, int10_caller;"	"extern-data-or-function-pointer declaration"	"selected-MVDM declaration; definition is a second-stage package-expansion obligation"	"definition/package BFS"	"int10_caller"	""	"mvdm-host/softpc.new"	"softpc.new"	"resolve against this declaring package before treating as any non-MVDM boundary"
"softpc.new/host/inc/host_cpu.h"	"185"	"extern word m_s_w;"	"extern-data-or-function-pointer declaration"	"selected-MVDM declaration; definition is a second-stage package-expansion obligation"	"definition/package BFS"	"m_s_w"	""	"mvdm-host/softpc.new"	"softpc.new"	"resolve against this declaring package before treating as any non-MVDM boundary"
"softpc.new/host/inc/host_cpu.h"	"189"	"extern  int     compile_everything;"	"extern-data-or-function-pointer declaration"	"selected-MVDM declaration; definition is a second-stage package-expansion obligation"	"definition/package BFS"	"compile_everything"	""	"mvdm-host/softpc.new"	"softpc.new"	"resolve against this declaring package before treating as any non-MVDM boundary"
"softpc.new/host/inc/host_cpu.h"	"190"	"extern  short   host_event;"	"extern-data-or-function-pointer declaration"	"selected-MVDM declaration; definition is a second-stage package-expansion obligation"	"definition/package BFS"	"host_event"	""	"mvdm-host/softpc.new"	"softpc.new"	"resolve against this declaring package before treating as any non-MVDM boundary"
"softpc.new/host/inc/host_cpu.h"	"191"	"extern char *CPU_00[];          /* CPU main jump table            */"	"extern-data-or-function-pointer declaration"	"selected-MVDM declaration; definition is a second-stage package-expansion obligation"	"definition/package BFS"	""	""	"mvdm-host/softpc.new"	"softpc.new"	"resolve against this declaring package before treating as any non-MVDM boundary"
"softpc.new/host/inc/host_cpu.h"	"192"	"extern char *int_table[];       /* CPU interrupt jump table       */"	"extern-data-or-function-pointer declaration"	"selected-MVDM declaration; definition is a second-stage package-expansion obligation"	"definition/package BFS"	""	""	"mvdm-host/softpc.new"	"softpc.new"	"resolve against this declaring package before treating as any non-MVDM boundary"
"softpc.new/host/inc/host_cpu.h"	"457"	"extern sreg INTEL_STATUS;"	"extern-data-or-function-pointer declaration"	"selected-MVDM declaration; definition is a second-stage package-expansion obligation"	"definition/package BFS"	"INTEL_STATUS"	""	"mvdm-host/softpc.new"	"softpc.new"	"resolve against this declaring package before treating as any non-MVDM boundary"
"softpc.new/host/inc/host_cpu.h"	"459"	"extern int      R_INTR;"	"extern-data-or-function-pointer declaration"	"selected-MVDM declaration; definition is a second-stage package-expansion obligation"	"definition/package BFS"	"R_INTR"	""	"mvdm-host/softpc.new"	"softpc.new"	"resolve against this declaring package before treating as any non-MVDM boundary"
"softpc.new/host/inc/host_cpu.h"	"460"	"extern reg R_AX;                /* Accumulator          */"	"extern-data-or-function-pointer declaration"	"selected-MVDM declaration; definition is a second-stage package-expansion obligation"	"definition/package BFS"	""	""	"mvdm-host/softpc.new"	"softpc.new"	"resolve against this declaring package before treating as any non-MVDM boundary"
"softpc.new/host/inc/host_cpu.h"	"461"	"extern reg R_BX;                /* Base                 */"	"extern-data-or-function-pointer declaration"	"selected-MVDM declaration; definition is a second-stage package-expansion obligation"	"definition/package BFS"	""	""	"mvdm-host/softpc.new"	"softpc.new"	"resolve against this declaring package before treating as any non-MVDM boundary"
"softpc.new/host/inc/host_cpu.h"	"462"	"extern reg R_CX;                /* Count                */"	"extern-data-or-function-pointer declaration"	"selected-MVDM declaration; definition is a second-stage package-expansion obligation"	"definition/package BFS"	""	""	"mvdm-host/softpc.new"	"softpc.new"	"resolve against this declaring package before treating as any non-MVDM boundary"
"softpc.new/host/inc/host_cpu.h"	"463"	"extern reg R_DX;                /* Data                 */"	"extern-data-or-function-pointer declaration"	"selected-MVDM declaration; definition is a second-stage package-expansion obligation"	"definition/package BFS"	""	""	"mvdm-host/softpc.new"	"softpc.new"	"resolve against this declaring package before treating as any non-MVDM boundary"
"softpc.new/host/inc/host_cpu.h"	"464"	"extern reg R_SP;                /* Stack Pointer        */"	"extern-data-or-function-pointer declaration"	"selected-MVDM declaration; definition is a second-stage package-expansion obligation"	"definition/package BFS"	""	""	"mvdm-host/softpc.new"	"softpc.new"	"resolve against this declaring package before treating as any non-MVDM boundary"
"softpc.new/host/inc/host_cpu.h"	"465"	"extern reg R_BP;                /* Base pointer         */"	"extern-data-or-function-pointer declaration"	"selected-MVDM declaration; definition is a second-stage package-expansion obligation"	"definition/package BFS"	""	""	"mvdm-host/softpc.new"	"softpc.new"	"resolve against this declaring package before treating as any non-MVDM boundary"
"softpc.new/host/inc/host_cpu.h"	"466"	"extern reg R_SI;                /* Source Index         */"	"extern-data-or-function-pointer declaration"	"selected-MVDM declaration; definition is a second-stage package-expansion obligation"	"definition/package BFS"	""	""	"mvdm-host/softpc.new"	"softpc.new"	"resolve against this declaring package before treating as any non-MVDM boundary"
"softpc.new/host/inc/host_cpu.h"	"467"	"extern reg R_DI;                /* Destination Index    */"	"extern-data-or-function-pointer declaration"	"selected-MVDM declaration; definition is a second-stage package-expansion obligation"	"definition/package BFS"	""	""	"mvdm-host/softpc.new"	"softpc.new"	"resolve against this declaring package before treating as any non-MVDM boundary"
"softpc.new/host/inc/host_cpu.h"	"469"	"extern double_word R_OPA;"	"extern-data-or-function-pointer declaration"	"selected-MVDM declaration; definition is a second-stage package-expansion obligation"	"definition/package BFS"	"R_OPA"	""	"mvdm-host/softpc.new"	"softpc.new"	"resolve against this declaring package before treating as any non-MVDM boundary"
"softpc.new/host/inc/host_cpu.h"	"470"	"extern double_word R_OPB;"	"extern-data-or-function-pointer declaration"	"selected-MVDM declaration; definition is a second-stage package-expansion obligation"	"definition/package BFS"	"R_OPB"	""	"mvdm-host/softpc.new"	"softpc.new"	"resolve against this declaring package before treating as any non-MVDM boundary"
"softpc.new/host/inc/host_cpu.h"	"471"	"extern double_word R_OPR;"	"extern-data-or-function-pointer declaration"	"selected-MVDM declaration; definition is a second-stage package-expansion obligation"	"definition/package BFS"	"R_OPR"	""	"mvdm-host/softpc.new"	"softpc.new"	"resolve against this declaring package before treating as any non-MVDM boundary"
"softpc.new/host/inc/host_cpu.h"	"472"	"extern int      R_MISC_FLAGS;"	"extern-data-or-function-pointer declaration"	"selected-MVDM declaration; definition is a second-stage package-expansion obligation"	"definition/package BFS"	"R_MISC_FLAGS"	""	"mvdm-host/softpc.new"	"softpc.new"	"resolve against this declaring package before treating as any non-MVDM boundary"
"softpc.new/host/inc/host_cpu.h"	"474"	"extern sys_addr R_IP;           /* Instruction Pointer  */"	"extern-data-or-function-pointer declaration"	"selected-MVDM declaration; definition is a second-stage package-expansion obligation"	"definition/package BFS"	""	""	"mvdm-host/softpc.new"	"softpc.new"	"resolve against this declaring package before treating as any non-MVDM boundary"
"softpc.new/host/inc/host_cpu.h"	"476"	"extern sys_addr R_ACT_CS;               /* Code Segment */"	"extern-data-or-function-pointer declaration"	"selected-MVDM declaration; definition is a second-stage package-expansion obligation"	"definition/package BFS"	""	""	"mvdm-host/softpc.new"	"softpc.new"	"resolve against this declaring package before treating as any non-MVDM boundary"
"softpc.new/host/inc/host_cpu.h"	"477"	"extern sys_addr R_ACT_DS;               /* Data Segment */"	"extern-data-or-function-pointer declaration"	"selected-MVDM declaration; definition is a second-stage package-expansion obligation"	"definition/package BFS"	""	""	"mvdm-host/softpc.new"	"softpc.new"	"resolve against this declaring package before treating as any non-MVDM boundary"
"softpc.new/host/inc/host_cpu.h"	"478"	"extern sys_addr R_ACT_SS;               /* Stack Segment */"	"extern-data-or-function-pointer declaration"	"selected-MVDM declaration; definition is a second-stage package-expansion obligation"	"definition/package BFS"	""	""	"mvdm-host/softpc.new"	"softpc.new"	"resolve against this declaring package before treating as any non-MVDM boundary"
"softpc.new/host/inc/host_cpu.h"	"479"	"extern sys_addr R_ACT_ES;               /* Extra Segment */"	"extern-data-or-function-pointer declaration"	"selected-MVDM declaration; definition is a second-stage package-expansion obligation"	"definition/package BFS"	""	""	"mvdm-host/softpc.new"	"softpc.new"	"resolve against this declaring package before treating as any non-MVDM boundary"
"softpc.new/host/inc/host_cpu.h"	"481"	"extern sys_addr R_DEF_SS;               /* Default SS register  */"	"extern-data-or-function-pointer declaration"	"selected-MVDM declaration; definition is a second-stage package-expansion obligation"	"definition/package BFS"	""	""	"mvdm-host/softpc.new"	"softpc.new"	"resolve against this declaring package before treating as any non-MVDM boundary"
"softpc.new/host/inc/host_cpu.h"	"482"	"extern sys_addr R_DEF_DS;               /* Default DS register  */"	"extern-data-or-function-pointer declaration"	"selected-MVDM declaration; definition is a second-stage package-expansion obligation"	"definition/package BFS"	""	""	"mvdm-host/softpc.new"	"softpc.new"	"resolve against this declaring package before treating as any non-MVDM boundary"
"softpc.new/host/inc/host_def.h"	"63"	"extern	quick_event_delays	host_delays;"	"extern-data-or-function-pointer declaration"	"selected-MVDM declaration; definition is a second-stage package-expansion obligation"	"definition/package BFS"	"host_delays"	""	"mvdm-host/softpc.new"	"softpc.new"	"resolve against this declaring package before treating as any non-MVDM boundary"
"softpc.new/host/inc/host_def.h"	"208"	"extern unsigned char PifFgPriPercent;"	"extern-data-or-function-pointer declaration"	"selected-MVDM declaration; definition is a second-stage package-expansion obligation"	"definition/package BFS"	"PifFgPriPercent"	""	"mvdm-host/softpc.new"	"softpc.new"	"resolve against this declaring package before treating as any non-MVDM boundary"
"softpc.new/host/inc/host_gfx.h"	"1"	"extern int terminal_type;"	"extern-data-or-function-pointer declaration"	"selected-MVDM declaration; definition is a second-stage package-expansion obligation"	"definition/package BFS"	"terminal_type"	""	"mvdm-host/softpc.new"	"softpc.new"	"resolve against this declaring package before treating as any non-MVDM boundary"
"softpc.new/host/inc/host_rrr.h"	"38"	"extern char szDoomMsg[];"	"extern-data-or-function-pointer declaration"	"selected-MVDM declaration; definition is a second-stage package-expansion obligation"	"definition/package BFS"	"szDoomMsg"	""	"mvdm-host/softpc.new"	"softpc.new"	"resolve against this declaring package before treating as any non-MVDM boundary"
"softpc.new/host/inc/host_rrr.h"	"39"	"extern char szSysErrMsg[];"	"extern-data-or-function-pointer declaration"	"selected-MVDM declaration; definition is a second-stage package-expansion obligation"	"definition/package BFS"	"szSysErrMsg"	""	"mvdm-host/softpc.new"	"softpc.new"	"resolve against this declaring package before treating as any non-MVDM boundary"
"softpc.new/host/inc/host_rrr.h"	"41"	"extern char szFrozenString[];"	"extern-data-or-function-pointer declaration"	"selected-MVDM declaration; definition is a second-stage package-expansion obligation"	"definition/package BFS"	"szFrozenString"	""	"mvdm-host/softpc.new"	"softpc.new"	"resolve against this declaring package before treating as any non-MVDM boundary"
"softpc.new/host/inc/host_rrr.h"	"43"	"extern char szHideMouseMenuStr[];"	"extern-data-or-function-pointer declaration"	"selected-MVDM declaration; definition is a second-stage package-expansion obligation"	"definition/package BFS"	"szHideMouseMenuStr"	""	"mvdm-host/softpc.new"	"softpc.new"	"resolve against this declaring package before treating as any non-MVDM boundary"
"softpc.new/host/inc/host_rrr.h"	"44"	"extern char szDisplayMouseMenuStr[];"	"extern-data-or-function-pointer declaration"	"selected-MVDM declaration; definition is a second-stage package-expansion obligation"	"definition/package BFS"	"szDisplayMouseMenuStr"	""	"mvdm-host/softpc.new"	"softpc.new"	"resolve against this declaring package before treating as any non-MVDM boundary"
"softpc.new/host/inc/hostgrph.h"	"5"	"extern long pcwindow;"	"extern-data-or-function-pointer declaration"	"selected-MVDM declaration; definition is a second-stage package-expansion obligation"	"definition/package BFS"	"pcwindow"	""	"mvdm-host/softpc.new"	"softpc.new"	"resolve against this declaring package before treating as any non-MVDM boundary"
"softpc.new/host/inc/hostgrph.h"	"6"	"extern int terminal_type;"	"extern-data-or-function-pointer declaration"	"selected-MVDM declaration; definition is a second-stage package-expansion obligation"	"definition/package BFS"	"terminal_type"	""	"mvdm-host/softpc.new"	"softpc.new"	"resolve against this declaring package before treating as any non-MVDM boundary"
"softpc.new/host/inc/monregs.h"	"1"	"extern CONTEXT IntelRegisters;"	"extern-data-or-function-pointer declaration"	"selected-MVDM declaration; definition is a second-stage package-expansion obligation"	"definition/package BFS"	"IntelRegisters"	""	"mvdm-host/softpc.new"	"softpc.new"	"resolve against this declaring package before treating as any non-MVDM boundary"
"softpc.new/host/inc/monregs.h"	"2"	"extern ULONG IntelMSW;"	"extern-data-or-function-pointer declaration"	"selected-MVDM declaration; definition is a second-stage package-expansion obligation"	"definition/package BFS"	"IntelMSW"	""	"mvdm-host/softpc.new"	"softpc.new"	"resolve against this declaring package before treating as any non-MVDM boundary"
"softpc.new/host/inc/nt_det.h"	"12"	"extern PBYTE textBuffer;"	"extern-data-or-function-pointer declaration"	"selected-MVDM declaration; definition is a second-stage package-expansion obligation"	"definition/package BFS"	"textBuffer"	""	"mvdm-host/softpc.new"	"softpc.new"	"resolve against this declaring package before treating as any non-MVDM boundary"
"softpc.new/host/inc/nt_det.h"	"13"	"extern COORD textBufferSize;"	"extern-data-or-function-pointer declaration"	"selected-MVDM declaration; definition is a second-stage package-expansion obligation"	"definition/package BFS"	"textBufferSize"	""	"mvdm-host/softpc.new"	"softpc.new"	"resolve against this declaring package before treating as any non-MVDM boundary"
"softpc.new/host/inc/nt_det.h"	"14"	"extern BOOL Frozen256Packed;"	"extern-data-or-function-pointer declaration"	"selected-MVDM declaration; definition is a second-stage package-expansion obligation"	"definition/package BFS"	"Frozen256Packed"	""	"mvdm-host/softpc.new"	"softpc.new"	"resolve against this declaring package before treating as any non-MVDM boundary"
"softpc.new/host/inc/nt_eoi.h"	"27"	"extern ULONG DelayIrqLine;"	"extern-data-or-function-pointer declaration"	"selected-MVDM declaration; definition is a second-stage package-expansion obligation"	"definition/package BFS"	"DelayIrqLine"	""	"mvdm-host/softpc.new"	"softpc.new"	"resolve against this declaring package before treating as any non-MVDM boundary"
"softpc.new/host/inc/nt_eoi.h"	"28"	"extern ULONG UndelayIrqLine;"	"extern-data-or-function-pointer declaration"	"selected-MVDM declaration; definition is a second-stage package-expansion obligation"	"definition/package BFS"	"UndelayIrqLine"	""	"mvdm-host/softpc.new"	"softpc.new"	"resolve against this declaring package before treating as any non-MVDM boundary"
"softpc.new/host/inc/nt_eoi.h"	"31"	"extern VDMVIRTUALICA VirtualIca[];"	"extern-data-or-function-pointer declaration"	"selected-MVDM declaration; definition is a second-stage package-expansion obligation"	"definition/package BFS"	"VirtualIca"	""	"mvdm-host/softpc.new"	"softpc.new"	"resolve against this declaring package before treating as any non-MVDM boundary"
"softpc.new/host/inc/nt_eoi.h"	"34"	"extern ULONG iretHookActive;"	"extern-data-or-function-pointer declaration"	"selected-MVDM declaration; definition is a second-stage package-expansion obligation"	"definition/package BFS"	"iretHookActive"	""	"mvdm-host/softpc.new"	"softpc.new"	"resolve against this declaring package before treating as any non-MVDM boundary"
"softpc.new/host/inc/nt_eoi.h"	"35"	"extern ULONG iretHookMask;"	"extern-data-or-function-pointer declaration"	"selected-MVDM declaration; definition is a second-stage package-expansion obligation"	"definition/package BFS"	"iretHookMask"	""	"mvdm-host/softpc.new"	"softpc.new"	"resolve against this declaring package before treating as any non-MVDM boundary"
"softpc.new/host/inc/nt_eoi.h"	"36"	"extern ULONG AddrIretBopTable;  // seg:offset"	"extern-data-or-function-pointer declaration"	"selected-MVDM declaration; definition is a second-stage package-expansion obligation"	"definition/package BFS"	""	""	"mvdm-host/softpc.new"	"softpc.new"	"resolve against this declaring package before treating as any non-MVDM boundary"
"softpc.new/host/inc/nt_event.h"	"55"	"extern DWORD ToggleKeyState;"	"extern-data-or-function-pointer declaration"	"selected-MVDM declaration; definition is a second-stage package-expansion obligation"	"definition/package BFS"	"ToggleKeyState"	""	"mvdm-host/softpc.new"	"softpc.new"	"resolve against this declaring package before treating as any non-MVDM boundary"
"softpc.new/host/inc/nt_event.h"	"57"	"extern HANDLE hWndConsole;"	"extern-data-or-function-pointer declaration"	"selected-MVDM declaration; definition is a second-stage package-expansion obligation"	"definition/package BFS"	"hWndConsole"	""	"mvdm-host/softpc.new"	"softpc.new"	"resolve against this declaring package before treating as any non-MVDM boundary"
"softpc.new/host/inc/nt_event.h"	"58"	"extern PointerAttachedWindowed;"	"extern-data-or-function-pointer declaration"	"selected-MVDM declaration; definition is a second-stage package-expansion obligation"	"definition/package BFS"	"PointerAttachedWindowed"	""	"mvdm-host/softpc.new"	"softpc.new"	"resolve against this declaring package before treating as any non-MVDM boundary"
"softpc.new/host/inc/nt_event.h"	"59"	"extern BOOL DelayedReattachMouse;"	"extern-data-or-function-pointer declaration"	"selected-MVDM declaration; definition is a second-stage package-expansion obligation"	"definition/package BFS"	"DelayedReattachMouse"	""	"mvdm-host/softpc.new"	"softpc.new"	"resolve against this declaring package before treating as any non-MVDM boundary"
"softpc.new/host/inc/nt_fdisk.h"	"6"	"extern WORD *pFDAccess;"	"extern-data-or-function-pointer declaration"	"selected-MVDM declaration; definition is a second-stage package-expansion obligation"	"definition/package BFS"	"pFDAccess"	""	"mvdm-host/softpc.new"	"softpc.new"	"resolve against this declaring package before treating as any non-MVDM boundary"
"softpc.new/host/inc/nt_fdisk.h"	"7"	"extern BYTE number_of_fdisk;"	"extern-data-or-function-pointer declaration"	"selected-MVDM declaration; definition is a second-stage package-expansion obligation"	"definition/package BFS"	"number_of_fdisk"	""	"mvdm-host/softpc.new"	"softpc.new"	"resolve against this declaring package before treating as any non-MVDM boundary"
"softpc.new/host/inc/nt_fdisk.h"	"8"	"extern DWORD max_align_factor;"	"extern-data-or-function-pointer declaration"	"selected-MVDM declaration; definition is a second-stage package-expansion obligation"	"definition/package BFS"	"max_align_factor"	""	"mvdm-host/softpc.new"	"softpc.new"	"resolve against this declaring package before treating as any non-MVDM boundary"
"softpc.new/host/inc/nt_fdisk.h"	"9"	"extern DWORD cur_align_factor;"	"extern-data-or-function-pointer declaration"	"selected-MVDM declaration; definition is a second-stage package-expansion obligation"	"definition/package BFS"	"cur_align_factor"	""	"mvdm-host/softpc.new"	"softpc.new"	"resolve against this declaring package before treating as any non-MVDM boundary"
"softpc.new/host/inc/nt_fulsc.h"	"153"	"extern DWORD savedScreenState;"	"extern-data-or-function-pointer declaration"	"selected-MVDM declaration; definition is a second-stage package-expansion obligation"	"definition/package BFS"	"savedScreenState"	""	"mvdm-host/softpc.new"	"softpc.new"	"resolve against this declaring package before treating as any non-MVDM boundary"
"softpc.new/host/inc/nt_fulsc.h"	"154"	"extern BOOL  ConsoleInitialised;"	"extern-data-or-function-pointer declaration"	"selected-MVDM declaration; definition is a second-stage package-expansion obligation"	"definition/package BFS"	"ConsoleInitialised"	""	"mvdm-host/softpc.new"	"softpc.new"	"resolve against this declaring package before treating as any non-MVDM boundary"
"softpc.new/host/inc/nt_fulsc.h"	"155"	"extern BOOL  ConsoleNoUpdates;"	"extern-data-or-function-pointer declaration"	"selected-MVDM declaration; definition is a second-stage package-expansion obligation"	"definition/package BFS"	"ConsoleNoUpdates"	""	"mvdm-host/softpc.new"	"softpc.new"	"resolve against this declaring package before treating as any non-MVDM boundary"
"softpc.new/host/inc/nt_fulsc.h"	"157"	"extern DWORD mouse_buffer_width;"	"extern-data-or-function-pointer declaration"	"selected-MVDM declaration; definition is a second-stage package-expansion obligation"	"definition/package BFS"	"mouse_buffer_width"	""	"mvdm-host/softpc.new"	"softpc.new"	"resolve against this declaring package before treating as any non-MVDM boundary"
"softpc.new/host/inc/nt_fulsc.h"	"158"	"extern DWORD mouse_buffer_height;"	"extern-data-or-function-pointer declaration"	"selected-MVDM declaration; definition is a second-stage package-expansion obligation"	"definition/package BFS"	"mouse_buffer_height"	""	"mvdm-host/softpc.new"	"softpc.new"	"resolve against this declaring package before treating as any non-MVDM boundary"
"softpc.new/host/inc/nt_fulsc.h"	"160"	"extern BOOL blocked_in_gfx_mode;"	"extern-data-or-function-pointer declaration"	"selected-MVDM declaration; definition is a second-stage package-expansion obligation"	"definition/package BFS"	"blocked_in_gfx_mode"	""	"mvdm-host/softpc.new"	"softpc.new"	"resolve against this declaring package before treating as any non-MVDM boundary"
"softpc.new/host/inc/nt_graph.h"	"226"	"extern SCREEN_DESCRIPTION   sc;"	"extern-data-or-function-pointer declaration"	"selected-MVDM declaration; definition is a second-stage package-expansion obligation"	"definition/package BFS"	"sc"	""	"mvdm-host/softpc.new"	"softpc.new"	"resolve against this declaring package before treating as any non-MVDM boundary"
"softpc.new/host/inc/nt_graph.h"	"227"	"extern int                  host_screen_scale;"	"extern-data-or-function-pointer declaration"	"selected-MVDM declaration; definition is a second-stage package-expansion obligation"	"definition/package BFS"	"host_screen_scale"	""	"mvdm-host/softpc.new"	"softpc.new"	"resolve against this declaring package before treating as any non-MVDM boundary"
"softpc.new/host/inc/nt_graph.h"	"228"	"extern half_word            bg_col_mask;"	"extern-data-or-function-pointer declaration"	"selected-MVDM declaration; definition is a second-stage package-expansion obligation"	"definition/package BFS"	"bg_col_mask"	""	"mvdm-host/softpc.new"	"softpc.new"	"resolve against this declaring package before treating as any non-MVDM boundary"
"softpc.new/host/inc/nt_graph.h"	"230"	"extern char                *DIBData;"	"extern-data-or-function-pointer declaration"	"selected-MVDM declaration; definition is a second-stage package-expansion obligation"	"definition/package BFS"	"DIBData"	""	"mvdm-host/softpc.new"	"softpc.new"	"resolve against this declaring package before treating as any non-MVDM boundary"
"softpc.new/host/inc/nt_graph.h"	"231"	"extern PBITMAPINFO          MonoDIB;"	"extern-data-or-function-pointer declaration"	"selected-MVDM declaration; definition is a second-stage package-expansion obligation"	"definition/package BFS"	"MonoDIB"	""	"mvdm-host/softpc.new"	"softpc.new"	"resolve against this declaring package before treating as any non-MVDM boundary"
"softpc.new/host/inc/nt_graph.h"	"232"	"extern PBITMAPINFO          CGADIB;"	"extern-data-or-function-pointer declaration"	"selected-MVDM declaration; definition is a second-stage package-expansion obligation"	"definition/package BFS"	"CGADIB"	""	"mvdm-host/softpc.new"	"softpc.new"	"resolve against this declaring package before treating as any non-MVDM boundary"
"softpc.new/host/inc/nt_graph.h"	"233"	"extern PBITMAPINFO          EGADIB;"	"extern-data-or-function-pointer declaration"	"selected-MVDM declaration; definition is a second-stage package-expansion obligation"	"definition/package BFS"	"EGADIB"	""	"mvdm-host/softpc.new"	"softpc.new"	"resolve against this declaring package before treating as any non-MVDM boundary"
"softpc.new/host/inc/nt_graph.h"	"234"	"extern PBITMAPINFO          VGADIB;"	"extern-data-or-function-pointer declaration"	"selected-MVDM declaration; definition is a second-stage package-expansion obligation"	"definition/package BFS"	"VGADIB"	""	"mvdm-host/softpc.new"	"softpc.new"	"resolve against this declaring package before treating as any non-MVDM boundary"
"softpc.new/host/inc/nt_graph.h"	"235"	"extern BOOL                 FunnyPaintMode;"	"extern-data-or-function-pointer declaration"	"selected-MVDM declaration; definition is a second-stage package-expansion obligation"	"definition/package BFS"	"FunnyPaintMode"	""	"mvdm-host/softpc.new"	"softpc.new"	"resolve against this declaring package before treating as any non-MVDM boundary"
"softpc.new/host/inc/nt_graph.h"	"433"	"extern BYTE Red[];"	"extern-data-or-function-pointer declaration"	"selected-MVDM declaration; definition is a second-stage package-expansion obligation"	"definition/package BFS"	"Red"	""	"mvdm-host/softpc.new"	"softpc.new"	"resolve against this declaring package before treating as any non-MVDM boundary"
"softpc.new/host/inc/nt_graph.h"	"434"	"extern BYTE Green[];"	"extern-data-or-function-pointer declaration"	"selected-MVDM declaration; definition is a second-stage package-expansion obligation"	"definition/package BFS"	"Green"	""	"mvdm-host/softpc.new"	"softpc.new"	"resolve against this declaring package before treating as any non-MVDM boundary"
"softpc.new/host/inc/nt_graph.h"	"435"	"extern BYTE Blue[];"	"extern-data-or-function-pointer declaration"	"selected-MVDM declaration; definition is a second-stage package-expansion obligation"	"definition/package BFS"	"Blue"	""	"mvdm-host/softpc.new"	"softpc.new"	"resolve against this declaring package before treating as any non-MVDM boundary"
"softpc.new/host/inc/nt_graph.h"	"455"	"extern word int10_seg;"	"extern-data-or-function-pointer declaration"	"selected-MVDM declaration; definition is a second-stage package-expansion obligation"	"definition/package BFS"	"int10_seg"	""	"mvdm-host/softpc.new"	"softpc.new"	"resolve against this declaring package before treating as any non-MVDM boundary"
"softpc.new/host/inc/nt_graph.h"	"456"	"extern word int10_caller;"	"extern-data-or-function-pointer declaration"	"selected-MVDM declaration; definition is a second-stage package-expansion obligation"	"definition/package BFS"	"int10_caller"	""	"mvdm-host/softpc.new"	"softpc.new"	"resolve against this declaring package before treating as any non-MVDM boundary"
"softpc.new/host/inc/nt_graph.h"	"457"	"extern word useHostInt10;"	"extern-data-or-function-pointer declaration"	"selected-MVDM declaration; definition is a second-stage package-expansion obligation"	"definition/package BFS"	"useHostInt10"	""	"mvdm-host/softpc.new"	"softpc.new"	"resolve against this declaring package before treating as any non-MVDM boundary"
"softpc.new/host/inc/nt_graph.h"	"458"	"extern word changing_mode_flag;"	"extern-data-or-function-pointer declaration"	"selected-MVDM declaration; definition is a second-stage package-expansion obligation"	"definition/package BFS"	"changing_mode_flag"	""	"mvdm-host/softpc.new"	"softpc.new"	"resolve against this declaring package before treating as any non-MVDM boundary"
"softpc.new/host/inc/nt_graph.h"	"459"	"extern boolean host_stream_io_enabled;"	"extern-data-or-function-pointer declaration"	"selected-MVDM declaration; definition is a second-stage package-expansion obligation"	"definition/package BFS"	"host_stream_io_enabled"	""	"mvdm-host/softpc.new"	"softpc.new"	"resolve against this declaring package before treating as any non-MVDM boundary"
"softpc.new/host/inc/nt_mouse.h"	"32"	"extern MOUSE_STATUS os_pointer_data;"	"extern-data-or-function-pointer declaration"	"selected-MVDM declaration; definition is a second-stage package-expansion obligation"	"definition/package BFS"	"os_pointer_data"	""	"mvdm-host/softpc.new"	"softpc.new"	"resolve against this declaring package before treating as any non-MVDM boundary"
"softpc.new/host/inc/nt_mouse.h"	"33"	"extern boolean MouseCallBack;"	"extern-data-or-function-pointer declaration"	"selected-MVDM declaration; definition is a second-stage package-expansion obligation"	"definition/package BFS"	"MouseCallBack"	""	"mvdm-host/softpc.new"	"softpc.new"	"resolve against this declaring package before treating as any non-MVDM boundary"
"softpc.new/host/inc/nt_mouse.h"	"49"	"extern BOOL bPointerOff;"	"extern-data-or-function-pointer declaration"	"selected-MVDM declaration; definition is a second-stage package-expansion obligation"	"definition/package BFS"	"bPointerOff"	""	"mvdm-host/softpc.new"	"softpc.new"	"resolve against this declaring package before treating as any non-MVDM boundary"
"softpc.new/host/inc/nt_mouse.h"	"50"	"extern word VirtualX;"	"extern-data-or-function-pointer declaration"	"selected-MVDM declaration; definition is a second-stage package-expansion obligation"	"definition/package BFS"	"VirtualX"	""	"mvdm-host/softpc.new"	"softpc.new"	"resolve against this declaring package before treating as any non-MVDM boundary"
"softpc.new/host/inc/nt_mouse.h"	"51"	"extern word VirtualY;"	"extern-data-or-function-pointer declaration"	"selected-MVDM declaration; definition is a second-stage package-expansion obligation"	"definition/package BFS"	"VirtualY"	""	"mvdm-host/softpc.new"	"softpc.new"	"resolve against this declaring package before treating as any non-MVDM boundary"
"softpc.new/host/inc/nt_pif.h"	"128"	"extern DWORD dwWNTPifFlags;"	"extern-data-or-function-pointer declaration"	"selected-MVDM declaration; definition is a second-stage package-expansion obligation"	"definition/package BFS"	"dwWNTPifFlags"	""	"mvdm-host/softpc.new"	"softpc.new"	"resolve against this declaring package before treating as any non-MVDM boundary"
"softpc.new/host/inc/nt_pif.h"	"149"	"extern BOOL IdleDisabledFromPIF;"	"extern-data-or-function-pointer declaration"	"selected-MVDM declaration; definition is a second-stage package-expansion obligation"	"definition/package BFS"	"IdleDisabledFromPIF"	""	"mvdm-host/softpc.new"	"softpc.new"	"resolve against this declaring package before treating as any non-MVDM boundary"
"softpc.new/host/inc/nt_pif.h"	"150"	"extern DWORD dwWNTPifFlags;"	"extern-data-or-function-pointer declaration"	"selected-MVDM declaration; definition is a second-stage package-expansion obligation"	"definition/package BFS"	"dwWNTPifFlags"	""	"mvdm-host/softpc.new"	"softpc.new"	"resolve against this declaring package before treating as any non-MVDM boundary"
"softpc.new/host/inc/nt_pif.h"	"151"	"extern UCHAR WNTPifFgPr;"	"extern-data-or-function-pointer declaration"	"selected-MVDM declaration; definition is a second-stage package-expansion obligation"	"definition/package BFS"	"WNTPifFgPr"	""	"mvdm-host/softpc.new"	"softpc.new"	"resolve against this declaring package before treating as any non-MVDM boundary"
"softpc.new/host/inc/nt_pif.h"	"152"	"extern UCHAR WNTPifBgPr;"	"extern-data-or-function-pointer declaration"	"selected-MVDM declaration; definition is a second-stage package-expansion obligation"	"definition/package BFS"	"WNTPifBgPr"	""	"mvdm-host/softpc.new"	"softpc.new"	"resolve against this declaring package before treating as any non-MVDM boundary"
"softpc.new/host/inc/nt_pif.h"	"153"	"extern PIF_DATA pfdata;"	"extern-data-or-function-pointer declaration"	"selected-MVDM declaration; definition is a second-stage package-expansion obligation"	"definition/package BFS"	"pfdata"	""	"mvdm-host/softpc.new"	"softpc.new"	"resolve against this declaring package before treating as any non-MVDM boundary"
"softpc.new/host/inc/nt_pif.h"	"154"	"extern BOOL bPifFastPaste;"	"extern-data-or-function-pointer declaration"	"selected-MVDM declaration; definition is a second-stage package-expansion obligation"	"definition/package BFS"	"bPifFastPaste"	""	"mvdm-host/softpc.new"	"softpc.new"	"resolve against this declaring package before treating as any non-MVDM boundary"
"softpc.new/host/inc/nt_reset.h"	"8"	"extern BOOL   VDMForWOW;"	"extern-data-or-function-pointer declaration"	"selected-MVDM declaration; definition is a second-stage package-expansion obligation"	"definition/package BFS"	"VDMForWOW"	""	"mvdm-host/softpc.new"	"softpc.new"	"resolve against this declaring package before treating as any non-MVDM boundary"
"softpc.new/host/inc/nt_reset.h"	"9"	"extern BOOL   fSeparateWow;"	"extern-data-or-function-pointer declaration"	"selected-MVDM declaration; definition is a second-stage package-expansion obligation"	"definition/package BFS"	"fSeparateWow"	""	"mvdm-host/softpc.new"	"softpc.new"	"resolve against this declaring package before treating as any non-MVDM boundary"
"softpc.new/host/inc/nt_reset.h"	"10"	"extern HANDLE MainThread;"	"extern-data-or-function-pointer declaration"	"selected-MVDM declaration; definition is a second-stage package-expansion obligation"	"definition/package BFS"	"MainThread"	""	"mvdm-host/softpc.new"	"softpc.new"	"resolve against this declaring package before treating as any non-MVDM boundary"
"softpc.new/host/inc/nt_reset.h"	"11"	"extern ULONG  DosSessionId;"	"extern-data-or-function-pointer declaration"	"selected-MVDM declaration; definition is a second-stage package-expansion obligation"	"definition/package BFS"	"DosSessionId"	""	"mvdm-host/softpc.new"	"softpc.new"	"resolve against this declaring package before treating as any non-MVDM boundary"
"softpc.new/host/inc/nt_reset.h"	"16"	"extern BOOL   StreamIoSwitchOn;"	"extern-data-or-function-pointer declaration"	"selected-MVDM declaration; definition is a second-stage package-expansion obligation"	"definition/package BFS"	"StreamIoSwitchOn"	""	"mvdm-host/softpc.new"	"softpc.new"	"resolve against this declaring package before treating as any non-MVDM boundary"
"softpc.new/host/inc/nt_uis.h"	"16"	"extern HANDLE InstHandle;  /* Holds currently run processes instance handle */"	"extern-data-or-function-pointer declaration"	"selected-MVDM declaration; definition is a second-stage package-expansion obligation"	"definition/package BFS"	""	""	"mvdm-host/softpc.new"	"softpc.new"	"resolve against this declaring package before treating as any non-MVDM boundary"
"softpc.new/host/inc/nt_uis.h"	"27"	"extern WORD aNumPadSCode[];"	"extern-data-or-function-pointer declaration"	"selected-MVDM declaration; definition is a second-stage package-expansion obligation"	"definition/package BFS"	"aNumPadSCode"	""	"mvdm-host/softpc.new"	"softpc.new"	"resolve against this declaring package before treating as any non-MVDM boundary"
"softpc.new/host/inc/nt_uis.h"	"59"	"extern HANDLE GHModule;	  /* Holds currently run processes module handle */"	"extern-data-or-function-pointer declaration"	"selected-MVDM declaration; definition is a second-stage package-expansion obligation"	"definition/package BFS"	""	""	"mvdm-host/softpc.new"	"softpc.new"	"resolve against this declaring package before treating as any non-MVDM boundary"
"softpc.new/host/inc/sim32.h"	"91"	"extern BOOL cpu_flagged_idle;"	"extern-data-or-function-pointer declaration"	"selected-MVDM declaration; definition is a second-stage package-expansion obligation"	"definition/package BFS"	"cpu_flagged_idle"	""	"mvdm-host/softpc.new"	"softpc.new"	"resolve against this declaring package before treating as any non-MVDM boundary"
"softpc.new/host/inc/mips/pig/cpu4gen.h"	"200"	"extern	struct	CpuVector	Cpu;"	"extern-data-or-function-pointer declaration"	"selected-MVDM declaration; definition is a second-stage package-expansion obligation"	"definition/package BFS"	"Cpu"	""	"mvdm-host/softpc.new"	"softpc.new"	"resolve against this declaring package before treating as any non-MVDM boundary"
"softpc.new/host/inc/mips/pig/evidgen.h"	"17"	"extern	struct	VideoVector	Video;"	"extern-data-or-function-pointer declaration"	"selected-MVDM declaration; definition is a second-stage package-expansion obligation"	"definition/package BFS"	"Video"	""	"mvdm-host/softpc.new"	"softpc.new"	"resolve against this declaring package before treating as any non-MVDM boundary"
"softpc.new/host/inc/mips/pig/gdpvar.h"	"1925"	"extern IHP GDP_PTR;"	"extern-data-or-function-pointer declaration"	"selected-MVDM declaration; definition is a second-stage package-expansion obligation"	"definition/package BFS"	"GDP_PTR"	""	"mvdm-host/softpc.new"	"softpc.new"	"resolve against this declaring package before treating as any non-MVDM boundary"
"softpc.new/host/inc/mips/pig/sas4gen.h"	"122"	"extern	struct	SasVector	Sas;"	"extern-data-or-function-pointer declaration"	"selected-MVDM declaration; definition is a second-stage package-expansion obligation"	"definition/package BFS"	"Sas"	""	"mvdm-host/softpc.new"	"softpc.new"	"resolve against this declaring package before treating as any non-MVDM boundary"
"softpc.new/host/inc/mips/prod/cpu4gen.h"	"200"	"extern	struct	CpuVector	Cpu;"	"extern-data-or-function-pointer declaration"	"selected-MVDM declaration; definition is a second-stage package-expansion obligation"	"definition/package BFS"	"Cpu"	""	"mvdm-host/softpc.new"	"softpc.new"	"resolve against this declaring package before treating as any non-MVDM boundary"
"softpc.new/host/inc/mips/prod/evidfunc.h"	"702"	"extern EVID_WRT_POINTERS simple_evid;"	"extern-data-or-function-pointer declaration"	"selected-MVDM declaration; definition is a second-stage package-expansion obligation"	"definition/package BFS"	"simple_evid"	""	"mvdm-host/softpc.new"	"softpc.new"	"resolve against this declaring package before treating as any non-MVDM boundary"
"softpc.new/host/inc/mips/prod/evidfunc.h"	"703"	"extern EVID_WRT_POINTERS gricvid_evid;"	"extern-data-or-function-pointer declaration"	"selected-MVDM declaration; definition is a second-stage package-expansion obligation"	"definition/package BFS"	"gricvid_evid"	""	"mvdm-host/softpc.new"	"softpc.new"	"resolve against this declaring package before treating as any non-MVDM boundary"
"softpc.new/host/inc/mips/prod/evidfunc.h"	"704"	"extern EVID_WRT_POINTERS dith_evid[];"	"extern-data-or-function-pointer declaration"	"selected-MVDM declaration; definition is a second-stage package-expansion obligation"	"definition/package BFS"	"dith_evid"	""	"mvdm-host/softpc.new"	"softpc.new"	"resolve against this declaring package before treating as any non-MVDM boundary"
"softpc.new/host/inc/mips/prod/evidfunc.h"	"705"	"extern EVID_WRT_POINTERS chain2_evid[];"	"extern-data-or-function-pointer declaration"	"selected-MVDM declaration; definition is a second-stage package-expansion obligation"	"definition/package BFS"	"chain2_evid"	""	"mvdm-host/softpc.new"	"softpc.new"	"resolve against this declaring package before treating as any non-MVDM boundary"
"softpc.new/host/inc/mips/prod/evidfunc.h"	"706"	"extern EVID_WRT_POINTERS unchained_evid[];"	"extern-data-or-function-pointer declaration"	"selected-MVDM declaration; definition is a second-stage package-expansion obligation"	"definition/package BFS"	"unchained_evid"	""	"mvdm-host/softpc.new"	"softpc.new"	"resolve against this declaring package before treating as any non-MVDM boundary"
"softpc.new/host/inc/mips/prod/evidfunc.h"	"707"	"extern EVID_WRT_POINTERS chain4_evid[];"	"extern-data-or-function-pointer declaration"	"selected-MVDM declaration; definition is a second-stage package-expansion obligation"	"definition/package BFS"	"chain4_evid"	""	"mvdm-host/softpc.new"	"softpc.new"	"resolve against this declaring package before treating as any non-MVDM boundary"
"softpc.new/host/inc/mips/prod/evidfunc.h"	"708"	"extern EVID_READ_POINTERS simple_read_evid;"	"extern-data-or-function-pointer declaration"	"selected-MVDM declaration; definition is a second-stage package-expansion obligation"	"definition/package BFS"	"simple_read_evid"	""	"mvdm-host/softpc.new"	"softpc.new"	"resolve against this declaring package before treating as any non-MVDM boundary"
"softpc.new/host/inc/mips/prod/evidfunc.h"	"709"	"extern EVID_READ_POINTERS ram_dsbld_read_evid;"	"extern-data-or-function-pointer declaration"	"selected-MVDM declaration; definition is a second-stage package-expansion obligation"	"definition/package BFS"	"ram_dsbld_read_evid"	""	"mvdm-host/softpc.new"	"softpc.new"	"resolve against this declaring package before treating as any non-MVDM boundary"
"softpc.new/host/inc/mips/prod/evidfunc.h"	"710"	"extern EVID_READ_POINTERS read_mode0_evid[];"	"extern-data-or-function-pointer declaration"	"selected-MVDM declaration; definition is a second-stage package-expansion obligation"	"definition/package BFS"	"read_mode0_evid"	""	"mvdm-host/softpc.new"	"softpc.new"	"resolve against this declaring package before treating as any non-MVDM boundary"
"softpc.new/host/inc/mips/prod/evidfunc.h"	"711"	"extern EVID_READ_POINTERS read_mode1_evid[];"	"extern-data-or-function-pointer declaration"	"selected-MVDM declaration; definition is a second-stage package-expansion obligation"	"definition/package BFS"	"read_mode1_evid"	""	"mvdm-host/softpc.new"	"softpc.new"	"resolve against this declaring package before treating as any non-MVDM boundary"
"softpc.new/host/inc/mips/prod/evidfunc.h"	"712"	"extern EVID_MARK_POINTERS simple_mark_evid;"	"extern-data-or-function-pointer declaration"	"selected-MVDM declaration; definition is a second-stage package-expansion obligation"	"definition/package BFS"	"simple_mark_evid"	""	"mvdm-host/softpc.new"	"softpc.new"	"resolve against this declaring package before treating as any non-MVDM boundary"
"softpc.new/host/inc/mips/prod/evidfunc.h"	"713"	"extern EVID_MARK_POINTERS cga_mark_evid;"	"extern-data-or-function-pointer declaration"	"selected-MVDM declaration; definition is a second-stage package-expansion obligation"	"definition/package BFS"	"cga_mark_evid"	""	"mvdm-host/softpc.new"	"softpc.new"	"resolve against this declaring package before treating as any non-MVDM boundary"
"softpc.new/host/inc/mips/prod/evidfunc.h"	"714"	"extern EVID_MARK_POINTERS unchained_mark_evid;"	"extern-data-or-function-pointer declaration"	"selected-MVDM declaration; definition is a second-stage package-expansion obligation"	"definition/package BFS"	"unchained_mark_evid"	""	"mvdm-host/softpc.new"	"softpc.new"	"resolve against this declaring package before treating as any non-MVDM boundary"
"softpc.new/host/inc/mips/prod/evidfunc.h"	"715"	"extern EVID_MARK_POINTERS chain4_mark_evid;"	"extern-data-or-function-pointer declaration"	"selected-MVDM declaration; definition is a second-stage package-expansion obligation"	"definition/package BFS"	"chain4_mark_evid"	""	"mvdm-host/softpc.new"	"softpc.new"	"resolve against this declaring package before treating as any non-MVDM boundary"
"softpc.new/host/inc/mips/prod/evidgen.h"	"17"	"extern	struct	VideoVector	Video;"	"extern-data-or-function-pointer declaration"	"selected-MVDM declaration; definition is a second-stage package-expansion obligation"	"definition/package BFS"	"Video"	""	"mvdm-host/softpc.new"	"softpc.new"	"resolve against this declaring package before treating as any non-MVDM boundary"
"softpc.new/host/inc/mips/prod/gdpvar.h"	"1925"	"extern IHP GDP_PTR;"	"extern-data-or-function-pointer declaration"	"selected-MVDM declaration; definition is a second-stage package-expansion obligation"	"definition/package BFS"	"GDP_PTR"	""	"mvdm-host/softpc.new"	"softpc.new"	"resolve against this declaring package before treating as any non-MVDM boundary"
"softpc.new/host/inc/mips/prod/sas4gen.h"	"122"	"extern	struct	SasVector	Sas;"	"extern-data-or-function-pointer declaration"	"selected-MVDM declaration; definition is a second-stage package-expansion obligation"	"definition/package BFS"	"Sas"	""	"mvdm-host/softpc.new"	"softpc.new"	"resolve against this declaring package before treating as any non-MVDM boundary"
"softpc.new/host/inc/ppc/pig/cpu4gen.h"	"200"	"extern	struct	CpuVector	Cpu;"	"extern-data-or-function-pointer declaration"	"selected-MVDM declaration; definition is a second-stage package-expansion obligation"	"definition/package BFS"	"Cpu"	""	"mvdm-host/softpc.new"	"softpc.new"	"resolve against this declaring package before treating as any non-MVDM boundary"
"softpc.new/host/inc/ppc/pig/evidgen.h"	"17"	"extern	struct	VideoVector	Video;"	"extern-data-or-function-pointer declaration"	"selected-MVDM declaration; definition is a second-stage package-expansion obligation"	"definition/package BFS"	"Video"	""	"mvdm-host/softpc.new"	"softpc.new"	"resolve against this declaring package before treating as any non-MVDM boundary"
"softpc.new/host/inc/ppc/pig/gdpvar.h"	"1925"	"extern IHP GDP_PTR;"	"extern-data-or-function-pointer declaration"	"selected-MVDM declaration; definition is a second-stage package-expansion obligation"	"definition/package BFS"	"GDP_PTR"	""	"mvdm-host/softpc.new"	"softpc.new"	"resolve against this declaring package before treating as any non-MVDM boundary"
"softpc.new/host/inc/ppc/pig/sas4gen.h"	"122"	"extern	struct	SasVector	Sas;"	"extern-data-or-function-pointer declaration"	"selected-MVDM declaration; definition is a second-stage package-expansion obligation"	"definition/package BFS"	"Sas"	""	"mvdm-host/softpc.new"	"softpc.new"	"resolve against this declaring package before treating as any non-MVDM boundary"
"softpc.new/host/inc/ppc/prod/cpu4gen.h"	"200"	"extern	struct	CpuVector	Cpu;"	"extern-data-or-function-pointer declaration"	"selected-MVDM declaration; definition is a second-stage package-expansion obligation"	"definition/package BFS"	"Cpu"	""	"mvdm-host/softpc.new"	"softpc.new"	"resolve against this declaring package before treating as any non-MVDM boundary"
"softpc.new/host/inc/ppc/prod/evidgen.h"	"17"	"extern	struct	VideoVector	Video;"	"extern-data-or-function-pointer declaration"	"selected-MVDM declaration; definition is a second-stage package-expansion obligation"	"definition/package BFS"	"Video"	""	"mvdm-host/softpc.new"	"softpc.new"	"resolve against this declaring package before treating as any non-MVDM boundary"
"softpc.new/host/inc/ppc/prod/gdpvar.h"	"1925"	"extern IHP GDP_PTR;"	"extern-data-or-function-pointer declaration"	"selected-MVDM declaration; definition is a second-stage package-expansion obligation"	"definition/package BFS"	"GDP_PTR"	""	"mvdm-host/softpc.new"	"softpc.new"	"resolve against this declaring package before treating as any non-MVDM boundary"
"softpc.new/host/inc/ppc/prod/sas4gen.h"	"122"	"extern	struct	SasVector	Sas;"	"extern-data-or-function-pointer declaration"	"selected-MVDM declaration; definition is a second-stage package-expansion obligation"	"definition/package BFS"	"Sas"	""	"mvdm-host/softpc.new"	"softpc.new"	"resolve against this declaring package before treating as any non-MVDM boundary"
"softpc.new/host/link/nt_uis.h"	"31"	"extern HANDLE GHModule;	  /* Holds currently run processes module handle */"	"extern-data-or-function-pointer declaration"	"selected-MVDM declaration; definition is a second-stage package-expansion obligation"	"definition/package BFS"	""	""	"mvdm-host/softpc.new"	"softpc.new"	"resolve against this declaring package before treating as any non-MVDM boundary"
"softpc.new/host/src/nt_bop.c"	"711"	"extern  LARGE_INTEGER   CounterStart, FrequenceStart;"	"extern-data-or-function-pointer declaration"	"selected-MVDM declaration; definition is a second-stage package-expansion obligation"	"definition/package BFS"	"FrequenceStart"	""	"mvdm-host/softpc.new"	"softpc.new"	"resolve against this declaring package before treating as any non-MVDM boundary"
"softpc.new/host/src/nt_cga.c"	"50"	"extern char *image_buffer;"	"extern-data-or-function-pointer declaration"	"selected-MVDM declaration; definition is a second-stage package-expansion obligation"	"definition/package BFS"	"image_buffer"	""	"mvdm-host/softpc.new"	"softpc.new"	"resolve against this declaring package before treating as any non-MVDM boundary"
"softpc.new/host/src/nt_cprgs.c"	"385"	"extern reg A;"	"extern-data-or-function-pointer declaration"	"selected-MVDM declaration; definition is a second-stage package-expansion obligation"	"definition/package BFS"	"A"	""	"mvdm-host/softpc.new"	"softpc.new"	"resolve against this declaring package before treating as any non-MVDM boundary"
"softpc.new/host/src/nt_cprgs.c"	"386"	"extern reg B;"	"extern-data-or-function-pointer declaration"	"selected-MVDM declaration; definition is a second-stage package-expansion obligation"	"definition/package BFS"	"B"	""	"mvdm-host/softpc.new"	"softpc.new"	"resolve against this declaring package before treating as any non-MVDM boundary"
"softpc.new/host/src/nt_cprgs.c"	"387"	"extern reg C;"	"extern-data-or-function-pointer declaration"	"selected-MVDM declaration; definition is a second-stage package-expansion obligation"	"definition/package BFS"	"C"	""	"mvdm-host/softpc.new"	"softpc.new"	"resolve against this declaring package before treating as any non-MVDM boundary"
"softpc.new/host/src/nt_cprgs.c"	"388"	"extern reg D;"	"extern-data-or-function-pointer declaration"	"selected-MVDM declaration; definition is a second-stage package-expansion obligation"	"definition/package BFS"	"D"	""	"mvdm-host/softpc.new"	"softpc.new"	"resolve against this declaring package before treating as any non-MVDM boundary"
"softpc.new/host/src/nt_cprgs.c"	"389"	"extern reg SP;"	"extern-data-or-function-pointer declaration"	"selected-MVDM declaration; definition is a second-stage package-expansion obligation"	"definition/package BFS"	"SP"	""	"mvdm-host/softpc.new"	"softpc.new"	"resolve against this declaring package before treating as any non-MVDM boundary"
"softpc.new/host/src/nt_cprgs.c"	"390"	"extern reg BP;"	"extern-data-or-function-pointer declaration"	"selected-MVDM declaration; definition is a second-stage package-expansion obligation"	"definition/package BFS"	"BP"	"vdmexts/debug.c:264"	"mvdm-host/softpc.new"	"softpc.new"	"resolve against this declaring package before treating as any non-MVDM boundary"
"softpc.new/host/src/nt_cprgs.c"	"391"	"extern reg SI;"	"extern-data-or-function-pointer declaration"	"selected-MVDM declaration; definition is a second-stage package-expansion obligation"	"definition/package BFS"	"SI"	""	"mvdm-host/softpc.new"	"softpc.new"	"resolve against this declaring package before treating as any non-MVDM boundary"
"softpc.new/host/src/nt_cprgs.c"	"392"	"extern reg DI;"	"extern-data-or-function-pointer declaration"	"selected-MVDM declaration; definition is a second-stage package-expansion obligation"	"definition/package BFS"	"DI"	"vdmexts/misc.c:664"	"mvdm-host/softpc.new"	"softpc.new"	"resolve against this declaring package before treating as any non-MVDM boundary"
"softpc.new/host/src/nt_cprgs.c"	"393"	"extern reg CS;"	"extern-data-or-function-pointer declaration"	"selected-MVDM declaration; definition is a second-stage package-expansion obligation"	"definition/package BFS"	"CS"	""	"mvdm-host/softpc.new"	"softpc.new"	"resolve against this declaring package before treating as any non-MVDM boundary"
"softpc.new/host/src/nt_cprgs.c"	"394"	"extern reg DS;"	"extern-data-or-function-pointer declaration"	"selected-MVDM declaration; definition is a second-stage package-expansion obligation"	"definition/package BFS"	"DS"	""	"mvdm-host/softpc.new"	"softpc.new"	"resolve against this declaring package before treating as any non-MVDM boundary"
"softpc.new/host/src/nt_cprgs.c"	"395"	"extern reg SS;"	"extern-data-or-function-pointer declaration"	"selected-MVDM declaration; definition is a second-stage package-expansion obligation"	"definition/package BFS"	"SS"	""	"mvdm-host/softpc.new"	"softpc.new"	"resolve against this declaring package before treating as any non-MVDM boundary"
"softpc.new/host/src/nt_cprgs.c"	"396"	"extern reg ES;"	"extern-data-or-function-pointer declaration"	"selected-MVDM declaration; definition is a second-stage package-expansion obligation"	"definition/package BFS"	"ES"	"bde/bdecmds.c:235;vdmexts/platform.c:32"	"mvdm-host/softpc.new"	"softpc.new"	"resolve against this declaring package before treating as any non-MVDM boundary"
"softpc.new/host/src/nt_cprgs.c"	"397"	"extern reg IP;"	"extern-data-or-function-pointer declaration"	"selected-MVDM declaration; definition is a second-stage package-expansion obligation"	"definition/package BFS"	"IP"	""	"mvdm-host/softpc.new"	"softpc.new"	"resolve against this declaring package before treating as any non-MVDM boundary"
"softpc.new/host/src/nt_cprgs.c"	"399"	"extern word m_s_w;"	"extern-data-or-function-pointer declaration"	"selected-MVDM declaration; definition is a second-stage package-expansion obligation"	"definition/package BFS"	"m_s_w"	""	"mvdm-host/softpc.new"	"softpc.new"	"resolve against this declaring package before treating as any non-MVDM boundary"
"softpc.new/host/src/nt_cprgs.c"	"1025"	"extern sreg INTEL_STATUS;"	"extern-data-or-function-pointer declaration"	"selected-MVDM declaration; definition is a second-stage package-expansion obligation"	"definition/package BFS"	"INTEL_STATUS"	""	"mvdm-host/softpc.new"	"softpc.new"	"resolve against this declaring package before treating as any non-MVDM boundary"
"softpc.new/host/src/nt_cprgs.c"	"1027"	"extern int	R_INTR;"	"extern-data-or-function-pointer declaration"	"selected-MVDM declaration; definition is a second-stage package-expansion obligation"	"definition/package BFS"	"R_INTR"	""	"mvdm-host/softpc.new"	"softpc.new"	"resolve against this declaring package before treating as any non-MVDM boundary"
"softpc.new/host/src/nt_cprgs.c"	"1028"	"extern reg R_AX;		/* Accumulator		*/"	"extern-data-or-function-pointer declaration"	"selected-MVDM declaration; definition is a second-stage package-expansion obligation"	"definition/package BFS"	""	""	"mvdm-host/softpc.new"	"softpc.new"	"resolve against this declaring package before treating as any non-MVDM boundary"
"softpc.new/host/src/nt_cprgs.c"	"1029"	"extern reg R_BX;		/* Base			*/"	"extern-data-or-function-pointer declaration"	"selected-MVDM declaration; definition is a second-stage package-expansion obligation"	"definition/package BFS"	""	""	"mvdm-host/softpc.new"	"softpc.new"	"resolve against this declaring package before treating as any non-MVDM boundary"
"softpc.new/host/src/nt_cprgs.c"	"1030"	"extern reg R_CX;		/* Count		*/"	"extern-data-or-function-pointer declaration"	"selected-MVDM declaration; definition is a second-stage package-expansion obligation"	"definition/package BFS"	""	""	"mvdm-host/softpc.new"	"softpc.new"	"resolve against this declaring package before treating as any non-MVDM boundary"
"softpc.new/host/src/nt_cprgs.c"	"1031"	"extern reg R_DX;		/* Data			*/"	"extern-data-or-function-pointer declaration"	"selected-MVDM declaration; definition is a second-stage package-expansion obligation"	"definition/package BFS"	""	""	"mvdm-host/softpc.new"	"softpc.new"	"resolve against this declaring package before treating as any non-MVDM boundary"
"softpc.new/host/src/nt_cprgs.c"	"1032"	"extern reg R_SP;		/* Stack Pointer	*/"	"extern-data-or-function-pointer declaration"	"selected-MVDM declaration; definition is a second-stage package-expansion obligation"	"definition/package BFS"	""	""	"mvdm-host/softpc.new"	"softpc.new"	"resolve against this declaring package before treating as any non-MVDM boundary"
"softpc.new/host/src/nt_cprgs.c"	"1033"	"extern reg R_BP;		/* Base pointer		*/"	"extern-data-or-function-pointer declaration"	"selected-MVDM declaration; definition is a second-stage package-expansion obligation"	"definition/package BFS"	""	""	"mvdm-host/softpc.new"	"softpc.new"	"resolve against this declaring package before treating as any non-MVDM boundary"
"softpc.new/host/src/nt_cprgs.c"	"1034"	"extern reg R_SI;		/* Source Index		*/"	"extern-data-or-function-pointer declaration"	"selected-MVDM declaration; definition is a second-stage package-expansion obligation"	"definition/package BFS"	""	""	"mvdm-host/softpc.new"	"softpc.new"	"resolve against this declaring package before treating as any non-MVDM boundary"
"softpc.new/host/src/nt_cprgs.c"	"1035"	"extern reg R_DI;		/* Destination Index	*/"	"extern-data-or-function-pointer declaration"	"selected-MVDM declaration; definition is a second-stage package-expansion obligation"	"definition/package BFS"	""	""	"mvdm-host/softpc.new"	"softpc.new"	"resolve against this declaring package before treating as any non-MVDM boundary"
"softpc.new/host/src/nt_cprgs.c"	"1037"	"extern double_word R_OPA;"	"extern-data-or-function-pointer declaration"	"selected-MVDM declaration; definition is a second-stage package-expansion obligation"	"definition/package BFS"	"R_OPA"	""	"mvdm-host/softpc.new"	"softpc.new"	"resolve against this declaring package before treating as any non-MVDM boundary"
"softpc.new/host/src/nt_cprgs.c"	"1038"	"extern double_word R_OPB;"	"extern-data-or-function-pointer declaration"	"selected-MVDM declaration; definition is a second-stage package-expansion obligation"	"definition/package BFS"	"R_OPB"	""	"mvdm-host/softpc.new"	"softpc.new"	"resolve against this declaring package before treating as any non-MVDM boundary"
"softpc.new/host/src/nt_cprgs.c"	"1039"	"extern double_word R_OPR;"	"extern-data-or-function-pointer declaration"	"selected-MVDM declaration; definition is a second-stage package-expansion obligation"	"definition/package BFS"	"R_OPR"	""	"mvdm-host/softpc.new"	"softpc.new"	"resolve against this declaring package before treating as any non-MVDM boundary"
"softpc.new/host/src/nt_cprgs.c"	"1040"	"extern int	R_MISC_FLAGS;"	"extern-data-or-function-pointer declaration"	"selected-MVDM declaration; definition is a second-stage package-expansion obligation"	"definition/package BFS"	"R_MISC_FLAGS"	""	"mvdm-host/softpc.new"	"softpc.new"	"resolve against this declaring package before treating as any non-MVDM boundary"
"softpc.new/host/src/nt_cprgs.c"	"1042"	"extern sys_addr R_IP;		/* Instruction Pointer	*/"	"extern-data-or-function-pointer declaration"	"selected-MVDM declaration; definition is a second-stage package-expansion obligation"	"definition/package BFS"	""	""	"mvdm-host/softpc.new"	"softpc.new"	"resolve against this declaring package before treating as any non-MVDM boundary"
"softpc.new/host/src/nt_cprgs.c"	"1044"	"extern sys_addr R_ACT_CS;	/* Code Segment	*/"	"extern-data-or-function-pointer declaration"	"selected-MVDM declaration; definition is a second-stage package-expansion obligation"	"definition/package BFS"	""	""	"mvdm-host/softpc.new"	"softpc.new"	"resolve against this declaring package before treating as any non-MVDM boundary"
"softpc.new/host/src/nt_cprgs.c"	"1045"	"extern sys_addr R_ACT_DS;	/* Data Segment */"	"extern-data-or-function-pointer declaration"	"selected-MVDM declaration; definition is a second-stage package-expansion obligation"	"definition/package BFS"	""	""	"mvdm-host/softpc.new"	"softpc.new"	"resolve against this declaring package before treating as any non-MVDM boundary"
"softpc.new/host/src/nt_cprgs.c"	"1046"	"extern sys_addr R_ACT_SS;	/* Stack Segment */"	"extern-data-or-function-pointer declaration"	"selected-MVDM declaration; definition is a second-stage package-expansion obligation"	"definition/package BFS"	""	""	"mvdm-host/softpc.new"	"softpc.new"	"resolve against this declaring package before treating as any non-MVDM boundary"
"softpc.new/host/src/nt_cprgs.c"	"1047"	"extern sys_addr R_ACT_ES;	/* Extra Segment */"	"extern-data-or-function-pointer declaration"	"selected-MVDM declaration; definition is a second-stage package-expansion obligation"	"definition/package BFS"	""	""	"mvdm-host/softpc.new"	"softpc.new"	"resolve against this declaring package before treating as any non-MVDM boundary"
"softpc.new/host/src/nt_cprgs.c"	"1049"	"extern sys_addr R_DEF_SS;	/* Default SS register  */"	"extern-data-or-function-pointer declaration"	"selected-MVDM declaration; definition is a second-stage package-expansion obligation"	"definition/package BFS"	""	""	"mvdm-host/softpc.new"	"softpc.new"	"resolve against this declaring package before treating as any non-MVDM boundary"
"softpc.new/host/src/nt_cprgs.c"	"1050"	"extern sys_addr R_DEF_DS;	/* Default DS register  */"	"extern-data-or-function-pointer declaration"	"selected-MVDM declaration; definition is a second-stage package-expansion obligation"	"definition/package BFS"	""	""	"mvdm-host/softpc.new"	"softpc.new"	"resolve against this declaring package before treating as any non-MVDM boundary"
"softpc.new/host/src/nt_cprgs.c"	"1795"	"extern union SDOS_XTSS *sdos_xtss_ptr;"	"extern-data-or-function-pointer declaration"	"selected-MVDM declaration; definition is a second-stage package-expansion obligation"	"definition/package BFS"	"sdos_xtss_ptr"	""	"mvdm-host/softpc.new"	"softpc.new"	"resolve against this declaring package before treating as any non-MVDM boundary"
"softpc.new/host/src/nt_cpu.c"	"49"	"extern word	m_s_w;"	"extern-data-or-function-pointer declaration"	"selected-MVDM declaration; definition is a second-stage package-expansion obligation"	"definition/package BFS"	"m_s_w"	""	"mvdm-host/softpc.new"	"softpc.new"	"resolve against this declaring package before treating as any non-MVDM boundary"
"softpc.new/host/src/nt_cpu.c"	"61"	"extern RTL_CRITICAL_SECTION IcaLock;"	"extern-data-or-function-pointer declaration"	"selected-MVDM declaration; definition is a second-stage package-expansion obligation"	"definition/package BFS"	"IcaLock"	""	"mvdm-host/softpc.new"	"softpc.new"	"resolve against this declaring package before treating as any non-MVDM boundary"
"softpc.new/host/src/nt_det.c"	"70"	"extern DISPLAY_MODE choose_mode[];"	"extern-data-or-function-pointer declaration"	"selected-MVDM declaration; definition is a second-stage package-expansion obligation"	"definition/package BFS"	"choose_mode"	""	"mvdm-host/softpc.new"	"softpc.new"	"resolve against this declaring package before treating as any non-MVDM boundary"
"softpc.new/host/src/nt_det.c"	"1561"	"extern half_word *vidpl16;"	"extern-data-or-function-pointer declaration"	"selected-MVDM declaration; definition is a second-stage package-expansion obligation"	"definition/package BFS"	"vidpl16"	""	"mvdm-host/softpc.new"	"softpc.new"	"resolve against this declaring package before treating as any non-MVDM boundary"
"softpc.new/host/src/nt_eoi.c"	"41"	"extern PVOID CurrentMonitorTeb;"	"extern-data-or-function-pointer declaration"	"selected-MVDM declaration; definition is a second-stage package-expansion obligation"	"definition/package BFS"	"CurrentMonitorTeb"	""	"mvdm-host/softpc.new"	"softpc.new"	"resolve against this declaring package before treating as any non-MVDM boundary"
"softpc.new/host/src/nt_eoi.c"	"72"	"extern LARGE_INTEGER CurrHeartBeat;"	"extern-data-or-function-pointer declaration"	"selected-MVDM declaration; definition is a second-stage package-expansion obligation"	"definition/package BFS"	"CurrHeartBeat"	""	"mvdm-host/softpc.new"	"softpc.new"	"resolve against this declaring package before treating as any non-MVDM boundary"
"softpc.new/host/src/nt_fdisk.c"	"238"	"extern mvdm_guest_location current_pdb_location;"	"extern-data-or-function-pointer declaration"	"selected-MVDM declaration; definition is a second-stage package-expansion obligation"	"definition/package BFS"	"current_pdb_location"	""	"mvdm-host/softpc.new"	"softpc.new"	"resolve against this declaring package before treating as any non-MVDM boundary"
"softpc.new/host/src/nt_graph.c"	"78"	"extern int  ega_int_enable;"	"extern-data-or-function-pointer declaration"	"selected-MVDM declaration; definition is a second-stage package-expansion obligation"	"definition/package BFS"	"ega_int_enable"	""	"mvdm-host/softpc.new"	"softpc.new"	"resolve against this declaring package before treating as any non-MVDM boundary"
"softpc.new/host/src/nt_graph.c"	"81"	"extern byte  *video_copy;"	"extern-data-or-function-pointer declaration"	"selected-MVDM declaration; definition is a second-stage package-expansion obligation"	"definition/package BFS"	"video_copy"	""	"mvdm-host/softpc.new"	"softpc.new"	"resolve against this declaring package before treating as any non-MVDM boundary"
"softpc.new/host/src/nt_graph.c"	"443"	"extern BYTE     Red[];"	"extern-data-or-function-pointer declaration"	"selected-MVDM declaration; definition is a second-stage package-expansion obligation"	"definition/package BFS"	"Red"	""	"mvdm-host/softpc.new"	"softpc.new"	"resolve against this declaring package before treating as any non-MVDM boundary"
"softpc.new/host/src/nt_graph.c"	"444"	"extern BYTE     Green[];"	"extern-data-or-function-pointer declaration"	"selected-MVDM declaration; definition is a second-stage package-expansion obligation"	"definition/package BFS"	"Green"	""	"mvdm-host/softpc.new"	"softpc.new"	"resolve against this declaring package before treating as any non-MVDM boundary"
"softpc.new/host/src/nt_graph.c"	"445"	"extern BYTE     Blue[];"	"extern-data-or-function-pointer declaration"	"selected-MVDM declaration; definition is a second-stage package-expansion obligation"	"definition/package BFS"	"Blue"	""	"mvdm-host/softpc.new"	"softpc.new"	"resolve against this declaring package before treating as any non-MVDM boundary"
"softpc.new/host/src/nt_graph.c"	"1356"	"extern int BlockModeChange; /* Tim August 92, in nt_fulsc.c */"	"extern-data-or-function-pointer declaration"	"selected-MVDM declaration; definition is a second-stage package-expansion obligation"	"definition/package BFS"	""	""	"mvdm-host/softpc.new"	"softpc.new"	"resolve against this declaring package before treating as any non-MVDM boundary"
"softpc.new/host/src/nt_graph.c"	"1555"	"extern int soft_reset;"	"extern-data-or-function-pointer declaration"	"selected-MVDM declaration; definition is a second-stage package-expansion obligation"	"definition/package BFS"	"soft_reset"	""	"mvdm-host/softpc.new"	"softpc.new"	"resolve against this declaring package before treating as any non-MVDM boundary"
"softpc.new/host/src/nt_hunt.c"	"40"	"extern HANDLE InstHandle;"	"extern-data-or-function-pointer declaration"	"selected-MVDM declaration; definition is a second-stage package-expansion obligation"	"definition/package BFS"	"InstHandle"	""	"mvdm-host/softpc.new"	"softpc.new"	"resolve against this declaring package before treating as any non-MVDM boundary"
"softpc.new/host/src/nt_lpt.c"	"85"	"extern  sys_addr lp16BitPrtBuf;"	"extern-data-or-function-pointer declaration"	"selected-MVDM declaration; definition is a second-stage package-expansion obligation"	"definition/package BFS"	"lp16BitPrtBuf"	""	"mvdm-host/softpc.new"	"softpc.new"	"resolve against this declaring package before treating as any non-MVDM boundary"
"softpc.new/host/src/nt_lpt.c"	"86"	"extern  sys_addr lp16BitPrtCount;"	"extern-data-or-function-pointer declaration"	"selected-MVDM declaration; definition is a second-stage package-expansion obligation"	"definition/package BFS"	"lp16BitPrtCount"	""	"mvdm-host/softpc.new"	"softpc.new"	"resolve against this declaring package before treating as any non-MVDM boundary"
"softpc.new/host/src/nt_lpt.c"	"87"	"extern  sys_addr lp16BitPrtId;"	"extern-data-or-function-pointer declaration"	"selected-MVDM declaration; definition is a second-stage package-expansion obligation"	"definition/package BFS"	"lp16BitPrtId"	""	"mvdm-host/softpc.new"	"softpc.new"	"resolve against this declaring package before treating as any non-MVDM boundary"
"softpc.new/host/src/nt_msscs.c"	"47"	"extern DWORD TlsDirectError;"	"extern-data-or-function-pointer declaration"	"selected-MVDM declaration; definition is a second-stage package-expansion obligation"	"definition/package BFS"	"TlsDirectError"	""	"mvdm-host/softpc.new"	"softpc.new"	"resolve against this declaring package before treating as any non-MVDM boundary"
"softpc.new/host/src/nt_reset.c"	"61"	"extern VIDEOFUNCS nt_video_funcs;"	"extern-data-or-function-pointer declaration"	"selected-MVDM declaration; definition is a second-stage package-expansion obligation"	"definition/package BFS"	"nt_video_funcs"	""	"mvdm-host/softpc.new"	"softpc.new"	"resolve against this declaring package before treating as any non-MVDM boundary"
"softpc.new/host/src/nt_reset.c"	"62"	"extern KEYBDFUNCS nt_keybd_funcs;"	"extern-data-or-function-pointer declaration"	"selected-MVDM declaration; definition is a second-stage package-expansion obligation"	"definition/package BFS"	"nt_keybd_funcs"	""	"mvdm-host/softpc.new"	"softpc.new"	"resolve against this declaring package before treating as any non-MVDM boundary"
"softpc.new/host/src/nt_reset.c"	"63"	"extern HOSTMOUSEFUNCS the_mouse_funcs;"	"extern-data-or-function-pointer declaration"	"selected-MVDM declaration; definition is a second-stage package-expansion obligation"	"definition/package BFS"	"the_mouse_funcs"	""	"mvdm-host/softpc.new"	"softpc.new"	"resolve against this declaring package before treating as any non-MVDM boundary"
"softpc.new/host/src/nt_reset.c"	"66"	"extern WORD BWVKey;"	"extern-data-or-function-pointer declaration"	"selected-MVDM declaration; definition is a second-stage package-expansion obligation"	"definition/package BFS"	"BWVKey"	""	"mvdm-host/softpc.new"	"softpc.new"	"resolve against this declaring package before treating as any non-MVDM boundary"
"softpc.new/host/src/nt_reset.c"	"67"	"extern char achES[];"	"extern-data-or-function-pointer declaration"	"selected-MVDM declaration; definition is a second-stage package-expansion obligation"	"definition/package BFS"	"achES"	""	"mvdm-host/softpc.new"	"softpc.new"	"resolve against this declaring package before treating as any non-MVDM boundary"
"softpc.new/host/src/nt_reset.c"	"74"	"extern IU8 lcifo[];"	"extern-data-or-function-pointer declaration"	"selected-MVDM declaration; definition is a second-stage package-expansion obligation"	"definition/package BFS"	"lcifo"	""	"mvdm-host/softpc.new"	"softpc.new"	"resolve against this declaring package before treating as any non-MVDM boundary"
"softpc.new/host/src/nt_rflop.c"	"248"	"extern mvdm_guest_location current_pdb_location;"	"extern-data-or-function-pointer declaration"	"selected-MVDM declaration; definition is a second-stage package-expansion obligation"	"definition/package BFS"	"current_pdb_location"	""	"mvdm-host/softpc.new"	"softpc.new"	"resolve against this declaring package before treating as any non-MVDM boundary"
"softpc.new/host/src/nt_rflop.c"	"291"	"extern UTINY number_of_floppy;"	"extern-data-or-function-pointer declaration"	"selected-MVDM declaration; definition is a second-stage package-expansion obligation"	"definition/package BFS"	"number_of_floppy"	""	"mvdm-host/softpc.new"	"softpc.new"	"resolve against this declaring package before treating as any non-MVDM boundary"
"softpc.new/host/src/nt_sec.c"	"117"	"extern RTL_CRITICAL_SECTION IcaLock;"	"extern-data-or-function-pointer declaration"	"selected-MVDM declaration; definition is a second-stage package-expansion obligation"	"definition/package BFS"	"IcaLock"	""	"mvdm-host/softpc.new"	"softpc.new"	"resolve against this declaring package before treating as any non-MVDM boundary"
"softpc.new/host/src/nt_sec.c"	"118"	"extern HANDLE hWowIdleEvent;"	"extern-data-or-function-pointer declaration"	"selected-MVDM declaration; definition is a second-stage package-expansion obligation"	"definition/package BFS"	"hWowIdleEvent"	""	"mvdm-host/softpc.new"	"softpc.new"	"resolve against this declaring package before treating as any non-MVDM boundary"
"softpc.new/host/src/nt_unix.c"	"43"	"extern  char    *_sys_errlist[];"	"extern-data-or-function-pointer declaration"	"selected-MVDM declaration; definition is a second-stage package-expansion obligation"	"definition/package BFS"	"_sys_errlist"	""	"mvdm-host/softpc.new"	"softpc.new"	"resolve against this declaring package before treating as any non-MVDM boundary"
"softpc.new/host/src/nt_unix.c"	"44"	"extern  int     _sys_nerr;"	"extern-data-or-function-pointer declaration"	"selected-MVDM declaration; definition is a second-stage package-expansion obligation"	"definition/package BFS"	"_sys_nerr"	""	"mvdm-host/softpc.new"	"softpc.new"	"resolve against this declaring package before treating as any non-MVDM boundary"
"softpc.new/host/src/nt_yoda.c"	"119"	"extern struct HOST_COM host_com[];"	"extern-data-or-function-pointer declaration"	"selected-MVDM declaration; definition is a second-stage package-expansion obligation"	"definition/package BFS"	"host_com"	""	"mvdm-host/softpc.new"	"softpc.new"	"resolve against this declaring package before treating as any non-MVDM boundary"
"softpc.new/host/src/nt_yoda.c"	"120"	"extern struct HOST_LPT host_lpt[];"	"extern-data-or-function-pointer declaration"	"selected-MVDM declaration; definition is a second-stage package-expansion obligation"	"definition/package BFS"	"host_lpt"	""	"mvdm-host/softpc.new"	"softpc.new"	"resolve against this declaring package before treating as any non-MVDM boundary"
"softpc.new/host/src/nt_yoda.c"	"123"	"extern int vader;"	"extern-data-or-function-pointer declaration"	"selected-MVDM declaration; definition is a second-stage package-expansion obligation"	"definition/package BFS"	"vader"	""	"mvdm-host/softpc.new"	"softpc.new"	"resolve against this declaring package before treating as any non-MVDM boundary"
"softpc.new/host/src/stubs.c"	"337"	"extern char *GDP;"	"extern-data-or-function-pointer declaration"	"selected-MVDM declaration; definition is a second-stage package-expansion obligation"	"definition/package BFS"	"GDP"	""	"mvdm-host/softpc.new"	"softpc.new"	"resolve against this declaring package before treating as any non-MVDM boundary"
"softpc.new/host/src/stubs.c"	"366"	"extern char *GDP;"	"extern-data-or-function-pointer declaration"	"selected-MVDM declaration; definition is a second-stage package-expansion obligation"	"definition/package BFS"	"GDP"	""	"mvdm-host/softpc.new"	"softpc.new"	"resolve against this declaring package before treating as any non-MVDM boundary"
"softpc.new/host/src/stubs.c"	"371"	"extern char *GDP;"	"extern-data-or-function-pointer declaration"	"selected-MVDM declaration; definition is a second-stage package-expansion obligation"	"definition/package BFS"	"GDP"	""	"mvdm-host/softpc.new"	"softpc.new"	"resolve against this declaring package before treating as any non-MVDM boundary"
"softpc.new/host/src/stubs.c"	"376"	"extern char *GDP;"	"extern-data-or-function-pointer declaration"	"selected-MVDM declaration; definition is a second-stage package-expansion obligation"	"definition/package BFS"	"GDP"	""	"mvdm-host/softpc.new"	"softpc.new"	"resolve against this declaring package before treating as any non-MVDM boundary"
"softpc.new/host/src/stubs.c"	"381"	"extern char *GDP;"	"extern-data-or-function-pointer declaration"	"selected-MVDM declaration; definition is a second-stage package-expansion obligation"	"definition/package BFS"	"GDP"	""	"mvdm-host/softpc.new"	"softpc.new"	"resolve against this declaring package before treating as any non-MVDM boundary"
"v86/monitor/i386/monitor.c"	"116"	"extern PVOID NTVDMpLockPrefixTable;"	"extern-data-or-function-pointer declaration"	"selected-MVDM declaration; definition is a second-stage package-expansion obligation"	"definition/package BFS"	"NTVDMpLockPrefixTable"	""	"mvdm-host/v86"	"v86"	"resolve against this declaring package before treating as any non-MVDM boundary"
"v86/monitor/i386/monitorp.h"	"64"	"extern ULONG VdmFlags;"	"extern-data-or-function-pointer declaration"	"selected-MVDM declaration; definition is a second-stage package-expansion obligation"	"definition/package BFS"	"VdmFlags"	""	"mvdm-host/v86"	"v86"	"resolve against this declaring package before treating as any non-MVDM boundary"
"v86/monitor/i386/monitorp.h"	"65"	"extern ULONG VdmSize;"	"extern-data-or-function-pointer declaration"	"selected-MVDM declaration; definition is a second-stage package-expansion obligation"	"definition/package BFS"	"VdmSize"	""	"mvdm-host/v86"	"v86"	"resolve against this declaring package before treating as any non-MVDM boundary"
"v86/monitor/i386/monitorp.h"	"66"	"extern LDT_ENTRY *Ldt;"	"extern-data-or-function-pointer declaration"	"selected-MVDM declaration; definition is a second-stage package-expansion obligation"	"definition/package BFS"	"Ldt"	""	"mvdm-host/v86"	"v86"	"resolve against this declaring package before treating as any non-MVDM boundary"
"v86/monitor/i386/monitorp.h"	"67"	"extern ULONG   IntelBase;          // base memory address"	"extern-data-or-function-pointer declaration"	"selected-MVDM declaration; definition is a second-stage package-expansion obligation"	"definition/package BFS"	""	""	"mvdm-host/v86"	"v86"	"resolve against this declaring package before treating as any non-MVDM boundary"
"v86/monitor/i386/monitorp.h"	"68"	"extern ULONG   VdmDebugLevel;      // used to control debugging"	"extern-data-or-function-pointer declaration"	"selected-MVDM declaration; definition is a second-stage package-expansion obligation"	"definition/package BFS"	""	""	"mvdm-host/v86"	"v86"	"resolve against this declaring package before treating as any non-MVDM boundary"
"v86/monitor/i386/monitorp.h"	"69"	"extern ULONG   IntelMSW;           // Msw value (no msw in context)"	"extern-data-or-function-pointer declaration"	"selected-MVDM declaration; definition is a second-stage package-expansion obligation"	"definition/package BFS"	""	""	"mvdm-host/v86"	"v86"	"resolve against this declaring package before treating as any non-MVDM boundary"
"v86/monitor/i386/monitorp.h"	"70"	"extern ULONG   VdmSize;            // Size of memory in VDM"	"extern-data-or-function-pointer declaration"	"selected-MVDM declaration; definition is a second-stage package-expansion obligation"	"definition/package BFS"	""	""	"mvdm-host/v86"	"v86"	"resolve against this declaring package before treating as any non-MVDM boundary"
"v86/monitor/i386/monitorp.h"	"71"	"extern PVOID  CurrentMonitorTeb;   // thread that is currently executing instructions."	"extern-data-or-function-pointer declaration"	"selected-MVDM declaration; definition is a second-stage package-expansion obligation"	"definition/package BFS"	""	""	"mvdm-host/v86"	"v86"	"resolve against this declaring package before treating as any non-MVDM boundary"
"v86/monitor/i386/monitorp.h"	"72"	"extern BOOLEAN IRQ13BeingHandled;  // true until IRQ13 eoi'ed"	"extern-data-or-function-pointer declaration"	"selected-MVDM declaration; definition is a second-stage package-expansion obligation"	"definition/package BFS"	""	""	"mvdm-host/v86"	"v86"	"resolve against this declaring package before treating as any non-MVDM boundary"
"v86/monitor/i386/monitorp.h"	"73"	"extern CONTEXT InitialContext;     // Initial floating point context for all threads"	"extern-data-or-function-pointer declaration"	"selected-MVDM declaration; definition is a second-stage package-expansion obligation"	"definition/package BFS"	""	""	"mvdm-host/v86"	"v86"	"resolve against this declaring package before treating as any non-MVDM boundary"
"v86/monitor/i386/monitorp.h"	"74"	"extern BOOLEAN DebugContextActive;"	"extern-data-or-function-pointer declaration"	"selected-MVDM declaration; definition is a second-stage package-expansion obligation"	"definition/package BFS"	"DebugContextActive"	""	"mvdm-host/v86"	"v86"	"resolve against this declaring package before treating as any non-MVDM boundary"
"v86/monitor/i386/proflib.c"	"100"	"extern ULONG ProfInt;"	"extern-data-or-function-pointer declaration"	"selected-MVDM declaration; definition is a second-stage package-expansion obligation"	"definition/package BFS"	"ProfInt"	""	"mvdm-host/v86"	"v86"	"resolve against this declaring package before treating as any non-MVDM boundary"
"v86/monitor/i386/sas.c"	"78"	"extern READ_POINTERS read_pointers;"	"extern-data-or-function-pointer declaration"	"selected-MVDM declaration; definition is a second-stage package-expansion obligation"	"definition/package BFS"	"read_pointers"	""	"mvdm-host/v86"	"v86"	"resolve against this declaring package before treating as any non-MVDM boundary"
"v86/scaffold/i386/fakebop.c"	"14"	"extern CONTEXT IntelRegisters;"	"extern-data-or-function-pointer declaration"	"selected-MVDM declaration; definition is a second-stage package-expansion obligation"	"definition/package BFS"	"IntelRegisters"	""	"mvdm-host/v86"	"v86"	"resolve against this declaring package before treating as any non-MVDM boundary"
"v86/scaffold/i386/fakekbd.c"	"38"	"extern HANDLE InputHandle;"	"extern-data-or-function-pointer declaration"	"selected-MVDM declaration; definition is a second-stage package-expansion obligation"	"definition/package BFS"	"InputHandle"	""	"mvdm-host/v86"	"v86"	"resolve against this declaring package before treating as any non-MVDM boundary"
"v86/scaffold/i386/fakekbd.c"	"261"	"extern BOOL VDMForWOW;"	"extern-data-or-function-pointer declaration"	"selected-MVDM declaration; definition is a second-stage package-expansion obligation"	"definition/package BFS"	"VDMForWOW"	""	"mvdm-host/v86"	"v86"	"resolve against this declaring package before treating as any non-MVDM boundary"
"v86/scaffold/i386/fakekbd.c"	"262"	"extern ULONG iWOWTaskId;"	"extern-data-or-function-pointer declaration"	"selected-MVDM declaration; definition is a second-stage package-expansion obligation"	"definition/package BFS"	"iWOWTaskId"	""	"mvdm-host/v86"	"v86"	"resolve against this declaring package before treating as any non-MVDM boundary"
"v86/scaffold/i386/fakevid.c"	"43"	"extern	HANDLE OutputHandle;"	"extern-data-or-function-pointer declaration"	"selected-MVDM declaration; definition is a second-stage package-expansion obligation"	"definition/package BFS"	"OutputHandle"	""	"mvdm-host/v86"	"v86"	"resolve against this declaring package before treating as any non-MVDM boundary"
"v86/scaffold/i386/fakevid.c"	"44"	"extern	HANDLE InputHandle;"	"extern-data-or-function-pointer declaration"	"selected-MVDM declaration; definition is a second-stage package-expansion obligation"	"definition/package BFS"	"InputHandle"	""	"mvdm-host/v86"	"v86"	"resolve against this declaring package before treating as any non-MVDM boundary"
"v86/scaffold/i386/softpc.c"	"17"	"extern CONTEXT IntelRegisters;"	"extern-data-or-function-pointer declaration"	"selected-MVDM declaration; definition is a second-stage package-expansion obligation"	"definition/package BFS"	"IntelRegisters"	""	"mvdm-host/v86"	"v86"	"resolve against this declaring package before treating as any non-MVDM boundary"
"v86/scaffold/i386/x86.h"	"320"	"extern FILE *hfLog;"	"extern-data-or-function-pointer declaration"	"selected-MVDM declaration; definition is a second-stage package-expansion obligation"	"definition/package BFS"	"hfLog"	""	"mvdm-host/v86"	"v86"	"resolve against this declaring package before treating as any non-MVDM boundary"
"v86/scaffold/i386/x86.h"	"321"	"extern INT  flOptions;	// command-line options (see OPT_*)"	"extern-data-or-function-pointer declaration"	"selected-MVDM declaration; definition is a second-stage package-expansion obligation"	"definition/package BFS"	""	""	"mvdm-host/v86"	"v86"	"resolve against this declaring package before treating as any non-MVDM boundary"
"v86/scaffold/i386/x86.h"	"322"	"extern INT  flSignals;	// signal flags (see SIGNAL_*)"	"extern-data-or-function-pointer declaration"	"selected-MVDM declaration; definition is a second-stage package-expansion obligation"	"definition/package BFS"	""	""	"mvdm-host/v86"	"v86"	"resolve against this declaring package before treating as any non-MVDM boundary"
"v86/scaffold/i386/x86.h"	"323"	"extern INT  iSigCheck;	// counter indicating when to make next check"	"extern-data-or-function-pointer declaration"	"selected-MVDM declaration; definition is a second-stage package-expansion obligation"	"definition/package BFS"	""	""	"mvdm-host/v86"	"v86"	"resolve against this declaring package before treating as any non-MVDM boundary"
"v86/scaffold/i386/x86.h"	"324"	"extern INT  iSigLevel;	// counter indicating whether to take default action"	"extern-data-or-function-pointer declaration"	"selected-MVDM declaration; definition is a second-stage package-expansion obligation"	"definition/package BFS"	""	""	"mvdm-host/v86"	"v86"	"resolve against this declaring package before treating as any non-MVDM boundary"
"v86/scaffold/i386/x86.h"	"325"	"extern INT  iLogLevel;	// logging level;  0 implies none"	"extern-data-or-function-pointer declaration"	"selected-MVDM declaration; definition is a second-stage package-expansion obligation"	"definition/package BFS"	""	""	"mvdm-host/v86"	"v86"	"resolve against this declaring package before treating as any non-MVDM boundary"
"v86/scaffold/i386/x86.h"	"326"	"extern BOOL fReinit;	// set once first initialization has completed"	"extern-data-or-function-pointer declaration"	"selected-MVDM declaration; definition is a second-stage package-expansion obligation"	"definition/package BFS"	""	""	"mvdm-host/v86"	"v86"	"resolve against this declaring package before treating as any non-MVDM boundary"
"v86/scaffold/i386/x86.h"	"418"	"extern HANDLE hHostInstance;"	"extern-data-or-function-pointer declaration"	"selected-MVDM declaration; definition is a second-stage package-expansion obligation"	"definition/package BFS"	"hHostInstance"	""	"mvdm-host/v86"	"v86"	"resolve against this declaring package before treating as any non-MVDM boundary"
"v86/scaffold/i386/xwincon.h"	"175"	"extern HWND hwndGuest;"	"extern-data-or-function-pointer declaration"	"selected-MVDM declaration; definition is a second-stage package-expansion obligation"	"definition/package BFS"	"hwndGuest"	""	"mvdm-host/v86"	"v86"	"resolve against this declaring package before treating as any non-MVDM boundary"
"v86/scaffold/i386/xwincon.h"	"176"	"extern HANDLE hHostInstance;"	"extern-data-or-function-pointer declaration"	"selected-MVDM declaration; definition is a second-stage package-expansion obligation"	"definition/package BFS"	"hHostInstance"	""	"mvdm-host/v86"	"v86"	"resolve against this declaring package before treating as any non-MVDM boundary"
"v86/scaffold/i386/xwincon.h"	"177"	"extern INT  flOptions;	// command-line options (see OPT_*)"	"extern-data-or-function-pointer declaration"	"selected-MVDM declaration; definition is a second-stage package-expansion obligation"	"definition/package BFS"	""	""	"mvdm-host/v86"	"v86"	"resolve against this declaring package before treating as any non-MVDM boundary"
"v86/scaffold/i386/xwincon.h"	"178"	"extern INT  flSignals;	// signal flags (see SIGNAL_*)"	"extern-data-or-function-pointer declaration"	"selected-MVDM declaration; definition is a second-stage package-expansion obligation"	"definition/package BFS"	""	""	"mvdm-host/v86"	"v86"	"resolve against this declaring package before treating as any non-MVDM boundary"
"vdmexts/vdmexts.h"	"24"	"extern PNTSD_OUTPUT_ROUTINE Print;"	"extern-data-or-function-pointer declaration"	"selected-MVDM declaration; definition is a second-stage package-expansion obligation"	"definition/package BFS"	"Print"	""	"mvdm-host/vdmexts"	"vdmexts"	"resolve against this declaring package before treating as any non-MVDM boundary"
"vdmexts/vdmexts.h"	"25"	"extern PNTSD_GET_EXPRESSION GetExpression;"	"extern-data-or-function-pointer declaration"	"selected-MVDM declaration; definition is a second-stage package-expansion obligation"	"definition/package BFS"	"GetExpression"	""	"mvdm-host/vdmexts"	"vdmexts"	"resolve against this declaring package before treating as any non-MVDM boundary"
"vdmexts/vdmexts.h"	"26"	"extern PNTSD_GET_SYMBOL GetSymbol;"	"extern-data-or-function-pointer declaration"	"selected-MVDM declaration; definition is a second-stage package-expansion obligation"	"definition/package BFS"	"GetSymbol"	""	"mvdm-host/vdmexts"	"vdmexts"	"resolve against this declaring package before treating as any non-MVDM boundary"
"vdmexts/vdmexts.h"	"28"	"extern PNTSD_CHECK_CONTROL_C CheckCtrlC;"	"extern-data-or-function-pointer declaration"	"selected-MVDM declaration; definition is a second-stage package-expansion obligation"	"definition/package BFS"	"CheckCtrlC"	""	"mvdm-host/vdmexts"	"vdmexts"	"resolve against this declaring package before treating as any non-MVDM boundary"
"vdmexts/vdmexts.h"	"30"	"extern PWINDBG_READ_PROCESS_MEMORY_ROUTINE  ReadMem;"	"extern-data-or-function-pointer declaration"	"selected-MVDM declaration; definition is a second-stage package-expansion obligation"	"definition/package BFS"	"ReadMem"	""	"mvdm-host/vdmexts"	"vdmexts"	"resolve against this declaring package before treating as any non-MVDM boundary"
"vdmexts/vdmexts.h"	"31"	"extern PWINDBG_WRITE_PROCESS_MEMORY_ROUTINE WriteMem;"	"extern-data-or-function-pointer declaration"	"selected-MVDM declaration; definition is a second-stage package-expansion obligation"	"definition/package BFS"	"WriteMem"	""	"mvdm-host/vdmexts"	"vdmexts"	"resolve against this declaring package before treating as any non-MVDM boundary"
"vdmexts/vdmexts.h"	"33"	"extern  fWinDbg;"	"extern-data-or-function-pointer declaration"	"selected-MVDM declaration; definition is a second-stage package-expansion obligation"	"definition/package BFS"	"fWinDbg"	""	"mvdm-host/vdmexts"	"vdmexts"	"resolve against this declaring package before treating as any non-MVDM boundary"
"vdmexts/vdmexts.h"	"34"	"extern HANDLE hCurrentProcess;"	"extern-data-or-function-pointer declaration"	"selected-MVDM declaration; definition is a second-stage package-expansion obligation"	"definition/package BFS"	"hCurrentProcess"	""	"mvdm-host/vdmexts"	"vdmexts"	"resolve against this declaring package before treating as any non-MVDM boundary"
"vdmexts/vdmexts.h"	"35"	"extern HANDLE hCurrentThread;"	"extern-data-or-function-pointer declaration"	"selected-MVDM declaration; definition is a second-stage package-expansion obligation"	"definition/package BFS"	"hCurrentThread"	""	"mvdm-host/vdmexts"	"vdmexts"	"resolve against this declaring package before treating as any non-MVDM boundary"
"vdmexts/vdmexts.h"	"36"	"extern LPSTR lpArgumentString;"	"extern-data-or-function-pointer declaration"	"selected-MVDM declaration; definition is a second-stage package-expansion obligation"	"definition/package BFS"	"lpArgumentString"	""	"mvdm-host/vdmexts"	"vdmexts"	"resolve against this declaring package before treating as any non-MVDM boundary"
"vdmredir/vrdebug.h"	"72"	"extern  DWORD   VrDebugFlags;"	"extern-data-or-function-pointer declaration"	"selected-MVDM declaration; definition is a second-stage package-expansion obligation"	"definition/package BFS"	"VrDebugFlags"	""	"mvdm-host/vdmredir"	"vdmredir"	"resolve against this declaring package before treating as any non-MVDM boundary"
"vdmredir/vrdebug.h"	"73"	"extern  FILE*   hVrDebugLog;"	"extern-data-or-function-pointer declaration"	"selected-MVDM declaration; definition is a second-stage package-expansion obligation"	"definition/package BFS"	"hVrDebugLog"	""	"mvdm-host/vdmredir"	"vdmredir"	"resolve against this declaring package before treating as any non-MVDM boundary"
"vdmredir/vrdlc.h"	"1222"	"extern PLLC_BUFFER aOverflowedData[];"	"extern-data-or-function-pointer declaration"	"selected-MVDM declaration; definition is a second-stage package-expansion obligation"	"definition/package BFS"	"aOverflowedData"	""	"mvdm-host/vdmredir"	"vdmredir"	"resolve against this declaring package before treating as any non-MVDM boundary"
"vdmredir/vrdlc.h"	"1223"	"extern DWORD OpenedAdapters;"	"extern-data-or-function-pointer declaration"	"selected-MVDM declaration; definition is a second-stage package-expansion obligation"	"definition/package BFS"	"OpenedAdapters"	""	"mvdm-host/vdmredir"	"vdmredir"	"resolve against this declaring package before treating as any non-MVDM boundary"
"vdmredir/vrdlc.h"	"1224"	"extern DOS_ADDRESS dpVdmWindow;"	"extern-data-or-function-pointer declaration"	"selected-MVDM declaration; definition is a second-stage package-expansion obligation"	"definition/package BFS"	"dpVdmWindow"	""	"mvdm-host/vdmredir"	"vdmredir"	"resolve against this declaring package before treating as any non-MVDM boundary"
"vdmredir/vrdlcpst.c"	"270"	"extern DOS_ADAPTER Adapters[DOS_DLC_MAX_ADAPTERS];"	"extern-data-or-function-pointer declaration"	"selected-MVDM declaration; definition is a second-stage package-expansion obligation"	"definition/package BFS"	"Adapters"	""	"mvdm-host/vdmredir"	"vdmredir"	"resolve against this declaring package before treating as any non-MVDM boundary"
"vdmredir/vrinit.c"	"88"	"extern DWORD VrPeekNamedPipeTickCount;"	"extern-data-or-function-pointer declaration"	"selected-MVDM declaration; definition is a second-stage package-expansion obligation"	"definition/package BFS"	"VrPeekNamedPipeTickCount"	""	"mvdm-host/vdmredir"	"vdmredir"	"resolve against this declaring package before treating as any non-MVDM boundary"
"vdmredir/vrinit.c"	"89"	"extern CRITICAL_SECTION VrNmpRequestQueueCritSec;"	"extern-data-or-function-pointer declaration"	"selected-MVDM declaration; definition is a second-stage package-expansion obligation"	"definition/package BFS"	"VrNmpRequestQueueCritSec"	""	"mvdm-host/vdmredir"	"vdmredir"	"resolve against this declaring package before treating as any non-MVDM boundary"
"vdmredir/vrinit.c"	"90"	"extern CRITICAL_SECTION VrNamedPipeCancelCritSec;"	"extern-data-or-function-pointer declaration"	"selected-MVDM declaration; definition is a second-stage package-expansion obligation"	"definition/package BFS"	"VrNamedPipeCancelCritSec"	""	"mvdm-host/vdmredir"	"vdmredir"	"resolve against this declaring package before treating as any non-MVDM boundary"
"wow32/fastwow.h"	"25"	"extern BYTE fKernelCSIPFixed;"	"extern-data-or-function-pointer declaration"	"selected-MVDM declaration; definition is a second-stage package-expansion obligation"	"definition/package BFS"	"fKernelCSIPFixed"	""	"mvdm-host/wow32"	"wow32"	"resolve against this declaring package before treating as any non-MVDM boundary"
"wow32/fastwow.h"	"27"	"extern DECLSPEC_IMPORT PVOID CurrentMonitorTeb;"	"extern-data-or-function-pointer declaration"	"selected-MVDM declaration; definition is a second-stage package-expansion obligation"	"definition/package BFS"	"CurrentMonitorTeb"	""	"mvdm-host/wow32"	"wow32"	"resolve against this declaring package before treating as any non-MVDM boundary"
"wow32/isz.h"	"52"	"extern LPSTR aszCriticalStrings[];"	"extern-data-or-function-pointer declaration"	"selected-MVDM declaration; definition is a second-stage package-expansion obligation"	"definition/package BFS"	"aszCriticalStrings"	""	"mvdm-host/wow32"	"wow32"	"resolve against this declaring package before treating as any non-MVDM boundary"
"wow32/walias.c"	"26"	"extern  BOOL fSkipLog;          // TRUE to temporarily skip certain logging"	"extern-data-or-function-pointer declaration"	"selected-MVDM declaration; definition is a second-stage package-expansion obligation"	"definition/package BFS"	""	""	"mvdm-host/wow32"	"wow32"	"resolve against this declaring package before treating as any non-MVDM boundary"
"wow32/walias.c"	"409"	"extern PTD gptdTaskHead;"	"extern-data-or-function-pointer declaration"	"selected-MVDM declaration; definition is a second-stage package-expansion obligation"	"definition/package BFS"	"gptdTaskHead"	""	"mvdm-host/wow32"	"wow32"	"resolve against this declaring package before treating as any non-MVDM boundary"
"wow32/walias.h"	"407"	"extern WORD gUser16hInstance;"	"extern-data-or-function-pointer declaration"	"selected-MVDM declaration; definition is a second-stage package-expansion obligation"	"definition/package BFS"	"gUser16hInstance"	""	"mvdm-host/wow32"	"wow32"	"resolve against this declaring package before treating as any non-MVDM boundary"
"wow32/wcuricon.h"	"53"	"extern  UINT   cPendingCursorIconUpdates;"	"extern-data-or-function-pointer declaration"	"selected-MVDM declaration; definition is a second-stage package-expansion obligation"	"definition/package BFS"	"cPendingCursorIconUpdates"	""	"mvdm-host/wow32"	"wow32"	"resolve against this declaring package before treating as any non-MVDM boundary"
"wow32/wdib.h"	"60"	"extern PDIBSECTIONINFO pDibSectionInfoHead;"	"extern-data-or-function-pointer declaration"	"selected-MVDM declaration; definition is a second-stage package-expansion obligation"	"definition/package BFS"	"pDibSectionInfoHead"	""	"mvdm-host/wow32"	"wow32"	"resolve against this declaring package before treating as any non-MVDM boundary"
"wow32/wdos.c"	"17"	"extern DOSWOWDATA DosWowData;"	"extern-data-or-function-pointer declaration"	"selected-MVDM declaration; definition is a second-stage package-expansion obligation"	"definition/package BFS"	"DosWowData"	""	"mvdm-host/wow32"	"wow32"	"resolve against this declaring package before treating as any non-MVDM boundary"
"wow32/wdos.c"	"18"	"extern PWORD16 pCurTDB, pCurDirOwner;"	"extern-data-or-function-pointer declaration"	"selected-MVDM declaration; definition is a second-stage package-expansion obligation"	"definition/package BFS"	"pCurDirOwner"	""	"mvdm-host/wow32"	"wow32"	"resolve against this declaring package before treating as any non-MVDM boundary"
"wow32/wgtbl.h"	"18"	"extern W32 aw32GDI[];"	"extern-data-or-function-pointer declaration"	"selected-MVDM declaration; definition is a second-stage package-expansion obligation"	"definition/package BFS"	"aw32GDI"	""	"mvdm-host/wow32"	"wow32"	"resolve against this declaring package before treating as any non-MVDM boundary"
"wow32/wgtbl.h"	"22"	"extern INT iGDIMax;"	"extern-data-or-function-pointer declaration"	"selected-MVDM declaration; definition is a second-stage package-expansion obligation"	"definition/package BFS"	"iGDIMax"	""	"mvdm-host/wow32"	"wow32"	"resolve against this declaring package before treating as any non-MVDM boundary"
"wow32/winsockp.h"	"38"	"extern DWORD WWS32TlsSlot;"	"extern-data-or-function-pointer declaration"	"selected-MVDM declaration; definition is a second-stage package-expansion obligation"	"definition/package BFS"	"WWS32TlsSlot"	""	"mvdm-host/wow32"	"wow32"	"resolve against this declaring package before treating as any non-MVDM boundary"
"wow32/winsockp.h"	"39"	"extern RTL_CRITICAL_SECTION WWS32CriticalSection;"	"extern-data-or-function-pointer declaration"	"selected-MVDM declaration; definition is a second-stage package-expansion obligation"	"definition/package BFS"	"WWS32CriticalSection"	""	"mvdm-host/wow32"	"wow32"	"resolve against this declaring package before treating as any non-MVDM boundary"
"wow32/winsockp.h"	"40"	"extern LIST_ENTRY WWS32AsyncContextBlockListHead;"	"extern-data-or-function-pointer declaration"	"selected-MVDM declaration; definition is a second-stage package-expansion obligation"	"definition/package BFS"	"WWS32AsyncContextBlockListHead"	""	"mvdm-host/wow32"	"wow32"	"resolve against this declaring package before treating as any non-MVDM boundary"
"wow32/winsockp.h"	"41"	"extern WORD WWS32AsyncTaskHandleCounter;"	"extern-data-or-function-pointer declaration"	"selected-MVDM declaration; definition is a second-stage package-expansion obligation"	"definition/package BFS"	"WWS32AsyncTaskHandleCounter"	""	"mvdm-host/wow32"	"wow32"	"resolve against this declaring package before treating as any non-MVDM boundary"
"wow32/winsockp.h"	"42"	"extern LIST_ENTRY WWS32SocketHandleListHead;"	"extern-data-or-function-pointer declaration"	"selected-MVDM declaration; definition is a second-stage package-expansion obligation"	"definition/package BFS"	"WWS32SocketHandleListHead"	""	"mvdm-host/wow32"	"wow32"	"resolve against this declaring package before treating as any non-MVDM boundary"
"wow32/winsockp.h"	"43"	"extern WORD WWS32SocketHandleCounter;"	"extern-data-or-function-pointer declaration"	"selected-MVDM declaration; definition is a second-stage package-expansion obligation"	"definition/package BFS"	"WWS32SocketHandleCounter"	""	"mvdm-host/wow32"	"wow32"	"resolve against this declaring package before treating as any non-MVDM boundary"
"wow32/winsockp.h"	"44"	"extern BOOL WWS32SocketHandleCounterWrapped;"	"extern-data-or-function-pointer declaration"	"selected-MVDM declaration; definition is a second-stage package-expansion obligation"	"definition/package BFS"	"WWS32SocketHandleCounterWrapped"	""	"mvdm-host/wow32"	"wow32"	"resolve against this declaring package before treating as any non-MVDM boundary"
"wow32/winsockp.h"	"45"	"extern DWORD WWS32ThreadSerialNumberCounter;"	"extern-data-or-function-pointer declaration"	"selected-MVDM declaration; definition is a second-stage package-expansion obligation"	"definition/package BFS"	"WWS32ThreadSerialNumberCounter"	""	"mvdm-host/wow32"	"wow32"	"resolve against this declaring package before treating as any non-MVDM boundary"
"wow32/winspldl.h"	"2"	"extern BOOL    fWinspoolLoaded;"	"extern-data-or-function-pointer declaration"	"selected-MVDM declaration; definition is a second-stage package-expansion obligation"	"definition/package BFS"	"fWinspoolLoaded"	""	"mvdm-host/wow32"	"wow32"	"resolve against this declaring package before treating as any non-MVDM boundary"
"wow32/witbl.h"	"18"	"extern W32 aw32Internal[];"	"extern-data-or-function-pointer declaration"	"selected-MVDM declaration; definition is a second-stage package-expansion obligation"	"definition/package BFS"	"aw32Internal"	""	"mvdm-host/wow32"	"wow32"	"resolve against this declaring package before treating as any non-MVDM boundary"
"wow32/witbl.h"	"22"	"extern INT iInternalMax;"	"extern-data-or-function-pointer declaration"	"selected-MVDM declaration; definition is a second-stage package-expansion obligation"	"definition/package BFS"	"iInternalMax"	""	"mvdm-host/wow32"	"wow32"	"resolve against this declaring package before treating as any non-MVDM boundary"
"wow32/wkbtbl.h"	"18"	"extern W32 aw32Keyboard[];"	"extern-data-or-function-pointer declaration"	"selected-MVDM declaration; definition is a second-stage package-expansion obligation"	"definition/package BFS"	"aw32Keyboard"	""	"mvdm-host/wow32"	"wow32"	"resolve against this declaring package before treating as any non-MVDM boundary"
"wow32/wkbtbl.h"	"22"	"extern INT iKeyboardMax;"	"extern-data-or-function-pointer declaration"	"selected-MVDM declaration; definition is a second-stage package-expansion obligation"	"definition/package BFS"	"iKeyboardMax"	""	"mvdm-host/wow32"	"wow32"	"resolve against this declaring package before treating as any non-MVDM boundary"
"wow32/wkfileio.c"	"26"	"extern DOSWOWDATA DosWowData;"	"extern-data-or-function-pointer declaration"	"selected-MVDM declaration; definition is a second-stage package-expansion obligation"	"definition/package BFS"	"DosWowData"	""	"mvdm-host/wow32"	"wow32"	"resolve against this declaring package before treating as any non-MVDM boundary"
"wow32/wkfileio.h"	"63"	"extern INT fileoclevel;"	"extern-data-or-function-pointer declaration"	"selected-MVDM declaration; definition is a second-stage package-expansion obligation"	"definition/package BFS"	"fileoclevel"	""	"mvdm-host/wow32"	"wow32"	"resolve against this declaring package before treating as any non-MVDM boundary"
"wow32/wkman.c"	"127"	"extern HANDLE hmodWOW32;"	"extern-data-or-function-pointer declaration"	"selected-MVDM declaration; definition is a second-stage package-expansion obligation"	"definition/package BFS"	"hmodWOW32"	""	"mvdm-host/wow32"	"wow32"	"resolve against this declaring package before treating as any non-MVDM boundary"
"wow32/wkman.c"	"1343"	"extern DWORD    saveebp32;"	"extern-data-or-function-pointer declaration"	"selected-MVDM declaration; definition is a second-stage package-expansion obligation"	"definition/package BFS"	"saveebp32"	""	"mvdm-host/wow32"	"wow32"	"resolve against this declaring package before treating as any non-MVDM boundary"
"wow32/wkman.c"	"1579"	"extern DWORD saveip16;"	"extern-data-or-function-pointer declaration"	"selected-MVDM declaration; definition is a second-stage package-expansion obligation"	"definition/package BFS"	"saveip16"	""	"mvdm-host/wow32"	"wow32"	"resolve against this declaring package before treating as any non-MVDM boundary"
"wow32/wkman.c"	"1580"	"extern DWORD savecs16;"	"extern-data-or-function-pointer declaration"	"selected-MVDM declaration; definition is a second-stage package-expansion obligation"	"definition/package BFS"	"savecs16"	""	"mvdm-host/wow32"	"wow32"	"resolve against this declaring package before treating as any non-MVDM boundary"
"wow32/wkman.c"	"1632"	"extern DWORD    saveebp32;"	"extern-data-or-function-pointer declaration"	"selected-MVDM declaration; definition is a second-stage package-expansion obligation"	"definition/package BFS"	"saveebp32"	""	"mvdm-host/wow32"	"wow32"	"resolve against this declaring package before treating as any non-MVDM boundary"
"wow32/wkman.h"	"89"	"extern HMODCACHE ghModCache[];"	"extern-data-or-function-pointer declaration"	"selected-MVDM declaration; definition is a second-stage package-expansion obligation"	"definition/package BFS"	"ghModCache"	""	"mvdm-host/wow32"	"wow32"	"resolve against this declaring package before treating as any non-MVDM boundary"
"wow32/wkman.h"	"115"	"extern INT busycount;               // Used to detect if WOW is hung"	"extern-data-or-function-pointer declaration"	"selected-MVDM declaration; definition is a second-stage package-expansion obligation"	"definition/package BFS"	""	""	"mvdm-host/wow32"	"wow32"	"resolve against this declaring package before treating as any non-MVDM boundary"
"wow32/wkman.h"	"116"	"extern HAND16 gKillTaskID;      // 16 bit tdb of task to kill"	"extern-data-or-function-pointer declaration"	"selected-MVDM declaration; definition is a second-stage package-expansion obligation"	"definition/package BFS"	""	""	"mvdm-host/wow32"	"wow32"	"resolve against this declaring package before treating as any non-MVDM boundary"
"wow32/wkman.h"	"117"	"extern HAND16 ghShellTDB;       // TDB of WOWEXEC"	"extern-data-or-function-pointer declaration"	"selected-MVDM declaration; definition is a second-stage package-expansion obligation"	"definition/package BFS"	""	""	"mvdm-host/wow32"	"wow32"	"resolve against this declaring package before treating as any non-MVDM boundary"
"wow32/wkman.h"	"118"	"extern HWND ghwndShell;       // Needed for ExitWindowsExec"	"extern-data-or-function-pointer declaration"	"selected-MVDM declaration; definition is a second-stage package-expansion obligation"	"definition/package BFS"	""	""	"mvdm-host/wow32"	"wow32"	"resolve against this declaring package before treating as any non-MVDM boundary"
"wow32/wkman.h"	"131"	"extern HANDLE  hSharedTaskMemory;"	"extern-data-or-function-pointer declaration"	"selected-MVDM declaration; definition is a second-stage package-expansion obligation"	"definition/package BFS"	"hSharedTaskMemory"	""	"mvdm-host/wow32"	"wow32"	"resolve against this declaring package before treating as any non-MVDM boundary"
"wow32/wkman.h"	"132"	"extern DWORD   dwSharedProcessOffset;"	"extern-data-or-function-pointer declaration"	"selected-MVDM declaration; definition is a second-stage package-expansion obligation"	"definition/package BFS"	"dwSharedProcessOffset"	""	"mvdm-host/wow32"	"wow32"	"resolve against this declaring package before treating as any non-MVDM boundary"
"wow32/wkman.h"	"133"	"extern VPVOID  vpDebugWOW;"	"extern-data-or-function-pointer declaration"	"selected-MVDM declaration; definition is a second-stage package-expansion obligation"	"definition/package BFS"	"vpDebugWOW"	""	"mvdm-host/wow32"	"wow32"	"resolve against this declaring package before treating as any non-MVDM boundary"
"wow32/wkman.h"	"134"	"extern VPVOID  vptopPDB;"	"extern-data-or-function-pointer declaration"	"selected-MVDM declaration; definition is a second-stage package-expansion obligation"	"definition/package BFS"	"vptopPDB"	""	"mvdm-host/wow32"	"wow32"	"resolve against this declaring package before treating as any non-MVDM boundary"
"wow32/wktbl.h"	"18"	"extern W32 aw32Kernel[];"	"extern-data-or-function-pointer declaration"	"selected-MVDM declaration; definition is a second-stage package-expansion obligation"	"definition/package BFS"	"aw32Kernel"	""	"mvdm-host/wow32"	"wow32"	"resolve against this declaring package before treating as any non-MVDM boundary"
"wow32/wktbl.h"	"22"	"extern INT iKernelMax;"	"extern-data-or-function-pointer declaration"	"selected-MVDM declaration; definition is a second-stage package-expansion obligation"	"definition/package BFS"	"iKernelMax"	""	"mvdm-host/wow32"	"wow32"	"resolve against this declaring package before treating as any non-MVDM boundary"
"wow32/wmdisp32.c"	"26"	"extern WORD msgFINDREPLACE;  // see WCOMMDLG.C"	"extern-data-or-function-pointer declaration"	"selected-MVDM declaration; definition is a second-stage package-expansion obligation"	"definition/package BFS"	""	""	"mvdm-host/wow32"	"wow32"	"resolve against this declaring package before treating as any non-MVDM boundary"
"wow32/wmdisp32.h"	"59"	"extern  BOOL fThunkDDEmsg;"	"extern-data-or-function-pointer declaration"	"selected-MVDM declaration; definition is a second-stage package-expansion obligation"	"definition/package BFS"	"fThunkDDEmsg"	""	"mvdm-host/wow32"	"wow32"	"resolve against this declaring package before treating as any non-MVDM boundary"
"wow32/wmmalias.c"	"30"	"extern CRITICAL_SECTION    mmHandleCriticalSection;"	"extern-data-or-function-pointer declaration"	"selected-MVDM declaration; definition is a second-stage package-expansion obligation"	"definition/package BFS"	"mmHandleCriticalSection"	""	"mvdm-host/wow32"	"wow32"	"resolve against this declaring package before treating as any non-MVDM boundary"
"wow32/wmmalias.c"	"33"	"extern  BOOL fSkipLog;          // TRUE to temporarily skip certain logging"	"extern-data-or-function-pointer declaration"	"selected-MVDM declaration; definition is a second-stage package-expansion obligation"	"definition/package BFS"	""	""	"mvdm-host/wow32"	"wow32"	"resolve against this declaring package before treating as any non-MVDM boundary"
"wow32/wmmedia.h"	"249"	"extern int                  mmDebugLevel;"	"extern-data-or-function-pointer declaration"	"selected-MVDM declaration; definition is a second-stage package-expansion obligation"	"definition/package BFS"	"mmDebugLevel"	""	"mvdm-host/wow32"	"wow32"	"resolve against this declaring package before treating as any non-MVDM boundary"
"wow32/wmmedia.h"	"250"	"extern int                  mmTraceWave;"	"extern-data-or-function-pointer declaration"	"selected-MVDM declaration; definition is a second-stage package-expansion obligation"	"definition/package BFS"	"mmTraceWave"	""	"mvdm-host/wow32"	"wow32"	"resolve against this declaring package before treating as any non-MVDM boundary"
"wow32/wmmedia.h"	"251"	"extern int                  mmTraceMidi;"	"extern-data-or-function-pointer declaration"	"selected-MVDM declaration; definition is a second-stage package-expansion obligation"	"definition/package BFS"	"mmTraceMidi"	""	"mvdm-host/wow32"	"wow32"	"resolve against this declaring package before treating as any non-MVDM boundary"
"wow32/wmmedia.h"	"252"	"extern MCI_MESSAGE_NAMES    mciMessageNames[32];"	"extern-data-or-function-pointer declaration"	"selected-MVDM declaration; definition is a second-stage package-expansion obligation"	"definition/package BFS"	"mciMessageNames"	""	"mvdm-host/wow32"	"wow32"	"resolve against this declaring package before treating as any non-MVDM boundary"
"wow32/wmmedia2.c"	"45"	"extern PCALLBACK_DATA       pCallBackData;"	"extern-data-or-function-pointer declaration"	"selected-MVDM declaration; definition is a second-stage package-expansion obligation"	"definition/package BFS"	"pCallBackData"	""	"mvdm-host/wow32"	"wow32"	"resolve against this declaring package before treating as any non-MVDM boundary"
"wow32/wmmedia2.c"	"46"	"extern CRITICAL_SECTION     mmCriticalSection;"	"extern-data-or-function-pointer declaration"	"selected-MVDM declaration; definition is a second-stage package-expansion obligation"	"definition/package BFS"	"mmCriticalSection"	""	"mvdm-host/wow32"	"wow32"	"resolve against this declaring package before treating as any non-MVDM boundary"
"wow32/wmmstru1.c"	"75"	"extern FARPROC      mmAPIEatCmdEntry;"	"extern-data-or-function-pointer declaration"	"selected-MVDM declaration; definition is a second-stage package-expansion obligation"	"definition/package BFS"	"mmAPIEatCmdEntry"	""	"mvdm-host/wow32"	"wow32"	"resolve against this declaring package before treating as any non-MVDM boundary"
"wow32/wmmstru1.c"	"76"	"extern FARPROC      mmAPIGetParamSize;"	"extern-data-or-function-pointer declaration"	"selected-MVDM declaration; definition is a second-stage package-expansion obligation"	"definition/package BFS"	"mmAPIGetParamSize"	""	"mvdm-host/wow32"	"wow32"	"resolve against this declaring package before treating as any non-MVDM boundary"
"wow32/wmmstru1.c"	"77"	"extern FARPROC      mmAPISendCmdW;"	"extern-data-or-function-pointer declaration"	"selected-MVDM declaration; definition is a second-stage package-expansion obligation"	"definition/package BFS"	"mmAPISendCmdW"	""	"mvdm-host/wow32"	"wow32"	"resolve against this declaring package before treating as any non-MVDM boundary"
"wow32/wmmstru1.c"	"78"	"extern FINDCMDITEM  mmAPIFindCmdItem;"	"extern-data-or-function-pointer declaration"	"selected-MVDM declaration; definition is a second-stage package-expansion obligation"	"definition/package BFS"	"mmAPIFindCmdItem"	""	"mvdm-host/wow32"	"wow32"	"resolve against this declaring package before treating as any non-MVDM boundary"
"wow32/wmmstru2.c"	"34"	"extern FARPROC      mmAPIEatCmdEntry;"	"extern-data-or-function-pointer declaration"	"selected-MVDM declaration; definition is a second-stage package-expansion obligation"	"definition/package BFS"	"mmAPIEatCmdEntry"	""	"mvdm-host/wow32"	"wow32"	"resolve against this declaring package before treating as any non-MVDM boundary"
"wow32/wmmstru2.c"	"35"	"extern FARPROC      mmAPIGetParamSize;"	"extern-data-or-function-pointer declaration"	"selected-MVDM declaration; definition is a second-stage package-expansion obligation"	"definition/package BFS"	"mmAPIGetParamSize"	""	"mvdm-host/wow32"	"wow32"	"resolve against this declaring package before treating as any non-MVDM boundary"
"wow32/wmmstru2.c"	"36"	"extern FARPROC      mmAPIUnlockCmdTable;"	"extern-data-or-function-pointer declaration"	"selected-MVDM declaration; definition is a second-stage package-expansion obligation"	"definition/package BFS"	"mmAPIUnlockCmdTable"	""	"mvdm-host/wow32"	"wow32"	"resolve against this declaring package before treating as any non-MVDM boundary"
"wow32/wmmstru2.c"	"37"	"extern FARPROC      mmAPISendCmdW;"	"extern-data-or-function-pointer declaration"	"selected-MVDM declaration; definition is a second-stage package-expansion obligation"	"definition/package BFS"	"mmAPISendCmdW"	""	"mvdm-host/wow32"	"wow32"	"resolve against this declaring package before treating as any non-MVDM boundary"
"wow32/wmmtbl.h"	"18"	"extern W32 aw32MMED[];"	"extern-data-or-function-pointer declaration"	"selected-MVDM declaration; definition is a second-stage package-expansion obligation"	"definition/package BFS"	"aw32MMED"	""	"mvdm-host/wow32"	"wow32"	"resolve against this declaring package before treating as any non-MVDM boundary"
"wow32/wmmtbl.h"	"22"	"extern INT iMMEDMax;"	"extern-data-or-function-pointer declaration"	"selected-MVDM declaration; definition is a second-stage package-expansion obligation"	"definition/package BFS"	"iMMEDMax"	""	"mvdm-host/wow32"	"wow32"	"resolve against this declaring package before treating as any non-MVDM boundary"
"wow32/wmsgem.c"	"22"	"extern WBP W32WordBreakProc;"	"extern-data-or-function-pointer declaration"	"selected-MVDM declaration; definition is a second-stage package-expansion obligation"	"definition/package BFS"	"W32WordBreakProc"	""	"mvdm-host/wow32"	"wow32"	"resolve against this declaring package before treating as any non-MVDM boundary"
"wow32/wmtbl32.h"	"22"	"extern M32 aw32Msg[];"	"extern-data-or-function-pointer declaration"	"selected-MVDM declaration; definition is a second-stage package-expansion obligation"	"definition/package BFS"	"aw32Msg"	""	"mvdm-host/wow32"	"wow32"	"resolve against this declaring package before treating as any non-MVDM boundary"
"wow32/wmtbl32.h"	"26"	"extern INT iMsgMax;"	"extern-data-or-function-pointer declaration"	"selected-MVDM declaration; definition is a second-stage package-expansion obligation"	"definition/package BFS"	"iMsgMax"	""	"mvdm-host/wow32"	"wow32"	"resolve against this declaring package before treating as any non-MVDM boundary"
"wow32/wole2.h"	"24"	"extern UINT cHtaskAliasCount;"	"extern-data-or-function-pointer declaration"	"selected-MVDM declaration; definition is a second-stage package-expansion obligation"	"definition/package BFS"	"cHtaskAliasCount"	""	"mvdm-host/wow32"	"wow32"	"resolve against this declaring package before treating as any non-MVDM boundary"
"wow32/wow32.c"	"44"	"extern DECLSPEC_IMPORT ULONG *ExpLdt;"	"extern-data-or-function-pointer declaration"	"selected-MVDM declaration; definition is a second-stage package-expansion obligation"	"definition/package BFS"	"ExpLdt"	""	"mvdm-host/wow32"	"wow32"	"resolve against this declaring package before treating as any non-MVDM boundary"
"wow32/wow32.c"	"156"	"extern CRITICAL_SECTION VdmLoadCritSec;"	"extern-data-or-function-pointer declaration"	"selected-MVDM declaration; definition is a second-stage package-expansion obligation"	"definition/package BFS"	"VdmLoadCritSec"	""	"mvdm-host/wow32"	"wow32"	"resolve against this declaring package before treating as any non-MVDM boundary"
"wow32/wow32.c"	"157"	"extern LIST_ENTRY TimerList;"	"extern-data-or-function-pointer declaration"	"selected-MVDM declaration; definition is a second-stage package-expansion obligation"	"definition/package BFS"	"TimerList"	""	"mvdm-host/wow32"	"wow32"	"resolve against this declaring package before treating as any non-MVDM boundary"
"wow32/wow32.c"	"160"	"extern PVOID gpGdiHandleInfo;"	"extern-data-or-function-pointer declaration"	"selected-MVDM declaration; definition is a second-stage package-expansion obligation"	"definition/package BFS"	"gpGdiHandleInfo"	""	"mvdm-host/wow32"	"wow32"	"resolve against this declaring package before treating as any non-MVDM boundary"
"wow32/wow32.c"	"164"	"extern PVOID WowpLockPrefixTable;"	"extern-data-or-function-pointer declaration"	"selected-MVDM declaration; definition is a second-stage package-expansion obligation"	"definition/package BFS"	"WowpLockPrefixTable"	""	"mvdm-host/wow32"	"wow32"	"resolve against this declaring package before treating as any non-MVDM boundary"
"wow32/wow32.c"	"716"	"extern DWORD dwWOWBatchLimit;                    // declared in wkman.c"	"extern-data-or-function-pointer declaration"	"selected-MVDM declaration; definition is a second-stage package-expansion obligation"	"definition/package BFS"	""	""	"mvdm-host/wow32"	"wow32"	"resolve against this declaring package before treating as any non-MVDM boundary"
"wow32/wow32.h"	"266"	"extern UCHAR  gszAssert[256]; // Buffer for assertion text (could be eliminated with restructuring)"	"extern-data-or-function-pointer declaration"	"selected-MVDM declaration; definition is a second-stage package-expansion obligation"	"definition/package BFS"	""	""	"mvdm-host/wow32"	"wow32"	"resolve against this declaring package before treating as any non-MVDM boundary"
"wow32/wow32.h"	"268"	"extern HANDLE hfLog;        // log file handle, if any"	"extern-data-or-function-pointer declaration"	"selected-MVDM declaration; definition is a second-stage package-expansion obligation"	"definition/package BFS"	""	""	"mvdm-host/wow32"	"wow32"	"resolve against this declaring package before treating as any non-MVDM boundary"
"wow32/wow32.h"	"270"	"extern INT    flOptions;    // command-line options (see OPT_*)"	"extern-data-or-function-pointer declaration"	"selected-MVDM declaration; definition is a second-stage package-expansion obligation"	"definition/package BFS"	""	""	"mvdm-host/wow32"	"wow32"	"resolve against this declaring package before treating as any non-MVDM boundary"
"wow32/wow32.h"	"272"	"extern INT    iLogLevel;    // logging level;  0 implies none"	"extern-data-or-function-pointer declaration"	"selected-MVDM declaration; definition is a second-stage package-expansion obligation"	"definition/package BFS"	""	""	"mvdm-host/wow32"	"wow32"	"resolve against this declaring package before treating as any non-MVDM boundary"
"wow32/wow32.h"	"273"	"extern INT    fDebugWait;   // Single Step; 0 = No Single Step"	"extern-data-or-function-pointer declaration"	"selected-MVDM declaration; definition is a second-stage package-expansion obligation"	"definition/package BFS"	""	""	"mvdm-host/wow32"	"wow32"	"resolve against this declaring package before treating as any non-MVDM boundary"
"wow32/wow32.h"	"275"	"extern HANDLE hHostInstance;"	"extern-data-or-function-pointer declaration"	"selected-MVDM declaration; definition is a second-stage package-expansion obligation"	"definition/package BFS"	"hHostInstance"	""	"mvdm-host/wow32"	"wow32"	"resolve against this declaring package before treating as any non-MVDM boundary"
"wow32/wow32.h"	"277"	"extern INT    fLogFilter;   // Filter Catagories of Functions"	"extern-data-or-function-pointer declaration"	"selected-MVDM declaration; definition is a second-stage package-expansion obligation"	"definition/package BFS"	""	""	"mvdm-host/wow32"	"wow32"	"resolve against this declaring package before treating as any non-MVDM boundary"
"wow32/wow32.h"	"278"	"extern WORD   fLogTaskFilter;   // Filter Specific TaskID only"	"extern-data-or-function-pointer declaration"	"selected-MVDM declaration; definition is a second-stage package-expansion obligation"	"definition/package BFS"	""	""	"mvdm-host/wow32"	"wow32"	"resolve against this declaring package before treating as any non-MVDM boundary"
"wow32/wow32.h"	"281"	"extern PX86CONTEXT pIntelRegisters; // x86 Only - Pointer to Intel Register Block"	"extern-data-or-function-pointer declaration"	"selected-MVDM declaration; definition is a second-stage package-expansion obligation"	"definition/package BFS"	""	""	"mvdm-host/wow32"	"wow32"	"resolve against this declaring package before treating as any non-MVDM boundary"
"wow32/wow32.h"	"285"	"extern INT    iReqLogLevel;         // Current Output LogLevel"	"extern-data-or-function-pointer declaration"	"selected-MVDM declaration; definition is a second-stage package-expansion obligation"	"definition/package BFS"	""	""	"mvdm-host/wow32"	"wow32"	"resolve against this declaring package before treating as any non-MVDM boundary"
"wow32/wow32.h"	"286"	"extern INT    iCircBuffer;          // Current Buffer"	"extern-data-or-function-pointer declaration"	"selected-MVDM declaration; definition is a second-stage package-expansion obligation"	"definition/package BFS"	""	""	"mvdm-host/wow32"	"wow32"	"resolve against this declaring package before treating as any non-MVDM boundary"
"wow32/wow32.h"	"287"	"extern CHAR   achTmp[CIRC_BUFFERS][TMP_LINE_LEN];    // Circular Buffer"	"extern-data-or-function-pointer declaration"	"selected-MVDM declaration; definition is a second-stage package-expansion obligation"	"definition/package BFS"	""	""	"mvdm-host/wow32"	"wow32"	"resolve against this declaring package before treating as any non-MVDM boundary"
"wow32/wow32.h"	"288"	"extern WORD   awfLogFunctionFilter[FILTER_FUNCTION_MAX]; // Specific Filter API Array"	"extern-data-or-function-pointer declaration"	"selected-MVDM declaration; definition is a second-stage package-expansion obligation"	"definition/package BFS"	""	""	"mvdm-host/wow32"	"wow32"	"resolve against this declaring package before treating as any non-MVDM boundary"
"wow32/wow32.h"	"289"	"extern INT    iLogFuncFiltIndex;        // Index Into Specific Array for Debugger Extensions"	"extern-data-or-function-pointer declaration"	"selected-MVDM declaration; definition is a second-stage package-expansion obligation"	"definition/package BFS"	""	""	"mvdm-host/wow32"	"wow32"	"resolve against this declaring package before treating as any non-MVDM boundary"
"wow32/wow32.h"	"295"	"extern UINT   iW32ExecTaskId;   // Base Task ID of Task Being Exec'd"	"extern-data-or-function-pointer declaration"	"selected-MVDM declaration; definition is a second-stage package-expansion obligation"	"definition/package BFS"	""	""	"mvdm-host/wow32"	"wow32"	"resolve against this declaring package before treating as any non-MVDM boundary"
"wow32/wow32.h"	"296"	"extern UINT   nWOWTasks;    // # of WOW tasks running"	"extern-data-or-function-pointer declaration"	"selected-MVDM declaration; definition is a second-stage package-expansion obligation"	"definition/package BFS"	""	""	"mvdm-host/wow32"	"wow32"	"resolve against this declaring package before treating as any non-MVDM boundary"
"wow32/wow32.h"	"297"	"extern BOOL   fBoot;        // TRUE During Boot Process"	"extern-data-or-function-pointer declaration"	"selected-MVDM declaration; definition is a second-stage package-expansion obligation"	"definition/package BFS"	""	""	"mvdm-host/wow32"	"wow32"	"resolve against this declaring package before treating as any non-MVDM boundary"
"wow32/wow32.h"	"298"	"extern HANDLE  ghevWaitCreatorThread; // Used to Syncronize creation of a new thread"	"extern-data-or-function-pointer declaration"	"selected-MVDM declaration; definition is a second-stage package-expansion obligation"	"definition/package BFS"	""	""	"mvdm-host/wow32"	"wow32"	"resolve against this declaring package before treating as any non-MVDM boundary"
"wow32/wow32.h"	"299"	"extern WORD   iWOWTaskCur;  // ID of current task running"	"extern-data-or-function-pointer declaration"	"selected-MVDM declaration; definition is a second-stage package-expansion obligation"	"definition/package BFS"	""	""	"mvdm-host/wow32"	"wow32"	"resolve against this declaring package before treating as any non-MVDM boundary"
"wow32/wow32.h"	"300"	"extern BOOL   fWowMode;     // see comment in wow32.c"	"extern-data-or-function-pointer declaration"	"selected-MVDM declaration; definition is a second-stage package-expansion obligation"	"definition/package BFS"	""	""	"mvdm-host/wow32"	"wow32"	"resolve against this declaring package before treating as any non-MVDM boundary"
"wow32/wow32.h"	"301"	"extern HANDLE hWOWHeap;"	"extern-data-or-function-pointer declaration"	"selected-MVDM declaration; definition is a second-stage package-expansion obligation"	"definition/package BFS"	"hWOWHeap"	""	"mvdm-host/wow32"	"wow32"	"resolve against this declaring package before treating as any non-MVDM boundary"
"wow32/wow32.h"	"302"	"extern DECLSPEC_IMPORT BOOL fSeparateWow;   // imported from ntvdm, FALSE if shared WOW VDM."	"extern-data-or-function-pointer declaration"	"selected-MVDM declaration; definition is a second-stage package-expansion obligation"	"definition/package BFS"	""	""	"mvdm-host/wow32"	"wow32"	"resolve against this declaring package before treating as any non-MVDM boundary"
"wow32/wow32.h"	"303"	"extern HANDLE ghProcess;       // WOW Process Handle"	"extern-data-or-function-pointer declaration"	"selected-MVDM declaration; definition is a second-stage package-expansion obligation"	"definition/package BFS"	""	""	"mvdm-host/wow32"	"wow32"	"resolve against this declaring package before treating as any non-MVDM boundary"
"wow32/wow32.h"	"304"	"extern PFNWOWHANDLERSOUT pfnOut; // USER secret API pointers"	"extern-data-or-function-pointer declaration"	"selected-MVDM declaration; definition is a second-stage package-expansion obligation"	"definition/package BFS"	""	""	"mvdm-host/wow32"	"wow32"	"resolve against this declaring package before treating as any non-MVDM boundary"
"wow32/wow32.h"	"305"	"extern DECLSPEC_IMPORT DWORD FlatAddress[];    // Base address of each selector in LDT"	"extern-data-or-function-pointer declaration"	"selected-MVDM declaration; definition is a second-stage package-expansion obligation"	"definition/package BFS"	""	""	"mvdm-host/wow32"	"wow32"	"resolve against this declaring package before treating as any non-MVDM boundary"
"wow32/wow32.h"	"306"	"extern DECLSPEC_IMPORT LPDWORD SelectorLimit;  // Limit of each selector in LDT (x86 only)"	"extern-data-or-function-pointer declaration"	"selected-MVDM declaration; definition is a second-stage package-expansion obligation"	"definition/package BFS"	""	""	"mvdm-host/wow32"	"wow32"	"resolve against this declaring package before treating as any non-MVDM boundary"
"wow32/wow32.h"	"307"	"extern PTD *  pptdWOA;"	"extern-data-or-function-pointer declaration"	"selected-MVDM declaration; definition is a second-stage package-expansion obligation"	"definition/package BFS"	"pptdWOA"	""	"mvdm-host/wow32"	"wow32"	"resolve against this declaring package before treating as any non-MVDM boundary"
"wow32/wow32.h"	"308"	"extern PTD    gptdShell;"	"extern-data-or-function-pointer declaration"	"selected-MVDM declaration; definition is a second-stage package-expansion obligation"	"definition/package BFS"	"gptdShell"	""	"mvdm-host/wow32"	"wow32"	"resolve against this declaring package before treating as any non-MVDM boundary"
"wow32/wow32.h"	"309"	"extern char szEmbedding[];"	"extern-data-or-function-pointer declaration"	"selected-MVDM declaration; definition is a second-stage package-expansion obligation"	"definition/package BFS"	"szEmbedding"	""	"mvdm-host/wow32"	"wow32"	"resolve against this declaring package before treating as any non-MVDM boundary"
"wow32/wow32.h"	"310"	"extern char szServerKey[];"	"extern-data-or-function-pointer declaration"	"selected-MVDM declaration; definition is a second-stage package-expansion obligation"	"definition/package BFS"	"szServerKey"	""	"mvdm-host/wow32"	"wow32"	"resolve against this declaring package before treating as any non-MVDM boundary"
"wow32/wow32.h"	"311"	"extern char szPicture[];"	"extern-data-or-function-pointer declaration"	"selected-MVDM declaration; definition is a second-stage package-expansion obligation"	"definition/package BFS"	"szPicture"	""	"mvdm-host/wow32"	"wow32"	"resolve against this declaring package before treating as any non-MVDM boundary"
"wow32/wow32.h"	"312"	"extern char szPostscript[];"	"extern-data-or-function-pointer declaration"	"selected-MVDM declaration; definition is a second-stage package-expansion obligation"	"definition/package BFS"	"szPostscript"	""	"mvdm-host/wow32"	"wow32"	"resolve against this declaring package before treating as any non-MVDM boundary"
"wow32/wow32.h"	"313"	"extern char szZapfDingbats[];"	"extern-data-or-function-pointer declaration"	"selected-MVDM declaration; definition is a second-stage package-expansion obligation"	"definition/package BFS"	"szZapfDingbats"	""	"mvdm-host/wow32"	"wow32"	"resolve against this declaring package before treating as any non-MVDM boundary"
"wow32/wow32.h"	"314"	"extern char szZapf_Dingbats[];"	"extern-data-or-function-pointer declaration"	"selected-MVDM declaration; definition is a second-stage package-expansion obligation"	"definition/package BFS"	"szZapf_Dingbats"	""	"mvdm-host/wow32"	"wow32"	"resolve against this declaring package before treating as any non-MVDM boundary"
"wow32/wow32.h"	"315"	"extern char szSymbol[];"	"extern-data-or-function-pointer declaration"	"selected-MVDM declaration; definition is a second-stage package-expansion obligation"	"definition/package BFS"	"szSymbol"	""	"mvdm-host/wow32"	"wow32"	"resolve against this declaring package before treating as any non-MVDM boundary"
"wow32/wow32.h"	"316"	"extern char szTmsRmn[];"	"extern-data-or-function-pointer declaration"	"selected-MVDM declaration; definition is a second-stage package-expansion obligation"	"definition/package BFS"	"szTmsRmn"	""	"mvdm-host/wow32"	"wow32"	"resolve against this declaring package before treating as any non-MVDM boundary"
"wow32/wow32.h"	"317"	"extern char szHelv[];"	"extern-data-or-function-pointer declaration"	"selected-MVDM declaration; definition is a second-stage package-expansion obligation"	"definition/package BFS"	"szHelv"	""	"mvdm-host/wow32"	"wow32"	"resolve against this declaring package before treating as any non-MVDM boundary"
"wow32/wow32.h"	"318"	"extern char szMavisCourier[];"	"extern-data-or-function-pointer declaration"	"selected-MVDM declaration; definition is a second-stage package-expansion obligation"	"definition/package BFS"	"szMavisCourier"	""	"mvdm-host/wow32"	"wow32"	"resolve against this declaring package before treating as any non-MVDM boundary"
"wow32/wow32.h"	"319"	"extern char szDevices[];"	"extern-data-or-function-pointer declaration"	"selected-MVDM declaration; definition is a second-stage package-expansion obligation"	"definition/package BFS"	"szDevices"	""	"mvdm-host/wow32"	"wow32"	"resolve against this declaring package before treating as any non-MVDM boundary"
"wow32/wow32.h"	"320"	"extern char szBoot[];"	"extern-data-or-function-pointer declaration"	"selected-MVDM declaration; definition is a second-stage package-expansion obligation"	"definition/package BFS"	"szBoot"	""	"mvdm-host/wow32"	"wow32"	"resolve against this declaring package before treating as any non-MVDM boundary"
"wow32/wow32.h"	"321"	"extern char szShell[];"	"extern-data-or-function-pointer declaration"	"selected-MVDM declaration; definition is a second-stage package-expansion obligation"	"definition/package BFS"	"szShell"	""	"mvdm-host/wow32"	"wow32"	"resolve against this declaring package before treating as any non-MVDM boundary"
"wow32/wow32.h"	"322"	"extern char szWinDotIni[];"	"extern-data-or-function-pointer declaration"	"selected-MVDM declaration; definition is a second-stage package-expansion obligation"	"definition/package BFS"	"szWinDotIni"	""	"mvdm-host/wow32"	"wow32"	"resolve against this declaring package before treating as any non-MVDM boundary"
"wow32/wow32.h"	"323"	"extern char szSystemDotIni[];"	"extern-data-or-function-pointer declaration"	"selected-MVDM declaration; definition is a second-stage package-expansion obligation"	"definition/package BFS"	"szSystemDotIni"	""	"mvdm-host/wow32"	"wow32"	"resolve against this declaring package before treating as any non-MVDM boundary"
"wow32/wow32.h"	"324"	"extern char szExplorerDotExe[];"	"extern-data-or-function-pointer declaration"	"selected-MVDM declaration; definition is a second-stage package-expansion obligation"	"definition/package BFS"	"szExplorerDotExe"	""	"mvdm-host/wow32"	"wow32"	"resolve against this declaring package before treating as any non-MVDM boundary"
"wow32/wow32.h"	"325"	"extern PSTR pszWinIniFullPath;"	"extern-data-or-function-pointer declaration"	"selected-MVDM declaration; definition is a second-stage package-expansion obligation"	"definition/package BFS"	"pszWinIniFullPath"	""	"mvdm-host/wow32"	"wow32"	"resolve against this declaring package before treating as any non-MVDM boundary"
"wow32/wow32.h"	"326"	"extern PSTR pszWindowsDirectory;"	"extern-data-or-function-pointer declaration"	"selected-MVDM declaration; definition is a second-stage package-expansion obligation"	"definition/package BFS"	"pszWindowsDirectory"	""	"mvdm-host/wow32"	"wow32"	"resolve against this declaring package before treating as any non-MVDM boundary"
"wow32/wow32.h"	"327"	"extern PSTR pszSystemDirectory;"	"extern-data-or-function-pointer declaration"	"selected-MVDM declaration; definition is a second-stage package-expansion obligation"	"definition/package BFS"	"pszSystemDirectory"	""	"mvdm-host/wow32"	"wow32"	"resolve against this declaring package before treating as any non-MVDM boundary"
"wow32/wow32.h"	"328"	"extern BOOL gfIgnoreInputAssertGiven;"	"extern-data-or-function-pointer declaration"	"selected-MVDM declaration; definition is a second-stage package-expansion obligation"	"definition/package BFS"	"gfIgnoreInputAssertGiven"	""	"mvdm-host/wow32"	"wow32"	"resolve against this declaring package before treating as any non-MVDM boundary"
"wow32/wow32.h"	"333"	"extern PUCHAR IntelMemoryBase;  // Start of emulated CPU's memory"	"extern-data-or-function-pointer declaration"	"selected-MVDM declaration; definition is a second-stage package-expansion obligation"	"definition/package BFS"	""	""	"mvdm-host/wow32"	"wow32"	"resolve against this declaring package before treating as any non-MVDM boundary"
"wow32/wow32fax.c"	"31"	"extern HANDLE hmodWOW32;"	"extern-data-or-function-pointer declaration"	"selected-MVDM declaration; definition is a second-stage package-expansion obligation"	"definition/package BFS"	"hmodWOW32"	""	"mvdm-host/wow32"	"wow32"	"resolve against this declaring package before treating as any non-MVDM boundary"
"wow32/wowtable.h"	"16"	"extern W32 aw32WOW[];"	"extern-data-or-function-pointer declaration"	"selected-MVDM declaration; definition is a second-stage package-expansion obligation"	"definition/package BFS"	"aw32WOW"	""	"mvdm-host/wow32"	"wow32"	"resolve against this declaring package before treating as any non-MVDM boundary"
"wow32/wowtable.h"	"20"	"extern INT cAPIThunks;"	"extern-data-or-function-pointer declaration"	"selected-MVDM declaration; definition is a second-stage package-expansion obligation"	"definition/package BFS"	"cAPIThunks"	""	"mvdm-host/wow32"	"wow32"	"resolve against this declaring package before treating as any non-MVDM boundary"
"wow32/wowtbl.h"	"16"	"extern W32 aw32WOW[];"	"extern-data-or-function-pointer declaration"	"selected-MVDM declaration; definition is a second-stage package-expansion obligation"	"definition/package BFS"	"aw32WOW"	""	"mvdm-host/wow32"	"wow32"	"resolve against this declaring package before treating as any non-MVDM boundary"
"wow32/wowtbl.h"	"42"	"extern TABLEOFFSETS tableoffsets;"	"extern-data-or-function-pointer declaration"	"selected-MVDM declaration; definition is a second-stage package-expansion obligation"	"definition/package BFS"	"tableoffsets"	""	"mvdm-host/wow32"	"wow32"	"resolve against this declaring package before treating as any non-MVDM boundary"
"wow32/wowtbl.h"	"46"	"extern PSZ apszModNames[];"	"extern-data-or-function-pointer declaration"	"selected-MVDM declaration; definition is a second-stage package-expansion obligation"	"definition/package BFS"	"apszModNames"	""	"mvdm-host/wow32"	"wow32"	"resolve against this declaring package before treating as any non-MVDM boundary"
"wow32/wowtbl.h"	"47"	"extern INT nModNames;"	"extern-data-or-function-pointer declaration"	"selected-MVDM declaration; definition is a second-stage package-expansion obligation"	"definition/package BFS"	"nModNames"	""	"mvdm-host/wow32"	"wow32"	"resolve against this declaring package before treating as any non-MVDM boundary"
"wow32/wowtbl.h"	"48"	"extern INT cAPIThunks;"	"extern-data-or-function-pointer declaration"	"selected-MVDM declaration; definition is a second-stage package-expansion obligation"	"definition/package BFS"	"cAPIThunks"	""	"mvdm-host/wow32"	"wow32"	"resolve against this declaring package before treating as any non-MVDM boundary"
"wow32/wreldc.h"	"25"	"extern INT  iReleasedDCs;"	"extern-data-or-function-pointer declaration"	"selected-MVDM declaration; definition is a second-stage package-expansion obligation"	"definition/package BFS"	"iReleasedDCs"	""	"mvdm-host/wow32"	"wow32"	"resolve against this declaring package before treating as any non-MVDM boundary"
"wow32/wsdynmc.h"	"1"	"extern  DLLENTRYPOINTS  wsockapis[];"	"extern-data-or-function-pointer declaration"	"selected-MVDM declaration; definition is a second-stage package-expansion obligation"	"definition/package BFS"	"wsockapis"	""	"mvdm-host/wow32"	"wow32"	"resolve against this declaring package before treating as any non-MVDM boundary"
"wow32/wshltbl.h"	"19"	"extern W32 aw32Shell[];"	"extern-data-or-function-pointer declaration"	"selected-MVDM declaration; definition is a second-stage package-expansion obligation"	"definition/package BFS"	"aw32Shell"	""	"mvdm-host/wow32"	"wow32"	"resolve against this declaring package before treating as any non-MVDM boundary"
"wow32/wshltbl.h"	"24"	"extern INT iShellMax;"	"extern-data-or-function-pointer declaration"	"selected-MVDM declaration; definition is a second-stage package-expansion obligation"	"definition/package BFS"	"iShellMax"	""	"mvdm-host/wow32"	"wow32"	"resolve against this declaring package before treating as any non-MVDM boundary"
"wow32/wsocktbl.h"	"18"	"extern W32 aw32Winsock[];"	"extern-data-or-function-pointer declaration"	"selected-MVDM declaration; definition is a second-stage package-expansion obligation"	"definition/package BFS"	"aw32Winsock"	""	"mvdm-host/wow32"	"wow32"	"resolve against this declaring package before treating as any non-MVDM boundary"
"wow32/wsocktbl.h"	"22"	"extern INT iWinsockMax;"	"extern-data-or-function-pointer declaration"	"selected-MVDM declaration; definition is a second-stage package-expansion obligation"	"definition/package BFS"	"iWinsockMax"	""	"mvdm-host/wow32"	"wow32"	"resolve against this declaring package before treating as any non-MVDM boundary"
"wow32/wspool.c"	"23"	"extern WORD gUser16hInstance;"	"extern-data-or-function-pointer declaration"	"selected-MVDM declaration; definition is a second-stage package-expansion obligation"	"definition/package BFS"	"gUser16hInstance"	""	"mvdm-host/wow32"	"wow32"	"resolve against this declaring package before treating as any non-MVDM boundary"
"wow32/wspool.h"	"30"	"extern  DLLENTRYPOINTS  spoolerapis[];"	"extern-data-or-function-pointer declaration"	"selected-MVDM declaration; definition is a second-stage package-expansion obligation"	"definition/package BFS"	"spoolerapis"	""	"mvdm-host/wow32"	"wow32"	"resolve against this declaring package before treating as any non-MVDM boundary"
"wow32/wstbl.h"	"18"	"extern W32 aw32Sound[];"	"extern-data-or-function-pointer declaration"	"selected-MVDM declaration; definition is a second-stage package-expansion obligation"	"definition/package BFS"	"aw32Sound"	""	"mvdm-host/wow32"	"wow32"	"resolve against this declaring package before treating as any non-MVDM boundary"
"wow32/wstbl.h"	"22"	"extern INT iSoundMax;"	"extern-data-or-function-pointer declaration"	"selected-MVDM declaration; definition is a second-stage package-expansion obligation"	"definition/package BFS"	"iSoundMax"	""	"mvdm-host/wow32"	"wow32"	"resolve against this declaring package before treating as any non-MVDM boundary"
"wow32/wthtbl.h"	"19"	"extern W32 aw32ToolHelp[];"	"extern-data-or-function-pointer declaration"	"selected-MVDM declaration; definition is a second-stage package-expansion obligation"	"definition/package BFS"	"aw32ToolHelp"	""	"mvdm-host/wow32"	"wow32"	"resolve against this declaring package before treating as any non-MVDM boundary"
"wow32/wthtbl.h"	"23"	"extern INT iToolHelpMax;"	"extern-data-or-function-pointer declaration"	"selected-MVDM declaration; definition is a second-stage package-expansion obligation"	"definition/package BFS"	"iToolHelpMax"	""	"mvdm-host/wow32"	"wow32"	"resolve against this declaring package before treating as any non-MVDM boundary"
"wow32/wuclass.c"	"20"	"extern HANDLE ghInstanceUser32;"	"extern-data-or-function-pointer declaration"	"selected-MVDM declaration; definition is a second-stage package-expansion obligation"	"definition/package BFS"	"ghInstanceUser32"	""	"mvdm-host/wow32"	"wow32"	"resolve against this declaring package before treating as any non-MVDM boundary"
"wow32/wuclass.c"	"21"	"extern WORD   gUser16hInstance;"	"extern-data-or-function-pointer declaration"	"selected-MVDM declaration; definition is a second-stage package-expansion obligation"	"definition/package BFS"	"gUser16hInstance"	""	"mvdm-host/wow32"	"wow32"	"resolve against this declaring package before treating as any non-MVDM boundary"
"wow32/wudlg.c"	"20"	"extern DOSWOWDATA DosWowData;"	"extern-data-or-function-pointer declaration"	"selected-MVDM declaration; definition is a second-stage package-expansion obligation"	"definition/package BFS"	"DosWowData"	""	"mvdm-host/wow32"	"wow32"	"resolve against this declaring package before treating as any non-MVDM boundary"
"wow32/wudlg.c"	"23"	"extern HWND  hdlgSDIMCached ;"	"extern-data-or-function-pointer declaration"	"selected-MVDM declaration; definition is a second-stage package-expansion obligation"	"definition/package BFS"	"hdlgSDIMCached"	""	"mvdm-host/wow32"	"wow32"	"resolve against this declaring package before treating as any non-MVDM boundary"
"wow32/wudlg.c"	"33"	"extern INT fWMsgProfRT;"	"extern-data-or-function-pointer declaration"	"selected-MVDM declaration; definition is a second-stage package-expansion obligation"	"definition/package BFS"	"fWMsgProfRT"	""	"mvdm-host/wow32"	"wow32"	"resolve against this declaring package before treating as any non-MVDM boundary"
"wow32/wuman.c"	"22"	"extern DWORD fThunkStrRtns;"	"extern-data-or-function-pointer declaration"	"selected-MVDM declaration; definition is a second-stage package-expansion obligation"	"definition/package BFS"	"fThunkStrRtns"	""	"mvdm-host/wow32"	"wow32"	"resolve against this declaring package before treating as any non-MVDM boundary"
"wow32/wuman.c"	"95"	"extern DWORD   gpsi;"	"extern-data-or-function-pointer declaration"	"selected-MVDM declaration; definition is a second-stage package-expansion obligation"	"definition/package BFS"	"gpsi"	""	"mvdm-host/wow32"	"wow32"	"resolve against this declaring package before treating as any non-MVDM boundary"
"wow32/wumsg.c"	"22"	"extern HANDLE hmodWOW32;"	"extern-data-or-function-pointer declaration"	"selected-MVDM declaration; definition is a second-stage package-expansion obligation"	"definition/package BFS"	"hmodWOW32"	""	"mvdm-host/wow32"	"wow32"	"resolve against this declaring package before treating as any non-MVDM boundary"
"wow32/wumsg.h"	"16"	"extern BOOL fWhoCalled;"	"extern-data-or-function-pointer declaration"	"selected-MVDM declaration; definition is a second-stage package-expansion obligation"	"definition/package BFS"	"fWhoCalled"	""	"mvdm-host/wow32"	"wow32"	"resolve against this declaring package before treating as any non-MVDM boundary"
"wow32/wuser.c"	"23"	"extern HANDLE hmodWOW32;"	"extern-data-or-function-pointer declaration"	"selected-MVDM declaration; definition is a second-stage package-expansion obligation"	"definition/package BFS"	"hmodWOW32"	""	"mvdm-host/wow32"	"wow32"	"resolve against this declaring package before treating as any non-MVDM boundary"
"wow32/wutbl.h"	"18"	"extern W32 aw32User[];"	"extern-data-or-function-pointer declaration"	"selected-MVDM declaration; definition is a second-stage package-expansion obligation"	"definition/package BFS"	"aw32User"	""	"mvdm-host/wow32"	"wow32"	"resolve against this declaring package before treating as any non-MVDM boundary"
"wow32/wutbl.h"	"23"	"extern INT iUserMax;"	"extern-data-or-function-pointer declaration"	"selected-MVDM declaration; definition is a second-stage package-expansion obligation"	"definition/package BFS"	"iUserMax"	""	"mvdm-host/wow32"	"wow32"	"resolve against this declaring package before treating as any non-MVDM boundary"
"wow32/wuwind.c"	"21"	"extern HWND hdlgSDIMCached ;"	"extern-data-or-function-pointer declaration"	"selected-MVDM declaration; definition is a second-stage package-expansion obligation"	"definition/package BFS"	"hdlgSDIMCached"	""	"mvdm-host/wow32"	"wow32"	"resolve against this declaring package before treating as any non-MVDM boundary"
"wow32/wuwind.c"	"24"	"extern WORD gUser16CS;"	"extern-data-or-function-pointer declaration"	"selected-MVDM declaration; definition is a second-stage package-expansion obligation"	"definition/package BFS"	"gUser16CS"	""	"mvdm-host/wow32"	"wow32"	"resolve against this declaring package before treating as any non-MVDM boundary"
"wow32/wuwind.h"	"68"	"extern HWND hwndProgman;"	"extern-data-or-function-pointer declaration"	"selected-MVDM declaration; definition is a second-stage package-expansion obligation"	"definition/package BFS"	"hwndProgman"	""	"mvdm-host/wow32"	"wow32"	"resolve against this declaring package before treating as any non-MVDM boundary"
"xms.486/xms.c"	"26"	"extern BOOL VDMForWOW;"	"extern-data-or-function-pointer declaration"	"selected-MVDM declaration; definition is a second-stage package-expansion obligation"	"definition/package BFS"	"VDMForWOW"	""	"mvdm-host/xms.486"	"xms.486"	"resolve against this declaring package before treating as any non-MVDM boundary"
"xms.486/xms.h"	"155"	"extern ULONG xmsMemorySize;"	"extern-data-or-function-pointer declaration"	"selected-MVDM declaration; definition is a second-stage package-expansion obligation"	"definition/package BFS"	"xmsMemorySize"	""	"mvdm-host/xms.486"	"xms.486"	"resolve against this declaring package before treating as any non-MVDM boundary"
