"include_spelling"	"occurrences"	"caller_count"	"caller_paths"	"upstream_header_paths"	"upstream_package_roots"	"stage1_state"	"next_stage"	"first_hop_owner"	"first_hop_kind"
"..\..\..\..\inc\vdm.h"	"1"	"1"	"softpc.new/base/system/idetect.c"	"base/win32/client/vdm.h;public/internal/base/inc/vdm.h"	"base/win32/client;public/internal/base"	"external-declaration carrier; map to parent source/API at stage two"	"expand owning package/build boundary"	"base/win32 VDM + BaseClient contract"	"external-package-or-declaration"
"\nt\private\ntos\dll\ldrp.h"	"1"	"1"	"v86/monitor/i386/proflib.c"	"base/ntdll/ldrp.h"	"base/ntdll/ldrp.h"	"non-mvdm source-package candidate; resolve include path ambiguity at stage two"	"expand owning package/build boundary"	"base/ntdll loader private interface"	"external-source-package-candidate"
"aaa.h"	"2"	"2"	"softpc.new/base/ccpu386/aaa.c;softpc.new/base/ccpu386/c_main.c"	""	""	"selected-mvdm-header; no external package edge"	"classify public compiler/API leaf or resolve spelling"	"mvdm selected union"	"internal-or-selected-input"
"aad.h"	"2"	"2"	"softpc.new/base/ccpu386/aad.c;softpc.new/base/ccpu386/c_main.c"	""	""	"selected-mvdm-header; no external package edge"	"classify public compiler/API leaf or resolve spelling"	"mvdm selected union"	"internal-or-selected-input"
"aam.h"	"2"	"2"	"softpc.new/base/ccpu386/aam.c;softpc.new/base/ccpu386/c_main.c"	""	""	"selected-mvdm-header; no external package edge"	"classify public compiler/API leaf or resolve spelling"	"mvdm selected union"	"internal-or-selected-input"
"aas.h"	"2"	"2"	"softpc.new/base/ccpu386/aas.c;softpc.new/base/ccpu386/c_main.c"	""	""	"selected-mvdm-header; no external package edge"	"classify public compiler/API leaf or resolve spelling"	"mvdm selected union"	"internal-or-selected-input"
"adc.h"	"2"	"2"	"softpc.new/base/ccpu386/adc.c;softpc.new/base/ccpu386/c_main.c"	""	""	"selected-mvdm-header; no external package edge"	"classify public compiler/API leaf or resolve spelling"	"mvdm selected union"	"internal-or-selected-input"
"add.h"	"3"	"3"	"softpc.new/base/ccpu386/add.c;softpc.new/base/ccpu386/c_main.c;softpc.new/base/ccpu386/xadd.c"	""	""	"selected-mvdm-header; no external package edge"	"classify public compiler/API leaf or resolve spelling"	"mvdm selected union"	"internal-or-selected-input"
"align.h"	"1"	"1"	"vdmredir/vrnmpipe.c"	"net/sockets/winsock2/wsp/ws2map/align.h;net/sockets/winsock2.nt5/wsp/ws2map/align.h;public/internal/base/inc/align.h;public/internal/ds/inc/align.h"	"net/sockets/winsock2;net/sockets/winsock2.nt5;public/internal/base;public/internal/ds"	"external-declaration carrier; map to parent source/API at stage two"	"expand owning package/build boundary"	"base/win32 VDM + BaseClient contract"	"external-package-or-declaration"
"and.h"	"2"	"2"	"softpc.new/base/ccpu386/and.c;softpc.new/base/ccpu386/c_main.c"	""	""	"selected-mvdm-header; no external package edge"	"classify public compiler/API leaf or resolve spelling"	"mvdm selected union"	"internal-or-selected-input"
"apinums.h"	"2"	"2"	"vdmredir/vrnetapi.c;vdmredir/vrremote.c"	"public/internal/ds/inc/apinums.h"	"public/internal/ds"	"external-declaration carrier; map to parent source/API at stage two"	"expand owning package/build boundary"	"DS NetAPI/RAP/Rx package family"	"external-package-or-declaration"
"apiparam.h"	"1"	"1"	"vdmredir/vrnetapi.c"	"public/internal/ds/inc/apiparam.h"	"public/internal/ds"	"external-declaration carrier; map to parent source/API at stage two"	"expand owning package/build boundary"	"DS NetAPI/RAP/Rx package family"	"external-package-or-declaration"
"apistruc.h"	"2"	"2"	"vdmredir/vrmslot.c;vdmredir/vrnetapi.c"	""	""	"selected-MVDM/platform declaration or firmware input; no non-MVDM package edge"	"classify public compiler/API leaf or resolve spelling"	"mvdm selected union"	"internal-or-selected-input"
"apiworke.h"	"1"	"1"	"vdmredir/vrremote.c"	"ds/netapi/rpcxlate/apiworke.h"	"ds/netapi/rpcxlate"	"non-mvdm source-package candidate; resolve include path ambiguity at stage two"	"expand owning package/build boundary"	"ds/netapi/rpcxlate"	"external-source-package-candidate"
"arpl.h"	"2"	"2"	"softpc.new/base/ccpu386/arpl.c;softpc.new/base/ccpu386/c_main.c"	""	""	"selected-mvdm-header; no external package edge"	"classify public compiler/API leaf or resolve spelling"	"mvdm selected union"	"internal-or-selected-input"
"assert.h"	"3"	"3"	"softpc.new/base/ccpu386/ccpupig.c;softpc.new/base/system/qevnt.c;softpc.new/base/system/quick_ev.c"	"base/crts/crtw32/h/assert.h;base/crts/libw32/include/assert.h;com/ole32/olethunk/ole16/inc/assert.h;public/sdk/inc/crt/assert.h;sdktools/jetadmin/inc/assert.h"	"base/crts/crtw32;base/crts/libw32;com/ole32/olethunk;public/sdk/inc;sdktools/jetadmin/inc"	"external-declaration carrier; map to parent source/API at stage two"	"expand owning package/build boundary"	"MSVC CRT / public C runtime"	"modern-public-leaf"
"AT_STUFF.seg"	"4"	"4"	"softpc.new/base/bios/cntlbop.c;softpc.new/base/bios/slave_bs.c;softpc.new/base/disks/diskbios.c;softpc.new/base/system/at_dma.c"	""	""	"selected MVDM SoftPC firmware/generated segment; no non-MVDM package edge"	"classify public compiler/API leaf or resolve spelling"	"mvdm selected union"	"internal-or-selected-input"
"avm361.h"	"1"	"1"	"softpc.new/base/video/cga.c"	""	""	"selected MVDM local generated/header input; source-layout reconciliation, no non-MVDM package edge"	"classify public compiler/API leaf or resolve spelling"	"mvdm selected union"	"internal-or-selected-input"
"BIOS_SUPPORT.seg"	"1"	"1"	"softpc.new/base/bios/bios.c"	""	""	"selected MVDM SoftPC firmware/generated segment; no non-MVDM package edge"	"classify public compiler/API leaf or resolve spelling"	"mvdm selected union"	"internal-or-selected-input"
"bios.h"	"47"	"47"	"softpc.new/base/bios/bios.c;softpc.new/base/bios/bootstra.c;softpc.new/base/bios/cmos_bis.c;softpc.new/base/bios/equipmnt.c;softpc.new/base/bios/mem_size.c;softpc.new/base/bios/reset.c;softpc.new/base/bios/rtc_bios.c;softpc.new/base/bios/tape_io.c;softpc.new/base/bios/virtual.c;softpc.new/base/ccpu386/c_main.c;softpc.new/base/comms/com.c;softpc.new/base/comms/printer_.c;softpc.new/base/comms/printer.c;softpc.new/base/comms/rs232_io.c;softpc.new/base/debug/dasm.c;softpc.new/base/debug/pigyoda.c;softpc.new/base/debug/yoda.c;softpc.new/base/disks/floppy_i.c;softpc.new/base/disks/floppy.c;softpc.new/base/disks/gfi_mpty.c;softpc.new/base/disks/gfi_sflp.c;softpc.new/base/disks/gfi_test.c;softpc.new/base/disks/gfi.c;softpc.new/base/keymouse/keybd_io.c;softpc.new/base/keymouse/mouse_io.c;softpc.new/base/keymouse/mouse.c;softpc.new/base/support/time_day.c;softpc.new/base/system/illegalp.c;softpc.new/base/system/timer.c;softpc.new/base/system/unexp_nt.c;softpc.new/base/video/ega_vide.c;softpc.new/base/video/gvi.c;softpc.new/base/video/v7_video.c;softpc.new/base/video/vga_vide.c;softpc.new/base/video/video_io.c;softpc.new/base/video/video.c;softpc.new/host/src/nt_bop.c;softpc.new/host/src/nt_cpu.c;softpc.new/host/src/nt_error.c;softpc.new/host/src/nt_event.c;softpc.new/host/src/nt_hunt.c;softpc.new/host/src/nt_input.c;softpc.new/host/src/nt_mouse.c;softpc.new/host/src/nt_msscs.c;softpc.new/host/src/nt_reset.c;softpc.new/host/src/nt_timer.c;softpc.new/host/src/nt_vflop.c"	"base/boot/detect/x86/bios.h"	"base/boot/detect"	"selected-mvdm-header; no external package edge"	"expand owning package/build boundary"	"mvdm selected union"	"internal-or-selected-input"
"bop.h"	"4"	"4"	"dbg/dbg.c;v86/scaffold/i386/fakeinit.c;v86/scaffold/i386/fakekbd.c;v86/scaffold/i386/fakevid.c"	""	""	"selected-MVDM/platform declaration or firmware input; no non-MVDM package edge"	"classify public compiler/API leaf or resolve spelling"	"mvdm selected union"	"internal-or-selected-input"
"bound.h"	"2"	"2"	"softpc.new/base/ccpu386/bound.c;softpc.new/base/ccpu386/c_main.c"	""	""	"selected-mvdm-header; no external package edge"	"classify public compiler/API leaf or resolve spelling"	"mvdm selected union"	"internal-or-selected-input"
"bsf.h"	"2"	"2"	"softpc.new/base/ccpu386/bsf.c;softpc.new/base/ccpu386/c_main.c"	""	""	"selected-mvdm-header; no external package edge"	"classify public compiler/API leaf or resolve spelling"	"mvdm selected union"	"internal-or-selected-input"
"bsr.h"	"2"	"2"	"softpc.new/base/ccpu386/bsr.c;softpc.new/base/ccpu386/c_main.c"	""	""	"selected-mvdm-header; no external package edge"	"classify public compiler/API leaf or resolve spelling"	"mvdm selected union"	"internal-or-selected-input"
"bswap.h"	"2"	"2"	"softpc.new/base/ccpu386/bswap.c;softpc.new/base/ccpu386/c_main.c"	""	""	"selected-mvdm-header; no external package edge"	"classify public compiler/API leaf or resolve spelling"	"mvdm selected union"	"internal-or-selected-input"
"bt.h"	"2"	"2"	"softpc.new/base/ccpu386/bt.c;softpc.new/base/ccpu386/c_main.c"	""	""	"selected-mvdm-header; no external package edge"	"classify public compiler/API leaf or resolve spelling"	"mvdm selected union"	"internal-or-selected-input"
"btc.h"	"2"	"2"	"softpc.new/base/ccpu386/btc.c;softpc.new/base/ccpu386/c_main.c"	""	""	"selected-mvdm-header; no external package edge"	"classify public compiler/API leaf or resolve spelling"	"mvdm selected union"	"internal-or-selected-input"
"btr.h"	"2"	"2"	"softpc.new/base/ccpu386/btr.c;softpc.new/base/ccpu386/c_main.c"	""	""	"selected-mvdm-header; no external package edge"	"classify public compiler/API leaf or resolve spelling"	"mvdm selected union"	"internal-or-selected-input"
"bts.h"	"2"	"2"	"softpc.new/base/ccpu386/bts.c;softpc.new/base/ccpu386/c_main.c"	""	""	"selected-mvdm-header; no external package edge"	"classify public compiler/API leaf or resolve spelling"	"mvdm selected union"	"internal-or-selected-input"
"build_id.h"	"1"	"1"	"softpc.new/base/bios/build_id.c"	""	""	"selected-mvdm-header; no external package edge"	"classify public compiler/API leaf or resolve spelling"	"mvdm selected union"	"internal-or-selected-input"
"c_addr.h"	"121"	"121"	"softpc.new/base/ccpu386/aaa.c;softpc.new/base/ccpu386/aad.c;softpc.new/base/ccpu386/aam.c;softpc.new/base/ccpu386/aas.c;softpc.new/base/ccpu386/adc.c;softpc.new/base/ccpu386/add.c;softpc.new/base/ccpu386/and.c;softpc.new/base/ccpu386/arpl.c;softpc.new/base/ccpu386/bound.c;softpc.new/base/ccpu386/bsf.c;softpc.new/base/ccpu386/bsr.c;softpc.new/base/ccpu386/bswap.c;softpc.new/base/ccpu386/bt.c;softpc.new/base/ccpu386/btc.c;softpc.new/base/ccpu386/btr.c;softpc.new/base/ccpu386/bts.c;softpc.new/base/ccpu386/c_addr.c;softpc.new/base/ccpu386/c_bsic.c;softpc.new/base/ccpu386/c_debug.c;softpc.new/base/ccpu386/c_div64.c;softpc.new/base/ccpu386/c_intr.c;softpc.new/base/ccpu386/c_mul64.c;softpc.new/base/ccpu386/c_neg64.c;softpc.new/base/ccpu386/c_page.c;softpc.new/base/ccpu386/c_prot.c;softpc.new/base/ccpu386/c_reg.c;softpc.new/base/ccpu386/c_seg.c;softpc.new/base/ccpu386/c_stack.c;softpc.new/base/ccpu386/c_tlb.c;softpc.new/base/ccpu386/c_tsksw.c;softpc.new/base/ccpu386/c_xcptn.c;softpc.new/base/ccpu386/c_xfer.c;softpc.new/base/ccpu386/c_xtrn.c;softpc.new/base/ccpu386/call.c;softpc.new/base/ccpu386/cbw.c;softpc.new/base/ccpu386/ccpusas4.c;softpc.new/base/ccpu386/cdq.c;softpc.new/base/ccpu386/clc.c;softpc.new/base/ccpu386/cld.c;softpc.new/base/ccpu386/cli.c;softpc.new/base/ccpu386/clts.c;softpc.new/base/ccpu386/cmc.c;softpc.new/base/ccpu386/cmp.c;softpc.new/base/ccpu386/cmpxchg.c;softpc.new/base/ccpu386/cwd.c;softpc.new/base/ccpu386/cwde.c;softpc.new/base/ccpu386/daa.c;softpc.new/base/ccpu386/das.c;softpc.new/base/ccpu386/dec.c;softpc.new/base/ccpu386/div.c;softpc.new/base/ccpu386/enter.c;softpc.new/base/ccpu386/idiv.c;softpc.new/base/ccpu386/imul.c;softpc.new/base/ccpu386/in.c;softpc.new/base/ccpu386/inc.c;softpc.new/base/ccpu386/into.c;softpc.new/base/ccpu386/intx.c;softpc.new/base/ccpu386/invd.c;softpc.new/base/ccpu386/invlpg.c;softpc.new/base/ccpu386/iret.c;softpc.new/base/ccpu386/jcxz.c;softpc.new/base/ccpu386/jmp.c;softpc.new/base/ccpu386/jxx.c;softpc.new/base/ccpu386/lahf.c;softpc.new/base/ccpu386/lar.c;softpc.new/base/ccpu386/lea.c;softpc.new/base/ccpu386/leave.c;softpc.new/base/ccpu386/lgdt.c;softpc.new/base/ccpu386/lidt.c;softpc.new/base/ccpu386/lldt.c;softpc.new/base/ccpu386/lmsw.c;softpc.new/base/ccpu386/loopxx.c;softpc.new/base/ccpu386/lsl.c;softpc.new/base/ccpu386/ltr.c;softpc.new/base/ccpu386/lxs.c;softpc.new/base/ccpu386/mov.c;softpc.new/base/ccpu386/movsx.c;softpc.new/base/ccpu386/mul.c;softpc.new/base/ccpu386/neg.c;softpc.new/base/ccpu386/nop.c;softpc.new/base/ccpu386/not.c;softpc.new/base/ccpu386/or.c;softpc.new/base/ccpu386/out.c;softpc.new/base/ccpu386/pop.c;softpc.new/base/ccpu386/popa.c;softpc.new/base/ccpu386/popf.c;softpc.new/base/ccpu386/push.c;softpc.new/base/ccpu386/pusha.c;softpc.new/base/ccpu386/pushf.c;softpc.new/base/ccpu386/rcl.c;softpc.new/base/ccpu386/rcr.c;softpc.new/base/ccpu386/ret.c;softpc.new/base/ccpu386/rol.c;softpc.new/base/ccpu386/ror.c;softpc.new/base/ccpu386/rsrvd.c;softpc.new/base/ccpu386/sahf.c;softpc.new/base/ccpu386/sar.c;softpc.new/base/ccpu386/sbb.c;softpc.new/base/ccpu386/setxx.c;softpc.new/base/ccpu386/sgdt.c;softpc.new/base/ccpu386/shl.c;softpc.new/base/ccpu386/shld.c;softpc.new/base/ccpu386/shr.c;softpc.new/base/ccpu386/shrd.c;softpc.new/base/ccpu386/sidt.c;softpc.new/base/ccpu386/sldt.c;softpc.new/base/ccpu386/smsw.c;softpc.new/base/ccpu386/stc.c;softpc.new/base/ccpu386/std.c;softpc.new/base/ccpu386/sti.c;softpc.new/base/ccpu386/str.c;softpc.new/base/ccpu386/sub.c;softpc.new/base/ccpu386/test.c;softpc.new/base/ccpu386/verr.c;softpc.new/base/ccpu386/verw.c;softpc.new/base/ccpu386/wait.c;softpc.new/base/ccpu386/wbinvd.c;softpc.new/base/ccpu386/xadd.c;softpc.new/base/ccpu386/xchg.c;softpc.new/base/ccpu386/xlat.c;softpc.new/base/ccpu386/xor.c"	""	""	"selected-mvdm-header; no external package edge"	"classify public compiler/API leaf or resolve spelling"	"mvdm selected union"	"internal-or-selected-input"
"c_bsic.h"	"122"	"122"	"softpc.new/base/ccpu386/aaa.c;softpc.new/base/ccpu386/aad.c;softpc.new/base/ccpu386/aam.c;softpc.new/base/ccpu386/aas.c;softpc.new/base/ccpu386/adc.c;softpc.new/base/ccpu386/add.c;softpc.new/base/ccpu386/and.c;softpc.new/base/ccpu386/arpl.c;softpc.new/base/ccpu386/bound.c;softpc.new/base/ccpu386/bsf.c;softpc.new/base/ccpu386/bsr.c;softpc.new/base/ccpu386/bswap.c;softpc.new/base/ccpu386/bt.c;softpc.new/base/ccpu386/btc.c;softpc.new/base/ccpu386/btr.c;softpc.new/base/ccpu386/bts.c;softpc.new/base/ccpu386/c_addr.c;softpc.new/base/ccpu386/c_bsic.c;softpc.new/base/ccpu386/c_debug.c;softpc.new/base/ccpu386/c_div64.c;softpc.new/base/ccpu386/c_intr.c;softpc.new/base/ccpu386/c_main.c;softpc.new/base/ccpu386/c_mul64.c;softpc.new/base/ccpu386/c_neg64.c;softpc.new/base/ccpu386/c_page.c;softpc.new/base/ccpu386/c_prot.c;softpc.new/base/ccpu386/c_reg.c;softpc.new/base/ccpu386/c_seg.c;softpc.new/base/ccpu386/c_stack.c;softpc.new/base/ccpu386/c_tlb.c;softpc.new/base/ccpu386/c_tsksw.c;softpc.new/base/ccpu386/c_xcptn.c;softpc.new/base/ccpu386/c_xfer.c;softpc.new/base/ccpu386/c_xtrn.c;softpc.new/base/ccpu386/call.c;softpc.new/base/ccpu386/cbw.c;softpc.new/base/ccpu386/ccpusas4.c;softpc.new/base/ccpu386/cdq.c;softpc.new/base/ccpu386/clc.c;softpc.new/base/ccpu386/cld.c;softpc.new/base/ccpu386/cli.c;softpc.new/base/ccpu386/clts.c;softpc.new/base/ccpu386/cmc.c;softpc.new/base/ccpu386/cmp.c;softpc.new/base/ccpu386/cmpxchg.c;softpc.new/base/ccpu386/cwd.c;softpc.new/base/ccpu386/cwde.c;softpc.new/base/ccpu386/daa.c;softpc.new/base/ccpu386/das.c;softpc.new/base/ccpu386/dec.c;softpc.new/base/ccpu386/div.c;softpc.new/base/ccpu386/enter.c;softpc.new/base/ccpu386/idiv.c;softpc.new/base/ccpu386/imul.c;softpc.new/base/ccpu386/in.c;softpc.new/base/ccpu386/inc.c;softpc.new/base/ccpu386/into.c;softpc.new/base/ccpu386/intx.c;softpc.new/base/ccpu386/invd.c;softpc.new/base/ccpu386/invlpg.c;softpc.new/base/ccpu386/iret.c;softpc.new/base/ccpu386/jcxz.c;softpc.new/base/ccpu386/jmp.c;softpc.new/base/ccpu386/jxx.c;softpc.new/base/ccpu386/lahf.c;softpc.new/base/ccpu386/lar.c;softpc.new/base/ccpu386/lea.c;softpc.new/base/ccpu386/leave.c;softpc.new/base/ccpu386/lgdt.c;softpc.new/base/ccpu386/lidt.c;softpc.new/base/ccpu386/lldt.c;softpc.new/base/ccpu386/lmsw.c;softpc.new/base/ccpu386/loopxx.c;softpc.new/base/ccpu386/lsl.c;softpc.new/base/ccpu386/ltr.c;softpc.new/base/ccpu386/lxs.c;softpc.new/base/ccpu386/mov.c;softpc.new/base/ccpu386/movsx.c;softpc.new/base/ccpu386/mul.c;softpc.new/base/ccpu386/neg.c;softpc.new/base/ccpu386/nop.c;softpc.new/base/ccpu386/not.c;softpc.new/base/ccpu386/or.c;softpc.new/base/ccpu386/out.c;softpc.new/base/ccpu386/pop.c;softpc.new/base/ccpu386/popa.c;softpc.new/base/ccpu386/popf.c;softpc.new/base/ccpu386/push.c;softpc.new/base/ccpu386/pusha.c;softpc.new/base/ccpu386/pushf.c;softpc.new/base/ccpu386/rcl.c;softpc.new/base/ccpu386/rcr.c;softpc.new/base/ccpu386/ret.c;softpc.new/base/ccpu386/rol.c;softpc.new/base/ccpu386/ror.c;softpc.new/base/ccpu386/rsrvd.c;softpc.new/base/ccpu386/sahf.c;softpc.new/base/ccpu386/sar.c;softpc.new/base/ccpu386/sbb.c;softpc.new/base/ccpu386/setxx.c;softpc.new/base/ccpu386/sgdt.c;softpc.new/base/ccpu386/shl.c;softpc.new/base/ccpu386/shld.c;softpc.new/base/ccpu386/shr.c;softpc.new/base/ccpu386/shrd.c;softpc.new/base/ccpu386/sidt.c;softpc.new/base/ccpu386/sldt.c;softpc.new/base/ccpu386/smsw.c;softpc.new/base/ccpu386/stc.c;softpc.new/base/ccpu386/std.c;softpc.new/base/ccpu386/sti.c;softpc.new/base/ccpu386/str.c;softpc.new/base/ccpu386/sub.c;softpc.new/base/ccpu386/test.c;softpc.new/base/ccpu386/verr.c;softpc.new/base/ccpu386/verw.c;softpc.new/base/ccpu386/wait.c;softpc.new/base/ccpu386/wbinvd.c;softpc.new/base/ccpu386/xadd.c;softpc.new/base/ccpu386/xchg.c;softpc.new/base/ccpu386/xlat.c;softpc.new/base/ccpu386/xor.c"	""	""	"selected-mvdm-header; no external package edge"	"classify public compiler/API leaf or resolve spelling"	"mvdm selected union"	"internal-or-selected-input"
"c_debug.h"	"5"	"4"	"softpc.new/base/ccpu386/c_debug.c;softpc.new/base/ccpu386/c_main.c;softpc.new/base/ccpu386/c_page.c;softpc.new/base/ccpu386/mov.c"	""	""	"selected-mvdm-header; no external package edge"	"classify public compiler/API leaf or resolve spelling"	"mvdm selected union"	"internal-or-selected-input"
"c_div64.h"	"3"	"3"	"softpc.new/base/ccpu386/c_div64.c;softpc.new/base/ccpu386/div.c;softpc.new/base/ccpu386/idiv.c"	""	""	"selected-mvdm-header; no external package edge"	"classify public compiler/API leaf or resolve spelling"	"mvdm selected union"	"internal-or-selected-input"
"c_intr.h"	"6"	"5"	"softpc.new/base/ccpu386/c_intr.c;softpc.new/base/ccpu386/c_main.c;softpc.new/base/ccpu386/c_xcptn.c;softpc.new/base/ccpu386/into.c;softpc.new/base/ccpu386/intx.c"	""	""	"selected-mvdm-header; no external package edge"	"classify public compiler/API leaf or resolve spelling"	"mvdm selected union"	"internal-or-selected-input"
"c_main.h"	"123"	"123"	"softpc.new/base/ccpu386/aaa.c;softpc.new/base/ccpu386/aad.c;softpc.new/base/ccpu386/aam.c;softpc.new/base/ccpu386/aas.c;softpc.new/base/ccpu386/adc.c;softpc.new/base/ccpu386/add.c;softpc.new/base/ccpu386/and.c;softpc.new/base/ccpu386/arpl.c;softpc.new/base/ccpu386/bound.c;softpc.new/base/ccpu386/bsf.c;softpc.new/base/ccpu386/bsr.c;softpc.new/base/ccpu386/bswap.c;softpc.new/base/ccpu386/bt.c;softpc.new/base/ccpu386/btc.c;softpc.new/base/ccpu386/btr.c;softpc.new/base/ccpu386/bts.c;softpc.new/base/ccpu386/c_addr.c;softpc.new/base/ccpu386/c_bsic.c;softpc.new/base/ccpu386/c_debug.c;softpc.new/base/ccpu386/c_div64.c;softpc.new/base/ccpu386/c_intr.c;softpc.new/base/ccpu386/c_main.c;softpc.new/base/ccpu386/c_mul64.c;softpc.new/base/ccpu386/c_neg64.c;softpc.new/base/ccpu386/c_page.c;softpc.new/base/ccpu386/c_prot.c;softpc.new/base/ccpu386/c_reg.c;softpc.new/base/ccpu386/c_seg.c;softpc.new/base/ccpu386/c_stack.c;softpc.new/base/ccpu386/c_tlb.c;softpc.new/base/ccpu386/c_tsksw.c;softpc.new/base/ccpu386/c_xcptn.c;softpc.new/base/ccpu386/c_xfer.c;softpc.new/base/ccpu386/c_xtrn.c;softpc.new/base/ccpu386/call.c;softpc.new/base/ccpu386/cbw.c;softpc.new/base/ccpu386/ccpusas4.c;softpc.new/base/ccpu386/cdq.c;softpc.new/base/ccpu386/clc.c;softpc.new/base/ccpu386/cld.c;softpc.new/base/ccpu386/cli.c;softpc.new/base/ccpu386/clts.c;softpc.new/base/ccpu386/cmc.c;softpc.new/base/ccpu386/cmp.c;softpc.new/base/ccpu386/cmpxchg.c;softpc.new/base/ccpu386/cwd.c;softpc.new/base/ccpu386/cwde.c;softpc.new/base/ccpu386/daa.c;softpc.new/base/ccpu386/das.c;softpc.new/base/ccpu386/dec.c;softpc.new/base/ccpu386/div.c;softpc.new/base/ccpu386/enter.c;softpc.new/base/ccpu386/idiv.c;softpc.new/base/ccpu386/imul.c;softpc.new/base/ccpu386/in.c;softpc.new/base/ccpu386/inc.c;softpc.new/base/ccpu386/into.c;softpc.new/base/ccpu386/intx.c;softpc.new/base/ccpu386/invd.c;softpc.new/base/ccpu386/invlpg.c;softpc.new/base/ccpu386/iret.c;softpc.new/base/ccpu386/jcxz.c;softpc.new/base/ccpu386/jmp.c;softpc.new/base/ccpu386/jxx.c;softpc.new/base/ccpu386/lahf.c;softpc.new/base/ccpu386/lar.c;softpc.new/base/ccpu386/lea.c;softpc.new/base/ccpu386/leave.c;softpc.new/base/ccpu386/lgdt.c;softpc.new/base/ccpu386/lidt.c;softpc.new/base/ccpu386/lldt.c;softpc.new/base/ccpu386/lmsw.c;softpc.new/base/ccpu386/loopxx.c;softpc.new/base/ccpu386/lsl.c;softpc.new/base/ccpu386/ltr.c;softpc.new/base/ccpu386/lxs.c;softpc.new/base/ccpu386/mov.c;softpc.new/base/ccpu386/movsx.c;softpc.new/base/ccpu386/mul.c;softpc.new/base/ccpu386/neg.c;softpc.new/base/ccpu386/nop.c;softpc.new/base/ccpu386/not.c;softpc.new/base/ccpu386/or.c;softpc.new/base/ccpu386/out.c;softpc.new/base/ccpu386/pop.c;softpc.new/base/ccpu386/popa.c;softpc.new/base/ccpu386/popf.c;softpc.new/base/ccpu386/push.c;softpc.new/base/ccpu386/pusha.c;softpc.new/base/ccpu386/pushf.c;softpc.new/base/ccpu386/rcl.c;softpc.new/base/ccpu386/rcr.c;softpc.new/base/ccpu386/ret.c;softpc.new/base/ccpu386/rol.c;softpc.new/base/ccpu386/ror.c;softpc.new/base/ccpu386/rsrvd.c;softpc.new/base/ccpu386/sahf.c;softpc.new/base/ccpu386/sar.c;softpc.new/base/ccpu386/sbb.c;softpc.new/base/ccpu386/setxx.c;softpc.new/base/ccpu386/sgdt.c;softpc.new/base/ccpu386/shl.c;softpc.new/base/ccpu386/shld.c;softpc.new/base/ccpu386/shr.c;softpc.new/base/ccpu386/shrd.c;softpc.new/base/ccpu386/sidt.c;softpc.new/base/ccpu386/sldt.c;softpc.new/base/ccpu386/smsw.c;softpc.new/base/ccpu386/stc.c;softpc.new/base/ccpu386/std.c;softpc.new/base/ccpu386/sti.c;softpc.new/base/ccpu386/str.c;softpc.new/base/ccpu386/sub.c;softpc.new/base/ccpu386/test.c;softpc.new/base/ccpu386/verr.c;softpc.new/base/ccpu386/verw.c;softpc.new/base/ccpu386/wait.c;softpc.new/base/ccpu386/wbinvd.c;softpc.new/base/ccpu386/xadd.c;softpc.new/base/ccpu386/xchg.c;softpc.new/base/ccpu386/xlat.c;softpc.new/base/ccpu386/xor.c;softpc.new/base/ccpu386/zfrsrvd.c"	""	""	"selected-mvdm-header; no external package edge"	"classify public compiler/API leaf or resolve spelling"	"mvdm selected union"	"internal-or-selected-input"
"c_mem.h"	"7"	"7"	"softpc.new/base/ccpu386/c_addr.c;softpc.new/base/ccpu386/c_intr.c;softpc.new/base/ccpu386/c_main.c;softpc.new/base/ccpu386/c_page.c;softpc.new/base/ccpu386/c_tlb.c;softpc.new/base/ccpu386/c_xtrn.c;softpc.new/base/ccpu386/zfrsrvd.c"	""	""	"selected-mvdm-header; no external package edge"	"classify public compiler/API leaf or resolve spelling"	"mvdm selected union"	"internal-or-selected-input"
"c_mul64.h"	"3"	"3"	"softpc.new/base/ccpu386/c_mul64.c;softpc.new/base/ccpu386/imul.c;softpc.new/base/ccpu386/mul.c"	""	""	"selected-mvdm-header; no external package edge"	"classify public compiler/API leaf or resolve spelling"	"mvdm selected union"	"internal-or-selected-input"
"c_neg64.h"	"3"	"3"	"softpc.new/base/ccpu386/c_div64.c;softpc.new/base/ccpu386/c_mul64.c;softpc.new/base/ccpu386/c_neg64.c"	""	""	"selected-mvdm-header; no external package edge"	"classify public compiler/API leaf or resolve spelling"	"mvdm selected union"	"internal-or-selected-input"
"c_oprnd.h"	"3"	"2"	"softpc.new/base/ccpu386/c_main.c;softpc.new/base/ccpu386/zfrsrvd.c"	""	""	"selected-mvdm-header; no external package edge"	"classify public compiler/API leaf or resolve spelling"	"mvdm selected union"	"internal-or-selected-input"
"c_page.h"	"19"	"18"	"softpc.new/base/ccpu386/c_bsic.c;softpc.new/base/ccpu386/c_intr.c;softpc.new/base/ccpu386/c_main.c;softpc.new/base/ccpu386/c_page.c;softpc.new/base/ccpu386/c_prot.c;softpc.new/base/ccpu386/c_seg.c;softpc.new/base/ccpu386/c_stack.c;softpc.new/base/ccpu386/c_tlb.c;softpc.new/base/ccpu386/c_tsksw.c;softpc.new/base/ccpu386/c_xfer.c;softpc.new/base/ccpu386/ccpupig.c;softpc.new/base/ccpu386/ccpusas4.c;softpc.new/base/ccpu386/enter.c;softpc.new/base/ccpu386/iret.c;softpc.new/base/ccpu386/ltr.c;softpc.new/base/ccpu386/verr.c;softpc.new/base/ccpu386/verw.c;softpc.new/base/ccpu386/zfrsrvd.c"	""	""	"selected-mvdm-header; no external package edge"	"classify public compiler/API leaf or resolve spelling"	"mvdm selected union"	"internal-or-selected-input"
"c_prot.h"	"121"	"121"	"softpc.new/base/ccpu386/aaa.c;softpc.new/base/ccpu386/aad.c;softpc.new/base/ccpu386/aam.c;softpc.new/base/ccpu386/aas.c;softpc.new/base/ccpu386/adc.c;softpc.new/base/ccpu386/add.c;softpc.new/base/ccpu386/and.c;softpc.new/base/ccpu386/arpl.c;softpc.new/base/ccpu386/bound.c;softpc.new/base/ccpu386/bsf.c;softpc.new/base/ccpu386/bsr.c;softpc.new/base/ccpu386/bswap.c;softpc.new/base/ccpu386/bt.c;softpc.new/base/ccpu386/btc.c;softpc.new/base/ccpu386/btr.c;softpc.new/base/ccpu386/bts.c;softpc.new/base/ccpu386/c_addr.c;softpc.new/base/ccpu386/c_bsic.c;softpc.new/base/ccpu386/c_debug.c;softpc.new/base/ccpu386/c_div64.c;softpc.new/base/ccpu386/c_intr.c;softpc.new/base/ccpu386/c_mul64.c;softpc.new/base/ccpu386/c_neg64.c;softpc.new/base/ccpu386/c_page.c;softpc.new/base/ccpu386/c_prot.c;softpc.new/base/ccpu386/c_reg.c;softpc.new/base/ccpu386/c_seg.c;softpc.new/base/ccpu386/c_stack.c;softpc.new/base/ccpu386/c_tlb.c;softpc.new/base/ccpu386/c_tsksw.c;softpc.new/base/ccpu386/c_xcptn.c;softpc.new/base/ccpu386/c_xfer.c;softpc.new/base/ccpu386/c_xtrn.c;softpc.new/base/ccpu386/call.c;softpc.new/base/ccpu386/cbw.c;softpc.new/base/ccpu386/ccpusas4.c;softpc.new/base/ccpu386/cdq.c;softpc.new/base/ccpu386/clc.c;softpc.new/base/ccpu386/cld.c;softpc.new/base/ccpu386/cli.c;softpc.new/base/ccpu386/clts.c;softpc.new/base/ccpu386/cmc.c;softpc.new/base/ccpu386/cmp.c;softpc.new/base/ccpu386/cmpxchg.c;softpc.new/base/ccpu386/cwd.c;softpc.new/base/ccpu386/cwde.c;softpc.new/base/ccpu386/daa.c;softpc.new/base/ccpu386/das.c;softpc.new/base/ccpu386/dec.c;softpc.new/base/ccpu386/div.c;softpc.new/base/ccpu386/enter.c;softpc.new/base/ccpu386/idiv.c;softpc.new/base/ccpu386/imul.c;softpc.new/base/ccpu386/in.c;softpc.new/base/ccpu386/inc.c;softpc.new/base/ccpu386/into.c;softpc.new/base/ccpu386/intx.c;softpc.new/base/ccpu386/invd.c;softpc.new/base/ccpu386/invlpg.c;softpc.new/base/ccpu386/iret.c;softpc.new/base/ccpu386/jcxz.c;softpc.new/base/ccpu386/jmp.c;softpc.new/base/ccpu386/jxx.c;softpc.new/base/ccpu386/lahf.c;softpc.new/base/ccpu386/lar.c;softpc.new/base/ccpu386/lea.c;softpc.new/base/ccpu386/leave.c;softpc.new/base/ccpu386/lgdt.c;softpc.new/base/ccpu386/lidt.c;softpc.new/base/ccpu386/lldt.c;softpc.new/base/ccpu386/lmsw.c;softpc.new/base/ccpu386/loopxx.c;softpc.new/base/ccpu386/lsl.c;softpc.new/base/ccpu386/ltr.c;softpc.new/base/ccpu386/lxs.c;softpc.new/base/ccpu386/mov.c;softpc.new/base/ccpu386/movsx.c;softpc.new/base/ccpu386/mul.c;softpc.new/base/ccpu386/neg.c;softpc.new/base/ccpu386/nop.c;softpc.new/base/ccpu386/not.c;softpc.new/base/ccpu386/or.c;softpc.new/base/ccpu386/out.c;softpc.new/base/ccpu386/pop.c;softpc.new/base/ccpu386/popa.c;softpc.new/base/ccpu386/popf.c;softpc.new/base/ccpu386/push.c;softpc.new/base/ccpu386/pusha.c;softpc.new/base/ccpu386/pushf.c;softpc.new/base/ccpu386/rcl.c;softpc.new/base/ccpu386/rcr.c;softpc.new/base/ccpu386/ret.c;softpc.new/base/ccpu386/rol.c;softpc.new/base/ccpu386/ror.c;softpc.new/base/ccpu386/rsrvd.c;softpc.new/base/ccpu386/sahf.c;softpc.new/base/ccpu386/sar.c;softpc.new/base/ccpu386/sbb.c;softpc.new/base/ccpu386/setxx.c;softpc.new/base/ccpu386/sgdt.c;softpc.new/base/ccpu386/shl.c;softpc.new/base/ccpu386/shld.c;softpc.new/base/ccpu386/shr.c;softpc.new/base/ccpu386/shrd.c;softpc.new/base/ccpu386/sidt.c;softpc.new/base/ccpu386/sldt.c;softpc.new/base/ccpu386/smsw.c;softpc.new/base/ccpu386/stc.c;softpc.new/base/ccpu386/std.c;softpc.new/base/ccpu386/sti.c;softpc.new/base/ccpu386/str.c;softpc.new/base/ccpu386/sub.c;softpc.new/base/ccpu386/test.c;softpc.new/base/ccpu386/verr.c;softpc.new/base/ccpu386/verw.c;softpc.new/base/ccpu386/wait.c;softpc.new/base/ccpu386/wbinvd.c;softpc.new/base/ccpu386/xadd.c;softpc.new/base/ccpu386/xchg.c;softpc.new/base/ccpu386/xlat.c;softpc.new/base/ccpu386/xor.c"	""	""	"selected-mvdm-header; no external package edge"	"classify public compiler/API leaf or resolve spelling"	"mvdm selected union"	"internal-or-selected-input"
"c_reg.h"	"125"	"125"	"softpc.new/base/ccpu386/aaa.c;softpc.new/base/ccpu386/aad.c;softpc.new/base/ccpu386/aam.c;softpc.new/base/ccpu386/aas.c;softpc.new/base/ccpu386/adc.c;softpc.new/base/ccpu386/add.c;softpc.new/base/ccpu386/and.c;softpc.new/base/ccpu386/arpl.c;softpc.new/base/ccpu386/bound.c;softpc.new/base/ccpu386/bsf.c;softpc.new/base/ccpu386/bsr.c;softpc.new/base/ccpu386/bswap.c;softpc.new/base/ccpu386/bt.c;softpc.new/base/ccpu386/btc.c;softpc.new/base/ccpu386/btr.c;softpc.new/base/ccpu386/bts.c;softpc.new/base/ccpu386/c_addr.c;softpc.new/base/ccpu386/c_bsic.c;softpc.new/base/ccpu386/c_debug.c;softpc.new/base/ccpu386/c_div64.c;softpc.new/base/ccpu386/c_getset.c;softpc.new/base/ccpu386/c_intr.c;softpc.new/base/ccpu386/c_main.c;softpc.new/base/ccpu386/c_mul64.c;softpc.new/base/ccpu386/c_neg64.c;softpc.new/base/ccpu386/c_page.c;softpc.new/base/ccpu386/c_prot.c;softpc.new/base/ccpu386/c_reg.c;softpc.new/base/ccpu386/c_seg.c;softpc.new/base/ccpu386/c_stack.c;softpc.new/base/ccpu386/c_tlb.c;softpc.new/base/ccpu386/c_tsksw.c;softpc.new/base/ccpu386/c_xcptn.c;softpc.new/base/ccpu386/c_xfer.c;softpc.new/base/ccpu386/c_xtrn.c;softpc.new/base/ccpu386/call.c;softpc.new/base/ccpu386/cbw.c;softpc.new/base/ccpu386/ccpupig.c;softpc.new/base/ccpu386/ccpusas4.c;softpc.new/base/ccpu386/cdq.c;softpc.new/base/ccpu386/clc.c;softpc.new/base/ccpu386/cld.c;softpc.new/base/ccpu386/cli.c;softpc.new/base/ccpu386/clts.c;softpc.new/base/ccpu386/cmc.c;softpc.new/base/ccpu386/cmp.c;softpc.new/base/ccpu386/cmpxchg.c;softpc.new/base/ccpu386/cwd.c;softpc.new/base/ccpu386/cwde.c;softpc.new/base/ccpu386/daa.c;softpc.new/base/ccpu386/das.c;softpc.new/base/ccpu386/dec.c;softpc.new/base/ccpu386/div.c;softpc.new/base/ccpu386/enter.c;softpc.new/base/ccpu386/idiv.c;softpc.new/base/ccpu386/imul.c;softpc.new/base/ccpu386/in.c;softpc.new/base/ccpu386/inc.c;softpc.new/base/ccpu386/into.c;softpc.new/base/ccpu386/intx.c;softpc.new/base/ccpu386/invd.c;softpc.new/base/ccpu386/invlpg.c;softpc.new/base/ccpu386/iret.c;softpc.new/base/ccpu386/jcxz.c;softpc.new/base/ccpu386/jmp.c;softpc.new/base/ccpu386/jxx.c;softpc.new/base/ccpu386/lahf.c;softpc.new/base/ccpu386/lar.c;softpc.new/base/ccpu386/lea.c;softpc.new/base/ccpu386/leave.c;softpc.new/base/ccpu386/lgdt.c;softpc.new/base/ccpu386/lidt.c;softpc.new/base/ccpu386/lldt.c;softpc.new/base/ccpu386/lmsw.c;softpc.new/base/ccpu386/loopxx.c;softpc.new/base/ccpu386/lsl.c;softpc.new/base/ccpu386/ltr.c;softpc.new/base/ccpu386/lxs.c;softpc.new/base/ccpu386/mov.c;softpc.new/base/ccpu386/movsx.c;softpc.new/base/ccpu386/mul.c;softpc.new/base/ccpu386/neg.c;softpc.new/base/ccpu386/nop.c;softpc.new/base/ccpu386/not.c;softpc.new/base/ccpu386/or.c;softpc.new/base/ccpu386/out.c;softpc.new/base/ccpu386/pop.c;softpc.new/base/ccpu386/popa.c;softpc.new/base/ccpu386/popf.c;softpc.new/base/ccpu386/push.c;softpc.new/base/ccpu386/pusha.c;softpc.new/base/ccpu386/pushf.c;softpc.new/base/ccpu386/rcl.c;softpc.new/base/ccpu386/rcr.c;softpc.new/base/ccpu386/ret.c;softpc.new/base/ccpu386/rol.c;softpc.new/base/ccpu386/ror.c;softpc.new/base/ccpu386/rsrvd.c;softpc.new/base/ccpu386/sahf.c;softpc.new/base/ccpu386/sar.c;softpc.new/base/ccpu386/sbb.c;softpc.new/base/ccpu386/setxx.c;softpc.new/base/ccpu386/sgdt.c;softpc.new/base/ccpu386/shl.c;softpc.new/base/ccpu386/shld.c;softpc.new/base/ccpu386/shr.c;softpc.new/base/ccpu386/shrd.c;softpc.new/base/ccpu386/sidt.c;softpc.new/base/ccpu386/sldt.c;softpc.new/base/ccpu386/smsw.c;softpc.new/base/ccpu386/stc.c;softpc.new/base/ccpu386/std.c;softpc.new/base/ccpu386/sti.c;softpc.new/base/ccpu386/str.c;softpc.new/base/ccpu386/sub.c;softpc.new/base/ccpu386/test.c;softpc.new/base/ccpu386/verr.c;softpc.new/base/ccpu386/verw.c;softpc.new/base/ccpu386/wait.c;softpc.new/base/ccpu386/wbinvd.c;softpc.new/base/ccpu386/xadd.c;softpc.new/base/ccpu386/xchg.c;softpc.new/base/ccpu386/xlat.c;softpc.new/base/ccpu386/xor.c;softpc.new/base/ccpu386/zfrsrvd.c"	""	""	"selected-mvdm-header; no external package edge"	"classify public compiler/API leaf or resolve spelling"	"mvdm selected union"	"internal-or-selected-input"
"c_seg.h"	"121"	"121"	"softpc.new/base/ccpu386/aaa.c;softpc.new/base/ccpu386/aad.c;softpc.new/base/ccpu386/aam.c;softpc.new/base/ccpu386/aas.c;softpc.new/base/ccpu386/adc.c;softpc.new/base/ccpu386/add.c;softpc.new/base/ccpu386/and.c;softpc.new/base/ccpu386/arpl.c;softpc.new/base/ccpu386/bound.c;softpc.new/base/ccpu386/bsf.c;softpc.new/base/ccpu386/bsr.c;softpc.new/base/ccpu386/bswap.c;softpc.new/base/ccpu386/bt.c;softpc.new/base/ccpu386/btc.c;softpc.new/base/ccpu386/btr.c;softpc.new/base/ccpu386/bts.c;softpc.new/base/ccpu386/c_addr.c;softpc.new/base/ccpu386/c_bsic.c;softpc.new/base/ccpu386/c_debug.c;softpc.new/base/ccpu386/c_div64.c;softpc.new/base/ccpu386/c_intr.c;softpc.new/base/ccpu386/c_mul64.c;softpc.new/base/ccpu386/c_neg64.c;softpc.new/base/ccpu386/c_page.c;softpc.new/base/ccpu386/c_prot.c;softpc.new/base/ccpu386/c_reg.c;softpc.new/base/ccpu386/c_seg.c;softpc.new/base/ccpu386/c_stack.c;softpc.new/base/ccpu386/c_tlb.c;softpc.new/base/ccpu386/c_tsksw.c;softpc.new/base/ccpu386/c_xcptn.c;softpc.new/base/ccpu386/c_xfer.c;softpc.new/base/ccpu386/c_xtrn.c;softpc.new/base/ccpu386/call.c;softpc.new/base/ccpu386/cbw.c;softpc.new/base/ccpu386/ccpusas4.c;softpc.new/base/ccpu386/cdq.c;softpc.new/base/ccpu386/clc.c;softpc.new/base/ccpu386/cld.c;softpc.new/base/ccpu386/cli.c;softpc.new/base/ccpu386/clts.c;softpc.new/base/ccpu386/cmc.c;softpc.new/base/ccpu386/cmp.c;softpc.new/base/ccpu386/cmpxchg.c;softpc.new/base/ccpu386/cwd.c;softpc.new/base/ccpu386/cwde.c;softpc.new/base/ccpu386/daa.c;softpc.new/base/ccpu386/das.c;softpc.new/base/ccpu386/dec.c;softpc.new/base/ccpu386/div.c;softpc.new/base/ccpu386/enter.c;softpc.new/base/ccpu386/idiv.c;softpc.new/base/ccpu386/imul.c;softpc.new/base/ccpu386/in.c;softpc.new/base/ccpu386/inc.c;softpc.new/base/ccpu386/into.c;softpc.new/base/ccpu386/intx.c;softpc.new/base/ccpu386/invd.c;softpc.new/base/ccpu386/invlpg.c;softpc.new/base/ccpu386/iret.c;softpc.new/base/ccpu386/jcxz.c;softpc.new/base/ccpu386/jmp.c;softpc.new/base/ccpu386/jxx.c;softpc.new/base/ccpu386/lahf.c;softpc.new/base/ccpu386/lar.c;softpc.new/base/ccpu386/lea.c;softpc.new/base/ccpu386/leave.c;softpc.new/base/ccpu386/lgdt.c;softpc.new/base/ccpu386/lidt.c;softpc.new/base/ccpu386/lldt.c;softpc.new/base/ccpu386/lmsw.c;softpc.new/base/ccpu386/loopxx.c;softpc.new/base/ccpu386/lsl.c;softpc.new/base/ccpu386/ltr.c;softpc.new/base/ccpu386/lxs.c;softpc.new/base/ccpu386/mov.c;softpc.new/base/ccpu386/movsx.c;softpc.new/base/ccpu386/mul.c;softpc.new/base/ccpu386/neg.c;softpc.new/base/ccpu386/nop.c;softpc.new/base/ccpu386/not.c;softpc.new/base/ccpu386/or.c;softpc.new/base/ccpu386/out.c;softpc.new/base/ccpu386/pop.c;softpc.new/base/ccpu386/popa.c;softpc.new/base/ccpu386/popf.c;softpc.new/base/ccpu386/push.c;softpc.new/base/ccpu386/pusha.c;softpc.new/base/ccpu386/pushf.c;softpc.new/base/ccpu386/rcl.c;softpc.new/base/ccpu386/rcr.c;softpc.new/base/ccpu386/ret.c;softpc.new/base/ccpu386/rol.c;softpc.new/base/ccpu386/ror.c;softpc.new/base/ccpu386/rsrvd.c;softpc.new/base/ccpu386/sahf.c;softpc.new/base/ccpu386/sar.c;softpc.new/base/ccpu386/sbb.c;softpc.new/base/ccpu386/setxx.c;softpc.new/base/ccpu386/sgdt.c;softpc.new/base/ccpu386/shl.c;softpc.new/base/ccpu386/shld.c;softpc.new/base/ccpu386/shr.c;softpc.new/base/ccpu386/shrd.c;softpc.new/base/ccpu386/sidt.c;softpc.new/base/ccpu386/sldt.c;softpc.new/base/ccpu386/smsw.c;softpc.new/base/ccpu386/stc.c;softpc.new/base/ccpu386/std.c;softpc.new/base/ccpu386/sti.c;softpc.new/base/ccpu386/str.c;softpc.new/base/ccpu386/sub.c;softpc.new/base/ccpu386/test.c;softpc.new/base/ccpu386/verr.c;softpc.new/base/ccpu386/verw.c;softpc.new/base/ccpu386/wait.c;softpc.new/base/ccpu386/wbinvd.c;softpc.new/base/ccpu386/xadd.c;softpc.new/base/ccpu386/xchg.c;softpc.new/base/ccpu386/xlat.c;softpc.new/base/ccpu386/xor.c"	""	""	"selected-mvdm-header; no external package edge"	"classify public compiler/API leaf or resolve spelling"	"mvdm selected union"	"internal-or-selected-input"
"c_stack.h"	"121"	"121"	"softpc.new/base/ccpu386/aaa.c;softpc.new/base/ccpu386/aad.c;softpc.new/base/ccpu386/aam.c;softpc.new/base/ccpu386/aas.c;softpc.new/base/ccpu386/adc.c;softpc.new/base/ccpu386/add.c;softpc.new/base/ccpu386/and.c;softpc.new/base/ccpu386/arpl.c;softpc.new/base/ccpu386/bound.c;softpc.new/base/ccpu386/bsf.c;softpc.new/base/ccpu386/bsr.c;softpc.new/base/ccpu386/bswap.c;softpc.new/base/ccpu386/bt.c;softpc.new/base/ccpu386/btc.c;softpc.new/base/ccpu386/btr.c;softpc.new/base/ccpu386/bts.c;softpc.new/base/ccpu386/c_addr.c;softpc.new/base/ccpu386/c_bsic.c;softpc.new/base/ccpu386/c_debug.c;softpc.new/base/ccpu386/c_div64.c;softpc.new/base/ccpu386/c_intr.c;softpc.new/base/ccpu386/c_mul64.c;softpc.new/base/ccpu386/c_neg64.c;softpc.new/base/ccpu386/c_page.c;softpc.new/base/ccpu386/c_prot.c;softpc.new/base/ccpu386/c_reg.c;softpc.new/base/ccpu386/c_seg.c;softpc.new/base/ccpu386/c_stack.c;softpc.new/base/ccpu386/c_tlb.c;softpc.new/base/ccpu386/c_tsksw.c;softpc.new/base/ccpu386/c_xcptn.c;softpc.new/base/ccpu386/c_xfer.c;softpc.new/base/ccpu386/c_xtrn.c;softpc.new/base/ccpu386/call.c;softpc.new/base/ccpu386/cbw.c;softpc.new/base/ccpu386/ccpusas4.c;softpc.new/base/ccpu386/cdq.c;softpc.new/base/ccpu386/clc.c;softpc.new/base/ccpu386/cld.c;softpc.new/base/ccpu386/cli.c;softpc.new/base/ccpu386/clts.c;softpc.new/base/ccpu386/cmc.c;softpc.new/base/ccpu386/cmp.c;softpc.new/base/ccpu386/cmpxchg.c;softpc.new/base/ccpu386/cwd.c;softpc.new/base/ccpu386/cwde.c;softpc.new/base/ccpu386/daa.c;softpc.new/base/ccpu386/das.c;softpc.new/base/ccpu386/dec.c;softpc.new/base/ccpu386/div.c;softpc.new/base/ccpu386/enter.c;softpc.new/base/ccpu386/idiv.c;softpc.new/base/ccpu386/imul.c;softpc.new/base/ccpu386/in.c;softpc.new/base/ccpu386/inc.c;softpc.new/base/ccpu386/into.c;softpc.new/base/ccpu386/intx.c;softpc.new/base/ccpu386/invd.c;softpc.new/base/ccpu386/invlpg.c;softpc.new/base/ccpu386/iret.c;softpc.new/base/ccpu386/jcxz.c;softpc.new/base/ccpu386/jmp.c;softpc.new/base/ccpu386/jxx.c;softpc.new/base/ccpu386/lahf.c;softpc.new/base/ccpu386/lar.c;softpc.new/base/ccpu386/lea.c;softpc.new/base/ccpu386/leave.c;softpc.new/base/ccpu386/lgdt.c;softpc.new/base/ccpu386/lidt.c;softpc.new/base/ccpu386/lldt.c;softpc.new/base/ccpu386/lmsw.c;softpc.new/base/ccpu386/loopxx.c;softpc.new/base/ccpu386/lsl.c;softpc.new/base/ccpu386/ltr.c;softpc.new/base/ccpu386/lxs.c;softpc.new/base/ccpu386/mov.c;softpc.new/base/ccpu386/movsx.c;softpc.new/base/ccpu386/mul.c;softpc.new/base/ccpu386/neg.c;softpc.new/base/ccpu386/nop.c;softpc.new/base/ccpu386/not.c;softpc.new/base/ccpu386/or.c;softpc.new/base/ccpu386/out.c;softpc.new/base/ccpu386/pop.c;softpc.new/base/ccpu386/popa.c;softpc.new/base/ccpu386/popf.c;softpc.new/base/ccpu386/push.c;softpc.new/base/ccpu386/pusha.c;softpc.new/base/ccpu386/pushf.c;softpc.new/base/ccpu386/rcl.c;softpc.new/base/ccpu386/rcr.c;softpc.new/base/ccpu386/ret.c;softpc.new/base/ccpu386/rol.c;softpc.new/base/ccpu386/ror.c;softpc.new/base/ccpu386/rsrvd.c;softpc.new/base/ccpu386/sahf.c;softpc.new/base/ccpu386/sar.c;softpc.new/base/ccpu386/sbb.c;softpc.new/base/ccpu386/setxx.c;softpc.new/base/ccpu386/sgdt.c;softpc.new/base/ccpu386/shl.c;softpc.new/base/ccpu386/shld.c;softpc.new/base/ccpu386/shr.c;softpc.new/base/ccpu386/shrd.c;softpc.new/base/ccpu386/sidt.c;softpc.new/base/ccpu386/sldt.c;softpc.new/base/ccpu386/smsw.c;softpc.new/base/ccpu386/stc.c;softpc.new/base/ccpu386/std.c;softpc.new/base/ccpu386/sti.c;softpc.new/base/ccpu386/str.c;softpc.new/base/ccpu386/sub.c;softpc.new/base/ccpu386/test.c;softpc.new/base/ccpu386/verr.c;softpc.new/base/ccpu386/verw.c;softpc.new/base/ccpu386/wait.c;softpc.new/base/ccpu386/wbinvd.c;softpc.new/base/ccpu386/xadd.c;softpc.new/base/ccpu386/xchg.c;softpc.new/base/ccpu386/xlat.c;softpc.new/base/ccpu386/xor.c"	""	""	"selected-mvdm-header; no external package edge"	"classify public compiler/API leaf or resolve spelling"	"mvdm selected union"	"internal-or-selected-input"
"c_tlb.h"	"6"	"6"	"softpc.new/base/ccpu386/c_page.c;softpc.new/base/ccpu386/c_stack.c;softpc.new/base/ccpu386/c_tlb.c;softpc.new/base/ccpu386/ccpusas4.c;softpc.new/base/ccpu386/invlpg.c;softpc.new/base/ccpu386/mov.c"	""	""	"selected-mvdm-header; no external package edge"	"classify public compiler/API leaf or resolve spelling"	"mvdm selected union"	"internal-or-selected-input"
"c_tsksw.h"	"5"	"5"	"softpc.new/base/ccpu386/c_intr.c;softpc.new/base/ccpu386/c_tsksw.c;softpc.new/base/ccpu386/call.c;softpc.new/base/ccpu386/iret.c;softpc.new/base/ccpu386/jmp.c"	""	""	"selected-mvdm-header; no external package edge"	"classify public compiler/API leaf or resolve spelling"	"mvdm selected union"	"internal-or-selected-input"
"c_xcptn.h"	"124"	"124"	"softpc.new/base/ccpu386/aaa.c;softpc.new/base/ccpu386/aad.c;softpc.new/base/ccpu386/aam.c;softpc.new/base/ccpu386/aas.c;softpc.new/base/ccpu386/adc.c;softpc.new/base/ccpu386/add.c;softpc.new/base/ccpu386/and.c;softpc.new/base/ccpu386/arpl.c;softpc.new/base/ccpu386/bound.c;softpc.new/base/ccpu386/bsf.c;softpc.new/base/ccpu386/bsr.c;softpc.new/base/ccpu386/bswap.c;softpc.new/base/ccpu386/bt.c;softpc.new/base/ccpu386/btc.c;softpc.new/base/ccpu386/btr.c;softpc.new/base/ccpu386/bts.c;softpc.new/base/ccpu386/c_addr.c;softpc.new/base/ccpu386/c_bsic.c;softpc.new/base/ccpu386/c_debug.c;softpc.new/base/ccpu386/c_div64.c;softpc.new/base/ccpu386/c_intr.c;softpc.new/base/ccpu386/c_main.c;softpc.new/base/ccpu386/c_mul64.c;softpc.new/base/ccpu386/c_neg64.c;softpc.new/base/ccpu386/c_page.c;softpc.new/base/ccpu386/c_prot.c;softpc.new/base/ccpu386/c_reg.c;softpc.new/base/ccpu386/c_seg.c;softpc.new/base/ccpu386/c_stack.c;softpc.new/base/ccpu386/c_tlb.c;softpc.new/base/ccpu386/c_tsksw.c;softpc.new/base/ccpu386/c_xcptn.c;softpc.new/base/ccpu386/c_xfer.c;softpc.new/base/ccpu386/c_xtrn.c;softpc.new/base/ccpu386/call.c;softpc.new/base/ccpu386/cbw.c;softpc.new/base/ccpu386/ccpupig.c;softpc.new/base/ccpu386/ccpusas4.c;softpc.new/base/ccpu386/cdq.c;softpc.new/base/ccpu386/clc.c;softpc.new/base/ccpu386/cld.c;softpc.new/base/ccpu386/cli.c;softpc.new/base/ccpu386/clts.c;softpc.new/base/ccpu386/cmc.c;softpc.new/base/ccpu386/cmp.c;softpc.new/base/ccpu386/cmpxchg.c;softpc.new/base/ccpu386/cwd.c;softpc.new/base/ccpu386/cwde.c;softpc.new/base/ccpu386/daa.c;softpc.new/base/ccpu386/das.c;softpc.new/base/ccpu386/dec.c;softpc.new/base/ccpu386/div.c;softpc.new/base/ccpu386/enter.c;softpc.new/base/ccpu386/idiv.c;softpc.new/base/ccpu386/imul.c;softpc.new/base/ccpu386/in.c;softpc.new/base/ccpu386/inc.c;softpc.new/base/ccpu386/into.c;softpc.new/base/ccpu386/intx.c;softpc.new/base/ccpu386/invd.c;softpc.new/base/ccpu386/invlpg.c;softpc.new/base/ccpu386/iret.c;softpc.new/base/ccpu386/jcxz.c;softpc.new/base/ccpu386/jmp.c;softpc.new/base/ccpu386/jxx.c;softpc.new/base/ccpu386/lahf.c;softpc.new/base/ccpu386/lar.c;softpc.new/base/ccpu386/lea.c;softpc.new/base/ccpu386/leave.c;softpc.new/base/ccpu386/lgdt.c;softpc.new/base/ccpu386/lidt.c;softpc.new/base/ccpu386/lldt.c;softpc.new/base/ccpu386/lmsw.c;softpc.new/base/ccpu386/loopxx.c;softpc.new/base/ccpu386/lsl.c;softpc.new/base/ccpu386/ltr.c;softpc.new/base/ccpu386/lxs.c;softpc.new/base/ccpu386/mov.c;softpc.new/base/ccpu386/movsx.c;softpc.new/base/ccpu386/mul.c;softpc.new/base/ccpu386/neg.c;softpc.new/base/ccpu386/nop.c;softpc.new/base/ccpu386/not.c;softpc.new/base/ccpu386/or.c;softpc.new/base/ccpu386/out.c;softpc.new/base/ccpu386/pop.c;softpc.new/base/ccpu386/popa.c;softpc.new/base/ccpu386/popf.c;softpc.new/base/ccpu386/push.c;softpc.new/base/ccpu386/pusha.c;softpc.new/base/ccpu386/pushf.c;softpc.new/base/ccpu386/rcl.c;softpc.new/base/ccpu386/rcr.c;softpc.new/base/ccpu386/ret.c;softpc.new/base/ccpu386/rol.c;softpc.new/base/ccpu386/ror.c;softpc.new/base/ccpu386/rsrvd.c;softpc.new/base/ccpu386/sahf.c;softpc.new/base/ccpu386/sar.c;softpc.new/base/ccpu386/sbb.c;softpc.new/base/ccpu386/setxx.c;softpc.new/base/ccpu386/sgdt.c;softpc.new/base/ccpu386/shl.c;softpc.new/base/ccpu386/shld.c;softpc.new/base/ccpu386/shr.c;softpc.new/base/ccpu386/shrd.c;softpc.new/base/ccpu386/sidt.c;softpc.new/base/ccpu386/sldt.c;softpc.new/base/ccpu386/smsw.c;softpc.new/base/ccpu386/stc.c;softpc.new/base/ccpu386/std.c;softpc.new/base/ccpu386/sti.c;softpc.new/base/ccpu386/str.c;softpc.new/base/ccpu386/sub.c;softpc.new/base/ccpu386/test.c;softpc.new/base/ccpu386/verr.c;softpc.new/base/ccpu386/verw.c;softpc.new/base/ccpu386/wait.c;softpc.new/base/ccpu386/wbinvd.c;softpc.new/base/ccpu386/xadd.c;softpc.new/base/ccpu386/xchg.c;softpc.new/base/ccpu386/xlat.c;softpc.new/base/ccpu386/xor.c;softpc.new/base/ccpu386/zfrsrvd.c"	""	""	"selected-mvdm-header; no external package edge"	"classify public compiler/API leaf or resolve spelling"	"mvdm selected union"	"internal-or-selected-input"
"c_xfer.h"	"9"	"9"	"softpc.new/base/ccpu386/c_intr.c;softpc.new/base/ccpu386/c_xfer.c;softpc.new/base/ccpu386/call.c;softpc.new/base/ccpu386/iret.c;softpc.new/base/ccpu386/jcxz.c;softpc.new/base/ccpu386/jmp.c;softpc.new/base/ccpu386/jxx.c;softpc.new/base/ccpu386/loopxx.c;softpc.new/base/ccpu386/ret.c"	""	""	"selected-mvdm-header; no external package edge"	"classify public compiler/API leaf or resolve spelling"	"mvdm selected union"	"internal-or-selected-input"
"c_xtrn.h"	"3"	"3"	"softpc.new/base/ccpu386/c_reg.c;softpc.new/base/ccpu386/c_xcptn.c;softpc.new/base/ccpu386/c_xtrn.c"	""	""	"selected-mvdm-header; no external package edge"	"classify public compiler/API leaf or resolve spelling"	"mvdm selected union"	"internal-or-selected-input"
"call.h"	"2"	"2"	"softpc.new/base/ccpu386/c_main.c;softpc.new/base/ccpu386/call.c"	""	""	"selected-mvdm-header; no external package edge"	"classify public compiler/API leaf or resolve spelling"	"mvdm selected union"	"internal-or-selected-input"
"cbw.h"	"2"	"2"	"softpc.new/base/ccpu386/c_main.c;softpc.new/base/ccpu386/cbw.c"	""	""	"selected-mvdm-header; no external package edge"	"classify public compiler/API leaf or resolve spelling"	"mvdm selected union"	"internal-or-selected-input"
"ccpupig.h"	"8"	"8"	"softpc.new/base/ccpu386/c_addr.c;softpc.new/base/ccpu386/c_getset.c;softpc.new/base/ccpu386/c_intr.c;softpc.new/base/ccpu386/c_main.c;softpc.new/base/ccpu386/c_stack.c;softpc.new/base/ccpu386/c_tlb.c;softpc.new/base/ccpu386/c_xcptn.c;softpc.new/base/ccpu386/ccpupig.c"	""	""	"selected-mvdm-header; no external package edge"	"classify public compiler/API leaf or resolve spelling"	"mvdm selected union"	"internal-or-selected-input"
"ccpusas4.h"	"9"	"9"	"softpc.new/base/ccpu386/c_getset.c;softpc.new/base/ccpu386/c_intr.c;softpc.new/base/ccpu386/c_main.c;softpc.new/base/ccpu386/c_page.c;softpc.new/base/ccpu386/c_tlb.c;softpc.new/base/ccpu386/ccpupig.c;softpc.new/base/ccpu386/ccpusas4.c;softpc.new/base/ccpu386/zfrsrvd.c;softpc.new/base/system/rom.c"	""	""	"selected-mvdm-header; no external package edge"	"classify public compiler/API leaf or resolve spelling"	"mvdm selected union"	"internal-or-selected-input"
"cderr.h"	"1"	"1"	"wow32/wcommdlg.c"	"com/ole32/olethunk/ole16/inc/cderr.h;public/sdk/inc/cderr.h;sdktools/jetadmin/inc/cderr.h;sdktools/jetadmin/sdk/inc32/cderr.h"	"com/ole32/olethunk;public/sdk/inc;sdktools/jetadmin/inc;sdktools/jetadmin/sdk"	"external-declaration carrier; map to parent source/API at stage two"	"expand owning package/build boundary"	"modern public Win32 UI/console/spool binding; private historical entrypoints seed ntcon/ntuser/ntgdi BFS"	"public-api-or-private-client-candidate"
"cdq.h"	"2"	"2"	"softpc.new/base/ccpu386/c_main.c;softpc.new/base/ccpu386/cdq.c"	""	""	"selected-mvdm-header; no external package edge"	"classify public compiler/API leaf or resolve spelling"	"mvdm selected union"	"internal-or-selected-input"
"cfpu_def.h"	"2"	"2"	"softpc.new/base/ccpu386/fpu.c;softpc.new/base/ccpu386/zfrsrvd.c"	""	""	"selected-mvdm-header; no external package edge"	"classify public compiler/API leaf or resolve spelling"	"mvdm selected union"	"internal-or-selected-input"
"cga.h"	"8"	"8"	"softpc.new/base/keymouse/mouse_io.c;softpc.new/base/keymouse/mouse.c;softpc.new/base/video/cga.c;softpc.new/base/video/gfx_updt.c;softpc.new/base/video/gvi.c;softpc.new/base/video/video.c;softpc.new/host/src/nt_graph.c;softpc.new/host/src/nt_hunt.c"	""	""	"selected-mvdm-header; no external package edge"	"classify public compiler/API leaf or resolve spelling"	"mvdm selected union"	"internal-or-selected-input"
"chkmallc.h"	"1"	"1"	"softpc.new/host/src/stubs.c"	""	""	"selected-mvdm-header; no external package edge"	"classify public compiler/API leaf or resolve spelling"	"mvdm selected union"	"internal-or-selected-input"
"ckmalloc.h"	"13"	"12"	"softpc.new/base/ccpu386/ccpusas4.c;softpc.new/base/ccpu386/fpu.c;softpc.new/base/comms/com.c;softpc.new/base/keymouse/keyba.c;softpc.new/base/system/rom.c;softpc.new/base/video/cga.c;softpc.new/host/src/config.c;softpc.new/host/src/nt_error.c;softpc.new/host/src/nt_event.c;softpc.new/host/src/nt_fulsc.c;softpc.new/host/src/nt_graph.c;softpc.new/host/src/sim32.c"	""	""	"selected-mvdm-header; no external package edge"	"classify public compiler/API leaf or resolve spelling"	"mvdm selected union"	"internal-or-selected-input"
"clc.h"	"2"	"2"	"softpc.new/base/ccpu386/c_main.c;softpc.new/base/ccpu386/clc.c"	"admin/netui/common/src/blt/test/dead/clc.h"	"admin/netui/common"	"selected-mvdm-header; no external package edge"	"expand owning package/build boundary"	"mvdm selected union"	"internal-or-selected-input"
"cld.h"	"2"	"2"	"softpc.new/base/ccpu386/c_main.c;softpc.new/base/ccpu386/cld.c"	""	""	"selected-mvdm-header; no external package edge"	"classify public compiler/API leaf or resolve spelling"	"mvdm selected union"	"internal-or-selected-input"
"cli.h"	"2"	"2"	"softpc.new/base/ccpu386/c_main.c;softpc.new/base/ccpu386/cli.c"	""	""	"selected-mvdm-header; no external package edge"	"classify public compiler/API leaf or resolve spelling"	"mvdm selected union"	"internal-or-selected-input"
"clts.h"	"2"	"2"	"softpc.new/base/ccpu386/c_main.c;softpc.new/base/ccpu386/clts.c"	""	""	"selected-mvdm-header; no external package edge"	"classify public compiler/API leaf or resolve spelling"	"mvdm selected union"	"internal-or-selected-input"
"cmc.h"	"2"	"2"	"softpc.new/base/ccpu386/c_main.c;softpc.new/base/ccpu386/cmc.c"	""	""	"selected-mvdm-header; no external package edge"	"classify public compiler/API leaf or resolve spelling"	"mvdm selected union"	"internal-or-selected-input"
"cmd.h"	"11"	"11"	"dos/command/cmd.c;dos/command/cmdconf.c;dos/command/cmddata.c;dos/command/cmddisp.c;dos/command/cmdenv.c;dos/command/cmdexec.c;dos/command/cmdexit.c;dos/command/cmdkeyb.c;dos/command/cmdmisc.c;dos/command/cmdpif.c;dos/command/cmdredir.c"	""	""	"selected-mvdm-header; no external package edge"	"classify public compiler/API leaf or resolve spelling"	"mvdm selected union"	"internal-or-selected-input"
"cmdkeyb.h"	"1"	"1"	"dos/command/cmdkeyb.c"	""	""	"selected-mvdm-header; no external package edge"	"classify public compiler/API leaf or resolve spelling"	"mvdm selected union"	"internal-or-selected-input"
"cmdsvc.h"	"13"	"13"	"dos/command/cmd.c;dos/command/cmdconf.c;dos/command/cmddisp.c;dos/command/cmdenv.c;dos/command/cmdexec.c;dos/command/cmdexit.c;dos/command/cmdkeyb.c;dos/command/cmdmisc.c;dos/command/cmdpif.c;dos/command/cmdredir.c;v86/scaffold/i386/fakebop.c;v86/scaffold/i386/fakevid.c;v86/scaffold/i386/softpc.c"	""	""	"selected-MVDM/platform declaration or firmware input; no non-MVDM package edge"	"classify public compiler/API leaf or resolve spelling"	"mvdm selected union"	"internal-or-selected-input"
"cmos.h"	"14"	"14"	"softpc.new/base/bios/cmos_bis.c;softpc.new/base/bios/reset.c;softpc.new/base/bios/rtc_bios.c;softpc.new/base/bios/tape_io.c;softpc.new/base/debug/yoda.c;softpc.new/base/disks/diskbios.c;softpc.new/base/disks/floppy.c;softpc.new/base/support/main.c;softpc.new/base/support/terminat.c;softpc.new/base/support/time_day.c;softpc.new/base/system/cmos.c;softpc.new/base/system/cmosnt.c;softpc.new/base/system/timestrb.c;softpc.new/host/src/nt_rflop.c"	""	""	"selected-mvdm-header; no external package edge"	"classify public compiler/API leaf or resolve spelling"	"mvdm selected union"	"internal-or-selected-input"
"cmosbios.h"	"6"	"6"	"softpc.new/base/bios/cmos_bis.c;softpc.new/base/bios/tape_io.c;softpc.new/base/disks/floppy.c;softpc.new/base/support/time_day.c;softpc.new/base/system/cmos.c;softpc.new/base/system/cmosnt.c"	""	""	"selected-mvdm-header; no external package edge"	"classify public compiler/API leaf or resolve spelling"	"mvdm selected union"	"internal-or-selected-input"
"cmp.h"	"3"	"3"	"softpc.new/base/ccpu386/c_main.c;softpc.new/base/ccpu386/cmp.c;softpc.new/base/ccpu386/cmpxchg.c"	"base/ntos/config/cmp.h"	"base/ntos/config"	"selected-mvdm-header; no external package edge"	"expand owning package/build boundary"	"mvdm selected union"	"internal-or-selected-input"
"cmpxchg.h"	"2"	"2"	"softpc.new/base/ccpu386/c_main.c;softpc.new/base/ccpu386/cmpxchg.c"	""	""	"selected-mvdm-header; no external package edge"	"classify public compiler/API leaf or resolve spelling"	"mvdm selected union"	"internal-or-selected-input"
"cntlbop.h"	"3"	"3"	"softpc.new/base/bios/bios.c;softpc.new/base/bios/cntlbop.c;softpc.new/host/src/nt_bop.c"	""	""	"selected-mvdm-header; no external package edge"	"classify public compiler/API leaf or resolve spelling"	"mvdm selected union"	"internal-or-selected-input"
"commdlg.h"	"1"	"1"	"vdmutils/pifedit/pifedit.c"	"com/ole32/olethunk/ole16/inc/commdlg.h;public/sdk/inc/commdlg.h;sdktools/jetadmin/inc/commdlg.h;sdktools/jetadmin/sdk/inc32/commdlg.h"	"com/ole32/olethunk;public/sdk/inc;sdktools/jetadmin/inc;sdktools/jetadmin/sdk"	"external-declaration carrier; map to parent source/API at stage two"	"expand owning package/build boundary"	"modern public Win32 UI/console/spool binding; private historical entrypoints seed ntcon/ntuser/ntgdi BFS"	"public-api-or-private-client-candidate"
"conapi.h"	"20"	"20"	"softpc.new/host/src/config.c;softpc.new/host/src/nt_cga.c;softpc.new/host/src/nt_det.c;softpc.new/host/src/nt_ega.c;softpc.new/host/src/nt_error.c;softpc.new/host/src/nt_event.c;softpc.new/host/src/nt_fulsc.c;softpc.new/host/src/nt_graph.c;softpc.new/host/src/nt_hosts.c;softpc.new/host/src/nt_mouse.c;softpc.new/host/src/nt_msscs.c;softpc.new/host/src/nt_munge.c;softpc.new/host/src/nt_reset.c;softpc.new/host/src/nt_smenu.c;softpc.new/host/src/nt_term.c;softpc.new/host/src/nt_timer.c;softpc.new/host/src/nt_vga.c;softpc.new/host/src/nt_wcom.c;v86/scaffold/i386/fakekbd.c;v86/scaffold/i386/softpc.c"	"public/internal/windows/inc/conapi.h"	"public/internal/windows"	"external-declaration carrier; map to parent source/API at stage two"	"expand owning package/build boundary"	"modern public Win32 UI/console/spool binding; private historical entrypoints seed ntcon/ntuser/ntgdi BFS"	"public-api-or-private-client-candidate"
"config.h"	"65"	"65"	"softpc.new/base/bios/bootstra.c;softpc.new/base/bios/emm_fncs.c;softpc.new/base/bios/reset.c;softpc.new/base/ccpu386/c_main.c;softpc.new/base/ccpu386/mov.c;softpc.new/base/ccpu386/popf.c;softpc.new/base/comms/com.c;softpc.new/base/comms/printer_.c;softpc.new/base/comms/printer.c;softpc.new/base/debug/yoda.c;softpc.new/base/disks/diskbios.c;softpc.new/base/disks/fdisk.c;softpc.new/base/disks/fla.c;softpc.new/base/disks/floppy_i.c;softpc.new/base/disks/floppy.c;softpc.new/base/disks/gfi_ibm.c;softpc.new/base/disks/gfi_mpty.c;softpc.new/base/disks/gfi_sflp.c;softpc.new/base/disks/gfi_test.c;softpc.new/base/disks/gfi.c;softpc.new/base/keymouse/keyba.c;softpc.new/base/keymouse/mouse_io.c;softpc.new/base/support/get_env.c;softpc.new/base/support/main.c;softpc.new/base/support/terminat.c;softpc.new/base/system/cmos.c;softpc.new/base/system/cmosnt.c;softpc.new/base/system/illegalp.c;softpc.new/base/system/qevnt.c;softpc.new/base/system/quick_ev.c;softpc.new/base/system/rom.c;softpc.new/base/video/cga.c;softpc.new/base/video/ega_mode.c;softpc.new/base/video/ega_prts.c;softpc.new/base/video/ega_vide.c;softpc.new/base/video/gfx_updt.c;softpc.new/base/video/gvi.c;softpc.new/base/video/v7_video.c;softpc.new/base/video/vga_mode.c;softpc.new/base/video/vga_prts.c;softpc.new/base/video/vga_vide.c;softpc.new/base/video/video.c;softpc.new/host/src/config.c;softpc.new/host/src/nt_bop.c;softpc.new/host/src/nt_cga.c;softpc.new/host/src/nt_com.c;softpc.new/host/src/nt_det.c;softpc.new/host/src/nt_error.c;softpc.new/host/src/nt_event.c;softpc.new/host/src/nt_fdisk.c;softpc.new/host/src/nt_fulsc.c;softpc.new/host/src/nt_graph.c;softpc.new/host/src/nt_hunt.c;softpc.new/host/src/nt_input.c;softpc.new/host/src/nt_lpt.c;softpc.new/host/src/nt_mouse.c;softpc.new/host/src/nt_msscs.c;softpc.new/host/src/nt_reset.c;softpc.new/host/src/nt_rflop.c;softpc.new/host/src/nt_sound.c;softpc.new/host/src/nt_vdd.c;softpc.new/host/src/nt_vflop.c;softpc.new/host/src/nt_wcom.c;softpc.new/host/src/stf_conf.c;softpc.new/host/src/stubs.c"	"com/ole32/olethunk/thc/thpp/config.h;ds/netapi/netcmd/inc/config.h;ds/netapi/svcdlls/rpl/inc/config.h;public/internal/ds/inc/config.h;public/internal/sdktools/inc/ztools/config.h;sdktools/oscdimg/config.h"	"com/ole32/olethunk;ds/netapi/netcmd;ds/netapi/svcdlls;public/internal/ds;public/internal/sdktools;sdktools/oscdimg/config.h"	"selected-mvdm-header; no external package edge"	"expand owning package/build boundary"	"mvdm selected union"	"internal-or-selected-input"
"conio.h"	"6"	"6"	"oemuni/toemuni.c;v86/scaffold/i386/fakebop.c;v86/scaffold/i386/fakeinit.c;v86/scaffold/i386/fakekbd.c;v86/scaffold/i386/fakevid.c;vdmutils/graftabl/graftabl.c"	"base/crts/crtw32/h/conio.h;base/crts/libw32/include/conio.h;public/sdk/inc/crt/conio.h;sdktools/jetadmin/inc/conio.h"	"base/crts/crtw32;base/crts/libw32;public/sdk/inc;sdktools/jetadmin/inc"	"external-declaration carrier; map to parent source/API at stage two"	"expand owning package/build boundary"	"MSVC CRT / public C runtime"	"modern-public-leaf"
"conroute.h"	"1"	"1"	"softpc.new/host/src/nt_event.c"	"public/internal/base/inc/conroute.h"	"public/internal/base"	"external-declaration carrier; map to parent source/API at stage two"	"expand owning package/build boundary"	"base/win32 VDM + BaseClient contract"	"external-package-or-declaration"
"Cpu_c.h"	"4"	"4"	"softpc.new/base/ccpu386/c_main.c;softpc.new/base/ccpu386/ccpupig.c;softpc.new/base/system/rom.c;softpc.new/host/src/nt_cpu.c"	""	""	"selected-mvdm-header; no external package edge"	"classify public compiler/API leaf or resolve spelling"	"mvdm selected union"	"internal-or-selected-input"
"cpu_vid.h"	"13"	"13"	"softpc.new/base/ccpu386/ccpusas4.c;softpc.new/base/cpu/src/evid/ev_glue.c;softpc.new/base/cvidc/ev_glue.c;softpc.new/base/cvidc/evidfunc.c;softpc.new/base/video/cga.c;softpc.new/base/video/ega_prts.c;softpc.new/base/video/ega_read.c;softpc.new/base/video/ega_writ.c;softpc.new/base/video/egawrtm0.c;softpc.new/base/video/egwrtm12.c;softpc.new/base/video/ga_glue.c;softpc.new/base/video/vga_prts.c;softpc.new/base/video/video.c"	""	""	"selected-mvdm-header; no external package edge"	"classify public compiler/API leaf or resolve spelling"	"mvdm selected union"	"internal-or-selected-input"
"cpu4.h"	"5"	"5"	"softpc.new/base/ccpu386/ntstubs.c;softpc.new/base/ccpu386/sascdef.c;softpc.new/base/cvidc/accessfn.c;softpc.new/base/cvidc/sascdef.c;softpc.new/host/src/nt_aorc.c"	""	""	"selected-mvdm-header; no external package edge"	"classify public compiler/API leaf or resolve spelling"	"mvdm selected union"	"internal-or-selected-input"
"CpuInt_c.h"	"1"	"1"	"softpc.new/base/ccpu386/zfrsrvd.c"	""	""	"selected-mvdm-header; no external package edge"	"classify public compiler/API leaf or resolve spelling"	"mvdm selected union"	"internal-or-selected-input"
"crypt.h"	"1"	"1"	"vdmredir/vrnetapi.c"	"public/internal/ds/inc/crypt.h"	"public/internal/ds"	"external-declaration carrier; map to parent source/API at stage two"	"expand owning package/build boundary"	"DS NetAPI/RAP/Rx package family"	"external-package-or-declaration"
"ctype.h"	"22"	"22"	"bde/bdemisc.c;dos/command/cmdconf.c;dos/command/cmdenv.c;dos/command/cmdexec.c;dos/command/cmdkeyb.c;dos/command/cmdmisc.c;dos/command/cmdpif.c;dos/command/cmdredir.c;softpc.new/base/bios/emm_fncs.c;softpc.new/base/bios/ill_bop.c;softpc.new/base/comms/com.c;softpc.new/base/debug/pigyoda.c;softpc.new/base/debug/yoda.c;softpc.new/host/src/nt_msscs.c;v86/scaffold/i386/softpc.c;vdmexts/dib.c;vdmexts/misc.c;vdmexts/wow.c;vdmexts/wowprof.c;vdmredir/vrdebug.c;vdmredir/vrdll.c;wow32/debug.c"	"base/crts/crtw32/h/ctype.h;base/crts/libw32/include/ctype.h;com/ole32/olethunk/ole16/inc/ctype.h;public/sdk/inc/crt/ctype.h;sdktools/jetadmin/inc/ctype.h"	"base/crts/crtw32;base/crts/libw32;com/ole32/olethunk;public/sdk/inc;sdktools/jetadmin/inc"	"external-declaration carrier; map to parent source/API at stage two"	"expand owning package/build boundary"	"MSVC CRT / public C runtime"	"modern-public-leaf"
"curdir.h"	"1"	"1"	"wow32/wdos.c"	""	""	"selected-MVDM/platform declaration or firmware input; no non-MVDM package edge"	"classify public compiler/API leaf or resolve spelling"	"mvdm selected union"	"internal-or-selected-input"
"cwd.h"	"2"	"2"	"softpc.new/base/ccpu386/c_main.c;softpc.new/base/ccpu386/cwd.c"	""	""	"selected-mvdm-header; no external package edge"	"classify public compiler/API leaf or resolve spelling"	"mvdm selected union"	"internal-or-selected-input"
"cwde.h"	"2"	"2"	"softpc.new/base/ccpu386/c_main.c;softpc.new/base/ccpu386/cwde.c"	""	""	"selected-mvdm-header; no external package edge"	"classify public compiler/API leaf or resolve spelling"	"mvdm selected union"	"internal-or-selected-input"
"d_inst.h"	"2"	"2"	"softpc.new/base/dasm386/dasm386.c;softpc.new/base/dasm386/decode.c"	""	""	"selected-mvdm-header; no external package edge"	"classify public compiler/API leaf or resolve spelling"	"mvdm selected union"	"internal-or-selected-input"
"d_oper.h"	"2"	"2"	"softpc.new/base/dasm386/dasm386.c;softpc.new/base/dasm386/decode.c"	""	""	"selected-mvdm-header; no external package edge"	"classify public compiler/API leaf or resolve spelling"	"mvdm selected union"	"internal-or-selected-input"
"daa.h"	"2"	"2"	"softpc.new/base/ccpu386/c_main.c;softpc.new/base/ccpu386/daa.c"	""	""	"selected-mvdm-header; no external package edge"	"classify public compiler/API leaf or resolve spelling"	"mvdm selected union"	"internal-or-selected-input"
"das.h"	"2"	"2"	"softpc.new/base/ccpu386/c_main.c;softpc.new/base/ccpu386/das.c"	""	""	"selected-mvdm-header; no external package edge"	"classify public compiler/API leaf or resolve spelling"	"mvdm selected union"	"internal-or-selected-input"
"dasm.h"	"4"	"4"	"softpc.new/base/ccpu386/ccpupig.c;softpc.new/base/dasm386/dasm386.c;softpc.new/base/debug/trace.c;softpc.new/base/debug/yoda.c"	""	""	"selected-mvdm-header; no external package edge"	"classify public compiler/API leaf or resolve spelling"	"mvdm selected union"	"internal-or-selected-input"
"DASM1.seg"	"1"	"1"	"softpc.new/base/debug/dasm.c"	""	""	"selected MVDM SoftPC firmware/generated segment; no non-MVDM package edge"	"classify public compiler/API leaf or resolve spelling"	"mvdm selected union"	"internal-or-selected-input"
"DASM2.seg"	"1"	"1"	"softpc.new/base/debug/dasm.c"	""	""	"selected MVDM SoftPC firmware/generated segment; no non-MVDM package edge"	"classify public compiler/API leaf or resolve spelling"	"mvdm selected union"	"internal-or-selected-input"
"dbgexp.h"	"3"	"3"	"dbg/dbg.c;v86/scaffold/i386/fakebop.c;v86/scaffold/i386/softpc.c"	""	""	"selected-MVDM/platform declaration or firmware input; no non-MVDM package edge"	"classify public compiler/API leaf or resolve spelling"	"mvdm selected union"	"internal-or-selected-input"
"dbginfo.h"	"2"	"2"	"dbg/dbg.c;vdmdbg/vdmdbg.c"	""	""	"selected-MVDM/platform declaration or firmware input; no non-MVDM package edge"	"classify public compiler/API leaf or resolve spelling"	"mvdm selected union"	"internal-or-selected-input"
"dbgsvc.h"	"3"	"3"	"dbg/dbg.c;dos/dem/demmisc.c;vdmexts/debug.c"	""	""	"selected-MVDM/platform declaration or firmware input; no non-MVDM package edge"	"classify public compiler/API leaf or resolve spelling"	"mvdm selected union"	"internal-or-selected-input"
"debug.h"	"90"	"89"	"softpc.new/base/bios/emm_fncs.c;softpc.new/base/bios/ill_bop.c;softpc.new/base/bios/reset.c;softpc.new/base/bios/tape_io.c;softpc.new/base/bios/virtual.c;softpc.new/base/ccpu386/c_main.c;softpc.new/base/ccpu386/ccpusas4.c;softpc.new/base/ccpu386/popf.c;softpc.new/base/ccpu386/zfrsrvd.c;softpc.new/base/comms/com.c;softpc.new/base/comms/printer.c;softpc.new/base/debug/ega_dump.c;softpc.new/base/debug/profile.c;softpc.new/base/disks/diskbios.c;softpc.new/base/disks/fdisk.c;softpc.new/base/disks/fla.c;softpc.new/base/disks/floppy_i.c;softpc.new/base/disks/floppy.c;softpc.new/base/disks/gfi_ibm.c;softpc.new/base/disks/gfi_mpty.c;softpc.new/base/disks/gfi_sflp.c;softpc.new/base/disks/gfi.c;softpc.new/base/dos/emm_mngr.c;softpc.new/base/keymouse/keyba.c;softpc.new/base/keymouse/keybd_io.c;softpc.new/base/keymouse/mouse_io.c;softpc.new/base/keymouse/ppi.c;softpc.new/base/support/get_env.c;softpc.new/base/support/ios.c;softpc.new/base/support/main.c;softpc.new/base/support/terminat.c;softpc.new/base/system/at_dma.c;softpc.new/base/system/cmos.c;softpc.new/base/system/cmosnt.c;softpc.new/base/system/ica.c;softpc.new/base/system/illegalp.c;softpc.new/base/system/qevnt.c;softpc.new/base/system/quick_ev.c;softpc.new/base/system/rom.c;softpc.new/base/system/timer.c;softpc.new/base/system/unexp_nt.c;softpc.new/base/video/cga.c;softpc.new/base/video/ega_dmmy.c;softpc.new/base/video/ega_mode.c;softpc.new/base/video/ega_prts.c;softpc.new/base/video/ega_read.c;softpc.new/base/video/ega_vide.c;softpc.new/base/video/ega_writ.c;softpc.new/base/video/egawrtm0.c;softpc.new/base/video/egwrtm12.c;softpc.new/base/video/ga_glue.c;softpc.new/base/video/gfx_updt.c;softpc.new/base/video/gvi.c;softpc.new/base/video/v7_ports.c;softpc.new/base/video/v7_video.c;softpc.new/base/video/vga_mode.c;softpc.new/base/video/vga_prts.c;softpc.new/base/video/vga_vide.c;softpc.new/base/video/video_io.c;softpc.new/base/video/video.c;softpc.new/host/src/config.c;softpc.new/host/src/nt_cga.c;softpc.new/host/src/nt_com.c;softpc.new/host/src/nt_cpu.c;softpc.new/host/src/nt_det.c;softpc.new/host/src/nt_ega.c;softpc.new/host/src/nt_emm.c;softpc.new/host/src/nt_event.c;softpc.new/host/src/nt_fulsc.c;softpc.new/host/src/nt_graph.c;softpc.new/host/src/nt_hfx.c;softpc.new/host/src/nt_hosts.c;softpc.new/host/src/nt_hunt.c;softpc.new/host/src/nt_input.c;softpc.new/host/src/nt_inthk.c;softpc.new/host/src/nt_lpt.c;softpc.new/host/src/nt_mem.c;softpc.new/host/src/nt_mouse.c;softpc.new/host/src/nt_ntfun.c;softpc.new/host/src/nt_reset.c;softpc.new/host/src/nt_rflop.c;softpc.new/host/src/nt_sas.c;softpc.new/host/src/nt_sound.c;softpc.new/host/src/nt_timer.c;softpc.new/host/src/nt_unix.c;softpc.new/host/src/nt_vga.c;softpc.new/host/src/nt_wcom.c;softpc.new/host/src/stubs.c;softpc.new/host/src/x86_emm.c"	"base/fs/mup/debug.h;base/fs/rdr/bowser/debug.h;base/fs/rdr/driver/debug.h;com/ole32/ih/debug.h;com/ole32/olethunk/ole16/inc/debug.h;com/oleaut32/typelib/debug.h;ds/netapi/svcdlls/lls/inc/debug.h;ds/netapi/svcdlls/rpl/rplinst/debug.h;ds/netapi/svcdlls/rpl/server/debug.h;ds/security/protocols/ntlmssp/debug.h;net/sockets/winsock2/wsp/ws2map/debug.h;net/sockets/winsock2.nt5/wsp/ws2map/debug.h;public/internal/shell/inc/debug.h;sdktools/mandel/debug.h;sdktools/winmeter/debug.h;shell/inc/debug.h;windows/core/advapi/digsig/digsig/debug.h;windows/core/advapi/digsig/softpub/debug.h;windows/core/ntgdi/displays/8514a/debug.h;windows/core/ntgdi/displays/ati/debug.h;windows/core/ntgdi/displays/cirrus/debug.h;windows/core/ntgdi/displays/framebuf/debug.h;windows/core/ntgdi/displays/jz484/debug.h;windows/core/ntgdi/displays/mga/debug.h"	"base/fs/mup;base/fs/rdr;com/ole32/ih;com/ole32/olethunk;com/oleaut32/typelib;ds/netapi/svcdlls;ds/security/protocols;net/sockets/winsock2;net/sockets/winsock2.nt5;public/internal/shell;sdktools/mandel/debug.h;sdktools/winmeter/debug.h;shell/inc/debug.h;windows/core/advapi;windows/core/ntgdi"	"selected-mvdm-header; no external package edge"	"expand owning package/build boundary"	"mvdm selected union"	"internal-or-selected-input"
"dec.h"	"2"	"2"	"softpc.new/base/ccpu386/c_main.c;softpc.new/base/ccpu386/dec.c"	""	""	"selected-mvdm-header; no external package edge"	"classify public compiler/API leaf or resolve spelling"	"mvdm selected union"	"internal-or-selected-input"
"decode.h"	"4"	"4"	"softpc.new/base/ccpu386/ccpupig.c;softpc.new/base/dasm386/dasm386.c;softpc.new/base/dasm386/decode.c;softpc.new/base/debug/trace.c"	""	""	"selected-mvdm-header; no external package edge"	"classify public compiler/API leaf or resolve spelling"	"mvdm selected union"	"internal-or-selected-input"
"dem.h"	"16"	"16"	"dos/dem/dem.c;dos/dem/demdasd.c;dos/dem/demdata.c;dos/dem/demdir.c;dos/dem/demdisp.c;dos/dem/demerror.c;dos/dem/demfcb.c;dos/dem/demfile.c;dos/dem/demgset.c;dos/dem/demhndl.c;dos/dem/demioctl.c;dos/dem/demlabel.c;dos/dem/demlock.c;dos/dem/demmisc.c;dos/dem/demmsg.c;dos/dem/demsrch.c"	""	""	"selected-mvdm-header; no external package edge"	"classify public compiler/API leaf or resolve spelling"	"mvdm selected union"	"internal-or-selected-input"
"demdasd.h"	"3"	"3"	"dos/dem/demdasd.c;dos/dem/demgset.c;dos/dem/demioctl.c"	""	""	"selected-mvdm-header; no external package edge"	"classify public compiler/API leaf or resolve spelling"	"mvdm selected union"	"internal-or-selected-input"
"demexp.h"	"8"	"8"	"dos/command/cmdconf.c;dos/command/cmdenv.c;dos/command/cmdmisc.c;softpc.new/host/src/nt_bop.c;softpc.new/host/src/nt_msscs.c;v86/scaffold/i386/fakebop.c;v86/scaffold/i386/softpc.c;wow32/wkfileio.c"	""	""	"selected-MVDM/platform declaration or firmware input; no non-MVDM package edge"	"classify public compiler/API leaf or resolve spelling"	"mvdm selected union"	"internal-or-selected-input"
"demmsg.h"	"12"	"12"	"dos/dem/demdir.c;dos/dem/demerror.c;dos/dem/demfcb.c;dos/dem/demfile.c;dos/dem/demgset.c;dos/dem/demhndl.c;dos/dem/demioctl.c;dos/dem/demlabel.c;dos/dem/demlock.c;dos/dem/demmisc.c;dos/dem/demmsg.c;dos/dem/demsrch.c"	""	""	"selected-mvdm-header; no external package edge"	"classify public compiler/API leaf or resolve spelling"	"mvdm selected union"	"internal-or-selected-input"
"devioctl.h"	"1"	"1"	"vdd/samples/mscdex/vdd/vcdex.c"	"public/sdk/inc/devioctl.h"	"public/sdk/inc"	"external-declaration carrier; map to parent source/API at stage two"	"expand owning package/build boundary"	"unresolved first-hop include spelling"	"source-layout-reconciliation"
"div.h"	"2"	"2"	"softpc.new/base/ccpu386/c_main.c;softpc.new/base/ccpu386/div.c"	""	""	"selected-mvdm-header; no external package edge"	"classify public compiler/API leaf or resolve spelling"	"mvdm selected union"	"internal-or-selected-input"
"dlcapi.h"	"7"	"7"	"vdmredir/vrdisp.c;vdmredir/vrdlc5c.c;vdmredir/vrdlcbuf.c;vdmredir/vrdlcdbg.c;vdmredir/vrdlcpst.c;vdmredir/vrinit.c;vdmredir/vrnetb.c"	"public/sdk/inc/dlcapi.h;sdktools/jetadmin/inc/dlcapi.h"	"public/sdk/inc;sdktools/jetadmin/inc"	"external-declaration carrier; map to parent source/API at stage two"	"expand owning package/build boundary"	"DS NetAPI/RAP/Rx package family"	"external-package-or-declaration"
"dlcio.h"	"6"	"6"	"vdmredir/vrdisp.c;vdmredir/vrdlc5c.c;vdmredir/vrdlcbuf.c;vdmredir/vrdlcdbg.c;vdmredir/vrdlcpst.c;vdmredir/vrnetb.c"	""	""	"selected-MVDM/platform declaration or firmware input; no non-MVDM package edge"	"classify public compiler/API leaf or resolve spelling"	"mvdm selected union"	"internal-or-selected-input"
"dlgs.h"	"1"	"1"	"wow32/wcommdlg.c"	"com/ole32/olethunk/ole16/inc/dlgs.h;public/sdk/inc/dlgs.h;sdktools/jetadmin/inc/dlgs.h;sdktools/jetadmin/sdk/inc32/dlgs.h"	"com/ole32/olethunk;public/sdk/inc;sdktools/jetadmin/inc;sdktools/jetadmin/sdk"	"external-declaration carrier; map to parent source/API at stage two"	"expand owning package/build boundary"	"modern public Win32 UI/console/spool binding; private historical entrypoints seed ntcon/ntuser/ntgdi BFS"	"public-api-or-private-client-candidate"
"dlstruct.h"	"1"	"1"	"vdmredir/vrnetapi.c"	""	""	"selected-mvdm-header; no external package edge"	"classify public compiler/API leaf or resolve spelling"	"mvdm selected union"	"internal-or-selected-input"
"dma.h"	"7"	"7"	"softpc.new/base/bios/reset.c;softpc.new/base/disks/floppy.c;softpc.new/base/disks/gfi_sflp.c;softpc.new/base/system/at_dma.c;softpc.new/host/src/nt_rflop.c;softpc.new/host/src/nt_vdd.c;softpc.new/host/src/nt_vflop.c"	""	""	"selected-mvdm-header; no external package edge"	"classify public compiler/API leaf or resolve spelling"	"mvdm selected union"	"internal-or-selected-input"
"dossvc.h"	"2"	"2"	"vdmredir/vrnmpipe.c;wow32/wkfileio.c"	""	""	"selected-MVDM/platform declaration or firmware input; no non-MVDM package edge"	"classify public compiler/API leaf or resolve spelling"	"mvdm selected union"	"internal-or-selected-input"
"doswow.h"	"2"	"2"	"vdmexts/dib.c;vdmexts/wow.c"	""	""	"selected-MVDM/platform declaration or firmware input; no non-MVDM package edge"	"classify public compiler/API leaf or resolve spelling"	"mvdm selected union"	"internal-or-selected-input"
"dpmi.h"	"3"	"3"	"ieuvddex/trace.c;vdmexts/debug.c;vdmexts/trace.c"	""	""	"selected-mvdm-header; no external package edge"	"classify public compiler/API leaf or resolve spelling"	"mvdm selected union"	"internal-or-selected-input"
"dpmiint.h"	"1"	"1"	"dpmi32/dpmiint.c"	""	""	"selected-mvdm-header; no external package edge"	"classify public compiler/API leaf or resolve spelling"	"mvdm selected union"	"internal-or-selected-input"
"drivinit.h"	"1"	"1"	"wow32/wgdi31.c"	"public/sdk/inc/drivinit.h;sdktools/jetadmin/inc/drivinit.h;sdktools/jetadmin/sdk/inc32/drivinit.h"	"public/sdk/inc;sdktools/jetadmin/inc;sdktools/jetadmin/sdk"	"external-declaration carrier; map to parent source/API at stage two"	"expand owning package/build boundary"	"modern public Win32 UI/console/spool binding; private historical entrypoints seed ntcon/ntuser/ntgdi BFS"	"public-api-or-private-client-candidate"
"dsktrace.h"	"3"	"3"	"softpc.new/base/debug/yoda.c;softpc.new/base/disks/diskbios.c;softpc.new/base/disks/fdisk.c"	""	""	"selected-mvdm-header; no external package edge"	"classify public compiler/API leaf or resolve spelling"	"mvdm selected union"	"internal-or-selected-input"
"dterm.h"	"1"	"1"	"softpc.new/host/src/nt_error.c"	""	""	"selected-mvdm-header; no external package edge"	"classify public compiler/API leaf or resolve spelling"	"mvdm selected union"	"internal-or-selected-input"
"egacpu.h"	"30"	"30"	"softpc.new/base/cpu/src/evid/ev_glue.c;softpc.new/base/cvidc/ev_glue.c;softpc.new/base/debug/ega_dump.c;softpc.new/base/debug/trace.c;softpc.new/base/keymouse/mouse_io.c;softpc.new/base/video/cga.c;softpc.new/base/video/ega_dmmy.c;softpc.new/base/video/ega_mode.c;softpc.new/base/video/ega_prts.c;softpc.new/base/video/ega_read.c;softpc.new/base/video/ega_vide.c;softpc.new/base/video/ega_writ.c;softpc.new/base/video/egawrtm0.c;softpc.new/base/video/egwrtm12.c;softpc.new/base/video/ga_glue.c;softpc.new/base/video/gfx_updt.c;softpc.new/base/video/gvi.c;softpc.new/base/video/v7_ports.c;softpc.new/base/video/v7_video.c;softpc.new/base/video/vga_mode.c;softpc.new/base/video/vga_prts.c;softpc.new/base/video/vga_vide.c;softpc.new/base/video/video.c;softpc.new/host/src/nt_det.c;softpc.new/host/src/nt_ega.c;softpc.new/host/src/nt_fulsc.c;softpc.new/host/src/nt_graph.c;softpc.new/host/src/nt_mouse.c;softpc.new/host/src/nt_vga.c;softpc.new/host/src/stubs.c"	""	""	"selected-mvdm-header; no external package edge"	"classify public compiler/API leaf or resolve spelling"	"mvdm selected union"	"internal-or-selected-input"
"egagraph.h"	"20"	"20"	"softpc.new/base/debug/ega_dump.c;softpc.new/base/debug/yoda.c;softpc.new/base/keymouse/mouse_io.c;softpc.new/base/video/ega_dmmy.c;softpc.new/base/video/ega_mode.c;softpc.new/base/video/ega_prts.c;softpc.new/base/video/ega_vide.c;softpc.new/base/video/gfx_updt.c;softpc.new/base/video/gvi.c;softpc.new/base/video/v7_ports.c;softpc.new/base/video/v7_video.c;softpc.new/base/video/vga_mode.c;softpc.new/base/video/vga_prts.c;softpc.new/base/video/vga_vide.c;softpc.new/host/src/nt_det.c;softpc.new/host/src/nt_ega.c;softpc.new/host/src/nt_fulsc.c;softpc.new/host/src/nt_graph.c;softpc.new/host/src/nt_munge.c;softpc.new/host/src/nt_vga.c"	""	""	"selected-mvdm-header; no external package edge"	"classify public compiler/API leaf or resolve spelling"	"mvdm selected union"	"internal-or-selected-input"
"egamode.h"	"7"	"7"	"softpc.new/base/video/ega_mode.c;softpc.new/base/video/ega_prts.c;softpc.new/base/video/vga_mode.c;softpc.new/base/video/vga_prts.c;softpc.new/host/src/nt_det.c;softpc.new/host/src/nt_fulsc.c;softpc.new/host/src/nt_graph.c"	""	""	"selected-mvdm-header; no external package edge"	"classify public compiler/API leaf or resolve spelling"	"mvdm selected union"	"internal-or-selected-input"
"egaports.h"	"23"	"23"	"softpc.new/base/debug/ega_dump.c;softpc.new/base/keymouse/mouse_io.c;softpc.new/base/video/ega_dmmy.c;softpc.new/base/video/ega_mode.c;softpc.new/base/video/ega_prts.c;softpc.new/base/video/ega_read.c;softpc.new/base/video/ega_trcr.c;softpc.new/base/video/ega_vide.c;softpc.new/base/video/ega_writ.c;softpc.new/base/video/egawrtm0.c;softpc.new/base/video/egwrtm12.c;softpc.new/base/video/gfx_updt.c;softpc.new/base/video/v7_ports.c;softpc.new/base/video/v7_video.c;softpc.new/base/video/vga_mode.c;softpc.new/base/video/vga_prts.c;softpc.new/base/video/vga_vide.c;softpc.new/base/video/video.c;softpc.new/host/src/nt_det.c;softpc.new/host/src/nt_ega.c;softpc.new/host/src/nt_fulsc.c;softpc.new/host/src/nt_graph.c;softpc.new/host/src/nt_vga.c"	""	""	"selected-mvdm-header; no external package edge"	"classify public compiler/API leaf or resolve spelling"	"mvdm selected union"	"internal-or-selected-input"
"egaread.h"	"7"	"7"	"softpc.new/base/video/ega_prts.c;softpc.new/base/video/ega_read.c;softpc.new/base/video/ega_vide.c;softpc.new/base/video/v7_ports.c;softpc.new/base/video/vga_prts.c;softpc.new/base/video/vga_vide.c;softpc.new/host/src/stubs.c"	""	""	"selected-mvdm-header; no external package edge"	"classify public compiler/API leaf or resolve spelling"	"mvdm selected union"	"internal-or-selected-input"
"egatrace.h"	"1"	"1"	"softpc.new/base/video/ega_trcr.c"	""	""	"selected-mvdm-header; no external package edge"	"classify public compiler/API leaf or resolve spelling"	"mvdm selected union"	"internal-or-selected-input"
"egavideo.h"	"6"	"6"	"softpc.new/base/keymouse/mouse_io.c;softpc.new/base/video/ega_vide.c;softpc.new/base/video/v7_video.c;softpc.new/base/video/vga_vide.c;softpc.new/base/video/video.c;softpc.new/host/src/nt_fulsc.c"	""	""	"selected-mvdm-header; no external package edge"	"classify public compiler/API leaf or resolve spelling"	"mvdm selected union"	"internal-or-selected-input"
"emm.h"	"9"	"9"	"softpc.new/base/bios/emm_fncs.c;softpc.new/base/bios/reset.c;softpc.new/base/dos/emm_mngr.c;softpc.new/base/support/terminat.c;softpc.new/host/src/config.c;softpc.new/host/src/nt_emm.c;softpc.new/host/src/nt_msscs.c;softpc.new/host/src/nt_umb.c;softpc.new/host/src/x86_emm.c"	""	""	"selected-mvdm-header; no external package edge"	"classify public compiler/API leaf or resolve spelling"	"mvdm selected union"	"internal-or-selected-input"
"enter.h"	"2"	"2"	"softpc.new/base/ccpu386/c_main.c;softpc.new/base/ccpu386/enter.c"	""	""	"selected-mvdm-header; no external package edge"	"classify public compiler/API leaf or resolve spelling"	"mvdm selected union"	"internal-or-selected-input"
"equip.h"	"7"	"7"	"softpc.new/base/bios/equipmnt.c;softpc.new/base/bios/reset.c;softpc.new/base/disks/floppy_i.c;softpc.new/base/disks/floppy.c;softpc.new/base/video/ega_vide.c;softpc.new/base/video/vga_vide.c;softpc.new/base/video/video.c"	""	""	"selected-mvdm-header; no external package edge"	"classify public compiler/API leaf or resolve spelling"	"mvdm selected union"	"internal-or-selected-input"
"errno.h"	"2"	"2"	"softpc.new/host/src/nt_hunt.c;softpc.new/host/src/nt_rflop.c"	"base/crts/crtw32/h/errno.h;base/crts/libw32/include/errno.h;public/sdk/inc/crt/errno.h;public/sdk/inc/posix/errno.h;public/sdk/inc/posix/sys/errno.h;sdktools/jetadmin/inc/errno.h"	"base/crts/crtw32;base/crts/libw32;public/sdk/inc;sdktools/jetadmin/inc"	"external-declaration carrier; map to parent source/API at stage two"	"expand owning package/build boundary"	"MSVC CRT / public C runtime"	"modern-public-leaf"
"error.h"	"72"	"69"	"softpc.new/base/bios/emm_fncs.c;softpc.new/base/bios/reset.c;softpc.new/base/bios/rom_basc.c;softpc.new/base/bios/virtual.c;softpc.new/base/comms/com.c;softpc.new/base/comms/printer_.c;softpc.new/base/comms/printer.c;softpc.new/base/debug/yoda.c;softpc.new/base/disks/diskbios.c;softpc.new/base/disks/fdisk.c;softpc.new/base/disks/floppy_i.c;softpc.new/base/disks/gfi_ibm.c;softpc.new/base/disks/gfi_sflp.c;softpc.new/base/disks/gfi.c;softpc.new/base/dos/emm_mngr.c;softpc.new/base/keymouse/keyba.c;softpc.new/base/keymouse/keybd_io.c;softpc.new/base/keymouse/mouse_io.c;softpc.new/base/keymouse/mouse.c;softpc.new/base/support/get_env.c;softpc.new/base/support/main.c;softpc.new/base/support/terminat.c;softpc.new/base/support/time_day.c;softpc.new/base/system/cmos.c;softpc.new/base/system/cmosnt.c;softpc.new/base/system/illegalp.c;softpc.new/base/system/qevnt.c;softpc.new/base/system/quick_ev.c;softpc.new/base/system/rom.c;softpc.new/base/video/cga.c;softpc.new/base/video/ega_mode.c;softpc.new/base/video/ega_prts.c;softpc.new/base/video/ega_vide.c;softpc.new/base/video/gfx_updt.c;softpc.new/base/video/gvi.c;softpc.new/base/video/v7_video.c;softpc.new/base/video/vga_mode.c;softpc.new/base/video/vga_prts.c;softpc.new/base/video/vga_vide.c;softpc.new/base/video/video.c;softpc.new/host/src/config.c;softpc.new/host/src/nt_bop.c;softpc.new/host/src/nt_cga.c;softpc.new/host/src/nt_com.c;softpc.new/host/src/nt_det.c;softpc.new/host/src/nt_eoi.c;softpc.new/host/src/nt_error.c;softpc.new/host/src/nt_ertbl.c;softpc.new/host/src/nt_event.c;softpc.new/host/src/nt_fdisk.c;softpc.new/host/src/nt_graph.c;softpc.new/host/src/nt_hunt.c;softpc.new/host/src/nt_input.c;softpc.new/host/src/nt_lpt.c;softpc.new/host/src/nt_mouse.c;softpc.new/host/src/nt_msscs.c;softpc.new/host/src/nt_nls.c;softpc.new/host/src/nt_pif.c;softpc.new/host/src/nt_reset.c;softpc.new/host/src/nt_rez.c;softpc.new/host/src/nt_rflop.c;softpc.new/host/src/nt_sound.c;softpc.new/host/src/nt_timer.c;softpc.new/host/src/nt_umb.c;softpc.new/host/src/nt_unix.c;softpc.new/host/src/nt_vdd.c;softpc.new/host/src/nt_wcom.c;softpc.new/host/src/stf_conf.c;softpc.new/obj.vdm/ntvdm.c"	"base/crts/crtw32/h/error.h;base/ntos/rtl/error.h;com/ole32/olecnv32/error.h;sdktools/jetadmin/inc/error.h;sdktools/jetadmin/sdk/inc32/error.h;sdktools/mstest/ntsnap/error.h;sdktools/vctools/cvpack.js/error.h;windows/diamond/error.h"	"base/crts/crtw32;base/ntos/rtl;com/ole32/olecnv32;sdktools/jetadmin/inc;sdktools/jetadmin/sdk;sdktools/mstest/ntsnap;sdktools/vctools/cvpack.js;windows/diamond/error.h"	"selected-mvdm-header; no external package edge"	"expand owning package/build boundary"	"mvdm selected union"	"internal-or-selected-input"
"Evid_c.h"	"4"	"4"	"softpc.new/base/ccpu386/vglob.c;softpc.new/base/cpu/src/evid/ev_glue.c;softpc.new/base/cpu/src/evid/vglob.c;softpc.new/base/cvidc/ev_glue.c"	""	""	"selected-mvdm-header; no external package edge"	"classify public compiler/API leaf or resolve spelling"	"mvdm selected union"	"internal-or-selected-input"
"evidfunc.h"	"3"	"3"	"softpc.new/base/cpu/src/evid/ev_glue.c;softpc.new/base/cvidc/ev_glue.c;softpc.new/base/cvidc/evidfunc.c"	""	""	"selected-mvdm-header; no external package edge"	"classify public compiler/API leaf or resolve spelling"	"mvdm selected union"	"internal-or-selected-input"
"evidgen.h"	"6"	"6"	"softpc.new/base/ccpu386/c_getset.c;softpc.new/base/ccpu386/ntstubs.c;softpc.new/base/ccpu386/sascdef.c;softpc.new/base/cvidc/accessfn.c;softpc.new/base/cvidc/sascdef.c;softpc.new/base/cvidc/vglfunc.c"	""	""	"selected-mvdm-header; no external package edge"	"classify public compiler/API leaf or resolve spelling"	"mvdm selected union"	"internal-or-selected-input"
"excpt.h"	"5"	"5"	"softpc.new/host/src/nt_com.c;softpc.new/host/src/nt_event.c;softpc.new/host/src/nt_thred.c;softpc.new/host/src/nt_timer.c;wow32/debug.c"	"base/crts/crtw32/h/excpt.h;base/crts/libw32/include/excpt.h;public/sdk/inc/crt/excpt.h;sdktools/jetadmin/inc/excpt.h"	"base/crts/crtw32;base/crts/libw32;public/sdk/inc;sdktools/jetadmin/inc"	"external-declaration carrier; map to parent source/API at stage two"	"expand owning package/build boundary"	"MSVC CRT / public C runtime"	"modern-public-leaf"
"exterr.h"	"2"	"2"	"dos/dem/demhndl.c;vdmredir/vrnmpipe.c"	""	""	"selected-MVDM/platform declaration or firmware input; no non-MVDM package edge"	"classify public compiler/API leaf or resolve spelling"	"mvdm selected union"	"internal-or-selected-input"
"fault.h"	"18"	"18"	"softpc.new/base/ccpu386/c_addr.c;softpc.new/base/ccpu386/c_intr.c;softpc.new/base/ccpu386/c_main.c;softpc.new/base/ccpu386/c_prot.c;softpc.new/base/ccpu386/c_seg.c;softpc.new/base/ccpu386/c_stack.c;softpc.new/base/ccpu386/c_tlb.c;softpc.new/base/ccpu386/c_tsksw.c;softpc.new/base/ccpu386/c_xcptn.c;softpc.new/base/ccpu386/c_xfer.c;softpc.new/base/ccpu386/call.c;softpc.new/base/ccpu386/enter.c;softpc.new/base/ccpu386/iret.c;softpc.new/base/ccpu386/jmp.c;softpc.new/base/ccpu386/lldt.c;softpc.new/base/ccpu386/mov.c;softpc.new/base/ccpu386/ret.c;softpc.new/base/ccpu386/zfrsrvd.c"	""	""	"selected-mvdm-header; no external package edge"	"classify public compiler/API leaf or resolve spelling"	"mvdm selected union"	"internal-or-selected-input"
"fax32.h"	"1"	"1"	"vdd/samples/sample1/fax32/fax32.c"	""	""	"selected-mvdm-header; no external package edge"	"classify public compiler/API leaf or resolve spelling"	"mvdm selected union"	"internal-or-selected-input"
"fcntl.h"	"5"	"5"	"dos/dem/demhndl.c;softpc.new/base/system/cmosnt.c;softpc.new/host/src/nt_msscs.c;softpc.new/host/src/nt_rez.c;softpc.new/host/src/nt_vflop.c"	"base/crts/crtw32/h/fcntl.h;base/crts/libw32/include/fcntl.h;public/sdk/inc/crt/fcntl.h;public/sdk/inc/posix/fcntl.h;sdktools/fontedit/fcntl.h;sdktools/jetadmin/inc/fcntl.h"	"base/crts/crtw32;base/crts/libw32;public/sdk/inc;sdktools/fontedit/fcntl.h;sdktools/jetadmin/inc"	"external-declaration carrier; map to parent source/API at stage two"	"expand owning package/build boundary"	"MSVC CRT / public C runtime"	"modern-public-leaf"
"fdisk.h"	"5"	"5"	"softpc.new/base/bios/reset.c;softpc.new/base/disks/diskbios.c;softpc.new/base/disks/fdisk.c;softpc.new/base/disks/fla.c;softpc.new/base/support/terminat.c"	""	""	"selected-mvdm-header; no external package edge"	"classify public compiler/API leaf or resolve spelling"	"mvdm selected union"	"internal-or-selected-input"
"fla.h"	"13"	"13"	"softpc.new/base/bios/reset.c;softpc.new/base/disks/fla.c;softpc.new/base/disks/floppy_i.c;softpc.new/base/disks/floppy.c;softpc.new/base/disks/gfi_ibm.c;softpc.new/base/disks/gfi_mpty.c;softpc.new/base/disks/gfi_sflp.c;softpc.new/base/disks/gfi_test.c;softpc.new/base/disks/gfi.c;softpc.new/base/support/time_day.c;softpc.new/base/system/timer.c;softpc.new/host/src/nt_rflop.c;softpc.new/host/src/nt_vflop.c"	""	""	"selected-mvdm-header; no external package edge"	"classify public compiler/API leaf or resolve spelling"	"mvdm selected union"	"internal-or-selected-input"
"floppy.h"	"5"	"5"	"softpc.new/base/bios/reset.c;softpc.new/base/disks/floppy_i.c;softpc.new/base/disks/floppy.c;softpc.new/host/src/config.c;softpc.new/host/src/nt_rflop.c"	""	""	"selected-mvdm-header; no external package edge"	"classify public compiler/API leaf or resolve spelling"	"mvdm selected union"	"internal-or-selected-input"
"forcedos.h"	"1"	"1"	"vdmutils/forcedos/forcedos.c"	""	""	"selected MVDM tool-local declaration; no host-runtime external edge"	"classify public compiler/API leaf or resolve spelling"	"mvdm selected union"	"internal-or-selected-input"
"Fpu_c.h"	"5"	"5"	"softpc.new/base/ccpu386/c_getset.c;softpc.new/base/ccpu386/c_reg.c;softpc.new/base/ccpu386/sascdef.c;softpc.new/base/cvidc/accessfn.c;softpc.new/base/cvidc/sascdef.c"	""	""	"selected-mvdm-header; no external package edge"	"classify public compiler/API leaf or resolve spelling"	"mvdm selected union"	"internal-or-selected-input"
"fun.h"	"5"	"5"	"v86/scaffold/i386/fakebop.c;v86/scaffold/i386/fakeinit.c;v86/scaffold/i386/fakekbd.c;v86/scaffold/i386/fakevid.c;v86/scaffold/i386/softpc.c"	""	""	"selected-mvdm-header; no external package edge"	"classify public compiler/API leaf or resolve spelling"	"mvdm selected union"	"internal-or-selected-input"
"ga_defs.h"	"5"	"5"	"softpc.new/base/video/ega_prts.c;softpc.new/base/video/ega_read.c;softpc.new/base/video/ga_glue.c;softpc.new/base/video/gfx_updt.c;softpc.new/base/video/video.c"	""	""	"selected-mvdm-header; no external package edge"	"classify public compiler/API leaf or resolve spelling"	"mvdm selected union"	"internal-or-selected-input"
"ga_mark.h"	"6"	"6"	"softpc.new/base/cpu/src/evid/ev_glue.c;softpc.new/base/cvidc/ev_glue.c;softpc.new/base/cvidc/evidfunc.c;softpc.new/base/video/ega_prts.c;softpc.new/base/video/ega_read.c;softpc.new/base/video/gfx_updt.c"	""	""	"selected-mvdm-header; no external package edge"	"classify public compiler/API leaf or resolve spelling"	"mvdm selected union"	"internal-or-selected-input"
"gdispool.h"	"1"	"1"	"fax/wowfaxui/wowfaxui.c"	"public/internal/printscan/inc/gdispool.h"	"public/internal/printscan"	"external-declaration carrier; map to parent source/API at stage two"	"expand owning package/build boundary"	"modern public Win32 UI/console/spool binding; private historical entrypoints seed ntcon/ntuser/ntgdi BFS"	"public-api-or-private-client-candidate"
"gdpvar.h"	"10"	"10"	"softpc.new/base/ccpu386/c_intr.c;softpc.new/base/ccpu386/c_reg.c;softpc.new/base/ccpu386/sascdef.c;softpc.new/base/ccpu386/vglob.c;softpc.new/base/cpu/src/evid/ev_glue.c;softpc.new/base/cpu/src/evid/vglob.c;softpc.new/base/cvidc/ev_glue.c;softpc.new/base/debug/yoda.c;softpc.new/host/src/nt_bop.c;softpc.new/host/src/nt_inthk.c"	""	""	"selected-mvdm-header; no external package edge"	"classify public compiler/API leaf or resolve spelling"	"mvdm selected union"	"internal-or-selected-input"
"gendrvr.h"	"1"	"1"	"softpc.new/base/bios/reset.c"	""	""	"selected-mvdm-header; no external package edge"	"classify public compiler/API leaf or resolve spelling"	"mvdm selected union"	"internal-or-selected-input"
"get_env.h"	"1"	"1"	"softpc.new/base/support/get_env.c"	""	""	"selected-mvdm-header; no external package edge"	"classify public compiler/API leaf or resolve spelling"	"mvdm selected union"	"internal-or-selected-input"
"gfi.h"	"18"	"18"	"softpc.new/base/bios/reset.c;softpc.new/base/debug/yoda.c;softpc.new/base/disks/fla.c;softpc.new/base/disks/floppy_i.c;softpc.new/base/disks/floppy.c;softpc.new/base/disks/gfi_ibm.c;softpc.new/base/disks/gfi_mpty.c;softpc.new/base/disks/gfi_sflp.c;softpc.new/base/disks/gfi_test.c;softpc.new/base/disks/gfi.c;softpc.new/base/support/main.c;softpc.new/base/system/cmos.c;softpc.new/base/system/cmosnt.c;softpc.new/host/src/config.c;softpc.new/host/src/nt_lpt.c;softpc.new/host/src/nt_rflop.c;softpc.new/host/src/nt_vflop.c;softpc.new/host/src/stf_conf.c"	""	""	"selected-mvdm-header; no external package edge"	"classify public compiler/API leaf or resolve spelling"	"mvdm selected union"	"internal-or-selected-input"
"gfisflop.h"	"2"	"2"	"softpc.new/base/disks/gfi_ibm.c;softpc.new/base/disks/gfi_sflp.c"	""	""	"selected-mvdm-header; no external package edge"	"classify public compiler/API leaf or resolve spelling"	"mvdm selected union"	"internal-or-selected-input"
"gfitest.h"	"2"	"2"	"softpc.new/base/disks/gfi_test.c;softpc.new/base/disks/gfi.c"	""	""	"selected-mvdm-header; no external package edge"	"classify public compiler/API leaf or resolve spelling"	"mvdm selected union"	"internal-or-selected-input"
"gfx_upd.h"	"32"	"32"	"softpc.new/base/bios/reset.c;softpc.new/base/debug/ega_dump.c;softpc.new/base/debug/yoda.c;softpc.new/base/keymouse/mouse_io.c;softpc.new/base/support/main.c;softpc.new/base/system/timestrb.c;softpc.new/base/video/cga.c;softpc.new/base/video/ega_dmmy.c;softpc.new/base/video/ega_mode.c;softpc.new/base/video/ega_prts.c;softpc.new/base/video/ega_trcr.c;softpc.new/base/video/ega_vide.c;softpc.new/base/video/egawrtm0.c;softpc.new/base/video/egwrtm12.c;softpc.new/base/video/gfx_updt.c;softpc.new/base/video/gvi.c;softpc.new/base/video/v7_ports.c;softpc.new/base/video/v7_video.c;softpc.new/base/video/vga_mode.c;softpc.new/base/video/vga_prts.c;softpc.new/base/video/vga_vide.c;softpc.new/base/video/video.c;softpc.new/host/src/nt_cga.c;softpc.new/host/src/nt_det.c;softpc.new/host/src/nt_ega.c;softpc.new/host/src/nt_event.c;softpc.new/host/src/nt_fulsc.c;softpc.new/host/src/nt_graph.c;softpc.new/host/src/nt_munge.c;softpc.new/host/src/nt_reset.c;softpc.new/host/src/nt_timer.c;softpc.new/host/src/nt_vga.c"	""	""	"selected-mvdm-header; no external package edge"	"classify public compiler/API leaf or resolve spelling"	"mvdm selected union"	"internal-or-selected-input"
"gfx_updt.h"	"1"	"1"	"softpc.new/host/src/stf_conf.c"	""	""	"selected MVDM local generated/header input; source-layout reconciliation, no non-MVDM package edge"	"classify public compiler/API leaf or resolve spelling"	"mvdm selected union"	"internal-or-selected-input"
"gisp_sas.h"	"2"	"2"	"softpc.new/base/bios/emm_fncs.c;softpc.new/base/bios/reset.c"	""	""	"selected-mvdm-header; no external package edge"	"classify public compiler/API leaf or resolve spelling"	"mvdm selected union"	"internal-or-selected-input"
"gispsvga.h"	"2"	"2"	"softpc.new/base/bios/bios.c;softpc.new/base/system/rom.c"	""	""	"selected-mvdm-header; no external package edge"	"classify public compiler/API leaf or resolve spelling"	"mvdm selected union"	"internal-or-selected-input"
"gmi.h"	"45"	"45"	"softpc.new/base/bios/reset.c;softpc.new/base/ccpu386/ccpusas4.c;softpc.new/base/cpu/src/evid/ev_glue.c;softpc.new/base/cvidc/ev_glue.c;softpc.new/base/debug/ega_dump.c;softpc.new/base/debug/yoda.c;softpc.new/base/disks/diskbios.c;softpc.new/base/dos/emm_mngr.c;softpc.new/base/keymouse/mouse_io.c;softpc.new/base/support/main.c;softpc.new/base/system/at_dma.c;softpc.new/base/system/timestrb.c;softpc.new/base/video/cga.c;softpc.new/base/video/ega_dmmy.c;softpc.new/base/video/ega_mode.c;softpc.new/base/video/ega_prts.c;softpc.new/base/video/ega_read.c;softpc.new/base/video/ega_trcr.c;softpc.new/base/video/ega_vide.c;softpc.new/base/video/ega_writ.c;softpc.new/base/video/egawrtm0.c;softpc.new/base/video/egwrtm12.c;softpc.new/base/video/ga_glue.c;softpc.new/base/video/gfx_updt.c;softpc.new/base/video/gvi.c;softpc.new/base/video/v7_ports.c;softpc.new/base/video/v7_video.c;softpc.new/base/video/vga_mode.c;softpc.new/base/video/vga_prts.c;softpc.new/base/video/vga_vide.c;softpc.new/base/video/video.c;softpc.new/host/src/nt_cga.c;softpc.new/host/src/nt_det.c;softpc.new/host/src/nt_ega.c;softpc.new/host/src/nt_event.c;softpc.new/host/src/nt_fulsc.c;softpc.new/host/src/nt_graph.c;softpc.new/host/src/nt_hosts.c;softpc.new/host/src/nt_input.c;softpc.new/host/src/nt_munge.c;softpc.new/host/src/nt_reset.c;softpc.new/host/src/nt_timer.c;softpc.new/host/src/nt_vga.c;softpc.new/host/src/sim32.c;softpc.new/host/src/stf_conf.c"	""	""	"selected-mvdm-header; no external package edge"	"classify public compiler/API leaf or resolve spelling"	"mvdm selected union"	"internal-or-selected-input"
"gore.h"	"4"	"4"	"softpc.new/base/video/ega_mode.c;softpc.new/base/video/ega_prts.c;softpc.new/base/video/gfx_updt.c;softpc.new/base/video/vga_mode.c"	""	""	"selected-mvdm-header; no external package edge"	"classify public compiler/API leaf or resolve spelling"	"mvdm selected union"	"internal-or-selected-input"
"graftabl.h"	"1"	"1"	"vdmutils/graftabl/graftabl.c"	""	""	"selected MVDM tool-local declaration; no host-runtime external edge"	"classify public compiler/API leaf or resolve spelling"	"mvdm selected union"	"internal-or-selected-input"
"gvi.h"	"37"	"37"	"softpc.new/base/bios/reset.c;softpc.new/base/debug/ega_dump.c;softpc.new/base/debug/trace.c;softpc.new/base/debug/yoda.c;softpc.new/base/keymouse/mouse_io.c;softpc.new/base/support/main.c;softpc.new/base/support/terminat.c;softpc.new/base/video/cga.c;softpc.new/base/video/ega_dmmy.c;softpc.new/base/video/ega_mode.c;softpc.new/base/video/ega_prts.c;softpc.new/base/video/ega_read.c;softpc.new/base/video/ega_vide.c;softpc.new/base/video/ega_writ.c;softpc.new/base/video/ga_glue.c;softpc.new/base/video/gfx_updt.c;softpc.new/base/video/gvi.c;softpc.new/base/video/v7_ports.c;softpc.new/base/video/v7_video.c;softpc.new/base/video/vga_mode.c;softpc.new/base/video/vga_prts.c;softpc.new/base/video/vga_vide.c;softpc.new/base/video/video.c;softpc.new/host/src/nt_cga.c;softpc.new/host/src/nt_det.c;softpc.new/host/src/nt_ega.c;softpc.new/host/src/nt_error.c;softpc.new/host/src/nt_event.c;softpc.new/host/src/nt_fulsc.c;softpc.new/host/src/nt_graph.c;softpc.new/host/src/nt_hosts.c;softpc.new/host/src/nt_hunt.c;softpc.new/host/src/nt_mouse.c;softpc.new/host/src/nt_msscs.c;softpc.new/host/src/nt_munge.c;softpc.new/host/src/nt_reset.c;softpc.new/host/src/nt_vga.c"	""	""	"selected-mvdm-header; no external package edge"	"classify public compiler/API leaf or resolve spelling"	"mvdm selected union"	"internal-or-selected-input"
"herc.h"	"1"	"1"	"softpc.new/base/video/gvi.c"	""	""	"selected-mvdm-header; no external package edge"	"classify public compiler/API leaf or resolve spelling"	"mvdm selected union"	"internal-or-selected-input"
"hfx.h"	"4"	"3"	"softpc.new/base/bios/bios.c;softpc.new/base/debug/yoda.c;softpc.new/host/src/nt_hfx.c"	""	""	"selected-mvdm-header; no external package edge"	"classify public compiler/API leaf or resolve spelling"	"mvdm selected union"	"internal-or-selected-input"
"hg_cpu.h"	"1"	"1"	"softpc.new/base/comms/com.c"	""	""	"selected-mvdm-header; no external package edge"	"classify public compiler/API leaf or resolve spelling"	"mvdm selected union"	"internal-or-selected-input"
"host_bop.h"	"2"	"2"	"softpc.new/base/bios/cntlbop.c;softpc.new/host/src/nt_bop.c"	""	""	"selected-mvdm-header; no external package edge"	"classify public compiler/API leaf or resolve spelling"	"mvdm selected union"	"internal-or-selected-input"
"host_com.h"	"5"	"5"	"softpc.new/base/comms/com.c;softpc.new/base/support/terminat.c;softpc.new/host/src/nt_com.c;softpc.new/host/src/nt_wcom.c;softpc.new/host/src/stf_conf.c"	""	""	"selected-mvdm-header; no external package edge"	"classify public compiler/API leaf or resolve spelling"	"mvdm selected union"	"internal-or-selected-input"
"host_cpu.h"	"1"	"1"	"softpc.new/host/src/stf_conf.c"	""	""	"selected-mvdm-header; no external package edge"	"classify public compiler/API leaf or resolve spelling"	"mvdm selected union"	"internal-or-selected-input"
"host_def.h"	"312"	"312"	"softpc.new/base/bios/bios.c;softpc.new/base/bios/bootstra.c;softpc.new/base/bios/build_id.c;softpc.new/base/bios/cmos_bis.c;softpc.new/base/bios/cntlbop.c;softpc.new/base/bios/emm_fncs.c;softpc.new/base/bios/equipmnt.c;softpc.new/base/bios/ill_bop.c;softpc.new/base/bios/mem_size.c;softpc.new/base/bios/reset.c;softpc.new/base/bios/rom_basc.c;softpc.new/base/bios/rtc_bios.c;softpc.new/base/bios/slave_bs.c;softpc.new/base/bios/tape_io.c;softpc.new/base/bios/virtual.c;softpc.new/base/ccpu386/aaa.c;softpc.new/base/ccpu386/aad.c;softpc.new/base/ccpu386/aam.c;softpc.new/base/ccpu386/aas.c;softpc.new/base/ccpu386/adc.c;softpc.new/base/ccpu386/add.c;softpc.new/base/ccpu386/and.c;softpc.new/base/ccpu386/arpl.c;softpc.new/base/ccpu386/bound.c;softpc.new/base/ccpu386/bsf.c;softpc.new/base/ccpu386/bsr.c;softpc.new/base/ccpu386/bswap.c;softpc.new/base/ccpu386/bt.c;softpc.new/base/ccpu386/btc.c;softpc.new/base/ccpu386/btr.c;softpc.new/base/ccpu386/bts.c;softpc.new/base/ccpu386/c_addr.c;softpc.new/base/ccpu386/c_bsic.c;softpc.new/base/ccpu386/c_debug.c;softpc.new/base/ccpu386/c_div64.c;softpc.new/base/ccpu386/c_getset.c;softpc.new/base/ccpu386/c_intr.c;softpc.new/base/ccpu386/c_main.c;softpc.new/base/ccpu386/c_mul64.c;softpc.new/base/ccpu386/c_neg64.c;softpc.new/base/ccpu386/c_page.c;softpc.new/base/ccpu386/c_prot.c;softpc.new/base/ccpu386/c_reg.c;softpc.new/base/ccpu386/c_seg.c;softpc.new/base/ccpu386/c_stack.c;softpc.new/base/ccpu386/c_tlb.c;softpc.new/base/ccpu386/c_tsksw.c;softpc.new/base/ccpu386/c_xcptn.c;softpc.new/base/ccpu386/c_xfer.c;softpc.new/base/ccpu386/c_xtrn.c;softpc.new/base/ccpu386/call.c;softpc.new/base/ccpu386/cbw.c;softpc.new/base/ccpu386/ccpupig.c;softpc.new/base/ccpu386/ccpusas4.c;softpc.new/base/ccpu386/cdq.c;softpc.new/base/ccpu386/clc.c;softpc.new/base/ccpu386/cld.c;softpc.new/base/ccpu386/cli.c;softpc.new/base/ccpu386/clts.c;softpc.new/base/ccpu386/cmc.c;softpc.new/base/ccpu386/cmp.c;softpc.new/base/ccpu386/cmpxchg.c;softpc.new/base/ccpu386/cwd.c;softpc.new/base/ccpu386/cwde.c;softpc.new/base/ccpu386/daa.c;softpc.new/base/ccpu386/das.c;softpc.new/base/ccpu386/dec.c;softpc.new/base/ccpu386/div.c;softpc.new/base/ccpu386/enter.c;softpc.new/base/ccpu386/fpu.c;softpc.new/base/ccpu386/idiv.c;softpc.new/base/ccpu386/imul.c;softpc.new/base/ccpu386/in.c;softpc.new/base/ccpu386/inc.c;softpc.new/base/ccpu386/into.c;softpc.new/base/ccpu386/intx.c;softpc.new/base/ccpu386/invd.c;softpc.new/base/ccpu386/invlpg.c;softpc.new/base/ccpu386/iret.c;softpc.new/base/ccpu386/jcxz.c;softpc.new/base/ccpu386/jmp.c;softpc.new/base/ccpu386/jxx.c;softpc.new/base/ccpu386/lahf.c;softpc.new/base/ccpu386/lar.c;softpc.new/base/ccpu386/lea.c;softpc.new/base/ccpu386/leave.c;softpc.new/base/ccpu386/lgdt.c;softpc.new/base/ccpu386/lidt.c;softpc.new/base/ccpu386/lldt.c;softpc.new/base/ccpu386/lmsw.c;softpc.new/base/ccpu386/localfm.c;softpc.new/base/ccpu386/loopxx.c;softpc.new/base/ccpu386/lsl.c;softpc.new/base/ccpu386/ltr.c;softpc.new/base/ccpu386/lxs.c;softpc.new/base/ccpu386/mov.c;softpc.new/base/ccpu386/movsx.c;softpc.new/base/ccpu386/mul.c;softpc.new/base/ccpu386/neg.c;softpc.new/base/ccpu386/nop.c;softpc.new/base/ccpu386/not.c;softpc.new/base/ccpu386/ntstubs.c;softpc.new/base/ccpu386/ntthread.c;softpc.new/base/ccpu386/or.c;softpc.new/base/ccpu386/out.c;softpc.new/base/ccpu386/pop.c;softpc.new/base/ccpu386/popa.c;softpc.new/base/ccpu386/popf.c;softpc.new/base/ccpu386/push.c;softpc.new/base/ccpu386/pusha.c;softpc.new/base/ccpu386/pushf.c;softpc.new/base/ccpu386/rcl.c;softpc.new/base/ccpu386/rcr.c;softpc.new/base/ccpu386/ret.c;softpc.new/base/ccpu386/rol.c;softpc.new/base/ccpu386/ror.c;softpc.new/base/ccpu386/rsrvd.c;softpc.new/base/ccpu386/sahf.c;softpc.new/base/ccpu386/sar.c;softpc.new/base/ccpu386/sascdef.c;softpc.new/base/ccpu386/sbb.c;softpc.new/base/ccpu386/setxx.c;softpc.new/base/ccpu386/sgdt.c;softpc.new/base/ccpu386/shl.c;softpc.new/base/ccpu386/shld.c;softpc.new/base/ccpu386/shr.c;softpc.new/base/ccpu386/shrd.c;softpc.new/base/ccpu386/sidt.c;softpc.new/base/ccpu386/sldt.c;softpc.new/base/ccpu386/smsw.c;softpc.new/base/ccpu386/stc.c;softpc.new/base/ccpu386/std.c;softpc.new/base/ccpu386/sti.c;softpc.new/base/ccpu386/str.c;softpc.new/base/ccpu386/stubs.c;softpc.new/base/ccpu386/sub.c;softpc.new/base/ccpu386/test.c;softpc.new/base/ccpu386/verr.c;softpc.new/base/ccpu386/verw.c;softpc.new/base/ccpu386/vglob.c;softpc.new/base/ccpu386/wait.c;softpc.new/base/ccpu386/wbinvd.c;softpc.new/base/ccpu386/xadd.c;softpc.new/base/ccpu386/xchg.c;softpc.new/base/ccpu386/xlat.c;softpc.new/base/ccpu386/xor.c;softpc.new/base/ccpu386/zfrsrvd.c;softpc.new/base/comms/com.c;softpc.new/base/comms/printer_.c;softpc.new/base/comms/printer.c;softpc.new/base/comms/rs232_io.c;softpc.new/base/cpu/src/evid/ev_glue.c;softpc.new/base/cpu/src/evid/ev_stubs.c;softpc.new/base/cpu/src/evid/vglob.c;softpc.new/base/cvidc/accessfn.c;softpc.new/base/cvidc/ev_glue.c;softpc.new/base/cvidc/ev_stubs.c;softpc.new/base/cvidc/evidfunc.c;softpc.new/base/cvidc/j_c_lang.c;softpc.new/base/cvidc/sascdef.c;softpc.new/base/cvidc/sevid000.c;softpc.new/base/cvidc/sevid001.c;softpc.new/base/cvidc/sevid002.c;softpc.new/base/cvidc/sevid003.c;softpc.new/base/cvidc/sevid004.c;softpc.new/base/cvidc/sevid005.c;softpc.new/base/cvidc/sevid006.c;softpc.new/base/cvidc/sevid007.c;softpc.new/base/cvidc/sevid008.c;softpc.new/base/cvidc/sevid009.c;softpc.new/base/cvidc/sevid010.c;softpc.new/base/cvidc/sevid011.c;softpc.new/base/cvidc/sevid012.c;softpc.new/base/cvidc/sevid013.c;softpc.new/base/cvidc/sevid014.c;softpc.new/base/cvidc/sevid015.c;softpc.new/base/cvidc/sevid016.c;softpc.new/base/cvidc/sevid017.c;softpc.new/base/cvidc/sevid018.c;softpc.new/base/cvidc/sevid019.c;softpc.new/base/cvidc/sevid020.c;softpc.new/base/cvidc/sevid021.c;softpc.new/base/cvidc/sevid022.c;softpc.new/base/cvidc/sevid023.c;softpc.new/base/cvidc/sevid024.c;softpc.new/base/cvidc/sevid025.c;softpc.new/base/cvidc/sevid026.c;softpc.new/base/cvidc/sevid027.c;softpc.new/base/cvidc/sevid028.c;softpc.new/base/cvidc/sevid029.c;softpc.new/base/cvidc/sevid030.c;softpc.new/base/cvidc/sinit011.c;softpc.new/base/cvidc/sinit012.c;softpc.new/base/cvidc/sinit013.c;softpc.new/base/cvidc/vglfunc.c;softpc.new/base/dasm386/dasm386.c;softpc.new/base/dasm386/decode.c;softpc.new/base/debug/btrace.c;softpc.new/base/debug/dasm.c;softpc.new/base/debug/debuggng.c;softpc.new/base/debug/ega_dump.c;softpc.new/base/debug/pigyoda.c;softpc.new/base/debug/profile.c;softpc.new/base/debug/trace.c;softpc.new/base/debug/yoda.c;softpc.new/base/disks/diskbios.c;softpc.new/base/disks/fdisk.c;softpc.new/base/disks/fla.c;softpc.new/base/disks/floppy_i.c;softpc.new/base/disks/floppy.c;softpc.new/base/disks/gfi_ibm.c;softpc.new/base/disks/gfi_mpty.c;softpc.new/base/disks/gfi_sflp.c;softpc.new/base/disks/gfi_test.c;softpc.new/base/disks/gfi.c;softpc.new/base/dos/emm_mngr.c;softpc.new/base/keymouse/keyba.c;softpc.new/base/keymouse/keybd_io.c;softpc.new/base/keymouse/mouse_io.c;softpc.new/base/keymouse/mouse.c;softpc.new/base/keymouse/ppi.c;softpc.new/base/support/get_env.c;softpc.new/base/support/ios.c;softpc.new/base/support/main.c;softpc.new/base/support/terminat.c;softpc.new/base/support/time_day.c;softpc.new/base/support/xt.c;softpc.new/base/system/at_dma.c;softpc.new/base/system/cmos.c;softpc.new/base/system/cmosnt.c;softpc.new/base/system/dummy_nt.c;softpc.new/base/system/ica.c;softpc.new/base/system/idetect.c;softpc.new/base/system/illegalp.c;softpc.new/base/system/qevnt.c;softpc.new/base/system/quick_ev.c;softpc.new/base/system/rom.c;softpc.new/base/system/timer.c;softpc.new/base/system/timestrb.c;softpc.new/base/system/unexp_nt.c;softpc.new/base/video/cga.c;softpc.new/base/video/ega_dmmy.c;softpc.new/base/video/ega_mode.c;softpc.new/base/video/ega_prts.c;softpc.new/base/video/ega_read.c;softpc.new/base/video/ega_trcr.c;softpc.new/base/video/ega_vide.c;softpc.new/base/video/ega_writ.c;softpc.new/base/video/egawrtm0.c;softpc.new/base/video/egwrtm12.c;softpc.new/base/video/ga_glue.c;softpc.new/base/video/gfx_updt.c;softpc.new/base/video/gvi.c;softpc.new/base/video/v7_ports.c;softpc.new/base/video/v7_video.c;softpc.new/base/video/vga_mode.c;softpc.new/base/video/vga_prts.c;softpc.new/base/video/vga_vide.c;softpc.new/base/video/video_io.c;softpc.new/base/video/video.c;softpc.new/dat2obj/dat2obj.c;softpc.new/host/src/config.c;softpc.new/host/src/copy_fnc.c;softpc.new/host/src/cpucstbs.c;softpc.new/host/src/nt_aorc.c;softpc.new/host/src/nt_bop.c;softpc.new/host/src/nt_cga.c;softpc.new/host/src/nt_com.c;softpc.new/host/src/nt_cprgs.c;softpc.new/host/src/nt_cpu.c;softpc.new/host/src/nt_det.c;softpc.new/host/src/nt_ega.c;softpc.new/host/src/nt_emm.c;softpc.new/host/src/nt_eoi.c;softpc.new/host/src/nt_error.c;softpc.new/host/src/nt_ertbl.c;softpc.new/host/src/nt_event.c;softpc.new/host/src/nt_fdisk.c;softpc.new/host/src/nt_fulsc.c;softpc.new/host/src/nt_graph.c;softpc.new/host/src/nt_hfx.c;softpc.new/host/src/nt_hosts.c;softpc.new/host/src/nt_hunt.c;softpc.new/host/src/nt_input.c;softpc.new/host/src/nt_inthk.c;softpc.new/host/src/nt_lpt.c;softpc.new/host/src/nt_mem.c;softpc.new/host/src/nt_mess.c;softpc.new/host/src/nt_mouse.c;softpc.new/host/src/nt_msscs.c;softpc.new/host/src/nt_munge.c;softpc.new/host/src/nt_nls.c;softpc.new/host/src/nt_pif.c;softpc.new/host/src/nt_reset.c;softpc.new/host/src/nt_rez.c;softpc.new/host/src/nt_rflop.c;softpc.new/host/src/nt_sas.c;softpc.new/host/src/nt_sec.c;softpc.new/host/src/nt_sound.c;softpc.new/host/src/nt_term.c;softpc.new/host/src/nt_timer.c;softpc.new/host/src/nt_umb.c;softpc.new/host/src/nt_unix.c;softpc.new/host/src/nt_vdd.c;softpc.new/host/src/nt_vga.c;softpc.new/host/src/nt_wcom.c;softpc.new/host/src/nt_yoda.c;softpc.new/host/src/sim32.c;softpc.new/host/src/stubs.c;softpc.new/host/src/x86_emm.c;softpc.new/obj.vdm/c_regs.c;softpc.new/obj.vdm/ntvdm.c"	""	""	"selected-mvdm-header; no external package edge"	"classify public compiler/API leaf or resolve spelling"	"mvdm selected union"	"internal-or-selected-input"
"host_dfs.h"	"2"	"2"	"softpc.new/host/src/nt_vflop.c;softpc.new/host/src/stf_conf.c"	""	""	"selected MVDM local generated/header input; source-layout reconciliation, no non-MVDM package edge"	"classify public compiler/API leaf or resolve spelling"	"mvdm selected union"	"internal-or-selected-input"
"host_emm.h"	"4"	"4"	"softpc.new/base/dos/emm_mngr.c;softpc.new/host/src/nt_emm.c;softpc.new/host/src/nt_msscs.c;softpc.new/host/src/x86_emm.c"	""	""	"selected-mvdm-header; no external package edge"	"classify public compiler/API leaf or resolve spelling"	"mvdm selected union"	"internal-or-selected-input"
"host_gfx.h"	"13"	"13"	"softpc.new/base/debug/yoda.c;softpc.new/base/keymouse/mouse_io.c;softpc.new/base/system/timestrb.c;softpc.new/base/video/cga.c;softpc.new/base/video/ega_mode.c;softpc.new/base/video/ega_prts.c;softpc.new/base/video/ega_vide.c;softpc.new/base/video/gfx_updt.c;softpc.new/base/video/gvi.c;softpc.new/base/video/vga_mode.c;softpc.new/base/video/vga_prts.c;softpc.new/base/video/vga_vide.c;softpc.new/base/video/video.c"	""	""	"selected-mvdm-header; no external package edge"	"classify public compiler/API leaf or resolve spelling"	"mvdm selected union"	"internal-or-selected-input"
"host_hfx.h"	"8"	"7"	"softpc.new/base/bios/bios.c;softpc.new/base/debug/yoda.c;softpc.new/base/system/qevnt.c;softpc.new/base/system/quick_ev.c;softpc.new/host/src/nt_event.c;softpc.new/host/src/nt_hfx.c;softpc.new/host/src/nt_input.c"	""	""	"selected-mvdm-header; no external package edge"	"classify public compiler/API leaf or resolve spelling"	"mvdm selected union"	"internal-or-selected-input"
"host_inc.h"	"5"	"5"	"softpc.new/base/ccpu386/localfm.c;softpc.new/base/ccpu386/sascdef.c;softpc.new/base/cvidc/accessfn.c;softpc.new/base/cvidc/sascdef.c;softpc.new/base/support/get_env.c"	""	""	"selected-mvdm-header; no external package edge"	"classify public compiler/API leaf or resolve spelling"	"mvdm selected union"	"internal-or-selected-input"
"host_lic.h"	"2"	"2"	"softpc.new/base/bios/reset.c;softpc.new/base/support/terminat.c"	""	""	"selected MVDM local generated/header input; source-layout reconciliation, no non-MVDM package edge"	"classify public compiler/API leaf or resolve spelling"	"mvdm selected union"	"internal-or-selected-input"
"host_lpt.h"	"6"	"6"	"softpc.new/base/bios/reset.c;softpc.new/base/comms/printer_.c;softpc.new/base/comms/printer.c;softpc.new/base/support/terminat.c;softpc.new/host/src/nt_lpt.c;softpc.new/host/src/stf_conf.c"	""	""	"selected-mvdm-header; no external package edge"	"classify public compiler/API leaf or resolve spelling"	"mvdm selected union"	"internal-or-selected-input"
"host_nls.h"	"6"	"6"	"softpc.new/host/src/nt_error.c;softpc.new/host/src/nt_event.c;softpc.new/host/src/nt_input.c;softpc.new/host/src/nt_mouse.c;softpc.new/host/src/nt_nls.c;softpc.new/obj.vdm/ntvdm.c"	""	""	"selected-mvdm-header; no external package edge"	"classify public compiler/API leaf or resolve spelling"	"mvdm selected union"	"internal-or-selected-input"
"host_qev.h"	"1"	"1"	"softpc.new/base/system/timestrb.c"	""	""	"selected-mvdm-header; no external package edge"	"classify public compiler/API leaf or resolve spelling"	"mvdm selected union"	"internal-or-selected-input"
"host_rrr.h"	"20"	"20"	"softpc.new/host/src/config.c;softpc.new/host/src/nt_cga.c;softpc.new/host/src/nt_com.c;softpc.new/host/src/nt_det.c;softpc.new/host/src/nt_ega.c;softpc.new/host/src/nt_eoi.c;softpc.new/host/src/nt_error.c;softpc.new/host/src/nt_event.c;softpc.new/host/src/nt_fulsc.c;softpc.new/host/src/nt_graph.c;softpc.new/host/src/nt_hosts.c;softpc.new/host/src/nt_lpt.c;softpc.new/host/src/nt_mouse.c;softpc.new/host/src/nt_nls.c;softpc.new/host/src/nt_sec.c;softpc.new/host/src/nt_timer.c;softpc.new/host/src/nt_vga.c;softpc.new/host/src/nt_wcom.c;softpc.new/host/src/x86_emm.c;softpc.new/obj.vdm/ntvdm.c"	""	""	"selected-mvdm-header; no external package edge"	"classify public compiler/API leaf or resolve spelling"	"mvdm selected union"	"internal-or-selected-input"
"host_trc.h"	"4"	"4"	"softpc.new/host/src/nt_com.c;softpc.new/host/src/nt_ntfun.c;softpc.new/host/src/nt_timer.c;softpc.new/host/src/nt_wcom.c"	""	""	"selected-mvdm-header; no external package edge"	"classify public compiler/API leaf or resolve spelling"	"mvdm selected union"	"internal-or-selected-input"
"host.h"	"19"	"19"	"softpc.new/base/bios/bios.c;softpc.new/base/bios/cntlbop.c;softpc.new/base/bios/rom_basc.c;softpc.new/base/bios/rtc_bios.c;softpc.new/base/disks/gfi_ibm.c;softpc.new/base/disks/gfi_sflp.c;softpc.new/base/support/main.c;softpc.new/base/support/time_day.c;softpc.new/base/system/ica.c;softpc.new/base/system/timer.c;softpc.new/base/video/cga.c;softpc.new/base/video/ega_vide.c;softpc.new/base/video/egawrtm0.c;softpc.new/base/video/vga_vide.c;softpc.new/base/video/video.c;softpc.new/host/src/nt_event.c;softpc.new/host/src/nt_graph.c;softpc.new/host/src/nt_input.c;softpc.new/host/src/nt_reset.c"	""	""	"selected-mvdm-header; no external package edge"	"classify public compiler/API leaf or resolve spelling"	"mvdm selected union"	"internal-or-selected-input"
"hostsync.h"	"1"	"1"	"softpc.new/host/src/nt_lpt.c"	""	""	"selected-mvdm-header; no external package edge"	"classify public compiler/API leaf or resolve spelling"	"mvdm selected union"	"internal-or-selected-input"
"hunter.h"	"5"	"5"	"softpc.new/base/bios/reset.c;softpc.new/base/system/timer.c;softpc.new/base/system/timestrb.c;softpc.new/host/src/nt_hunt.c;softpc.new/host/src/nt_yoda.c"	""	""	"selected-mvdm-header; no external package edge"	"classify public compiler/API leaf or resolve spelling"	"mvdm selected union"	"internal-or-selected-input"
"hwvga.h"	"5"	"5"	"softpc.new/base/bios/reset.c;softpc.new/base/keymouse/mouse_io.c;softpc.new/base/support/terminat.c;softpc.new/base/video/ega_vide.c;softpc.new/base/video/vga_mode.c"	""	""	"selected-mvdm-header; no external package edge"	"classify public compiler/API leaf or resolve spelling"	"mvdm selected union"	"internal-or-selected-input"
"hwvgaio.h"	"1"	"1"	"softpc.new/base/video/vga_prts.c"	""	""	"selected MVDM local generated/header input; source-layout reconciliation, no non-MVDM package edge"	"classify public compiler/API leaf or resolve spelling"	"mvdm selected union"	"internal-or-selected-input"
"ica.h"	"36"	"36"	"softpc.new/base/bios/reset.c;softpc.new/base/bios/tape_io.c;softpc.new/base/ccpu386/zfrsrvd.c;softpc.new/base/comms/com.c;softpc.new/base/comms/printer.c;softpc.new/base/disks/diskbios.c;softpc.new/base/disks/fdisk.c;softpc.new/base/disks/fla.c;softpc.new/base/disks/floppy_i.c;softpc.new/base/keymouse/keyba.c;softpc.new/base/keymouse/keybd_io.c;softpc.new/base/keymouse/mouse_io.c;softpc.new/base/keymouse/mouse.c;softpc.new/base/support/time_day.c;softpc.new/base/system/cmos.c;softpc.new/base/system/cmosnt.c;softpc.new/base/system/ica.c;softpc.new/base/system/qevnt.c;softpc.new/base/system/quick_ev.c;softpc.new/base/system/timer.c;softpc.new/base/system/unexp_nt.c;softpc.new/base/video/ega_prts.c;softpc.new/base/video/vga_prts.c;softpc.new/host/src/cpucstbs.c;softpc.new/host/src/nt_com.c;softpc.new/host/src/nt_eoi.c;softpc.new/host/src/nt_event.c;softpc.new/host/src/nt_fulsc.c;softpc.new/host/src/nt_graph.c;softpc.new/host/src/nt_input.c;softpc.new/host/src/nt_mouse.c;softpc.new/host/src/nt_timer.c;vdmredir/vrdlcpst.c;vdmredir/vrinit.c;vdmredir/vrnetb.c;vdmredir/vrnmpipe.c"	""	""	"selected-mvdm-header; no external package edge"	"classify public compiler/API leaf or resolve spelling"	"mvdm selected union"	"internal-or-selected-input"
"idetect.h"	"24"	"24"	"softpc.new/base/comms/com.c;softpc.new/base/comms/printer_.c;softpc.new/base/comms/rs232_io.c;softpc.new/base/debug/yoda.c;softpc.new/base/disks/diskbios.c;softpc.new/base/keymouse/keyba.c;softpc.new/base/keymouse/keybd_io.c;softpc.new/base/system/idetect.c;softpc.new/base/system/timer.c;softpc.new/base/video/ega_vide.c;softpc.new/base/video/video_io.c;softpc.new/host/src/nt_bop.c;softpc.new/host/src/nt_com.c;softpc.new/host/src/nt_det.c;softpc.new/host/src/nt_event.c;softpc.new/host/src/nt_fulsc.c;softpc.new/host/src/nt_graph.c;softpc.new/host/src/nt_lpt.c;softpc.new/host/src/nt_mouse.c;softpc.new/host/src/nt_reset.c;softpc.new/host/src/nt_timer.c;softpc.new/host/src/nt_unix.c;softpc.new/host/src/nt_wcom.c;vdmredir/vrnmpipe.c"	""	""	"selected-mvdm-header; no external package edge"	"classify public compiler/API leaf or resolve spelling"	"mvdm selected union"	"internal-or-selected-input"
"idiv.h"	"2"	"2"	"softpc.new/base/ccpu386/c_main.c;softpc.new/base/ccpu386/idiv.c"	""	""	"selected-mvdm-header; no external package edge"	"classify public compiler/API leaf or resolve spelling"	"mvdm selected union"	"internal-or-selected-input"
"ieuvddex.h"	"14"	"14"	"ieuvddex/alpha/helpp.c;ieuvddex/data.c;ieuvddex/help.c;ieuvddex/i386/helpp.c;ieuvddex/i386/profile.c;ieuvddex/i386/reflect.c;ieuvddex/i386/regs.c;ieuvddex/i386/vdmtib.c;ieuvddex/mips/helpp.c;ieuvddex/pmode.c;ieuvddex/ppc/helpp.c;ieuvddex/procdep.c;ieuvddex/system.c;ieuvddex/trace.c"	""	""	"selected-mvdm-header; no external package edge"	"classify public compiler/API leaf or resolve spelling"	"mvdm selected union"	"internal-or-selected-input"
"imul.h"	"2"	"2"	"softpc.new/base/ccpu386/c_main.c;softpc.new/base/ccpu386/imul.c"	""	""	"selected-mvdm-header; no external package edge"	"classify public compiler/API leaf or resolve spelling"	"mvdm selected union"	"internal-or-selected-input"
"in.h"	"2"	"2"	"softpc.new/base/ccpu386/c_main.c;softpc.new/base/ccpu386/in.c"	"public/internal/net/inc/sockets/netinet/in.h"	"public/internal/net"	"selected-mvdm-header; no external package edge"	"expand owning package/build boundary"	"mvdm selected union"	"internal-or-selected-input"
"inc.h"	"2"	"2"	"softpc.new/base/ccpu386/c_main.c;softpc.new/base/ccpu386/inc.c"	""	""	"selected-mvdm-header; no external package edge"	"classify public compiler/API leaf or resolve spelling"	"mvdm selected union"	"internal-or-selected-input"
"insignia.h"	"319"	"319"	"softpc.new/base/bios/bios.c;softpc.new/base/bios/bootstra.c;softpc.new/base/bios/build_id.c;softpc.new/base/bios/cmos_bis.c;softpc.new/base/bios/cntlbop.c;softpc.new/base/bios/emm_fncs.c;softpc.new/base/bios/equipmnt.c;softpc.new/base/bios/ill_bop.c;softpc.new/base/bios/mem_size.c;softpc.new/base/bios/reset.c;softpc.new/base/bios/rom_basc.c;softpc.new/base/bios/rtc_bios.c;softpc.new/base/bios/slave_bs.c;softpc.new/base/bios/tape_io.c;softpc.new/base/bios/virtual.c;softpc.new/base/ccpu386/aaa.c;softpc.new/base/ccpu386/aad.c;softpc.new/base/ccpu386/aam.c;softpc.new/base/ccpu386/aas.c;softpc.new/base/ccpu386/adc.c;softpc.new/base/ccpu386/add.c;softpc.new/base/ccpu386/and.c;softpc.new/base/ccpu386/arpl.c;softpc.new/base/ccpu386/bound.c;softpc.new/base/ccpu386/bsf.c;softpc.new/base/ccpu386/bsr.c;softpc.new/base/ccpu386/bswap.c;softpc.new/base/ccpu386/bt.c;softpc.new/base/ccpu386/btc.c;softpc.new/base/ccpu386/btr.c;softpc.new/base/ccpu386/bts.c;softpc.new/base/ccpu386/c_addr.c;softpc.new/base/ccpu386/c_bsic.c;softpc.new/base/ccpu386/c_debug.c;softpc.new/base/ccpu386/c_div64.c;softpc.new/base/ccpu386/c_getset.c;softpc.new/base/ccpu386/c_intr.c;softpc.new/base/ccpu386/c_main.c;softpc.new/base/ccpu386/c_mul64.c;softpc.new/base/ccpu386/c_neg64.c;softpc.new/base/ccpu386/c_page.c;softpc.new/base/ccpu386/c_prot.c;softpc.new/base/ccpu386/c_reg.c;softpc.new/base/ccpu386/c_seg.c;softpc.new/base/ccpu386/c_stack.c;softpc.new/base/ccpu386/c_tlb.c;softpc.new/base/ccpu386/c_tsksw.c;softpc.new/base/ccpu386/c_xcptn.c;softpc.new/base/ccpu386/c_xfer.c;softpc.new/base/ccpu386/c_xtrn.c;softpc.new/base/ccpu386/call.c;softpc.new/base/ccpu386/cbw.c;softpc.new/base/ccpu386/ccpupig.c;softpc.new/base/ccpu386/ccpusas4.c;softpc.new/base/ccpu386/cdq.c;softpc.new/base/ccpu386/clc.c;softpc.new/base/ccpu386/cld.c;softpc.new/base/ccpu386/cli.c;softpc.new/base/ccpu386/clts.c;softpc.new/base/ccpu386/cmc.c;softpc.new/base/ccpu386/cmp.c;softpc.new/base/ccpu386/cmpxchg.c;softpc.new/base/ccpu386/cwd.c;softpc.new/base/ccpu386/cwde.c;softpc.new/base/ccpu386/daa.c;softpc.new/base/ccpu386/das.c;softpc.new/base/ccpu386/dec.c;softpc.new/base/ccpu386/div.c;softpc.new/base/ccpu386/enter.c;softpc.new/base/ccpu386/fpu.c;softpc.new/base/ccpu386/idiv.c;softpc.new/base/ccpu386/imul.c;softpc.new/base/ccpu386/in.c;softpc.new/base/ccpu386/inc.c;softpc.new/base/ccpu386/into.c;softpc.new/base/ccpu386/intx.c;softpc.new/base/ccpu386/invd.c;softpc.new/base/ccpu386/invlpg.c;softpc.new/base/ccpu386/iret.c;softpc.new/base/ccpu386/jcxz.c;softpc.new/base/ccpu386/jmp.c;softpc.new/base/ccpu386/jxx.c;softpc.new/base/ccpu386/lahf.c;softpc.new/base/ccpu386/lar.c;softpc.new/base/ccpu386/lea.c;softpc.new/base/ccpu386/leave.c;softpc.new/base/ccpu386/lgdt.c;softpc.new/base/ccpu386/lidt.c;softpc.new/base/ccpu386/lldt.c;softpc.new/base/ccpu386/lmsw.c;softpc.new/base/ccpu386/localfm.c;softpc.new/base/ccpu386/loopxx.c;softpc.new/base/ccpu386/lsl.c;softpc.new/base/ccpu386/ltr.c;softpc.new/base/ccpu386/lxs.c;softpc.new/base/ccpu386/mov.c;softpc.new/base/ccpu386/movsx.c;softpc.new/base/ccpu386/mul.c;softpc.new/base/ccpu386/neg.c;softpc.new/base/ccpu386/nop.c;softpc.new/base/ccpu386/not.c;softpc.new/base/ccpu386/ntstubs.c;softpc.new/base/ccpu386/ntthread.c;softpc.new/base/ccpu386/or.c;softpc.new/base/ccpu386/out.c;softpc.new/base/ccpu386/pop.c;softpc.new/base/ccpu386/popa.c;softpc.new/base/ccpu386/popf.c;softpc.new/base/ccpu386/push.c;softpc.new/base/ccpu386/pusha.c;softpc.new/base/ccpu386/pushf.c;softpc.new/base/ccpu386/rcl.c;softpc.new/base/ccpu386/rcr.c;softpc.new/base/ccpu386/ret.c;softpc.new/base/ccpu386/rol.c;softpc.new/base/ccpu386/ror.c;softpc.new/base/ccpu386/rsrvd.c;softpc.new/base/ccpu386/sahf.c;softpc.new/base/ccpu386/sar.c;softpc.new/base/ccpu386/sascdef.c;softpc.new/base/ccpu386/sbb.c;softpc.new/base/ccpu386/setxx.c;softpc.new/base/ccpu386/sgdt.c;softpc.new/base/ccpu386/shl.c;softpc.new/base/ccpu386/shld.c;softpc.new/base/ccpu386/shr.c;softpc.new/base/ccpu386/shrd.c;softpc.new/base/ccpu386/sidt.c;softpc.new/base/ccpu386/sldt.c;softpc.new/base/ccpu386/smsw.c;softpc.new/base/ccpu386/stc.c;softpc.new/base/ccpu386/std.c;softpc.new/base/ccpu386/sti.c;softpc.new/base/ccpu386/str.c;softpc.new/base/ccpu386/stubs.c;softpc.new/base/ccpu386/sub.c;softpc.new/base/ccpu386/test.c;softpc.new/base/ccpu386/verr.c;softpc.new/base/ccpu386/verw.c;softpc.new/base/ccpu386/vglob.c;softpc.new/base/ccpu386/wait.c;softpc.new/base/ccpu386/wbinvd.c;softpc.new/base/ccpu386/xadd.c;softpc.new/base/ccpu386/xchg.c;softpc.new/base/ccpu386/xlat.c;softpc.new/base/ccpu386/xor.c;softpc.new/base/ccpu386/zfrsrvd.c;softpc.new/base/comms/com.c;softpc.new/base/comms/printer_.c;softpc.new/base/comms/printer.c;softpc.new/base/comms/rs232_io.c;softpc.new/base/cpu/src/evid/ev_glue.c;softpc.new/base/cpu/src/evid/ev_stubs.c;softpc.new/base/cpu/src/evid/vglob.c;softpc.new/base/cvidc/accessfn.c;softpc.new/base/cvidc/ev_glue.c;softpc.new/base/cvidc/ev_stubs.c;softpc.new/base/cvidc/evidfunc.c;softpc.new/base/cvidc/j_c_lang.c;softpc.new/base/cvidc/sascdef.c;softpc.new/base/cvidc/sevid000.c;softpc.new/base/cvidc/sevid001.c;softpc.new/base/cvidc/sevid002.c;softpc.new/base/cvidc/sevid003.c;softpc.new/base/cvidc/sevid004.c;softpc.new/base/cvidc/sevid005.c;softpc.new/base/cvidc/sevid006.c;softpc.new/base/cvidc/sevid007.c;softpc.new/base/cvidc/sevid008.c;softpc.new/base/cvidc/sevid009.c;softpc.new/base/cvidc/sevid010.c;softpc.new/base/cvidc/sevid011.c;softpc.new/base/cvidc/sevid012.c;softpc.new/base/cvidc/sevid013.c;softpc.new/base/cvidc/sevid014.c;softpc.new/base/cvidc/sevid015.c;softpc.new/base/cvidc/sevid016.c;softpc.new/base/cvidc/sevid017.c;softpc.new/base/cvidc/sevid018.c;softpc.new/base/cvidc/sevid019.c;softpc.new/base/cvidc/sevid020.c;softpc.new/base/cvidc/sevid021.c;softpc.new/base/cvidc/sevid022.c;softpc.new/base/cvidc/sevid023.c;softpc.new/base/cvidc/sevid024.c;softpc.new/base/cvidc/sevid025.c;softpc.new/base/cvidc/sevid026.c;softpc.new/base/cvidc/sevid027.c;softpc.new/base/cvidc/sevid028.c;softpc.new/base/cvidc/sevid029.c;softpc.new/base/cvidc/sevid030.c;softpc.new/base/cvidc/sinit011.c;softpc.new/base/cvidc/sinit012.c;softpc.new/base/cvidc/sinit013.c;softpc.new/base/cvidc/vglfunc.c;softpc.new/base/dasm386/dasm386.c;softpc.new/base/dasm386/decode.c;softpc.new/base/debug/btrace.c;softpc.new/base/debug/dasm.c;softpc.new/base/debug/debuggng.c;softpc.new/base/debug/ega_dump.c;softpc.new/base/debug/pigyoda.c;softpc.new/base/debug/profile.c;softpc.new/base/debug/trace.c;softpc.new/base/debug/yoda.c;softpc.new/base/disks/diskbios.c;softpc.new/base/disks/fdisk.c;softpc.new/base/disks/fla.c;softpc.new/base/disks/floppy_i.c;softpc.new/base/disks/floppy.c;softpc.new/base/disks/gfi_ibm.c;softpc.new/base/disks/gfi_mpty.c;softpc.new/base/disks/gfi_sflp.c;softpc.new/base/disks/gfi_test.c;softpc.new/base/disks/gfi.c;softpc.new/base/dos/emm_mngr.c;softpc.new/base/keymouse/keyba.c;softpc.new/base/keymouse/keybd_io.c;softpc.new/base/keymouse/mouse_io.c;softpc.new/base/keymouse/mouse.c;softpc.new/base/keymouse/ppi.c;softpc.new/base/support/get_env.c;softpc.new/base/support/ios.c;softpc.new/base/support/main.c;softpc.new/base/support/terminat.c;softpc.new/base/support/time_day.c;softpc.new/base/support/xt.c;softpc.new/base/system/at_dma.c;softpc.new/base/system/cmos.c;softpc.new/base/system/cmosnt.c;softpc.new/base/system/dummy_nt.c;softpc.new/base/system/ica.c;softpc.new/base/system/idetect.c;softpc.new/base/system/illegalp.c;softpc.new/base/system/qevnt.c;softpc.new/base/system/quick_ev.c;softpc.new/base/system/rom.c;softpc.new/base/system/timer.c;softpc.new/base/system/timestrb.c;softpc.new/base/system/unexp_nt.c;softpc.new/base/video/cga.c;softpc.new/base/video/ega_dmmy.c;softpc.new/base/video/ega_mode.c;softpc.new/base/video/ega_prts.c;softpc.new/base/video/ega_read.c;softpc.new/base/video/ega_trcr.c;softpc.new/base/video/ega_vide.c;softpc.new/base/video/ega_writ.c;softpc.new/base/video/egawrtm0.c;softpc.new/base/video/egwrtm12.c;softpc.new/base/video/ga_glue.c;softpc.new/base/video/gfx_updt.c;softpc.new/base/video/gvi.c;softpc.new/base/video/v7_ports.c;softpc.new/base/video/v7_video.c;softpc.new/base/video/vga_mode.c;softpc.new/base/video/vga_prts.c;softpc.new/base/video/vga_vide.c;softpc.new/base/video/video_io.c;softpc.new/base/video/video.c;softpc.new/dat2obj/dat2obj.c;softpc.new/host/src/config.c;softpc.new/host/src/copy_fnc.c;softpc.new/host/src/cpucstbs.c;softpc.new/host/src/fprt.c;softpc.new/host/src/nt_aorc.c;softpc.new/host/src/nt_bop.c;softpc.new/host/src/nt_cga.c;softpc.new/host/src/nt_com.c;softpc.new/host/src/nt_cprgs.c;softpc.new/host/src/nt_cpu.c;softpc.new/host/src/nt_det.c;softpc.new/host/src/nt_ega.c;softpc.new/host/src/nt_emm.c;softpc.new/host/src/nt_eoi.c;softpc.new/host/src/nt_error.c;softpc.new/host/src/nt_ertbl.c;softpc.new/host/src/nt_event.c;softpc.new/host/src/nt_fdisk.c;softpc.new/host/src/nt_fulsc.c;softpc.new/host/src/nt_graph.c;softpc.new/host/src/nt_hfx.c;softpc.new/host/src/nt_hosts.c;softpc.new/host/src/nt_hunt.c;softpc.new/host/src/nt_input.c;softpc.new/host/src/nt_inthk.c;softpc.new/host/src/nt_lpt.c;softpc.new/host/src/nt_mem.c;softpc.new/host/src/nt_mouse.c;softpc.new/host/src/nt_msscs.c;softpc.new/host/src/nt_munge.c;softpc.new/host/src/nt_nls.c;softpc.new/host/src/nt_ntfun.c;softpc.new/host/src/nt_pif.c;softpc.new/host/src/nt_reset.c;softpc.new/host/src/nt_rez.c;softpc.new/host/src/nt_rflop.c;softpc.new/host/src/nt_sas.c;softpc.new/host/src/nt_sec.c;softpc.new/host/src/nt_smenu.c;softpc.new/host/src/nt_sound.c;softpc.new/host/src/nt_term.c;softpc.new/host/src/nt_timer.c;softpc.new/host/src/nt_umb.c;softpc.new/host/src/nt_unix.c;softpc.new/host/src/nt_vdd.c;softpc.new/host/src/nt_vga.c;softpc.new/host/src/nt_wcom.c;softpc.new/host/src/nt_yoda.c;softpc.new/host/src/sim32.c;softpc.new/host/src/stf_conf.c;softpc.new/host/src/stubs.c;softpc.new/host/src/x86_emm.c;softpc.new/obj.vdm/c_regs.c;softpc.new/obj.vdm/ntvdm.c;vdmredir/vrdlcpst.c;vdmredir/vrinit.c;vdmredir/vrnetb.c;vdmredir/vrnmpipe.c"	""	""	"selected-mvdm-header; no external package edge"	"classify public compiler/API leaf or resolve spelling"	"mvdm selected union"	"internal-or-selected-input"
"intapi.h"	"1"	"1"	"dpmi32/dpmiint.c"	""	""	"selected-MVDM/platform declaration or firmware input; no non-MVDM package edge"	"classify public compiler/API leaf or resolve spelling"	"mvdm selected union"	"internal-or-selected-input"
"into.h"	"2"	"2"	"softpc.new/base/ccpu386/c_main.c;softpc.new/base/ccpu386/into.c"	""	""	"selected-mvdm-header; no external package edge"	"classify public compiler/API leaf or resolve spelling"	"mvdm selected union"	"internal-or-selected-input"
"intx.h"	"2"	"2"	"softpc.new/base/ccpu386/c_main.c;softpc.new/base/ccpu386/intx.c"	""	""	"selected-mvdm-header; no external package edge"	"classify public compiler/API leaf or resolve spelling"	"mvdm selected union"	"internal-or-selected-input"
"invd.h"	"2"	"2"	"softpc.new/base/ccpu386/c_main.c;softpc.new/base/ccpu386/invd.c"	""	""	"selected-mvdm-header; no external package edge"	"classify public compiler/API leaf or resolve spelling"	"mvdm selected union"	"internal-or-selected-input"
"invlpg.h"	"2"	"2"	"softpc.new/base/ccpu386/c_main.c;softpc.new/base/ccpu386/invlpg.c"	""	""	"selected-mvdm-header; no external package edge"	"classify public compiler/API leaf or resolve spelling"	"mvdm selected union"	"internal-or-selected-input"
"io.h"	"7"	"7"	"dos/dem/dem.c;dos/dem/demdasd.c;dos/dem/demhndl.c;softpc.new/host/src/nt_msscs.c;softpc.new/host/src/nt_rez.c;softpc.new/host/src/nt_unix.c;softpc.new/host/src/nt_vflop.c"	"base/crts/crtw32/h/io.h;base/crts/libw32/include/io.h;base/ntos/inc/io.h;public/sdk/inc/crt/io.h;sdktools/jetadmin/inc/io.h"	"base/crts/crtw32;base/crts/libw32;base/ntos/inc;public/sdk/inc;sdktools/jetadmin/inc"	"external-declaration carrier; map to parent source/API at stage two"	"expand owning package/build boundary"	"MSVC CRT / public C runtime"	"modern-public-leaf"
"ios.h"	"56"	"56"	"softpc.new/base/bios/cmos_bis.c;softpc.new/base/bios/reset.c;softpc.new/base/bios/rtc_bios.c;softpc.new/base/bios/slave_bs.c;softpc.new/base/bios/tape_io.c;softpc.new/base/ccpu386/in.c;softpc.new/base/ccpu386/out.c;softpc.new/base/comms/com.c;softpc.new/base/comms/printer_.c;softpc.new/base/comms/printer.c;softpc.new/base/comms/rs232_io.c;softpc.new/base/debug/dasm.c;softpc.new/base/debug/ega_dump.c;softpc.new/base/debug/yoda.c;softpc.new/base/disks/diskbios.c;softpc.new/base/disks/fdisk.c;softpc.new/base/disks/fla.c;softpc.new/base/disks/floppy_i.c;softpc.new/base/disks/floppy.c;softpc.new/base/disks/gfi_mpty.c;softpc.new/base/disks/gfi_test.c;softpc.new/base/disks/gfi.c;softpc.new/base/keymouse/keyba.c;softpc.new/base/keymouse/keybd_io.c;softpc.new/base/keymouse/mouse_io.c;softpc.new/base/keymouse/mouse.c;softpc.new/base/keymouse/ppi.c;softpc.new/base/support/ios.c;softpc.new/base/support/time_day.c;softpc.new/base/system/at_dma.c;softpc.new/base/system/cmos.c;softpc.new/base/system/cmosnt.c;softpc.new/base/system/ica.c;softpc.new/base/system/timer.c;softpc.new/base/system/unexp_nt.c;softpc.new/base/video/cga.c;softpc.new/base/video/ega_dmmy.c;softpc.new/base/video/ega_prts.c;softpc.new/base/video/ega_read.c;softpc.new/base/video/ega_vide.c;softpc.new/base/video/gfx_updt.c;softpc.new/base/video/v7_ports.c;softpc.new/base/video/v7_video.c;softpc.new/base/video/vga_prts.c;softpc.new/base/video/vga_vide.c;softpc.new/base/video/video.c;softpc.new/host/src/nt_com.c;softpc.new/host/src/nt_cpu.c;softpc.new/host/src/nt_det.c;softpc.new/host/src/nt_error.c;softpc.new/host/src/nt_fulsc.c;softpc.new/host/src/nt_hunt.c;softpc.new/host/src/nt_msscs.c;softpc.new/host/src/nt_umb.c;softpc.new/host/src/nt_vdd.c;softpc.new/host/src/nt_vflop.c"	"base/crts/crtw32/h/ios.h;base/crts/libw32/include/ios.h;public/sdk/inc/crt/ios.h;sdktools/jetadmin/inc/ios.h"	"base/crts/crtw32;base/crts/libw32;public/sdk/inc;sdktools/jetadmin/inc"	"selected-mvdm-header; no external package edge"	"expand owning package/build boundary"	"mvdm selected union"	"internal-or-selected-input"
"iret.h"	"2"	"2"	"softpc.new/base/ccpu386/c_main.c;softpc.new/base/ccpu386/iret.c"	""	""	"selected-mvdm-header; no external package edge"	"classify public compiler/API leaf or resolve spelling"	"mvdm selected union"	"internal-or-selected-input"
"j_c_lang.h"	"36"	"36"	"softpc.new/base/cpu/src/evid/ev_glue.c;softpc.new/base/cvidc/ev_glue.c;softpc.new/base/cvidc/sevid000.c;softpc.new/base/cvidc/sevid001.c;softpc.new/base/cvidc/sevid002.c;softpc.new/base/cvidc/sevid003.c;softpc.new/base/cvidc/sevid004.c;softpc.new/base/cvidc/sevid005.c;softpc.new/base/cvidc/sevid006.c;softpc.new/base/cvidc/sevid007.c;softpc.new/base/cvidc/sevid008.c;softpc.new/base/cvidc/sevid009.c;softpc.new/base/cvidc/sevid010.c;softpc.new/base/cvidc/sevid011.c;softpc.new/base/cvidc/sevid012.c;softpc.new/base/cvidc/sevid013.c;softpc.new/base/cvidc/sevid014.c;softpc.new/base/cvidc/sevid015.c;softpc.new/base/cvidc/sevid016.c;softpc.new/base/cvidc/sevid017.c;softpc.new/base/cvidc/sevid018.c;softpc.new/base/cvidc/sevid019.c;softpc.new/base/cvidc/sevid020.c;softpc.new/base/cvidc/sevid021.c;softpc.new/base/cvidc/sevid022.c;softpc.new/base/cvidc/sevid023.c;softpc.new/base/cvidc/sevid024.c;softpc.new/base/cvidc/sevid025.c;softpc.new/base/cvidc/sevid026.c;softpc.new/base/cvidc/sevid027.c;softpc.new/base/cvidc/sevid028.c;softpc.new/base/cvidc/sevid029.c;softpc.new/base/cvidc/sevid030.c;softpc.new/base/cvidc/sinit011.c;softpc.new/base/cvidc/sinit012.c;softpc.new/base/cvidc/sinit013.c"	""	""	"selected-mvdm-header; no external package edge"	"classify public compiler/API leaf or resolve spelling"	"mvdm selected union"	"internal-or-selected-input"
"jcxz.h"	"2"	"2"	"softpc.new/base/ccpu386/c_main.c;softpc.new/base/ccpu386/jcxz.c"	""	""	"selected-mvdm-header; no external package edge"	"classify public compiler/API leaf or resolve spelling"	"mvdm selected union"	"internal-or-selected-input"
"jmp.h"	"2"	"2"	"softpc.new/base/ccpu386/c_main.c;softpc.new/base/ccpu386/jmp.c"	""	""	"selected-mvdm-header; no external package edge"	"classify public compiler/API leaf or resolve spelling"	"mvdm selected union"	"internal-or-selected-input"
"jxx.h"	"2"	"2"	"softpc.new/base/ccpu386/c_main.c;softpc.new/base/ccpu386/jxx.c"	""	""	"selected-mvdm-header; no external package edge"	"classify public compiler/API leaf or resolve spelling"	"mvdm selected union"	"internal-or-selected-input"
"keyba.h"	"6"	"5"	"softpc.new/base/bios/reset.c;softpc.new/base/keymouse/keyba.c;softpc.new/base/keymouse/keybd_io.c;softpc.new/host/src/nt_event.c;softpc.new/host/src/nt_input.c"	""	""	"selected-mvdm-header; no external package edge"	"classify public compiler/API leaf or resolve spelling"	"mvdm selected union"	"internal-or-selected-input"
"keyboard.h"	"7"	"7"	"softpc.new/base/bios/reset.c;softpc.new/base/keymouse/keyba.c;softpc.new/base/keymouse/keybd_io.c;softpc.new/base/keymouse/mouse_io.c;softpc.new/host/src/nt_event.c;softpc.new/host/src/nt_input.c;softpc.new/host/src/nt_reset.c"	"sdktools/z/inc/keyboard.h"	"sdktools/z/inc"	"selected-mvdm-header; no external package edge"	"expand owning package/build boundary"	"mvdm selected union"	"internal-or-selected-input"
"lahf.h"	"2"	"2"	"softpc.new/base/ccpu386/c_main.c;softpc.new/base/ccpu386/lahf.c"	""	""	"selected-mvdm-header; no external package edge"	"classify public compiler/API leaf or resolve spelling"	"mvdm selected union"	"internal-or-selected-input"
"lar.h"	"2"	"2"	"softpc.new/base/ccpu386/c_main.c;softpc.new/base/ccpu386/lar.c"	""	""	"selected-mvdm-header; no external package edge"	"classify public compiler/API leaf or resolve spelling"	"mvdm selected union"	"internal-or-selected-input"
"lea.h"	"2"	"2"	"softpc.new/base/ccpu386/c_main.c;softpc.new/base/ccpu386/lea.c"	""	""	"selected-mvdm-header; no external package edge"	"classify public compiler/API leaf or resolve spelling"	"mvdm selected union"	"internal-or-selected-input"
"leave.h"	"2"	"2"	"softpc.new/base/ccpu386/c_main.c;softpc.new/base/ccpu386/leave.c"	""	""	"selected-mvdm-header; no external package edge"	"classify public compiler/API leaf or resolve spelling"	"mvdm selected union"	"internal-or-selected-input"
"lgdt.h"	"2"	"2"	"softpc.new/base/ccpu386/c_main.c;softpc.new/base/ccpu386/lgdt.c"	""	""	"selected-mvdm-header; no external package edge"	"classify public compiler/API leaf or resolve spelling"	"mvdm selected union"	"internal-or-selected-input"
"lidt.h"	"2"	"2"	"softpc.new/base/ccpu386/c_main.c;softpc.new/base/ccpu386/lidt.c"	""	""	"selected-mvdm-header; no external package edge"	"classify public compiler/API leaf or resolve spelling"	"mvdm selected union"	"internal-or-selected-input"
"lldt.h"	"2"	"2"	"softpc.new/base/ccpu386/c_main.c;softpc.new/base/ccpu386/lldt.c"	""	""	"selected-mvdm-header; no external package edge"	"classify public compiler/API leaf or resolve spelling"	"mvdm selected union"	"internal-or-selected-input"
"lmaccess.h"	"1"	"1"	"vdmredir/vrnetapi.c"	"public/sdk/inc/lmaccess.h;sdktools/jetadmin/inc/lmaccess.h"	"public/sdk/inc;sdktools/jetadmin/inc"	"external-declaration carrier; map to parent source/API at stage two"	"expand owning package/build boundary"	"DS NetAPI/RAP/Rx package family"	"external-package-or-declaration"
"lmapibuf.h"	"2"	"2"	"vdmredir/vrnetapi.c;vdmredir/vrremote.c"	"public/sdk/inc/lmapibuf.h;sdktools/jetadmin/inc/lmapibuf.h"	"public/sdk/inc;sdktools/jetadmin/inc"	"external-declaration carrier; map to parent source/API at stage two"	"expand owning package/build boundary"	"DS NetAPI/RAP/Rx package family"	"external-package-or-declaration"
"lmcons.h"	"5"	"5"	"vdmredir/vrmslot.c;vdmredir/vrnetapi.c;vdmredir/vrnmpipe.c;vdmredir/vrputil.c;vdmredir/vrremote.c"	"public/sdk/inc/lmcons.h;sdktools/jetadmin/inc/lmcons.h"	"public/sdk/inc;sdktools/jetadmin/inc"	"external-declaration carrier; map to parent source/API at stage two"	"expand owning package/build boundary"	"DS NetAPI/RAP/Rx package family"	"external-package-or-declaration"
"lmerr.h"	"5"	"5"	"vdmredir/vrmslot.c;vdmredir/vrnetapi.c;vdmredir/vrnmpipe.c;vdmredir/vrputil.c;vdmredir/vrremote.c"	"public/sdk/inc/lmerr.h;sdktools/jetadmin/inc/lmerr.h"	"public/sdk/inc;sdktools/jetadmin/inc"	"external-declaration carrier; map to parent source/API at stage two"	"expand owning package/build boundary"	"DS NetAPI/RAP/Rx package family"	"external-package-or-declaration"
"lmserver.h"	"1"	"1"	"vdmredir/vrnetapi.c"	"public/sdk/inc/lmserver.h;sdktools/jetadmin/inc/lmserver.h"	"public/sdk/inc;sdktools/jetadmin/inc"	"external-declaration carrier; map to parent source/API at stage two"	"expand owning package/build boundary"	"DS NetAPI/RAP/Rx package family"	"external-package-or-declaration"
"lmsw.h"	"2"	"2"	"softpc.new/base/ccpu386/c_main.c;softpc.new/base/ccpu386/lmsw.c"	""	""	"selected-mvdm-header; no external package edge"	"classify public compiler/API leaf or resolve spelling"	"mvdm selected union"	"internal-or-selected-input"
"lmuse.h"	"1"	"1"	"vdmredir/vrnetapi.c"	"public/sdk/inc/lmuse.h;sdktools/jetadmin/inc/lmuse.h"	"public/sdk/inc;sdktools/jetadmin/inc"	"external-declaration carrier; map to parent source/API at stage two"	"expand owning package/build boundary"	"DS NetAPI/RAP/Rx package family"	"external-package-or-declaration"
"lmwksta.h"	"2"	"2"	"vdmredir/vrnetapi.c;vdmredir/vrremote.c"	"public/sdk/inc/lmwksta.h;sdktools/jetadmin/inc/lmwksta.h"	"public/sdk/inc;sdktools/jetadmin/inc"	"external-declaration carrier; map to parent source/API at stage two"	"expand owning package/build boundary"	"DS NetAPI/RAP/Rx package family"	"external-package-or-declaration"
"lock.h"	"1"	"1"	"softpc.new/host/src/nt_rflop.c"	"base/fs/mup/lock.h;base/fs/rdr/driver/lock.h;base/fs/srv/lock.h"	"base/fs/mup;base/fs/rdr;base/fs/srv"	"selected-mvdm-header; no external package edge"	"expand owning package/build boundary"	"mvdm selected union"	"internal-or-selected-input"
"loopxx.h"	"2"	"2"	"softpc.new/base/ccpu386/c_main.c;softpc.new/base/ccpu386/loopxx.c"	""	""	"selected-mvdm-header; no external package edge"	"classify public compiler/API leaf or resolve spelling"	"mvdm selected union"	"internal-or-selected-input"
"lsl.h"	"2"	"2"	"softpc.new/base/ccpu386/c_main.c;softpc.new/base/ccpu386/lsl.c"	""	""	"selected-mvdm-header; no external package edge"	"classify public compiler/API leaf or resolve spelling"	"mvdm selected union"	"internal-or-selected-input"
"ltr.h"	"2"	"2"	"softpc.new/base/ccpu386/c_main.c;softpc.new/base/ccpu386/ltr.c"	""	""	"selected-mvdm-header; no external package edge"	"classify public compiler/API leaf or resolve spelling"	"mvdm selected union"	"internal-or-selected-input"
"lxs.h"	"2"	"2"	"softpc.new/base/ccpu386/c_main.c;softpc.new/base/ccpu386/lxs.c"	""	""	"selected-mvdm-header; no external package edge"	"classify public compiler/API leaf or resolve spelling"	"mvdm selected union"	"internal-or-selected-input"
"malloc.h"	"22"	"22"	"dpmi32/dpmiselr.c;dpmi32/i386/dpmi386.c;dpmi32/savestat.c;dpmi32/xmem.c;sim32/sim32.c;softpc.new/base/bios/virtual.c;softpc.new/base/comms/com.c;softpc.new/base/dos/emm_mngr.c;softpc.new/base/system/quick_ev.c;softpc.new/base/system/rom.c;softpc.new/base/video/video.c;softpc.new/host/src/nt_com.c;softpc.new/host/src/nt_cpu.c;softpc.new/host/src/nt_error.c;softpc.new/host/src/nt_event.c;softpc.new/host/src/nt_graph.c;softpc.new/host/src/nt_lpt.c;suballoc/tsa.c;v86/monitor/i386/sas.c;v86/monitor/i386/thread.c;v86/scaffold/i386/softpc.c;vdmredir/vrdebug.c"	"base/crts/crtw32/h/malloc.h;base/crts/libw32/include/malloc.h;com/ole32/olethunk/ole16/inc/malloc.h;public/sdk/inc/crt/malloc.h;sdktools/jetadmin/inc/malloc.h"	"base/crts/crtw32;base/crts/libw32;com/ole32/olethunk;public/sdk/inc;sdktools/jetadmin/inc"	"external-declaration carrier; map to parent source/API at stage two"	"expand owning package/build boundary"	"MSVC CRT / public C runtime"	"modern-public-leaf"
"math.h"	"3"	"3"	"softpc.new/base/ccpu386/fpu.c;softpc.new/host/src/nt_com.c;softpc.new/host/src/stubs.c"	"base/crts/crtw32/h/math.h;base/crts/libw32/include/math.h;com/ole32/olethunk/ole16/inc/math.h;public/sdk/inc/crt/math.h;sdktools/jetadmin/inc/math.h"	"base/crts/crtw32;base/crts/libw32;com/ole32/olethunk;public/sdk/inc;sdktools/jetadmin/inc"	"external-declaration carrier; map to parent source/API at stage two"	"expand owning package/build boundary"	"MSVC CRT / public C runtime"	"modern-public-leaf"
"memapi.h"	"4"	"4"	"dpmi32/dpmimemr.c;wow32/wdib.c;wow32/wkmem.c;xms.486/xms.c"	""	""	"selected-MVDM/platform declaration or firmware input; no non-MVDM package edge"	"classify public compiler/API leaf or resolve spelling"	"mvdm selected union"	"internal-or-selected-input"
"memory.h"	"9"	"9"	"dos/command/cmdenv.c;dos/command/cmdmisc.c;dos/dem/demsrch.c;dpmi32/i386/dpmi386.c;softpc.new/base/debug/yoda.c;softpc.new/host/src/nt_ega.c;vdmutils/forcedos/forcedos.c;vdmutils/pifedit/mods.c;xms.486/xmsblock.c"	"base/crts/crtw32/h/memory.h;base/crts/libw32/include/memory.h;com/ole32/olethunk/ole16/inc/memory.h;public/sdk/inc/crt/memory.h;sdktools/jetadmin/inc/memory.h;sdktools/slmnew/util/setup/include/memory.h;sdktools/vctools/link/coff/memory.h"	"base/crts/crtw32;base/crts/libw32;com/ole32/olethunk;public/sdk/inc;sdktools/jetadmin/inc;sdktools/slmnew/util;sdktools/vctools/link"	"external-declaration carrier; map to parent source/API at stage two"	"expand owning package/build boundary"	"MSVC CRT / public C runtime"	"modern-public-leaf"
"mmsystem.h"	"1"	"1"	"vdd/samples/vsbd/vdd.c"	"public/sdk/inc/mmsystem.h;sdktools/jetadmin/inc/mmsystem.h;sdktools/jetadmin/sdk/inc32/mmsystem.h"	"public/sdk/inc;sdktools/jetadmin/inc;sdktools/jetadmin/sdk"	"external-declaration carrier; map to parent source/API at stage two"	"expand owning package/build boundary"	"modern public Win32 UI/console/spool binding; private historical entrypoints seed ntcon/ntuser/ntgdi BFS"	"public-api-or-private-client-candidate"
"mods.h"	"2"	"2"	"vdmutils/pifedit/mods.c;vdmutils/pifedit/pifedit.c"	""	""	"selected MVDM tool-local declaration; no host-runtime external edge"	"classify public compiler/API leaf or resolve spelling"	"mvdm selected union"	"internal-or-selected-input"
"monitorp.h"	"4"	"4"	"v86/monitor/i386/int.c;v86/monitor/i386/monitor.c;v86/monitor/i386/sas.c;v86/monitor/i386/thread.c"	""	""	"selected-mvdm-header; no external package edge"	"classify public compiler/API leaf or resolve spelling"	"mvdm selected union"	"internal-or-selected-input"
"monregs.h"	"1"	"1"	"softpc.new/host/src/nt_thred.c"	""	""	"selected-mvdm-header; no external package edge"	"classify public compiler/API leaf or resolve spelling"	"mvdm selected union"	"internal-or-selected-input"
"mouse_io.h"	"6"	"6"	"softpc.new/base/bios/reset.c;softpc.new/base/keymouse/mouse_io.c;softpc.new/base/keymouse/mouse.c;softpc.new/host/src/nt_event.c;softpc.new/host/src/nt_mouse.c;softpc.new/host/src/nt_reset.c"	""	""	"selected-mvdm-header; no external package edge"	"classify public compiler/API leaf or resolve spelling"	"mvdm selected union"	"internal-or-selected-input"
"mouse.h"	"3"	"3"	"softpc.new/base/bios/reset.c;softpc.new/base/keymouse/mouse.c;softpc.new/host/src/nt_event.c"	"sdktools/z/inc/mouse.h"	"sdktools/z/inc"	"selected-mvdm-header; no external package edge"	"expand owning package/build boundary"	"mvdm selected union"	"internal-or-selected-input"
"mouse16b.h"	"1"	"1"	"softpc.new/base/keymouse/mouse_io.c"	""	""	"selected-mvdm-header; no external package edge"	"classify public compiler/API leaf or resolve spelling"	"mvdm selected union"	"internal-or-selected-input"
"mov.h"	"6"	"6"	"softpc.new/base/ccpu386/c_main.c;softpc.new/base/ccpu386/c_reg.c;softpc.new/base/ccpu386/c_tsksw.c;softpc.new/base/ccpu386/lxs.c;softpc.new/base/ccpu386/mov.c;softpc.new/base/ccpu386/pop.c"	""	""	"selected-mvdm-header; no external package edge"	"classify public compiler/API leaf or resolve spelling"	"mvdm selected union"	"internal-or-selected-input"
"movsx.h"	"2"	"2"	"softpc.new/base/ccpu386/c_main.c;softpc.new/base/ccpu386/movsx.c"	""	""	"selected-mvdm-header; no external package edge"	"classify public compiler/API leaf or resolve spelling"	"mvdm selected union"	"internal-or-selected-input"
"mscdex.h"	"1"	"1"	"vdd/samples/mscdex/vdd/vcdex.c"	""	""	"selected-mvdm-header; no external package edge"	"classify public compiler/API leaf or resolve spelling"	"mvdm selected union"	"internal-or-selected-input"
"mul.h"	"2"	"2"	"softpc.new/base/ccpu386/c_main.c;softpc.new/base/ccpu386/mul.c"	""	""	"selected-mvdm-header; no external package edge"	"classify public compiler/API leaf or resolve spelling"	"mvdm selected union"	"internal-or-selected-input"
"mvdm.h"	"17"	"17"	"dbg/dbg.c;dos/command/cmdconf.c;dos/command/cmddata.c;dos/command/cmdenv.c;dos/command/cmdexec.c;dos/command/cmdkeyb.c;dos/command/cmdmisc.c;dos/command/cmdpif.c;dos/command/cmdredir.c;dos/dem/demfcb.c;dos/dem/demgset.c;dos/dem/demhndl.c;dos/dem/demmisc.c;dos/dem/demsrch.c;vdmredir/vrnetb.c;vdmredir/vrremote.c;xms.486/xmsblock.c"	""	""	"selected-MVDM/platform declaration or firmware input; no non-MVDM package edge"	"classify public compiler/API leaf or resolve spelling"	"mvdm selected union"	"internal-or-selected-input"
"nb30.h"	"3"	"3"	"vdmredir/vrdisp.c;vdmredir/vrinit.c;vdmredir/vrnetb.c"	"public/sdk/inc/nb30.h;sdktools/jetadmin/inc/nb30.h;sdktools/jetadmin/sdk/inc32/nb30.h"	"public/sdk/inc;sdktools/jetadmin/inc;sdktools/jetadmin/sdk"	"external-declaration carrier; map to parent source/API at stage two"	"expand owning package/build boundary"	"DS NetAPI/RAP/Rx package family"	"external-package-or-declaration"
"neg.h"	"2"	"2"	"softpc.new/base/ccpu386/c_main.c;softpc.new/base/ccpu386/neg.c"	""	""	"selected-mvdm-header; no external package edge"	"classify public compiler/API leaf or resolve spelling"	"mvdm selected union"	"internal-or-selected-input"
"netb.h"	"3"	"3"	"vdmredir/vrdisp.c;vdmredir/vrinit.c;vdmredir/vrnetb.c"	""	""	"selected-MVDM/platform declaration or firmware input; no non-MVDM package edge"	"classify public compiler/API leaf or resolve spelling"	"mvdm selected union"	"internal-or-selected-input"
"netlibnt.h"	"1"	"1"	"vdmredir/vrnetapi.c"	"public/internal/ds/inc/netlibnt.h"	"public/internal/ds"	"external-declaration carrier; map to parent source/API at stage two"	"expand owning package/build boundary"	"DS NetAPI/RAP/Rx package family"	"external-package-or-declaration"
"newnpx.h"	"1"	"1"	"softpc.new/base/ccpu386/zfrsrvd.c"	""	""	"selected-mvdm-header; no external package edge"	"classify public compiler/API leaf or resolve spelling"	"mvdm selected union"	"internal-or-selected-input"
"nop.h"	"2"	"2"	"softpc.new/base/ccpu386/c_main.c;softpc.new/base/ccpu386/nop.c"	""	""	"selected-mvdm-header; no external package edge"	"classify public compiler/API leaf or resolve spelling"	"mvdm selected union"	"internal-or-selected-input"
"not.h"	"2"	"2"	"softpc.new/base/ccpu386/c_main.c;softpc.new/base/ccpu386/not.c"	""	""	"selected-mvdm-header; no external package edge"	"classify public compiler/API leaf or resolve spelling"	"mvdm selected union"	"internal-or-selected-input"
"novell.h"	"2"	"2"	"softpc.new/base/bios/reset.c;softpc.new/base/support/terminat.c"	""	""	"selected-mvdm-header; no external package edge"	"classify public compiler/API leaf or resolve spelling"	"mvdm selected union"	"internal-or-selected-input"
"nt_cga.h"	"2"	"2"	"softpc.new/host/src/nt_cga.c;softpc.new/host/src/nt_graph.c"	""	""	"selected-mvdm-header; no external package edge"	"classify public compiler/API leaf or resolve spelling"	"mvdm selected union"	"internal-or-selected-input"
"nt_cgalt.h"	"1"	"1"	"softpc.new/host/src/nt_cga.c"	""	""	"selected-mvdm-header; no external package edge"	"classify public compiler/API leaf or resolve spelling"	"mvdm selected union"	"internal-or-selected-input"
"nt_com.h"	"7"	"7"	"softpc.new/host/src/nt_bop.c;softpc.new/host/src/nt_com.c;softpc.new/host/src/nt_event.c;softpc.new/host/src/nt_ntfun.c;softpc.new/host/src/nt_reset.c;softpc.new/host/src/nt_timer.c;softpc.new/host/src/nt_wcom.c"	""	""	"selected-mvdm-header; no external package edge"	"classify public compiler/API leaf or resolve spelling"	"mvdm selected union"	"internal-or-selected-input"
"nt_confg.h"	"1"	"1"	"softpc.new/host/src/stf_conf.c"	""	""	"selected MVDM local generated/header input; source-layout reconciliation, no non-MVDM package edge"	"classify public compiler/API leaf or resolve spelling"	"mvdm selected union"	"internal-or-selected-input"
"nt_det.h"	"5"	"5"	"softpc.new/host/src/nt_cga.c;softpc.new/host/src/nt_fulsc.c;softpc.new/host/src/nt_graph.c;softpc.new/host/src/nt_sec.c;softpc.new/host/src/nt_timer.c"	""	""	"selected-mvdm-header; no external package edge"	"classify public compiler/API leaf or resolve spelling"	"mvdm selected union"	"internal-or-selected-input"
"nt_ega.h"	"2"	"2"	"softpc.new/host/src/nt_ega.c;softpc.new/host/src/nt_graph.c"	""	""	"selected-mvdm-header; no external package edge"	"classify public compiler/API leaf or resolve spelling"	"mvdm selected union"	"internal-or-selected-input"
"nt_egalt.h"	"1"	"1"	"softpc.new/host/src/nt_ega.c"	""	""	"selected-mvdm-header; no external package edge"	"classify public compiler/API leaf or resolve spelling"	"mvdm selected union"	"internal-or-selected-input"
"nt_eoi.h"	"16"	"16"	"softpc.new/base/keymouse/keyba.c;softpc.new/base/system/cmosnt.c;softpc.new/base/system/ica.c;softpc.new/base/system/qevnt.c;softpc.new/base/system/timer.c;softpc.new/host/src/nt_bop.c;softpc.new/host/src/nt_com.c;softpc.new/host/src/nt_det.c;softpc.new/host/src/nt_eoi.c;softpc.new/host/src/nt_event.c;softpc.new/host/src/nt_fulsc.c;softpc.new/host/src/nt_mouse.c;softpc.new/host/src/nt_msscs.c;softpc.new/host/src/nt_reset.c;softpc.new/host/src/nt_sec.c;softpc.new/host/src/nt_timer.c"	""	""	"selected-mvdm-header; no external package edge"	"classify public compiler/API leaf or resolve spelling"	"mvdm selected union"	"internal-or-selected-input"
"nt_event.h"	"14"	"13"	"softpc.new/base/keymouse/mouse_io.c;softpc.new/host/src/config.c;softpc.new/host/src/nt_det.c;softpc.new/host/src/nt_error.c;softpc.new/host/src/nt_event.c;softpc.new/host/src/nt_fulsc.c;softpc.new/host/src/nt_graph.c;softpc.new/host/src/nt_hosts.c;softpc.new/host/src/nt_input.c;softpc.new/host/src/nt_mouse.c;softpc.new/host/src/nt_msscs.c;softpc.new/host/src/nt_reset.c;softpc.new/host/src/nt_timer.c"	""	""	"selected-mvdm-header; no external package edge"	"classify public compiler/API leaf or resolve spelling"	"mvdm selected union"	"internal-or-selected-input"
"nt_fdisk.h"	"3"	"3"	"softpc.new/host/src/config.c;softpc.new/host/src/nt_fdisk.c;softpc.new/host/src/nt_rflop.c"	""	""	"selected-mvdm-header; no external package edge"	"classify public compiler/API leaf or resolve spelling"	"mvdm selected union"	"internal-or-selected-input"
"nt_fulsc.h"	"12"	"12"	"softpc.new/host/src/config.c;softpc.new/host/src/nt_cga.c;softpc.new/host/src/nt_det.c;softpc.new/host/src/nt_ega.c;softpc.new/host/src/nt_event.c;softpc.new/host/src/nt_fulsc.c;softpc.new/host/src/nt_graph.c;softpc.new/host/src/nt_mouse.c;softpc.new/host/src/nt_reset.c;softpc.new/host/src/nt_sec.c;softpc.new/host/src/nt_timer.c;softpc.new/host/src/nt_vga.c"	""	""	"selected-mvdm-header; no external package edge"	"classify public compiler/API leaf or resolve spelling"	"mvdm selected union"	"internal-or-selected-input"
"nt_getXX.h"	"1"	"1"	"softpc.new/host/src/nt_yoda.c"	""	""	"selected-mvdm-header; no external package edge"	"classify public compiler/API leaf or resolve spelling"	"mvdm selected union"	"internal-or-selected-input"
"nt_graph.h"	"18"	"18"	"softpc.new/host/src/config.c;softpc.new/host/src/nt_cga.c;softpc.new/host/src/nt_det.c;softpc.new/host/src/nt_ega.c;softpc.new/host/src/nt_error.c;softpc.new/host/src/nt_event.c;softpc.new/host/src/nt_fulsc.c;softpc.new/host/src/nt_graph.c;softpc.new/host/src/nt_hosts.c;softpc.new/host/src/nt_mouse.c;softpc.new/host/src/nt_msscs.c;softpc.new/host/src/nt_munge.c;softpc.new/host/src/nt_reset.c;softpc.new/host/src/nt_smenu.c;softpc.new/host/src/nt_term.c;softpc.new/host/src/nt_timer.c;softpc.new/host/src/nt_vga.c;softpc.new/host/src/nt_wcom.c"	""	""	"selected-mvdm-header; no external package edge"	"classify public compiler/API leaf or resolve spelling"	"mvdm selected union"	"internal-or-selected-input"
"nt_hunt.h"	"3"	"3"	"softpc.new/host/src/fprt.c;softpc.new/host/src/nt_hosts.c;softpc.new/host/src/nt_term.c"	""	""	"selected-mvdm-header; no external package edge"	"classify public compiler/API leaf or resolve spelling"	"mvdm selected union"	"internal-or-selected-input"
"nt_inthk.h"	"1"	"1"	"softpc.new/host/src/nt_inthk.c"	""	""	"selected-mvdm-header; no external package edge"	"classify public compiler/API leaf or resolve spelling"	"mvdm selected union"	"internal-or-selected-input"
"nt_mem.h"	"3"	"3"	"softpc.new/host/src/nt_emm.c;softpc.new/host/src/nt_mem.c;softpc.new/host/src/sim32.c"	""	""	"selected-mvdm-header; no external package edge"	"classify public compiler/API leaf or resolve spelling"	"mvdm selected union"	"internal-or-selected-input"
"nt_mon.h"	"1"	"1"	"v86/monitor/i386/spcstubs.c"	""	""	"selected-mvdm-header; no external package edge"	"classify public compiler/API leaf or resolve spelling"	"mvdm selected union"	"internal-or-selected-input"
"nt_mouse.h"	"6"	"6"	"softpc.new/base/keymouse/mouse_io.c;softpc.new/host/src/nt_det.c;softpc.new/host/src/nt_event.c;softpc.new/host/src/nt_fulsc.c;softpc.new/host/src/nt_graph.c;softpc.new/host/src/nt_mouse.c"	""	""	"selected-mvdm-header; no external package edge"	"classify public compiler/API leaf or resolve spelling"	"mvdm selected union"	"internal-or-selected-input"
"nt_pif.h"	"8"	"8"	"dos/command/cmdmisc.c;dos/command/cmdpif.c;softpc.new/base/system/timer.c;softpc.new/host/src/config.c;softpc.new/host/src/nt_event.c;softpc.new/host/src/nt_pif.c;softpc.new/host/src/nt_timer.c;softpc.new/host/src/nt_unix.c"	""	""	"selected-mvdm-header; no external package edge"	"classify public compiler/API leaf or resolve spelling"	"mvdm selected union"	"internal-or-selected-input"
"nt_reset.h"	"19"	"19"	"softpc.new/base/system/timer.c;softpc.new/host/src/config.c;softpc.new/host/src/nt_bop.c;softpc.new/host/src/nt_det.c;softpc.new/host/src/nt_eoi.c;softpc.new/host/src/nt_error.c;softpc.new/host/src/nt_event.c;softpc.new/host/src/nt_fdisk.c;softpc.new/host/src/nt_fulsc.c;softpc.new/host/src/nt_hosts.c;softpc.new/host/src/nt_input.c;softpc.new/host/src/nt_mouse.c;softpc.new/host/src/nt_msscs.c;softpc.new/host/src/nt_ntfun.c;softpc.new/host/src/nt_pif.c;softpc.new/host/src/nt_reset.c;softpc.new/host/src/nt_rflop.c;softpc.new/host/src/nt_timer.c;softpc.new/host/src/nt_unix.c"	""	""	"selected-mvdm-header; no external package edge"	"classify public compiler/API leaf or resolve spelling"	"mvdm selected union"	"internal-or-selected-input"
"nt_smenu.h"	"1"	"1"	"softpc.new/host/src/nt_smenu.c"	""	""	"selected-mvdm-header; no external package edge"	"classify public compiler/API leaf or resolve spelling"	"mvdm selected union"	"internal-or-selected-input"
"nt_thred.h"	"7"	"7"	"softpc.new/host/src/nt_bop.c;softpc.new/host/src/nt_det.c;softpc.new/host/src/nt_event.c;softpc.new/host/src/nt_fulsc.c;softpc.new/host/src/nt_reset.c;softpc.new/host/src/nt_sec.c;softpc.new/host/src/nt_timer.c"	""	""	"selected-mvdm-header; no external package edge"	"classify public compiler/API leaf or resolve spelling"	"mvdm selected union"	"internal-or-selected-input"
"nt_timer.h"	"6"	"6"	"softpc.new/host/src/nt_com.c;softpc.new/host/src/nt_event.c;softpc.new/host/src/nt_reset.c;softpc.new/host/src/nt_thred.c;softpc.new/host/src/nt_timer.c;softpc.new/obj.vdm/ntvdm.c"	""	""	"selected-mvdm-header; no external package edge"	"classify public compiler/API leaf or resolve spelling"	"mvdm selected union"	"internal-or-selected-input"
"nt_uis.h"	"24"	"22"	"dos/command/cmdmisc.c;softpc.new/host/src/config.c;softpc.new/host/src/nt_com.c;softpc.new/host/src/nt_det.c;softpc.new/host/src/nt_eoi.c;softpc.new/host/src/nt_error.c;softpc.new/host/src/nt_event.c;softpc.new/host/src/nt_fdisk.c;softpc.new/host/src/nt_fulsc.c;softpc.new/host/src/nt_graph.c;softpc.new/host/src/nt_hosts.c;softpc.new/host/src/nt_hunt.c;softpc.new/host/src/nt_input.c;softpc.new/host/src/nt_mouse.c;softpc.new/host/src/nt_msscs.c;softpc.new/host/src/nt_nls.c;softpc.new/host/src/nt_reset.c;softpc.new/host/src/nt_rflop.c;softpc.new/host/src/nt_sec.c;softpc.new/host/src/nt_timer.c;softpc.new/host/src/nt_wcom.c;softpc.new/host/src/x86_emm.c"	""	""	"selected-mvdm-header; no external package edge"	"classify public compiler/API leaf or resolve spelling"	"mvdm selected union"	"internal-or-selected-input"
"nt_vdd.h"	"8"	"8"	"dos/dem/demfile.c;dos/dem/demmisc.c;dos/dem/demsrch.c;softpc.new/host/src/nt_event.c;softpc.new/host/src/nt_msscs.c;softpc.new/host/src/nt_umb.c;softpc.new/host/src/nt_vdd.c;wow32/wkfileio.c"	"public/sdk/inc/nt_vdd.h"	"public/sdk/inc"	"external-declaration carrier; map to parent source/API at stage two"	"expand owning package/build boundary"	"MVDM VDD/debug contract"	"selected-MVDM-contract"
"nt_vddp.h"	"3"	"3"	"softpc.new/host/src/nt_msscs.c;softpc.new/host/src/nt_umb.c;softpc.new/host/src/nt_vdd.c"	""	""	"selected-mvdm-header; no external package edge"	"classify public compiler/API leaf or resolve spelling"	"mvdm selected union"	"internal-or-selected-input"
"nt.h"	"55"	"55"	"dbg/dbg.c;oemuni/file.c;oemuni/process.c;oemuni/toemuni.c;sim32/sim32.c;softpc.new/base/system/cmosnt.c;softpc.new/base/system/qevnt.c;softpc.new/host/src/config.c;softpc.new/host/src/copy_fnc.c;softpc.new/host/src/cpucstbs.c;softpc.new/host/src/nt_bop.c;softpc.new/host/src/nt_com.c;softpc.new/host/src/nt_cpu.c;softpc.new/host/src/nt_emm.c;softpc.new/host/src/nt_eoi.c;softpc.new/host/src/nt_error.c;softpc.new/host/src/nt_event.c;softpc.new/host/src/nt_fdisk.c;softpc.new/host/src/nt_input.c;softpc.new/host/src/nt_inthk.c;softpc.new/host/src/nt_keycd.c;softpc.new/host/src/nt_lpt.c;softpc.new/host/src/nt_mem.c;softpc.new/host/src/nt_msscs.c;softpc.new/host/src/nt_nls.c;softpc.new/host/src/nt_ntfun.c;softpc.new/host/src/nt_reset.c;softpc.new/host/src/nt_rflop.c;softpc.new/host/src/nt_sec.c;softpc.new/host/src/nt_sound.c;softpc.new/host/src/nt_timer.c;softpc.new/host/src/nt_umb.c;softpc.new/host/src/sim32.c;softpc.new/host/src/x86_emm.c;softpc.new/obj.vdm/ntvdm.c;suballoc/tsa.c;v86/monitor/i386/proflib.c;v86/monitor/i386/spcstubs.c;vdmdbg/vdmdbg.c;vdmredir/vrdebug.c;vdmredir/vrdisp.c;vdmredir/vrdlc5c.c;vdmredir/vrdlcbuf.c;vdmredir/vrdlcdbg.c;vdmredir/vrdlcpst.c;vdmredir/vrdll.c;vdmredir/vrinit.c;vdmredir/vrmisc.c;vdmredir/vrmslot.c;vdmredir/vrnetapi.c;vdmredir/vrnetb.c;vdmredir/vrnmpipe.c;vdmredir/vrputil.c;vdmredir/vrremote.c;vdmutils/forcedos/forcedos.c"	"public/sdk/inc/nt.h"	"public/sdk/inc"	"external-declaration carrier; map to parent source/API at stage two"	"expand owning package/build boundary"	"NTDLL/NT native declaration; private calls seed base/ntdll or kernel-contract BFS"	"public-or-private-NT-contract"
"ntcheese.h"	"6"	"6"	"softpc.new/host/src/nt_event.c;softpc.new/host/src/nt_fulsc.c;softpc.new/host/src/nt_graph.c;softpc.new/host/src/nt_mouse.c;softpc.new/host/src/nt_reset.c;softpc.new/host/src/nt_term.c"	""	""	"selected-mvdm-header; no external package edge"	"classify public compiler/API leaf or resolve spelling"	"mvdm selected union"	"internal-or-selected-input"
"ntcsrdll.h"	"1"	"1"	"wow32/wow32.c"	"public/sdk/inc/ntcsrdll.h"	"public/sdk/inc"	"external-declaration carrier; map to parent source/API at stage two"	"expand owning package/build boundary"	"NTDLL/NT native declaration; private calls seed base/ntdll or kernel-contract BFS"	"public-or-private-NT-contract"
"ntdbg.h"	"3"	"3"	"dbg/dbg.c;vdmdbg/vdmdbg.c;wow32/debug.c"	"public/sdk/inc/ntdbg.h"	"public/sdk/inc"	"external-declaration carrier; map to parent source/API at stage two"	"expand owning package/build boundary"	"NTDLL/NT native declaration; private calls seed base/ntdll or kernel-contract BFS"	"public-or-private-NT-contract"
"ntddbeep.h"	"1"	"1"	"softpc.new/host/src/nt_sound.c"	"public/ddk/inc/ntddbeep.h"	"public/ddk/inc"	"kernel-device declaration contract; map to adapter/public API/kernel leaf"	"expand owning package/build boundary"	"DDK device/kernel contract"	"kernel-device-contract"
"ntddcdrm.h"	"1"	"1"	"vdd/samples/mscdex/vdd/vcdex.c"	"public/ddk/inc/ntddcdrm.h"	"public/ddk/inc"	"kernel-device declaration contract; map to adapter/public API/kernel leaf"	"expand owning package/build boundary"	"DDK device/kernel contract"	"kernel-device-contract"
"ntdddisk.h"	"3"	"3"	"softpc.new/host/src/nt_fdisk.c;softpc.new/host/src/nt_rflop.c;vdd/samples/mscdex/vdd/vcdex.c"	"public/ddk/inc/ntdddisk.h"	"public/ddk/inc"	"kernel-device declaration contract; map to adapter/public API/kernel leaf"	"expand owning package/build boundary"	"DDK device/kernel contract"	"kernel-device-contract"
"ntdddlc.h"	"6"	"6"	"vdmredir/vrdisp.c;vdmredir/vrdlc5c.c;vdmredir/vrdlcbuf.c;vdmredir/vrdlcdbg.c;vdmredir/vrdlcpst.c;vdmredir/vrnetb.c"	"public/ddk/inc/ntdddlc.h"	"public/ddk/inc"	"kernel-device declaration contract; map to adapter/public API/kernel leaf"	"expand owning package/build boundary"	"DDK device/kernel contract"	"kernel-device-contract"
"ntddkbd.h"	"2"	"2"	"softpc.new/host/src/nt_event.c;softpc.new/host/src/nt_input.c"	"public/ddk/inc/ntddkbd.h"	"public/ddk/inc"	"kernel-device declaration contract; map to adapter/public API/kernel leaf"	"expand owning package/build boundary"	"DDK device/kernel contract"	"kernel-device-contract"
"ntddser.h"	"3"	"3"	"softpc.new/host/src/nt_com.c;softpc.new/host/src/nt_ntfun.c;wow32/wucomm.c"	"public/ddk/inc/ntddser.h"	"public/ddk/inc"	"kernel-device declaration contract; map to adapter/public API/kernel leaf"	"expand owning package/build boundary"	"DDK device/kernel contract"	"kernel-device-contract"
"ntddtx.h"	"1"	"1"	"sim32/sim32.c"	"public/ddk/inc/ntddtx.h"	"public/ddk/inc"	"kernel-device declaration contract; map to adapter/public API/kernel leaf"	"expand owning package/build boundary"	"DDK device/kernel contract"	"kernel-device-contract"
"ntddvdeo.h"	"12"	"12"	"softpc.new/host/src/config.c;softpc.new/host/src/nt_cga.c;softpc.new/host/src/nt_det.c;softpc.new/host/src/nt_ega.c;softpc.new/host/src/nt_event.c;softpc.new/host/src/nt_fulsc.c;softpc.new/host/src/nt_graph.c;softpc.new/host/src/nt_mouse.c;softpc.new/host/src/nt_reset.c;softpc.new/host/src/nt_sec.c;softpc.new/host/src/nt_timer.c;softpc.new/host/src/nt_vga.c"	"public/ddk/inc/ntddvdeo.h"	"public/ddk/inc"	"kernel-device declaration contract; map to adapter/public API/kernel leaf"	"expand owning package/build boundary"	"DDK device/kernel contract"	"kernel-device-contract"
"ntddvdm.h"	"1"	"1"	"softpc.new/host/src/nt_lpt.c"	"public/internal/base/inc/ntddvdm.h"	"public/internal/base"	"external-declaration carrier; map to parent source/API at stage two"	"expand owning package/build boundary"	"base/win32 VDM + BaseClient contract"	"external-package-or-declaration"
"ntexapi.h"	"2"	"2"	"softpc.new/host/src/nt_eoi.c;wow32/wkman.c"	"public/sdk/inc/ntexapi.h"	"public/sdk/inc"	"external-declaration carrier; map to parent source/API at stage two"	"expand owning package/build boundary"	"NTDLL/NT native declaration; private calls seed base/ntdll or kernel-contract BFS"	"public-or-private-NT-contract"
"ntrtl.h"	"55"	"55"	"dbg/dbg.c;oemuni/file.c;oemuni/process.c;oemuni/toemuni.c;softpc.new/base/system/cmosnt.c;softpc.new/base/system/qevnt.c;softpc.new/host/src/config.c;softpc.new/host/src/copy_fnc.c;softpc.new/host/src/cpucstbs.c;softpc.new/host/src/nt_bop.c;softpc.new/host/src/nt_com.c;softpc.new/host/src/nt_cpu.c;softpc.new/host/src/nt_emm.c;softpc.new/host/src/nt_eoi.c;softpc.new/host/src/nt_error.c;softpc.new/host/src/nt_event.c;softpc.new/host/src/nt_fdisk.c;softpc.new/host/src/nt_input.c;softpc.new/host/src/nt_inthk.c;softpc.new/host/src/nt_keycd.c;softpc.new/host/src/nt_lpt.c;softpc.new/host/src/nt_mem.c;softpc.new/host/src/nt_msscs.c;softpc.new/host/src/nt_nls.c;softpc.new/host/src/nt_ntfun.c;softpc.new/host/src/nt_reset.c;softpc.new/host/src/nt_rflop.c;softpc.new/host/src/nt_sec.c;softpc.new/host/src/nt_sound.c;softpc.new/host/src/nt_timer.c;softpc.new/host/src/nt_umb.c;softpc.new/host/src/sim32.c;softpc.new/host/src/x86_emm.c;softpc.new/obj.vdm/ntvdm.c;suballoc/tsa.c;v86/monitor/i386/proflib.c;v86/monitor/i386/spcstubs.c;vdmdbg/vdmdbg.c;vdmredir/vrdebug.c;vdmredir/vrdisp.c;vdmredir/vrdlc5c.c;vdmredir/vrdlcbuf.c;vdmredir/vrdlcdbg.c;vdmredir/vrdlcpst.c;vdmredir/vrdll.c;vdmredir/vrinit.c;vdmredir/vrmisc.c;vdmredir/vrmslot.c;vdmredir/vrnetapi.c;vdmredir/vrnetb.c;vdmredir/vrnmpipe.c;vdmredir/vrputil.c;vdmredir/vrremote.c;vdmutils/forcedos/forcedos.c;wow32/debug.c"	"public/sdk/inc/ntrtl.h"	"public/sdk/inc"	"external-declaration carrier; map to parent source/API at stage two"	"expand owning package/build boundary"	"NTDLL/NT native declaration; private calls seed base/ntdll or kernel-contract BFS"	"public-or-private-NT-contract"
"ntseapi.h"	"1"	"1"	"wow32/wkman.c"	"public/sdk/inc/ntseapi.h"	"public/sdk/inc"	"external-declaration carrier; map to parent source/API at stage two"	"expand owning package/build boundary"	"NTDLL/NT native declaration; private calls seed base/ntdll or kernel-contract BFS"	"public-or-private-NT-contract"
"ntstatus.h"	"4"	"4"	"softpc.new/host/src/nt_error.c;softpc.new/host/src/nt_nls.c;softpc.new/host/src/nt_sec.c;wow32/debug.c"	"public/internal/nls/inc/ntstatus.h;public/sdk/inc/ntstatus.h"	"public/internal/nls;public/sdk/inc"	"external-declaration carrier; map to parent source/API at stage two"	"expand owning package/build boundary"	"NTDLL/NT native declaration; private calls seed base/ntdll or kernel-contract BFS"	"public-or-private-NT-contract"
"ntthread.h"	"1"	"1"	"softpc.new/base/ccpu386/c_main.c"	""	""	"selected-mvdm-header; no external package edge"	"classify public compiler/API leaf or resolve spelling"	"mvdm selected union"	"internal-or-selected-input"
"nturtl.h"	"55"	"55"	"dbg/dbg.c;oemuni/file.c;oemuni/process.c;oemuni/toemuni.c;softpc.new/base/system/cmosnt.c;softpc.new/base/system/qevnt.c;softpc.new/host/src/config.c;softpc.new/host/src/copy_fnc.c;softpc.new/host/src/cpucstbs.c;softpc.new/host/src/nt_bop.c;softpc.new/host/src/nt_com.c;softpc.new/host/src/nt_cpu.c;softpc.new/host/src/nt_emm.c;softpc.new/host/src/nt_eoi.c;softpc.new/host/src/nt_error.c;softpc.new/host/src/nt_event.c;softpc.new/host/src/nt_fdisk.c;softpc.new/host/src/nt_input.c;softpc.new/host/src/nt_inthk.c;softpc.new/host/src/nt_keycd.c;softpc.new/host/src/nt_lpt.c;softpc.new/host/src/nt_mem.c;softpc.new/host/src/nt_msscs.c;softpc.new/host/src/nt_nls.c;softpc.new/host/src/nt_ntfun.c;softpc.new/host/src/nt_reset.c;softpc.new/host/src/nt_rflop.c;softpc.new/host/src/nt_sec.c;softpc.new/host/src/nt_sound.c;softpc.new/host/src/nt_timer.c;softpc.new/host/src/nt_umb.c;softpc.new/host/src/sim32.c;softpc.new/host/src/x86_emm.c;softpc.new/obj.vdm/ntvdm.c;suballoc/tsa.c;v86/monitor/i386/proflib.c;v86/monitor/i386/spcstubs.c;vdmdbg/vdmdbg.c;vdmredir/vrdebug.c;vdmredir/vrdisp.c;vdmredir/vrdlc5c.c;vdmredir/vrdlcbuf.c;vdmredir/vrdlcdbg.c;vdmredir/vrdlcpst.c;vdmredir/vrdll.c;vdmredir/vrinit.c;vdmredir/vrmisc.c;vdmredir/vrmslot.c;vdmredir/vrnetapi.c;vdmredir/vrnetb.c;vdmredir/vrnmpipe.c;vdmredir/vrputil.c;vdmredir/vrremote.c;vdmutils/forcedos/forcedos.c;wow32/debug.c"	"public/sdk/inc/nturtl.h"	"public/sdk/inc"	"external-declaration carrier; map to parent source/API at stage two"	"expand owning package/build boundary"	"NTDLL/NT native declaration; private calls seed base/ntdll or kernel-contract BFS"	"public-or-private-NT-contract"
"oem.h"	"2"	"2"	"oemuni/file.c;oemuni/process.c"	"windows/core/ntgdi/printers/hprasdd/rasdd/oem.h;windows/core/ntgdi/printers/hprasdd/rasddui/oem.h"	"windows/core/ntgdi"	"non-mvdm source-package candidate; resolve include path ambiguity at stage two"	"expand owning package/build boundary"	"windows/core/ntgdi/printers"	"external-source-package-candidate"
"oemuni.h"	"10"	"10"	"dos/command/cmdconf.c;dos/command/cmdenv.c;dos/command/cmdexec.c;dos/command/cmdmisc.c;dos/command/cmdpif.c;oemuni/file.c;oemuni/process.c;oemuni/toemuni.c;softpc.new/host/src/config.c;softpc.new/host/src/nt_pif.c"	""	""	"selected-MVDM/platform declaration or firmware input; no non-MVDM package edge"	"classify public compiler/API leaf or resolve spelling"	"mvdm selected union"	"internal-or-selected-input"
"or.h"	"2"	"2"	"softpc.new/base/ccpu386/c_main.c;softpc.new/base/ccpu386/or.c"	"com/ole32/dcomss/objex/or.h;com/ole32/dcomss/objex/shrmem/or.h"	"com/ole32/dcomss"	"selected-mvdm-header; no external package edge"	"expand owning package/build boundary"	"mvdm selected union"	"internal-or-selected-input"
"out.h"	"2"	"2"	"softpc.new/base/ccpu386/c_main.c;softpc.new/base/ccpu386/out.c"	""	""	"selected-mvdm-header; no external package edge"	"classify public compiler/API leaf or resolve spelling"	"mvdm selected union"	"internal-or-selected-input"
"packoff.h"	"1"	"1"	"vdmredir/vrnetapi.c"	"public/internal/base/inc/packoff.h;sdktools/tlibs/nb3lib/h/packoff.h;sdktools/wzmail/dh.new/h/packoff.h"	"public/internal/base;sdktools/tlibs/nb3lib;sdktools/wzmail/dh.new"	"external-declaration carrier; map to parent source/API at stage two"	"expand owning package/build boundary"	"base/win32 VDM + BaseClient contract"	"external-package-or-declaration"
"packon.h"	"1"	"1"	"vdmredir/vrnetapi.c"	"public/internal/base/inc/packon.h;sdktools/tlibs/nb3lib/h/packon.h;sdktools/wzmail/dh.new/h/packon.h"	"public/internal/base;sdktools/tlibs/nb3lib;sdktools/wzmail/dh.new"	"external-declaration carrier; map to parent source/API at stage two"	"expand owning package/build boundary"	"base/win32 VDM + BaseClient contract"	"external-package-or-declaration"
"pif.h"	"2"	"2"	"dos/command/cmdpif.c;softpc.new/host/src/nt_pif.c"	"public/internal/windows/inc/pif.h"	"public/internal/windows"	"external-declaration carrier; map to parent source/API at stage two"	"expand owning package/build boundary"	"base/win32 VDM + BaseClient contract"	"external-package-or-declaration"
"pifedit.h"	"2"	"2"	"vdmutils/pifedit/pifedit.c;vdmutils/pifedit/pifsubs.c"	""	""	"selected MVDM tool-local declaration; no host-runtime external edge"	"classify public compiler/API leaf or resolve spelling"	"mvdm selected union"	"internal-or-selected-input"
"Pigger_c.h"	"3"	"3"	"softpc.new/base/ccpu386/c_reg.c;softpc.new/base/cvidc/accessfn.c;softpc.new/base/cvidc/sascdef.c"	""	""	"selected-mvdm-header; no external package edge"	"classify public compiler/API leaf or resolve spelling"	"mvdm selected union"	"internal-or-selected-input"
"PigReg_c.h"	"2"	"2"	"softpc.new/base/ccpu386/c_getset.c;softpc.new/base/ccpu386/sascdef.c"	""	""	"selected-mvdm-header; no external package edge"	"classify public compiler/API leaf or resolve spelling"	"mvdm selected union"	"internal-or-selected-input"
"pmvdm.h"	"1"	"1"	"softpc.new/host/src/config.c"	""	""	"selected-MVDM/platform declaration or firmware input; no non-MVDM package edge"	"classify public compiler/API leaf or resolve spelling"	"mvdm selected union"	"internal-or-selected-input"
"pop.h"	"2"	"2"	"softpc.new/base/ccpu386/c_main.c;softpc.new/base/ccpu386/pop.c"	"base/ntos/po/pop.h;base/ntos/po.old/pop.h"	"base/ntos/po;base/ntos/po.old"	"selected-mvdm-header; no external package edge"	"expand owning package/build boundary"	"mvdm selected union"	"internal-or-selected-input"
"popa.h"	"2"	"2"	"softpc.new/base/ccpu386/c_main.c;softpc.new/base/ccpu386/popa.c"	""	""	"selected-mvdm-header; no external package edge"	"classify public compiler/API leaf or resolve spelling"	"mvdm selected union"	"internal-or-selected-input"
"popf.h"	"2"	"2"	"softpc.new/base/ccpu386/c_main.c;softpc.new/base/ccpu386/popf.c"	""	""	"selected-mvdm-header; no external package edge"	"classify public compiler/API leaf or resolve spelling"	"mvdm selected union"	"internal-or-selected-input"
"ppi.h"	"4"	"4"	"softpc.new/base/bios/reset.c;softpc.new/base/keymouse/keyba.c;softpc.new/base/keymouse/keybd_io.c;softpc.new/base/keymouse/ppi.c"	""	""	"selected-mvdm-header; no external package edge"	"classify public compiler/API leaf or resolve spelling"	"mvdm selected union"	"internal-or-selected-input"
"precomp.h"	"127"	"127"	"bde/bdecmds.c;bde/bdeheap.c;bde/bdemisc.c;bde/bdestack.c;bde/bdesym.c;bde/bdeutil.c;bde/data.c;bde/disasm.c;dpmi32/buffer.c;dpmi32/data.c;dpmi32/debug.c;dpmi32/dpmi32.c;dpmi32/dpmiint.c;dpmi32/dpmimemr.c;dpmi32/dpmimscr.c;dpmi32/dpmiselr.c;dpmi32/i386/dpmi386.c;dpmi32/i386/dpmimem.c;dpmi32/i386/dpmimisc.c;dpmi32/int21map.c;dpmi32/modesw.c;dpmi32/register.c;dpmi32/savestat.c;dpmi32/stack.c;dpmi32/vxd.c;dpmi32/xmem.c;vdmexts/data.c;vdmexts/debug.c;vdmexts/dib.c;vdmexts/disasm.c;vdmexts/heap.c;vdmexts/help.c;vdmexts/i386/profile.c;vdmexts/i386/regs.c;vdmexts/i386/vdmtib.c;vdmexts/misc.c;vdmexts/platform.c;vdmexts/reflect.c;vdmexts/stack.c;vdmexts/sym.c;vdmexts/system.c;vdmexts/trace.c;vdmexts/util.c;vdmexts/wow.c;vdmexts/wowprof.c;wow32/debug.c;wow32/mapembed.c;wow32/waccel.c;wow32/walias.c;wow32/walloc16.c;wow32/wcall16.c;wow32/wcall32.c;wow32/wcntl32.c;wow32/wcommdlg.c;wow32/wcurcash.c;wow32/wcuricon.c;wow32/wdde.c;wow32/wddeml32.c;wow32/wdib.c;wow32/wdos.c;wow32/wgdi.c;wow32/wgdi31.c;wow32/wgfont.c;wow32/wgman.c;wow32/wgmeta.c;wow32/wgpal.c;wow32/wgprnset.c;wow32/wgtext.c;wow32/wheap.c;wow32/wkbman.c;wow32/wkernel.c;wow32/wkfileio.c;wow32/wkglobal.c;wow32/wkgthunk.c;wow32/wklocal.c;wow32/wkman.c;wow32/wkmem.c;wow32/wmdisp32.c;wow32/wmmalias.c;wow32/wmmedia.c;wow32/wmmedia1.c;wow32/wmmedia2.c;wow32/wmmstru1.c;wow32/wmmstru2.c;wow32/wmmstruc.c;wow32/wmsg16.c;wow32/wmsgbm.c;wow32/wmsgcb.c;wow32/wmsgem.c;wow32/wmsglb.c;wow32/wmsgsbm.c;wow32/wmtbl32.c;wow32/wole2.c;wow32/wow32.c;wow32/wow32fax.c;wow32/wowhooks.c;wow32/wowtbl.c;wow32/wparam.c;wow32/wreldc.c;wow32/wres16.c;wow32/wres32.c;wow32/wsdata.c;wow32/wsext.c;wow32/wshell.c;wow32/wsman.c;wow32/wspool.c;wow32/wsraw.c;wow32/wstruc.c;wow32/wsubcls.c;wow32/wthman.c;wow32/wucaret.c;wow32/wuclass.c;wow32/wuclip.c;wow32/wucomm.c;wow32/wucursor.c;wow32/wudlg.c;wow32/wuhook.c;wow32/wulang.c;wow32/wuman.c;wow32/wumenu.c;wow32/wumsg.c;wow32/wuser.c;wow32/wuser31.c;wow32/wusercli.c;wow32/wutext.c;wow32/wutmr.c;wow32/wuwind.c"	"base/fs/rdr/bowser/daytona/precomp.h;base/fs/rdr/driver/precomp.h;base/fs/srv/precomp.h;base/ntos/pnp/precomp.h;com/ole2ui32/precomp.h;ds/netapi/svcdlls/browser/server/precomp.h;ds/netapi/svcdlls/browser2/server/precomp.h;ds/netapi/svcdlls/nwsap/client/precomp.h;ds/netapi/svcdlls/nwsap/server/precomp.h;net/sockets/winsock2/dll/winsock2/precomp.h;net/sockets/winsock2/setup/precomp.h;net/sockets/winsock2/ws2help/precomp.h;net/sockets/winsock2/wsp/msafdext/precomp.h;net/sockets/winsock2/wsp/ws2map/precomp.h;net/sockets/winsock2.nt5/dll/winsock2/precomp.h;net/sockets/winsock2.nt5/dll/ws2_rp/msrlsp/precomp.h;net/sockets/winsock2.nt5/setup/precomp.h;net/sockets/winsock2.nt5/util/ws2inst/precomp.h;net/sockets/winsock2.nt5/ws2help/precomp.h;net/sockets/winsock2.nt5/wsp/msafdext/precomp.h;net/sockets/winsock2.nt5/wsp/ws2map/precomp.h;printscan/print/spooler/localspl/precomp.h;printscan/print/spooler/monitors/pjlmon/precomp.h;printscan/print/spooler/splsetup/precomp.h"	"base/fs/rdr;base/fs/srv;base/ntos/pnp;com/ole2ui32/precomp.h;ds/netapi/svcdlls;net/sockets/winsock2;net/sockets/winsock2.nt5;printscan/print/spooler"	"selected-mvdm-header; no external package edge"	"expand owning package/build boundary"	"mvdm selected union"	"internal-or-selected-input"
"printer.h"	"4"	"4"	"softpc.new/base/bios/reset.c;softpc.new/base/comms/printer_.c;softpc.new/base/comms/printer.c;softpc.new/host/src/nt_lpt.c"	"sdktools/wintools/winmsd/printer.h;shell/shell32/printer.h"	"sdktools/wintools/winmsd;shell/shell32/printer.h"	"selected-mvdm-header; no external package edge"	"expand owning package/build boundary"	"mvdm selected union"	"internal-or-selected-input"
"process.h"	"1"	"1"	"softpc.new/host/src/nt_smenu.c"	"base/crts/crtw32/h/process.h;base/crts/libw32/include/process.h;com/ole32/common/cruntime/process.h;public/sdk/inc/crt/process.h;sdktools/jetadmin/inc/process.h;sdktools/sprof/process.h;windows/core/ntuser/kdexts/process.h"	"base/crts/crtw32;base/crts/libw32;com/ole32/common;public/sdk/inc;sdktools/jetadmin/inc;sdktools/sprof/process.h;windows/core/ntuser"	"external-declaration carrier; map to parent source/API at stage two"	"expand owning package/build boundary"	"MSVC CRT / public C runtime"	"modern-public-leaf"
"profile.h"	"1"	"1"	"softpc.new/base/debug/profile.c"	"ds/netapi/svcdlls/rpl/inc/profile.h;sdktools/ntsd/profile.h;sdktools/windiff/windiff/profile.h;sdktools/winmeter/profile.h"	"ds/netapi/svcdlls;sdktools/ntsd/profile.h;sdktools/windiff/windiff;sdktools/winmeter/profile.h"	"selected-mvdm-header; no external package edge"	"expand owning package/build boundary"	"mvdm selected union"	"internal-or-selected-input"
"ptypes32.h"	"2"	"2"	"softpc.new/host/src/nt_com.c;softpc.new/host/src/nt_wcom.c"	"public/sdk/inc/ptypes32.h"	"public/sdk/inc"	"external-declaration carrier; map to parent source/API at stage two"	"expand owning package/build boundary"	"NTDLL/NT native declaration; private calls seed base/ntdll or kernel-contract BFS"	"public-or-private-NT-contract"
"push.h"	"2"	"2"	"softpc.new/base/ccpu386/c_main.c;softpc.new/base/ccpu386/push.c"	""	""	"selected-mvdm-header; no external package edge"	"classify public compiler/API leaf or resolve spelling"	"mvdm selected union"	"internal-or-selected-input"
"pusha.h"	"2"	"2"	"softpc.new/base/ccpu386/c_main.c;softpc.new/base/ccpu386/pusha.c"	""	""	"selected-mvdm-header; no external package edge"	"classify public compiler/API leaf or resolve spelling"	"mvdm selected union"	"internal-or-selected-input"
"pushf.h"	"2"	"2"	"softpc.new/base/ccpu386/c_main.c;softpc.new/base/ccpu386/pushf.c"	""	""	"selected-mvdm-header; no external package edge"	"classify public compiler/API leaf or resolve spelling"	"mvdm selected union"	"internal-or-selected-input"
"quick_ev.h"	"15"	"15"	"softpc.new/base/bios/reset.c;softpc.new/base/bios/tape_io.c;softpc.new/base/comms/com.c;softpc.new/base/comms/printer.c;softpc.new/base/debug/yoda.c;softpc.new/base/disks/fdisk.c;softpc.new/base/disks/fla.c;softpc.new/base/keymouse/keyba.c;softpc.new/base/system/cmos.c;softpc.new/base/system/cmosnt.c;softpc.new/base/system/qevnt.c;softpc.new/base/system/quick_ev.c;softpc.new/base/system/timer.c;softpc.new/host/src/nt_eoi.c;softpc.new/host/src/nt_timer.c"	""	""	"selected-mvdm-header; no external package edge"	"classify public compiler/API leaf or resolve spelling"	"mvdm selected union"	"internal-or-selected-input"
"rcl.h"	"2"	"2"	"softpc.new/base/ccpu386/c_main.c;softpc.new/base/ccpu386/rcl.c"	""	""	"selected-mvdm-header; no external package edge"	"classify public compiler/API leaf or resolve spelling"	"mvdm selected union"	"internal-or-selected-input"
"rcr.h"	"2"	"2"	"softpc.new/base/ccpu386/c_main.c;softpc.new/base/ccpu386/rcr.c"	""	""	"selected-mvdm-header; no external package edge"	"classify public compiler/API leaf or resolve spelling"	"mvdm selected union"	"internal-or-selected-input"
"rdrexp.h"	"2"	"2"	"v86/scaffold/i386/fakebop.c;vdmredir/vrdisp.c"	""	""	"selected-MVDM/platform declaration or firmware input; no non-MVDM package edge"	"classify public compiler/API leaf or resolve spelling"	"mvdm selected union"	"internal-or-selected-input"
"rdrsvc.h"	"1"	"1"	"vdmredir/vrdisp.c"	""	""	"selected-MVDM/platform declaration or firmware input; no non-MVDM package edge"	"classify public compiler/API leaf or resolve spelling"	"mvdm selected union"	"internal-or-selected-input"
"remdef.h"	"1"	"1"	"vdmredir/vrnetapi.c"	"ds/netapi/netcmd/remdef.h;public/internal/ds/inc/remdef.h"	"ds/netapi/netcmd;public/internal/ds"	"external-declaration carrier; map to parent source/API at stage two"	"expand owning package/build boundary"	"DS NetAPI/RAP/Rx package family"	"external-package-or-declaration"
"remtypes.h"	"2"	"2"	"vdmredir/vrnetapi.c;vdmredir/vrremote.c"	"public/internal/ds/inc/remtypes.h"	"public/internal/ds"	"external-declaration carrier; map to parent source/API at stage two"	"expand owning package/build boundary"	"DS NetAPI/RAP/Rx package family"	"external-package-or-declaration"
"ret.h"	"2"	"2"	"softpc.new/base/ccpu386/c_main.c;softpc.new/base/ccpu386/ret.c"	""	""	"selected-mvdm-header; no external package edge"	"classify public compiler/API leaf or resolve spelling"	"mvdm selected union"	"internal-or-selected-input"
"rol.h"	"2"	"2"	"softpc.new/base/ccpu386/c_main.c;softpc.new/base/ccpu386/rol.c"	""	""	"selected-mvdm-header; no external package edge"	"classify public compiler/API leaf or resolve spelling"	"mvdm selected union"	"internal-or-selected-input"
"rom.h"	"3"	"3"	"softpc.new/base/bios/reset.c;softpc.new/base/ccpu386/ccpusas4.c;softpc.new/base/system/rom.c"	""	""	"selected-mvdm-header; no external package edge"	"classify public compiler/API leaf or resolve spelling"	"mvdm selected union"	"internal-or-selected-input"
"ror.h"	"2"	"2"	"softpc.new/base/ccpu386/c_main.c;softpc.new/base/ccpu386/ror.c"	""	""	"selected-mvdm-header; no external package edge"	"classify public compiler/API leaf or resolve spelling"	"mvdm selected union"	"internal-or-selected-input"
"rs232.h"	"7"	"7"	"softpc.new/base/bios/reset.c;softpc.new/base/comms/com.c;softpc.new/base/comms/rs232_io.c;softpc.new/base/support/terminat.c;softpc.new/host/src/nt_com.c;softpc.new/host/src/nt_wcom.c;softpc.new/host/src/stf_conf.c"	""	""	"selected-mvdm-header; no external package edge"	"classify public compiler/API leaf or resolve spelling"	"mvdm selected union"	"internal-or-selected-input"
"rsrvd.h"	"2"	"2"	"softpc.new/base/ccpu386/c_main.c;softpc.new/base/ccpu386/rsrvd.c"	""	""	"selected-mvdm-header; no external package edge"	"classify public compiler/API leaf or resolve spelling"	"mvdm selected union"	"internal-or-selected-input"
"rtc_bios.h"	"4"	"4"	"softpc.new/base/bios/cmos_bis.c;softpc.new/base/bios/rtc_bios.c;softpc.new/base/bios/tape_io.c;softpc.new/base/disks/floppy.c"	""	""	"selected-mvdm-header; no external package edge"	"classify public compiler/API leaf or resolve spelling"	"mvdm selected union"	"internal-or-selected-input"
"rxp.h"	"2"	"2"	"vdmredir/vrnetapi.c;vdmredir/vrremote.c"	"public/internal/ds/inc/rxp.h"	"public/internal/ds"	"external-declaration carrier; map to parent source/API at stage two"	"expand owning package/build boundary"	"DS NetAPI/RAP/Rx package family"	"external-package-or-declaration"
"rxuser.h"	"1"	"1"	"vdmredir/vrnetapi.c"	"public/internal/ds/inc/rxuser.h"	"public/internal/ds"	"external-declaration carrier; map to parent source/API at stage two"	"expand owning package/build boundary"	"DS NetAPI/RAP/Rx package family"	"external-package-or-declaration"
"sahf.h"	"2"	"2"	"softpc.new/base/ccpu386/c_main.c;softpc.new/base/ccpu386/sahf.c"	""	""	"selected-mvdm-header; no external package edge"	"classify public compiler/API leaf or resolve spelling"	"mvdm selected union"	"internal-or-selected-input"
"sar.h"	"2"	"2"	"softpc.new/base/ccpu386/c_main.c;softpc.new/base/ccpu386/sar.c"	""	""	"selected-mvdm-header; no external package edge"	"classify public compiler/API leaf or resolve spelling"	"mvdm selected union"	"internal-or-selected-input"
"sas.h"	"101"	"101"	"softpc.new/base/bios/bootstra.c;softpc.new/base/bios/build_id.c;softpc.new/base/bios/cmos_bis.c;softpc.new/base/bios/emm_fncs.c;softpc.new/base/bios/equipmnt.c;softpc.new/base/bios/ill_bop.c;softpc.new/base/bios/mem_size.c;softpc.new/base/bios/reset.c;softpc.new/base/bios/rom_basc.c;softpc.new/base/bios/rtc_bios.c;softpc.new/base/bios/slave_bs.c;softpc.new/base/bios/tape_io.c;softpc.new/base/bios/virtual.c;softpc.new/base/ccpu386/c_main.c;softpc.new/base/ccpu386/c_xtrn.c;softpc.new/base/ccpu386/ccpupig.c;softpc.new/base/ccpu386/ccpusas4.c;softpc.new/base/ccpu386/ntstubs.c;softpc.new/base/ccpu386/sascdef.c;softpc.new/base/ccpu386/zfrsrvd.c;softpc.new/base/comms/com.c;softpc.new/base/comms/printer_.c;softpc.new/base/comms/printer.c;softpc.new/base/comms/rs232_io.c;softpc.new/base/cvidc/accessfn.c;softpc.new/base/cvidc/sascdef.c;softpc.new/base/dasm386/dasm386.c;softpc.new/base/debug/btrace.c;softpc.new/base/debug/dasm.c;softpc.new/base/debug/ega_dump.c;softpc.new/base/debug/pigyoda.c;softpc.new/base/debug/trace.c;softpc.new/base/debug/yoda.c;softpc.new/base/disks/diskbios.c;softpc.new/base/disks/fdisk.c;softpc.new/base/disks/floppy_i.c;softpc.new/base/disks/floppy.c;softpc.new/base/disks/gfi_mpty.c;softpc.new/base/disks/gfi_test.c;softpc.new/base/disks/gfi.c;softpc.new/base/dos/emm_mngr.c;softpc.new/base/keymouse/keyba.c;softpc.new/base/keymouse/keybd_io.c;softpc.new/base/keymouse/mouse_io.c;softpc.new/base/keymouse/mouse.c;softpc.new/base/support/ios.c;softpc.new/base/support/main.c;softpc.new/base/support/time_day.c;softpc.new/base/support/xt.c;softpc.new/base/system/at_dma.c;softpc.new/base/system/cmos.c;softpc.new/base/system/cmosnt.c;softpc.new/base/system/illegalp.c;softpc.new/base/system/rom.c;softpc.new/base/system/timer.c;softpc.new/base/system/unexp_nt.c;softpc.new/base/video/cga.c;softpc.new/base/video/ega_dmmy.c;softpc.new/base/video/ega_prts.c;softpc.new/base/video/ega_read.c;softpc.new/base/video/ega_trcr.c;softpc.new/base/video/ega_vide.c;softpc.new/base/video/egawrtm0.c;softpc.new/base/video/egwrtm12.c;softpc.new/base/video/ga_glue.c;softpc.new/base/video/gfx_updt.c;softpc.new/base/video/gvi.c;softpc.new/base/video/v7_video.c;softpc.new/base/video/vga_prts.c;softpc.new/base/video/vga_vide.c;softpc.new/base/video/video.c;softpc.new/host/src/config.c;softpc.new/host/src/nt_aorc.c;softpc.new/host/src/nt_bop.c;softpc.new/host/src/nt_cga.c;softpc.new/host/src/nt_cprgs.c;softpc.new/host/src/nt_cpu.c;softpc.new/host/src/nt_det.c;softpc.new/host/src/nt_ega.c;softpc.new/host/src/nt_emm.c;softpc.new/host/src/nt_eoi.c;softpc.new/host/src/nt_error.c;softpc.new/host/src/nt_event.c;softpc.new/host/src/nt_fulsc.c;softpc.new/host/src/nt_graph.c;softpc.new/host/src/nt_hunt.c;softpc.new/host/src/nt_input.c;softpc.new/host/src/nt_lpt.c;softpc.new/host/src/nt_mem.c;softpc.new/host/src/nt_mouse.c;softpc.new/host/src/nt_msscs.c;softpc.new/host/src/nt_reset.c;softpc.new/host/src/nt_sas.c;softpc.new/host/src/nt_timer.c;softpc.new/host/src/nt_umb.c;softpc.new/host/src/nt_unix.c;softpc.new/host/src/nt_vdd.c;softpc.new/host/src/nt_vflop.c;softpc.new/host/src/sim32.c;softpc.new/host/src/stubs.c;softpc.new/host/src/x86_emm.c"	""	""	"selected-mvdm-header; no external package edge"	"classify public compiler/API leaf or resolve spelling"	"mvdm selected union"	"internal-or-selected-input"
"sasp.h"	"1"	"1"	"softpc.new/base/ccpu386/ccpusas4.c"	""	""	"selected-mvdm-header; no external package edge"	"classify public compiler/API leaf or resolve spelling"	"mvdm selected union"	"internal-or-selected-input"
"sbb.h"	"2"	"2"	"softpc.new/base/ccpu386/c_main.c;softpc.new/base/ccpu386/sbb.c"	""	""	"selected-mvdm-header; no external package edge"	"classify public compiler/API leaf or resolve spelling"	"mvdm selected union"	"internal-or-selected-input"
"setjmp.h"	"3"	"3"	"softpc.new/base/ccpu386/c_main.c;softpc.new/base/ccpu386/c_xtrn.c;softpc.new/base/ccpu386/ntthread.c"	"base/crts/crtw32/h/setjmp.h;base/crts/libw32/include/setjmp.h;public/sdk/inc/crt/setjmp.h;public/sdk/inc/posix/setjmp.h;sdktools/jetadmin/inc/setjmp.h"	"base/crts/crtw32;base/crts/libw32;public/sdk/inc;sdktools/jetadmin/inc"	"external-declaration carrier; map to parent source/API at stage two"	"expand owning package/build boundary"	"MSVC CRT / public C runtime"	"modern-public-leaf"
"setxx.h"	"2"	"2"	"softpc.new/base/ccpu386/c_main.c;softpc.new/base/ccpu386/setxx.c"	""	""	"selected-mvdm-header; no external package edge"	"classify public compiler/API leaf or resolve spelling"	"mvdm selected union"	"internal-or-selected-input"
"sgdt.h"	"2"	"2"	"softpc.new/base/ccpu386/c_main.c;softpc.new/base/ccpu386/sgdt.c"	""	""	"selected-mvdm-header; no external package edge"	"classify public compiler/API leaf or resolve spelling"	"mvdm selected union"	"internal-or-selected-input"
"sharewow.h"	"3"	"3"	"vdmdbg/vdmdbg.c;wow32/wkman.c;wow32/wow32.c"	""	""	"selected-MVDM/platform declaration or firmware input; no non-MVDM package edge"	"classify public compiler/API leaf or resolve spelling"	"mvdm selected union"	"internal-or-selected-input"
"shellapi.h"	"1"	"1"	"vdmutils/pifedit/pifedit.c"	"com/ole32/olethunk/ole16/inc/shellapi.h;public/internal/shell/inc/shellapi.h;public/sdk/inc/shellapi.h;sdktools/jetadmin/inc/shellapi.h;sdktools/jetadmin/sdk/inc32/shellapi.h"	"com/ole32/olethunk;public/internal/shell;public/sdk/inc;sdktools/jetadmin/inc;sdktools/jetadmin/sdk"	"external-declaration carrier; map to parent source/API at stage two"	"expand owning package/build boundary"	"modern public Win32 UI/console/spool binding; private historical entrypoints seed ntcon/ntuser/ntgdi BFS"	"public-api-or-private-client-candidate"
"shl.h"	"2"	"2"	"softpc.new/base/ccpu386/c_main.c;softpc.new/base/ccpu386/shl.c"	""	""	"selected-mvdm-header; no external package edge"	"classify public compiler/API leaf or resolve spelling"	"mvdm selected union"	"internal-or-selected-input"
"shld.h"	"2"	"2"	"softpc.new/base/ccpu386/c_main.c;softpc.new/base/ccpu386/shld.c"	""	""	"selected-mvdm-header; no external package edge"	"classify public compiler/API leaf or resolve spelling"	"mvdm selected union"	"internal-or-selected-input"
"shr.h"	"2"	"2"	"softpc.new/base/ccpu386/c_main.c;softpc.new/base/ccpu386/shr.c"	""	""	"selected-mvdm-header; no external package edge"	"classify public compiler/API leaf or resolve spelling"	"mvdm selected union"	"internal-or-selected-input"
"shrd.h"	"2"	"2"	"softpc.new/base/ccpu386/c_main.c;softpc.new/base/ccpu386/shrd.c"	""	""	"selected-mvdm-header; no external package edge"	"classify public compiler/API leaf or resolve spelling"	"mvdm selected union"	"internal-or-selected-input"
"sidt.h"	"2"	"2"	"softpc.new/base/ccpu386/c_main.c;softpc.new/base/ccpu386/sidt.c"	""	""	"selected-mvdm-header; no external package edge"	"classify public compiler/API leaf or resolve spelling"	"mvdm selected union"	"internal-or-selected-input"
"signal.h"	"2"	"2"	"softpc.new/base/debug/yoda.c;softpc.new/host/src/nt_timer.c"	"base/crts/crtw32/h/signal.h;base/crts/libw32/include/signal.h;public/sdk/inc/crt/signal.h;public/sdk/inc/posix/signal.h;sdktools/jetadmin/inc/signal.h"	"base/crts/crtw32;base/crts/libw32;public/sdk/inc;sdktools/jetadmin/inc"	"external-declaration carrier; map to parent source/API at stage two"	"expand owning package/build boundary"	"MSVC CRT / public C runtime"	"modern-public-leaf"
"sim32.h"	"5"	"5"	"sim32/sim32.c;softpc.new/host/src/nt_bop.c;softpc.new/host/src/nt_cpu.c;softpc.new/host/src/nt_msscs.c;softpc.new/host/src/sim32.c"	""	""	"selected-mvdm-header; no external package edge"	"classify public compiler/API leaf or resolve spelling"	"mvdm selected union"	"internal-or-selected-input"
"SLAVE_FLOPPY.seg"	"2"	"2"	"softpc.new/base/disks/gfi_ibm.c;softpc.new/base/disks/gfi_sflp.c"	""	""	"selected MVDM SoftPC firmware/generated segment; no non-MVDM package edge"	"classify public compiler/API leaf or resolve spelling"	"mvdm selected union"	"internal-or-selected-input"
"sldt.h"	"2"	"2"	"softpc.new/base/ccpu386/c_main.c;softpc.new/base/ccpu386/sldt.c"	""	""	"selected-mvdm-header; no external package edge"	"classify public compiler/API leaf or resolve spelling"	"mvdm selected union"	"internal-or-selected-input"
"smbgtpt.h"	"5"	"5"	"vdmredir/vrdisp.c;vdmredir/vrdlc5c.c;vdmredir/vrdlcdbg.c;vdmredir/vrnetb.c;vdmredir/vrremote.c"	"public/internal/base/inc/smbgtpt.h"	"public/internal/base"	"external-declaration carrier; map to parent source/API at stage two"	"expand owning package/build boundary"	"base/win32 VDM + BaseClient contract"	"external-package-or-declaration"
"smeg_head.h"	"1"	"1"	"softpc.new/base/system/idetect.c"	""	""	"selected MVDM local generated/header input; source-layout reconciliation, no non-MVDM package edge"	"classify public compiler/API leaf or resolve spelling"	"mvdm selected union"	"internal-or-selected-input"
"smsw.h"	"2"	"2"	"softpc.new/base/ccpu386/c_main.c;softpc.new/base/ccpu386/smsw.c"	""	""	"selected-mvdm-header; no external package edge"	"classify public compiler/API leaf or resolve spelling"	"mvdm selected union"	"internal-or-selected-input"
"SOFTPC_BIOS.seg"	"10"	"10"	"softpc.new/base/bios/equipmnt.c;softpc.new/base/bios/ill_bop.c;softpc.new/base/bios/mem_size.c;softpc.new/base/bios/tape_io.c;softpc.new/base/comms/printer_.c;softpc.new/base/comms/rs232_io.c;softpc.new/base/keymouse/keybd_io.c;softpc.new/base/support/time_day.c;softpc.new/base/system/dummy_nt.c;softpc.new/base/video/gvi.c"	""	""	"selected MVDM SoftPC firmware/generated segment; no non-MVDM package edge"	"classify public compiler/API leaf or resolve spelling"	"mvdm selected union"	"internal-or-selected-input"
"SOFTPC_CGA.seg"	"1"	"1"	"softpc.new/base/video/cga.c"	""	""	"selected MVDM SoftPC firmware/generated segment; no non-MVDM package edge"	"classify public compiler/API leaf or resolve spelling"	"mvdm selected union"	"internal-or-selected-input"
"SOFTPC_CMOS.seg"	"2"	"2"	"softpc.new/base/bios/cmos_bis.c;softpc.new/base/system/cmos.c"	""	""	"selected MVDM SoftPC firmware/generated segment; no non-MVDM package edge"	"classify public compiler/API leaf or resolve spelling"	"mvdm selected union"	"internal-or-selected-input"
"SOFTPC_COMMS.seg"	"1"	"1"	"softpc.new/base/comms/com.c"	""	""	"selected MVDM SoftPC firmware/generated segment; no non-MVDM package edge"	"classify public compiler/API leaf or resolve spelling"	"mvdm selected union"	"internal-or-selected-input"
"SOFTPC_EGA_CHN.seg"	"1"	"1"	"softpc.new/base/video/egwrtm12.c"	""	""	"selected MVDM SoftPC firmware/generated segment; no non-MVDM package edge"	"classify public compiler/API leaf or resolve spelling"	"mvdm selected union"	"internal-or-selected-input"
"SOFTPC_EGA_WRITE.seg"	"2"	"2"	"softpc.new/base/video/egawrtm0.c;softpc.new/base/video/egwrtm12.c"	""	""	"selected MVDM SoftPC firmware/generated segment; no non-MVDM package edge"	"classify public compiler/API leaf or resolve spelling"	"mvdm selected union"	"internal-or-selected-input"
"SOFTPC_EGA.seg"	"16"	"8"	"softpc.new/base/video/ega_dmmy.c;softpc.new/base/video/ega_mode.c;softpc.new/base/video/ega_prts.c;softpc.new/base/video/ega_read.c;softpc.new/base/video/ega_writ.c;softpc.new/base/video/egawrtm0.c;softpc.new/base/video/egwrtm12.c;softpc.new/base/video/gfx_updt.c"	""	""	"selected MVDM SoftPC firmware/generated segment; no non-MVDM package edge"	"classify public compiler/API leaf or resolve spelling"	"mvdm selected union"	"internal-or-selected-input"
"SOFTPC_ERROR.seg"	"4"	"4"	"softpc.new/base/debug/btrace.c;softpc.new/base/debug/trace.c;softpc.new/base/system/illegalp.c;softpc.new/base/system/unexp_nt.c"	""	""	"selected MVDM SoftPC firmware/generated segment; no non-MVDM package edge"	"classify public compiler/API leaf or resolve spelling"	"mvdm selected union"	"internal-or-selected-input"
"SOFTPC_FLOPPY.seg"	"5"	"5"	"softpc.new/base/disks/fla.c;softpc.new/base/disks/floppy_i.c;softpc.new/base/disks/floppy.c;softpc.new/base/disks/gfi_mpty.c;softpc.new/base/disks/gfi.c"	""	""	"selected MVDM SoftPC firmware/generated segment; no non-MVDM package edge"	"classify public compiler/API leaf or resolve spelling"	"mvdm selected union"	"internal-or-selected-input"
"SOFTPC_GRAPHICS.seg"	"11"	"3"	"softpc.new/base/video/ega_read.c;softpc.new/base/video/ega_writ.c;softpc.new/base/video/gfx_updt.c"	""	""	"selected MVDM SoftPC firmware/generated segment; no non-MVDM package edge"	"classify public compiler/API leaf or resolve spelling"	"mvdm selected union"	"internal-or-selected-input"
"SOFTPC_HDA.seg"	"1"	"1"	"softpc.new/base/disks/fdisk.c"	""	""	"selected MVDM SoftPC firmware/generated segment; no non-MVDM package edge"	"classify public compiler/API leaf or resolve spelling"	"mvdm selected union"	"internal-or-selected-input"
"SOFTPC_ICA.seg"	"1"	"1"	"softpc.new/base/system/ica.c"	""	""	"selected MVDM SoftPC firmware/generated segment; no non-MVDM package edge"	"classify public compiler/API leaf or resolve spelling"	"mvdm selected union"	"internal-or-selected-input"
"SOFTPC_INIT.seg"	"23"	"23"	"softpc.new/base/bios/bootstra.c;softpc.new/base/bios/emm_fncs.c;softpc.new/base/bios/reset.c;softpc.new/base/comms/com.c;softpc.new/base/comms/printer.c;softpc.new/base/disks/fla.c;softpc.new/base/disks/floppy_i.c;softpc.new/base/disks/floppy.c;softpc.new/base/disks/gfi.c;softpc.new/base/keymouse/keyba.c;softpc.new/base/keymouse/keybd_io.c;softpc.new/base/keymouse/mouse.c;softpc.new/base/keymouse/ppi.c;softpc.new/base/support/ios.c;softpc.new/base/support/terminat.c;softpc.new/base/support/time_day.c;softpc.new/base/system/at_dma.c;softpc.new/base/system/cmos.c;softpc.new/base/system/ica.c;softpc.new/base/system/timer.c;softpc.new/base/video/cga.c;softpc.new/base/video/gvi.c;softpc.new/base/video/video.c"	""	""	"selected MVDM SoftPC firmware/generated segment; no non-MVDM package edge"	"classify public compiler/API leaf or resolve spelling"	"mvdm selected union"	"internal-or-selected-input"
"SOFTPC_INPUT.seg"	"1"	"1"	"softpc.new/base/keymouse/mouse.c"	""	""	"selected MVDM SoftPC firmware/generated segment; no non-MVDM package edge"	"classify public compiler/API leaf or resolve spelling"	"mvdm selected union"	"internal-or-selected-input"
"SOFTPC_IOS.seg"	"1"	"1"	"softpc.new/base/support/ios.c"	""	""	"selected MVDM SoftPC firmware/generated segment; no non-MVDM package edge"	"classify public compiler/API leaf or resolve spelling"	"mvdm selected union"	"internal-or-selected-input"
"SOFTPC_LIM.seg"	"4"	"2"	"softpc.new/base/bios/emm_fncs.c;softpc.new/base/dos/emm_mngr.c"	""	""	"selected MVDM SoftPC firmware/generated segment; no non-MVDM package edge"	"classify public compiler/API leaf or resolve spelling"	"mvdm selected union"	"internal-or-selected-input"
"SOFTPC_LIM2.seg"	"1"	"1"	"softpc.new/base/dos/emm_mngr.c"	""	""	"selected MVDM SoftPC firmware/generated segment; no non-MVDM package edge"	"classify public compiler/API leaf or resolve spelling"	"mvdm selected union"	"internal-or-selected-input"
"SOFTPC_MOUSE.seg"	"2"	"2"	"softpc.new/base/keymouse/mouse_io.c;softpc.new/base/keymouse/mouse.c"	""	""	"selected MVDM SoftPC firmware/generated segment; no non-MVDM package edge"	"classify public compiler/API leaf or resolve spelling"	"mvdm selected union"	"internal-or-selected-input"
"SOFTPC_PPI.seg"	"1"	"1"	"softpc.new/base/keymouse/keyba.c"	""	""	"selected MVDM SoftPC firmware/generated segment; no non-MVDM package edge"	"classify public compiler/API leaf or resolve spelling"	"mvdm selected union"	"internal-or-selected-input"
"SOFTPC_PRINTER.seg"	"1"	"1"	"softpc.new/base/comms/printer.c"	""	""	"selected MVDM SoftPC firmware/generated segment; no non-MVDM package edge"	"classify public compiler/API leaf or resolve spelling"	"mvdm selected union"	"internal-or-selected-input"
"SOFTPC_QUICKEV.seg"	"1"	"1"	"softpc.new/base/system/quick_ev.c"	""	""	"selected MVDM SoftPC firmware/generated segment; no non-MVDM package edge"	"classify public compiler/API leaf or resolve spelling"	"mvdm selected union"	"internal-or-selected-input"
"SOFTPC_SUPPORT.seg"	"5"	"5"	"softpc.new/base/bios/rom_basc.c;softpc.new/base/ccpu386/ccpusas4.c;softpc.new/base/keymouse/ppi.c;softpc.new/base/system/timer.c;softpc.new/base/system/timestrb.c"	""	""	"selected MVDM SoftPC firmware/generated segment; no non-MVDM package edge"	"classify public compiler/API leaf or resolve spelling"	"mvdm selected union"	"internal-or-selected-input"
"SOFTPC_TEST_FLOPPY.seg"	"1"	"1"	"softpc.new/base/disks/gfi_test.c"	""	""	"selected MVDM SoftPC firmware/generated segment; no non-MVDM package edge"	"classify public compiler/API leaf or resolve spelling"	"mvdm selected union"	"internal-or-selected-input"
"SOFTPC_VGA.seg"	"3"	"3"	"softpc.new/base/video/v7_ports.c;softpc.new/base/video/vga_mode.c;softpc.new/base/video/vga_prts.c"	""	""	"selected MVDM SoftPC firmware/generated segment; no non-MVDM package edge"	"classify public compiler/API leaf or resolve spelling"	"mvdm selected union"	"internal-or-selected-input"
"softpc.h"	"65"	"65"	"dbg/dbg.c;dos/command/cmdconf.c;dos/command/cmddisp.c;dos/command/cmdenv.c;dos/command/cmdexec.c;dos/command/cmdexit.c;dos/command/cmdkeyb.c;dos/command/cmdmisc.c;dos/command/cmdpif.c;dos/command/cmdredir.c;dos/dem/demdasd.c;dos/dem/demdir.c;dos/dem/demdisp.c;dos/dem/demerror.c;dos/dem/demfcb.c;dos/dem/demfile.c;dos/dem/demgset.c;dos/dem/demhndl.c;dos/dem/demioctl.c;dos/dem/demlabel.c;dos/dem/demlock.c;dos/dem/demmisc.c;dos/dem/demsrch.c;dpmi32/buffer.c;dpmi32/debug.c;dpmi32/dpmi32.c;dpmi32/dpmiint.c;dpmi32/dpmimemr.c;dpmi32/dpmimscr.c;dpmi32/dpmiselr.c;dpmi32/i386/dpmi386.c;dpmi32/i386/dpmimem.c;dpmi32/i386/dpmimisc.c;dpmi32/int21map.c;dpmi32/modesw.c;dpmi32/register.c;dpmi32/savestat.c;dpmi32/stack.c;dpmi32/vxd.c;dpmi32/xmem.c;v86/scaffold/i386/fakebop.c;v86/scaffold/i386/fakeinit.c;v86/scaffold/i386/fakekbd.c;v86/scaffold/i386/fakevid.c;v86/scaffold/i386/softpc.c;vdmredir/vrdebug.c;vdmredir/vrdisp.c;vdmredir/vrdlc5c.c;vdmredir/vrdlcbuf.c;vdmredir/vrdlcdbg.c;vdmredir/vrdlcpst.c;vdmredir/vrinit.c;vdmredir/vrmisc.c;vdmredir/vrmslot.c;vdmredir/vrnetapi.c;vdmredir/vrnetb.c;vdmredir/vrnmpipe.c;vdmredir/vrputil.c;vdmredir/vrremote.c;xms.486/xmsa20.c;xms.486/xmsblock.c;xms.486/xmsdisp.c;xms.486/xmsmemr.c;xms.486/xmsmisc.c;xms.486/xmsumb.c"	""	""	"selected-MVDM/platform declaration or firmware input; no non-MVDM package edge"	"classify public compiler/API leaf or resolve spelling"	"mvdm selected union"	"internal-or-selected-input"
"spcfile.h"	"7"	"7"	"softpc.new/base/system/cmos.c;softpc.new/base/system/cmosnt.c;softpc.new/host/src/config.c;softpc.new/host/src/nt_event.c;softpc.new/host/src/nt_input.c;softpc.new/host/src/nt_rez.c;softpc.new/host/src/nt_unix.c"	""	""	"selected-mvdm-header; no external package edge"	"classify public compiler/API leaf or resolve spelling"	"mvdm selected union"	"internal-or-selected-input"
"stc.h"	"2"	"2"	"softpc.new/base/ccpu386/c_main.c;softpc.new/base/ccpu386/stc.c"	""	""	"selected-mvdm-header; no external package edge"	"classify public compiler/API leaf or resolve spelling"	"mvdm selected union"	"internal-or-selected-input"
"std.h"	"2"	"2"	"softpc.new/base/ccpu386/c_main.c;softpc.new/base/ccpu386/std.c"	""	""	"selected-mvdm-header; no external package edge"	"classify public compiler/API leaf or resolve spelling"	"mvdm selected union"	"internal-or-selected-input"
"stdarg.h"	"4"	"4"	"softpc.new/host/src/fprt.c;vdmredir/vrdebug.c;vdmredir/vrdlcdbg.c;wow32/wow32.c"	"base/crts/crtw32/h/stdarg.h;base/crts/libw32/include/stdarg.h;com/ole32/olethunk/ole16/inc/stdarg.h;public/sdk/inc/crt/stdarg.h;sdktools/jetadmin/inc/stdarg.h"	"base/crts/crtw32;base/crts/libw32;com/ole32/olethunk;public/sdk/inc;sdktools/jetadmin/inc"	"external-declaration carrier; map to parent source/API at stage two"	"expand owning package/build boundary"	"MSVC CRT / public C runtime"	"modern-public-leaf"
"stddef.h"	"1"	"1"	"wow32/wgdi.c"	"base/crts/crtw32/h/stddef.h;base/crts/libw32/include/stddef.h;public/sdk/inc/crt/stddef.h;sdktools/jetadmin/inc/stddef.h"	"base/crts/crtw32;base/crts/libw32;public/sdk/inc;sdktools/jetadmin/inc"	"external-declaration carrier; map to parent source/API at stage two"	"expand owning package/build boundary"	"MSVC CRT / public C runtime"	"modern-public-leaf"
"stdio.h"	"157"	"155"	"dbg/dbg.c;dos/dem/demdasd.c;dos/dem/demdisp.c;dos/dem/demmisc.c;dos/dem/demmsg.c;dpmi32/i386/dpmimisc.c;ieuvddex/i386/profile.c;ieuvddex/i386/regs.c;ieuvddex/i386/vdmtib.c;ieuvddex/pmode.c;ieuvddex/system.c;ieuvddex/trace.c;oemuni/toemuni.c;softpc.new/base/bios/bios.c;softpc.new/base/bios/bootstra.c;softpc.new/base/bios/emm_fncs.c;softpc.new/base/bios/equipmnt.c;softpc.new/base/bios/ill_bop.c;softpc.new/base/bios/mem_size.c;softpc.new/base/bios/reset.c;softpc.new/base/bios/rom_basc.c;softpc.new/base/bios/tape_io.c;softpc.new/base/bios/virtual.c;softpc.new/base/ccpu386/bswap.c;softpc.new/base/ccpu386/c_main.c;softpc.new/base/ccpu386/c_tlb.c;softpc.new/base/ccpu386/c_tsksw.c;softpc.new/base/ccpu386/c_xcptn.c;softpc.new/base/ccpu386/c_xtrn.c;softpc.new/base/ccpu386/ccpusas4.c;softpc.new/base/ccpu386/mov.c;softpc.new/base/ccpu386/ntthread.c;softpc.new/base/ccpu386/sascdef.c;softpc.new/base/comms/com.c;softpc.new/base/comms/printer_.c;softpc.new/base/comms/printer.c;softpc.new/base/comms/rs232_io.c;softpc.new/base/dasm386/dasm386.c;softpc.new/base/debug/btrace.c;softpc.new/base/debug/dasm.c;softpc.new/base/debug/ega_dump.c;softpc.new/base/debug/pigyoda.c;softpc.new/base/debug/profile.c;softpc.new/base/debug/trace.c;softpc.new/base/debug/yoda.c;softpc.new/base/disks/diskbios.c;softpc.new/base/disks/fdisk.c;softpc.new/base/disks/fla.c;softpc.new/base/disks/floppy_i.c;softpc.new/base/disks/floppy.c;softpc.new/base/disks/gfi_ibm.c;softpc.new/base/disks/gfi_mpty.c;softpc.new/base/disks/gfi_sflp.c;softpc.new/base/disks/gfi_test.c;softpc.new/base/disks/gfi.c;softpc.new/base/dos/emm_mngr.c;softpc.new/base/keymouse/keyba.c;softpc.new/base/keymouse/keybd_io.c;softpc.new/base/keymouse/mouse_io.c;softpc.new/base/keymouse/mouse.c;softpc.new/base/keymouse/ppi.c;softpc.new/base/support/ios.c;softpc.new/base/support/main.c;softpc.new/base/support/terminat.c;softpc.new/base/support/time_day.c;softpc.new/base/support/xt.c;softpc.new/base/system/at_dma.c;softpc.new/base/system/cmos.c;softpc.new/base/system/cmosnt.c;softpc.new/base/system/ica.c;softpc.new/base/system/illegalp.c;softpc.new/base/system/qevnt.c;softpc.new/base/system/quick_ev.c;softpc.new/base/system/rom.c;softpc.new/base/system/timer.c;softpc.new/base/system/timestrb.c;softpc.new/base/video/cga.c;softpc.new/base/video/ega_trcr.c;softpc.new/base/video/ega_vide.c;softpc.new/base/video/ega_writ.c;softpc.new/base/video/ga_glue.c;softpc.new/base/video/gfx_updt.c;softpc.new/base/video/gvi.c;softpc.new/base/video/vga_vide.c;softpc.new/base/video/video_io.c;softpc.new/base/video/video.c;softpc.new/convert/convert.c;softpc.new/dat2obj/dat2obj.c;softpc.new/debugger/vdmdebug.c;softpc.new/host/src/config.c;softpc.new/host/src/fprt.c;softpc.new/host/src/nt_bop.c;softpc.new/host/src/nt_cga.c;softpc.new/host/src/nt_com.c;softpc.new/host/src/nt_cprgs.c;softpc.new/host/src/nt_cpu.c;softpc.new/host/src/nt_ega.c;softpc.new/host/src/nt_emm.c;softpc.new/host/src/nt_eoi.c;softpc.new/host/src/nt_error.c;softpc.new/host/src/nt_event.c;softpc.new/host/src/nt_fdisk.c;softpc.new/host/src/nt_graph.c;softpc.new/host/src/nt_hfx.c;softpc.new/host/src/nt_hosts.c;softpc.new/host/src/nt_hunt.c;softpc.new/host/src/nt_input.c;softpc.new/host/src/nt_mouse.c;softpc.new/host/src/nt_msscs.c;softpc.new/host/src/nt_nls.c;softpc.new/host/src/nt_ntfun.c;softpc.new/host/src/nt_pif.c;softpc.new/host/src/nt_reset.c;softpc.new/host/src/nt_rez.c;softpc.new/host/src/nt_rflop.c;softpc.new/host/src/nt_sec.c;softpc.new/host/src/nt_smenu.c;softpc.new/host/src/nt_sound.c;softpc.new/host/src/nt_timer.c;softpc.new/host/src/nt_unix.c;softpc.new/host/src/nt_vdd.c;softpc.new/host/src/nt_vflop.c;softpc.new/host/src/nt_vga.c;softpc.new/host/src/nt_wcom.c;softpc.new/host/src/nt_yoda.c;softpc.new/host/src/sim32.c;softpc.new/host/src/stf_conf.c;softpc.new/host/src/stubs.c;softpc.new/rename/rename.c;suballoc/tsa.c;v86/monitor/i386/proflib.c;v86/monitor/i386/sas.c;v86/monitor/i386/spcstubs.c;v86/scaffold/i386/fakebop.c;v86/scaffold/i386/fakeinit.c;v86/scaffold/i386/fakekbd.c;v86/scaffold/i386/fakevid.c;v86/scaffold/i386/softpc.c;vdd/samples/adlibvdd/vdd.c;vdd/samples/vsbd/vdd.c;vdmdbg/vdmdbg.c;vdmexts/debug.c;vdmexts/i386/profile.c;vdmexts/i386/regs.c;vdmexts/i386/vdmtib.c;vdmredir/vrdebug.c;vdmredir/vrdlcdbg.c;vdmredir/vrdll.c;vdmredir/vrnmpipe.c;vdmredir/vrputil.c;vdmutils/forcedos/forcedos.c;vdmutils/graftabl/graftabl.c;vdmutils/pifedit/mods.c;vdmutils/win/win.c;xms.486/xmsdisp.c"	"base/crts/crtw32/h/stdio.h;base/crts/libw32/include/stdio.h;com/ole32/olethunk/ole16/inc/stdio.h;public/sdk/inc/crt/stdio.h;sdktools/jetadmin/inc/stdio.h"	"base/crts/crtw32;base/crts/libw32;com/ole32/olethunk;public/sdk/inc;sdktools/jetadmin/inc"	"external-declaration carrier; map to parent source/API at stage two"	"expand owning package/build boundary"	"MSVC CRT / public C runtime"	"modern-public-leaf"
"stdlib.h"	"86"	"86"	"softpc.new/base/bios/ill_bop.c;softpc.new/base/bios/reset.c;softpc.new/base/ccpu386/c_main.c;softpc.new/base/ccpu386/ccpusas4.c;softpc.new/base/ccpu386/ntthread.c;softpc.new/base/cvidc/sevid000.c;softpc.new/base/cvidc/sevid001.c;softpc.new/base/cvidc/sevid002.c;softpc.new/base/cvidc/sevid003.c;softpc.new/base/cvidc/sevid004.c;softpc.new/base/cvidc/sevid005.c;softpc.new/base/cvidc/sevid006.c;softpc.new/base/cvidc/sevid007.c;softpc.new/base/cvidc/sevid008.c;softpc.new/base/cvidc/sevid009.c;softpc.new/base/cvidc/sevid010.c;softpc.new/base/cvidc/sevid011.c;softpc.new/base/cvidc/sevid012.c;softpc.new/base/cvidc/sevid013.c;softpc.new/base/cvidc/sevid014.c;softpc.new/base/cvidc/sevid015.c;softpc.new/base/cvidc/sevid016.c;softpc.new/base/cvidc/sevid017.c;softpc.new/base/cvidc/sevid018.c;softpc.new/base/cvidc/sevid019.c;softpc.new/base/cvidc/sevid020.c;softpc.new/base/cvidc/sevid021.c;softpc.new/base/cvidc/sevid022.c;softpc.new/base/cvidc/sevid023.c;softpc.new/base/cvidc/sevid024.c;softpc.new/base/cvidc/sevid025.c;softpc.new/base/cvidc/sevid026.c;softpc.new/base/cvidc/sevid027.c;softpc.new/base/cvidc/sevid028.c;softpc.new/base/cvidc/sevid029.c;softpc.new/base/cvidc/sevid030.c;softpc.new/base/cvidc/sinit011.c;softpc.new/base/cvidc/sinit012.c;softpc.new/base/cvidc/sinit013.c;softpc.new/base/debug/profile.c;softpc.new/base/debug/trace.c;softpc.new/base/debug/yoda.c;softpc.new/base/support/ios.c;softpc.new/base/support/main.c;softpc.new/base/support/terminat.c;softpc.new/base/support/time_day.c;softpc.new/base/system/cmos.c;softpc.new/base/system/cmosnt.c;softpc.new/base/system/qevnt.c;softpc.new/base/system/quick_ev.c;softpc.new/base/system/timer.c;softpc.new/convert/convert.c;softpc.new/dat2obj/dat2obj.c;softpc.new/debugger/vdmdebug.c;softpc.new/host/src/config.c;softpc.new/host/src/fprt.c;softpc.new/host/src/nt_com.c;softpc.new/host/src/nt_det.c;softpc.new/host/src/nt_emm.c;softpc.new/host/src/nt_error.c;softpc.new/host/src/nt_event.c;softpc.new/host/src/nt_fdisk.c;softpc.new/host/src/nt_fulsc.c;softpc.new/host/src/nt_graph.c;softpc.new/host/src/nt_mem.c;softpc.new/host/src/nt_msscs.c;softpc.new/host/src/nt_ntfun.c;softpc.new/host/src/nt_pif.c;softpc.new/host/src/nt_reset.c;softpc.new/host/src/nt_smenu.c;softpc.new/host/src/nt_thred.c;softpc.new/host/src/nt_umb.c;softpc.new/host/src/nt_unix.c;softpc.new/host/src/nt_wcom.c;softpc.new/host/src/sim32.c;softpc.new/host/src/stubs.c;softpc.new/host/src/x86_emm.c;softpc.new/obj.vdm/ntvdm.c;softpc.new/rename/rename.c;v86/scaffold/i386/softpc.c;vdmredir/vrdebug.c;vdmredir/vrdll.c;vdmredir/vrputil.c;vdmutils/forcedos/forcedos.c;vdmutils/graftabl/graftabl.c;wow32/wmmedia.c"	"base/crts/crtw32/h/stdlib.h;base/crts/libw32/include/stdlib.h;com/ole32/olethunk/ole16/inc/stdlib.h;public/sdk/inc/crt/stdlib.h;sdktools/jetadmin/inc/stdlib.h"	"base/crts/crtw32;base/crts/libw32;com/ole32/olethunk;public/sdk/inc;sdktools/jetadmin/inc"	"external-declaration carrier; map to parent source/API at stage two"	"expand owning package/build boundary"	"MSVC CRT / public C runtime"	"modern-public-leaf"
"sti.h"	"2"	"2"	"softpc.new/base/ccpu386/c_main.c;softpc.new/base/ccpu386/sti.c"	""	""	"selected-mvdm-header; no external package edge"	"classify public compiler/API leaf or resolve spelling"	"mvdm selected union"	"internal-or-selected-input"
"str.h"	"2"	"2"	"softpc.new/base/ccpu386/c_main.c;softpc.new/base/ccpu386/str.c"	""	""	"selected-mvdm-header; no external package edge"	"classify public compiler/API leaf or resolve spelling"	"mvdm selected union"	"internal-or-selected-input"
"string.h"	"41"	"41"	"dbg/dbg.c;dos/command/cmdkeyb.c;dos/dem/demmisc.c;oemuni/toemuni.c;softpc.new/base/bios/emm_fncs.c;softpc.new/base/dos/emm_mngr.c;softpc.new/base/system/cmosnt.c;softpc.new/dat2obj/dat2obj.c;softpc.new/host/src/config.c;softpc.new/host/src/nt_cga.c;softpc.new/host/src/nt_ega.c;softpc.new/host/src/nt_error.c;softpc.new/host/src/nt_fulsc.c;softpc.new/host/src/nt_mem.c;softpc.new/host/src/nt_mouse.c;softpc.new/host/src/nt_msscs.c;softpc.new/host/src/nt_nls.c;softpc.new/host/src/nt_pif.c;softpc.new/host/src/nt_unix.c;softpc.new/host/src/nt_vflop.c;softpc.new/host/src/nt_wcom.c;softpc.new/host/src/stf_conf.c;softpc.new/host/src/stubs.c;softpc.new/host/src/x86_emm.c;softpc.new/rename/rename.c;v86/monitor/i386/proflib.c;v86/scaffold/i386/fakeinit.c;v86/scaffold/i386/fakekbd.c;v86/scaffold/i386/fakevid.c;v86/scaffold/i386/softpc.c;vdmdbg/vdmdbg.c;vdmredir/vrdebug.c;vdmredir/vrdlcdbg.c;vdmredir/vrdll.c;vdmredir/vrmslot.c;vdmredir/vrnetapi.c;vdmredir/vrnmpipe.c;vdmredir/vrremote.c;vdmutils/forcedos/forcedos.c;vdmutils/graftabl/graftabl.c;xms.486/xmsblock.c"	"base/boot/detect/x86/string.h;base/crts/crtw32/h/string.h;base/crts/libw32/include/string.h;com/ole32/olethunk/ole16/inc/string.h;public/sdk/inc/crt/string.h;sdktools/jetadmin/inc/string.h"	"base/boot/detect;base/crts/crtw32;base/crts/libw32;com/ole32/olethunk;public/sdk/inc;sdktools/jetadmin/inc"	"external-declaration carrier; map to parent source/API at stage two"	"expand owning package/build boundary"	"MSVC CRT / public C runtime"	"modern-public-leaf"
"sub.h"	"2"	"2"	"softpc.new/base/ccpu386/c_main.c;softpc.new/base/ccpu386/sub.c"	""	""	"selected-mvdm-header; no external package edge"	"classify public compiler/API leaf or resolve spelling"	"mvdm selected union"	"internal-or-selected-input"
"suballcp.h"	"1"	"1"	"suballoc/suballoc.c"	""	""	"selected-MVDM/platform declaration or firmware input; no non-MVDM package edge"	"classify public compiler/API leaf or resolve spelling"	"mvdm selected union"	"internal-or-selected-input"
"suballoc.h"	"6"	"6"	"dpmi32/dpmimemr.c;dpmi32/i386/dpmimem.c;suballoc/tsa.c;xms.486/i386/xmsmem86.c;xms.486/xms.c;xms.486/xmsmemr.c"	""	""	"selected-MVDM/platform declaration or firmware input; no non-MVDM package edge"	"classify public compiler/API leaf or resolve spelling"	"mvdm selected union"	"internal-or-selected-input"
"sys/termio.h"	"2"	"2"	"softpc.new/base/comms/printer_.c;softpc.new/base/comms/printer.c"	""	""	"historical CRT/terminal declaration leaf"	"classify public compiler/API leaf or resolve spelling"	"unresolved first-hop include spelling"	"source-layout-reconciliation"
"sys/times.h"	"1"	"1"	"softpc.new/base/debug/profile.c"	"public/internal/sdktools/inc/ztools/times.h;public/sdk/inc/posix/sys/times.h"	"public/internal/sdktools;public/sdk/inc"	"external-declaration carrier; map to parent source/API at stage two"	"expand owning package/build boundary"	"unresolved first-hop include spelling"	"source-layout-reconciliation"
"sys/types.h"	"5"	"5"	"softpc.new/host/src/nt_cpu.c;softpc.new/host/src/nt_error.c;softpc.new/host/src/nt_mouse.c;softpc.new/host/src/nt_sas.c;softpc.new/host/src/nt_timer.c"	"base/boot/detect/x86/types.h;base/boot/startup/x86/types.h;base/crts/crtw32/h/sys/types.h;base/crts/libw32/include/sys/types.h;com/ole32/oleui/types.h;com/oleaut32/typelib/types.h;public/sdk/inc/crt/sys/types.h;public/sdk/inc/posix/types.h;public/sdk/inc/posix/sys/types.h;sdktools/damage/types.h;sdktools/mip2coff/types.h;sdktools/ntsdsapi/inc/types.h;sdktools/vctools/langapi/debugger/types.h;windows/core/ntgdi/direct/ddraw/types.h;windows/diamond/types.h;windows/diamond/chuck/types.h"	"base/boot/detect;base/boot/startup;base/crts/crtw32;base/crts/libw32;com/ole32/oleui;com/oleaut32/typelib;public/sdk/inc;sdktools/damage/types.h;sdktools/mip2coff/types.h;sdktools/ntsdsapi/inc;sdktools/vctools/langapi;windows/core/ntgdi;windows/diamond/chuck;windows/diamond/types.h"	"external-declaration carrier; map to parent source/API at stage two"	"expand owning package/build boundary"	"unresolved first-hop include spelling"	"source-layout-reconciliation"
"sys\stat.h"	"2"	"2"	"softpc.new/host/src/nt_rez.c;softpc.new/host/src/nt_vflop.c"	"base/crts/crtw32/h/sys/stat.h;base/crts/libw32/include/sys/stat.h;public/sdk/inc/crt/sys/stat.h;public/sdk/inc/posix/sys/stat.h;sdktools/pperf/driver/stat.h;windows/core/ntgdi/fondrv/tt/scaler/stat.h"	"base/crts/crtw32;base/crts/libw32;public/sdk/inc;sdktools/pperf/driver;windows/core/ntgdi"	"external-declaration carrier; map to parent source/API at stage two"	"expand owning package/build boundary"	"unresolved first-hop include spelling"	"source-layout-reconciliation"
"sys\types.h"	"7"	"7"	"softpc.new/host/src/nt_fdisk.c;softpc.new/host/src/nt_graph.c;softpc.new/host/src/nt_reset.c;softpc.new/host/src/nt_rez.c;softpc.new/host/src/nt_rflop.c;softpc.new/host/src/nt_unix.c;softpc.new/host/src/nt_vflop.c"	"base/boot/detect/x86/types.h;base/boot/startup/x86/types.h;base/crts/crtw32/h/sys/types.h;base/crts/libw32/include/sys/types.h;com/ole32/oleui/types.h;com/oleaut32/typelib/types.h;public/sdk/inc/crt/sys/types.h;public/sdk/inc/posix/types.h;public/sdk/inc/posix/sys/types.h;sdktools/damage/types.h;sdktools/mip2coff/types.h;sdktools/ntsdsapi/inc/types.h;sdktools/vctools/langapi/debugger/types.h;windows/core/ntgdi/direct/ddraw/types.h;windows/diamond/types.h;windows/diamond/chuck/types.h"	"base/boot/detect;base/boot/startup;base/crts/crtw32;base/crts/libw32;com/ole32/oleui;com/oleaut32/typelib;public/sdk/inc;sdktools/damage/types.h;sdktools/mip2coff/types.h;sdktools/ntsdsapi/inc;sdktools/vctools/langapi;windows/core/ntgdi;windows/diamond/chuck;windows/diamond/types.h"	"external-declaration carrier; map to parent source/API at stage two"	"expand owning package/build boundary"	"unresolved first-hop include spelling"	"source-layout-reconciliation"
"tape_io.h"	"3"	"3"	"softpc.new/base/bios/tape_io.c;softpc.new/base/disks/floppy_i.c;softpc.new/base/disks/floppy.c"	""	""	"selected-mvdm-header; no external package edge"	"classify public compiler/API leaf or resolve spelling"	"mvdm selected union"	"internal-or-selected-input"
"test.h"	"2"	"2"	"softpc.new/base/ccpu386/c_main.c;softpc.new/base/ccpu386/test.c"	"ds/netapi/svcdlls/repl/repltest/test.h;shell/version/test/test.h"	"ds/netapi/svcdlls;shell/version/test"	"selected-mvdm-header; no external package edge"	"expand owning package/build boundary"	"mvdm selected union"	"internal-or-selected-input"
"time.h"	"4"	"4"	"softpc.new/base/system/cmosnt.c;softpc.new/host/src/nt_emm.c;softpc.new/host/src/nt_timer.c;softpc.new/host/src/nt_unix.c"	"base/crts/crtw32/h/time.h;base/crts/libw32/include/time.h;public/sdk/inc/crt/time.h;sdktools/jetadmin/inc/time.h"	"base/crts/crtw32;base/crts/libw32;public/sdk/inc;sdktools/jetadmin/inc"	"external-declaration carrier; map to parent source/API at stage two"	"expand owning package/build boundary"	"MSVC CRT / public C runtime"	"modern-public-leaf"
"timer.h"	"30"	"30"	"softpc.new/base/bios/emm_fncs.c;softpc.new/base/bios/reset.c;softpc.new/base/ccpu386/ccpusas4.c;softpc.new/base/comms/com.c;softpc.new/base/disks/gfi_sflp.c;softpc.new/base/dos/emm_mngr.c;softpc.new/base/keymouse/keyba.c;softpc.new/base/keymouse/keybd_io.c;softpc.new/base/keymouse/ppi.c;softpc.new/base/support/main.c;softpc.new/base/support/terminat.c;softpc.new/base/support/time_day.c;softpc.new/base/system/cmos.c;softpc.new/base/system/cmosnt.c;softpc.new/base/system/idetect.c;softpc.new/base/system/qevnt.c;softpc.new/base/system/quick_ev.c;softpc.new/base/system/timer.c;softpc.new/base/system/timestrb.c;softpc.new/base/video/cga.c;softpc.new/base/video/ega_prts.c;softpc.new/base/video/ega_vide.c;softpc.new/base/video/vga_prts.c;softpc.new/base/video/vga_vide.c;softpc.new/base/video/video.c;softpc.new/host/src/nt_lpt.c;softpc.new/host/src/nt_reset.c;softpc.new/host/src/nt_rez.c;softpc.new/host/src/nt_rflop.c;softpc.new/host/src/nt_timer.c"	"admin/netui/common/src/blt/test/dead/timer.h;public/internal/net/inc/sys/snet/timer.h"	"admin/netui/common;public/internal/net"	"selected-mvdm-header; no external package edge"	"expand owning package/build boundary"	"mvdm selected union"	"internal-or-selected-input"
"timestmp.h"	"3"	"3"	"softpc.new/base/system/qevnt.c;softpc.new/base/system/quick_ev.c;softpc.new/host/src/nt_timer.c"	""	""	"selected-mvdm-header; no external package edge"	"classify public compiler/API leaf or resolve spelling"	"mvdm selected union"	"internal-or-selected-input"
"timeval.h"	"14"	"13"	"softpc.new/base/bios/emm_fncs.c;softpc.new/base/debug/yoda.c;softpc.new/base/disks/gfi_sflp.c;softpc.new/base/keymouse/keyba.c;softpc.new/base/keymouse/keybd_io.c;softpc.new/base/support/time_day.c;softpc.new/base/system/cmos.c;softpc.new/base/system/cmosnt.c;softpc.new/base/system/timer.c;softpc.new/base/video/cga.c;softpc.new/host/src/nt_emm.c;softpc.new/host/src/nt_timer.c;softpc.new/host/src/nt_unix.c"	""	""	"selected-mvdm-header; no external package edge"	"classify public compiler/API leaf or resolve spelling"	"mvdm selected union"	"internal-or-selected-input"
"tmstrobe.h"	"4"	"4"	"softpc.new/base/system/cmos.c;softpc.new/base/system/cmosnt.c;softpc.new/base/system/timestrb.c;softpc.new/host/src/nt_timer.c"	""	""	"selected-mvdm-header; no external package edge"	"classify public compiler/API leaf or resolve spelling"	"mvdm selected union"	"internal-or-selected-input"
"trace.h"	"60"	"58"	"softpc.new/base/bios/emm_fncs.c;softpc.new/base/bios/reset.c;softpc.new/base/bios/tape_io.c;softpc.new/base/ccpu386/ccpusas4.c;softpc.new/base/comms/com.c;softpc.new/base/comms/printer_.c;softpc.new/base/comms/printer.c;softpc.new/base/comms/rs232_io.c;softpc.new/base/debug/btrace.c;softpc.new/base/debug/dasm.c;softpc.new/base/debug/pigyoda.c;softpc.new/base/debug/profile.c;softpc.new/base/debug/trace.c;softpc.new/base/debug/yoda.c;softpc.new/base/disks/diskbios.c;softpc.new/base/disks/fdisk.c;softpc.new/base/disks/fla.c;softpc.new/base/disks/floppy_i.c;softpc.new/base/disks/floppy.c;softpc.new/base/disks/gfi_ibm.c;softpc.new/base/disks/gfi_mpty.c;softpc.new/base/disks/gfi_sflp.c;softpc.new/base/disks/gfi_test.c;softpc.new/base/disks/gfi.c;softpc.new/base/dos/emm_mngr.c;softpc.new/base/keymouse/keybd_io.c;softpc.new/base/keymouse/mouse_io.c;softpc.new/base/keymouse/mouse.c;softpc.new/base/keymouse/ppi.c;softpc.new/base/support/ios.c;softpc.new/base/support/main.c;softpc.new/base/system/at_dma.c;softpc.new/base/system/ica.c;softpc.new/base/system/timer.c;softpc.new/base/video/cga.c;softpc.new/base/video/ega_vide.c;softpc.new/base/video/ga_glue.c;softpc.new/base/video/gfx_updt.c;softpc.new/base/video/vga_vide.c;softpc.new/base/video/video.c;softpc.new/host/src/config.c;softpc.new/host/src/nt_cga.c;softpc.new/host/src/nt_cpu.c;softpc.new/host/src/nt_ega.c;softpc.new/host/src/nt_error.c;softpc.new/host/src/nt_event.c;softpc.new/host/src/nt_fdisk.c;softpc.new/host/src/nt_graph.c;softpc.new/host/src/nt_hosts.c;softpc.new/host/src/nt_input.c;softpc.new/host/src/nt_lpt.c;softpc.new/host/src/nt_mouse.c;softpc.new/host/src/nt_ntfun.c;softpc.new/host/src/nt_rflop.c;softpc.new/host/src/nt_sound.c;softpc.new/host/src/nt_timer.c;softpc.new/host/src/nt_vflop.c;softpc.new/host/src/nt_vga.c"	"base/ntos/inc/trace.h;net/sockets/winsock2/dll/include/trace.h;net/sockets/winsock2.nt5/dll/include/trace.h;net/sockets/winsock2.nt5/dll/ws2_rp/msrlsp/trace.h;sdktools/jetadmin/cola.sdk/inc/trace.h;sdktools/vctools/pdb/include/trace.h"	"base/ntos/inc;net/sockets/winsock2;net/sockets/winsock2.nt5;sdktools/jetadmin/cola.sdk;sdktools/vctools/pdb"	"selected-mvdm-header; no external package edge"	"expand owning package/build boundary"	"mvdm selected union"	"internal-or-selected-input"
"umb.h"	"7"	"7"	"softpc.new/host/src/config.c;softpc.new/host/src/nt_emm.c;softpc.new/host/src/nt_msscs.c;softpc.new/host/src/nt_umb.c;softpc.new/host/src/x86_emm.c;xms.486/xms.c;xms.486/xmsumb.c"	""	""	"selected-mvdm-header; no external package edge"	"classify public compiler/API leaf or resolve spelling"	"mvdm selected union"	"internal-or-selected-input"
"Univer_c.h"	"3"	"3"	"softpc.new/base/ccpu386/sascdef.c;softpc.new/base/cvidc/accessfn.c;softpc.new/base/cvidc/sascdef.c"	""	""	"selected-mvdm-header; no external package edge"	"classify public compiler/API leaf or resolve spelling"	"mvdm selected union"	"internal-or-selected-input"
"vcdex.h"	"1"	"1"	"vdd/samples/mscdex/vdd/vcdex.c"	""	""	"selected-mvdm-header; no external package edge"	"classify public compiler/API leaf or resolve spelling"	"mvdm selected union"	"internal-or-selected-input"
"vdd.h"	"2"	"2"	"vdd/samples/adlibvdd/vdd.c;vdd/samples/sample2/vdd/vdd.c"	""	""	"selected-mvdm-header; no external package edge"	"classify public compiler/API leaf or resolve spelling"	"mvdm selected union"	"internal-or-selected-input"
"vddsvc.h"	"4"	"4"	"vdd/samples/adlibvdd/vdd.c;vdd/samples/mscdex/vdd/vcdex.c;vdd/samples/sample1/fax32/fax32.c;vdd/samples/vsbd/vdd.c"	"public/sdk/inc/vddsvc.h"	"public/sdk/inc"	"external-declaration carrier; map to parent source/API at stage two"	"expand owning package/build boundary"	"MVDM VDD/debug contract"	"selected-MVDM-contract"
"vdm.h"	"12"	"12"	"dos/dem/demsrch.c;ieuvddex/system.c;softpc.new/host/src/nt_bop.c;softpc.new/host/src/nt_com.c;softpc.new/host/src/nt_det.c;softpc.new/host/src/nt_eoi.c;softpc.new/host/src/nt_event.c;softpc.new/host/src/nt_fulsc.c;softpc.new/host/src/nt_msscs.c;softpc.new/host/src/nt_reset.c;softpc.new/host/src/nt_sec.c;v86/monitor/i386/spcstubs.c"	"base/win32/client/vdm.h;public/internal/base/inc/vdm.h"	"base/win32/client;public/internal/base"	"external-declaration carrier; map to parent source/API at stage two"	"expand owning package/build boundary"	"base/win32 VDM + BaseClient contract"	"external-package-or-declaration"
"vdmapi.h"	"6"	"6"	"oemuni/process.c;softpc.new/host/src/config.c;softpc.new/host/src/nt_event.c;softpc.new/host/src/nt_msscs.c;softpc.new/host/src/nt_reset.c;softpc.new/host/src/nt_term.c"	"public/internal/base/inc/vdmapi.h"	"public/internal/base"	"external-declaration carrier; map to parent source/API at stage two"	"expand owning package/build boundary"	"base/win32 VDM + BaseClient contract"	"external-package-or-declaration"
"vdmdbg.h"	"3"	"3"	"dbg/dbg.c;vdmdbg/vdmdbg.c;wow32/wkman.c"	"public/sdk/inc/vdmdbg.h;sdktools/jetadmin/inc/vdmdbg.h"	"public/sdk/inc;sdktools/jetadmin/inc"	"external-declaration carrier; map to parent source/API at stage two"	"expand owning package/build boundary"	"MVDM VDD/debug contract"	"selected-MVDM-contract"
"vdmredir.h"	"14"	"14"	"vdmredir/vrdebug.c;vdmredir/vrdisp.c;vdmredir/vrdlc5c.c;vdmredir/vrdlcbuf.c;vdmredir/vrdlcdbg.c;vdmredir/vrdlcpst.c;vdmredir/vrinit.c;vdmredir/vrmisc.c;vdmredir/vrmslot.c;vdmredir/vrnetapi.c;vdmredir/vrnetb.c;vdmredir/vrnmpipe.c;vdmredir/vrputil.c;vdmredir/vrremote.c"	""	""	"selected-MVDM/platform declaration or firmware input; no non-MVDM package edge"	"classify public compiler/API leaf or resolve spelling"	"mvdm selected union"	"internal-or-selected-input"
"verr.h"	"2"	"2"	"softpc.new/base/ccpu386/c_main.c;softpc.new/base/ccpu386/verr.c"	""	""	"selected-mvdm-header; no external package edge"	"classify public compiler/API leaf or resolve spelling"	"mvdm selected union"	"internal-or-selected-input"
"verw.h"	"2"	"2"	"softpc.new/base/ccpu386/c_main.c;softpc.new/base/ccpu386/verw.c"	""	""	"selected-mvdm-header; no external package edge"	"classify public compiler/API leaf or resolve spelling"	"mvdm selected union"	"internal-or-selected-input"
"vga_dac.h"	"1"	"1"	"softpc.new/base/video/vga_vide.c"	""	""	"selected-mvdm-header; no external package edge"	"classify public compiler/API leaf or resolve spelling"	"mvdm selected union"	"internal-or-selected-input"
"vgaports.h"	"9"	"9"	"softpc.new/base/keymouse/mouse_io.c;softpc.new/base/video/ega_mode.c;softpc.new/base/video/ega_vide.c;softpc.new/base/video/gfx_updt.c;softpc.new/base/video/v7_ports.c;softpc.new/base/video/v7_video.c;softpc.new/base/video/vga_mode.c;softpc.new/base/video/vga_prts.c;softpc.new/base/video/vga_vide.c"	""	""	"selected-mvdm-header; no external package edge"	"classify public compiler/API leaf or resolve spelling"	"mvdm selected union"	"internal-or-selected-input"
"VIDEO_BIOS_EGA.seg"	"1"	"1"	"softpc.new/base/video/ega_vide.c"	""	""	"selected MVDM SoftPC firmware/generated segment; no non-MVDM package edge"	"classify public compiler/API leaf or resolve spelling"	"mvdm selected union"	"internal-or-selected-input"
"VIDEO_BIOS_VGA.seg"	"2"	"2"	"softpc.new/base/video/v7_video.c;softpc.new/base/video/vga_vide.c"	""	""	"selected MVDM SoftPC firmware/generated segment; no non-MVDM package edge"	"classify public compiler/API leaf or resolve spelling"	"mvdm selected union"	"internal-or-selected-input"
"VIDEO_BIOS.seg"	"2"	"2"	"softpc.new/base/video/video_io.c;softpc.new/base/video/video.c"	""	""	"selected MVDM SoftPC firmware/generated segment; no non-MVDM package edge"	"classify public compiler/API leaf or resolve spelling"	"mvdm selected union"	"internal-or-selected-input"
"video.h"	"23"	"23"	"softpc.new/base/bios/reset.c;softpc.new/base/cpu/src/evid/ev_glue.c;softpc.new/base/cvidc/ev_glue.c;softpc.new/base/debug/yoda.c;softpc.new/base/keymouse/mouse_io.c;softpc.new/base/keymouse/mouse.c;softpc.new/base/video/cga.c;softpc.new/base/video/ega_vide.c;softpc.new/base/video/ega_writ.c;softpc.new/base/video/gfx_updt.c;softpc.new/base/video/v7_video.c;softpc.new/base/video/vga_prts.c;softpc.new/base/video/vga_vide.c;softpc.new/base/video/video_io.c;softpc.new/base/video/video.c;softpc.new/host/src/nt_det.c;softpc.new/host/src/nt_event.c;softpc.new/host/src/nt_fulsc.c;softpc.new/host/src/nt_graph.c;softpc.new/host/src/nt_input.c;softpc.new/host/src/nt_mouse.c;softpc.new/host/src/nt_reset.c;softpc.new/host/src/nt_sound.c"	"base/ntos/inc/video.h;sdktools/mstest/ntsnap/video.h;sdktools/wintools/winmsd/video.h"	"base/ntos/inc;sdktools/mstest/ntsnap;sdktools/wintools/winmsd"	"selected-mvdm-header; no external package edge"	"expand owning package/build boundary"	"mvdm selected union"	"internal-or-selected-input"
"vint.h"	"1"	"1"	"softpc.new/host/src/nt_msscs.c"	""	""	"selected-MVDM/platform declaration or firmware input; no non-MVDM package edge"	"classify public compiler/API leaf or resolve spelling"	"mvdm selected union"	"internal-or-selected-input"
"virtual.h"	"4"	"4"	"softpc.new/base/bios/bios.c;softpc.new/base/bios/reset.c;softpc.new/base/bios/virtual.c;softpc.new/base/keymouse/mouse_io.c"	""	""	"selected-mvdm-header; no external package edge"	"classify public compiler/API leaf or resolve spelling"	"mvdm selected union"	"internal-or-selected-input"
"vrdebug.h"	"13"	"13"	"vdmredir/vrdebug.c;vdmredir/vrdlc5c.c;vdmredir/vrdlcbuf.c;vdmredir/vrdlcdbg.c;vdmredir/vrdlcpst.c;vdmredir/vrdll.c;vdmredir/vrinit.c;vdmredir/vrmisc.c;vdmredir/vrmslot.c;vdmredir/vrnetapi.c;vdmredir/vrnetb.c;vdmredir/vrnmpipe.c;vdmredir/vrremote.c"	""	""	"selected-mvdm-header; no external package edge"	"classify public compiler/API leaf or resolve spelling"	"mvdm selected union"	"internal-or-selected-input"
"vrdefld.h"	"2"	"2"	"vdmredir/vrdlc5c.c;vdmredir/vrinit.c"	""	""	"selected-MVDM/platform declaration or firmware input; no non-MVDM package edge"	"classify public compiler/API leaf or resolve spelling"	"mvdm selected union"	"internal-or-selected-input"
"vrdlc.h"	"7"	"7"	"vdmredir/vrdisp.c;vdmredir/vrdlc5c.c;vdmredir/vrdlcbuf.c;vdmredir/vrdlcdbg.c;vdmredir/vrdlcpst.c;vdmredir/vrinit.c;vdmredir/vrnetb.c"	""	""	"selected-mvdm-header; no external package edge"	"classify public compiler/API leaf or resolve spelling"	"mvdm selected union"	"internal-or-selected-input"
"vrdlcdbg.h"	"4"	"4"	"vdmredir/vrdlc5c.c;vdmredir/vrdlcbuf.c;vdmredir/vrdlcdbg.c;vdmredir/vrdlcpst.c"	""	""	"selected-mvdm-header; no external package edge"	"classify public compiler/API leaf or resolve spelling"	"mvdm selected union"	"internal-or-selected-input"
"vrdlctab.h"	"14"	"14"	"vdmredir/vrdebug.c;vdmredir/vrdisp.c;vdmredir/vrdlc5c.c;vdmredir/vrdlcbuf.c;vdmredir/vrdlcdbg.c;vdmredir/vrdlcpst.c;vdmredir/vrinit.c;vdmredir/vrmisc.c;vdmredir/vrmslot.c;vdmredir/vrnetapi.c;vdmredir/vrnetb.c;vdmredir/vrnmpipe.c;vdmredir/vrputil.c;vdmredir/vrremote.c"	""	""	"selected-MVDM/platform declaration or firmware input; no non-MVDM package edge"	"classify public compiler/API leaf or resolve spelling"	"mvdm selected union"	"internal-or-selected-input"
"vrica.h"	"4"	"4"	"vdmredir/vrdlcpst.c;vdmredir/vrinit.c;vdmredir/vrnetb.c;vdmredir/vrnmpipe.c"	""	""	"selected-mvdm-header; no external package edge"	"classify public compiler/API leaf or resolve spelling"	"mvdm selected union"	"internal-or-selected-input"
"vrinit.h"	"6"	"6"	"vdmredir/vrdisp.c;vdmredir/vrdll.c;vdmredir/vrinit.c;vdmredir/vrnetb.c;vdmredir/vrnmpipe.c;vdmredir/vrputil.c"	""	""	"selected-MVDM/platform declaration or firmware input; no non-MVDM package edge"	"classify public compiler/API leaf or resolve spelling"	"mvdm selected union"	"internal-or-selected-input"
"vrmisc.h"	"2"	"2"	"vdmredir/vrdisp.c;vdmredir/vrmisc.c"	""	""	"selected-MVDM/platform declaration or firmware input; no non-MVDM package edge"	"classify public compiler/API leaf or resolve spelling"	"mvdm selected union"	"internal-or-selected-input"
"vrmslot.h"	"3"	"3"	"vdmredir/vrdisp.c;vdmredir/vrmisc.c;vdmredir/vrmslot.c"	""	""	"selected-MVDM/platform declaration or firmware input; no non-MVDM package edge"	"classify public compiler/API leaf or resolve spelling"	"mvdm selected union"	"internal-or-selected-input"
"vrnetapi.h"	"2"	"2"	"vdmredir/vrdisp.c;vdmredir/vrnetapi.c"	""	""	"selected-MVDM/platform declaration or firmware input; no non-MVDM package edge"	"classify public compiler/API leaf or resolve spelling"	"mvdm selected union"	"internal-or-selected-input"
"vrnmpipe.h"	"6"	"6"	"dos/dem/demfile.c;dos/dem/demhndl.c;vdmredir/vrdisp.c;vdmredir/vrdll.c;vdmredir/vrmisc.c;vdmredir/vrnmpipe.c"	""	""	"selected-MVDM/platform declaration or firmware input; no non-MVDM package edge"	"classify public compiler/API leaf or resolve spelling"	"mvdm selected union"	"internal-or-selected-input"
"vrputil.h"	"4"	"4"	"vdmredir/vrmslot.c;vdmredir/vrnetapi.c;vdmredir/vrnmpipe.c;vdmredir/vrputil.c"	""	""	"selected-mvdm-header; no external package edge"	"classify public compiler/API leaf or resolve spelling"	"mvdm selected union"	"internal-or-selected-input"
"vrremote.h"	"2"	"2"	"vdmredir/vrnetapi.c;vdmredir/vrremote.c"	""	""	"selected-MVDM/platform declaration or firmware input; no non-MVDM package edge"	"classify public compiler/API leaf or resolve spelling"	"mvdm selected union"	"internal-or-selected-input"
"wait.h"	"2"	"2"	"softpc.new/base/ccpu386/c_main.c;softpc.new/base/ccpu386/wait.c"	"public/sdk/inc/posix/sys/wait.h"	"public/sdk/inc"	"selected-mvdm-header; no external package edge"	"expand owning package/build boundary"	"mvdm selected union"	"internal-or-selected-input"
"wbinvd.h"	"2"	"2"	"softpc.new/base/ccpu386/c_main.c;softpc.new/base/ccpu386/wbinvd.c"	""	""	"selected-mvdm-header; no external package edge"	"classify public compiler/API leaf or resolve spelling"	"mvdm selected union"	"internal-or-selected-input"
"wchar.h"	"1"	"1"	"softpc.new/host/src/nt_sec.c"	"base/crts/crtw32/h/wchar.h;base/crts/libw32/include/wchar.h;com/ole32/stg/ref/h/wchar.h;public/sdk/inc/crt/wchar.h;sdktools/jetadmin/inc/wchar.h"	"base/crts/crtw32;base/crts/libw32;com/ole32/stg;public/sdk/inc;sdktools/jetadmin/inc"	"external-declaration carrier; map to parent source/API at stage two"	"expand owning package/build boundary"	"MSVC CRT / public C runtime"	"modern-public-leaf"
"wcmdgtbl.h"	"1"	"1"	"wow32/wowtbl.c"	""	""	"selected-mvdm-header; no external package edge"	"classify public compiler/API leaf or resolve spelling"	"mvdm selected union"	"internal-or-selected-input"
"wcuricon.h"	"3"	"3"	"vdmexts/dib.c;vdmexts/wow.c;vdmexts/wowprof.c"	""	""	"selected-mvdm-header; no external package edge"	"classify public compiler/API leaf or resolve spelling"	"mvdm selected union"	"internal-or-selected-input"
"wdbgexts.h"	"1"	"1"	"wow32/debug.c"	"public/sdk/inc/wdbgexts.h;sdktools/jetadmin/inc/wdbgexts.h;sdktools/jetadmin/sdk/inc32/wdbgexts.h"	"public/sdk/inc;sdktools/jetadmin/inc;sdktools/jetadmin/sdk"	"external-declaration carrier; map to parent source/API at stage two"	"expand owning package/build boundary"	"MVDM VDD/debug contract"	"selected-MVDM-contract"
"wddeml32.h"	"1"	"1"	"wow32/wddeml32.c"	""	""	"selected-mvdm-header; no external package edge"	"classify public compiler/API leaf or resolve spelling"	"mvdm selected union"	"internal-or-selected-input"
"wdib.h"	"3"	"3"	"vdmexts/dib.c;wow32/wdib.c;wow32/wgdi.c"	""	""	"selected-mvdm-header; no external package edge"	"classify public compiler/API leaf or resolve spelling"	"mvdm selected union"	"internal-or-selected-input"
"wfsheets.h"	"1"	"1"	"fax/wowfaxui/wfsheets.c"	""	""	"selected-mvdm-header; no external package edge"	"classify public compiler/API leaf or resolve spelling"	"mvdm selected union"	"internal-or-selected-input"
"wgtbl.h"	"1"	"1"	"wow32/wow32.c"	""	""	"selected-mvdm-header; no external package edge"	"classify public compiler/API leaf or resolve spelling"	"mvdm selected union"	"internal-or-selected-input"
"wgtbl2.h"	"1"	"1"	"wow32/wowtbl.c"	""	""	"selected-mvdm-header; no external package edge"	"classify public compiler/API leaf or resolve spelling"	"mvdm selected union"	"internal-or-selected-input"
"winbase.h"	"6"	"6"	"dos/command/cmdexit.c;dos/dem/demfcb.c;dos/dem/demfile.c;dos/dem/demgset.c;dos/dem/demioctl.c;dos/dem/demlabel.c"	"public/internal/shell/inc/winbase.h;public/sdk/inc/winbase.h;sdktools/jetadmin/inc/winbase.h;sdktools/jetadmin/sdk/inc32/winbase.h"	"public/internal/shell;public/sdk/inc;sdktools/jetadmin/inc;sdktools/jetadmin/sdk"	"external-declaration carrier; map to parent source/API at stage two"	"expand owning package/build boundary"	"modern public Win32 UI/console/spool binding; private historical entrypoints seed ntcon/ntuser/ntgdi BFS"	"public-api-or-private-client-candidate"
"winbasep.h"	"1"	"1"	"dos/dem/demsrch.c"	"public/internal/base/inc/winbasep.h"	"public/internal/base"	"external-declaration carrier; map to parent source/API at stage two"	"expand owning package/build boundary"	"base/win32 VDM + BaseClient contract"	"external-package-or-declaration"
"winconp.h"	"1"	"1"	"dos/command/cmdkeyb.c"	"public/internal/windows/inc/winconp.h"	"public/internal/windows"	"external-declaration carrier; map to parent source/API at stage two"	"expand owning package/build boundary"	"modern public Win32 UI/console/spool binding; private historical entrypoints seed ntcon/ntuser/ntgdi BFS"	"public-api-or-private-client-candidate"
"winddi.h"	"1"	"1"	"wow32/wow32fax.c"	"public/internal/windows/inc/winddi.h"	"public/internal/windows"	"external-declaration carrier; map to parent source/API at stage two"	"expand owning package/build boundary"	"modern public Win32 UI/console/spool binding; private historical entrypoints seed ntcon/ntuser/ntgdi BFS"	"public-api-or-private-client-candidate"
"winddiui.h"	"1"	"1"	"fax/wowfaxui/wowfaxui.c"	"public/internal/printscan/inc/winddiui.h"	"public/internal/printscan"	"external-declaration carrier; map to parent source/API at stage two"	"expand owning package/build boundary"	"modern public Win32 UI/console/spool binding; private historical entrypoints seed ntcon/ntuser/ntgdi BFS"	"public-api-or-private-client-candidate"
"windows.h"	"94"	"94"	"dbg/dbg.c;dos/dem/demdasd.c;fax/wowfaxui/wfsheets.c;fax/wowfaxui/wfupgrad.c;fax/wowfaxui/wowfaxui.c;oemuni/file.c;oemuni/process.c;oemuni/toemuni.c;softpc.new/base/ccpu386/ntthread.c;softpc.new/base/support/time_day.c;softpc.new/base/system/cmosnt.c;softpc.new/base/system/qevnt.c;softpc.new/convert/convert.c;softpc.new/dat2obj/dat2obj.c;softpc.new/debugger/vdmdebug.c;softpc.new/host/src/config.c;softpc.new/host/src/copy_fnc.c;softpc.new/host/src/cpucstbs.c;softpc.new/host/src/fprt.c;softpc.new/host/src/nt_bop.c;softpc.new/host/src/nt_cga.c;softpc.new/host/src/nt_com.c;softpc.new/host/src/nt_cpu.c;softpc.new/host/src/nt_det.c;softpc.new/host/src/nt_ega.c;softpc.new/host/src/nt_emm.c;softpc.new/host/src/nt_eoi.c;softpc.new/host/src/nt_error.c;softpc.new/host/src/nt_event.c;softpc.new/host/src/nt_fdisk.c;softpc.new/host/src/nt_fulsc.c;softpc.new/host/src/nt_graph.c;softpc.new/host/src/nt_hosts.c;softpc.new/host/src/nt_hunt.c;softpc.new/host/src/nt_input.c;softpc.new/host/src/nt_inthk.c;softpc.new/host/src/nt_keycd.c;softpc.new/host/src/nt_lpt.c;softpc.new/host/src/nt_mem.c;softpc.new/host/src/nt_mouse.c;softpc.new/host/src/nt_msscs.c;softpc.new/host/src/nt_munge.c;softpc.new/host/src/nt_nls.c;softpc.new/host/src/nt_ntfun.c;softpc.new/host/src/nt_pif.c;softpc.new/host/src/nt_reset.c;softpc.new/host/src/nt_rflop.c;softpc.new/host/src/nt_sec.c;softpc.new/host/src/nt_smenu.c;softpc.new/host/src/nt_sound.c;softpc.new/host/src/nt_term.c;softpc.new/host/src/nt_thred.c;softpc.new/host/src/nt_timer.c;softpc.new/host/src/nt_umb.c;softpc.new/host/src/nt_unix.c;softpc.new/host/src/nt_vdd.c;softpc.new/host/src/nt_vga.c;softpc.new/host/src/nt_wcom.c;softpc.new/host/src/sim32.c;softpc.new/host/src/stubs.c;softpc.new/host/src/x86_emm.c;softpc.new/obj.vdm/ntvdm.c;softpc.new/rename/rename.c;suballoc/tsa.c;v86/monitor/i386/sas.c;v86/monitor/i386/spcstubs.c;v86/scaffold/i386/fakebop.c;v86/scaffold/i386/fakeinit.c;v86/scaffold/i386/fakekbd.c;v86/scaffold/i386/fakevid.c;v86/scaffold/i386/softpc.c;vdd/samples/adlibvdd/vdd.c;vdd/samples/mscdex/vdd/vcdex.c;vdd/samples/vsbd/vdd.c;vdmdbg/vdmdbg.c;vdmredir/vrdebug.c;vdmredir/vrdisp.c;vdmredir/vrdlc5c.c;vdmredir/vrdlcbuf.c;vdmredir/vrdlcdbg.c;vdmredir/vrdlcpst.c;vdmredir/vrdll.c;vdmredir/vrinit.c;vdmredir/vrmisc.c;vdmredir/vrmslot.c;vdmredir/vrnetapi.c;vdmredir/vrnetb.c;vdmredir/vrnmpipe.c;vdmredir/vrputil.c;vdmredir/vrremote.c;vdmutils/forcedos/forcedos.c;vdmutils/graftabl/graftabl.c;vdmutils/pifedit/mods.c;vdmutils/win/win.c"	"admin/netui/common/hack/dos/windows.h;com/ole32/olethunk/ole16/inc/windows.h;public/sdk/inc/windows.h;sdktools/jetadmin/inc/windows.h;sdktools/jetadmin/sdk/inc32/windows.h"	"admin/netui/common;com/ole32/olethunk;public/sdk/inc;sdktools/jetadmin/inc;sdktools/jetadmin/sdk"	"external-declaration carrier; map to parent source/API at stage two"	"expand owning package/build boundary"	"modern public Win32 UI/console/spool binding; private historical entrypoints seed ntcon/ntuser/ntgdi BFS"	"public-api-or-private-client-candidate"
"winerror.h"	"2"	"2"	"vdd/samples/mscdex/vdd/vcdex.c;wow32/debug.c"	"public/internal/nls/inc/winerror.h;public/sdk/inc/winerror.h;sdktools/jetadmin/inc/winerror.h;sdktools/jetadmin/sdk/inc32/winerror.h"	"public/internal/nls;public/sdk/inc;sdktools/jetadmin/inc;sdktools/jetadmin/sdk"	"external-declaration carrier; map to parent source/API at stage two"	"expand owning package/build boundary"	"modern public Win32 UI/console/spool binding; private historical entrypoints seed ntcon/ntuser/ntgdi BFS"	"public-api-or-private-client-candidate"
"winfiles.h"	"1"	"1"	"softpc.new/base/bios/bios.c"	""	""	"selected-mvdm-header; no external package edge"	"classify public compiler/API leaf or resolve spelling"	"mvdm selected union"	"internal-or-selected-input"
"wingdip.h"	"2"	"2"	"wow32/wgdi.c;wow32/wgfont.c"	"public/internal/windows/inc/wingdip.h"	"public/internal/windows"	"external-declaration carrier; map to parent source/API at stage two"	"expand owning package/build boundary"	"modern public Win32 UI/console/spool binding; private historical entrypoints seed ntcon/ntuser/ntgdi BFS"	"public-api-or-private-client-candidate"
"winreg.h"	"1"	"1"	"wow32/wshell.c"	"public/sdk/inc/winreg.h;sdktools/jetadmin/inc/winreg.h;sdktools/jetadmin/sdk/inc32/winreg.h"	"public/sdk/inc;sdktools/jetadmin/inc;sdktools/jetadmin/sdk"	"external-declaration carrier; map to parent source/API at stage two"	"expand owning package/build boundary"	"modern public Win32 UI/console/spool binding; private historical entrypoints seed ntcon/ntuser/ntgdi BFS"	"public-api-or-private-client-candidate"
"winspool.h"	"5"	"5"	"fax/wowfaxui/wfsheets.c;fax/wowfaxui/wfupgrad.c;fax/wowfaxui/wowfaxui.c;wow32/wow32fax.c;wow32/wspool.c"	"public/internal/shell/inc/winspool.h;public/sdk/inc/winspool.h;sdktools/jetadmin/inc/winspool.h;sdktools/jetadmin/sdk/inc32/winspool.h"	"public/internal/shell;public/sdk/inc;sdktools/jetadmin/inc;sdktools/jetadmin/sdk"	"external-declaration carrier; map to parent source/API at stage two"	"expand owning package/build boundary"	"modern public Win32 UI/console/spool binding; private historical entrypoints seed ntcon/ntuser/ntgdi BFS"	"public-api-or-private-client-candidate"
"winuserp.h"	"1"	"1"	"softpc.new/host/src/nt_event.c"	"public/internal/windows/inc/winuserp.h"	"public/internal/windows"	"external-declaration carrier; map to parent source/API at stage two"	"expand owning package/build boundary"	"modern public Win32 UI/console/spool binding; private historical entrypoints seed ntcon/ntuser/ntgdi BFS"	"public-api-or-private-client-candidate"
"wkbdtbl2.h"	"1"	"1"	"wow32/wowtbl.c"	""	""	"selected-mvdm-header; no external package edge"	"classify public compiler/API leaf or resolve spelling"	"mvdm selected union"	"internal-or-selected-input"
"wkbtbl.h"	"1"	"1"	"wow32/wow32.c"	""	""	"selected-mvdm-header; no external package edge"	"classify public compiler/API leaf or resolve spelling"	"mvdm selected union"	"internal-or-selected-input"
"wkglobal.h"	"1"	"1"	"wow32/wkglobal.c"	""	""	"selected-mvdm-header; no external package edge"	"classify public compiler/API leaf or resolve spelling"	"mvdm selected union"	"internal-or-selected-input"
"wktbl.h"	"1"	"1"	"wow32/wow32.c"	""	""	"selected-mvdm-header; no external package edge"	"classify public compiler/API leaf or resolve spelling"	"mvdm selected union"	"internal-or-selected-input"
"wktbl2.h"	"1"	"1"	"wow32/wowtbl.c"	""	""	"selected-mvdm-header; no external package edge"	"classify public compiler/API leaf or resolve spelling"	"mvdm selected union"	"internal-or-selected-input"
"wmdisp32.h"	"3"	"3"	"vdmexts/dib.c;vdmexts/wow.c;vdmexts/wowprof.c"	""	""	"selected-mvdm-header; no external package edge"	"classify public compiler/API leaf or resolve spelling"	"mvdm selected union"	"internal-or-selected-input"
"wmmalias.h"	"1"	"1"	"wow32/wmmalias.c"	""	""	"selected-mvdm-header; no external package edge"	"classify public compiler/API leaf or resolve spelling"	"mvdm selected union"	"internal-or-selected-input"
"wmmtbl.h"	"1"	"1"	"wow32/wow32.c"	""	""	"selected-mvdm-header; no external package edge"	"classify public compiler/API leaf or resolve spelling"	"mvdm selected union"	"internal-or-selected-input"
"wmmtbl2.h"	"1"	"1"	"wow32/wowtbl.c"	""	""	"selected-mvdm-header; no external package edge"	"classify public compiler/API leaf or resolve spelling"	"mvdm selected union"	"internal-or-selected-input"
"wmtbl32.h"	"1"	"1"	"wow32/wmsg16.c"	""	""	"selected-mvdm-header; no external package edge"	"classify public compiler/API leaf or resolve spelling"	"mvdm selected union"	"internal-or-selected-input"
"wow32.h"	"3"	"3"	"vdmexts/dib.c;vdmexts/wow.c;vdmexts/wowprof.c"	""	""	"selected-mvdm-header; no external package edge"	"classify public compiler/API leaf or resolve spelling"	"mvdm selected union"	"internal-or-selected-input"
"wowclip.h"	"1"	"1"	"wow32/wddeml32.c"	""	""	"selected-MVDM/platform declaration or firmware input; no non-MVDM package edge"	"classify public compiler/API leaf or resolve spelling"	"mvdm selected union"	"internal-or-selected-input"
"wowcmndg.h"	"1"	"1"	"wow32/wcommdlg.c"	"public/internal/shell/inc/wowcmndg.h"	"public/internal/shell"	"external-declaration carrier; map to parent source/API at stage two"	"expand owning package/build boundary"	"modern public Win32 UI/console/spool binding; private historical entrypoints seed ntcon/ntuser/ntgdi BFS"	"public-api-or-private-client-candidate"
"wowcmpat.h"	"1"	"1"	"dos/command/cmdexec.c"	""	""	"selected-MVDM/platform declaration or firmware input; no non-MVDM package edge"	"classify public compiler/API leaf or resolve spelling"	"mvdm selected union"	"internal-or-selected-input"
"wowddeml.h"	"1"	"1"	"wow32/wddeml32.c"	""	""	"selected-MVDM/platform declaration or firmware input; no non-MVDM package edge"	"classify public compiler/API leaf or resolve spelling"	"mvdm selected union"	"internal-or-selected-input"
"wowfax.h"	"2"	"2"	"wow32/wkman.c;wow32/wow32fax.c"	""	""	"selected-MVDM/platform declaration or firmware input; no non-MVDM package edge"	"classify public compiler/API leaf or resolve spelling"	"mvdm selected union"	"internal-or-selected-input"
"wowfaxdd.h"	"1"	"1"	"fax/wowfax/wowfax.c"	""	""	"selected-mvdm-header; no external package edge"	"classify public compiler/API leaf or resolve spelling"	"mvdm selected union"	"internal-or-selected-input"
"wowfaxui.h"	"4"	"4"	"fax/wowfaxui/wfhelper.c;fax/wowfaxui/wfsheets.c;fax/wowfaxui/wfupgrad.c;fax/wowfaxui/wowfaxui.c"	""	""	"selected-mvdm-header; no external package edge"	"classify public compiler/API leaf or resolve spelling"	"mvdm selected union"	"internal-or-selected-input"
"wowgdip.h"	"5"	"5"	"vdmexts/dib.c;wow32/wdib.c;wow32/wgdi.c;wow32/wgdi31.c;wow32/wow32fax.c"	"public/internal/windows/inc/wowgdip.h"	"public/internal/windows"	"external-declaration carrier; map to parent source/API at stage two"	"expand owning package/build boundary"	"modern public Win32 UI/console/spool binding; private historical entrypoints seed ntcon/ntuser/ntgdi BFS"	"public-api-or-private-client-candidate"
"wowshlp.h"	"2"	"2"	"wow32/wshell.c;wow32/wstruc.c"	"public/internal/shell/inc/wowshlp.h"	"public/internal/shell"	"external-declaration carrier; map to parent source/API at stage two"	"expand owning package/build boundary"	"modern public Win32 UI/console/spool binding; private historical entrypoints seed ntcon/ntuser/ntgdi BFS"	"public-api-or-private-client-candidate"
"wsdynmc.h"	"3"	"3"	"wow32/wsdata.c;wow32/wsext.c;wow32/wsraw.c"	""	""	"selected-mvdm-header; no external package edge"	"classify public compiler/API leaf or resolve spelling"	"mvdm selected union"	"internal-or-selected-input"
"wshltbl.h"	"1"	"1"	"wow32/wow32.c"	""	""	"selected-mvdm-header; no external package edge"	"classify public compiler/API leaf or resolve spelling"	"mvdm selected union"	"internal-or-selected-input"
"wshtbl2.h"	"1"	"1"	"wow32/wowtbl.c"	""	""	"selected-mvdm-header; no external package edge"	"classify public compiler/API leaf or resolve spelling"	"mvdm selected union"	"internal-or-selected-input"
"wsocktbl.h"	"1"	"1"	"wow32/wow32.c"	""	""	"selected-mvdm-header; no external package edge"	"classify public compiler/API leaf or resolve spelling"	"mvdm selected union"	"internal-or-selected-input"
"wstbl.h"	"1"	"1"	"wow32/wow32.c"	""	""	"selected-mvdm-header; no external package edge"	"classify public compiler/API leaf or resolve spelling"	"mvdm selected union"	"internal-or-selected-input"
"wstbl2.h"	"1"	"1"	"wow32/wowtbl.c"	""	""	"selected-mvdm-header; no external package edge"	"classify public compiler/API leaf or resolve spelling"	"mvdm selected union"	"internal-or-selected-input"
"wthtbl.h"	"1"	"1"	"wow32/wow32.c"	""	""	"selected-mvdm-header; no external package edge"	"classify public compiler/API leaf or resolve spelling"	"mvdm selected union"	"internal-or-selected-input"
"wthtbl2.h"	"1"	"1"	"wow32/wowtbl.c"	""	""	"selected-mvdm-header; no external package edge"	"classify public compiler/API leaf or resolve spelling"	"mvdm selected union"	"internal-or-selected-input"
"wucomm.h"	"3"	"3"	"vdmexts/dib.c;vdmexts/wow.c;vdmexts/wowprof.c"	""	""	"selected-mvdm-header; no external package edge"	"classify public compiler/API leaf or resolve spelling"	"mvdm selected union"	"internal-or-selected-input"
"wutbl.h"	"1"	"1"	"wow32/wow32.c"	""	""	"selected-mvdm-header; no external package edge"	"classify public compiler/API leaf or resolve spelling"	"mvdm selected union"	"internal-or-selected-input"
"wutbl2.h"	"1"	"1"	"wow32/wowtbl.c"	""	""	"selected-mvdm-header; no external package edge"	"classify public compiler/API leaf or resolve spelling"	"mvdm selected union"	"internal-or-selected-input"
"wwstbl2.h"	"1"	"1"	"wow32/wowtbl.c"	""	""	"selected-mvdm-header; no external package edge"	"classify public compiler/API leaf or resolve spelling"	"mvdm selected union"	"internal-or-selected-input"
"xadd.h"	"2"	"2"	"softpc.new/base/ccpu386/c_main.c;softpc.new/base/ccpu386/xadd.c"	""	""	"selected-mvdm-header; no external package edge"	"classify public compiler/API leaf or resolve spelling"	"mvdm selected union"	"internal-or-selected-input"
"xbios.h"	"3"	"3"	"v86/scaffold/i386/fakeinit.c;v86/scaffold/i386/fakekbd.c;v86/scaffold/i386/fakevid.c"	""	""	"selected-mvdm-header; no external package edge"	"classify public compiler/API leaf or resolve spelling"	"mvdm selected union"	"internal-or-selected-input"
"xbiosdsk.h"	"1"	"1"	"v86/scaffold/i386/fakeinit.c"	""	""	"selected-mvdm-header; no external package edge"	"classify public compiler/API leaf or resolve spelling"	"mvdm selected union"	"internal-or-selected-input"
"xbioskbd.h"	"1"	"1"	"v86/scaffold/i386/fakekbd.c"	""	""	"selected-mvdm-header; no external package edge"	"classify public compiler/API leaf or resolve spelling"	"mvdm selected union"	"internal-or-selected-input"
"xbiosvid.h"	"1"	"1"	"v86/scaffold/i386/fakevid.c"	""	""	"selected-mvdm-header; no external package edge"	"classify public compiler/API leaf or resolve spelling"	"mvdm selected union"	"internal-or-selected-input"
"xchg.h"	"2"	"2"	"softpc.new/base/ccpu386/c_main.c;softpc.new/base/ccpu386/xchg.c"	""	""	"selected-mvdm-header; no external package edge"	"classify public compiler/API leaf or resolve spelling"	"mvdm selected union"	"internal-or-selected-input"
"xguest.h"	"1"	"1"	"v86/scaffold/i386/fakeinit.c"	""	""	"selected-mvdm-header; no external package edge"	"classify public compiler/API leaf or resolve spelling"	"mvdm selected union"	"internal-or-selected-input"
"xlat.h"	"2"	"2"	"softpc.new/base/ccpu386/c_main.c;softpc.new/base/ccpu386/xlat.c"	""	""	"selected-mvdm-header; no external package edge"	"classify public compiler/API leaf or resolve spelling"	"mvdm selected union"	"internal-or-selected-input"
"xlathlp.h"	"1"	"1"	"dpmi32/int21map.c"	""	""	"selected-mvdm-header; no external package edge"	"classify public compiler/API leaf or resolve spelling"	"mvdm selected union"	"internal-or-selected-input"
"xms.h"	"8"	"8"	"xms.486/i386/xmsmem86.c;xms.486/xms.c;xms.486/xmsa20.c;xms.486/xmsblock.c;xms.486/xmsdisp.c;xms.486/xmsmemr.c;xms.486/xmsmisc.c;xms.486/xmsumb.c"	""	""	"selected-mvdm-header; no external package edge"	"classify public compiler/API leaf or resolve spelling"	"mvdm selected union"	"internal-or-selected-input"
"xmsexp.h"	"4"	"4"	"dpmi32/dpmimemr.c;dpmi32/i386/dpmimem.c;softpc.new/host/src/nt_bop.c;xms.486/xmsdisp.c"	""	""	"selected-mvdm-header; no external package edge"	"classify public compiler/API leaf or resolve spelling"	"mvdm selected union"	"internal-or-selected-input"
"xmssvc.h"	"5"	"5"	"v86/scaffold/i386/softpc.c;xms.486/xmsa20.c;xms.486/xmsblock.c;xms.486/xmsdisp.c;xms.486/xmsmisc.c"	""	""	"selected-MVDM/platform declaration or firmware input; no non-MVDM package edge"	"classify public compiler/API leaf or resolve spelling"	"mvdm selected union"	"internal-or-selected-input"
"xor.h"	"2"	"2"	"softpc.new/base/ccpu386/c_main.c;softpc.new/base/ccpu386/xor.c"	""	""	"selected-mvdm-header; no external package edge"	"classify public compiler/API leaf or resolve spelling"	"mvdm selected union"	"internal-or-selected-input"
"xsprocs.h"	"1"	"1"	"vdmredir/vrnetapi.c"	"public/internal/ds/inc/xsprocs.h"	"public/internal/ds"	"external-declaration carrier; map to parent source/API at stage two"	"expand owning package/build boundary"	"DS NetAPI/RAP/Rx package family"	"external-package-or-declaration"
"xstypes.h"	"1"	"1"	"vdmredir/vrnetapi.c"	"public/internal/ds/inc/xstypes.h"	"public/internal/ds"	"external-declaration carrier; map to parent source/API at stage two"	"expand owning package/build boundary"	"DS NetAPI/RAP/Rx package family"	"external-package-or-declaration"
"xt.h"	"258"	"256"	"softpc.new/base/bios/bios.c;softpc.new/base/bios/bootstra.c;softpc.new/base/bios/build_id.c;softpc.new/base/bios/cmos_bis.c;softpc.new/base/bios/cntlbop.c;softpc.new/base/bios/emm_fncs.c;softpc.new/base/bios/equipmnt.c;softpc.new/base/bios/ill_bop.c;softpc.new/base/bios/mem_size.c;softpc.new/base/bios/reset.c;softpc.new/base/bios/rom_basc.c;softpc.new/base/bios/rtc_bios.c;softpc.new/base/bios/slave_bs.c;softpc.new/base/bios/tape_io.c;softpc.new/base/bios/virtual.c;softpc.new/base/ccpu386/aaa.c;softpc.new/base/ccpu386/aad.c;softpc.new/base/ccpu386/aam.c;softpc.new/base/ccpu386/aas.c;softpc.new/base/ccpu386/adc.c;softpc.new/base/ccpu386/add.c;softpc.new/base/ccpu386/and.c;softpc.new/base/ccpu386/arpl.c;softpc.new/base/ccpu386/bound.c;softpc.new/base/ccpu386/bsf.c;softpc.new/base/ccpu386/bsr.c;softpc.new/base/ccpu386/bswap.c;softpc.new/base/ccpu386/bt.c;softpc.new/base/ccpu386/btc.c;softpc.new/base/ccpu386/btr.c;softpc.new/base/ccpu386/bts.c;softpc.new/base/ccpu386/c_addr.c;softpc.new/base/ccpu386/c_bsic.c;softpc.new/base/ccpu386/c_debug.c;softpc.new/base/ccpu386/c_div64.c;softpc.new/base/ccpu386/c_getset.c;softpc.new/base/ccpu386/c_intr.c;softpc.new/base/ccpu386/c_main.c;softpc.new/base/ccpu386/c_mul64.c;softpc.new/base/ccpu386/c_neg64.c;softpc.new/base/ccpu386/c_page.c;softpc.new/base/ccpu386/c_prot.c;softpc.new/base/ccpu386/c_reg.c;softpc.new/base/ccpu386/c_seg.c;softpc.new/base/ccpu386/c_stack.c;softpc.new/base/ccpu386/c_tlb.c;softpc.new/base/ccpu386/c_tsksw.c;softpc.new/base/ccpu386/c_xcptn.c;softpc.new/base/ccpu386/c_xfer.c;softpc.new/base/ccpu386/c_xtrn.c;softpc.new/base/ccpu386/call.c;softpc.new/base/ccpu386/cbw.c;softpc.new/base/ccpu386/ccpupig.c;softpc.new/base/ccpu386/ccpusas4.c;softpc.new/base/ccpu386/cdq.c;softpc.new/base/ccpu386/clc.c;softpc.new/base/ccpu386/cld.c;softpc.new/base/ccpu386/cli.c;softpc.new/base/ccpu386/clts.c;softpc.new/base/ccpu386/cmc.c;softpc.new/base/ccpu386/cmp.c;softpc.new/base/ccpu386/cmpxchg.c;softpc.new/base/ccpu386/cwd.c;softpc.new/base/ccpu386/cwde.c;softpc.new/base/ccpu386/daa.c;softpc.new/base/ccpu386/das.c;softpc.new/base/ccpu386/dec.c;softpc.new/base/ccpu386/div.c;softpc.new/base/ccpu386/enter.c;softpc.new/base/ccpu386/idiv.c;softpc.new/base/ccpu386/imul.c;softpc.new/base/ccpu386/in.c;softpc.new/base/ccpu386/inc.c;softpc.new/base/ccpu386/into.c;softpc.new/base/ccpu386/intx.c;softpc.new/base/ccpu386/invd.c;softpc.new/base/ccpu386/invlpg.c;softpc.new/base/ccpu386/iret.c;softpc.new/base/ccpu386/jcxz.c;softpc.new/base/ccpu386/jmp.c;softpc.new/base/ccpu386/jxx.c;softpc.new/base/ccpu386/lahf.c;softpc.new/base/ccpu386/lar.c;softpc.new/base/ccpu386/lea.c;softpc.new/base/ccpu386/leave.c;softpc.new/base/ccpu386/lgdt.c;softpc.new/base/ccpu386/lidt.c;softpc.new/base/ccpu386/lldt.c;softpc.new/base/ccpu386/lmsw.c;softpc.new/base/ccpu386/loopxx.c;softpc.new/base/ccpu386/lsl.c;softpc.new/base/ccpu386/ltr.c;softpc.new/base/ccpu386/lxs.c;softpc.new/base/ccpu386/mov.c;softpc.new/base/ccpu386/movsx.c;softpc.new/base/ccpu386/mul.c;softpc.new/base/ccpu386/neg.c;softpc.new/base/ccpu386/nop.c;softpc.new/base/ccpu386/not.c;softpc.new/base/ccpu386/or.c;softpc.new/base/ccpu386/out.c;softpc.new/base/ccpu386/pop.c;softpc.new/base/ccpu386/popa.c;softpc.new/base/ccpu386/popf.c;softpc.new/base/ccpu386/push.c;softpc.new/base/ccpu386/pusha.c;softpc.new/base/ccpu386/pushf.c;softpc.new/base/ccpu386/rcl.c;softpc.new/base/ccpu386/rcr.c;softpc.new/base/ccpu386/ret.c;softpc.new/base/ccpu386/rol.c;softpc.new/base/ccpu386/ror.c;softpc.new/base/ccpu386/rsrvd.c;softpc.new/base/ccpu386/sahf.c;softpc.new/base/ccpu386/sar.c;softpc.new/base/ccpu386/sbb.c;softpc.new/base/ccpu386/setxx.c;softpc.new/base/ccpu386/sgdt.c;softpc.new/base/ccpu386/shl.c;softpc.new/base/ccpu386/shld.c;softpc.new/base/ccpu386/shr.c;softpc.new/base/ccpu386/shrd.c;softpc.new/base/ccpu386/sidt.c;softpc.new/base/ccpu386/sldt.c;softpc.new/base/ccpu386/smsw.c;softpc.new/base/ccpu386/stc.c;softpc.new/base/ccpu386/std.c;softpc.new/base/ccpu386/sti.c;softpc.new/base/ccpu386/str.c;softpc.new/base/ccpu386/sub.c;softpc.new/base/ccpu386/test.c;softpc.new/base/ccpu386/verr.c;softpc.new/base/ccpu386/verw.c;softpc.new/base/ccpu386/wait.c;softpc.new/base/ccpu386/wbinvd.c;softpc.new/base/ccpu386/xadd.c;softpc.new/base/ccpu386/xchg.c;softpc.new/base/ccpu386/xlat.c;softpc.new/base/ccpu386/xor.c;softpc.new/base/ccpu386/zfrsrvd.c;softpc.new/base/comms/com.c;softpc.new/base/comms/printer_.c;softpc.new/base/comms/printer.c;softpc.new/base/comms/rs232_io.c;softpc.new/base/dasm386/dasm386.c;softpc.new/base/dasm386/decode.c;softpc.new/base/debug/btrace.c;softpc.new/base/debug/dasm.c;softpc.new/base/debug/ega_dump.c;softpc.new/base/debug/pigyoda.c;softpc.new/base/debug/trace.c;softpc.new/base/debug/yoda.c;softpc.new/base/disks/diskbios.c;softpc.new/base/disks/fdisk.c;softpc.new/base/disks/fla.c;softpc.new/base/disks/floppy_i.c;softpc.new/base/disks/floppy.c;softpc.new/base/disks/gfi_ibm.c;softpc.new/base/disks/gfi_mpty.c;softpc.new/base/disks/gfi_sflp.c;softpc.new/base/disks/gfi_test.c;softpc.new/base/disks/gfi.c;softpc.new/base/dos/emm_mngr.c;softpc.new/base/keymouse/keyba.c;softpc.new/base/keymouse/keybd_io.c;softpc.new/base/keymouse/mouse_io.c;softpc.new/base/keymouse/mouse.c;softpc.new/base/keymouse/ppi.c;softpc.new/base/support/ios.c;softpc.new/base/support/main.c;softpc.new/base/support/terminat.c;softpc.new/base/support/time_day.c;softpc.new/base/support/xt.c;softpc.new/base/system/at_dma.c;softpc.new/base/system/cmos.c;softpc.new/base/system/cmosnt.c;softpc.new/base/system/ica.c;softpc.new/base/system/idetect.c;softpc.new/base/system/illegalp.c;softpc.new/base/system/qevnt.c;softpc.new/base/system/quick_ev.c;softpc.new/base/system/rom.c;softpc.new/base/system/timer.c;softpc.new/base/system/timestrb.c;softpc.new/base/system/unexp_nt.c;softpc.new/base/video/cga.c;softpc.new/base/video/ega_dmmy.c;softpc.new/base/video/ega_mode.c;softpc.new/base/video/ega_prts.c;softpc.new/base/video/ega_read.c;softpc.new/base/video/ega_trcr.c;softpc.new/base/video/ega_vide.c;softpc.new/base/video/ega_writ.c;softpc.new/base/video/egawrtm0.c;softpc.new/base/video/egwrtm12.c;softpc.new/base/video/ga_glue.c;softpc.new/base/video/gfx_updt.c;softpc.new/base/video/gvi.c;softpc.new/base/video/v7_ports.c;softpc.new/base/video/v7_video.c;softpc.new/base/video/vga_mode.c;softpc.new/base/video/vga_prts.c;softpc.new/base/video/vga_vide.c;softpc.new/base/video/video_io.c;softpc.new/base/video/video.c;softpc.new/host/src/config.c;softpc.new/host/src/copy_fnc.c;softpc.new/host/src/cpucstbs.c;softpc.new/host/src/nt_bop.c;softpc.new/host/src/nt_cga.c;softpc.new/host/src/nt_com.c;softpc.new/host/src/nt_cprgs.c;softpc.new/host/src/nt_cpu.c;softpc.new/host/src/nt_det.c;softpc.new/host/src/nt_ega.c;softpc.new/host/src/nt_emm.c;softpc.new/host/src/nt_eoi.c;softpc.new/host/src/nt_error.c;softpc.new/host/src/nt_event.c;softpc.new/host/src/nt_fdisk.c;softpc.new/host/src/nt_fulsc.c;softpc.new/host/src/nt_graph.c;softpc.new/host/src/nt_hfx.c;softpc.new/host/src/nt_hosts.c;softpc.new/host/src/nt_hunt.c;softpc.new/host/src/nt_input.c;softpc.new/host/src/nt_lpt.c;softpc.new/host/src/nt_mouse.c;softpc.new/host/src/nt_msscs.c;softpc.new/host/src/nt_munge.c;softpc.new/host/src/nt_nls.c;softpc.new/host/src/nt_reset.c;softpc.new/host/src/nt_rez.c;softpc.new/host/src/nt_rflop.c;softpc.new/host/src/nt_sas.c;softpc.new/host/src/nt_smenu.c;softpc.new/host/src/nt_sound.c;softpc.new/host/src/nt_term.c;softpc.new/host/src/nt_timer.c;softpc.new/host/src/nt_umb.c;softpc.new/host/src/nt_unix.c;softpc.new/host/src/nt_vdd.c;softpc.new/host/src/nt_vflop.c;softpc.new/host/src/nt_vga.c;softpc.new/host/src/nt_wcom.c;softpc.new/host/src/nt_yoda.c;softpc.new/host/src/sim32.c;softpc.new/host/src/stf_conf.c;softpc.new/host/src/stubs.c;softpc.new/host/src/x86_emm.c;softpc.new/obj.vdm/c_regs.c;softpc.new/obj.vdm/ntvdm.c;vdmredir/vrdlcpst.c;vdmredir/vrinit.c;vdmredir/vrnetb.c;vdmredir/vrnmpipe.c"	""	""	"selected-mvdm-header; no external package edge"	"classify public compiler/API leaf or resolve spelling"	"mvdm selected union"	"internal-or-selected-input"
"xwincon.h"	"3"	"3"	"v86/scaffold/i386/fakekbd.c;v86/scaffold/i386/fakevid.c;v86/scaffold/i386/softpc.c"	""	""	"selected-mvdm-header; no external package edge"	"classify public compiler/API leaf or resolve spelling"	"mvdm selected union"	"internal-or-selected-input"
"yoda.h"	"9"	"9"	"softpc.new/base/ccpu386/ccpusas4.c;softpc.new/base/debug/yoda.c;softpc.new/base/support/main.c;softpc.new/base/system/ica.c;softpc.new/base/system/illegalp.c;softpc.new/base/system/rom.c;softpc.new/host/src/nt_bop.c;softpc.new/host/src/nt_cpu.c;softpc.new/host/src/nt_event.c"	""	""	"selected-mvdm-header; no external package edge"	"classify public compiler/API leaf or resolve spelling"	"mvdm selected union"	"internal-or-selected-input"
"YODA.seg"	"1"	"1"	"softpc.new/base/debug/yoda.c"	""	""	"selected MVDM SoftPC firmware/generated segment; no non-MVDM package edge"	"classify public compiler/API leaf or resolve spelling"	"mvdm selected union"	"internal-or-selected-input"
"zfrsrvd.h"	"1"	"1"	"softpc.new/base/ccpu386/c_main.c"	""	""	"selected-mvdm-header; no external package edge"	"classify public compiler/API leaf or resolve spelling"	"mvdm selected union"	"internal-or-selected-input"
