original_path	archive_path	bytes	sha256
docs/etc/archive/2026-08-27-pre-package-roadmap/QUEUE.md	artifacts/documentation-archive/20260910/etc/archive/2026-08-27-pre-package-roadmap/QUEUE.md	6315	d0b2a8d06347372831a46fdf1b6aff020d7887474397fe034ae82fa12718b556
docs/etc/archive/2026-08-27-pre-package-roadmap/README.md	artifacts/documentation-archive/20260910/etc/archive/2026-08-27-pre-package-roadmap/README.md	479	4dfdfffe8911dade9cecd3279ae4983086ee1d40e5787445e4e915286052bcd5
docs/etc/archive/pre-governance-planning/status.md	artifacts/documentation-archive/20260910/etc/archive/pre-governance-planning/status.md	87126	94134defe07445120395f2ebcb42ad905619be7068cca22965393d2e75645247
docs/etc/archive/pre-governance-root/BACKEND-ADOPTION-READINESS.md	artifacts/documentation-archive/20260910/etc/archive/pre-governance-root/BACKEND-ADOPTION-READINESS.md	7746	059d954d5c10dd4da5e0cf8d57555f9fe1109d7d2e6a3d9a9f9faddd6a9a9f92
docs/etc/archive/pre-governance-root/BOP-DISPATCHER-SOURCE-RECOVERY.md	artifacts/documentation-archive/20260910/etc/archive/pre-governance-root/BOP-DISPATCHER-SOURCE-RECOVERY.md	17688	cc75f3e9f6051705dd7cec3aaac060d6f31c196c823e26587b795fcfdcdeac41
docs/etc/archive/pre-governance-root/BUILD-INPUT-DISCOVERY.md	artifacts/documentation-archive/20260910/etc/archive/pre-governance-root/BUILD-INPUT-DISCOVERY.md	1245	ff5e0f33e32d1a8b8f63054dabefc89c6ed18f8a336304486b5b775c594a6383
docs/etc/archive/pre-governance-root/BYOB-BOOTSTRAP-RESOURCE-OWNERSHIP.md	artifacts/documentation-archive/20260910/etc/archive/pre-governance-root/BYOB-BOOTSTRAP-RESOURCE-OWNERSHIP.md	4273	e665980071adf13520f2c779471fa529584f60bf722b25a65e02232815511474
docs/etc/archive/pre-governance-root/BYOB-NTIO-LOADER-SEAM.md	artifacts/documentation-archive/20260910/etc/archive/pre-governance-root/BYOB-NTIO-LOADER-SEAM.md	4880	375ebfbc5c087ae00a70d21d1a2f2ab2d8b43b92eedc51c7e6ab0b36921abfce
docs/etc/archive/pre-governance-root/BYOB-PROFILE-VALIDATOR-WORK-ORDER.md	artifacts/documentation-archive/20260910/etc/archive/pre-governance-root/BYOB-PROFILE-VALIDATOR-WORK-ORDER.md	4602	4a2aa6b60aaf234e2ba7cb20203728797e4998449c004d4fb96ecc3ac2a85e2e
docs/etc/archive/pre-governance-root/CCPU-BOP-EXECUTION-BOUNDARY.md	artifacts/documentation-archive/20260910/etc/archive/pre-governance-root/CCPU-BOP-EXECUTION-BOUNDARY.md	3377	3ddf97ae71d5863a0eef658395cf81cb4b0759e6246cf8f0eaf2bab570152c9f
docs/etc/archive/pre-governance-root/CCPU-COMBINED-LINK-DEPENDENCY-AUDIT.md	artifacts/documentation-archive/20260910/etc/archive/pre-governance-root/CCPU-COMBINED-LINK-DEPENDENCY-AUDIT.md	15801	5d9004ce8295ac11f3f2c2c6a393f690959be1ade38909b6903b56f38ae67f5f
docs/etc/archive/pre-governance-root/CCPU-COMPLETION-RECOVERY-AUDIT.md	artifacts/documentation-archive/20260910/etc/archive/pre-governance-root/CCPU-COMPLETION-RECOVERY-AUDIT.md	42625	173a2352b4c961127ae55d6c66249ff6644ac67b9441cbdfaf57b24da643af9f
docs/etc/archive/pre-governance-root/CCPU-MISSING-INTERFACE-CONTRACT.md	artifacts/documentation-archive/20260910/etc/archive/pre-governance-root/CCPU-MISSING-INTERFACE-CONTRACT.md	9414	ed7e127fa6dc71cbe3115b1b98d3f826af31744258004e2eec3ed0c77a56b862
docs/etc/archive/pre-governance-root/CCPU-ORIGINAL-SELECTOR50-CHAIN-REVERIFICATION.md	artifacts/documentation-archive/20260910/etc/archive/pre-governance-root/CCPU-ORIGINAL-SELECTOR50-CHAIN-REVERIFICATION.md	2096	5117d59c7fee12b9c39f91e48e4acc4438a5d82221edfb54d423c963d3c57c2b
docs/etc/archive/pre-governance-root/CCPU-SAS-GENERATED-ABI-AUDIT.md	artifacts/documentation-archive/20260910/etc/archive/pre-governance-root/CCPU-SAS-GENERATED-ABI-AUDIT.md	8904	0511b1ecdcab3b23af9d5de0504832017cae2076b88540504bcf9516be09244b
docs/etc/archive/pre-governance-root/CCPU-SAS-VECTOR-TRACE-GUARD-IMPLEMENTATION.md	artifacts/documentation-archive/20260910/etc/archive/pre-governance-root/CCPU-SAS-VECTOR-TRACE-GUARD-IMPLEMENTATION.md	3012	1a7f1d8d5cfb980dc0522d82a08e5e9564994839475f9d67fc02d9b3bed0b27d
docs/etc/archive/pre-governance-root/CCPU-SEMANTIC-RECONSTRUCTION-RECOVERY-MATRIX.md	artifacts/documentation-archive/20260910/etc/archive/pre-governance-root/CCPU-SEMANTIC-RECONSTRUCTION-RECOVERY-MATRIX.md	12400	0883e1182a930290b2f3f1b22cc25fc74cfd38d8ac19238d451fd7dabafa1440
docs/etc/archive/pre-governance-root/CCPU-SOFTWARE-MONITOR-ROUTE.md	artifacts/documentation-archive/20260910/etc/archive/pre-governance-root/CCPU-SOFTWARE-MONITOR-ROUTE.md	16516	0400f1c1b2defe978fe01ee45aea89033641eb5d6536ad7c5625d9b3a3378d69
docs/etc/archive/pre-governance-root/CCPU-STANDALONE-BACKEND-ASSESSMENT.md	artifacts/documentation-archive/20260910/etc/archive/pre-governance-root/CCPU-STANDALONE-BACKEND-ASSESSMENT.md	19950	407bf85b22d396b6c1757d0e47649f48b13ff5e3fdb38797dd13be21afc12efc
docs/etc/archive/pre-governance-root/CCPU-X86-CONFIG-PROFILE-TRACE.md	artifacts/documentation-archive/20260910/etc/archive/pre-governance-root/CCPU-X86-CONFIG-PROFILE-TRACE.md	3866	4ca500a0a144e18e35278aee866ef55d45a6ad5b27d38abd233a3fc9322dc2c1
docs/etc/archive/pre-governance-root/coding-standard.md	artifacts/documentation-archive/20260910/etc/archive/pre-governance-root/coding-standard.md	2506	221d652453c24556441abb99c46a1681f87c3f55dfc9ffb3ba4d8d6330bf4662
docs/etc/archive/pre-governance-root/COMMAND-ARTIFACT-ROLE-RECONCILIATION.md	artifacts/documentation-archive/20260910/etc/archive/pre-governance-root/COMMAND-ARTIFACT-ROLE-RECONCILIATION.md	5237	3b0dace01c23fd273948d3bf3d07d4f67dbd03af0048a107baf8b5f5ad4254fb
docs/etc/archive/pre-governance-root/COMMAND-GUEST-RECORD-TRANSACTION-DESIGN.md	artifacts/documentation-archive/20260910/etc/archive/pre-governance-root/COMMAND-GUEST-RECORD-TRANSACTION-DESIGN.md	7583	50e4f3cb836a48408ea77ea95864a15a62dad3e7d887f98e8954f67b37585b88
docs/etc/archive/pre-governance-root/COMMAND-SERVICE-FIRST-CUT-ADMISSION.md	artifacts/documentation-archive/20260910/etc/archive/pre-governance-root/COMMAND-SERVICE-FIRST-CUT-ADMISSION.md	5736	c5150d386b6a9b49d790acd02ca5f8e949fdb223e0124110e95a3a5a50a6490f
docs/etc/archive/pre-governance-root/CONSTRUCTED-FIRMWARE-INITIAL-STATE-EXPORT-WORK-ORDER.md	artifacts/documentation-archive/20260910/etc/archive/pre-governance-root/CONSTRUCTED-FIRMWARE-INITIAL-STATE-EXPORT-WORK-ORDER.md	6771	66c1d4bdc4b55723a724dd6ae35de3a8bf6e5001bdac76204e6962f690f2dc1a
docs/etc/archive/pre-governance-root/CONTAINED-DEM-FILE-TOKEN-TABLE.md	artifacts/documentation-archive/20260910/etc/archive/pre-governance-root/CONTAINED-DEM-FILE-TOKEN-TABLE.md	3954	2991f6cc1472c149e8334a27167f11d81b191f2642d9a689e355fc8c8a6e0659
docs/etc/archive/pre-governance-root/CONTAINED-DOS-NAMESPACE-DOSSIER.md	artifacts/documentation-archive/20260910/etc/archive/pre-governance-root/CONTAINED-DOS-NAMESPACE-DOSSIER.md	6966	f60831c308dd50ff35ff1a4e38d1e90cf1fe604a2dcbce540ab6ec97aba15196
docs/etc/archive/pre-governance-root/CONTAINED-NAMESPACE-AND-COMMAND-SERVICE-LEDGER.md	artifacts/documentation-archive/20260910/etc/archive/pre-governance-root/CONTAINED-NAMESPACE-AND-COMMAND-SERVICE-LEDGER.md	7909	876a8adff1d5170b5636f78e33590bc79120b2a452b81c70e7b29d84a9df2a5d
docs/etc/archive/pre-governance-root/CORE-BACKEND-ADOPTION-GATE-AUDIT.md	artifacts/documentation-archive/20260910/etc/archive/pre-governance-root/CORE-BACKEND-ADOPTION-GATE-AUDIT.md	3829	a49924f1da5215eba7fec0e14bf0489afdcfd4c629b56c18cfb3b08cef223760
docs/etc/archive/pre-governance-root/CORE-BOUNDARY-REPORT-4.md	artifacts/documentation-archive/20260910/etc/archive/pre-governance-root/CORE-BOUNDARY-REPORT-4.md	13711	550903e79d26fb91e60da10a7a516d9baf4c6ef13853652960ac26a84e36b3c7
docs/etc/archive/pre-governance-root/CORE-CONSUMER-EVIDENCE-AUDIT.md	artifacts/documentation-archive/20260910/etc/archive/pre-governance-root/CORE-CONSUMER-EVIDENCE-AUDIT.md	3151	4b79f8bb9166fdeab0a151e78a2958b8f47b62e652a2b64aba42e8bfdae61b23
docs/etc/archive/pre-governance-root/CORE-DELTA-HANDOFF-RECORD.md	artifacts/documentation-archive/20260910/etc/archive/pre-governance-root/CORE-DELTA-HANDOFF-RECORD.md	4606	b9a9d54c3e317e1c6bed1fe62a364f8af25c397541bda028cbd11067607a2e97
docs/etc/archive/pre-governance-root/CORE-HISTORICAL-TRANSITION-BRIDGE-GAP.md	artifacts/documentation-archive/20260910/etc/archive/pre-governance-root/CORE-HISTORICAL-TRANSITION-BRIDGE-GAP.md	4474	20a544ef75c2e4df5d6793cf32085a683c476ac20cacea7b4fcf719fc855d273
docs/etc/archive/pre-governance-root/CORE-MANTLE-NTDOS-DELTA-PACKET.md	artifacts/documentation-archive/20260910/etc/archive/pre-governance-root/CORE-MANTLE-NTDOS-DELTA-PACKET.md	5513	7bb74e0437073a6b1f4b1d0a46303d82d0676d9e81ca20ed5b4fc1f0af876612
docs/etc/archive/pre-governance-root/CORE-MANTLE-PREREQUISITE-IMPLEMENTATION-REQUEST.md	artifacts/documentation-archive/20260910/etc/archive/pre-governance-root/CORE-MANTLE-PREREQUISITE-IMPLEMENTATION-REQUEST.md	12395	9278957975d10a17c74eb4335050333f739d2f5e4bc1bb11054e86022926281a
docs/etc/archive/pre-governance-root/CPU-EXECUTION-BACKEND-DECISION.md	artifacts/documentation-archive/20260910/etc/archive/pre-governance-root/CPU-EXECUTION-BACKEND-DECISION.md	3600	4dc1cc844d20449edb83117c0a619dd889b339a473bbd87c58c0a735a4c4224d
docs/etc/archive/pre-governance-root/DEFAULT-BUILD-INSTRUMENTATION-ISOLATION.md	artifacts/documentation-archive/20260910/etc/archive/pre-governance-root/DEFAULT-BUILD-INSTRUMENTATION-ISOLATION.md	5437	cde7661dc0033236e9b1fee854fca8963e8d50ef7601d0c3583494d3565c89d7
docs/etc/archive/pre-governance-root/DEMGETDPBLIST-GUEST-MEMORY-CONTRACT.md	artifacts/documentation-archive/20260910/etc/archive/pre-governance-root/DEMGETDPBLIST-GUEST-MEMORY-CONTRACT.md	2271	8fedaf430859e0162f7c8b72ab42220e2d38ff96297a20493f2a111bea79eefa
docs/etc/archive/pre-governance-root/DEMGETDRIVES-CONTAINED-NAMESPACE-CONTRACT.md	artifacts/documentation-archive/20260910/etc/archive/pre-governance-root/DEMGETDRIVES-CONTAINED-NAMESPACE-CONTRACT.md	2714	6388add939543a216af4f2a31578920d8c3e58348a7b9c77cd8ce68bceae4fcb
docs/etc/archive/pre-governance-root/DEM-READ-GUEST-MEMORY-BRIDGE-ADMISSION.md	artifacts/documentation-archive/20260910/etc/archive/pre-governance-root/DEM-READ-GUEST-MEMORY-BRIDGE-ADMISSION.md	5794	5790fa0ea67152f47e58d0f13baf11c1176353ca27c949dedeb980fd9a5a6ceb
docs/etc/archive/pre-governance-root/documentation-standard.md	artifacts/documentation-archive/20260910/etc/archive/pre-governance-root/documentation-standard.md	3028	77a5af70ca098aafbfe19742554a43bade6aec1285867c7d87591278d322d97f
docs/etc/archive/pre-governance-root/DOS-FILE-OPEN-EXEC-CONTAINMENT-LEDGER.md	artifacts/documentation-archive/20260910/etc/archive/pre-governance-root/DOS-FILE-OPEN-EXEC-CONTAINMENT-LEDGER.md	5864	55d3f05f92320ff0e412da20ba82c373b3ed368984800b4eb635ad5556f2194a
docs/etc/archive/pre-governance-root/DOSINIT-POST-DPB-DEPENDENCY-LEDGER.md	artifacts/documentation-archive/20260910/etc/archive/pre-governance-root/DOSINIT-POST-DPB-DEPENDENCY-LEDGER.md	2266	b6fdc918f079fa97f8772d8cd20e95c5cfe24a802987e64f4135f799ddf4f5e8
docs/etc/archive/pre-governance-root/DOS-WOW16-SOURCE-CLOSURE-EVIDENCE-REGISTER.md	artifacts/documentation-archive/20260910/etc/archive/pre-governance-root/DOS-WOW16-SOURCE-CLOSURE-EVIDENCE-REGISTER.md	2490	b4c48330a66be7f75459717407c0dd76e929b54cdfe51c641f87a7364469cc0c
docs/etc/archive/pre-governance-root/dos-wow16-source-closure-inventory.json	artifacts/documentation-archive/20260910/etc/archive/pre-governance-root/dos-wow16-source-closure-inventory.json	141010	f0c51c6f2e97bbc94aeb6fc8bdb040c9f74ed2907c4138e0c62f832af855dc82
docs/etc/archive/pre-governance-root/DOS-WOW16-SOURCE-CLOSURE-INVENTORY.md	artifacts/documentation-archive/20260910/etc/archive/pre-governance-root/DOS-WOW16-SOURCE-CLOSURE-INVENTORY.md	1017	cf6c868eceabe29d8cfb05a81d01c727ca42335701ca27e824e3e25f6b1df2d4
docs/etc/archive/pre-governance-root/DOS-WOW16-SOURCE-CLOSURE-RESULT.md	artifacts/documentation-archive/20260910/etc/archive/pre-governance-root/DOS-WOW16-SOURCE-CLOSURE-RESULT.md	3797	843f0bb11b298a6d80efca687fdf056dfdc9104026d53676c4052a216c17387c
docs/etc/archive/pre-governance-root/DOS-WOW16-SOURCE-CLOSURE-TASK-BRIEF.md	artifacts/documentation-archive/20260910/etc/archive/pre-governance-root/DOS-WOW16-SOURCE-CLOSURE-TASK-BRIEF.md	6750	5ea19abcd564854c1c21c6dff2714b204303e935ca5385345a3f3e23ee0ecb85
docs/etc/archive/pre-governance-root/ENGINE-CONTRACT.md	artifacts/documentation-archive/20260910/etc/archive/pre-governance-root/ENGINE-CONTRACT.md	4155	d57785469d3221d45b6931f4ab0f40c2cc6f78ab4ecd8425daaa338931d7ca3c
docs/etc/archive/pre-governance-root/execution-workflow.md	artifacts/documentation-archive/20260910/etc/archive/pre-governance-root/execution-workflow.md	1656	9096bdf7553f3356ded7bf71c23b05d6539e914aa3c46f19379950ec20dec1c5
docs/etc/archive/pre-governance-root/FIRMWARE-PROFILE-INPUT-ADMISSION-REPORT.md	artifacts/documentation-archive/20260910/etc/archive/pre-governance-root/FIRMWARE-PROFILE-INPUT-ADMISSION-REPORT.md	3900	c1f4a17d10761f92fa00e9c3ef8e0103dc739a89e33813e5a810d6cfac3311a4
docs/etc/archive/pre-governance-root/GFI-MEDIA-HOST-BOUNDARY.md	artifacts/documentation-archive/20260910/etc/archive/pre-governance-root/GFI-MEDIA-HOST-BOUNDARY.md	4185	f5f6ab1ae2cb338541e3a173b6a9a22316252f5ec84a03557169ba083987cebf
docs/etc/archive/pre-governance-root/GUEST-ARTIFACT-MANIFEST-INTEGRITY-2026-08-09.md	artifacts/documentation-archive/20260910/etc/archive/pre-governance-root/GUEST-ARTIFACT-MANIFEST-INTEGRITY-2026-08-09.md	1935	8bfbeb79151987e578f2855a4c4c6b2219952ee2c561d28bd61b7c4839373aeb
docs/etc/archive/pre-governance-root/HISTORICAL-ADAPTER-ABI-ADMISSION.md	artifacts/documentation-archive/20260910/etc/archive/pre-governance-root/HISTORICAL-ADAPTER-ABI-ADMISSION.md	5357	adfe1778c56e13d4d2c1790eca74757b19adf5459457c4b7302b18b64ed81875
docs/etc/archive/pre-governance-root/HISTORICAL-BUILD-AUDIT.md	artifacts/documentation-archive/20260910/etc/archive/pre-governance-root/HISTORICAL-BUILD-AUDIT.md	1856	5b11e88a6077fb046318bebfdce2b2aa8283a9c15ba819600b1f98e0038679b4
docs/etc/archive/pre-governance-root/HISTORICAL-COMMAND-OBJECT-BOUNDARY-AUDIT.md	artifacts/documentation-archive/20260910/etc/archive/pre-governance-root/HISTORICAL-COMMAND-OBJECT-BOUNDARY-AUDIT.md	7136	cdf37965623343b855660d711c68156629ec27834569902102edfa6fcfa1006f
docs/etc/archive/pre-governance-root/HISTORICAL-DEM-FILE-SHIM-ADMISSION.md	artifacts/documentation-archive/20260910/etc/archive/pre-governance-root/HISTORICAL-DEM-FILE-SHIM-ADMISSION.md	5676	78890175b5db5c5eb5cbee43ddd74dc8422b137ed399476cfb4897b13ff3c755
docs/etc/archive/pre-governance-root/HISTORICAL-DEMLOADDOS-RESOURCE-BRIDGE-DESIGN.md	artifacts/documentation-archive/20260910/etc/archive/pre-governance-root/HISTORICAL-DEMLOADDOS-RESOURCE-BRIDGE-DESIGN.md	4216	056bcbc660be019c507246d6a7f0337596ac4a1e7c9837d3f4e2043c1e11bd26
docs/etc/archive/pre-governance-root/HISTORICAL-DEM-TOKEN-BRIDGE-DESIGN.md	artifacts/documentation-archive/20260910/etc/archive/pre-governance-root/HISTORICAL-DEM-TOKEN-BRIDGE-DESIGN.md	5114	ebe58761de20d3065be11a55172308cf180a90d255f6c7a0670fc546cfb74945
docs/etc/archive/pre-governance-root/HISTORICAL-FIDELITY-OVERLAY-DECISION.md	artifacts/documentation-archive/20260910/etc/archive/pre-governance-root/HISTORICAL-FIDELITY-OVERLAY-DECISION.md	4974	8fbd0083314194f50063ec523c18139b7d960dc9fe4fd0a916525e733bb5f12e
docs/etc/archive/pre-governance-root/HISTORICAL-FIRST-CUT-OVERLAY-GRANULARITY-AUDIT.md	artifacts/documentation-archive/20260910/etc/archive/pre-governance-root/HISTORICAL-FIRST-CUT-OVERLAY-GRANULARITY-AUDIT.md	5836	43b55877f945df414f91da1dea648562fb9fb1c71a384f415e4a66e3c48466cf
docs/etc/archive/pre-governance-root/HISTORICAL-RUNTIME-RESTORATION-DECISION.md	artifacts/documentation-archive/20260910/etc/archive/pre-governance-root/HISTORICAL-RUNTIME-RESTORATION-DECISION.md	4626	19b5de0c440c5a77c2f44232dbc0630675a9937cb9e40244caab6f82133ca545
docs/etc/archive/pre-governance-root/HISTORICAL-SOURCE-INPUT-GATES.md	artifacts/documentation-archive/20260910/etc/archive/pre-governance-root/HISTORICAL-SOURCE-INPUT-GATES.md	22837	8ddc952477114707cd737cea94eb8d4ba13df7cfb1fe8c139e03154a1f533079
docs/etc/archive/pre-governance-root/HISTORICAL-TOOLCHAIN-PROVENANCE-MATRIX.md	artifacts/documentation-archive/20260910/etc/archive/pre-governance-root/HISTORICAL-TOOLCHAIN-PROVENANCE-MATRIX.md	5683	4d9cecfb0871ee8055afd20fec7afead0b2a36c84440fd02dc8897c680783601
docs/etc/archive/pre-governance-root/HISTORICAL-TOOLCHAIN-REBASE-2026-08-07.md	artifacts/documentation-archive/20260910/etc/archive/pre-governance-root/HISTORICAL-TOOLCHAIN-REBASE-2026-08-07.md	24216	03d6850937bb293c0cfe68b1b6adec97d57e569b892cbf2ddaccf07064badcf9
docs/etc/archive/pre-governance-root/HOST-APPLINIT-PREFIX-TRACE.md	artifacts/documentation-archive/20260910/etc/archive/pre-governance-root/HOST-APPLINIT-PREFIX-TRACE.md	4062	1d43eca6ad570ac29479420ec0773724a160c058e9cf16bc85e3450f286efabe
docs/etc/archive/pre-governance-root/HOST-CONSOLE-UI-BOUNDARY.md	artifacts/documentation-archive/20260910/etc/archive/pre-governance-root/HOST-CONSOLE-UI-BOUNDARY.md	3399	fb9a692c698c144e8860379aff13d82499d03847a0ddfda1bbf60351ad7d2e2f
docs/etc/archive/pre-governance-root/HOST-EVENT-THREAD-BOUNDARY.md	artifacts/documentation-archive/20260910/etc/archive/pre-governance-root/HOST-EVENT-THREAD-BOUNDARY.md	4747	dc790e18fef0312debd4ff91162c44d4a137ec6ec6d00517f7c947fc70518be7
docs/etc/archive/pre-governance-root/HOST-MAIN-PREFIX-TRACE.md	artifacts/documentation-archive/20260910/etc/archive/pre-governance-root/HOST-MAIN-PREFIX-TRACE.md	6859	662d9e028741f74ba18fdc8ceffbead6228d34898dccca6c52a0c4d37fcd5aa0
docs/etc/archive/pre-governance-root/INITNTCPUINFO-RECOVERY-DISPOSITION.md	artifacts/documentation-archive/20260910/etc/archive/pre-governance-root/INITNTCPUINFO-RECOVERY-DISPOSITION.md	3461	e6a89a61cc202873d4bcf858882831ca34298205bb7c82e0a6b6f7623acf1ed1
docs/etc/archive/pre-governance-root/LANE-P-CONFIG-AUTOEXEC-DOSSIERS.md	artifacts/documentation-archive/20260910/etc/archive/pre-governance-root/LANE-P-CONFIG-AUTOEXEC-DOSSIERS.md	7949	ac64d1eb1f1c7987f9f61507bd7df3b7a8d3d16a473a5269f6989ae58a79d1a0
docs/etc/archive/pre-governance-root/LANE-P-DIRECTORY-LIFECYCLE-DOSSIERS.md	artifacts/documentation-archive/20260910/etc/archive/pre-governance-root/LANE-P-DIRECTORY-LIFECYCLE-DOSSIERS.md	5685	e7ea6a736fbd7abc7fec8080b4392591b149d4c6f7f555a83c0a1bfd76dc4f55
docs/etc/archive/pre-governance-root/LANE-P-ENVIRONMENT-DOSSIER.md	artifacts/documentation-archive/20260910/etc/archive/pre-governance-root/LANE-P-ENVIRONMENT-DOSSIER.md	3872	b9360b10331c9583d1cb8b7937a32607473531532d10f05e3fe700a187c77397
docs/etc/archive/pre-governance-root/LANE-P-FIRST-COMMAND-DOSSIER.md	artifacts/documentation-archive/20260910/etc/archive/pre-governance-root/LANE-P-FIRST-COMMAND-DOSSIER.md	7553	c6cd58e3f8f59d23a5a775c1c3e9560b97d2a4cbbe3eaa57b8cd48c5be86352b
docs/etc/archive/pre-governance-root/LANE-P-SERVICE-DOSSIER-SCHEMA.md	artifacts/documentation-archive/20260910/etc/archive/pre-governance-root/LANE-P-SERVICE-DOSSIER-SCHEMA.md	4329	c4c716a1a2e8edfce5e6df8ee2416aec0a5eb9de2cfe7d2e7c148a89b9ad609c
docs/etc/archive/pre-governance-root/LANE-P-SETINFO-COMSPEC-DOSSIERS.md	artifacts/documentation-archive/20260910/etc/archive/pre-governance-root/LANE-P-SETINFO-COMSPEC-DOSSIERS.md	4127	d8ffa67f9601f0c458f15ed35f11a749346dd84d5414c93c559dd224076de401
docs/etc/archive/pre-governance-root/LANE-P-TRACE-FIXTURE-PLAN.md	artifacts/documentation-archive/20260910/etc/archive/pre-governance-root/LANE-P-TRACE-FIXTURE-PLAN.md	7103	b1d716f6ee660225aeed80026e2a22769bf1facd737cc24b0d405c7caf474229
docs/etc/archive/pre-governance-root/LOCAL-CODE-GOVERNANCE-LEDGER.md	artifacts/documentation-archive/20260910/etc/archive/pre-governance-root/LOCAL-CODE-GOVERNANCE-LEDGER.md	20852	0d71319c60d89b231d20ba0a0d9bfb49abfcd54ea23b90cc5dc03b1ab94bbd4c
docs/etc/archive/pre-governance-root/M50-HISTORICAL-HOST-PREFIX-RECONCILIATION.md	artifacts/documentation-archive/20260910/etc/archive/pre-governance-root/M50-HISTORICAL-HOST-PREFIX-RECONCILIATION.md	2304	f1b2958eef54a17bef9fec705628f6ec4b269b88bf4bf5a1ebddf04da8abd0d5
docs/etc/archive/pre-governance-root/M51-BYOB-PROFILE-VALIDATOR-IMPLEMENTATION-AUDIT.md	artifacts/documentation-archive/20260910/etc/archive/pre-governance-root/M51-BYOB-PROFILE-VALIDATOR-IMPLEMENTATION-AUDIT.md	3359	d144b5e20a1bcc0141bf0a0b3c0e681ad41d292b6f540147ec31416ba97cafbf
docs/etc/archive/pre-governance-root/M53-HISTORICAL-GENERATED-ABI-RECOVERY-AUDIT.md	artifacts/documentation-archive/20260910/etc/archive/pre-governance-root/M53-HISTORICAL-GENERATED-ABI-RECOVERY-AUDIT.md	2713	082f4226b02056eae15473cacf2e435a411db15eba46f91111ff4e83b6b81221
docs/etc/archive/pre-governance-root/M54-CONTAINED-PROFILE-FIXTURE-IMPLEMENTATION-AUDIT.md	artifacts/documentation-archive/20260910/etc/archive/pre-governance-root/M54-CONTAINED-PROFILE-FIXTURE-IMPLEMENTATION-AUDIT.md	2362	8aa35b627a4f51928c067b25312ae00bef9d7124b852d8208fd85492b07953d5
docs/etc/archive/pre-governance-root/M55-EXTERNAL-BACKEND-HANDOFF-PACKAGE.md	artifacts/documentation-archive/20260910/etc/archive/pre-governance-root/M55-EXTERNAL-BACKEND-HANDOFF-PACKAGE.md	2604	9449b3dab0e5bb2753617a8b943d9abc28e1903896419b3f8f208bfa000974fa
docs/etc/archive/pre-governance-root/M57-HISTORICAL-PROFILE-BOUNDARY-CORRECTION.md	artifacts/documentation-archive/20260910/etc/archive/pre-governance-root/M57-HISTORICAL-PROFILE-BOUNDARY-CORRECTION.md	1470	2200184ec39d4f6249938ac283d1e8daf7140ff507a823b8ebe711199471abbf
docs/etc/archive/pre-governance-root/M58-GOVERNED-BACKEND-READINESS-REAUDIT.md	artifacts/documentation-archive/20260910/etc/archive/pre-governance-root/M58-GOVERNED-BACKEND-READINESS-REAUDIT.md	2220	50c5b1a9fd56e4c1ccc03b0712f295bd01f8d63723535e71e785590ea56de0c1
docs/etc/archive/pre-governance-root/M59-HISTORICAL-PROVIDER-ARCHIVE-PURITY.md	artifacts/documentation-archive/20260910/etc/archive/pre-governance-root/M59-HISTORICAL-PROVIDER-ARCHIVE-PURITY.md	2426	1c7879f27933ce92ee65cf665a38d1f2a392ab0b7d293dc5a250d69c2af04c29
docs/etc/archive/pre-governance-root/M60-NT4-BOP-SVC-DISPATCH-LEDGER.md	artifacts/documentation-archive/20260910/etc/archive/pre-governance-root/M60-NT4-BOP-SVC-DISPATCH-LEDGER.md	9666	89c202713f322890bd7afbe52f3e4169aa089835b36e7d3e02fa6a6b5b33217e
docs/etc/archive/pre-governance-root/M61-DEMLOADDOS-BOOTSTRAP-ABI-LEDGER.md	artifacts/documentation-archive/20260910/etc/archive/pre-governance-root/M61-DEMLOADDOS-BOOTSTRAP-ABI-LEDGER.md	4183	7c4309fac2419a5c2136c11a6ff8794fbaec8110ff90589e310c9aed5a6e5a23
docs/etc/archive/pre-governance-root/M62-DEM-FILE-GUEST-BUFFER-ABI-LEDGER.md	artifacts/documentation-archive/20260910/etc/archive/pre-governance-root/M62-DEM-FILE-GUEST-BUFFER-ABI-LEDGER.md	5747	9f9e6a3bb096a78983835a459c34544a8c499eaa0d57577625b082f6425e0bb2
docs/etc/archive/pre-governance-root/M63-DEM-DRIVE-CURRENT-DIRECTORY-ABI-LEDGER.md	artifacts/documentation-archive/20260910/etc/archive/pre-governance-root/M63-DEM-DRIVE-CURRENT-DIRECTORY-ABI-LEDGER.md	3935	4079fbeaccc61e29445962622919b7c38690a32f647d4c918ec2fa77b6f98801
docs/etc/archive/pre-governance-root/M64-DEM-ERROR-HARD-RETRY-ABI-LEDGER.md	artifacts/documentation-archive/20260910/etc/archive/pre-governance-root/M64-DEM-ERROR-HARD-RETRY-ABI-LEDGER.md	3845	8b0bb9845f1e00491453e15881ce826805757970fc244936f6c07cceff3469c8
docs/etc/archive/pre-governance-root/M65-DEM-DEBUG-STREAM-EXIT-ABI-LEDGER.md	artifacts/documentation-archive/20260910/etc/archive/pre-governance-root/M65-DEM-DEBUG-STREAM-EXIT-ABI-LEDGER.md	3111	0dd84ad0dd47c8c963d918d1be45e4e7519e7c824b31eae8bc508690c35aab6a
docs/etc/archive/pre-governance-root/M66-DEM-COMMAND-EXIT-AND-WIN32-HANDOFF-LEDGER.md	artifacts/documentation-archive/20260910/etc/archive/pre-governance-root/M66-DEM-COMMAND-EXIT-AND-WIN32-HANDOFF-LEDGER.md	4047	8bc94ea1a522f218966582f72fa143afcd4d041551744179b396e6f96508c1f4
docs/etc/archive/pre-governance-root/M67-COMMAND-BOOTSTRAP-ENVIRONMENT-STREAM-ABI-LEDGER.md	artifacts/documentation-archive/20260910/etc/archive/pre-governance-root/M67-COMMAND-BOOTSTRAP-ENVIRONMENT-STREAM-ABI-LEDGER.md	4195	b732804e19487f9979b4a5d19ca622c091888fa0bdb358b923eb4a94282497cb
docs/etc/archive/pre-governance-root/M68-GUEST-COMMAND-CMDINFO-BOOTSTRAP-ABI-LEDGER.md	artifacts/documentation-archive/20260910/etc/archive/pre-governance-root/M68-GUEST-COMMAND-CMDINFO-BOOTSTRAP-ABI-LEDGER.md	3580	faee5acf31ba3dcd4278b746cdb0b43208c83a557d9c7474b186ad1cfb08d97f
docs/etc/archive/pre-governance-root/M69-NT4-ENUS-BOOTSTRAP-CAPABILITY-MATRIX.md	artifacts/documentation-archive/20260910/etc/archive/pre-governance-root/M69-NT4-ENUS-BOOTSTRAP-CAPABILITY-MATRIX.md	5227	e6bc1acbb5f0bff712f1fec5246c1ed7ff6f65f5ed515d3f7e5d67c88b9bcee3
docs/etc/archive/pre-governance-root/M70-NEUTRAL-BACKEND-CAPABILITY-HANDOFF.md	artifacts/documentation-archive/20260910/etc/archive/pre-governance-root/M70-NEUTRAL-BACKEND-CAPABILITY-HANDOFF.md	4775	7e9b0eab399045506bd6577c29bdd759895341229a3942dfd7f0f51b8ab6473d
docs/etc/archive/pre-governance-root/M71-NT4-BOOT-MINIMUM-MACHINE-MATRIX.md	artifacts/documentation-archive/20260910/etc/archive/pre-governance-root/M71-NT4-BOOT-MINIMUM-MACHINE-MATRIX.md	4883	7d91c77ff7e9c9e0b50b269ea4c02e664dac7f44dca8ed5a2f6845faa3b7fc72
docs/etc/archive/pre-governance-root/M72-NT4-BOOT-MEMORY-BOP-ABI-LEDGER.md	artifacts/documentation-archive/20260910/etc/archive/pre-governance-root/M72-NT4-BOOT-MEMORY-BOP-ABI-LEDGER.md	3925	16ea1421e18171be4e7c55a775e7811987304790d6cb70bb7536de8183078e41
docs/etc/archive/pre-governance-root/M73-NT4-A20-XMS-HMA-FALLBACK-LEDGER.md	artifacts/documentation-archive/20260910/etc/archive/pre-governance-root/M73-NT4-A20-XMS-HMA-FALLBACK-LEDGER.md	4263	0eead21bf2ba0d59c04636e8b484cba4fedad82db2a6924a5f2e2d9f29fd9b16
docs/etc/archive/pre-governance-root/M74-NT4-BOOT-INPUT-DISPLAY-CLOCK-GATING.md	artifacts/documentation-archive/20260910/etc/archive/pre-governance-root/M74-NT4-BOOT-INPUT-DISPLAY-CLOCK-GATING.md	4121	6fd9b280084cd92476e90067343ffdcebb60bc7e5b560a21cb9b56728a022009
docs/etc/archive/pre-governance-root/M75-NT4-EXECUTABLE-PREFIX-PREREQUISITES.md	artifacts/documentation-archive/20260910/etc/archive/pre-governance-root/M75-NT4-EXECUTABLE-PREFIX-PREREQUISITES.md	4288	7b50ba905eb00f79fb22c23856dfa0f05f580d24789789eab0bb64d8c9354a03
docs/etc/archive/pre-governance-root/M76-NT4-GUEST-CLOSURE-EVIDENCE-AUDIT.md	artifacts/documentation-archive/20260910/etc/archive/pre-governance-root/M76-NT4-GUEST-CLOSURE-EVIDENCE-AUDIT.md	3038	0850492f54d8b60fcdf3e549b3b7d2d98c7a195bc3bf5ba8f3d7069ffda45ced
docs/etc/archive/pre-governance-root/M77-HISTORICAL-HOST-CLOSURE-EVIDENCE-AUDIT.md	artifacts/documentation-archive/20260910/etc/archive/pre-governance-root/M77-HISTORICAL-HOST-CLOSURE-EVIDENCE-AUDIT.md	3994	f0ec3aaf268522f505c00b8a92e4132b2c31023fc23553e6be114f405c008aa8
docs/etc/archive/pre-governance-root/M78-RUNNER-BYOB-HANDOFF-POLICY.md	artifacts/documentation-archive/20260910/etc/archive/pre-governance-root/M78-RUNNER-BYOB-HANDOFF-POLICY.md	2714	574de6f5dae42dcc9e04d6aadb6c99509b7eaaf05b65fc18d67881edd61b2e16
docs/etc/archive/pre-governance-root/M79-NTVDM64-CURRENT-BACKEND-GATE-REAUDIT.md	artifacts/documentation-archive/20260910/etc/archive/pre-governance-root/M79-NTVDM64-CURRENT-BACKEND-GATE-REAUDIT.md	3883	073374423e48eaa1572f3c73d791bf5529c5b4eb759ce46c5101ae57ae5034b6
docs/etc/archive/pre-governance-root/M80-NT4-STARTUP-SERVICE-CLOSURE.md	artifacts/documentation-archive/20260910/etc/archive/pre-governance-root/M80-NT4-STARTUP-SERVICE-CLOSURE.md	4507	2358ceb2bf588fe53758ac1ad8edd9ad79fb67d15dfc712e8db9f58c6d1168d9
docs/etc/archive/pre-governance-root/M81-OPENNT-SOURCE-SCOPE-RECONCILIATION.md	artifacts/documentation-archive/20260910/etc/archive/pre-governance-root/M81-OPENNT-SOURCE-SCOPE-RECONCILIATION.md	2874	79f63a8109a89467a5465852ad0b8ae3260d44ea6e0281a2ecb7a83271e6e80e
docs/etc/archive/pre-governance-root/M82-NT4-EARLY-SERVICE-ABI-DETAILS.md	artifacts/documentation-archive/20260910/etc/archive/pre-governance-root/M82-NT4-EARLY-SERVICE-ABI-DETAILS.md	4851	bf781d84182e93bebda2b08e051bf67061ea5ae2ee61c7e97a59b15fe62763dd
docs/etc/archive/pre-governance-root/M83-NT4-ENUS-FIRST-PROFILE-CONTRACT.md	artifacts/documentation-archive/20260910/etc/archive/pre-governance-root/M83-NT4-ENUS-FIRST-PROFILE-CONTRACT.md	7162	ef440e3444ef15644b758c501438fb170e8b754f02a28a86221bf00d41d67129
docs/etc/archive/pre-governance-root/M84-REDACTED-TRACE-ENVELOPE.md	artifacts/documentation-archive/20260910/etc/archive/pre-governance-root/M84-REDACTED-TRACE-ENVELOPE.md	2609	1296a3b6b12b15162bf69c6ff1218ae7dda1529b77cbf77b55921c076bae43fe
docs/etc/archive/pre-governance-root/M85-GUEST-CLOSURE-GOVERNANCE-RECONCILIATION.md	artifacts/documentation-archive/20260910/etc/archive/pre-governance-root/M85-GUEST-CLOSURE-GOVERNANCE-RECONCILIATION.md	2599	2f81b10b4f12dc44aa1e80078c99afcb024b5f88c561e48086f604651b195d85
docs/etc/archive/pre-governance-root/M86-CORE-SECOND-CONSUMER-CANDIDATE-AUDIT.md	artifacts/documentation-archive/20260910/etc/archive/pre-governance-root/M86-CORE-SECOND-CONSUMER-CANDIDATE-AUDIT.md	3813	34a69b70a732c46a1d8f9617ed63bc175554a53845c50980aa31c224e9e6dc61
docs/etc/archive/pre-governance-root/M87-NTVDMX64-HAXM-ADAPTER-BOUNDARY-AUDIT.md	artifacts/documentation-archive/20260910/etc/archive/pre-governance-root/M87-NTVDMX64-HAXM-ADAPTER-BOUNDARY-AUDIT.md	3518	fb656072b6e3acb75efdaf35917123dd9208a7870f4d7821b5631c1f835eb6e0
docs/etc/archive/pre-governance-root/M88-CURRENT-CORE-ARCHIVE-PROBE-REVERIFICATION.md	artifacts/documentation-archive/20260910/etc/archive/pre-governance-root/M88-CURRENT-CORE-ARCHIVE-PROBE-REVERIFICATION.md	2402	1a2c9b0bdf51f72f4e98540deb38d877882f6633aadc480ea3d78558918d9b69
docs/etc/archive/pre-governance-root/M91-NTVDM64-CURRENT-BACKEND-GATE-REAUDIT.md	artifacts/documentation-archive/20260910/etc/archive/pre-governance-root/M91-NTVDM64-CURRENT-BACKEND-GATE-REAUDIT.md	4141	8c542557ba2110582833228ad902d61c95c237deec6765ee510398d8a55edbe6
docs/etc/archive/pre-governance-root/M92-OPENNT-OVERLAY-AUDIT.md	artifacts/documentation-archive/20260910/etc/archive/pre-governance-root/M92-OPENNT-OVERLAY-AUDIT.md	13375	e10979e8490b190d0df0e14ccca74f922577aa83cdc6cd83e5a0985ce98ad396
docs/etc/archive/pre-governance-root/M92-OVERLAY-DELTA-MATRIX.md	artifacts/documentation-archive/20260910/etc/archive/pre-governance-root/M92-OVERLAY-DELTA-MATRIX.md	4798	1149469ee1f3b77432fbb0832377d74a29dd0bc3e92f17fd499e08976e72783c
docs/etc/archive/pre-governance-root/MANTLE-INITIAL-STATE-DESCRIPTOR-WORK-ORDER.md	artifacts/documentation-archive/20260910/etc/archive/pre-governance-root/MANTLE-INITIAL-STATE-DESCRIPTOR-WORK-ORDER.md	2173	209a4e6a5019fee7b596b37f03d4bce24ce9e0e260d60527801c3ba7fcb08c67
docs/etc/archive/pre-governance-root/MANTLE-PROFILE-COMPOSITION-ADMISSION-WORK-ORDER.md	artifacts/documentation-archive/20260910/etc/archive/pre-governance-root/MANTLE-PROFILE-COMPOSITION-ADMISSION-WORK-ORDER.md	5576	9d018b51ef0ebfd16a52ee8f8415de3698d868925a2ec73735dfeb6225dd8578
docs/etc/archive/pre-governance-root/MASM386-FIRST-TOOLCHAIN-RECOVERY-WORK-ORDER.md	artifacts/documentation-archive/20260910/etc/archive/pre-governance-root/MASM386-FIRST-TOOLCHAIN-RECOVERY-WORK-ORDER.md	6067	738e00aad82e94cbfd97c0785759001240642a6ea5b1b82758750fc8c1517d66
docs/etc/archive/pre-governance-root/MASM386-PRISTINE-NTIO-NTDOS-AUDIT-2026-08-07.md	artifacts/documentation-archive/20260910/etc/archive/pre-governance-root/MASM386-PRISTINE-NTIO-NTDOS-AUDIT-2026-08-07.md	4806	84dc26367f54c22a27f1f1e26e6998ef82377e7d273d97d773d6825a83693131
docs/etc/archive/pre-governance-root/MODERN-HOST-SHIM-DEPENDENCY-LEDGER.md	artifacts/documentation-archive/20260910/etc/archive/pre-governance-root/MODERN-HOST-SHIM-DEPENDENCY-LEDGER.md	22351	7ef9e900db52157d679e79f5b64f66073a89e69e40ee9a95cf0825cae5b684bc
docs/etc/archive/pre-governance-root/MODERN-RUNNER-ISOLATION-AUDIT.md	artifacts/documentation-archive/20260910/etc/archive/pre-governance-root/MODERN-RUNNER-ISOLATION-AUDIT.md	2752	b00109943e424a803af2d7ef2ad1cd2c8467ba67e649d3af3b8a8f13e6ed92bf
docs/etc/archive/pre-governance-root/MODERN-TOOLCHAIN-SOURCE-OVERLAY-AUDIT-2026-08-07.md	artifacts/documentation-archive/20260910/etc/archive/pre-governance-root/MODERN-TOOLCHAIN-SOURCE-OVERLAY-AUDIT-2026-08-07.md	3774	4faa69f940d23b5f5da104c70bf91889d77e5a84ff5f6f984e46faf3eda738df
docs/etc/archive/pre-governance-root/MSDOS6-GUEST-SOURCE-RECOVERY.md	artifacts/documentation-archive/20260910/etc/archive/pre-governance-root/MSDOS6-GUEST-SOURCE-RECOVERY.md	3803	34c0d14f9682cd6751a47e2cbcb9ed09ccd9a4bb636828f67c513e9c032e7fef
docs/etc/archive/pre-governance-root/NEUTRAL-CORE-MANTLE-DELTA-SYNTHESIS.md	artifacts/documentation-archive/20260910/etc/archive/pre-governance-root/NEUTRAL-CORE-MANTLE-DELTA-SYNTHESIS.md	6327	4cc3dd6dbf1822201fb44123b658cc37fe894393da2fa4e764bfa7c1e20f36b8
docs/etc/archive/pre-governance-root/NON-MASM386-TOOLCHAIN-REMOVAL-2026-08-07.md	artifacts/documentation-archive/20260910/etc/archive/pre-governance-root/NON-MASM386-TOOLCHAIN-REMOVAL-2026-08-07.md	968	f48de412fb5c7bd1bebdd0e39e3b86769f3e6cbc3c1cb9fc5228160f663a41da
docs/etc/archive/pre-governance-root/NT4-BOOTSTRAP-TRANSACTION-WORK-ORDER.md	artifacts/documentation-archive/20260910/etc/archive/pre-governance-root/NT4-BOOTSTRAP-TRANSACTION-WORK-ORDER.md	2248	aea56567601fd487e5f0d68060fa10b9c9222c9889a7422ef3454135c946ca39
docs/etc/archive/pre-governance-root/NT4-DOS-GUEST-BUILD-INVENTORY.md	artifacts/documentation-archive/20260910/etc/archive/pre-governance-root/NT4-DOS-GUEST-BUILD-INVENTORY.md	3053	647223fdcd9c4754e01951f55a7efa1e4ada9f655b754f623d7825d53109615a
docs/etc/archive/pre-governance-root/NT4-ENUS-BOOTSTRAP-CUT-CHECKLIST.md	artifacts/documentation-archive/20260910/etc/archive/pre-governance-root/NT4-ENUS-BOOTSTRAP-CUT-CHECKLIST.md	7432	12d4ecd1a3306747321be4059156430c1935b64f6538edc4e751ce67f7ce5281
docs/etc/archive/pre-governance-root/NT4-ENUS-BYOB-PROFILE-CONTRACT.md	artifacts/documentation-archive/20260910/etc/archive/pre-governance-root/NT4-ENUS-BYOB-PROFILE-CONTRACT.md	10017	a8c759bb912fcedc6fa9bb738871d336fe116f7747a48fb137172d08c6f610a3
docs/etc/archive/pre-governance-root/NT4-GUEST-ARTIFACT-CLOSURE.md	artifacts/documentation-archive/20260910/etc/archive/pre-governance-root/NT4-GUEST-ARTIFACT-CLOSURE.md	3322	0f25ba1b9378d57a65a1e54d62214e606efdba153536ecccb255dd30ff5bef74
docs/etc/archive/pre-governance-root/NT4-NT5-LOCAL-SOURCE-CROSSCHECK.md	artifacts/documentation-archive/20260910/etc/archive/pre-governance-root/NT4-NT5-LOCAL-SOURCE-CROSSCHECK.md	12306	331ec864a404b87fd5eda633129c122ab673e79b40cd5b5f5e5446546b2381bc
docs/etc/archive/pre-governance-root/NTDOS-ASSEMBLY-COMPATIBILITY-LEDGER.md	artifacts/documentation-archive/20260910/etc/archive/pre-governance-root/NTDOS-ASSEMBLY-COMPATIBILITY-LEDGER.md	12393	9db50af302a3b1a0f3284b53a27e4ad027d9cb087a54615578bf676937b6d2a3
docs/etc/archive/pre-governance-root/NTDOS-BOOTSTRAP-CONTRACT.md	artifacts/documentation-archive/20260910/etc/archive/pre-governance-root/NTDOS-BOOTSTRAP-CONTRACT.md	5297	756a1247f99d632edc5bf926226d4e513c3a69a488303e791acc9899215bfb56
docs/etc/archive/pre-governance-root/NTDOS-LOAD-TRANSACTION-PREFLIGHT-WORK-ORDER.md	artifacts/documentation-archive/20260910/etc/archive/pre-governance-root/NTDOS-LOAD-TRANSACTION-PREFLIGHT-WORK-ORDER.md	2520	3b408ce2fe8e659d5f811d198f84400c5dad44432c603076a98b8b5fa5acf805
docs/etc/archive/pre-governance-root/NTDOS-POST-LOAD-FIRST-INSTRUCTION-DEPENDENCY-LEDGER.md	artifacts/documentation-archive/20260910/etc/archive/pre-governance-root/NTDOS-POST-LOAD-FIRST-INSTRUCTION-DEPENDENCY-LEDGER.md	5598	62a4c34be069995167c1ddb3ed84dc1f1ed0f1b58d54210b092f24afb4183123
docs/etc/archive/pre-governance-root/NTIO-BOOTSTRAP-PREFLIGHT-WORK-ORDER.md	artifacts/documentation-archive/20260910/etc/archive/pre-governance-root/NTIO-BOOTSTRAP-PREFLIGHT-WORK-ORDER.md	3681	7a8a4d244cd89dc4b3cd3ae903c87c0b4b5dac938b46537060308104b69e3ec3
docs/etc/archive/pre-governance-root/NTIO-CORE-PREPARED-ENTRY-GATE.md	artifacts/documentation-archive/20260910/etc/archive/pre-governance-root/NTIO-CORE-PREPARED-ENTRY-GATE.md	5236	2d0243a98e489db74925c78fca46abdf036fbde4b0d65846107e0571c2b17f63
docs/etc/archive/pre-governance-root/NTIO-ENTRY-REGISTER-BASELINE-LEDGER.md	artifacts/documentation-archive/20260910/etc/archive/pre-governance-root/NTIO-ENTRY-REGISTER-BASELINE-LEDGER.md	4349	d002e006d9251d200e07c860714805c61c8be7067bc06c4bf93d47152c562c69
docs/etc/archive/pre-governance-root/NTIO-FIRST-INSTRUCTION-DEPENDENCY-LEDGER.md	artifacts/documentation-archive/20260910/etc/archive/pre-governance-root/NTIO-FIRST-INSTRUCTION-DEPENDENCY-LEDGER.md	5698	3e87cea3236572e08e8106c3b51ded10332e3983deb913b03fa05eaefe6624ef
docs/etc/archive/pre-governance-root/NTIO-FIRST-LIVE-IVT-BDA-LEDGER.md	artifacts/documentation-archive/20260910/etc/archive/pre-governance-root/NTIO-FIRST-LIVE-IVT-BDA-LEDGER.md	3024	e22f4ae7ea7ba02b6322a90cfd08d998d7a3ea3065417c8dcfdf2baf246c4f9c
docs/etc/archive/pre-governance-root/NTIO-IMAGE-LAYOUT-PROVENANCE-CORRECTION.md	artifacts/documentation-archive/20260910/etc/archive/pre-governance-root/NTIO-IMAGE-LAYOUT-PROVENANCE-CORRECTION.md	2695	c1f0db0cbb6fb22409ef4bbf1a0aa2378ab098372a519c9e21f4b514fa20f4e4
docs/etc/archive/pre-governance-root/NTIO-PRE-INSTRUCTION-TRACE-ADMISSION-REPORT.md	artifacts/documentation-archive/20260910/etc/archive/pre-governance-root/NTIO-PRE-INSTRUCTION-TRACE-ADMISSION-REPORT.md	3937	db1aec61d6bf435f4f77bd2bd84c6ab63f9f132693f9fa5b671dfe7c532e63b8
docs/etc/archive/pre-governance-root/NTVDM64-CORE-MACHINE-PROBE.md	artifacts/documentation-archive/20260910/etc/archive/pre-governance-root/NTVDM64-CORE-MACHINE-PROBE.md	3154	fc7a4cfd350990c471c3c47448e2c666cb7884b4f8a539ba6233084b7fa0c036
docs/etc/archive/pre-governance-root/NTVDMX64-NONINVASIVE-RUNNER-ASSESSMENT.md	artifacts/documentation-archive/20260910/etc/archive/pre-governance-root/NTVDMX64-NONINVASIVE-RUNNER-ASSESSMENT.md	3432	1339a8c8116e48959d835a03ff90ec678371c84b05286d6ccd9c1c7997da8c7f
docs/etc/archive/pre-governance-root/OFFICIAL-MS-DOS-SOURCE-AUDIT.md	artifacts/documentation-archive/20260910/etc/archive/pre-governance-root/OFFICIAL-MS-DOS-SOURCE-AUDIT.md	3177	33558f195aa3ae04361e079dbd02c33f0be533c9259b7af8db563aaca2213edb
docs/etc/archive/pre-governance-root/OPENNT-ARTIFACT-MATRIX.md	artifacts/documentation-archive/20260910/etc/archive/pre-governance-root/OPENNT-ARTIFACT-MATRIX.md	10071	9994d3afbcf1adc9d39dac784dff150180afb5ee192a11d17deff57329fd43ec
docs/etc/archive/pre-governance-root/OPENNT-BOOTSTRAP-SERVICE-CONTRACT.md	artifacts/documentation-archive/20260910/etc/archive/pre-governance-root/OPENNT-BOOTSTRAP-SERVICE-CONTRACT.md	8527	6b96ee25bc4035318d5d5f1ff842b5b8a377266378b1904853300b7f159727cb
docs/etc/archive/pre-governance-root/OPENNT-BUILD-BOOTSTRAP-AUDIT.md	artifacts/documentation-archive/20260910/etc/archive/pre-governance-root/OPENNT-BUILD-BOOTSTRAP-AUDIT.md	32440	44aae1559ef58e0d393fd6050c67230e85bd5949b91eabe79f4edf2b0d2e025a
docs/etc/archive/pre-governance-root/OPENNT-BUILDMSG-HOST-ABI-RECOVERY.md	artifacts/documentation-archive/20260910/etc/archive/pre-governance-root/OPENNT-BUILDMSG-HOST-ABI-RECOVERY.md	2296	04ca917f4761c9efa6f3baf5368acdc02b03b46ee604a57b7a3283a460bbdb35
docs/etc/archive/pre-governance-root/OPENNT-COMMAND-LAYOUT-RECOVERY.md	artifacts/documentation-archive/20260910/etc/archive/pre-governance-root/OPENNT-COMMAND-LAYOUT-RECOVERY.md	8726	759b09762044fc4379a4969e120c11bee1e04945ab83384524e44afd55de4013
docs/etc/archive/pre-governance-root/OPENNT-COUNTRY-BUILD-RECORD.md	artifacts/documentation-archive/20260910/etc/archive/pre-governance-root/OPENNT-COUNTRY-BUILD-RECORD.md	3542	3a0706fed34fce70d6cf263627cf46fe73088a742e1006bdae1bcaeb2a7e17ae
docs/etc/archive/pre-governance-root/OPENNT-DOSX-BUILD-RECORD.md	artifacts/documentation-archive/20260910/etc/archive/pre-governance-root/OPENNT-DOSX-BUILD-RECORD.md	7274	06d24dbb44d87295206d0f66de1d5a3fa7b32244bcc078d01dd8b8663e5be7fa
docs/etc/archive/pre-governance-root/OPENNT-EMS-PROFILE-GAP.md	artifacts/documentation-archive/20260910/etc/archive/pre-governance-root/OPENNT-EMS-PROFILE-GAP.md	3563	ef12d941e7b4bcf32e98d2c536f787549216649ec13834c1693abbbb895b474c
docs/etc/archive/pre-governance-root/OPENNT-EXE2BIN-BUILD-RECORD.md	artifacts/documentation-archive/20260910/etc/archive/pre-governance-root/OPENNT-EXE2BIN-BUILD-RECORD.md	3286	875a4e475099bec4177f6464ad60ea2a20b5fbfd83d8abb2afbe01190befee29
docs/etc/archive/pre-governance-root/OPENNT-FULL-ARTIFACT-CLOSURE-WORK-ORDER.md	artifacts/documentation-archive/20260910/etc/archive/pre-governance-root/OPENNT-FULL-ARTIFACT-CLOSURE-WORK-ORDER.md	6403	d09d8bdee9f6210bb67808a4588f5b8d3a74991e08bbb75bdf58b1cb61c58a82
docs/etc/archive/pre-governance-root/OPENNT-FULL-SET-BUILD-CAMPAIGN.md	artifacts/documentation-archive/20260910/etc/archive/pre-governance-root/OPENNT-FULL-SET-BUILD-CAMPAIGN.md	4427	f1d4914efea93aef906e6c99efd2db104aed65fdcc33365f480d4aff75233e7b
docs/etc/archive/pre-governance-root/OPENNT-G0-TOOLCHAIN-REBASE.md	artifacts/documentation-archive/20260910/etc/archive/pre-governance-root/OPENNT-G0-TOOLCHAIN-REBASE.md	3611	6fcb1620011a331c1e30e2dd2f1bc67f61450407fa8fa52b982e172602a6eeec
docs/etc/archive/pre-governance-root/OPENNT-GRAPHICS-BUILD-RECORD.md	artifacts/documentation-archive/20260910/etc/archive/pre-governance-root/OPENNT-GRAPHICS-BUILD-RECORD.md	3673	c448e2bb3356ea6bee07d418f62f0c58516522715b7ce303dca9b0b556bf0e13
docs/etc/archive/pre-governance-root/OPENNT-GUEST-BUILD-INVENTORY.md	artifacts/documentation-archive/20260910/etc/archive/pre-governance-root/OPENNT-GUEST-BUILD-INVENTORY.md	1675	5e72f8266816b382d7be001e834a000ee2055ddeed8708b84cc917e3cc9c23ca
docs/etc/archive/pre-governance-root/OPENNT-HISTORICAL-HOST-STACK-BUILD-GRAPH.md	artifacts/documentation-archive/20260910/etc/archive/pre-governance-root/OPENNT-HISTORICAL-HOST-STACK-BUILD-GRAPH.md	78493	fabbc850a31da04b1f0a80c385d8536e5a71c74dd785c6581fbc180eab6f6e97
docs/etc/archive/pre-governance-root/OPENNT-KB16-SOURCE-CLOSURE.md	artifacts/documentation-archive/20260910/etc/archive/pre-governance-root/OPENNT-KB16-SOURCE-CLOSURE.md	3495	e35a9cc557a8b556b619395bf918d0a1c6b7d615f9fd2d1a115da9a8a7c0b168
docs/etc/archive/pre-governance-root/OPENNT-KEYBOARD-BUILD-RECORD.md	artifacts/documentation-archive/20260910/etc/archive/pre-governance-root/OPENNT-KEYBOARD-BUILD-RECORD.md	3657	284373a530505ef16541d918fc26ebb683c922627d1e4ce3dc456b2017a74177
docs/etc/archive/pre-governance-root/OPENNT-MASM386-HISTORICAL-LINK-PURIFICATION-LEDGER.md	artifacts/documentation-archive/20260910/etc/archive/pre-governance-root/OPENNT-MASM386-HISTORICAL-LINK-PURIFICATION-LEDGER.md	4351	5186dc2daec3c3aa74e17282790fc89eb2c8c94ed3af2cac2106fb3a189d1493
docs/etc/archive/pre-governance-root/OPENNT-MEM-SOURCE-CLOSURE.md	artifacts/documentation-archive/20260910/etc/archive/pre-governance-root/OPENNT-MEM-SOURCE-CLOSURE.md	2295	b89637689ca8db266323db7f81c046b14ed20a0b70dda0f3b77d20b9699b94d8
docs/etc/archive/pre-governance-root/opennt-mvdm-artifact-inventory.json	artifacts/documentation-archive/20260910/etc/archive/pre-governance-root/opennt-mvdm-artifact-inventory.json	66690	43712e98023476df3b00977f5b54fbb6331716c6eea7535ac2f493ec3f9d257e
docs/etc/archive/pre-governance-root/OPENNT-MVDM-ARTIFACT-INVENTORY.md	artifacts/documentation-archive/20260910/etc/archive/pre-governance-root/OPENNT-MVDM-ARTIFACT-INVENTORY.md	13719	74b4a70dd8d28d0fc047174a71922801b115b333379bd940ea2808df55f4835a
docs/etc/archive/pre-governance-root/OPENNT-MVDM-DECLARED-OUTPUT-TRIAGE.md	artifacts/documentation-archive/20260910/etc/archive/pre-governance-root/OPENNT-MVDM-DECLARED-OUTPUT-TRIAGE.md	6806	4bb0355a0d07f2b39ed0eec2fb56b7216353241e0ed2e7c9573cce7643e8cad8
docs/etc/archive/pre-governance-root/OPENNT-NLSFUNC-SOURCE-CLOSURE.md	artifacts/documentation-archive/20260910/etc/archive/pre-governance-root/OPENNT-NLSFUNC-SOURCE-CLOSURE.md	3082	ce2fe9474853e559119404c118aa8f491d75ad40e98c17274150d0b39f2afca0
docs/etc/archive/pre-governance-root/OPENNT-NTIO-ENTRY-STATE-CARD.md	artifacts/documentation-archive/20260910/etc/archive/pre-governance-root/OPENNT-NTIO-ENTRY-STATE-CARD.md	10455	8b513eeea0ab2ec20e2af7fde8fe1eac73d6eb9d00f9ab0e6bbdc09a1c9a3f69
docs/etc/archive/pre-governance-root/OPENNT-NTVDM-PRODUCT-COMPOSITION-TRIAGE.md	artifacts/documentation-archive/20260910/etc/archive/pre-governance-root/OPENNT-NTVDM-PRODUCT-COMPOSITION-TRIAGE.md	2616	0bb977f3c57b905ab7d3cb4eb0cf77ecf2af6a06452b27fee4c67fc97006961c
docs/etc/archive/pre-governance-root/OPENNT-REDIR-BUILD-RECORD.md	artifacts/documentation-archive/20260910/etc/archive/pre-governance-root/OPENNT-REDIR-BUILD-RECORD.md	3300	c6fdc6b3f3bb27c8eba0dcd5748974fb6a67020cbaf351452171daba9c1e4c5c
docs/etc/archive/pre-governance-root/OPENNT-REDIR-WRAPPER-CONTRACT.md	artifacts/documentation-archive/20260910/etc/archive/pre-governance-root/OPENNT-REDIR-WRAPPER-CONTRACT.md	5185	395754491be226f5593937bb0548104eaa542ae228c3f0768bba2911f55d9bdc
docs/etc/archive/pre-governance-root/OPENNT-SERVICE-BOUNDARY-MATRIX.md	artifacts/documentation-archive/20260910/etc/archive/pre-governance-root/OPENNT-SERVICE-BOUNDARY-MATRIX.md	3398	e5850732a745903e772cf3e8975a8aa8193cf0c64cd58a873d8db48be12460f4
docs/etc/archive/pre-governance-root/OPENNT-STAGED-ARTIFACT-AUDIT.md	artifacts/documentation-archive/20260910/etc/archive/pre-governance-root/OPENNT-STAGED-ARTIFACT-AUDIT.md	6068	92bf2505875f2af8cbb0f6d70c903a40048f54759fb5ba180798adcc5fd02d08
docs/etc/archive/pre-governance-root/OPENNT-VDM-ARTIFACT-PLAN.md	artifacts/documentation-archive/20260910/etc/archive/pre-governance-root/OPENNT-VDM-ARTIFACT-PLAN.md	4284	628afe38c6552845911af65bf46adf1ebfbb137ffc9cb46a96815d9d0d5677d8
docs/etc/archive/pre-governance-root/OPENNT-VDM-COMMAND-BROKER-CONTRACT.md	artifacts/documentation-archive/20260910/etc/archive/pre-governance-root/OPENNT-VDM-COMMAND-BROKER-CONTRACT.md	6803	bd80925197c302376dd4029aa0c9d1639f738236194dc55016035a903ebc239b
docs/etc/archive/pre-governance-root/OPENWATCOM-16BIT-TOOLCHAIN-PROBE.md	artifacts/documentation-archive/20260910/etc/archive/pre-governance-root/OPENWATCOM-16BIT-TOOLCHAIN-PROBE.md	5421	7cc4506622f9f0d61da72c4fc38897d2513963c2659138f5f64f7142f10f73e8
docs/etc/archive/pre-governance-root/OPENWATCOM-TOOLCHAIN-ADMISSION.md	artifacts/documentation-archive/20260910/etc/archive/pre-governance-root/OPENWATCOM-TOOLCHAIN-ADMISSION.md	3886	ab6c4d1aaf90f3a2f671d0ab20729dd5f590df09c3396c97cc71c9956d997838
docs/etc/archive/pre-governance-root/OWNED-DOS-ENGINE.md	artifacts/documentation-archive/20260910/etc/archive/pre-governance-root/OWNED-DOS-ENGINE.md	2323	7acaf5e997810900f03e32630e5240ec90d6d0bdefedf31d2c6c64c8bb40c1c5
docs/etc/archive/pre-governance-root/OWNED-MACHINE-PROBE.md	artifacts/documentation-archive/20260910/etc/archive/pre-governance-root/OWNED-MACHINE-PROBE.md	2637	4c0f7dde12475e7cb130f0bf9b50b2537136db64164fdf10789ebe0454aa06d2
docs/etc/archive/pre-governance-root/OWNED-MONITOR-M0-WORK-ORDER.md	artifacts/documentation-archive/20260910/etc/archive/pre-governance-root/OWNED-MONITOR-M0-WORK-ORDER.md	5043	f8292248db073b1e3942250eb499a6968f79bfdbf49a08240b331d796ba990d1
docs/etc/archive/pre-governance-root/OWNED-MONITOR-M1-WORK-ORDER.md	artifacts/documentation-archive/20260910/etc/archive/pre-governance-root/OWNED-MONITOR-M1-WORK-ORDER.md	5142	ba6edfad0c313254828869da5a9b38d916c9ab362e935f483dd4065f1dc6a5f2
docs/etc/archive/pre-governance-root/OWNED-MONITOR-M2-ORACLE-ADAPTER-WORK-ORDER.md	artifacts/documentation-archive/20260910/etc/archive/pre-governance-root/OWNED-MONITOR-M2-ORACLE-ADAPTER-WORK-ORDER.md	5086	814ac7b68b9bc7da557b4e038d99ca80be03af875e76de47912d574e90d07fd1
docs/etc/archive/pre-governance-root/OWNED-MONITOR-M3-EXECUTION-BACKEND-WORK-ORDER.md	artifacts/documentation-archive/20260910/etc/archive/pre-governance-root/OWNED-MONITOR-M3-EXECUTION-BACKEND-WORK-ORDER.md	6308	3d8961c8a043180ef2bc1acbae6d37572117bd82e625398b0c489a143625ec9e
docs/etc/archive/pre-governance-root/OWNED-USERMODE-MONITOR-ORACLE-PLAN.md	artifacts/documentation-archive/20260910/etc/archive/pre-governance-root/OWNED-USERMODE-MONITOR-ORACLE-PLAN.md	5979	db5c10552d5c025b729c89f509e5c6b6980c63022317e43339fbf41413c6616a
docs/etc/archive/pre-governance-root/R1-CCPU-CVIDC-ABI-MATRIX.md	artifacts/documentation-archive/20260910/etc/archive/pre-governance-root/R1-CCPU-CVIDC-ABI-MATRIX.md	10561	70fe20b7c9deff5c3047be5c19e9bf05d694cfceb0029868c7f50b0a1b220c80
docs/etc/archive/pre-governance-root/R1-CCPU-CVIDC-COMPOSITION-RECOVERY-SPEC.md	artifacts/documentation-archive/20260910/etc/archive/pre-governance-root/R1-CCPU-CVIDC-COMPOSITION-RECOVERY-SPEC.md	13089	da0b0c7d2ce85cc12821c1e13c2137106233e420fe6a002d0ec22cb778c021f5
docs/etc/archive/pre-governance-root/R1-CCPU-CVIDC-INPUT-ACQUISITION-CONTRACT.md	artifacts/documentation-archive/20260910/etc/archive/pre-governance-root/R1-CCPU-CVIDC-INPUT-ACQUISITION-CONTRACT.md	3699	f2208c7c8331b2fe0af859317b5ba4b11b461934ff1f7aee98759b1a626bd56e
docs/etc/archive/pre-governance-root/R1-CCPU-HOST-BRIDGE-NEGATIVE-AUDIT.md	artifacts/documentation-archive/20260910/etc/archive/pre-governance-root/R1-CCPU-HOST-BRIDGE-NEGATIVE-AUDIT.md	4460	9b99d496efff4e182c8df1e3749850ef0450b180671d96f14050ae905a2e8ea6
docs/etc/archive/pre-governance-root/R1-CCPU-PROFILE-SEPARATION.md	artifacts/documentation-archive/20260910/etc/archive/pre-governance-root/R1-CCPU-PROFILE-SEPARATION.md	5427	c326781b692597c93762be7c44791b9350ea6954a79ad836d5b7a0eac8a39a0e
docs/etc/archive/pre-governance-root/R1-CCPU-VECTOR-ASSEMBLY-AUDIT.md	artifacts/documentation-archive/20260910/etc/archive/pre-governance-root/R1-CCPU-VECTOR-ASSEMBLY-AUDIT.md	4489	5fb0da46a81129587933b0bc1728a27ec3052d11d7c1d4d5e9bfbc4c5986dca9
docs/etc/archive/pre-governance-root/R1-CVIDC-REFERENCE-COMPARISON.md	artifacts/documentation-archive/20260910/etc/archive/pre-governance-root/R1-CVIDC-REFERENCE-COMPARISON.md	5855	eec99a731238b909ce069caa0777aa25e68913512ad377264a5888c933f8697d
docs/etc/archive/pre-governance-root/R1-CVIDC-VIDEO-STARTUP-CLOSURE.md	artifacts/documentation-archive/20260910/etc/archive/pre-governance-root/R1-CVIDC-VIDEO-STARTUP-CLOSURE.md	5024	f0aaf03973981cf32889d3050e87dbcd89338148ff5e8c029bfb14e788052667
docs/etc/archive/pre-governance-root/R1-GENERIC-VIDEO-RECONSTRUCTION-ADMISSION.md	artifacts/documentation-archive/20260910/etc/archive/pre-governance-root/R1-GENERIC-VIDEO-RECONSTRUCTION-ADMISSION.md	4469	754bc5de21a38aac2e019245d103707e79013e5699af1b65cda9420d783d13d7
docs/etc/archive/pre-governance-root/R1-ORIGINAL-CHAIN-CLOSURE-LEDGER.md	artifacts/documentation-archive/20260910/etc/archive/pre-governance-root/R1-ORIGINAL-CHAIN-CLOSURE-LEDGER.md	18270	9fcec13812f0175b512b84af45c32494f6d8c6434dd73c11769c329095987713
docs/etc/archive/pre-governance-root/R1-SOFTWARE-MONITOR-PROFILE-DECISION.md	artifacts/documentation-archive/20260910/etc/archive/pre-governance-root/R1-SOFTWARE-MONITOR-PROFILE-DECISION.md	2835	4b57b8b9cf2f6c1635513c53719bb4fd63d0c1d2129212280f2eb33bbf9f9a4f
docs/etc/archive/pre-governance-root/R2-BYOB-RESOURCE-LOADER-CALLER-CONTRACT.md	artifacts/documentation-archive/20260910/etc/archive/pre-governance-root/R2-BYOB-RESOURCE-LOADER-CALLER-CONTRACT.md	2936	18b41e5d9bc0c38dd1b106dce96697f7d2eae08cd2771a548d7ace24cf874791
docs/etc/archive/pre-governance-root/R2-DIRECT-CLI-SESSION-CONTRACT.md	artifacts/documentation-archive/20260910/etc/archive/pre-governance-root/R2-DIRECT-CLI-SESSION-CONTRACT.md	2143	b4aa11ddf78cc9faa90884c7c32b202df8979537aa726064c04aa43136eaf955
docs/etc/archive/pre-governance-root/R2-HISTORICAL-BRIDGE-BOUNDARY.md	artifacts/documentation-archive/20260910/etc/archive/pre-governance-root/R2-HISTORICAL-BRIDGE-BOUNDARY.md	3583	c6697ee24efa2adc98ed73b8380ef3d04b9a388a94bcbf648a644d6413ca6eb3
docs/etc/archive/pre-governance-root/R2-HISTORICAL-SELECTOR-BRIDGE-ADMISSION.md	artifacts/documentation-archive/20260910/etc/archive/pre-governance-root/R2-HISTORICAL-SELECTOR-BRIDGE-ADMISSION.md	4810	5b32b40beb4b9d6575415ed07f10e74b855a1ea552cf31d9a9d2dc384e199233
docs/etc/archive/pre-governance-root/R2-RECONSTRUCTED-MONITOR-CONTRACT.md	artifacts/documentation-archive/20260910/etc/archive/pre-governance-root/R2-RECONSTRUCTED-MONITOR-CONTRACT.md	6011	2493d4d88e15ccd6a6cfcbb1970231195719b4eea2da6ad2ccfe39f919fbbc2a
docs/etc/archive/pre-governance-root/R2-SAS-RESET-PROFILE-AUDIT.md	artifacts/documentation-archive/20260910/etc/archive/pre-governance-root/R2-SAS-RESET-PROFILE-AUDIT.md	4809	e9f12cbcf6ab99205a360900a05adde3943cc90a2145220db0518ad8bcd8f9af
docs/etc/archive/pre-governance-root/R3-CONFIG-PREFIX-TRACE-LEDGER.md	artifacts/documentation-archive/20260910/etc/archive/pre-governance-root/R3-CONFIG-PREFIX-TRACE-LEDGER.md	6170	8af60805cba6d768f834660028ff8f1b4d1e32a24fa3fedc8f22e9ffd92e4d48
docs/etc/archive/pre-governance-root/R3-DIRECT-CCPU-INITIALIZATION-CLOSURE-LEDGER.md	artifacts/documentation-archive/20260910/etc/archive/pre-governance-root/R3-DIRECT-CCPU-INITIALIZATION-CLOSURE-LEDGER.md	6868	ab8f0afc9a20d20d11957297668d87f60e0b99ad47fc96a904d7eb42be434317
docs/etc/archive/pre-governance-root/R3-DIRECT-CCPU-LINKER-UNRESOLVED-INVENTORY.md	artifacts/documentation-archive/20260910/etc/archive/pre-governance-root/R3-DIRECT-CCPU-LINKER-UNRESOLVED-INVENTORY.md	23369	dccb422d276677f8cc6ff64a6e959cfc5b5f551d76285845d19a9f7edbb6193a
docs/etc/archive/pre-governance-root/R3-DIRECT-CLI-COMMAND-TRANSPORT-CONTRACT.md	artifacts/documentation-archive/20260910/etc/archive/pre-governance-root/R3-DIRECT-CLI-COMMAND-TRANSPORT-CONTRACT.md	5543	e137fa6bd5a3f58d4db5aba4b5895a9d56fe42af99641665e0ff5aeacc740761
docs/etc/archive/pre-governance-root/R3-DIRECT-CLI-SESSION-STATE-CONTRACT.md	artifacts/documentation-archive/20260910/etc/archive/pre-governance-root/R3-DIRECT-CLI-SESSION-STATE-CONTRACT.md	2957	ef8b79c7387a3d9e0b5f7cf2ff3517b7186953e278dfe01e293aec9f495d4008
docs/etc/archive/pre-governance-root/R3-ORIGINAL-BOOTSTRAP-ACTIVATION-LEDGER.md	artifacts/documentation-archive/20260910/etc/archive/pre-governance-root/R3-ORIGINAL-BOOTSTRAP-ACTIVATION-LEDGER.md	7730	8519cdd8f55ebb90f00b42ea59dc764fda0bf3b122c3256c8898f9b5a00fa2d2
docs/etc/archive/pre-governance-root/R3-ORIGINAL-STARTUP-PREFIX-LEDGER.md	artifacts/documentation-archive/20260910/etc/archive/pre-governance-root/R3-ORIGINAL-STARTUP-PREFIX-LEDGER.md	6879	a6c8f2d6e965eb6cacbbcee1b38e3cf21bdb78b8a05610dbc8ea9d4691638871
docs/etc/archive/pre-governance-root/R5-ORIGINAL-CHAIN-REBUILD-2026-08-07.md	artifacts/documentation-archive/20260910/etc/archive/pre-governance-root/R5-ORIGINAL-CHAIN-REBUILD-2026-08-07.md	4644	d297592d29ee287cc204323885b04ac403b1653b2a5a43804802e5674f65ea46
docs/etc/archive/pre-governance-root/RESET-TRACE-STATUS.md	artifacts/documentation-archive/20260910/etc/archive/pre-governance-root/RESET-TRACE-STATUS.md	15198	2129bee2f71587d09c8b7a19b95325ba4f7512f4ceb66a8a46ac7c67b8d1c72f
docs/etc/archive/pre-governance-root/ROI-DRIVEN-EXECUTION-ROADMAP.md	artifacts/documentation-archive/20260910/etc/archive/pre-governance-root/ROI-DRIVEN-EXECUTION-ROADMAP.md	19391	4d2979f62a1a8e9f41c65352e31d5d23e562b731b083faba66a6b37339c86de9
docs/etc/archive/pre-governance-root/S1-HISTORICAL-HOST-CLOSURE.md	artifacts/documentation-archive/20260910/etc/archive/pre-governance-root/S1-HISTORICAL-HOST-CLOSURE.md	2277	0796b7bf5f0a780fbd7a989938474045ed2d3aa2a6b68b8697605393bd2e1bb8
docs/etc/archive/pre-governance-root/S2-HISTORICAL-BRIDGE-RECORD-CONTRACT.md	artifacts/documentation-archive/20260910/etc/archive/pre-governance-root/S2-HISTORICAL-BRIDGE-RECORD-CONTRACT.md	4103	87cfbdc12b2efd572fda88091b6ca9707d4bcc6dfe2b9efcf39fd2e4374f8805
docs/etc/archive/pre-governance-root/S3-RECONSTRUCTED-MONITOR-SEMANTICS.md	artifacts/documentation-archive/20260910/etc/archive/pre-governance-root/S3-RECONSTRUCTED-MONITOR-SEMANTICS.md	5897	78db2e8e9c0665b39852cc3739a142cb81304d44b6110c33c51a771aac599ffb
docs/etc/archive/pre-governance-root/S4-RECONSTRUCTION-ADMISSION.md	artifacts/documentation-archive/20260910/etc/archive/pre-governance-root/S4-RECONSTRUCTION-ADMISSION.md	3766	375f33413e05fecec372291ff9d41f4f63cf8aed6483d646d44748bf4330a93d
docs/etc/archive/pre-governance-root/S4-STOP-EVENT-CONTRACT.md	artifacts/documentation-archive/20260910/etc/archive/pre-governance-root/S4-STOP-EVENT-CONTRACT.md	1511	d1d6e323fddee007959faa3f0d8f0d9727b99fc981dfe3cb0f9eda4a28f84139
docs/etc/archive/pre-governance-root/S5-CCPU-BIOS-CLOSURE-INVENTORY.md	artifacts/documentation-archive/20260910/etc/archive/pre-governance-root/S5-CCPU-BIOS-CLOSURE-INVENTORY.md	6290	1a74edf7fdbe5989702889b5eb4ed44c6dc2321c69182725eebaed96bff87dd1
docs/etc/archive/pre-governance-root/S5-CROSS-BITNESS-TRANSPORT-CUT.md	artifacts/documentation-archive/20260910/etc/archive/pre-governance-root/S5-CROSS-BITNESS-TRANSPORT-CUT.md	11910	9855b13059bd51d14022235be7ab98b617abd5afeee80bb333220708bf4899ee
docs/etc/archive/pre-governance-root/S5-DEM-OEM-CALLER-MAP.md	artifacts/documentation-archive/20260910/etc/archive/pre-governance-root/S5-DEM-OEM-CALLER-MAP.md	2748	d2881f239804891b82d552f8ddc69195bb7180610e70fc3fd3676ad614429afc
docs/etc/archive/pre-governance-root/S5-NTIO-ENTRY-INSTRUCTION-LEDGER.md	artifacts/documentation-archive/20260910/etc/archive/pre-governance-root/S5-NTIO-ENTRY-INSTRUCTION-LEDGER.md	5530	1554a99bc7b69cb28a09488ffbf24eddf8086a8a88ef907cb2bd7bc67d764462
docs/etc/archive/pre-governance-root/S5-ORIGINAL-DEMLOADDOS-CLOSURE.md	artifacts/documentation-archive/20260910/etc/archive/pre-governance-root/S5-ORIGINAL-DEMLOADDOS-CLOSURE.md	3601	7bfe833c3116dc91bc0dcdcbd5e67098fe5f0d07e5b850effaf44db9835d83d6
docs/etc/archive/pre-governance-root/S5-POST-LOAD-HANDOFF-AUDIT.md	artifacts/documentation-archive/20260910/etc/archive/pre-governance-root/S5-POST-LOAD-HANDOFF-AUDIT.md	2314	1660e9041b00b9728b9efd10cbe7ac0772f0f9c16ba6ad64fbb12147bf646061
docs/etc/archive/pre-governance-root/S5-RESET-NTIO-PREFIX-EVIDENCE.md	artifacts/documentation-archive/20260910/etc/archive/pre-governance-root/S5-RESET-NTIO-PREFIX-EVIDENCE.md	7666	298df9ca05a05a8c6a7790e5921e2638e985e8d4af7d758de7b5145c34a4dbf4
docs/etc/archive/pre-governance-root/S5-RETURN-TO-MONITOR-CONTRACT.md	artifacts/documentation-archive/20260910/etc/archive/pre-governance-root/S5-RETURN-TO-MONITOR-CONTRACT.md	2923	2d8bc077c5de68e2e0af1cf3d59f64936230b66c8727467dc624a2614a8a3c15
docs/etc/archive/pre-governance-root/S5-VIDEO-INPUT-RECONCILIATION.md	artifacts/documentation-archive/20260910/etc/archive/pre-governance-root/S5-VIDEO-INPUT-RECONCILIATION.md	2879	d416f0c712e1cfc44e94b21affad072712474b15159d15cf92605bc18b6702f5
docs/etc/archive/pre-governance-root/SELF-AUTHORED-COPYRIGHT-EXPERIMENT.md	artifacts/documentation-archive/20260910/etc/archive/pre-governance-root/SELF-AUTHORED-COPYRIGHT-EXPERIMENT.md	2598	4e70cf7a806339acd816c736636277fba300a4e336e6c7e46d4c27ecc3a6d618
docs/etc/archive/pre-governance-root/SH-01-EXECUTION-EVENT-BRIDGE-CONTRACT.md	artifacts/documentation-archive/20260910/etc/archive/pre-governance-root/SH-01-EXECUTION-EVENT-BRIDGE-CONTRACT.md	5619	cc9b696b69bb26d01b54a5c60674f6029207d6d8b592b98c0625c8b384bad929
docs/etc/archive/pre-governance-root/SH-05-CONTAINED-DIRECTORY-SEARCH-CONTRACT.md	artifacts/documentation-archive/20260910/etc/archive/pre-governance-root/SH-05-CONTAINED-DIRECTORY-SEARCH-CONTRACT.md	6139	122994617456380d1f47c0320600ce67922c6eeacbac321315dcae042fa49529
docs/etc/archive/pre-governance-root/SH-11-MODERN-OEM-FACADE-RECONSTRUCTION-WORK-ORDER.md	artifacts/documentation-archive/20260910/etc/archive/pre-governance-root/SH-11-MODERN-OEM-FACADE-RECONSTRUCTION-WORK-ORDER.md	4655	7883dd8311ee836dcbb5ad5efdffb7225421cfede13b5c22e04677bcadf657a4
docs/etc/archive/pre-governance-root/SH-15-CCPU-HOST-FOUNDATION-CONTRACT.md	artifacts/documentation-archive/20260910/etc/archive/pre-governance-root/SH-15-CCPU-HOST-FOUNDATION-CONTRACT.md	7317	2f5557a8967ba1a452a24280cd50a1f1139f3d511b715270f77b68c8662a2c55
docs/etc/archive/pre-governance-root/SOFTPC-CCPU-MISSING-INTERFACES.md	artifacts/documentation-archive/20260910/etc/archive/pre-governance-root/SOFTPC-CCPU-MISSING-INTERFACES.md	3587	4429b52e85d9baf2c4341cf846520fbe4a45df6bb1b88fa74b7cf7a83c456d34
docs/etc/archive/pre-governance-root/SOFTPC-RECONSTRUCTION-GOVERNANCE.md	artifacts/documentation-archive/20260910/etc/archive/pre-governance-root/SOFTPC-RECONSTRUCTION-GOVERNANCE.md	6281	b0b437128f0663bb74172d3db4d61a47d0baf701df2786e882048a9221b20b36
docs/etc/archive/pre-governance-root/SOFTPC-RECONSTRUCTION-ROADMAP.md	artifacts/documentation-archive/20260910/etc/archive/pre-governance-root/SOFTPC-RECONSTRUCTION-ROADMAP.md	11397	77ccb0dfca3b36dd26ea98dff59818ec812d53ccda5b8fd3436cb41c164ead05
docs/etc/archive/pre-governance-root/SOFTPC-STARTUP-HOST-CLOSURE.md	artifacts/documentation-archive/20260910/etc/archive/pre-governance-root/SOFTPC-STARTUP-HOST-CLOSURE.md	3152	dfbd0327de34a07ca6614a20a46a9931492c8115f59a05f8cfee83121419c0a2
docs/etc/archive/pre-governance-root/source-policy.md	artifacts/documentation-archive/20260910/etc/archive/pre-governance-root/source-policy.md	5134	a631f9be10daa079d496a664ea7f46a98b73f44cad756c0d0ceeba22d7d56044
docs/etc/archive/pre-governance-root/SVC-DEMLOADDOS-HISTORICAL-CONTRACT.md	artifacts/documentation-archive/20260910/etc/archive/pre-governance-root/SVC-DEMLOADDOS-HISTORICAL-CONTRACT.md	4481	adebd9699f25a0ec2c500f212ef84b0c2a59f3d63bc733e6ab0ec12097721632
docs/etc/archive/pre-governance-root/SYSINIT-COMMAND-HANDOFF-DEPENDENCY-LEDGER.md	artifacts/documentation-archive/20260910/etc/archive/pre-governance-root/SYSINIT-COMMAND-HANDOFF-DEPENDENCY-LEDGER.md	7095	4f2c657d5077ed85a71a48096c7318fb2d2dc754ab028db384cb6d87bb4355b4
docs/etc/archive/pre-governance-root/WHPX-BACKEND-RESEARCH.md	artifacts/documentation-archive/20260910/etc/archive/pre-governance-root/WHPX-BACKEND-RESEARCH.md	4752	1c914aaeb4f42b4f04a839c77baec69312b791f75c595ee583da77f3c63e54f8
docs/etc/archive/pre-governance-root/WIN32-HOST-API-BOUNDARY.md	artifacts/documentation-archive/20260910/etc/archive/pre-governance-root/WIN32-HOST-API-BOUNDARY.md	2647	37a3c277001248596b2819f105fe5d422f37de32cfd0b5d83730e66138b716df
docs/etc/archive/task-index-legacy.md	artifacts/documentation-archive/20260910/etc/archive/task-index-legacy.md	4610	8e05cab83bfb004143501ee49bc0ec3aaad43990e300fb1a7b0fbdeaf5bdcafc
docs/etc/evidence/adapter-source-reuse-at-stopping-boundaries-001.md	artifacts/documentation-archive/20260910/etc/evidence/adapter-source-reuse-at-stopping-boundaries-001.md	4707	cb776ffa5b6dc2301eb5f1e87d9165b48b5411385fedb2d26481c3b69b3a1b06
docs/etc/evidence/archive/m0-t310-s8-x64-selected-build-rerun-001.log	artifacts/documentation-archive/20260910/etc/evidence/archive/m0-t310-s8-x64-selected-build-rerun-001.log	5133713	857ca20b47fcf3367605cfb7052cafc15da15eb753e8cd341204145f7618b8fb
docs/etc/evidence/m0-t240-s2-softpc-memory-size-closure-001.md	artifacts/documentation-archive/20260910/etc/evidence/m0-t240-s2-softpc-memory-size-closure-001.md	2865	3e0c56fab1d88442fa48813bee1d97d26bc12d4d49ff24dd5ff8c4efa179aba3
docs/etc/evidence/m0-t241-s2-ivt-watch-source-recovery-001.md	artifacts/documentation-archive/20260910/etc/evidence/m0-t241-s2-ivt-watch-source-recovery-001.md	2404	dc7cfee2ac868e9e664cb4da58d58bdf73aa0dec2d6a9f5085b35bd9ede2217f
docs/etc/evidence/m0-t241-s3-xms-ivt-watch-regression-001.md	artifacts/documentation-archive/20260910/etc/evidence/m0-t241-s3-xms-ivt-watch-regression-001.md	1476	82a407226439c8e5a5703e2560fb19ac6716f6d525a328f7ee4e955217d05082
docs/etc/evidence/m0-t242-s1-ntdos-exec-source-abi-audit-001.md	artifacts/documentation-archive/20260910/etc/evidence/m0-t242-s1-ntdos-exec-source-abi-audit-001.md	3904	dea5a7e41a0aaea1edc628a09fad3f05426dbaf3a9167087050bb428f9d152af
docs/etc/evidence/m0-t242-s2-retired-selector-ledger-001.md	artifacts/documentation-archive/20260910/etc/evidence/m0-t242-s2-retired-selector-ledger-001.md	1543	0c7b83602c95946986e38de995988c77aca80fbe9c470410883c974a3ac93375
docs/etc/evidence/m0-t242-s2-source-built-bootstrap-observation-001.md	artifacts/documentation-archive/20260910/etc/evidence/m0-t242-s2-source-built-bootstrap-observation-001.md	3326	0fc88894d8f1ba0b036ef7f1b2d8146f85d583bf9f1c1ea298d7c94a8750ce50
docs/etc/evidence/m0-t242-s3-fastread-source-recovery-001.md	artifacts/documentation-archive/20260910/etc/evidence/m0-t242-s3-fastread-source-recovery-001.md	4032	b57d5188e6659cf51417a9d0002d6756364a5ec0be2566683091c13e4ec9bc3e
docs/etc/evidence/m0-t242-s3-int15-ems-source-mirror-001.md	artifacts/documentation-archive/20260910/etc/evidence/m0-t242-s3-int15-ems-source-mirror-001.md	1940	f1e52d917cb63fbdbee20f564192fe3298a78b8390a27ca72af9b17ea1b9842a
docs/etc/evidence/m0-t242-s3-ntio-config-and-keyboard-transfer-001.md	artifacts/documentation-archive/20260910/etc/evidence/m0-t242-s3-ntio-config-and-keyboard-transfer-001.md	3106	b10d603027b9f2ee07927142c5e20cc3b646a99a883a1269c0cb50361366373a
docs/etc/evidence/m0-t243-s1-bop5f-source-abi-lifecycle-audit-001.md	artifacts/documentation-archive/20260910/etc/evidence/m0-t243-s1-bop5f-source-abi-lifecycle-audit-001.md	4948	b0c93219116dd7d1405cf027770708db94773c18345e6324e0c0458a38875fa9
docs/etc/evidence/m0-t243-s2-spckbd-headless-source-recovery-001.md	artifacts/documentation-archive/20260910/etc/evidence/m0-t243-s2-spckbd-headless-source-recovery-001.md	3176	75c376a62f5228d678680abdf73a2a14da3c4bf410a6e1b48181cc6bf4a047d5
docs/etc/evidence/m0-t244-s1-pc-keyboard-ivt-machine-audit-001.md	artifacts/documentation-archive/20260910/etc/evidence/m0-t244-s1-pc-keyboard-ivt-machine-audit-001.md	6496	39b9de7d47a643910bd8df5698eb9cdaa747db7f584c106f2b2111eccb1a6f14
docs/etc/evidence/m0-t244-s2-headless-8042-lifecycle-closure-001.md	artifacts/documentation-archive/20260910/etc/evidence/m0-t244-s2-headless-8042-lifecycle-closure-001.md	2306	d40b68c098721e8cae1e4970d0306233bb808d7fbba6f9168b9b9cdc30f08712
docs/etc/evidence/m0-t245-s10-physical-drive-and-floppy-map-001.md	artifacts/documentation-archive/20260910/etc/evidence/m0-t245-s10-physical-drive-and-floppy-map-001.md	2725	9a94e8bad021dfd6c72aaada4460ee99de5fa9983d1e4ec79266f2ac82c9b44b
docs/etc/evidence/m0-t245-s11-config-complete-closure-001.md	artifacts/documentation-archive/20260910/etc/evidence/m0-t245-s11-config-complete-closure-001.md	1247	c9b9ea13bc22bfb3d735e18577ce379d0e191aba84e52f2b4dd8e912bc003293
docs/etc/evidence/m0-t245-s12-command-bootstrap-path-disposition-001.md	artifacts/documentation-archive/20260910/etc/evidence/m0-t245-s12-command-bootstrap-path-disposition-001.md	3491	a77172e34eb0b2a00a0053d11142015187f068d14940cfc5a1e89abcd6b431a9
docs/etc/evidence/m0-t245-s13-command-bootstrap-shell-recovery-001.md	artifacts/documentation-archive/20260910/etc/evidence/m0-t245-s13-command-bootstrap-shell-recovery-001.md	4082	4c0d4f54f0a09e9b3601a736a8c356b406ea66541c3d9d041d98dc0a5668bdf0
docs/etc/evidence/m0-t245-s14-command-bootstrap-observation-001.md	artifacts/documentation-archive/20260910/etc/evidence/m0-t245-s14-command-bootstrap-observation-001.md	2547	4809505c62e2194ad2c0ab034bb7006064dfcd3dc452ca4a2dc0f849755c2f3b
docs/etc/evidence/m0-t245-s15-command-open-failure-classification-001.md	artifacts/documentation-archive/20260910/etc/evidence/m0-t245-s15-command-open-failure-classification-001.md	2000	59194a0859ba4d0d72e6943752566e7bb1f28318b9d9c958baa3fe5d3b1377c9
docs/etc/evidence/m0-t245-s16-canonical-command-bootstrap-root-001.md	artifacts/documentation-archive/20260910/etc/evidence/m0-t245-s16-canonical-command-bootstrap-root-001.md	1810	b91dae3123701765068f6d70ee8b171ecafc44a228005f441a9ede29d1a204f1
docs/etc/evidence/m0-t245-s17-command-current-dir-observation-001.md	artifacts/documentation-archive/20260910/etc/evidence/m0-t245-s17-command-current-dir-observation-001.md	1451	05e9f1a4e11e46cc253cbad271a9556ee08b580e6779007597c2012bc3a432d9
docs/etc/evidence/m0-t245-s18-dem-open-observation-001.md	artifacts/documentation-archive/20260910/etc/evidence/m0-t245-s18-dem-open-observation-001.md	1357	9b7b315487226e6f829f80054696a700131973c261556ac490146f0f6fa776ad
docs/etc/evidence/m0-t245-s19-post-config-interrupt-classification-001.md	artifacts/documentation-archive/20260910/etc/evidence/m0-t245-s19-post-config-interrupt-classification-001.md	2135	3df23e93f12e9820f58c16ce1aa8c139771b7fb1ea3b32c0e3fdbf2b0db897d1
docs/etc/evidence/m0-t245-s1-ntdos-exec-parent-return-source-map-001.md	artifacts/documentation-archive/20260910/etc/evidence/m0-t245-s1-ntdos-exec-parent-return-source-map-001.md	2922	ebf0b9e8aabb7147664c4fa1fe399bf4cbb4c7bc7239f6e6040e6222666e401f
docs/etc/evidence/m0-t245-s20-permanent-command-dem-open-observation-001.md	artifacts/documentation-archive/20260910/etc/evidence/m0-t245-s20-permanent-command-dem-open-observation-001.md	1843	2d4617aac632b18bb6fa97200bc59aecc6fcdfacbbcc7264df3ce22a739782c9
docs/etc/evidence/m0-t245-s21-opennt-oem-createfile-recovery-001.md	artifacts/documentation-archive/20260910/etc/evidence/m0-t245-s21-opennt-oem-createfile-recovery-001.md	2157	c95a1d3e09ab16bf19b0abdc3912175ba27cbbdea170b8edb6ba0ca1a49e63db
docs/etc/evidence/m0-t245-s22-dos-safe-bootstrap-alias-closure-001.md	artifacts/documentation-archive/20260910/etc/evidence/m0-t245-s22-dos-safe-bootstrap-alias-closure-001.md	3154	06dd8316272327aa5993aa2d15b754b3c63553a329c128dd19fec7367bd9fffc
docs/etc/evidence/m0-t245-s2-ntdos-exec-observation-predecessor-001.md	artifacts/documentation-archive/20260910/etc/evidence/m0-t245-s2-ntdos-exec-observation-predecessor-001.md	3288	9cab8841ff28a81a842a113e37e9efb4ba448f9ccc52a2a8eb052a3860b0c7be
docs/etc/evidence/m0-t245-s3-softpc-emm-unavailable-closure-001.md	artifacts/documentation-archive/20260910/etc/evidence/m0-t245-s3-softpc-emm-unavailable-closure-001.md	2919	3855d9fbf00597e6523f1d1bb4ef86510c9cd49817149b2d028a841c15f2df17
docs/etc/evidence/m0-t245-s4-headless-mouse-vector-package-map-001.md	artifacts/documentation-archive/20260910/etc/evidence/m0-t245-s4-headless-mouse-vector-package-map-001.md	3500	b91bed213bd8f6253aa4101d584aa7955708af64c85b4153f5b53d1b368dd731
docs/etc/evidence/m0-t245-s5-headless-mouse-vector-closure-001.md	artifacts/documentation-archive/20260910/etc/evidence/m0-t245-s5-headless-mouse-vector-closure-001.md	2793	539aa6f02343e901d4f8b9fcf68e66930c3668b5b008c8f6dbd184a2d608d4b0
docs/etc/evidence/m0-t245-s6-printer-lpt-owner-package-map-001.md	artifacts/documentation-archive/20260910/etc/evidence/m0-t245-s6-printer-lpt-owner-package-map-001.md	3668	a242fd37a3a90d0fee823190e3fddc1903ecb3cc4ea050f2e6a233db5c0ac139
docs/etc/evidence/m0-t245-s7-printer-openclose-closure-001.md	artifacts/documentation-archive/20260910/etc/evidence/m0-t245-s7-printer-openclose-closure-001.md	2090	b8374ff9de5ee5a91b9fd965330417c56c9a5b1f4dc1840c8d1e86e26f047cc9
docs/etc/evidence/m0-t245-s8-config-complete-notification-map-001.md	artifacts/documentation-archive/20260910/etc/evidence/m0-t245-s8-config-complete-notification-map-001.md	2364	d5f455f4a821f90e419925d380b2a30097737a557d08073e35abaa3a45839d62
docs/etc/evidence/m0-t245-s9-demdasd-admitted-drive-policy-closure-001.md	artifacts/documentation-archive/20260910/etc/evidence/m0-t245-s9-demdasd-admitted-drive-policy-closure-001.md	2185	bda6ecf75b4705947878619a769104ccacbb8795e82b571080833cdb7f8ee0c9
docs/etc/evidence/m0-t246-s1-softpc-machine-interrupt-owner-map-001.md	artifacts/documentation-archive/20260910/etc/evidence/m0-t246-s1-softpc-machine-interrupt-owner-map-001.md	2540	697f60f892a4773582808e5cc39c862ae9cfb357f90ff6dd50ecf7842a40bca4
docs/etc/evidence/m0-t246-s2-softpc-machine-interrupt-active-ingress-closure-001.md	artifacts/documentation-archive/20260910/etc/evidence/m0-t246-s2-softpc-machine-interrupt-active-ingress-closure-001.md	2418	d78f2de94e66f995835cbb1f1540a51d01782fd6e289f7bf64b59d1955d77af3
docs/etc/evidence/m0-t246-s3-softpc-machine-interrupt-native-checkpoint-001.md	artifacts/documentation-archive/20260910/etc/evidence/m0-t246-s3-softpc-machine-interrupt-native-checkpoint-001.md	2310	3983a6535869a26538d972b91bd3a55487dbe237b5a1968742cc3dc642ac23c7
docs/etc/evidence/m0-t247-s1-ntdos-exec-parent-return-owner-map-001.md	artifacts/documentation-archive/20260910/etc/evidence/m0-t247-s1-ntdos-exec-parent-return-owner-map-001.md	5832	850f3a48a583bee6f8c4177e746ab90b01d919d3c15231898ad6ccd0ce1349bd
docs/etc/evidence/m0-t247-s2-ntdos-exec-entry-observation-closure-001.md	artifacts/documentation-archive/20260910/etc/evidence/m0-t247-s2-ntdos-exec-entry-observation-closure-001.md	2452	b86994dc5a4450b07c9f9ed93376b7e0144f24c30dd2df86d37226e4ea0e66d6
docs/etc/evidence/m0-t247-s3-source-built-exec-entry-checkpoint-001.md	artifacts/documentation-archive/20260910/etc/evidence/m0-t247-s3-source-built-exec-entry-checkpoint-001.md	2812	0f25d952415a71031a4c51de8ee4c0d68e08bc86a3679b0aa632bd6b6f111643
docs/etc/evidence/m0-t248-s1-post-exec-realmode-continuity-owner-map-001.md	artifacts/documentation-archive/20260910/etc/evidence/m0-t248-s1-post-exec-realmode-continuity-owner-map-001.md	4748	ea7c43e60d990ffb558d7d09438a76a015de85fe1622d14b0c97c44ba2fe25aa
docs/etc/evidence/m0-t248-s2-post-exec-interrupt-replay-001.md	artifacts/documentation-archive/20260910/etc/evidence/m0-t248-s2-post-exec-interrupt-replay-001.md	2419	8627416dfd66b4b079d9952cfe9a26d4867c39fbbe067236a9b65d76b1359ad5
docs/etc/evidence/m0-t248-s3-terminal-position-lifecycle-recovery-001.md	artifacts/documentation-archive/20260910/etc/evidence/m0-t248-s3-terminal-position-lifecycle-recovery-001.md	2816	a05b47ca470bfeaecbc2a56b49e3dc4b74dd4705822b4fad51730a8410c616e8
docs/etc/evidence/m0-t248-s4-post-exec-final-position-attribution-001.md	artifacts/documentation-archive/20260910/etc/evidence/m0-t248-s4-post-exec-final-position-attribution-001.md	2869	56b08a2aa21ccfd464bf9fed738506d0c427f546c58c1870df972c33882005a2
docs/etc/evidence/m0-t249-s1-low-memory-provenance-seam-audit-001.md	artifacts/documentation-archive/20260910/etc/evidence/m0-t249-s1-low-memory-provenance-seam-audit-001.md	3200	4107501834c739155522672461b80de0a599acc58ace3a33241f33f1c5668627
docs/etc/evidence/m0-t249-s3-physical-write-provenance-closure-001.md	artifacts/documentation-archive/20260910/etc/evidence/m0-t249-s3-physical-write-provenance-closure-001.md	3013	2fe994185f2478329579ffa3a4838b53610f78f6b9515ed158ef3c2dde0f6a3a
docs/etc/evidence/m0-t250-s1-source-built-low-memory-control-flow-map-001.md	artifacts/documentation-archive/20260910/etc/evidence/m0-t250-s1-source-built-low-memory-control-flow-map-001.md	4331	09790be808f8aa5cd5207dc234bac11a14e14ccf217e8cd7eb6efc7a9157b023
docs/etc/evidence/m0-t251-s1-redirector-owner-source-abi-map-001.md	artifacts/documentation-archive/20260910/etc/evidence/m0-t251-s1-redirector-owner-source-abi-map-001.md	6616	159dbfcff336cc717907fd952778f902e86fde29fb618fec19f6791a471b49a6
docs/etc/evidence/m0-t251-s2-redirector-profile-source-recovery-decision-001.md	artifacts/documentation-archive/20260910/etc/evidence/m0-t251-s2-redirector-profile-source-recovery-decision-001.md	3905	24bc23ce1f88395030d086b1da7703fbac2121063542cf54c30744f3d29697b5
docs/etc/evidence/m0-t251-s3-redirector-ingress-named-pipe-closure-001.md	artifacts/documentation-archive/20260910/etc/evidence/m0-t251-s3-redirector-ingress-named-pipe-closure-001.md	2060	50d2bcadcc1807bc3c542fe1fbe55e420b9294d75b364c19d7361bb64860ced0
docs/etc/evidence/m0-t251-s4-async-mailslot-source-abi-map-001.md	artifacts/documentation-archive/20260910/etc/evidence/m0-t251-s4-async-mailslot-source-abi-map-001.md	2179	30b957f2e0a451c808ff206b807e11a2a076c9d9c1a6a122ac55c1860148e952
docs/etc/evidence/m0-t251-s4-p1-mailslot-lifecycle-closure-001.md	artifacts/documentation-archive/20260910/etc/evidence/m0-t251-s4-p1-mailslot-lifecycle-closure-001.md	2421	68a8f4103625793b41acd1fcd8ed4e5b5fe0ff7b4804cf69e0b8c0fddcdbe9b6
docs/etc/evidence/m0-t251-s4-p2-async-named-pipe-source-boundary-001.md	artifacts/documentation-archive/20260910/etc/evidence/m0-t251-s4-p2-async-named-pipe-source-boundary-001.md	2445	604be9e64f2394cd2358f4ab128467528640a82d735e992c5d73cca5b61cebe1
docs/etc/evidence/m0-t252-s1-guest-sft-opaque-token-audit-001.md	artifacts/documentation-archive/20260910/etc/evidence/m0-t252-s1-guest-sft-opaque-token-audit-001.md	3792	a6e173127596f618b1531c44c9c21ef9ae2baf40428bfc3081e32ca7ab4a3db1
docs/etc/evidence/m0-t253-s1-selector-blind-async-delivery-mechanics-map-001.md	artifacts/documentation-archive/20260910/etc/evidence/m0-t253-s1-selector-blind-async-delivery-mechanics-map-001.md	2886	57043f243b8609f68d3774b2f6e3ae7df9fb18cffb1140ee1446421c91d3072b
docs/etc/evidence/m0-t253-s2-physical-irq-mechanical-closure-001.md	artifacts/documentation-archive/20260910/etc/evidence/m0-t253-s2-physical-irq-mechanical-closure-001.md	1676	7fa973a55c26b3ed370e0a85f3e18ae47811f762961dc7774317e984095190f4
docs/etc/evidence/m0-t253-s3-async-completion-ingress-audit-001.md	artifacts/documentation-archive/20260910/etc/evidence/m0-t253-s3-async-completion-ingress-audit-001.md	4078	27d0680a1513aafd2f4122a7d8a7fb5651eda5e0e7ac3a09036411c0e2c9458f
docs/etc/evidence/m0-t254-s1-dpmi-profile-source-abi-admission-map-001.md	artifacts/documentation-archive/20260910/etc/evidence/m0-t254-s1-dpmi-profile-source-abi-admission-map-001.md	7313	095b6990a2e26828e9e0b92db97ebe942a9761a96fe3656811277bb45a625039
docs/etc/evidence/m0-t255-s1-protected-mode-substrate-call-map-001.md	artifacts/documentation-archive/20260910/etc/evidence/m0-t255-s1-protected-mode-substrate-call-map-001.md	5102	fe4998587b5b18f38b6126321d4ddb52801cd9ae536a6436a8fc00af5487c61f
docs/etc/evidence/m0-t255-s2-generic-context-resume-closure-001.md	artifacts/documentation-archive/20260910/etc/evidence/m0-t255-s2-generic-context-resume-closure-001.md	2425	7c21eda4acb02e5bf235aac00dd812eb25a5cab0af3e46b1f676013fc1246ef8
docs/etc/evidence/m0-t255-s3-protected-substrate-admission-decision-001.md	artifacts/documentation-archive/20260910/etc/evidence/m0-t255-s3-protected-substrate-admission-decision-001.md	2625	8612801b88d40562250be6158886efdf53abc6f688a24b71045f0a7eb0cefac5
docs/etc/evidence/m0-t256-s10-xmem-record-adapter-closure-001.md	artifacts/documentation-archive/20260910/etc/evidence/m0-t256-s10-xmem-record-adapter-closure-001.md	1425	bf2c74600dceb3329a3724b6473b435ca62e654ba6f80e34b447677faacf7745
docs/etc/evidence/m0-t256-s11-xmem-reallocation-closure-001.md	artifacts/documentation-archive/20260910/etc/evidence/m0-t256-s11-xmem-reallocation-closure-001.md	1255	4eacff5f6eb3f0b140f787bd7722171191111b832718a10ce0436fc50dfdf98b
docs/etc/evidence/m0-t256-s12-dpmi-descriptor-guest-linear-identity-map-001.md	artifacts/documentation-archive/20260910/etc/evidence/m0-t256-s12-dpmi-descriptor-guest-linear-identity-map-001.md	5285	3f1908d3372d64c19b8abae91ec63935a23fcec2bc5428edc67ee58c206b110b
docs/etc/evidence/m0-t256-s13-native-descriptor-table-lifecycle-admission-001.md	artifacts/documentation-archive/20260910/etc/evidence/m0-t256-s13-native-descriptor-table-lifecycle-admission-001.md	4690	4238d7188e398c031cfbbf8b64c32213950edeaba4ac13ca09161899ca0d8c78
docs/etc/evidence/m0-t256-s14-protected-interrupt-fault-iret-continuity-map-001.md	artifacts/documentation-archive/20260910/etc/evidence/m0-t256-s14-protected-interrupt-fault-iret-continuity-map-001.md	4842	3e1859cff5bb5d9d57971b5b24237aaa7088770754e03fcd3ac709ea1ac0660c
docs/etc/evidence/m0-t256-s15-protected-substrate-closure-001.md	artifacts/documentation-archive/20260910/etc/evidence/m0-t256-s15-protected-substrate-closure-001.md	3038	a701db1b99704f2936f168336bfeb6b45e02062bffb49b87ce0366086d2ec3df
docs/etc/evidence/m0-t256-s1-protected-virtual-access-call-map-001.md	artifacts/documentation-archive/20260910/etc/evidence/m0-t256-s1-protected-virtual-access-call-map-001.md	3977	57811b016c1cb356eab229bdddeff8b241a61c17d03259ebbd035a4fd41ca014
docs/etc/evidence/m0-t256-s2-nopaging-range-action-design-001.md	artifacts/documentation-archive/20260910/etc/evidence/m0-t256-s2-nopaging-range-action-design-001.md	2303	fee680777bef69d8f93fc453ca4d9506c5589da856b6801ee242630d958c82bc
docs/etc/evidence/m0-t256-s3-nopaging-range-action-closure-001.md	artifacts/documentation-archive/20260910/etc/evidence/m0-t256-s3-nopaging-range-action-closure-001.md	2005	58578665a462d87dcd9424eddf2b81264b2b1f38f66273688399724a1d9f91fb
docs/etc/evidence/m0-t256-s4-dpmi-guest-linear-identity-map-001.md	artifacts/documentation-archive/20260910/etc/evidence/m0-t256-s4-dpmi-guest-linear-identity-map-001.md	4568	c16026d1dd75d5ce7b9c1d494c67882d970db3e7bee4650c45798e4931a87422
docs/etc/evidence/m0-t256-s5-guest-ram-geometry-impact-map-001.md	artifacts/documentation-archive/20260910/etc/evidence/m0-t256-s5-guest-ram-geometry-impact-map-001.md	2201	b83d20804ae901f814b7a62b5c293d798529a3ad3023deb52637d338a3e581ba
docs/etc/evidence/m0-t256-s6-guest-memory-geometry-closure-001.md	artifacts/documentation-archive/20260910/etc/evidence/m0-t256-s6-guest-memory-geometry-closure-001.md	1328	aeeb10829f918ad424e40f085e8ecfb9ca5d754f8c2b0f35d92834f63b8c382b
docs/etc/evidence/m0-t256-s6-guest-memory-geometry-design-001.md	artifacts/documentation-archive/20260910/etc/evidence/m0-t256-s6-guest-memory-geometry-design-001.md	1244	be0b20b06c223c2ab8d31c9e54fab85526bff7e855760e27c812776c04fd0faa
docs/etc/evidence/m0-t256-s7-ordinary-ram-reservation-design-001.md	artifacts/documentation-archive/20260910/etc/evidence/m0-t256-s7-ordinary-ram-reservation-design-001.md	1840	806fe594377caec0a42605da07d5a12e9f02ff47d2ddadf4cda14713527e1074
docs/etc/evidence/m0-t256-s8-ordinary-ram-reservation-closure-001.md	artifacts/documentation-archive/20260910/etc/evidence/m0-t256-s8-ordinary-ram-reservation-closure-001.md	1846	8952a27b75a83b8da6f3574a67a628934a2b5a2401b280fbd16b921b456a12eb
docs/etc/evidence/m0-t256-s9-opennt-xmem-record-identity-map-001.md	artifacts/documentation-archive/20260910/etc/evidence/m0-t256-s9-opennt-xmem-record-identity-map-001.md	4675	7f488da889b84396ca71b7763e99239950e63429809d383ba0d74d71dd61f51a
docs/etc/evidence/m0-t257-s1-dpmi-dosx-owner-abi-failure-map-001.md	artifacts/documentation-archive/20260910/etc/evidence/m0-t257-s1-dpmi-dosx-owner-abi-failure-map-001.md	6264	5fe884a59ae619694eecd23d28490954b9f236e9024cbe856f6ac1d6bd30321f
docs/etc/evidence/m0-t257-s3-dosx-startup-session-seam-001.md	artifacts/documentation-archive/20260910/etc/evidence/m0-t257-s3-dosx-startup-session-seam-001.md	2069	c54224b424ddd21b0609b906bc39a6daefc9fcf80fde45d80ce724c23b266030
docs/etc/evidence/m0-t257-s3-dosx-startup-table-closure-006.md	artifacts/documentation-archive/20260910/etc/evidence/m0-t257-s3-dosx-startup-table-closure-006.md	1873	767bad756a9dae0197d9593cf3f67224dc37001c6921c43fba63891736dc5648
docs/etc/evidence/m0-t257-s3-native-descriptor-lifecycle-ownership-map-003.md	artifacts/documentation-archive/20260910/etc/evidence/m0-t257-s3-native-descriptor-lifecycle-ownership-map-003.md	2145	023e295d46f0f584fa45090bb6a6ecea991c79d80affe47bff506f1fa3f4c69b
docs/etc/evidence/m0-t257-s3-native-guest-ldt-fixture-004.md	artifacts/documentation-archive/20260910/etc/evidence/m0-t257-s3-native-guest-ldt-fixture-004.md	1970	99e4f6720c0b7bd588a147c423976b0e0408ec3c55d1e8c47c34e254f55a1fdd
docs/etc/evidence/m0-t257-s3-opennt-dpmi32-source-composition-002.md	artifacts/documentation-archive/20260910/etc/evidence/m0-t257-s3-opennt-dpmi32-source-composition-002.md	2135	c432c4854ab1ef5397ca81333efca1ea1d01ddd48267a8b8a3264b18547e5739
docs/etc/evidence/m0-t257-s3-opennt-dpmiselr-source-composition-005.md	artifacts/documentation-archive/20260910/etc/evidence/m0-t257-s3-opennt-dpmiselr-source-composition-005.md	2698	5fa95d710ce7122b3d4a89f16584bb6dbe686a9d9fe338a0d9c0dfdd0f6eef70
docs/etc/evidence/m0-t257-s4-dosx-protected-frame-map-001.md	artifacts/documentation-archive/20260910/etc/evidence/m0-t257-s4-dosx-protected-frame-map-001.md	8064	903d02c2edbac8a57d9f1c63a2f0b85113464b698fedebdfad9a7331de45a65a
docs/etc/evidence/m0-t258-s1-pointer-manager-source-abi-map-001.md	artifacts/documentation-archive/20260910/etc/evidence/m0-t258-s1-pointer-manager-source-abi-map-001.md	5630	d122a143a96d38e943e833440fb5f88d0a0126fead320533bcddde7a3cdafd5a
docs/etc/evidence/m0-t259-s1-current-facade-reconciliation-001.md	artifacts/documentation-archive/20260910/etc/evidence/m0-t259-s1-current-facade-reconciliation-001.md	5212	fd1a67b64e0c08858c31dc80a0cd48d2342b6e558f9587eb432da27ec5065291
docs/etc/evidence/m0-t259-s1-host-machine-interface-catalog-001.md	artifacts/documentation-archive/20260910/etc/evidence/m0-t259-s1-host-machine-interface-catalog-001.md	8114	e733bfc95f1c719a52009a46712eedd821edb3271344e2404399f25b3fa3639b
docs/etc/evidence/m0-t259-s2-p1-rtl-contract-status-recovery-001.md	artifacts/documentation-archive/20260910/etc/evidence/m0-t259-s2-p1-rtl-contract-status-recovery-001.md	3055	93016eab299c1f1fa842b9dfd7c67d6e9aaae86f55b2ece63eff75a10f063727
docs/etc/evidence/m0-t259-s2-p2-rtl-caller-buffer-ownership-001.md	artifacts/documentation-archive/20260910/etc/evidence/m0-t259-s2-p2-rtl-caller-buffer-ownership-001.md	887	17633e396cb611c009077899999b7e3fea4a9bf88dd1e2f00332be56c8d00d5a
docs/etc/evidence/m0-t259-s2-p3-command-environment-regression-001.md	artifacts/documentation-archive/20260910/etc/evidence/m0-t259-s2-p3-command-environment-regression-001.md	672	c95b85b048db15b1ccf17b9075888ae3874658e4899379c6bfaae0ea8ba6191f
docs/etc/evidence/m0-t259-s3-p1-ccpu-copied-state-facade-001.md	artifacts/documentation-archive/20260910/etc/evidence/m0-t259-s3-p1-ccpu-copied-state-facade-001.md	2681	e20756fbbc65f71f976542ab1044cec1173a7e86ae04a4c3fd107866d60e4627
docs/etc/evidence/m0-t259-s3-p2-machine-facade-disposition-closure-001.md	artifacts/documentation-archive/20260910/etc/evidence/m0-t259-s3-p2-machine-facade-disposition-closure-001.md	5969	c9c0108b8722a053b64683cf8b94f86a23bd2af28f2d9f01c0de00a957de8270
docs/etc/evidence/m0-t259-s4-p1-demerror-ntdll-facade-001.md	artifacts/documentation-archive/20260910/etc/evidence/m0-t259-s4-p1-demerror-ntdll-facade-001.md	1946	b90b51efac627462e636834c8302327638fead7943cb2c7207f6a061b7fe0dd2
docs/etc/evidence/m0-t259-s4-p2-formal-static-closure-001.md	artifacts/documentation-archive/20260910/etc/evidence/m0-t259-s4-p2-formal-static-closure-001.md	4152	d191b9b7dbe8a4c2c79ead3a913e4294c77d2d43cdb68fd55212ae064aeb4ad8
docs/etc/evidence/m0-t259-s4-p3-host-dialog-oem-facade-closure-001.md	artifacts/documentation-archive/20260910/etc/evidence/m0-t259-s4-p3-host-dialog-oem-facade-closure-001.md	3792	cd5e6e933cb7c63d2a9a27dce4aa5600d3daff958f7b3b4fa2dc0c16423e852c
docs/etc/evidence/m0-t259-s4-p4-final-host-machine-reconciliation-001.md	artifacts/documentation-archive/20260910/etc/evidence/m0-t259-s4-p4-final-host-machine-reconciliation-001.md	5326	a095168b0f162e29e6cba3a4ebb6d2368ec01ed1be5e5a2360cee7e3694f31e8
docs/etc/evidence/m0-t259-s4-p5-command-pif-dialog-facade-closure-001.md	artifacts/documentation-archive/20260910/etc/evidence/m0-t259-s4-p5-command-pif-dialog-facade-closure-001.md	2674	e0a34164dbfc56db629620f03805e93803ed1d86cd76d2b8b7fabd9bef1403a8
docs/etc/evidence/m0-t260-pre-migration-opennt-source-manifest.json	artifacts/documentation-archive/20260910/etc/evidence/m0-t260-pre-migration-opennt-source-manifest.json	928707	819c4c39616e44effc95278d79da4f965ccf6ea0707b87896f682cd67f1bab5c
docs/etc/evidence/m0-t260-pre-migration-product-host-import-manifest.json	artifacts/documentation-archive/20260910/etc/evidence/m0-t260-pre-migration-product-host-import-manifest.json	20517	ee05b417c2a7baef84b95bd65d337e374fd3e15ba97398291e439b28e7238eef
docs/etc/evidence/m0-t260-s3-mantle-purification-001.md	artifacts/documentation-archive/20260910/etc/evidence/m0-t260-s3-mantle-purification-001.md	2169	d03871669d0396d32e2ad44aed62424026dd48b6c1ec275b32e9cf9a036d709c
docs/etc/evidence/m0-t260-s4-app-guest-migration-001.md	artifacts/documentation-archive/20260910/etc/evidence/m0-t260-s4-app-guest-migration-001.md	1597	6ddba2b4b5935a102ab3dc5f4a6e87b0b7abf2241238b8ddf7fd15c5e3c3459b
docs/etc/evidence/m0-t260-s5-opennt-bop-layout-migration-001.md	artifacts/documentation-archive/20260910/etc/evidence/m0-t260-s5-opennt-bop-layout-migration-001.md	2730	b8f7c3dab378ff430b8887d7c6fe1e1152efcaf62e67cd8c5a5f96bea34568f3
docs/etc/evidence/m0-t260-s6-host-win32-layout-migration-001.md	artifacts/documentation-archive/20260910/etc/evidence/m0-t260-s6-host-win32-layout-migration-001.md	1509	fe60f223518cb10e421f0bba5261ff03bb5a9c7039f7655f80e0613cdd90c12f
docs/etc/evidence/m0-t260-s7-softpc-adapter-layout-migration-001.md	artifacts/documentation-archive/20260910/etc/evidence/m0-t260-s7-softpc-adapter-layout-migration-001.md	1217	8d3969c6458316b1c8feeaaabdf20852cfebb78d49407fc1f2d01080b86d1cbd
docs/etc/evidence/m0-t260-s8-component-layout-build-closure-001.md	artifacts/documentation-archive/20260910/etc/evidence/m0-t260-s8-component-layout-build-closure-001.md	5020	060c841e2a4ddf82955ba7a7f037d069b11b500227a7955981dd5cc7f98aeb7e
docs/etc/evidence/m0-t261-s10-configuration-residual-source-truth-audit-001.md	artifacts/documentation-archive/20260910/etc/evidence/m0-t261-s10-configuration-residual-source-truth-audit-001.md	3583	3e0a02e6321803c57ccafb1afcd7b7af5fa991491dc9b3e2c7e49d07eaadba20
docs/etc/evidence/m0-t261-s11-final-technical-closure-20260824.md	artifacts/documentation-archive/20260910/etc/evidence/m0-t261-s11-final-technical-closure-20260824.md	2670	d668be2a8ac647188b6ade009a8a83ea70b3d143f96c219763d9cbba1d55a6b6
docs/etc/evidence/m0-t261-s11-opennt-host-final-manifest-exception-audit-001.md	artifacts/documentation-archive/20260910/etc/evidence/m0-t261-s11-opennt-host-final-manifest-exception-audit-001.md	3378	4acf748dbf0aad3d100aa00b62a25e8cd06c2b730e96d14e27c2f4785cdad429
docs/etc/evidence/m0-t261-s12-opennt-host-original-header-replacement-001.md	artifacts/documentation-archive/20260910/etc/evidence/m0-t261-s12-opennt-host-original-header-replacement-001.md	3559	c4ef3e32e80ace59537b496c10b21daa839deaad43589bca0d5904969d6d5c8a
docs/etc/evidence/m0-t261-s3-p1-pif-original-re-root-001.md	artifacts/documentation-archive/20260910/etc/evidence/m0-t261-s3-p1-pif-original-re-root-001.md	1947	6cb3190b1a1bd05d96e42601f995878897c3499fa79c6e794e328d19165eacf3
docs/etc/evidence/m0-t261-s3-p2-pif-owner-separation-001.md	artifacts/documentation-archive/20260910/etc/evidence/m0-t261-s3-p2-pif-owner-separation-001.md	1505	699c21c85a66efe011dd59b0b6b089d1c41a9d759145acc6ed836eb22baa8beb
docs/etc/evidence/m0-t261-s3-p3-command-session-ingress-rehome-001.md	artifacts/documentation-archive/20260910/etc/evidence/m0-t261-s3-p3-command-session-ingress-rehome-001.md	2342	f400cbd77568e77043f5651319afe5653237b3b5d5de8ca10f11e57ed80d3523
docs/etc/evidence/m0-t261-s3-p4-command-composition-owner-rehome-001.md	artifacts/documentation-archive/20260910/etc/evidence/m0-t261-s3-p4-command-composition-owner-rehome-001.md	1997	dc48f3eb6f1afa94861f5c66349ed4f07a92f866ecf9d459ab51a818a02eb671
docs/etc/evidence/m0-t261-s3-p5-command-rtl-facade-extraction-001.md	artifacts/documentation-archive/20260910/etc/evidence/m0-t261-s3-p5-command-rtl-facade-extraction-001.md	1919	9ec2a6e909ba28ff60abef62db7b222daf59796b99b4a2982aeae33dc8960459
docs/etc/evidence/m0-t261-s3-p6-dem-composition-owner-rehome-001.md	artifacts/documentation-archive/20260910/etc/evidence/m0-t261-s3-p6-dem-composition-owner-rehome-001.md	1319	8b56f802759810125b61ece7e4a3866bf332a3a9532fb14327ad3a9d1c341c63
docs/etc/evidence/m0-t261-s3-p7-xms-session-owner-rehome-001.md	artifacts/documentation-archive/20260910/etc/evidence/m0-t261-s3-p7-xms-session-owner-rehome-001.md	625	ebe1867d799abc26d5594ffd94ac1cb2312a5ac700abe7925a05670696c8ae66
docs/etc/evidence/m0-t261-s3-p8-config-complete-owner-rehome-001.md	artifacts/documentation-archive/20260910/etc/evidence/m0-t261-s3-p8-config-complete-owner-rehome-001.md	493	f7b3aa1fedfafeaaf2645dbefce96c811ff8783d51272c874351350ee7d7dcc9
docs/etc/evidence/m0-t261-s3-p9-formal-layout-closure-001.md	artifacts/documentation-archive/20260910/etc/evidence/m0-t261-s3-p9-formal-layout-closure-001.md	2652	eab8b5b1e3e57c33460bf13708ef6fb65d3587510a92564b5aebce50926fed26
docs/etc/evidence/m0-t261-s4-p1-dem-host-boundary-map-001.md	artifacts/documentation-archive/20260910/etc/evidence/m0-t261-s4-p1-dem-host-boundary-map-001.md	6882	6c14735a101e341b95443ee71f50e732f60c75f57dd38edd046a81aac7ed3354
docs/etc/evidence/m0-t261-s4-p2-demdir-owner-split-001.md	artifacts/documentation-archive/20260910/etc/evidence/m0-t261-s4-p2-demdir-owner-split-001.md	2403	0f2f9869f26aebf13ed7836bfc50cc0dc8d41cab3066cf1de00a00ebdd7e43fe
docs/etc/evidence/m0-t261-s4-p3-demfile-owner-split-001.md	artifacts/documentation-archive/20260910/etc/evidence/m0-t261-s4-p3-demfile-owner-split-001.md	2940	ad11bbc68c84e9e710520769e72bb25e32747d4e3ccc804dac0b9d36a164d98b
docs/etc/evidence/m0-t261-s4-p4-demgset-owner-split-001.md	artifacts/documentation-archive/20260910/etc/evidence/m0-t261-s4-p4-demgset-owner-split-001.md	1875	1b176d0c53859578187ea9d73f9b9c12b792b921b08822f89dc9586eab5ba6b4
docs/etc/evidence/m0-t261-s4-p5-demsrch-fcb-owner-split-001.md	artifacts/documentation-archive/20260910/etc/evidence/m0-t261-s4-p5-demsrch-fcb-owner-split-001.md	1386	92cb04b212492cfba8e531e721da5789c042441404969bf151872af57b118fd0
docs/etc/evidence/m0-t261-s4-p6-dem-ccpu-sas-facade-migration-001.md	artifacts/documentation-archive/20260910/etc/evidence/m0-t261-s4-p6-dem-ccpu-sas-facade-migration-001.md	1395	d209b4f9247b34d47edbf33bf5a623ab9798457e539ab84d0d84486c8c5186e7
docs/etc/evidence/m0-t261-s4-p7-dem-host-owner-closure-001.md	artifacts/documentation-archive/20260910/etc/evidence/m0-t261-s4-p7-dem-host-owner-closure-001.md	3902	698df36a176ae1c804637ef98819c61583004e0515a48267aa047df9e8600f36
docs/etc/evidence/m0-t261-s5-adapter-bop-ingress-split-001.md	artifacts/documentation-archive/20260910/etc/evidence/m0-t261-s5-adapter-bop-ingress-split-001.md	4113	13ac939acd59450dc2e2850486af1f198c1bc7f06216fb39a76989b8ef0e2619
docs/etc/evidence/m0-t261-s6-architecture-contract-consistency-001.md	artifacts/documentation-archive/20260910/etc/evidence/m0-t261-s6-architecture-contract-consistency-001.md	2165	8f135797c96bef37a06655a5f1e32878c41ab490398db7836b74e0cab333fcfb
docs/etc/evidence/m0-t261-s7-session-foundation-001.md	artifacts/documentation-archive/20260910/etc/evidence/m0-t261-s7-session-foundation-001.md	2292	d1eb58429fa6447e10f02abf352b943aa94cfc0f48ec5a5831bcef5818c20527
docs/etc/evidence/m0-t261-s8-final-opennt-host-exception-closure-001.md	artifacts/documentation-archive/20260910/etc/evidence/m0-t261-s8-final-opennt-host-exception-closure-001.md	3776	d730a1736577ea47fd4c2354829e363a76db07a0cc9e8cf1208d03d92a9fef16
docs/etc/evidence/m0-t261-s8-p1-host-namespace-drive-policy-removal-001.md	artifacts/documentation-archive/20260910/etc/evidence/m0-t261-s8-p1-host-namespace-drive-policy-removal-001.md	2541	6956f62cbca46586817a6bc9b409e0c06865036db0e58a2e310e2d543baeb610
docs/etc/evidence/m0-t261-s8-p2-xms-softpc-owner-split-001.md	artifacts/documentation-archive/20260910/etc/evidence/m0-t261-s8-p2-xms-softpc-owner-split-001.md	2815	8363a3f4cbfda8a265a706d9c5e325f8a43a037c26970afde8e9dfecd21e0415
docs/etc/evidence/m0-t261-s8-p3-nt-error-original-owner-recovery-001.md	artifacts/documentation-archive/20260910/etc/evidence/m0-t261-s8-p3-nt-error-original-owner-recovery-001.md	2603	e352de5f1f8dac7e2c49852e6ce3f37cea80f1002b83a21482b0dcf12d5a0800
docs/etc/evidence/m0-t261-s8-p4-vdmredir-owner-split-001.md	artifacts/documentation-archive/20260910/etc/evidence/m0-t261-s8-p4-vdmredir-owner-split-001.md	5748	10629a6d3294a8b04dd0bbb49026cca82fe31d43441934c05b1cf760a81f767e
docs/etc/evidence/m0-t261-s8-p5-vdmredir-source-owner-intake-001.md	artifacts/documentation-archive/20260910/etc/evidence/m0-t261-s8-p5-vdmredir-source-owner-intake-001.md	3403	c5df9f99a7c512047aa09d0deca0e062f7d85c08822a3dd51fc12818b6516e29
docs/etc/evidence/m0-t261-s8-p5-vrmslot-peek-source-recovery-001.md	artifacts/documentation-archive/20260910/etc/evidence/m0-t261-s8-p5-vrmslot-peek-source-recovery-001.md	2320	b7b0945c00ab340d27529c7fa7fa04482c37c20b94937434148228aed4e2ddbe
docs/etc/evidence/m0-t261-s8-p5-vrmslot-record-lifecycle-recovery-001.md	artifacts/documentation-archive/20260910/etc/evidence/m0-t261-s8-p5-vrmslot-record-lifecycle-recovery-001.md	5747	4ec62d52dfc5b96c6685897d0f5d48305af8b00e20beb4b5bcb364099d570562
docs/etc/evidence/m0-t261-s8-p6-vdmredir-host-body-disposition-001.md	artifacts/documentation-archive/20260910/etc/evidence/m0-t261-s8-p6-vdmredir-host-body-disposition-001.md	6175	18291046bb0a3b7c2d3d1855dbe6851d6bcde8d15bc30e93fa4101ad52f655ad
docs/etc/evidence/m0-t261-s9-adapter-residue-owner-map-001.md	artifacts/documentation-archive/20260910/etc/evidence/m0-t261-s9-adapter-residue-owner-map-001.md	8182	8cca1fc57cd65fc7efae40e778e0d4ad069399af7534efaa8310f7dbc265cfbc
docs/etc/evidence/m0-t261-s9-final-adapter-residue-closure-001.md	artifacts/documentation-archive/20260910/etc/evidence/m0-t261-s9-final-adapter-residue-closure-001.md	2444	ef5fc0635b137fb9b027eb984382b6e6821f76c423ae2d806c781b1df0ea2090
docs/etc/evidence/m0-t262-s1-original-component-mirror-audit-001.md	artifacts/documentation-archive/20260910/etc/evidence/m0-t262-s1-original-component-mirror-audit-001.md	4246	1428b5ab1a0d2b12ccb6225251aad4d48c3d32f9feaf89b526d03fab6da61c90
docs/etc/evidence/m0-t262-s2-bx-core-local-exception-closure-001.md	artifacts/documentation-archive/20260910/etc/evidence/m0-t262-s2-bx-core-local-exception-closure-001.md	984	82100fcee03ad5292e5789ea1a7443d6f13195425d1d0ebfb8302f9f8c59373e
docs/etc/evidence/m0-t262-s3-opennt-guest-binary-import-001.md	artifacts/documentation-archive/20260910/etc/evidence/m0-t262-s3-opennt-guest-binary-import-001.md	13566	9d89144582f874db4d0ba144cada16fd47335660a4ac7ee6b2847f02bc2c98b2
docs/etc/evidence/m0-t262-s3-opennt-guest-zero-difference-closure-001.md	artifacts/documentation-archive/20260910/etc/evidence/m0-t262-s3-opennt-guest-zero-difference-closure-001.md	671	c799086f5e1e57c58bda6471afca88c432837b177f6ba4c10c3290ef90f73778
docs/etc/evidence/m0-t262-s4-opennt-host-subset-marker-closure-001.md	artifacts/documentation-archive/20260910/etc/evidence/m0-t262-s4-opennt-host-subset-marker-closure-001.md	694	5ce463a480d7e6ceb8a7ae9e01e1f7fae69059b4ab6d8e63201f7fab1b368ff4
docs/etc/evidence/m0-t262-s5-final-component-mirror-and-build-closure-001.md	artifacts/documentation-archive/20260910/etc/evidence/m0-t262-s5-final-component-mirror-and-build-closure-001.md	2936	7b35fe269dc689486a2193035e3ab03d2e6e4a19e8c7104c99e4cf0dec018f72
docs/etc/evidence/m0-t263-s1-mvdm-owner-provenance-census-001.md	artifacts/documentation-archive/20260910/etc/evidence/m0-t263-s1-mvdm-owner-provenance-census-001.md	4784	afc9f7e4722b55d8d8bbba43508f589cff410426db328d8d9a52b30db5b142f4
docs/etc/evidence/m0-t263-s2-bin86-guest-input-admission-001.md	artifacts/documentation-archive/20260910/etc/evidence/m0-t263-s2-bin86-guest-input-admission-001.md	1260	0a476fdb00fd813741e019b4b48c61790642b161f98e65845ede0a7b26188c92
docs/etc/evidence/m0-t263-s3-opennt-softpc-firmware-rom-admission-001.md	artifacts/documentation-archive/20260910/etc/evidence/m0-t263-s3-opennt-softpc-firmware-rom-admission-001.md	1506	b30fe8e4766a444cb9cbcafa7f6ad31e5f319131bf1ea8f61fffd6c00b35d569
docs/etc/evidence/m0-t263-s4-opennt-utils-suballoc-admission-001.md	artifacts/documentation-archive/20260910/etc/evidence/m0-t263-s4-opennt-utils-suballoc-admission-001.md	1536	b55ad256c2d1a1346f5177b83c14f229c7863e3dde3822d294a352dad799f328
docs/etc/evidence/m0-t263-s5-opennt-host-extension-package-admission-001.md	artifacts/documentation-archive/20260910/etc/evidence/m0-t263-s5-opennt-host-extension-package-admission-001.md	1389	5451fee55a8a770bb9c2ae575edecd2f0c53b2915b491f838f3ef3a418509d0b
docs/etc/evidence/m0-t263-s6-opennt-tools16-closure-admission-001.md	artifacts/documentation-archive/20260910/etc/evidence/m0-t263-s6-opennt-tools16-closure-admission-001.md	1100	49ac185bd48c32327566fc3092f759fdc3cd230c87c8744029267b4da26affeb
docs/etc/evidence/m0-t263-s7-mvdm-owner-expansion-closure-001.md	artifacts/documentation-archive/20260910/etc/evidence/m0-t263-s7-mvdm-owner-expansion-closure-001.md	2778	488e2c37e7ab6fe414fe42a5d4d132d23ea0447019c1c3a8c95e9a80bd8de4ca
docs/etc/evidence/m0-t263-s7-unconnected-host-package-withdrawal-001.md	artifacts/documentation-archive/20260910/etc/evidence/m0-t263-s7-unconnected-host-package-withdrawal-001.md	1388	683ec1a156a4193f8332e82e7bec0f5670da4f4707a4d5514030ce83fafa05c2
docs/etc/evidence/m0-t263-s8-p1-host-logical-block-ledger-001.md	artifacts/documentation-archive/20260910/etc/evidence/m0-t263-s8-p1-host-logical-block-ledger-001.md	3329	f9c9fa12ea6c976fce3074ea3462099e8ab8b8a86eb6371a31100d80912e0101
docs/etc/evidence/m0-t263-s8-p2-retained-host-comment-and-block-recovery-001.md	artifacts/documentation-archive/20260910/etc/evidence/m0-t263-s8-p2-retained-host-comment-and-block-recovery-001.md	4014	5dd44dd9f2a06f9777c9504ec2c8c0915a14cbabb9add498a445b47b0e0cc6a8
docs/etc/evidence/m0-t263-s8-p3-focused-host-mirror-fixture-001.md	artifacts/documentation-archive/20260910/etc/evidence/m0-t263-s8-p3-focused-host-mirror-fixture-001.md	2240	8d0ad8f47b1959b78e9589b3c2a1c7e649a5090f8047dd18f5baa420315d928d
docs/etc/evidence/m0-t263-s8-p4-mirror-layout-and-reached-dependency-audit-001.md	artifacts/documentation-archive/20260910/etc/evidence/m0-t263-s8-p4-mirror-layout-and-reached-dependency-audit-001.md	3163	2ed128a1d9eb49fc7c4184d287dc9136488f27de9d7e33a760efbfeb0b4502cf
docs/etc/evidence/m0-t263-s9-three-file-original-body-recovery-ledger-001.md	artifacts/documentation-archive/20260910/etc/evidence/m0-t263-s9-three-file-original-body-recovery-ledger-001.md	4639	114fda046ae5cdcca8d94e4c4a5440c97113e9fa8dbe7ef403988b1287226f43
docs/etc/evidence/m0-t264-s1-project-code-filename-inventory-001.md	artifacts/documentation-archive/20260910/etc/evidence/m0-t264-s1-project-code-filename-inventory-001.md	7499	50262bf383306601488941ad18eb2f8ad2a6a43929f4c271ccb59e3bf37e3712
docs/etc/evidence/m0-t265-s1-component-identity-governance-001.md	artifacts/documentation-archive/20260910/etc/evidence/m0-t265-s1-component-identity-governance-001.md	1643	24688e7379990c59a62a01581fcdef1b3e7f36476eef4c321c975a38833ad3cd
docs/etc/evidence/m0-t265-s2-bochs-production-root-rename-001.md	artifacts/documentation-archive/20260910/etc/evidence/m0-t265-s2-bochs-production-root-rename-001.md	2129	d3da7a8431a3b96dacdb4b1868cbd7710905698e7e633b8dd0922eac751b6c4a
docs/etc/evidence/m0-t265-s3-adapter-bochs-provenance-ledger-001.md	artifacts/documentation-archive/20260910/etc/evidence/m0-t265-s3-adapter-bochs-provenance-ledger-001.md	6528	52a31f34a69715e724eab698da54a28641f90a1f659440232bd0d611f357d26a
docs/etc/evidence/m0-t265-s4-bochs-core-overlay-audit-001.md	artifacts/documentation-archive/20260910/etc/evidence/m0-t265-s4-bochs-core-overlay-audit-001.md	5356	f0f1c829ba62efd8e0c3cb0923f1947171d0410bfcabb2132dd34db6f5e91cd0
docs/etc/evidence/m0-t265-s5-opennt-host-overlay-audit-001.md	artifacts/documentation-archive/20260910/etc/evidence/m0-t265-s5-opennt-host-overlay-audit-001.md	1070	07f147827da05b4c66922fa3f0eb3a223ad370a79f560d94a2ca6a27a84c4afc
docs/etc/evidence/m0-t265-s6-bochs-core-bridge-file-retirement-001.md	artifacts/documentation-archive/20260910/etc/evidence/m0-t265-s6-bochs-core-bridge-file-retirement-001.md	1175	dce142822680c7173be9fb4619260f3e3138a18804de012dc2654e6d80679900
docs/etc/evidence/m0-t265-s7-bochs-core-retained-diff-consolidation-001.md	artifacts/documentation-archive/20260910/etc/evidence/m0-t265-s7-bochs-core-retained-diff-consolidation-001.md	1950	f14d776849e3e5d5feb2e5331d1a0d2a2fd8603282c00d53e522370012a37637
docs/etc/evidence/m0-t266-s1-refs-consumer-disposition-001.md	artifacts/documentation-archive/20260910/etc/evidence/m0-t266-s1-refs-consumer-disposition-001.md	3608	5253f69af02db84e243a881b7eebe0fbcf32463ed150a79f3232ee29b8d79f7f
docs/etc/evidence/m0-t266-s2-bochs-formal-input-recovery-001.md	artifacts/documentation-archive/20260910/etc/evidence/m0-t266-s2-bochs-formal-input-recovery-001.md	3194	6d9648cb6e98d786d7cdef3af223deb2ce510e90435e7ef5903b149624ff8f3c
docs/etc/evidence/m0-t266-s3-opennt-input-recovery-001.md	artifacts/documentation-archive/20260910/etc/evidence/m0-t266-s3-opennt-input-recovery-001.md	1991	0bf46eb42549c3e1c4faaecb6604b9cb0eb84f93c7bba52a3e15c2b679fc817e
docs/etc/evidence/m0-t266-s4-historical-consumer-retirement-001.md	artifacts/documentation-archive/20260910/etc/evidence/m0-t266-s4-historical-consumer-retirement-001.md	1670	29cef27fc62c11fae0f5feaa90cda88ce182767840720dc409f742bfa7dd091a
docs/etc/evidence/m0-t266-s5-refs-removal-zero-reference-001.md	artifacts/documentation-archive/20260910/etc/evidence/m0-t266-s5-refs-removal-zero-reference-001.md	968	a09de7a8a5237879cac4113085d82353a02920bef8cb20f15e799ec7923a65b5
docs/etc/evidence/m0-t267-s1-build-entrypoint-and-reconstructed-monitor-closure-001.md	artifacts/documentation-archive/20260910/etc/evidence/m0-t267-s1-build-entrypoint-and-reconstructed-monitor-closure-001.md	2234	034524a539724e5232083a22ae5cd56b39f4c106e422bf6e7f42f4f0f78a8715
docs/etc/evidence/m0-t268-current-naming-convergence-closure-001.md	artifacts/documentation-archive/20260910/etc/evidence/m0-t268-current-naming-convergence-closure-001.md	2451	a50abf8ae70997764003b7707b961a819d748a7f70c6f98258bb0a1493791427
docs/etc/evidence/m0-t268-s1-live-naming-inventory.tsv	artifacts/documentation-archive/20260910/etc/evidence/m0-t268-s1-live-naming-inventory.tsv	1069273	94da9095848c754220a0086f219541849771fa6bdc5bd4961a3ab82a8a6e65f7
docs/etc/evidence/m0-t268-s1-live-naming-mapping-001.md	artifacts/documentation-archive/20260910/etc/evidence/m0-t268-s1-live-naming-mapping-001.md	2300	aa0e123e797157745fd69d855180f032caefabba5e77cad2fa47c183b67d2a40
docs/etc/evidence/m0-t269-s1-opennt-host-baseline-disposition-001.md	artifacts/documentation-archive/20260910/etc/evidence/m0-t269-s1-opennt-host-baseline-disposition-001.md	6360	35d5c9bde858bf1cd2dac4923c91dbe28e5d5336c8f7416c065cb7d4c91cf247
docs/etc/evidence/m0-t269-s2-opennt-host-marker-boundary-closure-001.md	artifacts/documentation-archive/20260910/etc/evidence/m0-t269-s2-opennt-host-marker-boundary-closure-001.md	3472	3207f29ea0c56fc3966360efd7267b5e4c5df312f56cb0e26aa800cbe69f8859
docs/etc/evidence/m0-t269-s3-opennt-host-pif-owner-edge-001.md	artifacts/documentation-archive/20260910/etc/evidence/m0-t269-s3-opennt-host-pif-owner-edge-001.md	3663	7bc1a5d7d82fbc44ac811e3c72f74ade9a787eaadbdd9fb06a6c754710d19604
docs/etc/evidence/m0-t269-s4-opennt-host-final-conformance-001.md	artifacts/documentation-archive/20260910/etc/evidence/m0-t269-s4-opennt-host-final-conformance-001.md	3070	e7a98b109d193921e19237980a3cf913cea20cfd4520fbbf3d31f2b5a43580de
docs/etc/evidence/m0-t270-s1-p1-bochs-port-space-owner-rehome-001.md	artifacts/documentation-archive/20260910/etc/evidence/m0-t270-s1-p1-bochs-port-space-owner-rehome-001.md	2658	6aa8059af1c6167dfb5472797790b6d3045ec8e1d6b6e57d1042e00935f11206
docs/etc/evidence/m0-t270-s1-p2-bochs-mirror-disposition-ledger-001.md	artifacts/documentation-archive/20260910/etc/evidence/m0-t270-s1-p2-bochs-mirror-disposition-ledger-001.md	3859	05f804db234da7fc65d385dfe600a509ff865beb7c1d948c0c27afec8aedf476
docs/etc/evidence/m0-t270-s1-p3-bochs-formal-build-closure-001.md	artifacts/documentation-archive/20260910/etc/evidence/m0-t270-s1-p3-bochs-formal-build-closure-001.md	1683	3065b11aa6987106098b0eb85372387939786b9418c644cfeed9374300a10440
docs/etc/evidence/m0-t270-s2-opennt-guest-mirror-closure-001.md	artifacts/documentation-archive/20260910/etc/evidence/m0-t270-s2-opennt-guest-mirror-closure-001.md	2490	4ab5c3c81f02439a972aa6344d9dde2197d1de1dbdbe51c51d1ff361ba850a9b
docs/etc/evidence/m0-t270-s3-opennt-host-threshold-audit-001.md	artifacts/documentation-archive/20260910/etc/evidence/m0-t270-s3-opennt-host-threshold-audit-001.md	2323	b480ad748bad134334f9a3580cd56df7cc55f2430e88c08d091c826c907dcd56
docs/etc/evidence/m0-t270-s3-p2-opennt-host-overlay-rehome-001.md	artifacts/documentation-archive/20260910/etc/evidence/m0-t270-s3-p2-opennt-host-overlay-rehome-001.md	1676	d2e1ab96ffb42f313fa0411fad2feb20274ba410767d6c2bbe9b925ab5d9c38c
docs/etc/evidence/m0-t270-s4-p1-softpc-bop-overlay-rehome-001.md	artifacts/documentation-archive/20260910/etc/evidence/m0-t270-s4-p1-softpc-bop-overlay-rehome-001.md	1575	e7d184089f92b6761b02168008c61f64bd66f3a370e4cd1422a07c0d4cbce989
docs/etc/evidence/m0-t270-s4-p2-redir-dispatcher-overlay-rehome-001.md	artifacts/documentation-archive/20260910/etc/evidence/m0-t270-s4-p2-redir-dispatcher-overlay-rehome-001.md	1110	dfba61c580e42694d1f438bb069f14c1937ac4d2f1e72980de8ad329312fe5a0
docs/etc/evidence/m0-t270-s4-p3-dem-dispatch-overlay-rehome-001.md	artifacts/documentation-archive/20260910/etc/evidence/m0-t270-s4-p3-dem-dispatch-overlay-rehome-001.md	1378	80e20efd3268f09760f5c209d480c7c8236d06c055bcb928455f709d1baf8cd0
docs/etc/evidence/m0-t270-s4-p4-vdmredir-mailslot-overlay-rehome-001.md	artifacts/documentation-archive/20260910/etc/evidence/m0-t270-s4-p4-vdmredir-mailslot-overlay-rehome-001.md	1538	2464e64d709bc3f2fd244e8282b9c683388c773101370eadb7a3d7ea81380ea6
docs/etc/evidence/m0-t270-s4-p5-low-delta-marker-register-reconciliation-001.md	artifacts/documentation-archive/20260910/etc/evidence/m0-t270-s4-p5-low-delta-marker-register-reconciliation-001.md	2200	4fec34ded88df31d2f1429ccf42fd3452814fc1c67f31786c8951184ecd67fdb
docs/etc/evidence/m0-t270-s4-p6-opennt-bop-complete-disposition-ledger-001.md	artifacts/documentation-archive/20260910/etc/evidence/m0-t270-s4-p6-opennt-bop-complete-disposition-ledger-001.md	7936	70b4a329f1752bd64607404d589df394f5bc1dda0031a54cdf621f8c66e1ad6c
docs/etc/evidence/m0-t270-s5-p1-opennt-softpc-source-identity-ledger-001.md	artifacts/documentation-archive/20260910/etc/evidence/m0-t270-s5-p1-opennt-softpc-source-identity-ledger-001.md	5389	ec6fdce5ff26b977de3dfd51f4abfdc606c9aaeeaeddde76b340809985dafd82
docs/etc/evidence/m0-t270-s6-p1-opennt-utils-source-identity-nonlink-ledger-001.md	artifacts/documentation-archive/20260910/etc/evidence/m0-t270-s6-p1-opennt-utils-source-identity-nonlink-ledger-001.md	1609	c839bb783e94582c8540d545ce9f63eb1fcbb4bd241dc4e11931b1dea1471187
docs/etc/evidence/m0-t271-s1-nonmirror-owner-ledger-001.md	artifacts/documentation-archive/20260910/etc/evidence/m0-t271-s1-nonmirror-owner-ledger-001.md	8479	5c4abeaffe0dd029f5ab21bab77cf20b6ec0aa38d7c935d422db186d8c97edaf
docs/etc/evidence/m0-t271-s2-dem-original-entry-recovery-001.md	artifacts/documentation-archive/20260910/etc/evidence/m0-t271-s2-dem-original-entry-recovery-001.md	3397	3f7e80d5f2356773b45525105d2e5748824920edc78aadfaed6d94a9783439bc
docs/etc/evidence/m0-t271-s3-command-host-api-owner-map-001.md	artifacts/documentation-archive/20260910/etc/evidence/m0-t271-s3-command-host-api-owner-map-001.md	5182	b9dec2d039f7efca18ccf96f30ade4f50dd28c08b839b041538039a2fa962fda
docs/etc/evidence/m0-t271-s3-p10-command-win32-facade-completion-001.md	artifacts/documentation-archive/20260910/etc/evidence/m0-t271-s3-p10-command-win32-facade-completion-001.md	1922	d786f028e98eab986778a25fa7808b922245f3477490e86fb1859dea1db38bec
docs/etc/evidence/m0-t271-s3-p11-command-host-event-initialization-001.md	artifacts/documentation-archive/20260910/etc/evidence/m0-t271-s3-p11-command-host-event-initialization-001.md	1228	f3acc48e864c94a212207652bc6b41eb38db754bf69913a5018cd428559511ae
docs/etc/evidence/m0-t271-s3-p12-ccpu-frame-context-extraction-001.md	artifacts/documentation-archive/20260910/etc/evidence/m0-t271-s3-p12-ccpu-frame-context-extraction-001.md	1949	5b6c844e240d7c3efd2733e623c05957b4a56130e1a1f0a346ad98e95ddc5193
docs/etc/evidence/m0-t271-s3-p13-command-residual-owner-audit-001.md	artifacts/documentation-archive/20260910/etc/evidence/m0-t271-s3-p13-command-residual-owner-audit-001.md	1985	bf75d82c3f19cb31919a82aac75d757e5c86deb1bdecda7cc7e6f8b2f667eb04
docs/etc/evidence/m0-t271-s3-p14-command-exec-overlay-isolation-001.md	artifacts/documentation-archive/20260910/etc/evidence/m0-t271-s3-p14-command-exec-overlay-isolation-001.md	1913	540d43c6a04dc941e3b3ca7d07f8d3a54c54378ea72373222b4e95a10f2e9f05
docs/etc/evidence/m0-t271-s3-p15-ccpu-multisz-extraction-001.md	artifacts/documentation-archive/20260910/etc/evidence/m0-t271-s3-p15-ccpu-multisz-extraction-001.md	1433	ad28023aaeb57da0ad487ec5997474aa6dc5ba5364a581b50a739234acfe0131
docs/etc/evidence/m0-t271-s3-p16-command-composition-overlay-isolation-001.md	artifacts/documentation-archive/20260910/etc/evidence/m0-t271-s3-p16-command-composition-overlay-isolation-001.md	1592	10eec7829ebe120acecd89874930d4c9043253fa8b85d534e67248e3e93ed9ee
docs/etc/evidence/m0-t271-s3-p17-command-helper-overlay-isolation-001.md	artifacts/documentation-archive/20260910/etc/evidence/m0-t271-s3-p17-command-helper-overlay-isolation-001.md	1516	6a4716fbaf0095b5e3722746794cc33e2fb4974742230f7194d70afe85b76094
docs/etc/evidence/m0-t271-s3-p18-command-pif-owner-and-overlay-isolation-001.md	artifacts/documentation-archive/20260910/etc/evidence/m0-t271-s3-p18-command-pif-owner-and-overlay-isolation-001.md	2278	b62fd83542c4a2ab489025cd6c746c0e8aa5511a8d97bb3e6721c9f1b59c46bc
docs/etc/evidence/m0-t271-s3-p19-command-app-session-binding-extraction-001.md	artifacts/documentation-archive/20260910/etc/evidence/m0-t271-s3-p19-command-app-session-binding-extraction-001.md	2055	466cd38f8804597ff504cc3314ca3cd05d10f346679217405164e3b4c889d502
docs/etc/evidence/m0-t271-s3-p1-command-entry-globals-recovery-001.md	artifacts/documentation-archive/20260910/etc/evidence/m0-t271-s3-p1-command-entry-globals-recovery-001.md	2215	8ce2e013d342736bed7424782459f599f6f6b9263b4e72a61fe14554be4ee6fe
docs/etc/evidence/m0-t271-s3-p20-command-final-matrix-and-fixture-composition-001.md	artifacts/documentation-archive/20260910/etc/evidence/m0-t271-s3-p20-command-final-matrix-and-fixture-composition-001.md	2555	1279b05e4a1e64b9806d4918236e528da1d5f47ffe70f7b42ddc0014476179e7
docs/etc/evidence/m0-t271-s3-p2-command-win32-facade-extraction-001.md	artifacts/documentation-archive/20260910/etc/evidence/m0-t271-s3-p2-command-win32-facade-extraction-001.md	1361	e2db04e68cf2454c2de6394609b2d0efa0b3570b3356e7fc7cb13bd6e799d2d6
docs/etc/evidence/m0-t271-s3-p4-command-composition-owner-disposition-001.md	artifacts/documentation-archive/20260910/etc/evidence/m0-t271-s3-p4-command-composition-owner-disposition-001.md	5950	bcdba56235a5f86df106dc82ed0343413cc467905b16ebfe92b28e61125de066
docs/etc/evidence/m0-t271-s3-p5-session-input-extraction-001.md	artifacts/documentation-archive/20260910/etc/evidence/m0-t271-s3-p5-session-input-extraction-001.md	1552	6e9c01d46f29a13de3672ad757bac4e4aa7cee5fd5bcdd88e4415a5b22a93ec7
docs/etc/evidence/m0-t271-s3-p6-vdm-api-facade-recovery-001.md	artifacts/documentation-archive/20260910/etc/evidence/m0-t271-s3-p6-vdm-api-facade-recovery-001.md	1995	a78bf278b5997e51da31f7662ee2bda19cda4da14f3219508f82e45459a3dbea
docs/etc/evidence/m0-t271-s3-p7-command-host-event-recovery-001.md	artifacts/documentation-archive/20260910/etc/evidence/m0-t271-s3-p7-command-host-event-recovery-001.md	2208	c65aa42a525dfa7577831c189e5d47cbc16482209af2c4f0a003f1a2b371c481
docs/etc/evidence/m0-t271-s3-p8a-command-child-host-recovery-001.md	artifacts/documentation-archive/20260910/etc/evidence/m0-t271-s3-p8a-command-child-host-recovery-001.md	2192	1713cc1c14fa7f2a4b1053a371c5ff9d525cab3397cca293ed2c87f7b94f243b
docs/etc/evidence/m0-t271-s3-p8b-command-child-worker-recovery-001.md	artifacts/documentation-archive/20260910/etc/evidence/m0-t271-s3-p8b-command-child-worker-recovery-001.md	1355	dd6d55a972ccc8c502fe065873eba3490a905713564846cb6341f8df318fe564
docs/etc/evidence/m0-t271-s3-p9-selector-blind-frame-transaction-001.md	artifacts/documentation-archive/20260910/etc/evidence/m0-t271-s3-p9-selector-blind-frame-transaction-001.md	1979	ed43d944174a06e17bbc505c7b125185cb99d30a6fdd60e4dfecaed8aebb9546
docs/etc/evidence/m0-t271-s4-p1-xms-composition-overlay-isolation-001.md	artifacts/documentation-archive/20260910/etc/evidence/m0-t271-s4-p1-xms-composition-overlay-isolation-001.md	2194	9371df970826461cb2d79a1a46a1f5efc3c7dcfaf52ccd370f693ce379addaa7
docs/etc/evidence/m0-t271-s4-p2-xms-a20-mapping-manager-migration-001.md	artifacts/documentation-archive/20260910/etc/evidence/m0-t271-s4-p2-xms-a20-mapping-manager-migration-001.md	1629	160c4e9099c793270cf1805b0f76376a5df6ef94cb305480abfee03cdc9e3096
docs/etc/evidence/m0-t271-s4-p3-xms-source-unit-admission-audit-001.md	artifacts/documentation-archive/20260910/etc/evidence/m0-t271-s4-p3-xms-source-unit-admission-audit-001.md	2091	d0d70a24c41ceb56b227e3e9fbc53d63907710b2d706a510ba7a90905e073025
docs/etc/evidence/m0-t271-s4-p4-xms-app-session-binding-extraction-001.md	artifacts/documentation-archive/20260910/etc/evidence/m0-t271-s4-p4-xms-app-session-binding-extraction-001.md	1113	8abeaa2635832758b945efabe4a15d983e8c84b1e023ad324c1b3d7cbc33a3b1
docs/etc/evidence/m0-t271-s5-p10-opennt-bop-mirror-reaudit-and-disposition-001.md	artifacts/documentation-archive/20260910/etc/evidence/m0-t271-s5-p10-opennt-bop-mirror-reaudit-and-disposition-001.md	9117	385b5a33b35faaa26220669251fa86accc801459bb315671738a91b7545fd702
docs/etc/evidence/m0-t271-s5-p1-opennt-bop-production-classification-001.md	artifacts/documentation-archive/20260910/etc/evidence/m0-t271-s5-p1-opennt-bop-production-classification-001.md	2439	cd8772b5bb973dbf69ec88bf571629453a19da3fedd57eb858a5b5cb9d2be72d
docs/etc/evidence/m0-t271-s5-p2-overlay-consumer-and-boundary-audit-001.md	artifacts/documentation-archive/20260910/etc/evidence/m0-t271-s5-p2-overlay-consumer-and-boundary-audit-001.md	2581	982872a045ae5813d44bba99ff4958273f2d56b990597bda0bcc72397e9d7d74
docs/etc/evidence/m0-t271-s5-p3-app-composition-extraction-001.md	artifacts/documentation-archive/20260910/etc/evidence/m0-t271-s5-p3-app-composition-extraction-001.md	3083	f980a0fd354dbb5f5c7d93782badd516c65f2c0e1985ad773ed613f4410791e5
docs/etc/evidence/m0-t271-s5-p4-config-complete-app-entry-extraction-001.md	artifacts/documentation-archive/20260910/etc/evidence/m0-t271-s5-p4-config-complete-app-entry-extraction-001.md	1792	e3bdd869b31744a31c933c18e773067cb16871e8d1f6afe86826b42313436ae5
docs/etc/evidence/m0-t271-s5-p5-mirror-root-ingress-removal-001.md	artifacts/documentation-archive/20260910/etc/evidence/m0-t271-s5-p5-mirror-root-ingress-removal-001.md	2705	020cc9e3c7f33c88a90dbcaf196fceb938037cceb5d674ecb5cd375b139a49e5
docs/etc/evidence/m0-t271-s5-p6-redundant-ccpu-sas-alias-removal-001.md	artifacts/documentation-archive/20260910/etc/evidence/m0-t271-s5-p6-redundant-ccpu-sas-alias-removal-001.md	1533	24a7d4d7bc2f86520442ca864200d4420404976cb02d360b2fd0712b43d2cf6d
docs/etc/evidence/m0-t271-s5-p7-family-compatibility-and-overlay-ledger-001.md	artifacts/documentation-archive/20260910/etc/evidence/m0-t271-s5-p7-family-compatibility-and-overlay-ledger-001.md	4852	0f71d67850bbe0d2b8edc527d8ee1cdc0890d22fcd4046cae831bbfa0631ebdb
docs/etc/evidence/m0-t271-s5-p8-softpc-mirror-boundary-remediation-001.md	artifacts/documentation-archive/20260910/etc/evidence/m0-t271-s5-p8-softpc-mirror-boundary-remediation-001.md	3128	83a57864a7937aafd7b41dcd70ff3ca6091ea81749706fac860e579e7a75ca36
docs/etc/evidence/m0-t271-s5-p9-final-mirror-closure-matrix-001.md	artifacts/documentation-archive/20260910/etc/evidence/m0-t271-s5-p9-final-mirror-closure-matrix-001.md	2876	1869bb3560f2895ea6e22e2085da5e32d4cfe62f4d343ab2608e7cb9436301a5
docs/etc/evidence/m0-t280-s20-p3-mvdm-guest-location-fixture-001.md	artifacts/documentation-archive/20260910/etc/evidence/m0-t280-s20-p3-mvdm-guest-location-fixture-001.md	1707	e7ad0a0a10b8a4890e463f2c850ab96030045b51e38eefa16962042fec7ff748
docs/etc/evidence/m0-t280-s20-p4-extended-error-location-recovery-001.md	artifacts/documentation-archive/20260910/etc/evidence/m0-t280-s20-p4-extended-error-location-recovery-001.md	1720	1d7c678aa64ef8fad8d059c7ce02708d6e8d7f6efa1e9696371944e1aa210688
docs/etc/evidence/m0-t280-s20-p5-dta-location-recovery-001.md	artifacts/documentation-archive/20260910/etc/evidence/m0-t280-s20-p5-dta-location-recovery-001.md	1634	aadbb78118ba57048df46952dd845eba1ab3f485a7670cb1cfa6c78e307e50ab
docs/etc/evidence/m0-t280-s20-p6-current-pdb-source-recovery-001.md	artifacts/documentation-archive/20260910/etc/evidence/m0-t280-s20-p6-current-pdb-source-recovery-001.md	2200	4409d470f2a1d936dbcdb29622d87c6861af4e086b45a04695033e6b16290c28
docs/etc/evidence/m0-t280-s20-p8-vdd-sft-jft-shadow-recovery-001.md	artifacts/documentation-archive/20260910/etc/evidence/m0-t280-s20-p8-vdd-sft-jft-shadow-recovery-001.md	2110	dee6ee2e073b695056aef04e6da890dc89ce15e41f27e2434661619a8d5ea9c4
docs/etc/evidence/m0-t281-s1-nt-bop-vdm-header-selection-001.md	artifacts/documentation-archive/20260910/etc/evidence/m0-t281-s1-nt-bop-vdm-header-selection-001.md	2644	d63f4195d8abc41887c1ad980cfc3b1b591a588ea2ae5bc74679da35f3ae23b1
docs/etc/evidence/m0-t281-s1-original-bop-dispatch-build-001.md	artifacts/documentation-archive/20260910/etc/evidence/m0-t281-s1-original-bop-dispatch-build-001.md	2202	d39f4dcc49bd13f10060fd5bd7da5f39b163002bc822d126dbdcf2e4cbf39f4b
docs/etc/evidence/m0-t281-s2-dem-common-control-build-001.md	artifacts/documentation-archive/20260910/etc/evidence/m0-t281-s2-dem-common-control-build-001.md	3072	2491ae166c0f8a37ba97b1f68fd92dd2f5acfbc1125ef3277fe58d2a7d71ae1a
docs/etc/evidence/m0-t281-s3-dem-provider-source-matrix-001.md	artifacts/documentation-archive/20260910/etc/evidence/m0-t281-s3-dem-provider-source-matrix-001.md	1542	6d963692b5cb83d685d940e9e63254814dd93d2f458fcffbbbe475e2c1033e42
docs/etc/evidence/m0-t281-s4-complete-original-dem-package-build-001.md	artifacts/documentation-archive/20260910/etc/evidence/m0-t281-s4-complete-original-dem-package-build-001.md	783	dd5742e12f05d29c385b91402485925e23be52e3586cf1fa872d8dd4a2c88ca7
docs/etc/evidence/m0-t281-s5-host-control-disposition-001.md	artifacts/documentation-archive/20260910/etc/evidence/m0-t281-s5-host-control-disposition-001.md	2341	b345d12b4bfe808e72db97ae0d318c31a61430ec5547ed14f07f8ff354f6d548
docs/etc/evidence/m0-t282-s10-command-register-and-lease-binding-001.md	artifacts/documentation-archive/20260910/etc/evidence/m0-t282-s10-command-register-and-lease-binding-001.md	2120	3021cb185da7ae6952019f25d9a82544418d5205f159b6f329ea0e9ca0fb3e00
docs/etc/evidence/m0-t282-s11-command-oem-support-composition-001.md	artifacts/documentation-archive/20260910/etc/evidence/m0-t282-s11-command-oem-support-composition-001.md	1902	674da4df050cf89b6cbd03970f36ac1b60393ab82c747b9dabd150abd524507c
docs/etc/evidence/m0-t282-s12-bounded-copy-binding-001.md	artifacts/documentation-archive/20260910/etc/evidence/m0-t282-s12-bounded-copy-binding-001.md	928	78e945da6871ddb026595dbc33e027fc065178edb8842f079ea31aa790b1a100
docs/etc/evidence/m0-t282-s13-command-current-directory-bounded-binding-001.md	artifacts/documentation-archive/20260910/etc/evidence/m0-t282-s13-command-current-directory-bounded-binding-001.md	2113	5958520e44fb9dda87771a7a25aa019c50943b7e1b299ebe528bfac2c1eeff27
docs/etc/evidence/m0-t282-s14-command-comspec-bounded-input-audit-001.md	artifacts/documentation-archive/20260910/etc/evidence/m0-t282-s14-command-comspec-bounded-input-audit-001.md	1506	e07b5016a663c34d5618bbee60f7026352b0f65f1777641c25d723f248787840
docs/etc/evidence/m0-t282-s15-command-init-environment-bounded-output-audit-001.md	artifacts/documentation-archive/20260910/etc/evidence/m0-t282-s15-command-init-environment-bounded-output-audit-001.md	1449	9948152ed14598f4f73a1f9e6c4d02fe31de599764b60351c68b77bda312e867
docs/etc/evidence/m0-t282-s16-command-local-package-closure-audit-001.md	artifacts/documentation-archive/20260910/etc/evidence/m0-t282-s16-command-local-package-closure-audit-001.md	1499	a273a2e8553674057b11dd8f712bf069a58a2b4ce4db2babfc500426898e8822
docs/etc/evidence/m0-t282-s1-command-source-surface-001.md	artifacts/documentation-archive/20260910/etc/evidence/m0-t282-s1-command-source-surface-001.md	960	8da78111a6e91cbdf18b3020f1b2a67f8369e1ae6d8c3409e28cae4a7566aa2c
docs/etc/evidence/m0-t282-s2-command-declaration-carriers-001.md	artifacts/documentation-archive/20260910/etc/evidence/m0-t282-s2-command-declaration-carriers-001.md	2227	d8eb5b4a03f6ceddf60e0865bfc2cb5f07838eef4fe17162835c7ab6ffb8a6f8
docs/etc/evidence/m0-t282-s3-command-console-declaration-carrier-001.md	artifacts/documentation-archive/20260910/etc/evidence/m0-t282-s3-command-console-declaration-carrier-001.md	1765	e8c050f08f7402aeca99e2fcdfb44e8964d65424cf597dab2ffe262041ce2b43
docs/etc/evidence/m0-t282-s4-complete-original-command-static-package-001.md	artifacts/documentation-archive/20260910/etc/evidence/m0-t282-s4-complete-original-command-static-package-001.md	2010	56c80381c21b8ba204c09b65b2fdf94b2b9a78463e4b5366f3e9dbb47d374a48
docs/etc/evidence/m0-t282-s5-vdm-command-acquisition-audit-001.md	artifacts/documentation-archive/20260910/etc/evidence/m0-t282-s5-vdm-command-acquisition-audit-001.md	1228	c18bb44428552f9308a74b8e1318766e8ff766d260f83510dfc3da5567874ece
docs/etc/evidence/m0-t282-s6-local-vdm-command-transport-001.md	artifacts/documentation-archive/20260910/etc/evidence/m0-t282-s6-local-vdm-command-transport-001.md	3317	6100ac7ad6f66a3239cf87450877c08537b16ff38bdcc16ae8727a7fd60ed6b6
docs/etc/evidence/m0-t282-s7-original-command-initialization-001.md	artifacts/documentation-archive/20260910/etc/evidence/m0-t282-s7-original-command-initialization-001.md	1850	7868e2e098a50b5dd3086e01ac8214572799bb7bbe7605cac2d8ec280595562a
docs/etc/evidence/m0-t282-s8-command-owner-dependency-partition-001.md	artifacts/documentation-archive/20260910/etc/evidence/m0-t282-s8-command-owner-dependency-partition-001.md	2626	d7c0b23ea976ebfe6e4ca178e4677724d0f53fa25572328a197e8be2bc1ec8e8
docs/etc/evidence/m0-t282-s9-command-environment-guest-seam-audit-001.md	artifacts/documentation-archive/20260910/etc/evidence/m0-t282-s9-command-environment-guest-seam-audit-001.md	2574	ee24823203b89ef1d7df16401a568623be27eefea2e5d73d2e6b550dea16d7f7
docs/etc/evidence/m0-t283-s2-platform-abi-canonical-reroot-001.md	artifacts/documentation-archive/20260910/etc/evidence/m0-t283-s2-platform-abi-canonical-reroot-001.md	2096	ea9bf6981139815ad93f7ffb29906e4d6bc5e1d74a8bc98cc3f2a030638ff35c
docs/etc/evidence/m0-t284-s1-adapter-convergence-inventory-001.md	artifacts/documentation-archive/20260910/etc/evidence/m0-t284-s1-adapter-convergence-inventory-001.md	3396	e3819dd9fe3dc687bded5c02350882bee313c0dc492fe1e21d9bd72eb1d20919
docs/etc/evidence/m0-t284-s2-component-root-rename-closure-001.md	artifacts/documentation-archive/20260910/etc/evidence/m0-t284-s2-component-root-rename-closure-001.md	2613	12baf3b3497b73eea6b5aa6b7863a739c4e08c88c63b3b33f4002d9f2aa8cc93
docs/etc/evidence/m0-t284-s3-outgoing-adapter-root-admission-001.md	artifacts/documentation-archive/20260910/etc/evidence/m0-t284-s3-outgoing-adapter-root-admission-001.md	1090	8549317f4f78e3598bdef61ce5b4dbe52f2b1def2f5b67d6107f39fd7ec5a777
docs/etc/evidence/m0-t284-s4-win32-family-migration-001.md	artifacts/documentation-archive/20260910/etc/evidence/m0-t284-s4-win32-family-migration-001.md	1983	8cd661164ced696878895d2b700d5be90f7f4a7cb1a23fbf04c3dacc443f1d46
docs/etc/evidence/m0-t284-s9-mvdm-guest-root-merge-001.md	artifacts/documentation-archive/20260910/etc/evidence/m0-t284-s9-mvdm-guest-root-merge-001.md	1483	15cc5bd85bb7e9cc1212fab893cc74f80e7aa4e8c5c34757f42d4b770ae163a0
docs/etc/evidence/m0-t285-s1-wave2-current-workset-001.md	artifacts/documentation-archive/20260910/etc/evidence/m0-t285-s1-wave2-current-workset-001.md	2200	1f2c98f7736a97f66f3e44042b5139dc75cddda75e95d17235fba63f98e5f1da
docs/etc/evidence/m0-t285-s2-nt-bop-binding-001.md	artifacts/documentation-archive/20260910/etc/evidence/m0-t285-s2-nt-bop-binding-001.md	2960	8840c9054265ab1182da687c06be0c6e71fa378d3598cd47a2aa0db727784da9
docs/etc/evidence/m0-t286-s2-product-shell-overlay-001.md	artifacts/documentation-archive/20260910/etc/evidence/m0-t286-s2-product-shell-overlay-001.md	2131	9db3228f40a7b099fa40357688f72d72c9262452c64c8027afe009c139628a56
docs/etc/evidence/m0-t286-s3-device-lifecycle-review-001.md	artifacts/documentation-archive/20260910/etc/evidence/m0-t286-s3-device-lifecycle-review-001.md	1516	9cddc6b6432981fc2b4c8a4214e58d9d76ab742f0534b14be74293e38c74348c
docs/etc/evidence/m0-t286-s4-observer-retirement-001.md	artifacts/documentation-archive/20260910/etc/evidence/m0-t286-s4-observer-retirement-001.md	1372	05e295b7fb91876ffcfc73b44cd29da6896fa24a72cb9898acfd46a10a0154a7
docs/etc/evidence/m0-t286-s5-memory-boundary-review-001.md	artifacts/documentation-archive/20260910/etc/evidence/m0-t286-s5-memory-boundary-review-001.md	3174	bce6d771f28fa25d53a1f76bae362b399cfec008fcff4ce1737191f1e2078bcd
docs/etc/evidence/m0-t286-s6-final-minimization-validation-001.md	artifacts/documentation-archive/20260910/etc/evidence/m0-t286-s6-final-minimization-validation-001.md	3529	2e9078ce09adba1d42c2eec2582e7d289b32111bbaf749c29795020b0119c03a
docs/etc/evidence/m0-t287-s1-xms-current-rebaseline-001.md	artifacts/documentation-archive/20260910/etc/evidence/m0-t287-s1-xms-current-rebaseline-001.md	3503	2e3a784aaf34f4734f389471b1a6f7117a530de4df8c96909c1c25840b7980f3
docs/etc/evidence/m0-t287-s2-original-xms-static-composition-001.md	artifacts/documentation-archive/20260910/etc/evidence/m0-t287-s2-original-xms-static-composition-001.md	2043	d6f6e14b1b8f5d224006c929caa56c1ba51caea6eda8cd3e53dc76a36b819e92
docs/etc/evidence/m0-t287-s3-xms-a20-lease-binding-001.md	artifacts/documentation-archive/20260910/etc/evidence/m0-t287-s3-xms-a20-lease-binding-001.md	2135	cf8c38abfbd5db366cb529a9dc9e9a7cf8e7ba806fd4226b3b2cef87a8a741ea
docs/etc/evidence/m0-t287-s4-xms-block-binding-001.md	artifacts/documentation-archive/20260910/etc/evidence/m0-t287-s4-xms-block-binding-001.md	2146	71031faf77f4a8ab872619301a50d1d64f8c14daf0f2959dfbacbbaa194863c7
docs/etc/evidence/m0-t287-s5-xms-umb-ivt-binding-001.md	artifacts/documentation-archive/20260910/etc/evidence/m0-t287-s5-xms-umb-ivt-binding-001.md	2547	f15b77486f3faf450ca2a2ad7f859b14d2c1498415aa18b18ef787c0566231f6
docs/etc/evidence/m0-t287-s6-xms-dispatch-matrix-001.md	artifacts/documentation-archive/20260910/etc/evidence/m0-t287-s6-xms-dispatch-matrix-001.md	2423	bf80e6e0ab4e635b53a1b19e2fb219c50487c335e07ec43925af206184b16c7c
docs/etc/evidence/m0-t287-s7-xms-owner-package-closure-001.md	artifacts/documentation-archive/20260910/etc/evidence/m0-t287-s7-xms-owner-package-closure-001.md	2950	a8abd1e12ed34974bb49a232d16fbd005eadaa603a2cf1720147dc1e826d41a1
docs/etc/evidence/m0-t288-s1-monitor-source-abi-audit-001.md	artifacts/documentation-archive/20260910/etc/evidence/m0-t288-s1-monitor-source-abi-audit-001.md	3241	e1bfe8825296913712a3061e545a894118c6f9564567e8feab9491cbe608c693
docs/etc/evidence/m0-t288-s2-monitor-root-and-static-composition-001.md	artifacts/documentation-archive/20260910/etc/evidence/m0-t288-s2-monitor-root-and-static-composition-001.md	2234	6ff29137781bea8bd7efbc7fb2e86c5000ececc47c581c7d2e1e9ee659fac868
docs/etc/evidence/m0-t288-s3-monitor-frame-recovery-001.md	artifacts/documentation-archive/20260910/etc/evidence/m0-t288-s3-monitor-frame-recovery-001.md	3072	877b6d6975d90ec4f527f156730b9ab0de1458ec3e83adc44305d6911d9d9150
docs/etc/evidence/m0-t288-s4-softpc-sas-mechanics-001.md	artifacts/documentation-archive/20260910/etc/evidence/m0-t288-s4-softpc-sas-mechanics-001.md	2462	263b4432e897c7d3a9f3a4d665350e1d044e4541f01a25daa7e329950a28b6fb
docs/etc/evidence/m0-t288-s5-keyboard-ivt-lifecycle-001.md	artifacts/documentation-archive/20260910/etc/evidence/m0-t288-s5-keyboard-ivt-lifecycle-001.md	2444	05fbf01ad6d23c95fc7b23e56689fcd09f970a883cd762793674b53e6fe8ccc5
docs/etc/evidence/m0-t288-s6-monitor-keyboard-xms-matrix-001.md	artifacts/documentation-archive/20260910/etc/evidence/m0-t288-s6-monitor-keyboard-xms-matrix-001.md	795	04e75e2fe6d9b4705059ac38cb02c6bc0e4431d4008484ab3b53619fb327fadb
docs/etc/evidence/m0-t289-s1-dpmi-admission-audit-001.md	artifacts/documentation-archive/20260910/etc/evidence/m0-t289-s1-dpmi-admission-audit-001.md	987	1f8870a6b44053632df0452fafbdeba01ab091de452daf22f32c3d83b8af8396
docs/etc/evidence/m0-t289-s2-protected-machine-interface-audit-001.md	artifacts/documentation-archive/20260910/etc/evidence/m0-t289-s2-protected-machine-interface-audit-001.md	936	1c0830c710ccfa15f04a62a7daa21adceeda1870174dffcd3cb596835ccc45b8
docs/etc/evidence/m0-t289-s3-protected-machine-foundation-001.md	artifacts/documentation-archive/20260910/etc/evidence/m0-t289-s3-protected-machine-foundation-001.md	2573	0f6fced8982011810205a4467e715a22346f38014f103c1a750d0311a0c857bd
docs/etc/evidence/m0-t289-s4-dpmi-composition-001.md	artifacts/documentation-archive/20260910/etc/evidence/m0-t289-s4-dpmi-composition-001.md	2997	cdc8a68028cd37115537942f72d6d50829351069ee4c074219debaf5b3109b37
docs/etc/evidence/m0-t289-s5-p1-dpmi-registration-001.md	artifacts/documentation-archive/20260910/etc/evidence/m0-t289-s5-p1-dpmi-registration-001.md	2355	0d0a925c51f4c598d1b1466a4f8e1d9a638b4f5d38b68fb592a974176e98ce52
docs/etc/evidence/m0-t289-s5-p2-protected-transition-001.md	artifacts/documentation-archive/20260910/etc/evidence/m0-t289-s5-p2-protected-transition-001.md	1687	fce16a235176751ede86c409a7cbe154808b54e1c83fccc313a958d03daf5933
docs/etc/evidence/m0-t289-s5-p3-locked-stack-transaction-001.md	artifacts/documentation-archive/20260910/etc/evidence/m0-t289-s5-p3-locked-stack-transaction-001.md	1947	ddb306181c384d180b1434dd80498eceda710af22fb9e6c184749c5c8d043582
docs/etc/evidence/m0-t289-s5-p4-stack-frame-dependency-audit-001.md	artifacts/documentation-archive/20260910/etc/evidence/m0-t289-s5-p4-stack-frame-dependency-audit-001.md	2966	729321b980d67eb389b15e59ce5a0fd79e414f66de135a7b7bc91db926592b6e
docs/etc/evidence/m0-t289-s5-p5-realmode-frame-foundation-001.md	artifacts/documentation-archive/20260910/etc/evidence/m0-t289-s5-p5-realmode-frame-foundation-001.md	2383	279866e7340a2da5dffc35739afcbcdc7f524ea8e4489a7563ebcd970f6f218a
docs/etc/evidence/m0-t289-s5-p6-realmode-stack-composition-001.md	artifacts/documentation-archive/20260910/etc/evidence/m0-t289-s5-p6-realmode-stack-composition-001.md	2300	354b7bdb6265db987de5811438e499708aeb38423cac0a17cfcf2d0056e8ee17
docs/etc/evidence/m0-t289-s5-stack-interrupt-fault-closure-001.md	artifacts/documentation-archive/20260910/etc/evidence/m0-t289-s5-stack-interrupt-fault-closure-001.md	2075	d014af1d89c039dcd70e8bc3c990a74024a63e5f43d68dbe406fd368fd4827f6
docs/etc/evidence/m0-t289-s6-dpmi-family-matrix-closure-001.md	artifacts/documentation-archive/20260910/etc/evidence/m0-t289-s6-dpmi-family-matrix-closure-001.md	1775	9bbaed653a23a2317fc8a8369afb9dd19d9397083916bc13cf74c67c99f338cc
docs/etc/evidence/m0-t289-s6-dpmi-vdd-misc-composition-001.md	artifacts/documentation-archive/20260910/etc/evidence/m0-t289-s6-dpmi-vdd-misc-composition-001.md	2281	c83c74ab99442166dbb4465b34bd8a23be6a719a68d6d43e8fea42b5fa89b12a
docs/etc/evidence/m0-t289-s7-dpmi-identity-transfer-closure-001.md	artifacts/documentation-archive/20260910/etc/evidence/m0-t289-s7-dpmi-identity-transfer-closure-001.md	1742	0e98eb1f2a824d511ff59d6711acb1bbecbcf230d420e87c850aa3d80a7d3067
docs/etc/evidence/m0-t290-s1-redirector-source-abi-audit-001.md	artifacts/documentation-archive/20260910/etc/evidence/m0-t290-s1-redirector-source-abi-audit-001.md	1830	cc8a3b5d9b2a79b82c23c2b96f3c0c77eb03f39f5c0b8e2d74aa3a4a5bac2992
docs/etc/evidence/m0-t290-s2-redirector-interface-closure-design-001.md	artifacts/documentation-archive/20260910/etc/evidence/m0-t290-s2-redirector-interface-closure-design-001.md	1702	19d850fef6730d04c91725740fd6c84b1a6069abf87c777e6c3261b55c8082b3
docs/etc/evidence/m0-t290-s3-lifecycle-sync-pipe-command-closure-001.md	artifacts/documentation-archive/20260910/etc/evidence/m0-t290-s3-lifecycle-sync-pipe-command-closure-001.md	2022	603fa315ea691645ad4c1e3416271af5d55fb9eb6ae7fa2c01a58620f2517823
docs/etc/evidence/m0-t290-s3-p10-named-pipe-state-set-001.md	artifacts/documentation-archive/20260910/etc/evidence/m0-t290-s3-p10-named-pipe-state-set-001.md	512	9fb1cb3dfd89c9bd5c3b7565a23d29304a4693880740a30e8a379b8a45c35f0e
docs/etc/evidence/m0-t290-s3-p11-named-pipe-peek-guest-span-001.md	artifacts/documentation-archive/20260910/etc/evidence/m0-t290-s3-p11-named-pipe-peek-guest-span-001.md	775	54d48134cf297528b744a672fadb29dbd04f83db4065c51c5b05e13c5fcec2ef
docs/etc/evidence/m0-t290-s3-p12-named-pipe-transact-guest-span-001.md	artifacts/documentation-archive/20260910/etc/evidence/m0-t290-s3-p12-named-pipe-transact-guest-span-001.md	1014	85fe51f0c68baab0dac0259c2a41c302278ab0c858e87fb98ed180d8630aa52f
docs/etc/evidence/m0-t290-s3-p13-named-pipe-wait-guest-string-001.md	artifacts/documentation-archive/20260910/etc/evidence/m0-t290-s3-p13-named-pipe-wait-guest-string-001.md	750	2ec09fd20aaaa81b8c82c4d7e80480d768236855916732b2b8f6bfbcec144ca2
docs/etc/evidence/m0-t290-s3-p14-named-pipe-call-structured-guest-span-001.md	artifacts/documentation-archive/20260910/etc/evidence/m0-t290-s3-p14-named-pipe-call-structured-guest-span-001.md	1136	5bf7b0a75ad8031d2febaba069c6759e9201344e9a551a60eb90fbeb97bedc34
docs/etc/evidence/m0-t290-s3-p15-named-pipe-handle-info-local-disposition-001.md	artifacts/documentation-archive/20260910/etc/evidence/m0-t290-s3-p15-named-pipe-handle-info-local-disposition-001.md	1296	2de72d856c82fa5c3ceef45d88e93b6de3075dee65cea76b7b7ef0223fa58a1a
docs/etc/evidence/m0-t290-s3-p16-command-redirection-handle-identity-001.md	artifacts/documentation-archive/20260910/etc/evidence/m0-t290-s3-p16-command-redirection-handle-identity-001.md	1278	6a9547901b435a98b65619856853d97bc967c15ee18bb86bb85c3e3cdd652553
docs/etc/evidence/m0-t290-s3-p1-redirector-pointer-scope-001.md	artifacts/documentation-archive/20260910/etc/evidence/m0-t290-s3-p1-redirector-pointer-scope-001.md	2027	f449bb74962851d95c0f820741465b9793d26ff93601428d1e991d71cfd19597
docs/etc/evidence/m0-t290-s3-p2-redirector-vrmisc-original-body-001.md	artifacts/documentation-archive/20260910/etc/evidence/m0-t290-s3-p2-redirector-vrmisc-original-body-001.md	1648	f8720c21aa51417379c2956ecba2191513a8c0d411e0bdd3627ea70129974428
docs/etc/evidence/m0-t290-s3-p3-redirector-named-pipe-source-parse-001.md	artifacts/documentation-archive/20260910/etc/evidence/m0-t290-s3-p3-redirector-named-pipe-source-parse-001.md	2088	50052332cd81a10a35b28b259a963bcda35f54cb365c261f80d244e86430f733
docs/etc/evidence/m0-t290-s3-p4-redirector-handle-binding-001.md	artifacts/documentation-archive/20260910/etc/evidence/m0-t290-s3-p4-redirector-handle-binding-001.md	1771	bf2a8d317dc2b36b25629b132283a161710083d985783e021b84c2b284758e8a
docs/etc/evidence/m0-t290-s3-p5-vrinit-vdd-failure-001.md	artifacts/documentation-archive/20260910/etc/evidence/m0-t290-s3-p5-vrinit-vdd-failure-001.md	2753	3772c9413879a627045e3b7d1ea2999fb2363c2b90750f9d064d8ba5fe578eec
docs/etc/evidence/m0-t290-s3-p6-sync-named-pipe-composition-001.md	artifacts/documentation-archive/20260910/etc/evidence/m0-t290-s3-p6-sync-named-pipe-composition-001.md	2184	34621ba921ebc9a668261a4fde6af488e5767665f9821ae43f44c3fe463b54c1
docs/etc/evidence/m0-t290-s3-p7-command-redirection-consumer-001.md	artifacts/documentation-archive/20260910/etc/evidence/m0-t290-s3-p7-command-redirection-consumer-001.md	2462	13cd3e400edf991092bc9df6e3c350c3979b04601d9ff1549a0250a3487f0477
docs/etc/evidence/m0-t290-s3-p8-named-pipe-handle-state-001.md	artifacts/documentation-archive/20260910/etc/evidence/m0-t290-s3-p8-named-pipe-handle-state-001.md	1036	f9a4efc0d489101912930c10ee074e19bf2af97ed097dcf143c6d45cbc309cb3
docs/etc/evidence/m0-t290-s3-p9-named-pipe-info-guest-span-001.md	artifacts/documentation-archive/20260910/etc/evidence/m0-t290-s3-p9-named-pipe-info-guest-span-001.md	1015	1774d56ddbfb4492bcfbbb1f21ae35abacf8717aa62266e5449c72c9a7736457
docs/etc/evidence/m0-t290-s4-async-mailslot-source-abi-audit-001.md	artifacts/documentation-archive/20260910/etc/evidence/m0-t290-s4-async-mailslot-source-abi-audit-001.md	4672	abc30927550b04b7d245f046b5357634bc35922a5d7655ff7ec77b29fab5666a
docs/etc/evidence/m0-t290-s4-mailslot-async-closure-001.md	artifacts/documentation-archive/20260910/etc/evidence/m0-t290-s4-mailslot-async-closure-001.md	2172	55e4d656047d3bec6b589fe3f60e2a2abe3478bfcef38d9e669ae68414d25e8e
docs/etc/evidence/m0-t290-s4-p18-original-mailslot-composition-001.md	artifacts/documentation-archive/20260910/etc/evidence/m0-t290-s4-p18-original-mailslot-composition-001.md	2348	4a677fede55dcd7aaa3c0c9a4233d39ab4db9ef9066ef39829b73924b96c5043
docs/etc/evidence/m0-t290-s4-p19-async-pipe-safe-decline-001.md	artifacts/documentation-archive/20260910/etc/evidence/m0-t290-s4-p19-async-pipe-safe-decline-001.md	2244	87f5381855722cd3082f3bc29bd6f6ed44e9cd435beecf02d9908e05a9beae5c
docs/etc/evidence/m0-t290-s5-p2-vrnetapi-local-source-closure-001.md	artifacts/documentation-archive/20260910/etc/evidence/m0-t290-s5-p2-vrnetapi-local-source-closure-001.md	2385	4a7dd94b837c496b44ffebe1cc351cb72878eee7f0d1b572037015670a4045c4
docs/etc/evidence/m0-t290-s5-p3-vrnetapi-computer-name-source-closure-001.md	artifacts/documentation-archive/20260910/etc/evidence/m0-t290-s5-p3-vrnetapi-computer-name-source-closure-001.md	2321	ac5707d7ab57bd3632952743f4a2c7a164ec20d2fa32a8375720bb0f585a3fcb
docs/etc/evidence/m0-t290-s5-p4-vrnetapi-user-name-source-closure-001.md	artifacts/documentation-archive/20260910/etc/evidence/m0-t290-s5-p4-vrnetapi-user-name-source-closure-001.md	2404	ab831de6db81340b66c59c61b9a74fdb60867dc6d4967d42ed547cc2ad8acf96
docs/etc/evidence/m0-t290-s5-remaining-provider-disposition-closure-001.md	artifacts/documentation-archive/20260910/etc/evidence/m0-t290-s5-remaining-provider-disposition-closure-001.md	2440	3021ff2719265584e0f3c40c81529daea32ffd4b246fce2b3d3db70c9106a4d0
docs/etc/evidence/m0-t290-s5-remaining-provider-source-abi-audit-001.md	artifacts/documentation-archive/20260910/etc/evidence/m0-t290-s5-remaining-provider-source-abi-audit-001.md	3834	be38730284080155f9b675343aeb69bc9678e9f9f14d4745be210446ca82fa30
docs/etc/evidence/m0-t290-s6-redirector-family-closure-001.md	artifacts/documentation-archive/20260910/etc/evidence/m0-t290-s6-redirector-family-closure-001.md	3133	6b9f1d7cc58ff23000c901bddcdb10c09863a210b329f361d14c89ba8646284b
docs/etc/evidence/m0-t291-s1-wow-owner-package-source-abi-audit-001.md	artifacts/documentation-archive/20260910/etc/evidence/m0-t291-s1-wow-owner-package-source-abi-audit-001.md	2621	52f9a7c6abad541f2fea85a37b90976748f17a8ec2e1e8e9a200ed47462365b7
docs/etc/evidence/m0-t291-s2-wow-thunk-frame-interface-recovery-001.md	artifacts/documentation-archive/20260910/etc/evidence/m0-t291-s2-wow-thunk-frame-interface-recovery-001.md	2768	c53d079f448f31c37fd945c4fbf5bf2e46dd98d0b070dd649735b34fe30140d8
docs/etc/evidence/m0-t291-s3-p1-wow-pointer-scope-001.md	artifacts/documentation-archive/20260910/etc/evidence/m0-t291-s3-p1-wow-pointer-scope-001.md	2184	f9b0676c0e8bbeedabb9df5c594287a51e1dd2e496599ec31fc564d1ef84d3eb
docs/etc/evidence/m0-t291-s3-p2-wow-task-frame-projection-001.md	artifacts/documentation-archive/20260910/etc/evidence/m0-t291-s3-p2-wow-task-frame-projection-001.md	1274	881d6e783430b3233c9852d9877534c54b8cd2c59270cd5895ac6883d13e695e
docs/etc/evidence/m0-t291-s3-p3-wow-callback-route-001.md	artifacts/documentation-archive/20260910/etc/evidence/m0-t291-s3-p3-wow-callback-route-001.md	1761	4ecea844911e6a3d20d4477ee00fbd36d8d9588ee9e927f47c847741e0d97577
docs/etc/evidence/m0-t291-s3-p4-wow-callback-guest-frame-001.md	artifacts/documentation-archive/20260910/etc/evidence/m0-t291-s3-p4-wow-callback-guest-frame-001.md	2395	98ec8585cbfbf0e1a8067fa9492c51e7cd4a876e5c51f7f8cd55d0b2ac72958c
docs/etc/evidence/m0-t291-s3-p5-wow-stack-simulation-boundary-001.md	artifacts/documentation-archive/20260910/etc/evidence/m0-t291-s3-p5-wow-stack-simulation-boundary-001.md	2486	78662fa371c46a7c7c6e2f72046462e846e32f87e10fc1f1e841d2bcb2d1412b
docs/etc/evidence/m0-t291-s3-wow-frame-callback-foundation-closure-001.md	artifacts/documentation-archive/20260910/etc/evidence/m0-t291-s3-wow-frame-callback-foundation-closure-001.md	1846	45060644e25ad19bd367e07bc471fc102c7bdd187e0a8775465a2a460b6896f5
docs/etc/evidence/m0-t291-s4-control-plane-separation-closure-001.md	artifacts/documentation-archive/20260910/etc/evidence/m0-t291-s4-control-plane-separation-closure-001.md	1799	614f3e1253afe6178d5d32f87fd40c5264c376ab3fdde9693dd9a103bc65cfee
docs/etc/evidence/m0-t291-s4-p1-vdm-control-capability-separation-001.md	artifacts/documentation-archive/20260910/etc/evidence/m0-t291-s4-p1-vdm-control-capability-separation-001.md	1725	b5060038aa25819a757ef56ecb1f51c967c2798a302c811df13a9fe1effb3055
docs/etc/evidence/m0-t291-s4-p2-command-provider-separation-001.md	artifacts/documentation-archive/20260910/etc/evidence/m0-t291-s4-p2-command-provider-separation-001.md	2028	4706628d9f5df11bdf4b14db3f279735b60e9c13202e50d7c8b307efede69f16
docs/etc/evidence/m0-t291-s4-p3-host-simulate-postcondition-audit-001.md	artifacts/documentation-archive/20260910/etc/evidence/m0-t291-s4-p3-host-simulate-postcondition-audit-001.md	1343	02cf1fa6c85b82c36f67d165450e29fbb850d6292cbb57bc35d17600b85b7a76
docs/etc/evidence/m0-t291-s4-p4-wow-task-lifecycle-limit-001.md	artifacts/documentation-archive/20260910/etc/evidence/m0-t291-s4-p4-wow-task-lifecycle-limit-001.md	1510	26ab40b539367b22c865705d17fb2c5a3643c0d1e2b9eef2aff99fb07d39e0ac
docs/etc/evidence/m0-t291-s5-p1-command-broker-source-abi-audit-001.md	artifacts/documentation-archive/20260910/etc/evidence/m0-t291-s5-p1-command-broker-source-abi-audit-001.md	1309	028b2e523aa0a480cd6a2655615233c4a854d8d5f0804b01f0db35f5dbbff00b
docs/etc/evidence/m0-t291-s5-p2-basesrv-source-package-audit-001.md	artifacts/documentation-archive/20260910/etc/evidence/m0-t291-s5-p2-basesrv-source-package-audit-001.md	3278	e974d1005db2a26603b186e23d9fb6c3f46056792cea1b2429cf8ed7d0100b8d
docs/etc/evidence/m0-t291-s5-p3-basesrv-source-import-001.md	artifacts/documentation-archive/20260910/etc/evidence/m0-t291-s5-p3-basesrv-source-import-001.md	1816	f6460c6d8cde1983782d1812408baba10e0a5f0b94603c90bb0c6202b9f27b5a
docs/etc/evidence/m0-t291-s5-p5-base-vdm-vertical-slice-audit-001.md	artifacts/documentation-archive/20260910/etc/evidence/m0-t291-s5-p5-base-vdm-vertical-slice-audit-001.md	3860	085b4da7da0009b7140b848cc947c84694bddcd8c637e32aecaec7327659bffb
docs/etc/evidence/m0-t291-s5-p5-build-profile-disposition-001.md	artifacts/documentation-archive/20260910/etc/evidence/m0-t291-s5-p5-build-profile-disposition-001.md	1042	7eee53fac084198c83a0965d8b807e4c2195d0f2f380c2b800a5c166ffe1a006
docs/etc/evidence/m0-t291-s5-p5-external-file-disposition-001.md	artifacts/documentation-archive/20260910/etc/evidence/m0-t291-s5-p5-external-file-disposition-001.md	3186	d6f0ecacc77a6e5ff250bb63b831b5914f3ebebf5ed5e6e813c2848f3bba286d
docs/etc/evidence/m0-t291-s5-p5-reached-interface-correlation-audit-001.md	artifacts/documentation-archive/20260910/etc/evidence/m0-t291-s5-p5-reached-interface-correlation-audit-001.md	2364	862b5ef549fc973df2443bd2c6533ddc0150e027d724522e831d19d7c8896603
docs/etc/evidence/m0-t291-s5-p5-t276-live-ledger-reconciliation-001.md	artifacts/documentation-archive/20260910/etc/evidence/m0-t291-s5-p5-t276-live-ledger-reconciliation-001.md	2314	4f7bbab16dc42e4a6141bd385a692309a278a107a34262ee175458c1170000ac
docs/etc/evidence/m0-t292-s1-function-file-first-hop-closure-001.md	artifacts/documentation-archive/20260910/etc/evidence/m0-t292-s1-function-file-first-hop-closure-001.md	2674	9219fb4042cdf5f4d1aca2124e97250edda74721f8c4dc840876c8d0f799f354
docs/etc/evidence/m0-t292-s1-semantic-first-hop-closure-001.md	artifacts/documentation-archive/20260910/etc/evidence/m0-t292-s1-semantic-first-hop-closure-001.md	4215	643e9592b42eb0127eb3438c2323a5e55afbe3245d7f9b251e1ec01127ea8451
docs/etc/evidence/m0-t292-s1-stage-one-egress-inventory-closure-001.md	artifacts/documentation-archive/20260910/etc/evidence/m0-t292-s1-stage-one-egress-inventory-closure-001.md	4420	d4cfb482c6ccbae022bdc0eb9de40ac9f23f45c1db2e9f05f59a94319e566715
docs/etc/evidence/m0-t293-s1-p1-zero-degree-export-001.md	artifacts/documentation-archive/20260910/etc/evidence/m0-t293-s1-p1-zero-degree-export-001.md	2489	4eea13c4586384681a9f0364b932bcb41c62c6bfa52a8da2fac7e41f3d75a118
docs/etc/evidence/m0-t293-s1-p2-zero-degree-identity-closure-001.md	artifacts/documentation-archive/20260910/etc/evidence/m0-t293-s1-p2-zero-degree-identity-closure-001.md	2826	c8754cb62a76de6107f2fce9cd79c55cd286f3a82e16f19d0b11bfd1ea3c8294
docs/etc/evidence/m0-t294-s1-first-degree-function-audit-closure-001.md	artifacts/documentation-archive/20260910/etc/evidence/m0-t294-s1-first-degree-function-audit-closure-001.md	4156	f74824d392fb71a72f745764e3cb732b1ae2ca9bc08bf76586a83b90256a60ec
docs/etc/evidence/m0-t295-s1-degree-frontier-correction-001.md	artifacts/documentation-archive/20260910/etc/evidence/m0-t295-s1-degree-frontier-correction-001.md	2506	854a190d1ce197c6b9a4848ce666e74737ac34beb04889d4117bfac6b348c6bd
docs/etc/evidence/m0-t296-s1-tools16-import-closure-001.md	artifacts/documentation-archive/20260910/etc/evidence/m0-t296-s1-tools16-import-closure-001.md	1613	5848c04329701836338ab7386bfa4d31170dc4ee59e060f118afa2f9245ba02f
docs/etc/evidence/m0-t297-s1-guest-root-recovery-closure-001.md	artifacts/documentation-archive/20260910/etc/evidence/m0-t297-s1-guest-root-recovery-closure-001.md	1851	a0c78e7da459e51372e83c22c58d2107e18287932eade43eaaab9da43c4391a1
docs/etc/evidence/m0-t298-s1-zero-degree-canonicalization-closure-001.md	artifacts/documentation-archive/20260910/etc/evidence/m0-t298-s1-zero-degree-canonicalization-closure-001.md	2476	de160ce4359348e7e3f8ff3f5550d6b62f3297fb9c75a101c1e6cd423218e74e
docs/etc/evidence/m0-t299-s1-canonical-first-degree-audit-closure-001.md	artifacts/documentation-archive/20260910/etc/evidence/m0-t299-s1-canonical-first-degree-audit-closure-001.md	2846	04591824fe7c53c1b75e8b74c9b75a3a2f0447c1a3bd906c2a6b448f2270dd76
docs/etc/evidence/m0-t299-s2-call-site-identity-normalization-closure-001.md	artifacts/documentation-archive/20260910/etc/evidence/m0-t299-s2-call-site-identity-normalization-closure-001.md	1621	daf2e48a01743f6a6440169399992b4b08e08200ae19fa14e49439af6a3e59cc
docs/etc/evidence/m0-t299-s3-missing-definition-normalization-closure-001.md	artifacts/documentation-archive/20260910/etc/evidence/m0-t299-s3-missing-definition-normalization-closure-001.md	1249	ca4f327a66674d21edbfe88b8761b41e36bf73224d45a85cc6b79b0e0c3e85ba
docs/etc/evidence/m0-t299-s4-first-degree-translation-unit-closure-001.md	artifacts/documentation-archive/20260910/etc/evidence/m0-t299-s4-first-degree-translation-unit-closure-001.md	1755	4a5a6b4a3f2ecd5b3e5ad421a99455a161384e7d04ef280c9ebba08884cf2b01
docs/etc/evidence/m0-t299-s5-parser-control-construct-correction-001.md	artifacts/documentation-archive/20260910/etc/evidence/m0-t299-s5-parser-control-construct-correction-001.md	832	431b3569987fdbabb00d8532a8d102fc112844ee689feca9fa9c74648ec7de75
docs/etc/evidence/m0-t299-s6-definition-body-binding-correction-001.md	artifacts/documentation-archive/20260910/etc/evidence/m0-t299-s6-definition-body-binding-correction-001.md	958	9e16ef593ef08033b8cf5173f712f9fd7c82d064d01653287e14848932f30fdc
docs/etc/evidence/m0-t300-s1-mvdm-local-call-closure-closure-001.md	artifacts/documentation-archive/20260910/etc/evidence/m0-t300-s1-mvdm-local-call-closure-closure-001.md	2034	6df14f3f45d8adcee79f85e5f236750c30ac419a924aeac495e4f8feb40b4bcb
docs/etc/evidence/m0-t300-s1-mvdm-local-closure-preliminary-001.md	artifacts/documentation-archive/20260910/etc/evidence/m0-t300-s1-mvdm-local-closure-preliminary-001.md	3094	e56f9f4b721517ddd89c268b9dbb0fd4094b64a1daab39e3a4d7bbbe6c1e40f2
docs/etc/evidence/m0-t301-owner-directed-package-first-queue-replan-001.md	artifacts/documentation-archive/20260910/etc/evidence/m0-t301-owner-directed-package-first-queue-replan-001.md	2995	acb54d8bb197618a94bf1c7624c14afb159980421043ec2efcc859ac17ca9c30
docs/etc/evidence/m0-t301-s1-p10-original-mvdm-signature-gate-001.md	artifacts/documentation-archive/20260910/etc/evidence/m0-t301-s1-p10-original-mvdm-signature-gate-001.md	1744	cb73bfaa1ce327946e8965338a5173e669598956ff017ae88698b4e32ac3d16f
docs/etc/evidence/m0-t301-s1-p11-full-mvdm-rebase-expansion-001.md	artifacts/documentation-archive/20260910/etc/evidence/m0-t301-s1-p11-full-mvdm-rebase-expansion-001.md	1696	5d3b038e7603f0e9f691dd42871dcf894f62e22d706a3a1868e571ee801cd24a
docs/etc/evidence/m0-t301-s1-p12-expanded-internal-edge-gate-001.md	artifacts/documentation-archive/20260910/etc/evidence/m0-t301-s1-p12-expanded-internal-edge-gate-001.md	1086	a71199c4f4bfc5ab04eb696c2bb69ab810030af2998fe34923244cde28a2737f
docs/etc/evidence/m0-t301-s1-p13-rebased-mvdm-degree-frontier-001.md	artifacts/documentation-archive/20260910/etc/evidence/m0-t301-s1-p13-rebased-mvdm-degree-frontier-001.md	1399	038af58dc143c058933b50d8d9f7a56cb3ac703c19524b439c00ad06a1680dea
docs/etc/evidence/m0-t301-s1-p14-rebased-global-source-map-001.md	artifacts/documentation-archive/20260910/etc/evidence/m0-t301-s1-p14-rebased-global-source-map-001.md	1452	33d0e66d04df45323ea126f5068bbff69542d51a25c3488156444d67ee221992
docs/etc/evidence/m0-t301-s1-p15-zero-degree-legality-closure-001.md	artifacts/documentation-archive/20260910/etc/evidence/m0-t301-s1-p15-zero-degree-legality-closure-001.md	2010	97f8e9887c670c67d887679c63cc061691b2605e9a26c5b3d81ae206511a77fe
docs/etc/evidence/m0-t301-s1-p16-current-first-degree-frontier-001.md	artifacts/documentation-archive/20260910/etc/evidence/m0-t301-s1-p16-current-first-degree-frontier-001.md	1422	a4bc0eeae8327cf1ca261863fdf2913b2d3682eba51973a7c67b554c33e278f6
docs/etc/evidence/m0-t301-s1-p16-zero-root-membership-correction-001.md	artifacts/documentation-archive/20260910/etc/evidence/m0-t301-s1-p16-zero-root-membership-correction-001.md	1582	fb235d1a0696a48493f6ce4e53844a88e6f63e506750bcdfb018e60bfd246800
docs/etc/evidence/m0-t301-s1-p17-softpc-second-executor-cut-001.md	artifacts/documentation-archive/20260910/etc/evidence/m0-t301-s1-p17-softpc-second-executor-cut-001.md	1866	023210564abcb541138d5834e1c53697e1671e34fb8c6c641f60156bd34132a8
docs/etc/evidence/m0-t301-s1-p18-one-ledger1-definition-resolution-001.md	artifacts/documentation-archive/20260910/etc/evidence/m0-t301-s1-p18-one-ledger1-definition-resolution-001.md	1964	d9e20aeefbf072273decb658a877234ca30c79b4b5d67193c6c35d300418c5ae
docs/etc/evidence/m0-t301-s1-p19-one-ledger1-declaration-binding-001.md	artifacts/documentation-archive/20260910/etc/evidence/m0-t301-s1-p19-one-ledger1-declaration-binding-001.md	1412	dff6224893988d960809d1c75bf0d704df32d2493dd698d6e7ed618f533d49cb
docs/etc/evidence/m0-t301-s1-p1-first-degree-include-frontier-001.md	artifacts/documentation-archive/20260910/etc/evidence/m0-t301-s1-p1-first-degree-include-frontier-001.md	1578	21482f2f3594f3381ec1f772626ac14444639f7503b589cf7665ae7c9bff3713
docs/etc/evidence/m0-t301-s1-p20-one-ledger1-signature-gate-001.md	artifacts/documentation-archive/20260910/etc/evidence/m0-t301-s1-p20-one-ledger1-signature-gate-001.md	896	67aabd39cc35f041bb368c898ef7e2a90ae420851837734985ddc43dd26399f4
docs/etc/evidence/m0-t301-s1-p21-opennt-src-2-mvdm-supplement-001.md	artifacts/documentation-archive/20260910/etc/evidence/m0-t301-s1-p21-opennt-src-2-mvdm-supplement-001.md	2151	4bfefa31f8da9e704aa4717a6a1e84ba6b210b9ad3b4b470b5b94b8216f2f644
docs/etc/evidence/m0-t301-s1-p2-first-degree-declaration-frontier-001.md	artifacts/documentation-archive/20260910/etc/evidence/m0-t301-s1-p2-first-degree-declaration-frontier-001.md	1031	04d5b0e49a197d6b2ee7271d0df63861dc2c0a95b7a72c0c6d2b4a3f0779b021
docs/etc/evidence/m0-t301-s1-p3-prior-definition-identity-crosswalk-001.md	artifacts/documentation-archive/20260910/etc/evidence/m0-t301-s1-p3-prior-definition-identity-crosswalk-001.md	662	39f07f8fe438b7518465be2d626993104d56830f20da42b29c0236ee41ef4b6c
docs/etc/evidence/m0-t301-s1-p4-direct-call-normalization-001.md	artifacts/documentation-archive/20260910/etc/evidence/m0-t301-s1-p4-direct-call-normalization-001.md	1792	5d5a9d9c8029fbc46db7acc4a8a77dd57ed8fb7cc16f09b716d804467337108c
docs/etc/evidence/m0-t301-s1-p5-mvdm-source-union-correction-001.md	artifacts/documentation-archive/20260910/etc/evidence/m0-t301-s1-p5-mvdm-source-union-correction-001.md	1054	713189f8aa84280d55bc0b339cad957b5fef4135b6bab72cfbf55ad977852811
docs/etc/evidence/m0-t301-s1-p6-declaration-shape-partition-001.md	artifacts/documentation-archive/20260910/etc/evidence/m0-t301-s1-p6-declaration-shape-partition-001.md	841	070fbadefdb3a10f6ef6846cf1e9c24c35a2493bc81a807b72db8d87ba10461b
docs/etc/evidence/m0-t301-s1-p7-original-mvdm-definition-index-001.md	artifacts/documentation-archive/20260910/etc/evidence/m0-t301-s1-p7-original-mvdm-definition-index-001.md	2340	5ab97e892ef1c88dcf21c67fedf4736927fc146662ca7403d0d318eda5f965dd
docs/etc/evidence/m0-t301-s1-p8-physical-call-definition-crosswalk-001.md	artifacts/documentation-archive/20260910/etc/evidence/m0-t301-s1-p8-physical-call-definition-crosswalk-001.md	1991	d32c789ab3111b043cd22ecc11d8081930034a024a7e03c9c1075fe2ebc9cb22
docs/etc/evidence/m0-t301-s1-p9-original-mvdm-binding-gate-001.md	artifacts/documentation-archive/20260910/etc/evidence/m0-t301-s1-p9-original-mvdm-binding-gate-001.md	1673	cba92b8f9661c005c1b3bd5a206d28f43f82a2044401d36ca0393fe7f0e08566
docs/etc/evidence/m0-t301-s1-parser-type-keyword-correction-001.md	artifacts/documentation-archive/20260910/etc/evidence/m0-t301-s1-parser-type-keyword-correction-001.md	545	e4b33662ad7e8289e3d9376388408d61ed5b20f83c69788aadaaa96e81afca52
docs/etc/evidence/m0-t302-s1-base-vdm-protocol-boundary-audit-001.md	artifacts/documentation-archive/20260910/etc/evidence/m0-t302-s1-base-vdm-protocol-boundary-audit-001.md	3126	ef23fa23edbe94e2f747b30472f5a8a070c048b55eacb435a6aa1d80f9156cb5
docs/etc/evidence/m0-t302-s2-p1-local-basesrv-record-migration-001.md	artifacts/documentation-archive/20260910/etc/evidence/m0-t302-s2-p1-local-basesrv-record-migration-001.md	2349	8eacb7e8181ba0028c9935c9dd298ed043dd1ee688af461181c7e522ac5967a6
docs/etc/evidence/m0-t302-s2-p2-baseclient-local-facade-001.md	artifacts/documentation-archive/20260910/etc/evidence/m0-t302-s2-p2-baseclient-local-facade-001.md	2324	b2e59369b3aaea6a1f15b3e09dcf60d0705b8a070c26c5b80048f08dadd41587
docs/etc/evidence/m0-t303-s1-first-slice-mechanical-contract-audit-001.md	artifacts/documentation-archive/20260910/etc/evidence/m0-t303-s1-first-slice-mechanical-contract-audit-001.md	2970	e616ee4c239c29b177a410eda2fd28bd9c319df783223a0db9c8a64ca4d597e7
docs/etc/evidence/m0-t303-s2-typed-resume-contract-closure-001.md	artifacts/documentation-archive/20260910/etc/evidence/m0-t303-s2-typed-resume-contract-closure-001.md	2153	eae907d43a364c824eead4177c145ac37d5a86c3ae92ec3f11d97244140302df
docs/etc/evidence/m0-t304-s1-machine-event-ingress-audit-001.md	artifacts/documentation-archive/20260910/etc/evidence/m0-t304-s1-machine-event-ingress-audit-001.md	2884	ec531109cada3ca92bd7bdef1ddcf1131dc23e3e15b4fb9d0b37b6c13e113aac
docs/etc/evidence/m0-t304-s2-fixed-width-machine-event-closure-001.md	artifacts/documentation-archive/20260910/etc/evidence/m0-t304-s2-fixed-width-machine-event-closure-001.md	2488	dd4edcced61ead170ba0854f8a37a8bb2bd3c3115ddf03b09351dcc5cec034fd
docs/etc/evidence/m0-t305-s1-dispatcher-boundary-audit-001.md	artifacts/documentation-archive/20260910/etc/evidence/m0-t305-s1-dispatcher-boundary-audit-001.md	5083	7a40e8469e3cd7d9779d1aafab6717f09fd2940cfed2cebdbc8831aa32d30772
docs/etc/evidence/m0-t306-s1-baseclient-cohort-boundary-audit-001.md	artifacts/documentation-archive/20260910/etc/evidence/m0-t306-s1-baseclient-cohort-boundary-audit-001.md	3701	1318f65341cf70d0a89033e902713e815d4022465f46c56490ad91e962acd291
docs/etc/evidence/m0-t306-s1-crt-cohort-boundary-audit-001.md	artifacts/documentation-archive/20260910/etc/evidence/m0-t306-s1-crt-cohort-boundary-audit-001.md	943	86851288574249f405f589085ef366d2d513cf0cb6dc08a57684397ffe899582
docs/etc/evidence/m0-t306-s1-external-frontier-disposition-closure-001.md	artifacts/documentation-archive/20260910/etc/evidence/m0-t306-s1-external-frontier-disposition-closure-001.md	2409	a31588ff2d4e6e42b108254be10c55162cea8b2fa6f813ea876a3e2638da5ff3
docs/etc/evidence/m0-t306-s1-frontier-input-integrity-001.md	artifacts/documentation-archive/20260910/etc/evidence/m0-t306-s1-frontier-input-integrity-001.md	2952	b0e213565c3ddaa1467c62e86ab5c530c3b72da367ef676816fe95bc9a36fa70
docs/etc/evidence/m0-t306-s1-mvdm-machine-cohort-rebase-001.md	artifacts/documentation-archive/20260910/etc/evidence/m0-t306-s1-mvdm-machine-cohort-rebase-001.md	2385	e0ab9c62cfcba510d66d040973d03962b9e3e935899a5558622c9d33c7ecd322
docs/etc/evidence/m0-t306-s1-netapi-cohort-boundary-audit-001.md	artifacts/documentation-archive/20260910/etc/evidence/m0-t306-s1-netapi-cohort-boundary-audit-001.md	3518	714739911d6bf0533d0457d0984faacbf634cb1d371a7d0bfdde451f0d7adb33
docs/etc/evidence/m0-t306-s1-ole-csr-cohort-correction-001.md	artifacts/documentation-archive/20260910/etc/evidence/m0-t306-s1-ole-csr-cohort-correction-001.md	2274	5c69015080f8282b2c3cb5ca8d39af841919d3eed8d0778476e4e17f868772fe
docs/etc/evidence/m0-t306-s1-signature-seed-package-partition-001.md	artifacts/documentation-archive/20260910/etc/evidence/m0-t306-s1-signature-seed-package-partition-001.md	2464	3b4d7f4471eb473f969d56def7feb274029c3ed901b46755778888eb533e39c5
docs/etc/evidence/m0-t307-s1-p1-base-vdm-dos-contract-001.md	artifacts/documentation-archive/20260910/etc/evidence/m0-t307-s1-p1-base-vdm-dos-contract-001.md	3028	d3420470deaae53db5b2ada8d0498732ba8345d4f9fc16e9449859f6dd450c7c
docs/etc/evidence/m0-t308-s1-monitor-ntvdmcontrol-contract-001.md	artifacts/documentation-archive/20260910/etc/evidence/m0-t308-s1-monitor-ntvdmcontrol-contract-001.md	1876	518c11605a21fc3bc3fafd8feb2bf2c9424f1fc11998c763ba44b3f605265a57
docs/etc/evidence/m0-t309-s1-dem-command-ingress-closure-audit-001.md	artifacts/documentation-archive/20260910/etc/evidence/m0-t309-s1-dem-command-ingress-closure-audit-001.md	4469	85e8320e90154772f60a96d112046ddce4bb0e6ed2c7b3bf90924804c5cf722c
docs/etc/evidence/m0-t309-s2-p3-error-source-boundary-audit-001.md	artifacts/documentation-archive/20260910/etc/evidence/m0-t309-s2-p3-error-source-boundary-audit-001.md	2549	13f84a113e07ee3064b4ca4aac911f397f8981203279b2c59df73386ac7bd1b7
docs/etc/evidence/m0-t309-s2-p3-event-host-lpt-source-boundary-audit-001.md	artifacts/documentation-archive/20260910/etc/evidence/m0-t309-s2-p3-event-host-lpt-source-boundary-audit-001.md	2995	25ce3f68b9675dca248867fa8d3b4c48d50a570e0d080831c0006c3c459e813b
docs/etc/evidence/m0-t309-s2-p3-msscs-source-boundary-audit-001.md	artifacts/documentation-archive/20260910/etc/evidence/m0-t309-s2-p3-msscs-source-boundary-audit-001.md	2318	65e1a2eeea603029f210604cc27ce6fd9585d5346d1183c8669448d930df3a5d
docs/etc/evidence/m0-t309-s2-p3-pif-source-composition-audit-001.md	artifacts/documentation-archive/20260910/etc/evidence/m0-t309-s2-p3-pif-source-composition-audit-001.md	3059	ffe391f67ab7a3ac38a7727323b66902f36a3ee80a6837789f31fa540c0f7756
docs/etc/evidence/m0-t309-s2-p3-provider-residual-owner-ledger.tsv	artifacts/documentation-archive/20260910/etc/evidence/m0-t309-s2-p3-provider-residual-owner-ledger.tsv	33525	8adcff9f833818ca8c9c3047ed9a058b523231607e94869e62982588e8bd2f95
docs/etc/evidence/m0-t309-s2-p3-residual-owner-first-pass-001.md	artifacts/documentation-archive/20260910/etc/evidence/m0-t309-s2-p3-residual-owner-first-pass-001.md	3305	5aae55fd6b6d3fd68ce4ad4275881e49945b56c54ad6a1986613402006366060
docs/etc/evidence/m0-t309-s2-provider-cohort-build-audit-001.md	artifacts/documentation-archive/20260910/etc/evidence/m0-t309-s2-provider-cohort-build-audit-001.md	3621	96c1ca4622519dde4b278de3a5f7e3918f8a09a2818ed388d8b5c85d6dceab1d
docs/etc/evidence/m0-t310-s10-ccpu-sas-monitor-vector-contract-001.md	artifacts/documentation-archive/20260910/etc/evidence/m0-t310-s10-ccpu-sas-monitor-vector-contract-001.md	1490	9cf7da28b72dd09096e092f98d912f4204f132029e37f8a0f2f47aa616eb5ebd
docs/etc/evidence/m0-t310-s11-ccpu-effective-address-contract-001.md	artifacts/documentation-archive/20260910/etc/evidence/m0-t310-s11-ccpu-effective-address-contract-001.md	2372	74eb8b81c1e1939e42519be0d24c81ba2c3c7e29578d17a9d61c5d56b6a4bf5a
docs/etc/evidence/m0-t310-s12-ccpu-extended-bop-default-contract-001.md	artifacts/documentation-archive/20260910/etc/evidence/m0-t310-s12-ccpu-extended-bop-default-contract-001.md	2567	f36502253b407790cee5ab5a3fcafc343d1b357520919d4a705dc9f3b15df264
docs/etc/evidence/m0-t310-s13-sas-memory-contract-001.md	artifacts/documentation-archive/20260910/etc/evidence/m0-t310-s13-sas-memory-contract-001.md	2593	270049084be7a0d3d466861f16552ff7919cee84d88b973012803b7350ef976d
docs/etc/evidence/m0-t310-s14-memory-mapping-bindings-contract-001.md	artifacts/documentation-archive/20260910/etc/evidence/m0-t310-s14-memory-mapping-bindings-contract-001.md	2629	05ae98f16c40c5223f1375fcc6b77ccbc9f81f9d58d6ac4bed12046fe645ee8a
docs/etc/evidence/m0-t310-s15-p1-xms-source-closure-001.md	artifacts/documentation-archive/20260910/etc/evidence/m0-t310-s15-p1-xms-source-closure-001.md	1113	0881f9f57824486b511370d1a8c9fd7a6013889d021f66c461f98f61dff5afcc
docs/etc/evidence/m0-t310-s15-p2-x86-profile-boundary-001.md	artifacts/documentation-archive/20260910/etc/evidence/m0-t310-s15-p2-x86-profile-boundary-001.md	1970	483b3eec0878a4495428146e17fd3e8337d72eec7b3a5d0d0102d9da8cebfa8f
docs/etc/evidence/m0-t310-s15-p3-xms-original-owner-assembly-001.md	artifacts/documentation-archive/20260910/etc/evidence/m0-t310-s15-p3-xms-original-owner-assembly-001.md	3007	c8d92b5ab596995f197ba75040164f7a83efd11cddc9f3ec9c5833e8d8b5db45
docs/etc/evidence/m0-t310-s15-p4-xms-contract-disposition-001.md	artifacts/documentation-archive/20260910/etc/evidence/m0-t310-s15-p4-xms-contract-disposition-001.md	1860	87afe649a68322252b6667d07e810d5dcfad054df0ab3bfb4d64cf3f185d31ba
docs/etc/evidence/m0-t310-s15-p5-xms-package-closure-001.md	artifacts/documentation-archive/20260910/etc/evidence/m0-t310-s15-p5-xms-package-closure-001.md	2176	8ad1fb18c3140f39961b00b71809055ad04b290396d7a40c5e6051f4b3018587
docs/etc/evidence/m0-t310-s15-xms-owner-contract-ledger-001.tsv	artifacts/documentation-archive/20260910/etc/evidence/m0-t310-s15-xms-owner-contract-ledger-001.tsv	6002	3db1b5ce8493ca0b1b26255f789c0e5aff0a5c17653786b9f17355f81d13f0b7
docs/etc/evidence/m0-t310-s16-p1-bios-firmware-owner-audit-001.md	artifacts/documentation-archive/20260910/etc/evidence/m0-t310-s16-p1-bios-firmware-owner-audit-001.md	3012	cddc090bcb6f3db481a57667400a5109f321872f4a020fac0fa70cbe27b545dd
docs/etc/evidence/m0-t310-s16-p2-bios-firmware-formal-assembly-001.md	artifacts/documentation-archive/20260910/etc/evidence/m0-t310-s16-p2-bios-firmware-formal-assembly-001.md	1662	be4b89d6b2d88c9a296693ff4e2e2e99b1aeb26600ebb5e8c57f72d7872a17dd
docs/etc/evidence/m0-t310-s16-p3-bios-manifest-owner-ledger-001.tsv	artifacts/documentation-archive/20260910/etc/evidence/m0-t310-s16-p3-bios-manifest-owner-ledger-001.tsv	1898	22a74e74a0f70145dd4e9dafc808b95de0f0e873f0be8e33288de12fd14cc4a5
docs/etc/evidence/m0-t310-s16-p3-bios-reset-dispatch-boundary-001.md	artifacts/documentation-archive/20260910/etc/evidence/m0-t310-s16-p3-bios-reset-dispatch-boundary-001.md	1688	04d0c7d73c2bac048eb721564b1bc472fb9375e37a6a536d48c985298be35b7d
docs/etc/evidence/m0-t310-s16-p4-firmware-resource-write-root-001.md	artifacts/documentation-archive/20260910/etc/evidence/m0-t310-s16-p4-firmware-resource-write-root-001.md	1283	9aa79be4b3e1eaaaef5066abb3bdd619f4acb58a3b92fb51f810695d360b51df
docs/etc/evidence/m0-t310-s16-p5-startup-system-file-disposition-001.md	artifacts/documentation-archive/20260910/etc/evidence/m0-t310-s16-p5-startup-system-file-disposition-001.md	2900	17829eab1a02eaad785f0add2c9519bbde9af1caa1d0a5196ababb3178bb0a64
docs/etc/evidence/m0-t310-s16-p6-bios-firmware-final-disposition-001.md	artifacts/documentation-archive/20260910/etc/evidence/m0-t310-s16-p6-bios-firmware-final-disposition-001.md	2855	a52775d0eb229d828df88179ce90a5c91613e808ed6b333ebf959d414e623f8b
docs/etc/evidence/m0-t310-s17-p1-system-controller-owner-ledger-001.tsv	artifacts/documentation-archive/20260910/etc/evidence/m0-t310-s17-p1-system-controller-owner-ledger-001.tsv	4225	fb4fdb0e2a564fbb0a454b78b14082c05305ca5f4723bad8173ca9118bff5547
docs/etc/evidence/m0-t310-s17-p1-system-controller-source-boundary-001.md	artifacts/documentation-archive/20260910/etc/evidence/m0-t310-s17-p1-system-controller-source-boundary-001.md	2586	63af2b8d622702f688c57edd90ad7e0bcaa103fdbe35d9f9b41d07e9524ef936
docs/etc/evidence/m0-t310-s17-p2-system-controller-contract-disposition-001.tsv	artifacts/documentation-archive/20260910/etc/evidence/m0-t310-s17-p2-system-controller-contract-disposition-001.tsv	3289	e62885d7ace338d06748ec9696a718733ce40b779867b508a4c9b462d0d55111
docs/etc/evidence/m0-t310-s17-p2-system-controller-formal-assembly-001.md	artifacts/documentation-archive/20260910/etc/evidence/m0-t310-s17-p2-system-controller-formal-assembly-001.md	2155	2beaeec643e0e181362f6694fd54608767e837ef14ad64d5bff47fbb2cc32ceb
docs/etc/evidence/m0-t310-s18-p1-host-system-interrupt-boundary-001.tsv	artifacts/documentation-archive/20260910/etc/evidence/m0-t310-s18-p1-host-system-interrupt-boundary-001.tsv	1683	3fb09dd3b0d42b54a6ab974839f1eec480dc37b793dd48b808a79a0128cfed84
docs/etc/evidence/m0-t310-s18-p1-host-system-interrupt-formal-assembly-001.md	artifacts/documentation-archive/20260910/etc/evidence/m0-t310-s18-p1-host-system-interrupt-formal-assembly-001.md	1406	ea904c5e6532e72c8324f7294beed897e26f4ff8252d584d68fd56353089c51e
docs/etc/evidence/m0-t310-s19-p1-input-controller-contract-boundary-001.md	artifacts/documentation-archive/20260910/etc/evidence/m0-t310-s19-p1-input-controller-contract-boundary-001.md	2177	d0b9120e51e1715363726a0151fd0f1db167408326537fb0050e09e13f079ada
docs/etc/evidence/m0-t310-s19-p1-input-controller-contract-boundary-001.tsv	artifacts/documentation-archive/20260910/etc/evidence/m0-t310-s19-p1-input-controller-contract-boundary-001.tsv	2066	d1be877f61f877d388f1d7f1eef0351a47292fe947161a3ab2fa7bb18548e049
docs/etc/evidence/m0-t310-s19-p2-input-controller-x86-assembly-001.md	artifacts/documentation-archive/20260910/etc/evidence/m0-t310-s19-p2-input-controller-x86-assembly-001.md	1399	714ec060b0b7d8d8453b3cabe6e2fa026397eeeb42fc43245fc17ea5dfd80afa
docs/etc/evidence/m0-t310-s19-p3-input-controller-contract-disposition-001.tsv	artifacts/documentation-archive/20260910/etc/evidence/m0-t310-s19-p3-input-controller-contract-disposition-001.tsv	2003	fbbb02d75688e5e356a6a0179fef4cfe5f174613283fbc0cf4a1803f6441e170
docs/etc/evidence/m0-t310-s1-softpc-selectable-backend-audit-001.md	artifacts/documentation-archive/20260910/etc/evidence/m0-t310-s1-softpc-selectable-backend-audit-001.md	6502	a39180a64d82519752ea200a064d1595a0c892d1e94758a18f77bf0af3b5cb40
docs/etc/evidence/m0-t310-s20-p1-console-compat-assembly-001.md	artifacts/documentation-archive/20260910/etc/evidence/m0-t310-s20-p1-console-compat-assembly-001.md	1169	331d0dceca7a0f1840ec9d1ddfa113dc7ca82e028f4792561999b8a8704a9644
docs/etc/evidence/m0-t310-s20-p2-host-input-contract-ledger-001.tsv	artifacts/documentation-archive/20260910/etc/evidence/m0-t310-s20-p2-host-input-contract-ledger-001.tsv	3299	aa4a2f39181008766f798e9923c57c9e4581f4c507c22b9b60e09cefbbe2b537
docs/etc/evidence/m0-t310-s20-p2-host-input-contract-review-001.md	artifacts/documentation-archive/20260910/etc/evidence/m0-t310-s20-p2-host-input-contract-review-001.md	1896	e1cd4e67309e52d2462f6b4cf5fca5ac007113a3cad7d58e967d0a705cd4590a
docs/etc/evidence/m0-t310-s20-p3-console-input-contract-result-001.md	artifacts/documentation-archive/20260910/etc/evidence/m0-t310-s20-p3-console-input-contract-result-001.md	1297	f0ec475ff57d2481f70ec7e17f546d9ed9950643a44b1865821c3be0ec06ef16
docs/etc/evidence/m0-t310-s21-p1-storage-controller-boundary-ledger-001.tsv	artifacts/documentation-archive/20260910/etc/evidence/m0-t310-s21-p1-storage-controller-boundary-ledger-001.tsv	2050	825557a80e3b6d1b0b6e000cce2385a88d64bc368e3e93d749b7533973ed4c4e
docs/etc/evidence/m0-t310-s21-p1-storage-controller-source-boundary-001.md	artifacts/documentation-archive/20260910/etc/evidence/m0-t310-s21-p1-storage-controller-source-boundary-001.md	1306	42dc62c29cb475ef88eae32cb3727a9ab7648d34f53ad7a5e6c6ee7db977f394
docs/etc/evidence/m0-t310-s21-p2-storage-controller-call-contract-001.md	artifacts/documentation-archive/20260910/etc/evidence/m0-t310-s21-p2-storage-controller-call-contract-001.md	1922	0a1aa75c8aaf4925a0f2469e9d20e3354d860d9f177112fcc2487b4b72e9db32
docs/etc/evidence/m0-t310-s21-p3-storage-controller-formal-assembly-001.md	artifacts/documentation-archive/20260910/etc/evidence/m0-t310-s21-p3-storage-controller-formal-assembly-001.md	1959	c7cfe9d576e91ae77ab14c3a8836ab64874b1ad8c1fec750a1bd65ab2e6cd29b
docs/etc/evidence/m0-t310-s22-p1-host-storage-source-boundary-001.md	artifacts/documentation-archive/20260910/etc/evidence/m0-t310-s22-p1-host-storage-source-boundary-001.md	4295	ad67c1e9a91198172f01d6fe78e748c25db155132b5b57894b359acfacf3a74a
docs/etc/evidence/m0-t310-s22-p2-host-storage-binding-and-verification-001.md	artifacts/documentation-archive/20260910/etc/evidence/m0-t310-s22-p2-host-storage-binding-and-verification-001.md	3469	82eb149a5e1b1c89facaa3f45730a2a3701dc183a280913dba5d5cfe9e5a87a1
docs/etc/evidence/m0-t310-s23-p1-comms-controller-source-boundary-001.md	artifacts/documentation-archive/20260910/etc/evidence/m0-t310-s23-p1-comms-controller-source-boundary-001.md	4600	027bf487b9e15d54b32eb54af4df9b6c70550e4350ba9cb42acf58ad39904b7c
docs/etc/evidence/m0-t310-s23-p2-comms-controller-formal-assembly-001.md	artifacts/documentation-archive/20260910/etc/evidence/m0-t310-s23-p2-comms-controller-formal-assembly-001.md	2918	ac99e420f53bb7f11fd9f9be9952af7190bde5c6282a78b0592c7472982d16e2
docs/etc/evidence/m0-t310-s24-p1-host-comms-source-boundary-001.md	artifacts/documentation-archive/20260910/etc/evidence/m0-t310-s24-p1-host-comms-source-boundary-001.md	4741	8aa54f3ce2c4f57d3333c59bda00342f17199949841096cd3ccefdf371df82b8
docs/etc/evidence/m0-t310-s24-p2-host-comms-formal-assembly-001.md	artifacts/documentation-archive/20260910/etc/evidence/m0-t310-s24-p2-host-comms-formal-assembly-001.md	2190	a649acc892e654b6c7b751592cb68288d610f10d76d36211d5872a6d054a7d32
docs/etc/evidence/m0-t310-s25-p1-cvidc-generated-dispatch-source-boundary-001.md	artifacts/documentation-archive/20260910/etc/evidence/m0-t310-s25-p1-cvidc-generated-dispatch-source-boundary-001.md	2171	88ce77db15323acb34a8476c4d6c1e020a500f85639b5f510330b677f0d6bc85
docs/etc/evidence/m0-t310-s25-p2-cvidc-generated-dispatch-formal-assembly-001.md	artifacts/documentation-archive/20260910/etc/evidence/m0-t310-s25-p2-cvidc-generated-dispatch-formal-assembly-001.md	1333	39fb9d4355f0e5e3953543cd153813b58260b9a30a7bc421ed44110b87a2986a
docs/etc/evidence/m0-t310-s26-p1-video-controller-direct-source-boundary-001.md	artifacts/documentation-archive/20260910/etc/evidence/m0-t310-s26-p1-video-controller-direct-source-boundary-001.md	2733	a3272daee6eb2e68ef68e25c54dffbbe8b147071046fcc340fbc96882ab36dee
docs/etc/evidence/m0-t310-s26-p2-video-controller-formal-assembly-001.md	artifacts/documentation-archive/20260910/etc/evidence/m0-t310-s26-p2-video-controller-formal-assembly-001.md	2540	c290fac4cf28e88f89ecdbe52b89fabe2384518faa0261c9dc9a8b3b75a0e617
docs/etc/evidence/m0-t310-s27-p1-host-video-source-boundary-001.md	artifacts/documentation-archive/20260910/etc/evidence/m0-t310-s27-p1-host-video-source-boundary-001.md	2461	c8ee1a4a808e2d44386a85cc78b1be239d8cc136316b56de3823021857617276
docs/etc/evidence/m0-t310-s27-p2-host-video-formal-assembly-001.md	artifacts/documentation-archive/20260910/etc/evidence/m0-t310-s27-p2-host-video-formal-assembly-001.md	2048	16022d8fc2d139fcd6737bbc384a5b9c44bddba0e960401ef678d35a70fbbc4b
docs/etc/evidence/m0-t310-s28-p1-host-platform-source-boundary-001.md	artifacts/documentation-archive/20260910/etc/evidence/m0-t310-s28-p1-host-platform-source-boundary-001.md	2102	2bbd3ec6fb1df7fcc2a90ee041fd44c2e3d81dd37510a7c68bfea7415be59e07
docs/etc/evidence/m0-t310-s28-p2-host-platform-trace-and-idle-assembly-001.md	artifacts/documentation-archive/20260910/etc/evidence/m0-t310-s28-p2-host-platform-trace-and-idle-assembly-001.md	1891	f672ec259ce1fbee234ba299ba581db17f0ae707544faf7fec4e39f41e8dad4b
docs/etc/evidence/m0-t310-s28-p3-host-platform-owner-disposition-001.md	artifacts/documentation-archive/20260910/etc/evidence/m0-t310-s28-p3-host-platform-owner-disposition-001.md	1980	6001aaa8b67f656a3a12490f8e471839e89d17793e160612e729606da98cedff
docs/etc/evidence/m0-t310-s29-p1-host-configuration-source-assembly-001.md	artifacts/documentation-archive/20260910/etc/evidence/m0-t310-s29-p1-host-configuration-source-assembly-001.md	1521	044905b5973a2db8aa99a172c741b72ee134ad5eaf863ef8f61ebe4736f570be
docs/etc/evidence/m0-t310-s2-original-softpc-candidate-build-001.md	artifacts/documentation-archive/20260910/etc/evidence/m0-t310-s2-original-softpc-candidate-build-001.md	3346	398a96ff9360cc89521289b35ef8e7f11693f22e8fbac97e1ae735c94d8819b4
docs/etc/evidence/m0-t310-s2-original-softpc-forced-link-audit-001.md	artifacts/documentation-archive/20260910/etc/evidence/m0-t310-s2-original-softpc-forced-link-audit-001.md	3347	194795bbc3ac0871d9716229aec9c276d44ef84cd484474df8da3a85300692d7
docs/etc/evidence/m0-t310-s30-p1-host-vdd-binding-closure-001.md	artifacts/documentation-archive/20260910/etc/evidence/m0-t310-s30-p1-host-vdd-binding-closure-001.md	2032	081311591116aee8970d9a2e96c9af07291400e24750afbe743033197185829a
docs/etc/evidence/m0-t310-s31-host-bop-source-boundary-001.md	artifacts/documentation-archive/20260910/etc/evidence/m0-t310-s31-host-bop-source-boundary-001.md	2697	58a80948e01368a9af3f5a1bfaf24d4ebd406c01d61276749f31d7a49cc65abe
docs/etc/evidence/m0-t310-s32-other-machine-source-boundary-001.md	artifacts/documentation-archive/20260910/etc/evidence/m0-t310-s32-other-machine-source-boundary-001.md	2494	e9e62488d4009b06ab0eb48ff965f7bb2bf8f45f4af6063cf8f4d7d7b647fa0e
docs/etc/evidence/m0-t310-s33-support-controller-callbacks-closure-001.md	artifacts/documentation-archive/20260910/etc/evidence/m0-t310-s33-support-controller-callbacks-closure-001.md	2087	7da228ee1a2ec8094f66168ce71eadd302fa030d00be88891e2d48fec37685d9
docs/etc/evidence/m0-t310-s34-mvdm-support-library-closure-001.md	artifacts/documentation-archive/20260910/etc/evidence/m0-t310-s34-mvdm-support-library-closure-001.md	3095	3df36f52354147918d0b7d3eb8ea8fc168f361b4d5863e349d77abd2e3bb9881
docs/etc/evidence/m0-t310-s35-mvdm-dos-owner-package-closure-001.md	artifacts/documentation-archive/20260910/etc/evidence/m0-t310-s35-mvdm-dos-owner-package-closure-001.md	3837	c3f122a8937f05cf3fc3583d412a9941c5bd0df4c08c2d0d95f3d172fa532e09
docs/etc/evidence/m0-t310-s36-mvdm-sim32-owner-package-closure-001.md	artifacts/documentation-archive/20260910/etc/evidence/m0-t310-s36-mvdm-sim32-owner-package-closure-001.md	3377	8e619130f1d22a0825e3fbb1076f5662fbad5e647414457124684701144eea21
docs/etc/evidence/m0-t310-s3-selected-backend-lifecycle-001.md	artifacts/documentation-archive/20260910/etc/evidence/m0-t310-s3-selected-backend-lifecycle-001.md	2822	6a02b307d35aebb266ea589193f39072e2c8e009b9b0b999bf636829c9cca2ce
docs/etc/evidence/m0-t310-s4-original-machine-family-audit-001.md	artifacts/documentation-archive/20260910/etc/evidence/m0-t310-s4-original-machine-family-audit-001.md	2453	9ab32c765a5e3853bc1ec4226da5680c2142d04a53fca644da8a59cd57ae6f50
docs/etc/evidence/m0-t310-s4-p2-softpc-executable-source-reclassification-001.md	artifacts/documentation-archive/20260910/etc/evidence/m0-t310-s4-p2-softpc-executable-source-reclassification-001.md	2779	f2032226a03c8b2f74ec839061321c1b484bf7d428d5e4603d7d64da67d09890
docs/etc/evidence/m0-t310-s4-p3-original-init-group-build-001.md	artifacts/documentation-archive/20260910/etc/evidence/m0-t310-s4-p3-original-init-group-build-001.md	2427	c371fa076dc141fc9632a56da41a7d002efd6dbd04922e1ceebc05f6db8a1c3b
docs/etc/evidence/m0-t310-s4-p4-init-group-interface-disposition-001.md	artifacts/documentation-archive/20260910/etc/evidence/m0-t310-s4-p4-init-group-interface-disposition-001.md	2459	2330b94eb205e078bcbc421f59da3af85f3f7e2fdcebda483f3022e931bbab22
docs/etc/evidence/m0-t310-s4-p5-pic-pit-ios-source-composition-001.md	artifacts/documentation-archive/20260910/etc/evidence/m0-t310-s4-p5-pic-pit-ios-source-composition-001.md	3872	585fb535f5e6b3eee44a2c4f27982df5364bf0db898f8050916e26df6e0ce4b4
docs/etc/evidence/m0-t310-s5-ccpu-execution-seam-audit-001.md	artifacts/documentation-archive/20260910/etc/evidence/m0-t310-s5-ccpu-execution-seam-audit-001.md	7950	0f955ddb2c588155200bcf968417292ed88793f51ae6105130cd51fe71dc344c
docs/etc/evidence/m0-t310-s5-ccpu-profile-path-disposition-001.md	artifacts/documentation-archive/20260910/etc/evidence/m0-t310-s5-ccpu-profile-path-disposition-001.md	3373	c2fe706b3945fa95444bb87890d76d9d6f8ec0112234e914656221b728805f09
docs/etc/evidence/m0-t310-s5-ccpu-sas-ram-execution-001.md	artifacts/documentation-archive/20260910/etc/evidence/m0-t310-s5-ccpu-sas-ram-execution-001.md	2186	34b21dd36af53bcb399054c8f0202500f50afc7673da3fb9e2f55d43e8a80785
docs/etc/evidence/m0-t310-s5-ccpu-x64-memory-boundary-audit-001.md	artifacts/documentation-archive/20260910/etc/evidence/m0-t310-s5-ccpu-x64-memory-boundary-audit-001.md	3910	141dd8710476159b349392b2cc51a1f6a329dc388d23e85c366b349e108b45d1
docs/etc/evidence/m0-t310-s5-nonnative-memory-fallback-retirement-001.md	artifacts/documentation-archive/20260910/etc/evidence/m0-t310-s5-nonnative-memory-fallback-retirement-001.md	2888	e36cea2ccb797d2bf9c211801304409abe1bd0628d4450fcc67ab493fef79846
docs/etc/evidence/m0-t310-s6-v86-monitor-profile-removal-001.md	artifacts/documentation-archive/20260910/etc/evidence/m0-t310-s6-v86-monitor-profile-removal-001.md	2588	3d7d3eb0d9e1c32d78a14868af346c7f577cf83f5bffd79c87a90754c90f04a2
docs/etc/evidence/m0-t310-s7-p2-original-machine-host-interface-build-001.md	artifacts/documentation-archive/20260910/etc/evidence/m0-t310-s7-p2-original-machine-host-interface-build-001.md	3251	1c2578aaf3ae2a052bb7f3f3654393869e58736f7c4d423cb01915c5f16f5e91
docs/etc/evidence/m0-t310-s7-physical-page-source-recovery-audit-001.md	artifacts/documentation-archive/20260910/etc/evidence/m0-t310-s7-physical-page-source-recovery-audit-001.md	10300	6c4a4912e7d60858bad942bc36300c6b2646b8d9d24a9d170a0bb7258ef300c8
docs/etc/evidence/m0-t310-s8-fpu-imul-static-contract-disposition-001.md	artifacts/documentation-archive/20260910/etc/evidence/m0-t310-s8-fpu-imul-static-contract-disposition-001.md	1612	fbd7291b43b56c69d2b6abde95c6e68bf83d71ebe7b2edef7040b17537993bc1
docs/etc/evidence/m0-t310-s8-p1-i386-architecture-source-validation-001.md	artifacts/documentation-archive/20260910/etc/evidence/m0-t310-s8-p1-i386-architecture-source-validation-001.md	6574	2ab8c64ffdbdff5a44cc7d1172d7c82b0416e1f99c0c394a05466c02e43a2094
docs/etc/evidence/m0-t310-s8-p2-complete-original-host-package-selection-001.md	artifacts/documentation-archive/20260910/etc/evidence/m0-t310-s8-p2-complete-original-host-package-selection-001.md	2043	0316a9a2b4fa036886dd93c4b1a32cbd1d238e8c8e06c83d5dd02bab99ebfa44
docs/etc/evidence/m0-t310-s8-p2-heartbeat-alert-binding-001.md	artifacts/documentation-archive/20260910/etc/evidence/m0-t310-s8-p2-heartbeat-alert-binding-001.md	3850	70aacf829248851ee11d3218c1df6d4a689b8088157217a8974386331c4032f4
docs/etc/evidence/m0-t310-s8-p2-original-delay-heartbeat-001.md	artifacts/documentation-archive/20260910/etc/evidence/m0-t310-s8-p2-original-delay-heartbeat-001.md	2849	5add68d570ce6e4e1d6494401c5056047f5b984853ee7a1b67c99d1ae768723e
docs/etc/evidence/m0-t310-s8-p2-original-ica-lock-binding-001.md	artifacts/documentation-archive/20260910/etc/evidence/m0-t310-s8-p2-original-ica-lock-binding-001.md	2406	34a03535335655501efd35d1092fa84fe387f518e0b124bce5645b7d31de93c3
docs/etc/evidence/m0-t310-s8-p2-original-vglob-provider-selection-001.md	artifacts/documentation-archive/20260910/etc/evidence/m0-t310-s8-p2-original-vglob-provider-selection-001.md	2635	99b8e9f652e415bfd25de64564916c4d2348b35e39067b88eb9bad2b3660eddf
docs/etc/evidence/m0-t310-s8-p4-ccpu-edl-fast-bop-default-contract-closure-001.md	artifacts/documentation-archive/20260910/etc/evidence/m0-t310-s8-p4-ccpu-edl-fast-bop-default-contract-closure-001.md	2223	147f5412575daec05a86aebe95612f144da4e2774111bdfd4ccd6821c01a8f8d
docs/etc/evidence/m0-t310-s8-p4-ccpu-effective-address-recovery-001.md	artifacts/documentation-archive/20260910/etc/evidence/m0-t310-s8-p4-ccpu-effective-address-recovery-001.md	3874	46f7a3f84e44118ba7775fd555c84467135bc3afa165e3a593f66d72bfdbe991
docs/etc/evidence/m0-t310-s8-p4-ccpu-eflags-contract-closure-001.md	artifacts/documentation-archive/20260910/etc/evidence/m0-t310-s8-p4-ccpu-eflags-contract-closure-001.md	677	3208d24a34a8ca2a7dfce91f88a8752f1177a393bcc06be6637ef52443c0f25e
docs/etc/evidence/m0-t310-s8-p4-ccpu-executor-call-contract-closure-001.md	artifacts/documentation-archive/20260910/etc/evidence/m0-t310-s8-p4-ccpu-executor-call-contract-closure-001.md	6079	4c72ec49315a03be29d568f64d95baa905033368e59dd317b3aca477d5356044
docs/etc/evidence/m0-t310-s8-p4-ccpu-fixed-width-executor-scalar-disposition-002.md	artifacts/documentation-archive/20260910/etc/evidence/m0-t310-s8-p4-ccpu-fixed-width-executor-scalar-disposition-002.md	2970	1a53ad094625adda7e05b25527f7ad6ff52ea77e460e6e4038c23f77126960bf
docs/etc/evidence/m0-t310-s8-p4-ccpu-fixed-width-operand-call-disposition-001.md	artifacts/documentation-archive/20260910/etc/evidence/m0-t310-s8-p4-ccpu-fixed-width-operand-call-disposition-001.md	1324	12595b00f967cfc6624320581871f885cefd360fbf4f3dae8268727110161f25
docs/etc/evidence/m0-t310-s8-p4-ccpu-fixed-width-scalar-disposition-001.md	artifacts/documentation-archive/20260910/etc/evidence/m0-t310-s8-p4-ccpu-fixed-width-scalar-disposition-001.md	1190	75c178056fc3369aa9b7a4013b79209500078bb502a7d7b0f791c1e16cdaf692
docs/etc/evidence/m0-t310-s8-p4-ccpu-fixed-width-signedness-disposition-001.md	artifacts/documentation-archive/20260910/etc/evidence/m0-t310-s8-p4-ccpu-fixed-width-signedness-disposition-001.md	1074	0b34d4233c4482ed3d78e37748a0d1a2fc7557ec8724719aeb28f55bf1024e80
docs/etc/evidence/m0-t310-s8-p4-ccpu-host-getenv-abi-closure-001.md	artifacts/documentation-archive/20260910/etc/evidence/m0-t310-s8-p4-ccpu-host-getenv-abi-closure-001.md	834	0cb35bbb88534b9660aab09ebb5e4f33c38558b3157aad3c20d15fb78b407066
docs/etc/evidence/m0-t310-s8-p4-ccpu-instruction-delta-width-closure-001.md	artifacts/documentation-archive/20260910/etc/evidence/m0-t310-s8-p4-ccpu-instruction-delta-width-closure-001.md	1681	567855a8380b2b400c4ee9a0f8df3ae89a7cde73a3d0df5d2a64585b319d8b98
docs/etc/evidence/m0-t310-s8-p4-ccpu-note486-call-contract-closure-001.md	artifacts/documentation-archive/20260910/etc/evidence/m0-t310-s8-p4-ccpu-note486-call-contract-closure-001.md	1859	f60afbdfe5376323d1acae0097a410c35805c1e5278fa6a4c9ff237442a26ca7
docs/etc/evidence/m0-t310-s8-p4-ccpu-original-call-declaration-closure-001.md	artifacts/documentation-archive/20260910/etc/evidence/m0-t310-s8-p4-ccpu-original-call-declaration-closure-001.md	1455	ff3f80f3ee21968d351d6918c28e8e6f08872888ea5ab06fd8df81ec4921d6dc
docs/etc/evidence/m0-t310-s8-p4-ccpu-private-call-contract-closure-001.md	artifacts/documentation-archive/20260910/etc/evidence/m0-t310-s8-p4-ccpu-private-call-contract-closure-001.md	1955	232b0bee8ba66cda2221cb12bee3732b7bf34632236d27104d06bcadf21aa832
docs/etc/evidence/m0-t310-s8-p4-ccpusas4-x86-x64-classification-001.md	artifacts/documentation-archive/20260910/etc/evidence/m0-t310-s8-p4-ccpusas4-x86-x64-classification-001.md	1731	2988577e0a6f38143332090b711d36af2f74d9dbaa94098946911e463724d9e2
docs/etc/evidence/m0-t310-s8-p4-ccpu-sas-monitor-boundary-audit-001.md	artifacts/documentation-archive/20260910/etc/evidence/m0-t310-s8-p4-ccpu-sas-monitor-boundary-audit-001.md	3946	02331f2ab637197a03392953edba1419b6d3ecedfafd3776c6cbb3dbc8467fc5
docs/etc/evidence/m0-t310-s8-p4-ccpu-vector-defaults-closure-001.md	artifacts/documentation-archive/20260910/etc/evidence/m0-t310-s8-p4-ccpu-vector-defaults-closure-001.md	2846	8ed178e4ad8efeafab8beccbda28f6bf26c648604c2843d4fbd5b7898c162fac
docs/etc/evidence/m0-t310-s8-p4-ccpu-vglob-native-pointer-contract-audit-001.md	artifacts/documentation-archive/20260910/etc/evidence/m0-t310-s8-p4-ccpu-vglob-native-pointer-contract-audit-001.md	1850	c4aefb8319ce83928df3b34a541a2d2b338563eb30dc98322514ca7be6c46a76
docs/etc/evidence/m0-t310-s8-p4-ccpu-video-rule-storage-closure-001.md	artifacts/documentation-archive/20260910/etc/evidence/m0-t310-s8-p4-ccpu-video-rule-storage-closure-001.md	1501	e34f13531503823396b4d985127c56e5010e72e1c54fd5456dc2f8331a15c980
docs/etc/evidence/m0-t310-s8-p4-cmos-reset-call-contract-closure-001.md	artifacts/documentation-archive/20260910/etc/evidence/m0-t310-s8-p4-cmos-reset-call-contract-closure-001.md	683	6f2385273fb3f138f9e8a7a248229f84dd82f25ce1aa89c75b4b44c600e0e842
docs/etc/evidence/m0-t310-s8-p4-command-environment-native-width-closure-001.md	artifacts/documentation-archive/20260910/etc/evidence/m0-t310-s8-p4-command-environment-native-width-closure-001.md	2090	ddfb57e8566b0eb88f47859e693ca5b5cab468e0b8a9d9c60196e5e731c5c577
docs/etc/evidence/m0-t310-s8-p4-command-host-record-alignment-closure-001.md	artifacts/documentation-archive/20260910/etc/evidence/m0-t310-s8-p4-command-host-record-alignment-closure-001.md	1739	89119318102d8abda8757aea378b831e60e7644b919df5447cadfe1865a81c94
docs/etc/evidence/m0-t310-s8-p4-command-multisz-pointer-closure-001.md	artifacts/documentation-archive/20260910/etc/evidence/m0-t310-s8-p4-command-multisz-pointer-closure-001.md	1506	f863b0636250d13e971695468c5603ff830e3a2f8227c8a13423e88f25b812de
docs/etc/evidence/m0-t310-s8-p4-command-pipe-worker-callback-closure-001.md	artifacts/documentation-archive/20260910/etc/evidence/m0-t310-s8-p4-command-pipe-worker-callback-closure-001.md	1642	c4907419dbda2c615a8fadc1b3debe4eafca688f63cfa7da72d0c3662d0c4ec0
docs/etc/evidence/m0-t310-s8-p4-command-rtl-environment-binding-closure-001.md	artifacts/documentation-archive/20260910/etc/evidence/m0-t310-s8-p4-command-rtl-environment-binding-closure-001.md	1511	3d977e3ca11b6d3a28ddf35d4a21a985e0e875d01059185d6218ee2b67665049
docs/etc/evidence/m0-t310-s8-p4-comms-native-transport-closure-001.md	artifacts/documentation-archive/20260910/etc/evidence/m0-t310-s8-p4-comms-native-transport-closure-001.md	1700	3fcfe6eccc8d3d5efa5bde6958f0e3a8575bd970730231db0e6e1401980750d0
docs/etc/evidence/m0-t310-s8-p4-config-scalar-native-width-closure-001.md	artifacts/documentation-archive/20260910/etc/evidence/m0-t310-s8-p4-config-scalar-native-width-closure-001.md	1479	e1668da3a212bd02d4ce312b13fe186149525cf4df90a22d3397a7064ccbbbf9
docs/etc/evidence/m0-t310-s8-p4-configuration-guest-profile-conditional-closure-001.md	artifacts/documentation-archive/20260910/etc/evidence/m0-t310-s8-p4-configuration-guest-profile-conditional-closure-001.md	1615	9271aaf740ce2cc82c35751d30c535bb4c4f3929902d2422cab67d12fbd41b82
docs/etc/evidence/m0-t310-s8-p4-console-menu-call-contract-closure-001.md	artifacts/documentation-archive/20260910/etc/evidence/m0-t310-s8-p4-console-menu-call-contract-closure-001.md	2402	81091ca01078c23d29f8ff77efa7000d360ac709a671f907c7b588b6ddd5286e
docs/etc/evidence/m0-t310-s8-p4-console-registration-abi-disposition-001.md	artifacts/documentation-archive/20260910/etc/evidence/m0-t310-s8-p4-console-registration-abi-disposition-001.md	798	1cfd8a03c31748c738dfa7cc6326ba588911fa15e6441be9f63d846d9c67a9a6
docs/etc/evidence/m0-t310-s8-p4-console-vdm-registration-call-contract-closure-001.md	artifacts/documentation-archive/20260910/etc/evidence/m0-t310-s8-p4-console-vdm-registration-call-contract-closure-001.md	2362	1989669b5222b18827f33c2979a94e8ad5436801efc8d857e2d26e9f7129bde9
docs/etc/evidence/m0-t310-s8-p4-copy-fill-current-source-revalidation-001.md	artifacts/documentation-archive/20260910/etc/evidence/m0-t310-s8-p4-copy-fill-current-source-revalidation-001.md	1013	582c829db3832634dbe90d88482450295c495a85c96f0a0afc3d84855efe916e
docs/etc/evidence/m0-t310-s8-p4-copy-fnc-native-alignment-closure-001.md	artifacts/documentation-archive/20260910/etc/evidence/m0-t310-s8-p4-copy-fnc-native-alignment-closure-001.md	1511	a5f81f362cfeb385f9dacd7d8eadcae8d80e0aadc73aed9adce865995bd4d5c5
docs/etc/evidence/m0-t310-s8-p4-cvidc-direct-pointer-profile-closure-001.md	artifacts/documentation-archive/20260910/etc/evidence/m0-t310-s8-p4-cvidc-direct-pointer-profile-closure-001.md	1758	e3db5fa2325b7f8ce4630efdd3feb7c360921a7e0c043e3e6b632743896b5852
docs/etc/evidence/m0-t310-s8-p4-cvidc-fixed-width-bios-write-disposition-001.md	artifacts/documentation-archive/20260910/etc/evidence/m0-t310-s8-p4-cvidc-fixed-width-bios-write-disposition-001.md	1522	f99b4c98925ea56dbcfb354152c80d2a46c80992ba4f81c91158666db707fcba
docs/etc/evidence/m0-t310-s8-p4-cvidc-generated-crules-control-disposition-001.md	artifacts/documentation-archive/20260910/etc/evidence/m0-t310-s8-p4-cvidc-generated-crules-control-disposition-001.md	1281	fc11765e7fd67f136759bc61d449aec402dd2903b76174764a047729b6107133
docs/etc/evidence/m0-t310-s8-p4-cvidc-generated-interface-audit-001.md	artifacts/documentation-archive/20260910/etc/evidence/m0-t310-s8-p4-cvidc-generated-interface-audit-001.md	8638	e230e94a8be7de07ee935ef9c6382331d296d39968f4dbe567c7842adfdc38c3
docs/etc/evidence/m0-t310-s8-p4-cvidc-generated-table-abi-audit-001.md	artifacts/documentation-archive/20260910/etc/evidence/m0-t310-s8-p4-cvidc-generated-table-abi-audit-001.md	1910	8e6ad1e88fa370a11e35ac9ae1712ce56713e71596d6c41f12ff5fff282e2860
docs/etc/evidence/m0-t310-s8-p4-cvidc-mark-rule-declaration-closure-001.md	artifacts/documentation-archive/20260910/etc/evidence/m0-t310-s8-p4-cvidc-mark-rule-declaration-closure-001.md	1326	d0b20c0e36961c3703b56d8c02785b4c22a81a46aa292e9377a62f04d5f06aa9
docs/etc/evidence/m0-t310-s8-p4-cvidc-native-callback-contract-closure-002.md	artifacts/documentation-archive/20260910/etc/evidence/m0-t310-s8-p4-cvidc-native-callback-contract-closure-002.md	2000	ff5cd281ac98e3d6f73453ca7cb4bf6dd2196dc3404632ef5bb34ebde7b23c3b
docs/etc/evidence/m0-t310-s8-p4-cvidc-native-word-shift-closure-001.md	artifacts/documentation-archive/20260910/etc/evidence/m0-t310-s8-p4-cvidc-native-word-shift-closure-001.md	1529	e88f54fa002d93612320cb070299ac830906b4719a4f4473d16d272d09a6e562
docs/etc/evidence/m0-t310-s8-p4-cvidc-native-word-varargs-closure-001.md	artifacts/documentation-archive/20260910/etc/evidence/m0-t310-s8-p4-cvidc-native-word-varargs-closure-001.md	1195	bd95c5316de791226393793ea32c81291920c371e076d98d84d080369fb88088
docs/etc/evidence/m0-t310-s8-p4-cvidc-runtime-error-call-contract-closure-001.md	artifacts/documentation-archive/20260910/etc/evidence/m0-t310-s8-p4-cvidc-runtime-error-call-contract-closure-001.md	1843	c123f215a8e046f5bcad77429df84bffcec85066dc37bc22b8fc57a50ab70c07
docs/etc/evidence/m0-t310-s8-p4-cvidc-selected-glue-abi-closure-001.md	artifacts/documentation-archive/20260910/etc/evidence/m0-t310-s8-p4-cvidc-selected-glue-abi-closure-001.md	1707	6712c8838a1835c5098b7405d55e675bb8099a09669e56c0eca79ff9b082a6a7
docs/etc/evidence/m0-t310-s8-p4-dem-host-handle-abi-closure-001.md	artifacts/documentation-archive/20260910/etc/evidence/m0-t310-s8-p4-dem-host-handle-abi-closure-001.md	2103	69fac298b0ff45ad82649267f0fe90adf247f83b0a0e36faf0dfa9def17aa731
docs/etc/evidence/m0-t310-s8-p4-ega-word-fill-abi-closure-001.md	artifacts/documentation-archive/20260910/etc/evidence/m0-t310-s8-p4-ega-word-fill-abi-closure-001.md	1508	2f1222da60e42d962b36e421217f50e5bd75e5a20ba5172f340ab5b152ee6a8d
docs/etc/evidence/m0-t310-s8-p4-emm-storage-contract-closure-001.md	artifacts/documentation-archive/20260910/etc/evidence/m0-t310-s8-p4-emm-storage-contract-closure-001.md	1607	220911749d784e12830938885839c0eb77d58b279bc8d75da2ef7997f0d5cdc8
docs/etc/evidence/m0-t310-s8-p4-emm-storage-id-native-width-closure-001.md	artifacts/documentation-archive/20260910/etc/evidence/m0-t310-s8-p4-emm-storage-id-native-width-closure-001.md	2007	1c4c9125d5f581b9877594856e57c309e0bccd990c9268165cc3d30f50c368a7
docs/etc/evidence/m0-t310-s8-p4-ems-page-alias-contract-closure-001.md	artifacts/documentation-archive/20260910/etc/evidence/m0-t310-s8-p4-ems-page-alias-contract-closure-001.md	2353	cbc206aee4c273da24465076fb1f9da70d2b1387d14a4608402261d9b341707a
docs/etc/evidence/m0-t310-s8-p4-error-dialog-native-callback-closure-001.md	artifacts/documentation-archive/20260910/etc/evidence/m0-t310-s8-p4-error-dialog-native-callback-closure-001.md	1851	84dab530ad0e8d473baf72f07506ba3b166f36a9b7e66f3dccee0bc0d99ca4f9
docs/etc/evidence/m0-t310-s8-p4-event-thread-declaration-closure-001.md	artifacts/documentation-archive/20260910/etc/evidence/m0-t310-s8-p4-event-thread-declaration-closure-001.md	1059	c30d9c6bcebca93bee24d6b208e8d949aacdec0e1db666558f33f7a54a8fb6f7
docs/etc/evidence/m0-t310-s8-p4-floppy-default-int-disposition-001.md	artifacts/documentation-archive/20260910/etc/evidence/m0-t310-s8-p4-floppy-default-int-disposition-001.md	1363	d18714ca33fc1f6a2350a6ec831829f13de6135b74340c0732d284b97007134f
docs/etc/evidence/m0-t310-s8-p4-fprt-native-buffer-abi-closure-001.md	artifacts/documentation-archive/20260910/etc/evidence/m0-t310-s8-p4-fprt-native-buffer-abi-closure-001.md	1018	091464e3a5608087e4b8b2edda07de6b2fda235a998ec99e753de495f0b31b01
docs/etc/evidence/m0-t310-s8-p4-host-native-format-closure-001.md	artifacts/documentation-archive/20260910/etc/evidence/m0-t310-s8-p4-host-native-format-closure-001.md	1422	5a6a7c13dfe698c8f08846f2190702d42a63632e97e1c1e8cd71ffd65a99e67e
docs/etc/evidence/m0-t310-s8-p4-host-simulate-call-abi-closure-001.md	artifacts/documentation-archive/20260910/etc/evidence/m0-t310-s8-p4-host-simulate-call-abi-closure-001.md	1459	ebace0d79ca95b748fa8075b8f358acc862e092e07e7039145f38e2cf58aae38
docs/etc/evidence/m0-t310-s8-p4-host-stub-source-form-disposition-001.md	artifacts/documentation-archive/20260910/etc/evidence/m0-t310-s8-p4-host-stub-source-form-disposition-001.md	1105	7200a826d483cd8a9b19f77214bde5bb9835b04f62228c491cef28c349d322d8
docs/etc/evidence/m0-t310-s8-p4-keyboard-oem-rtl-binding-closure-001.md	artifacts/documentation-archive/20260910/etc/evidence/m0-t310-s8-p4-keyboard-oem-rtl-binding-closure-001.md	1585	71ef4c1305b69b2d5a6927891dce64ecc316a396ac00d402558c2e3b84ae13ce
docs/etc/evidence/m0-t310-s8-p4-keyboard-vector-native-backing-abi-closure-001.md	artifacts/documentation-archive/20260910/etc/evidence/m0-t310-s8-p4-keyboard-vector-native-backing-abi-closure-001.md	1963	8a3dace306a47de77ab542f411a33725611eb51eea262e2cc79b5e0401c17a6d
docs/etc/evidence/m0-t310-s8-p4-mouse-console-boundary-disposition-001.md	artifacts/documentation-archive/20260910/etc/evidence/m0-t310-s8-p4-mouse-console-boundary-disposition-001.md	1716	f83bb6bbab943893dd3ac70f11514e8887df7cf5177aece955d1b8ca497beea3
docs/etc/evidence/m0-t310-s8-p4-mouse-io-x86-x64-classification-001.md	artifacts/documentation-archive/20260910/etc/evidence/m0-t310-s8-p4-mouse-io-x86-x64-classification-001.md	1343	0d3ee68b22b414f86a0d44d91a1582647c2918f99220fc95f1b9e43d26c1f756
docs/etc/evidence/m0-t310-s8-p4-mouse-range-callback-abi-closure-001.md	artifacts/documentation-archive/20260910/etc/evidence/m0-t310-s8-p4-mouse-range-callback-abi-closure-001.md	1335	bce7011a14bf8da1bedc66cec61709b9bbffa8e9d22df8aac5c75b147d7074ae
docs/etc/evidence/m0-t310-s8-p4-multiple-object-wait-abi-closure-001.md	artifacts/documentation-archive/20260910/etc/evidence/m0-t310-s8-p4-multiple-object-wait-abi-closure-001.md	1496	7a0b87777f69f6f6a1f67f9de82a436ddac5e9ee71884f9f1bc13a2ee0838341
docs/etc/evidence/m0-t310-s8-p4-native-c-varargs-call-contract-closure-001.md	artifacts/documentation-archive/20260910/etc/evidence/m0-t310-s8-p4-native-c-varargs-call-contract-closure-001.md	1783	1163e06f751a6ba84da66e584501710c488d9a4e163385536d3d098273b3e367
docs/etc/evidence/m0-t310-s8-p4-nt-aorc-x86-x64-classification-001.md	artifacts/documentation-archive/20260910/etc/evidence/m0-t310-s8-p4-nt-aorc-x86-x64-classification-001.md	1610	95f5ebe03cc55e65c2f2c42805af541d1547846fb382e72f9b18cef1864394b1
docs/etc/evidence/m0-t310-s8-p4-nt-cga-x86-x64-classification-001.md	artifacts/documentation-archive/20260910/etc/evidence/m0-t310-s8-p4-nt-cga-x86-x64-classification-001.md	937	f37b53f3a34e07cfb33a281d7df2f217e7941135bcea04d67f74acb4a165bdc5
docs/etc/evidence/m0-t310-s8-p4-nt-cpu-generated-gdp-debug-closure-001.md	artifacts/documentation-archive/20260910/etc/evidence/m0-t310-s8-p4-nt-cpu-generated-gdp-debug-closure-001.md	1834	6b07dc94686382b53cf09b11363bd63923241f453840b5b818890a78d9292e77
docs/etc/evidence/m0-t310-s8-p4-nt-event-x86-x64-classification-001.md	artifacts/documentation-archive/20260910/etc/evidence/m0-t310-s8-p4-nt-event-x86-x64-classification-001.md	928	5eedba7f6ec3c268a9a4ccc521e306584e8e0b1cba3572f0d9f003e43d2d3097
docs/etc/evidence/m0-t310-s8-p4-nt-hard-error-boundary-disposition-001.md	artifacts/documentation-archive/20260910/etc/evidence/m0-t310-s8-p4-nt-hard-error-boundary-disposition-001.md	1187	40730796a8da395efeb03d9a5751e837e9fac93660bde08ae397089f93795e88
docs/etc/evidence/m0-t310-s8-p4-nt-mem-page-span-audit-001.md	artifacts/documentation-archive/20260910/etc/evidence/m0-t310-s8-p4-nt-mem-page-span-audit-001.md	1499	a6553441bd82c3b4e9515b35b218f5e83eec8219a76e32a57005887a36c626cd
docs/etc/evidence/m0-t310-s8-p4-nt-sec-pseudohandle-width-closure-001.md	artifacts/documentation-archive/20260910/etc/evidence/m0-t310-s8-p4-nt-sec-pseudohandle-width-closure-001.md	1504	8f431d21094d3df69c020f7812597b5ae60d75c1a99fc2edd6d1d8f0735fef1a
docs/etc/evidence/m0-t310-s8-p4-nt-unix-x86-x64-classification-001.md	artifacts/documentation-archive/20260910/etc/evidence/m0-t310-s8-p4-nt-unix-x86-x64-classification-001.md	909	10ef2c6ff48d02d2563ab0b9b369fc71bf8077b3d8f49d07976d5db524f970b7
docs/etc/evidence/m0-t310-s8-p4-pif-lim-call-contract-closure-001.md	artifacts/documentation-archive/20260910/etc/evidence/m0-t310-s8-p4-pif-lim-call-contract-closure-001.md	1081	69eb868576cbf47cf4deb9fbdb40ba99a21907b64c760e502d08020976abb43a
docs/etc/evidence/m0-t310-s8-p4-rom-scratch-length-closure-001.md	artifacts/documentation-archive/20260910/etc/evidence/m0-t310-s8-p4-rom-scratch-length-closure-001.md	898	8663a86e26cced3918a288a1316151f466913e0fcb19bee157d62e34d33277f2
docs/etc/evidence/m0-t310-s8-p4-rtl-fill-memory-ulong-call-contract-closure-001.md	artifacts/documentation-archive/20260910/etc/evidence/m0-t310-s8-p4-rtl-fill-memory-ulong-call-contract-closure-001.md	1846	ca4e70be43c274f1ab24c72e4728c2e062d87d344b4281925c44a4f0f1c7b044
docs/etc/evidence/m0-t310-s8-p4-sas-native-pointer-call-contract-closure-001.md	artifacts/documentation-archive/20260910/etc/evidence/m0-t310-s8-p4-sas-native-pointer-call-contract-closure-001.md	2227	2b09d4a9cb3879c6dd9ff743f5f12489297491d02c17b105221c637179408377
docs/etc/evidence/m0-t310-s8-p4-sas-vector-null-slot-abi-closure-001.md	artifacts/documentation-archive/20260910/etc/evidence/m0-t310-s8-p4-sas-vector-null-slot-abi-closure-001.md	1466	db773b384eb67bf691cc62acb25bccf1040784a3cf55bf93d394485e133c604f
docs/etc/evidence/m0-t310-s8-p4-selected-ccpu-access-table-closure-001.md	artifacts/documentation-archive/20260910/etc/evidence/m0-t310-s8-p4-selected-ccpu-access-table-closure-001.md	857	b4375dba516861da6172fa0b7aa302e783b62b8ce2f3ed4ab85ed128797cd854
docs/etc/evidence/m0-t310-s8-p4-selected-gdp-layout-audit-001.md	artifacts/documentation-archive/20260910/etc/evidence/m0-t310-s8-p4-selected-gdp-layout-audit-001.md	3255	ecf3d47df3c26fbb30199a903cbe72e436b8fe87af5fbc7771dcc87b658ae824
docs/etc/evidence/m0-t310-s8-p4-selected-softpc-contract-reading-001.md	artifacts/documentation-archive/20260910/etc/evidence/m0-t310-s8-p4-selected-softpc-contract-reading-001.md	23004	5e087c37da52fa4b2cb486d8584d78db3afde117afa54151a875c97fbea285a8
docs/etc/evidence/m0-t310-s8-p4-softpc-startup-call-contract-closure-001.md	artifacts/documentation-archive/20260910/etc/evidence/m0-t310-s8-p4-softpc-startup-call-contract-closure-001.md	1622	e9f0914f54e790461d60e7352593477725062088f7c7c897413a70c86e534fda
docs/etc/evidence/m0-t310-s8-p4-softpc-video-call-contract-closure-001.md	artifacts/documentation-archive/20260910/etc/evidence/m0-t310-s8-p4-softpc-video-call-contract-closure-001.md	2253	257c8ade7045993e5569468e7fb3c8d88ab7945477923fde6ce2cb766e9f690c
docs/etc/evidence/m0-t310-s8-p4-softpc-video-read-contract-closure-001.md	artifacts/documentation-archive/20260910/etc/evidence/m0-t310-s8-p4-softpc-video-read-contract-closure-001.md	984	7f0c1b0b2ba1af8789d27dbde956810d82d391245d695888b79efa2ffe61ec70
docs/etc/evidence/m0-t310-s8-p4-softpc-video-word-fill-contract-closure-001.md	artifacts/documentation-archive/20260910/etc/evidence/m0-t310-s8-p4-softpc-video-word-fill-contract-closure-001.md	830	27a125a4ffa9ea4fcc5e25a02de7e8833809d82acfb80f013a22dccab09d714c
docs/etc/evidence/m0-t310-s8-p4-sound-ntio-abi-closure-001.md	artifacts/documentation-archive/20260910/etc/evidence/m0-t310-s8-p4-sound-ntio-abi-closure-001.md	1878	b695b9d395ad28720c71ca00a5ce404f02e271a6b27a71c13c8e5a13eb9b50e6
docs/etc/evidence/m0-t310-s8-p4-storage-controller-call-contract-audit-001.md	artifacts/documentation-archive/20260910/etc/evidence/m0-t310-s8-p4-storage-controller-call-contract-audit-001.md	1683	5406c783e15e01ffe027c7bc4e0f65a206287a16ca522caed15ff6548ec363db
docs/etc/evidence/m0-t310-s8-p4-storage-private-backing-abi-closure-001.md	artifacts/documentation-archive/20260910/etc/evidence/m0-t310-s8-p4-storage-private-backing-abi-closure-001.md	1324	8c7dc298328d84f4d2e0af5301fc8da6faf2baed36743ee4f532a98401be7810
docs/etc/evidence/m0-t310-s8-p4-stubs-x86-x64-classification-001.md	artifacts/documentation-archive/20260910/etc/evidence/m0-t310-s8-p4-stubs-x86-x64-classification-001.md	1375	ab7dd09cde19c79115fa9aaa65e46f41312931fc02267801793d0c4d7d300df5
docs/etc/evidence/m0-t310-s8-p4-support-x86-conditional-contract-closure-001.md	artifacts/documentation-archive/20260910/etc/evidence/m0-t310-s8-p4-support-x86-conditional-contract-closure-001.md	1512	cd70e9dac3f9de58e1754e7365088e9d4d58dc3f474c3e82cd9ee6b8e5c6bb28
docs/etc/evidence/m0-t310-s8-p4-system-controller-callback-subcluster-audit-001.md	artifacts/documentation-archive/20260910/etc/evidence/m0-t310-s8-p4-system-controller-callback-subcluster-audit-001.md	2350	7cdac3675bf2663115ba54d73bdd0b6b834cdec01c0481faa2099cc0d732db1a
docs/etc/evidence/m0-t310-s8-p4-system-interrupt-abi-audit-001.md	artifacts/documentation-archive/20260910/etc/evidence/m0-t310-s8-p4-system-interrupt-abi-audit-001.md	1936	ac37a26ac1efbb30c00c0e643bf9294616996c4311c48354491d1b3478616eee
docs/etc/evidence/m0-t310-s8-p4-system-interrupt-native-contract-closure-001.md	artifacts/documentation-archive/20260910/etc/evidence/m0-t310-s8-p4-system-interrupt-native-contract-closure-001.md	1550	59dfdad3620c31670bb912a7c4fd23aacfcc0ad245f11ced9155684dc54bee5e
docs/etc/evidence/m0-t310-s8-p4-umb-numeric-address-audit-001.md	artifacts/documentation-archive/20260910/etc/evidence/m0-t310-s8-p4-umb-numeric-address-audit-001.md	1870	4d8996c148ac65c84c3d181438d0d216e8b472caa86e1ddb6ebf5e4ef300ddee
docs/etc/evidence/m0-t310-s8-p4-vdd-umb-current-source-revalidation-001.md	artifacts/documentation-archive/20260910/etc/evidence/m0-t310-s8-p4-vdd-umb-current-source-revalidation-001.md	2380	aab1ab4d28b9239689ba5f9fc7ba376a2ed7aa13ff4c9931f81016cd0d693d12
docs/etc/evidence/m0-t310-s8-p4-vdd-umb-numeric-address-abi-closure-001.md	artifacts/documentation-archive/20260910/etc/evidence/m0-t310-s8-p4-vdd-umb-numeric-address-abi-closure-001.md	2337	1017e4ae6893f4aea6dbd20d6ebf71917d47fae40350190889a029cbae0d5a42
docs/etc/evidence/m0-t310-s8-p4-vglob-generated-slot-closure-001.md	artifacts/documentation-archive/20260910/etc/evidence/m0-t310-s8-p4-vglob-generated-slot-closure-001.md	1602	500c2aebd0000d7561ebdde78ce413f028307929c855bfdcc7e115d8e3109eaf
docs/etc/evidence/m0-t310-s8-p4-video-nonwidth-warning-disposition-001.md	artifacts/documentation-archive/20260910/etc/evidence/m0-t310-s8-p4-video-nonwidth-warning-disposition-001.md	1268	7288ceb9f58153d29cbbc1db0c7107611f6f6f49833a3aeeffe27f2355220de6
docs/etc/evidence/m0-t310-s8-p4-video-original-call-declaration-closure-001.md	artifacts/documentation-archive/20260910/etc/evidence/m0-t310-s8-p4-video-original-call-declaration-closure-001.md	1313	d295af69819e24ca799f293b4bdb8a456354202c0c59a2e006a6819f48ad21d0
docs/etc/evidence/m0-t310-s8-p4-video-profile-source-selection-closure-001.md	artifacts/documentation-archive/20260910/etc/evidence/m0-t310-s8-p4-video-profile-source-selection-closure-001.md	1985	c75d84e7fdca7cea45a9e10d32b8c954bd8b8b3d0c36f7178650eb9e0a2a2939
docs/etc/evidence/m0-t310-s8-p4-whole-tree-current-abi-baseline-001.md	artifacts/documentation-archive/20260910/etc/evidence/m0-t310-s8-p4-whole-tree-current-abi-baseline-001.md	3014	63fa6a1564e1fcfd56c9d6262650ee098b0ee7b776c52d890f74e69234f77382
docs/etc/evidence/m0-t310-s8-p4-whole-tree-current-baseline-001.md	artifacts/documentation-archive/20260910/etc/evidence/m0-t310-s8-p4-whole-tree-current-baseline-001.md	3249	7ddd4b55e4ed719e458bdeea479264a411efc9355f65ca5002efa08ff0787b8b
docs/etc/evidence/m0-t310-s8-p4-whole-tree-formal-architecture-delta-001.md	artifacts/documentation-archive/20260910/etc/evidence/m0-t310-s8-p4-whole-tree-formal-architecture-delta-001.md	1321	b8d943d5eb42ca920ca57e11c6f6ad60b0adf1ace0030e3a252ba94ba764dc0d
docs/etc/evidence/m0-t310-s8-p4-x86gfx-console-video-hole-disposition-001.md	artifacts/documentation-archive/20260910/etc/evidence/m0-t310-s8-p4-x86gfx-console-video-hole-disposition-001.md	1597	7616f4f901fc2766fd6a18ddd04dff80acb15006053cd174975f91de4c3e7a9c
docs/etc/evidence/m0-t310-s8-p4-xms-a20-call-contract-closure-001.md	artifacts/documentation-archive/20260910/etc/evidence/m0-t310-s8-p4-xms-a20-call-contract-closure-001.md	968	5f40ea74175157b98ce6faab97e4d48eb93d004b593c7a8cc9ab6a73e1771629
docs/etc/evidence/m0-t310-s8-p4-xms-guest-address-abi-closure-001.md	artifacts/documentation-archive/20260910/etc/evidence/m0-t310-s8-p4-xms-guest-address-abi-closure-001.md	2941	be8eb01d6392f0c8257cc640001fd1278cbfeb1058db9c9c700f391c2db0b540
docs/etc/evidence/m0-t310-s8-p4-zfrsrvd-x86-x64-classification-001.md	artifacts/documentation-archive/20260910/etc/evidence/m0-t310-s8-p4-zfrsrvd-x86-x64-classification-001.md	898	b66af1522bbe20bad70ef0c9e2e2d30804abbea90004cca1a3b27473dc46400a
docs/etc/evidence/m0-t310-s8-p6-ccpu-executor-formal-closure-001.md	artifacts/documentation-archive/20260910/etc/evidence/m0-t310-s8-p6-ccpu-executor-formal-closure-001.md	2222	18af3835d91675f4fdcf09a16cb2f0410a810402cc425267221c44fc1ee61938
docs/etc/evidence/m0-t310-s8-softpc-machine-boundary-audit-001/README.md	artifacts/documentation-archive/20260910/etc/evidence/m0-t310-s8-softpc-machine-boundary-audit-001/README.md	4586	d3dd7d05a56161ae3328605bf55c5fe119650628a199bc2383e794f2b7a8182d
docs/etc/evidence/m0-t310-s8-softpc-machine-boundary-audit-001/softpc-machine-inbound-ledger.tsv	artifacts/documentation-archive/20260910/etc/evidence/m0-t310-s8-softpc-machine-boundary-audit-001/softpc-machine-inbound-ledger.tsv	1670	bc7e75a666131d0e24bee36345fc0b31a2925841685e6fdf156e910595d6fc14
docs/etc/evidence/m0-t310-s8-softpc-machine-boundary-audit-001/softpc-machine-outbound-ledger.tsv	artifacts/documentation-archive/20260910/etc/evidence/m0-t310-s8-softpc-machine-boundary-audit-001/softpc-machine-outbound-ledger.tsv	2945	d29701c885b0a50f8b8e4962c8363fcd991d3f7641469c3d3988b71f229d89bd
docs/etc/evidence/m0-t310-s8-softpc-machine-boundary-audit-001/softpc-machine-roots.tsv	artifacts/documentation-archive/20260910/etc/evidence/m0-t310-s8-softpc-machine-boundary-audit-001/softpc-machine-roots.tsv	2208	3b636f4523ecf261fde1c7091576337e259c403597d76e98750dbb098e75879d
docs/etc/evidence/m0-t310-s8-softpc-machine-boundary-audit-001/softpc-machine-state-ownership.md	artifacts/documentation-archive/20260910/etc/evidence/m0-t310-s8-softpc-machine-boundary-audit-001/softpc-machine-state-ownership.md	2650	021445ddec2300418d08d204b0d9055ff7144a2a96969d51259e6c14afaa254d
docs/etc/evidence/m0-t310-s9-ccpu-access-table-contract-001.md	artifacts/documentation-archive/20260910/etc/evidence/m0-t310-s9-ccpu-access-table-contract-001.md	2958	c6fa449a45a99cf0e91d041383e4ffd6b6195b66dd32ac5bb0983958fdf3b54e
docs/etc/evidence/m0-t313-s1-softpc-capability-purity-closure-001.md	artifacts/documentation-archive/20260910/etc/evidence/m0-t313-s1-softpc-capability-purity-closure-001.md	2381	474a1e579ed3b03e8580da068e99ab96f1b39070bb60a8f74c0013d10bd3bf69
docs/etc/evidence/m0-t313-s1-softpc-capability-purity-ledger-001.tsv	artifacts/documentation-archive/20260910/etc/evidence/m0-t313-s1-softpc-capability-purity-ledger-001.tsv	3076	b297878fed82a78b0b51f4db9f94814d2353b141d3c177409037143c3e5283f5
docs/etc/evidence/m0-t313-s2-p1-original-entry-binding-001.md	artifacts/documentation-archive/20260910/etc/evidence/m0-t313-s2-p1-original-entry-binding-001.md	2463	131d935491408450348b629b6db1f331fc29f56a55333641e1762503411eeb15
docs/etc/evidence/m0-t313-s2-p2-original-host-root-link-closure-001.md	artifacts/documentation-archive/20260910/etc/evidence/m0-t313-s2-p2-original-host-root-link-closure-001.md	1743	18bd750519bc707eebea58f9e9f7043ece60a0a1c7016c1c8e649d3f80075a27
docs/etc/evidence/m0-t313-s2-p3-original-ccpu40-archive-001.md	artifacts/documentation-archive/20260910/etc/evidence/m0-t313-s2-p3-original-ccpu40-archive-001.md	1293	2e729fba62ceed9028039197aa18c52cf91c3af5b238fbc8fe8eccae6f298753
docs/etc/evidence/m0-t313-s2-p4-formal-candidate-and-retired-test-cleanup-001.md	artifacts/documentation-archive/20260910/etc/evidence/m0-t313-s2-p4-formal-candidate-and-retired-test-cleanup-001.md	1522	0d43c6d704215ca236436021d902b6f37bcf6f6a973b8753e5a8923c8e940383
docs/etc/evidence/m0-t313-s2-p5-mvdm-host-startup-mirror-cleanup-001.md	artifacts/documentation-archive/20260910/etc/evidence/m0-t313-s2-p5-mvdm-host-startup-mirror-cleanup-001.md	1040	1328779cb3ac87649f7d69da3eec701f72d7bf60df7105202cf8bc160640f65e
docs/etc/evidence/m0-t313-s2-p6-original-crt-binding-audit-001.md	artifacts/documentation-archive/20260910/etc/evidence/m0-t313-s2-p6-original-crt-binding-audit-001.md	2124	8fbb9a7240abb9f50c1b9b0c9b7f673b86b5db3182918dd92d455de2ec1f0694
docs/etc/evidence/m0-t313-s2-p7-original-lifecycle-witness-001.md	artifacts/documentation-archive/20260910/etc/evidence/m0-t313-s2-p7-original-lifecycle-witness-001.md	3885	aefe508677553e00c077240fd308064998715c75636a10b948fa6e5ad6827075
docs/etc/evidence/m0-t313-s2-p8-memory-a20-and-umb-boundary-001.md	artifacts/documentation-archive/20260910/etc/evidence/m0-t313-s2-p8-memory-a20-and-umb-boundary-001.md	2630	6a99678530a4e5959c5458ff800970a040b7f6c866af86e9faddc96fbffcef18
docs/etc/evidence/m0-t313-s2-p9-firmware-resource-mirror-cleanup-001.md	artifacts/documentation-archive/20260910/etc/evidence/m0-t313-s2-p9-firmware-resource-mirror-cleanup-001.md	1356	413dcb9f85c6025af1f3b652ed3fb4eac0e195f1a2642472a2c901848671a188
docs/etc/evidence/m0-t313-s3-p1-controller-source-assembly-001.md	artifacts/documentation-archive/20260910/etc/evidence/m0-t313-s3-p1-controller-source-assembly-001.md	2986	bbf69094178d41c87891211c433466eb0a1441877020e75fb325a3186f8d4501
docs/etc/evidence/m0-t313-s3-p2-controller-chain-and-input-binding-001.md	artifacts/documentation-archive/20260910/etc/evidence/m0-t313-s3-p2-controller-chain-and-input-binding-001.md	2945	1c0d19d2af6734baa88f1cfc89f505205fa55776eb0b8bbc2752b388be55fa65
docs/etc/evidence/m0-t313-s3-p3-original-dma-ios-witness-001.md	artifacts/documentation-archive/20260910/etc/evidence/m0-t313-s3-p3-original-dma-ios-witness-001.md	1835	c81ab4986a6b65939d9d863aca4947e5a312bae03ae578621f69abb415ea0a85
docs/etc/evidence/m0-t313-s3-p4-original-pic-irq-witness-001.md	artifacts/documentation-archive/20260910/etc/evidence/m0-t313-s3-p4-original-pic-irq-witness-001.md	1776	9507671b1bb220a53f6d8aa8a30f89b704cc9c996e953ef20bf491a08082bcca
docs/etc/evidence/m0-t313-s3-p5-original-timer-package-formal-closure-001.md	artifacts/documentation-archive/20260910/etc/evidence/m0-t313-s3-p5-original-timer-package-formal-closure-001.md	1776	e21f03f0f5212ce411779710ee930f6557deadb213312bd199cad2a8bb6bd69a
docs/etc/evidence/m0-t313-s3-p6-original-timer-device-boundary-001.md	artifacts/documentation-archive/20260910/etc/evidence/m0-t313-s3-p6-original-timer-device-boundary-001.md	1681	099463eed79da902822930793df0ebd382b8b6ea37452221189451fd846fb5b2
docs/etc/evidence/m0-t313-s4-p1-device-package-assembly-001.md	artifacts/documentation-archive/20260910/etc/evidence/m0-t313-s4-p1-device-package-assembly-001.md	1867	0396883c129983acd9c0c75451915ff1ef12690f199ccce41132f0acee38265c
docs/etc/evidence/m0-t313-s4-p2-device-reset-order-and-mirror-cleanup-001.md	artifacts/documentation-archive/20260910/etc/evidence/m0-t313-s4-p2-device-reset-order-and-mirror-cleanup-001.md	2457	ed063aa3e644a50271397def421f3c87b81873a6b9290dc9ee7e32cc7dc1ddc8
docs/etc/evidence/m0-t313-s4-p3-device-endpoint-reconciliation-001.md	artifacts/documentation-archive/20260910/etc/evidence/m0-t313-s4-p3-device-endpoint-reconciliation-001.md	2649	1e4146b4d345b879988f603e8c15df66dbf30a04642d83138e0cc5d3b3674039
docs/etc/evidence/m0-t313-s5-p1-source-shaped-controlled-termination-001.md	artifacts/documentation-archive/20260910/etc/evidence/m0-t313-s5-p1-source-shaped-controlled-termination-001.md	2638	26439c40c83991f7700c2af4a36424aa937a3f310ca1e78a778afb7f5716ef10
docs/etc/evidence/m0-t313-s5-p2-selected-direct-exit-sweep-001.md	artifacts/documentation-archive/20260910/etc/evidence/m0-t313-s5-p2-selected-direct-exit-sweep-001.md	2513	5247961a70066ca54f02a6233500f5d478aa8034a4132fe2d85aa6ebe4e7df11
docs/etc/evidence/m0-t313-s5-p3-debugger-startup-binding-001.md	artifacts/documentation-archive/20260910/etc/evidence/m0-t313-s5-p3-debugger-startup-binding-001.md	2308	4280096665aea5f87a75cfedbb1c31658b3a56821b4cc20d5ca6f402dde7ff6f
docs/etc/evidence/m0-t313-s5-p4-original-ems-writeback-closure-001.md	artifacts/documentation-archive/20260910/etc/evidence/m0-t313-s5-p4-original-ems-writeback-closure-001.md	1524	be398fe62e9c96cb6e0def4213ad00e2927e676e566f7695c59f625fcfbc19b1
docs/etc/evidence/m0-t313-s5-p5-bounded-execution-and-purity-reread-001.md	artifacts/documentation-archive/20260910/etc/evidence/m0-t313-s5-p5-bounded-execution-and-purity-reread-001.md	2759	6429f832343068d28999047444474b12447a813dbca5a639d65baed3ceb657ff
docs/etc/evidence/m0-t314-s1-base-vdm-immediate-boundary-audit-001.md	artifacts/documentation-archive/20260910/etc/evidence/m0-t314-s1-base-vdm-immediate-boundary-audit-001.md	6583	5f8f0c4b31e1f5fb481e6d8a3c0b36547f8df3872be66778d2f8a7325d5f5213
docs/etc/evidence/m0-t314-s2-local-base-vdm-wake-retry-closure-001.md	artifacts/documentation-archive/20260910/etc/evidence/m0-t314-s2-local-base-vdm-wake-retry-closure-001.md	2373	bdb685c425f124b2a9bfb44e5f68f5e754432f2965f07e2e3ee88ace83d59138
docs/etc/evidence/m0-t315-s1-cpu30-style-v86-monitor-contract-audit-001.md	artifacts/documentation-archive/20260910/etc/evidence/m0-t315-s1-cpu30-style-v86-monitor-contract-audit-001.md	6175	f842b2cbe6e2242682d30b40127c5636105f8849bcc55c1832e0bc2d2d4dc78a
docs/etc/evidence/m0-t316-s1-monitor-contract-reconciliation-001.md	artifacts/documentation-archive/20260910/etc/evidence/m0-t316-s1-monitor-contract-reconciliation-001.md	6443	4ff08dfaf6efa073a7c1c8a9b7b54e0b45078e4f250d65fde3b74f61cc816596
docs/etc/evidence/m0-t316-s2-original-vdm-abi-import-001.md	artifacts/documentation-archive/20260910/etc/evidence/m0-t316-s2-original-vdm-abi-import-001.md	2473	969d0bd48fba308ba38ba255db493d3cdf4a197f96fa9f89fbf7aeada3669c02
docs/etc/evidence/m0-t317-s1-dem-command-softpc-boundary-ledger-001.md	artifacts/documentation-archive/20260910/etc/evidence/m0-t317-s1-dem-command-softpc-boundary-ledger-001.md	5279	e2a8a2bd25185b6040fa476c606998eb33a5408ac89fd819ccf6bc6c025dbe86
docs/etc/evidence/m0-t317-s2-command-bootstrap-cohort-closure-001.md	artifacts/documentation-archive/20260910/etc/evidence/m0-t317-s2-command-bootstrap-cohort-closure-001.md	3440	6a2d662576bdc220bdeb7158575a6b8faa0a48900c5440944f01dc1d07055f07
docs/etc/evidence/m0-t317-s3-p1-command-child-stream-boundary-001.md	artifacts/documentation-archive/20260910/etc/evidence/m0-t317-s3-p1-command-child-stream-boundary-001.md	2441	21ed892959ac91839dab45613113b120c2e99f2dd22e9683dc2300feb7bbc848
docs/etc/evidence/m0-t317-s3-p2-command-worker-base-vdm-context-001.md	artifacts/documentation-archive/20260910/etc/evidence/m0-t317-s3-p2-command-worker-base-vdm-context-001.md	2428	64859801d913d1be005221e9cba8505e133078f7226dfe8db06f69f0ac6fcf97
docs/etc/evidence/m0-t317-s3-p3-command-exit-redirection-disposition-001.md	artifacts/documentation-archive/20260910/etc/evidence/m0-t317-s3-p3-command-exit-redirection-disposition-001.md	2487	12d2f7ca252c86f3ea5e49e7ddd4d1a47c3435c7605f997e8bffbb32d9b4ff67
docs/etc/evidence/m0-t318-s1-ntdos-exec-parent-return-contract-freeze-001.md	artifacts/documentation-archive/20260910/etc/evidence/m0-t318-s1-ntdos-exec-parent-return-contract-freeze-001.md	5289	9aaa94d0712c621ee0d8847433afca4126ed198b89b7206883361575e4903758
docs/etc/evidence/m0-t318-s2-p10-original-input-counterfactuals-001.md	artifacts/documentation-archive/20260910/etc/evidence/m0-t318-s2-p10-original-input-counterfactuals-001.md	2212	ed215c22c18aa84d0b3228a54ec7c6de31c352253645d12fcaeece4dee26c6f5
docs/etc/evidence/m0-t318-s2-p11-original-cpu-execution-admission-001.md	artifacts/documentation-archive/20260910/etc/evidence/m0-t318-s2-p11-original-cpu-execution-admission-001.md	1474	397f045b724d64a74e87925a447630055be9366cfe17e14bb360051362c4a05c
docs/etc/evidence/m0-t318-s2-p12-original-ntio-demload-dos-dispatch-map-001.md	artifacts/documentation-archive/20260910/etc/evidence/m0-t318-s2-p12-original-ntio-demload-dos-dispatch-map-001.md	2289	0d7c79ff959913051bc4edd685765537d082a223aab98ae1e2c0c824785bca11
docs/etc/evidence/m0-t318-s2-p13-formal-ninja-parallel-runner-001.md	artifacts/documentation-archive/20260910/etc/evidence/m0-t318-s2-p13-formal-ninja-parallel-runner-001.md	1272	529620728e8955327b402e06e59fb358603065f6dce5e6e1212d3ff242cf87ec
docs/etc/evidence/m0-t318-s2-p14-external-observer-negative-result-001.md	artifacts/documentation-archive/20260910/etc/evidence/m0-t318-s2-p14-external-observer-negative-result-001.md	1863	73f8d7b386099f353434613aadd8441f0222f661483d6bf89cb99146e44e8c8b
docs/etc/evidence/m0-t318-s2-p15-current-package-staging-and-startup-observation-001.md	artifacts/documentation-archive/20260910/etc/evidence/m0-t318-s2-p15-current-package-staging-and-startup-observation-001.md	2545	4bd40130784d22e958dc8eeb03b54946989e407f65dca66d4efe32408765b557
docs/etc/evidence/m0-t318-s2-p16-original-x86-gdp-carrier-restoration-001.md	artifacts/documentation-archive/20260910/etc/evidence/m0-t318-s2-p16-original-x86-gdp-carrier-restoration-001.md	2470	39b4d4fd0bfacc064c9d8be08f75ae719b7a74a8d63580eb0c88cbe9157beb2e
docs/etc/evidence/m0-t318-s2-p17-incremental-gdp-generator-001.md	artifacts/documentation-archive/20260910/etc/evidence/m0-t318-s2-p17-incremental-gdp-generator-001.md	1711	ecdb92fdc43aec25eb18f31ec5ee60f569604b30b1f65e8c2875109abf8bd5ef
docs/etc/evidence/m0-t318-s2-p18-cvidc-vector-assembly-closure-001.md	artifacts/documentation-archive/20260910/etc/evidence/m0-t318-s2-p18-cvidc-vector-assembly-closure-001.md	2478	e636b6ed692f70faf36525ca640a602782032187a8eb4f395bf4753dc728941d
docs/etc/evidence/m0-t318-s2-p19-windowed-console-registration-closure-001.md	artifacts/documentation-archive/20260910/etc/evidence/m0-t318-s2-p19-windowed-console-registration-closure-001.md	3195	15525d6259f06103e1ca90bbdc22c5225a16fa1fde1abf694a66711570c5629d
docs/etc/evidence/m0-t318-s2-p1-cpu40-recursive-simulation-linkage-001.md	artifacts/documentation-archive/20260910/etc/evidence/m0-t318-s2-p1-cpu40-recursive-simulation-linkage-001.md	2959	7ecef2d973ebb9711b2ce2cef08e3c68ddf6c1f407cec57cb1ec1efeb9df2aa0
docs/etc/evidence/m0-t318-s2-p20-nondebug-console-observation-attribution-001.md	artifacts/documentation-archive/20260910/etc/evidence/m0-t318-s2-p20-nondebug-console-observation-attribution-001.md	1353	a87c49b6bbf74626dc146580c8930029bf15c0468a9ed5e4c5fa5dfad65e07de
docs/etc/evidence/m0-t318-s2-p21-fixed-console-startup-baseline-001.md	artifacts/documentation-archive/20260910/etc/evidence/m0-t318-s2-p21-fixed-console-startup-baseline-001.md	4309	8ff1d44e5343ff7375678f223edfb6e45fd9a7384a1051b2d8bdaf72f3fc7f98
docs/etc/evidence/m0-t318-s2-p22-fixed-container-admission-and-ccpu-fault-001.md	artifacts/documentation-archive/20260910/etc/evidence/m0-t318-s2-p22-fixed-container-admission-and-ccpu-fault-001.md	3404	7d69a920a3e130dfa494e6923e983f7494735d1b418a1f33b5344e2567ddf5cd
docs/etc/evidence/m0-t318-s2-p23-cvidc-generated-vector-contract-001.md	artifacts/documentation-archive/20260910/etc/evidence/m0-t318-s2-p23-cvidc-generated-vector-contract-001.md	2444	33feae011407173e63215cf1f45e75a3fb6221d01c5aac7f7e444fa0ad97e7a3
docs/etc/evidence/m0-t318-s2-p24-fixed-container-startup-owner-clusters-001.md	artifacts/documentation-archive/20260910/etc/evidence/m0-t318-s2-p24-fixed-container-startup-owner-clusters-001.md	3960	45b5aa3be6470d5c943eabcf6b23d2dc78e1074d52d6827a0c06df47b30b3713
docs/etc/evidence/m0-t318-s2-p25-fixed-container-baseline-correction-001.md	artifacts/documentation-archive/20260910/etc/evidence/m0-t318-s2-p25-fixed-container-baseline-correction-001.md	2488	d05970a190773f29fd53e02905efe0abccf96e8613ce0914bfd74a425faa2dce
docs/etc/evidence/m0-t318-s2-p26-startup-to-guest-observation-gate-001.md	artifacts/documentation-archive/20260910/etc/evidence/m0-t318-s2-p26-startup-to-guest-observation-gate-001.md	2890	aa66ab8054fc9833a0b5fac5f971b115e7ae28991e543d26b57e13deae65168f
docs/etc/evidence/m0-t318-s2-p27-retire-unselected-bop-ingress-subset-001.md	artifacts/documentation-archive/20260910/etc/evidence/m0-t318-s2-p27-retire-unselected-bop-ingress-subset-001.md	1246	637cd5ebb6a026fde89bab928cd36d976fb9c2b8193aac52c7d013f948a9c0e9
docs/etc/evidence/m0-t318-s2-p28-passive-dispatch-observer-rejection-001.md	artifacts/documentation-archive/20260910/etc/evidence/m0-t318-s2-p28-passive-dispatch-observer-rejection-001.md	1848	d428d461cfc197cd23298bd927eb278902f934c5a03ade2d2f01d57893130635
docs/etc/evidence/m0-t318-s2-p29-original-startup-prerequisite-owner-scan-001.md	artifacts/documentation-archive/20260910/etc/evidence/m0-t318-s2-p29-original-startup-prerequisite-owner-scan-001.md	4165	61432a87d63f28618809f413da106f8ec2f1904dd20f53fae893a7e1d6d6a4d4
docs/etc/evidence/m0-t318-s2-p2-original-dem-media-root-001.md	artifacts/documentation-archive/20260910/etc/evidence/m0-t318-s2-p2-original-dem-media-root-001.md	2211	5cfc748024d879b5e5c970d65b3b5d7d80f251a50538d3ab58122b99a3226113
docs/etc/evidence/m0-t318-s2-p30-current-source-immutable-runtime-baseline-001.md	artifacts/documentation-archive/20260910/etc/evidence/m0-t318-s2-p30-current-source-immutable-runtime-baseline-001.md	2005	ceaf7de0a665bb98a05ba8d0178148a308983673bb87b09a54d876e727c75f52
docs/etc/evidence/m0-t318-s2-p31-original-unhandled-exception-boundary-audit-001.md	artifacts/documentation-archive/20260910/etc/evidence/m0-t318-s2-p31-original-unhandled-exception-boundary-audit-001.md	2898	11bf16b3a8f15dd2ed32d8bc3d5798d4dddb9816896113882149907798fa2ed9
docs/etc/evidence/m0-t318-s2-p32-cpu40-memory-and-first-dispatch-boundary-audit-001.md	artifacts/documentation-archive/20260910/etc/evidence/m0-t318-s2-p32-cpu40-memory-and-first-dispatch-boundary-audit-001.md	4210	4596f2f3411e4a723c7580773967c70d6ee0c4a14deeb01409ece3848684add3
docs/etc/evidence/m0-t318-s2-p33-cpu40-first-fetch-and-dispatch-owner-audit-001.md	artifacts/documentation-archive/20260910/etc/evidence/m0-t318-s2-p33-cpu40-first-fetch-and-dispatch-owner-audit-001.md	4147	e81f65ed1362c14b1b7d38f5c4fd759a271ee4717960d04e59dab3f3149b0b53
docs/etc/evidence/m0-t318-s2-p34-fixed-container-repeat-and-console-prerequisite-audit-001.md	artifacts/documentation-archive/20260910/etc/evidence/m0-t318-s2-p34-fixed-container-repeat-and-console-prerequisite-audit-001.md	3288	371d83fe9c4bd2c501fe23b096066707394e82cfc276f17874ef4f2c3a451f07
docs/etc/evidence/m0-t318-s2-p35-host-application-worker-and-scs-init-prerequisite-audit-001.md	artifacts/documentation-archive/20260910/etc/evidence/m0-t318-s2-p35-host-application-worker-and-scs-init-prerequisite-audit-001.md	3604	c1ffd697f9c0ef81e0a910c2b86fe4452839532d37ba7a2276c73dcb907c3df4
docs/etc/evidence/m0-t318-s2-p36-scs-init-provider-cohort-audit-001.md	artifacts/documentation-archive/20260910/etc/evidence/m0-t318-s2-p36-scs-init-provider-cohort-audit-001.md	4424	52c99b46d557e2846b39d501dc8afe5d6f4c81c0c00cb2708db6d1b66ceb30b5
docs/etc/evidence/m0-t318-s2-p37-xms-session-backend-selection-and-fixed-run-001.md	artifacts/documentation-archive/20260910/etc/evidence/m0-t318-s2-p37-xms-session-backend-selection-and-fixed-run-001.md	1987	65d85c01c160f8b4b986a4d59185b6d08929bc1e82c309d3a610bb6e21a9b88e
docs/etc/evidence/m0-t318-s2-p38-reset-console-heartbeat-owner-audit-001.md	artifacts/documentation-archive/20260910/etc/evidence/m0-t318-s2-p38-reset-console-heartbeat-owner-audit-001.md	2568	9fe172a361d85707f6271d3fa85bb80eee1c442a6c2e57cee4e53a15245b7543
docs/etc/evidence/m0-t318-s2-p39-timer-pic-cpu40-prerequisite-audit-001.md	artifacts/documentation-archive/20260910/etc/evidence/m0-t318-s2-p39-timer-pic-cpu40-prerequisite-audit-001.md	2687	d0064087a7bdb285f3fb8a7f131b56dbb05bb4660bcc8dfd2f28a28525eb3f62
docs/etc/evidence/m0-t318-s2-p3-dual-width-normal-link-boundary-001.md	artifacts/documentation-archive/20260910/etc/evidence/m0-t318-s2-p3-dual-width-normal-link-boundary-001.md	4687	d3e76724e741499cdbea8406f8aa136f7cfaa5b1b4ddefc95d87eb4659b2cff5
docs/etc/evidence/m0-t318-s2-p40-cpu40-entry-prerequisite-audit-001.md	artifacts/documentation-archive/20260910/etc/evidence/m0-t318-s2-p40-cpu40-entry-prerequisite-audit-001.md	3333	24d16391a2e1ccb15c0862cc77917b056610bdfb456cc484e0eb59115f102674
docs/etc/evidence/m0-t318-s2-p41-fixed-container-startup-prerequisite-cohort-closure-001.md	artifacts/documentation-archive/20260910/etc/evidence/m0-t318-s2-p41-fixed-container-startup-prerequisite-cohort-closure-001.md	3725	6fe24d55b28aab3ba3e05556575d410242a871b06b640aa489ea0ba4534b87d4
docs/etc/evidence/m0-t318-s2-p42-ntio-first-service-boundary-audit-001.md	artifacts/documentation-archive/20260910/etc/evidence/m0-t318-s2-p42-ntio-first-service-boundary-audit-001.md	2159	56929765158aaeb244a0e22cf3fa722ea9eaab305976a116160ce4f71cd008e7
docs/etc/evidence/m0-t318-s2-p43-ntio-entry-cpu40-instruction-contract-audit-001.md	artifacts/documentation-archive/20260910/etc/evidence/m0-t318-s2-p43-ntio-entry-cpu40-instruction-contract-audit-001.md	2450	c0ed95979f5f16489c636d801c44f1b72d5ba157782329d71cd8955d83dd4e96
docs/etc/evidence/m0-t318-s2-p44-ntio-ntdos-postload-owner-cohort-001.md	artifacts/documentation-archive/20260910/etc/evidence/m0-t318-s2-p44-ntio-ntdos-postload-owner-cohort-001.md	2581	8cd263cf7725d2390db8d8f1fd09b99ac16016f7d7c03a799bc49305e48c41a2
docs/etc/evidence/m0-t318-s2-p45-ntdos-configuration-command-owner-cohort-001.md	artifacts/documentation-archive/20260910/etc/evidence/m0-t318-s2-p45-ntdos-configuration-command-owner-cohort-001.md	2655	9a982d9965f94bb69bb9156efd3cc8da9cff352a134896e4de26d6475d8e130f
docs/etc/evidence/m0-t318-s2-p46-original-configuration-media-binding-closure-001.md	artifacts/documentation-archive/20260910/etc/evidence/m0-t318-s2-p46-original-configuration-media-binding-closure-001.md	3023	d8485388ff539fd784f308fa3b7d4ae992a5d629e5e591eb2ca2d061b59a9052
docs/etc/evidence/m0-t318-s2-p47-original-configuration-media-dependency-cohort-001.md	artifacts/documentation-archive/20260910/etc/evidence/m0-t318-s2-p47-original-configuration-media-dependency-cohort-001.md	2499	a86d75e12af83a0be61a65b51e1caf4d16db440660be59acd50f3fcd585cdfe3
docs/etc/evidence/m0-t318-s2-p48-original-configuration-system-media-closure-001.md	artifacts/documentation-archive/20260910/etc/evidence/m0-t318-s2-p48-original-configuration-system-media-closure-001.md	2730	750da408d142a7c08018dd238de7620c3b8304ccba45100e2c946027f38bf90d
docs/etc/evidence/m0-t318-s2-p49-selected-configuration-directive-owner-cohort-001.md	artifacts/documentation-archive/20260910/etc/evidence/m0-t318-s2-p49-selected-configuration-directive-owner-cohort-001.md	3747	2136ce7c947fa9e655548d3ce64e5eee58cdc197987dc94e2c1b27026aea5065
docs/etc/evidence/m0-t318-s2-p4-original-resource-and-startup-contract-001.md	artifacts/documentation-archive/20260910/etc/evidence/m0-t318-s2-p4-original-resource-and-startup-contract-001.md	3376	688539591b39b3e0bfa95a29ee62ae2d6d258bda78b01f3f0fec719186e32c92
docs/etc/evidence/m0-t318-s2-p50-fixed-container-console-startup-owner-cohort-001.md	artifacts/documentation-archive/20260910/etc/evidence/m0-t318-s2-p50-fixed-container-console-startup-owner-cohort-001.md	3300	3fabda891ca404d36da85a55653ff29e843ce12e8081c7954be12a3c83c1ebd2
docs/etc/evidence/m0-t318-s2-p51-original-scs-pre-ntio-owner-cohort-001.md	artifacts/documentation-archive/20260910/etc/evidence/m0-t318-s2-p51-original-scs-pre-ntio-owner-cohort-001.md	3481	abc70feabfcfd5395c404db590e7bb0edf99b82d1701a87b0e2ad065630aa463
docs/etc/evidence/m0-t318-s2-p52-original-xms-configuration-prerequisite-001.md	artifacts/documentation-archive/20260910/etc/evidence/m0-t318-s2-p52-original-xms-configuration-prerequisite-001.md	1576	f11a76b03351ef0cf47d3e7b0264517d3004bd37428e64248411acf11f8f8180
docs/etc/evidence/m0-t318-s2-p53-original-configuration-owner-cohort-001.md	artifacts/documentation-archive/20260910/etc/evidence/m0-t318-s2-p53-original-configuration-owner-cohort-001.md	2934	2c8d50c0a814d55546e46450cafd20cbd975d7f1ab4447beb5159623c9f688d9
docs/etc/evidence/m0-t318-s2-p54-ntio-demload-dos-owner-closure-001.md	artifacts/documentation-archive/20260910/etc/evidence/m0-t318-s2-p54-ntio-demload-dos-owner-closure-001.md	2264	7d173578bc733d29a24944ac5e639ba995476ec21ac937edfe8555c8f8567460
docs/etc/evidence/m0-t318-s2-p55-retire-unselected-redirector-pointer-scope-001.md	artifacts/documentation-archive/20260910/etc/evidence/m0-t318-s2-p55-retire-unselected-redirector-pointer-scope-001.md	1347	81d0aaa6bb56c48cc29a1d5eaa1767df9c275d0ce117afc9747fa057742cd115
docs/etc/evidence/m0-t318-s2-p56-base-vdm-host-path-contract-001.md	artifacts/documentation-archive/20260910/etc/evidence/m0-t318-s2-p56-base-vdm-host-path-contract-001.md	2851	1bb22b7def1e2d92cccb254ee3cce2f2aa6007f655d156481038643374e1e3a8
docs/etc/evidence/m0-t318-s2-p57-fixed-container-command-buffer-result-001.md	artifacts/documentation-archive/20260910/etc/evidence/m0-t318-s2-p57-fixed-container-command-buffer-result-001.md	1492	c8b1904a6f4a7377e61305810d704afe472b3b123121e77f7c53fe7cbe1d7e5c
docs/etc/evidence/m0-t318-s2-p58-top-level-exception-result-contract-001.md	artifacts/documentation-archive/20260910/etc/evidence/m0-t318-s2-p58-top-level-exception-result-contract-001.md	1427	1bd298a32e373bb938f18719fcdc064a1ac6f08ca24a61b28d7ea9c34354660b
docs/etc/evidence/m0-t318-s2-p59-cpu40-cvidc-vector-contract-audit-001.md	artifacts/documentation-archive/20260910/etc/evidence/m0-t318-s2-p59-cpu40-cvidc-vector-contract-audit-001.md	3371	78128f0fa839566a79ae683a49c7d4313c50d74fc4970fb48fc87bcb837026eb
docs/etc/evidence/m0-t318-s2-p5-console-observation-admission-001.md	artifacts/documentation-archive/20260910/etc/evidence/m0-t318-s2-p5-console-observation-admission-001.md	3456	6326836e2f291accf9ed0aa1884c8bf125159ea95cdfb28be404338c1c9f46c0
docs/etc/evidence/m0-t318-s2-p60-runtime-product-identity-reconciliation-001.md	artifacts/documentation-archive/20260910/etc/evidence/m0-t318-s2-p60-runtime-product-identity-reconciliation-001.md	2453	4a01978b4eff6f03a82ea1a3923b7f7e638ac265e0a17a70e7207bfa72141b5b
docs/etc/evidence/m0-t318-s2-p61-basesrv-first-command-contract-closure-001.md	artifacts/documentation-archive/20260910/etc/evidence/m0-t318-s2-p61-basesrv-first-command-contract-closure-001.md	2754	9eb1811e23f1d8632ccb3ead38d9dafcf262ff8bbe02f4cf9144079050b69f5b
docs/etc/evidence/m0-t318-s2-p62-fixed-runtime-product-adjacency-closure-001.md	artifacts/documentation-archive/20260910/etc/evidence/m0-t318-s2-p62-fixed-runtime-product-adjacency-closure-001.md	2013	da3ef841caff36ed9a38ea9d7db3bece65182e67c7fc0ced9e28c755cb18b3e5
docs/etc/evidence/m0-t318-s2-p63-pre-ntio-host-ui-timer-owner-audit-001.md	artifacts/documentation-archive/20260910/etc/evidence/m0-t318-s2-p63-pre-ntio-host-ui-timer-owner-audit-001.md	3429	4268223d2eb5760bbeba78d64db148526b810bfdb5e5e7402087b2c1ad93ed16
docs/etc/evidence/m0-t318-s2-p64-cvidc-first-vector-fault-001.md	artifacts/documentation-archive/20260910/etc/evidence/m0-t318-s2-p64-cvidc-first-vector-fault-001.md	1438	6d1d4db995a24c78cf99a059c311d85bd8798751714ab0bd0513279abd8dd67c
docs/etc/evidence/m0-t318-s2-p65-cvidc-timing-provider-and-startup-liveness-001.md	artifacts/documentation-archive/20260910/etc/evidence/m0-t318-s2-p65-cvidc-timing-provider-and-startup-liveness-001.md	1900	72591fb2ddebaa8ed7248fe43037f1d75790448e77eaab88076623743482dc13
docs/etc/evidence/m0-t318-s2-p66-ntio-first-fetch-milestones-001.md	artifacts/documentation-archive/20260910/etc/evidence/m0-t318-s2-p66-ntio-first-fetch-milestones-001.md	2465	82ea9dabc7910488218ec59706c5b6c8b8225fcf3859e164363b3325a532a63e
docs/etc/evidence/m0-t318-s2-p67-original-bop-ingress-observation-001.md	artifacts/documentation-archive/20260910/etc/evidence/m0-t318-s2-p67-original-bop-ingress-observation-001.md	2097	932a0757acdaf8b7d97d90741ebd418ee107a9f84b1618c3f3ae9cd408da9552
docs/etc/evidence/m0-t318-s2-p68-ntio-first-fetch-state-001.md	artifacts/documentation-archive/20260910/etc/evidence/m0-t318-s2-p68-ntio-first-fetch-state-001.md	2177	c46582cc93c515b50e438a168abcda3751ce87a7e4bdb5a8d0192fa2e41e6fb8
docs/etc/evidence/m0-t318-s2-p69-first-control-transfer-heartbeat-owner-audit-001.md	artifacts/documentation-archive/20260910/etc/evidence/m0-t318-s2-p69-first-control-transfer-heartbeat-owner-audit-001.md	2460	e314ffd0f31983c7bc93d179af4fb32cb602af9b3feaaca78ef496f517dd3c15
docs/etc/evidence/m0-t318-s2-p6-base-vdm-ordinary-child-declaration-001.md	artifacts/documentation-archive/20260910/etc/evidence/m0-t318-s2-p6-base-vdm-ordinary-child-declaration-001.md	2321	eb1928486ac016b6fb8e0589aabbc9f6f4cc845181c03fbb812bae31ba6a312f
docs/etc/evidence/m0-t318-s2-p70-heartbeat-provider-binding-audit-001.md	artifacts/documentation-archive/20260910/etc/evidence/m0-t318-s2-p70-heartbeat-provider-binding-audit-001.md	3432	ae3c8c5a35019c73fe655821f7428e4e2e9dda8ba4f014b9041da606d18c5bf8
docs/etc/evidence/m0-t318-s2-p71-remove-startup-observation-perturbation-001.md	artifacts/documentation-archive/20260910/etc/evidence/m0-t318-s2-p71-remove-startup-observation-perturbation-001.md	2232	114fc8d08603c3dea3dc55c0f6b8a0e6df1380db015ea9b85f98a38d72397479
docs/etc/evidence/m0-t318-s2-p72-command-ingress-and-host-path-carrier-001.md	artifacts/documentation-archive/20260910/etc/evidence/m0-t318-s2-p72-command-ingress-and-host-path-carrier-001.md	3067	3bbbf16c2193a5bcfbe388b990ec44b17b0fdeabd42d4ef817db07359caec66c
docs/etc/evidence/m0-t318-s2-p73-short-root-command-attribution-001.md	artifacts/documentation-archive/20260910/etc/evidence/m0-t318-s2-p73-short-root-command-attribution-001.md	2413	4545d9606f00a3ccd784f586c33422b8be3de54f87b6c72c12d568873e42aa1f
docs/etc/evidence/m0-t318-s2-p74-command-config-root-admission-correction-001.md	artifacts/documentation-archive/20260910/etc/evidence/m0-t318-s2-p74-command-config-root-admission-correction-001.md	2169	e37131996c74271a62dbb14b2f93b5d587c3f5fd5f63f7557da9730b96f383a9
docs/etc/evidence/m0-t318-s2-p75-post-cmdsetinfo-guest-device-bootstrap-owner-cohort-001.md	artifacts/documentation-archive/20260910/etc/evidence/m0-t318-s2-p75-post-cmdsetinfo-guest-device-bootstrap-owner-cohort-001.md	3647	f13dc8c3e5321113f51ee31da3fcd98762cbacfabf609245635139e0bc916991
docs/etc/evidence/m0-t318-s2-p76-floppy-recursive-simulation-owner-transfer-001.md	artifacts/documentation-archive/20260910/etc/evidence/m0-t318-s2-p76-floppy-recursive-simulation-owner-transfer-001.md	4766	f64fc23e001a8c2c636807530c6a55b067ec8cd1d2884a73b7bac8125a7e5b91
docs/etc/evidence/m0-t318-s2-p7-v7vga-firmware-configuration-recovery-001.md	artifacts/documentation-archive/20260910/etc/evidence/m0-t318-s2-p7-v7vga-firmware-configuration-recovery-001.md	2032	ed2b11e329f033cc5279ed7e326e6fc6c35400fac3f9bae3b01ff2c0ef5a427a
docs/etc/evidence/m0-t318-s2-p8-headless-console-observation-attribution-001.md	artifacts/documentation-archive/20260910/etc/evidence/m0-t318-s2-p8-headless-console-observation-attribution-001.md	1513	5b2d4b1490a5c22ad740740a0fee7980dcd8e441a86aada22bf06cf533496eb4
docs/etc/evidence/m0-t318-s2-p9-real-console-startup-liveness-001.md	artifacts/documentation-archive/20260910/etc/evidence/m0-t318-s2-p9-real-console-startup-liveness-001.md	1518	a88fcc9c8bcea9e2d028db968decfc309293d4a47ecaa5cc80abeef4c6a1c87d
docs/etc/evidence/m0-t319-s1-softpc-rom-vector-contract-freeze-001.md	artifacts/documentation-archive/20260910/etc/evidence/m0-t319-s1-softpc-rom-vector-contract-freeze-001.md	3852	f9919120317a871b5d6b8aa7a2a58519dc4e4bd3bde9c563ab0437536c141f0e
docs/etc/evidence/m0-t319-s2-p1-original-rom-loader-selection-001.md	artifacts/documentation-archive/20260910/etc/evidence/m0-t319-s2-p1-original-rom-loader-selection-001.md	2976	6e7bc06823413c74afd178f8c48ff8e447fa66ad61b298f8011d38a2f69ea981
docs/etc/evidence/m0-t319-s3-post-rom-termination-attribution-001.md	artifacts/documentation-archive/20260910/etc/evidence/m0-t319-s3-post-rom-termination-attribution-001.md	3106	8e5d7dd7ff9f8cfd91d3c16831d5f3a83af26eff19156d6accf2fc1e092c5c23
docs/etc/evidence/m0-t320-s1-cpu40-to-guest-prerequisite-contract-001.md	artifacts/documentation-archive/20260910/etc/evidence/m0-t320-s1-cpu40-to-guest-prerequisite-contract-001.md	3326	e48d0345b0f177631dcd672051dd7663910a5ce95fc20e44b670d3bfd3496759
docs/etc/evidence/m0-t320-s2-fdc-vector-prerequisite-disposition-001.md	artifacts/documentation-archive/20260910/etc/evidence/m0-t320-s2-fdc-vector-prerequisite-disposition-001.md	1852	76aae486575312a2995e6e96628962ad06f2274770267c3cb599ebda5e96f38f
docs/etc/evidence/m0-t321-s1-vertical-slice-owner-bypass-baseline-001.md	artifacts/documentation-archive/20260910/etc/evidence/m0-t321-s1-vertical-slice-owner-bypass-baseline-001.md	2646	ae8524061f2a00424dd527e529ea63d28b972c5ffbdf84be47962c3525dcaee6
docs/etc/evidence/m0-t321-s2-fixed-vertical-slice-integration-matrix-001.md	artifacts/documentation-archive/20260910/etc/evidence/m0-t321-s2-fixed-vertical-slice-integration-matrix-001.md	1242	68dc1438e67801d6d451fb78b3f99f415be5d93824993cb9aacedcccc12fd054
docs/etc/evidence/m0-t322-s1-original-xms-owner-binding-baseline-001.md	artifacts/documentation-archive/20260910/etc/evidence/m0-t322-s1-original-xms-owner-binding-baseline-001.md	2354	640cf1adbf61551423e96e58eae61742f54cf675c2a9b590a0c28dcd4bafd44b
docs/etc/evidence/m0-t322-s2-original-xms-static-build-001.md	artifacts/documentation-archive/20260910/etc/evidence/m0-t322-s2-original-xms-static-build-001.md	1223	367d12567b28b8a92bea5146fe5ed88fe06bf85c2d8c30b084498f9dc04dfc6b
docs/etc/evidence/m0-t322-s2-xms-dispatcher-mapped-memory-checks-001.md	artifacts/documentation-archive/20260910/etc/evidence/m0-t322-s2-xms-dispatcher-mapped-memory-checks-001.md	3795	3f41e7d47847c7975d88a8cabf28add00ccc2e3cd2b71f5e2a583c7ec0d917ac
docs/etc/evidence/m0-t323-s1-original-dpmi-owner-binding-baseline-001.md	artifacts/documentation-archive/20260910/etc/evidence/m0-t323-s1-original-dpmi-owner-binding-baseline-001.md	5148	2b31468140e675a00f3596627e75e6a5416e522f23c0cd67dbb59e189a205bd5
docs/etc/evidence/m0-t323-s2-dpmi-guest-span-lifetime-ledger-001.md	artifacts/documentation-archive/20260910/etc/evidence/m0-t323-s2-dpmi-guest-span-lifetime-ledger-001.md	7616	1d0a7bead3e5f081547e16b3c4506a85da81c4ce5f8fcc9dad93011b833f84ec
docs/etc/evidence/m0-t324-s1-original-redirector-owner-binding-baseline-001.md	artifacts/documentation-archive/20260910/etc/evidence/m0-t324-s1-original-redirector-owner-binding-baseline-001.md	4284	99c61799d2381549e5db678f2c280433845e133203c2a981d0c4297b7e229447
docs/etc/evidence/m0-t324-s1-redirector-unit-disposition-ledger-001.md	artifacts/documentation-archive/20260910/etc/evidence/m0-t324-s1-redirector-unit-disposition-ledger-001.md	5452	235d6d2c48a9e5bfa26aa016988040d9274eabfa6f673229f77e0e6acf1a8a59
docs/etc/evidence/m0-t324-s2-local-redirector-guest-span-ica-binding-001.md	artifacts/documentation-archive/20260910/etc/evidence/m0-t324-s2-local-redirector-guest-span-ica-binding-001.md	2764	66e1730d02b02789755709ad9877211d14a5cfcdf818c7eb894f5c453d6a274a
docs/etc/evidence/m0-t324-s2-local-redirector-source-closure-001.md	artifacts/documentation-archive/20260910/etc/evidence/m0-t324-s2-local-redirector-source-closure-001.md	2959	78f9de21ec6f7f19d65a3173883f4157c6583434648821c2152bbbf71ffa65bd
docs/etc/evidence/m0-t324-s2-named-pipe-completion-contract-001.md	artifacts/documentation-archive/20260910/etc/evidence/m0-t324-s2-named-pipe-completion-contract-001.md	3116	07d53d19d07982794c9556a8a7328f154fa75a216f654ec9b4c0208e3e044ddd
docs/etc/evidence/m0-t324-s2-retired-redirector-pointer-scope-cleanup-001.md	artifacts/documentation-archive/20260910/etc/evidence/m0-t324-s2-retired-redirector-pointer-scope-cleanup-001.md	1174	2134c0c67b542b9aed74754dfd45ecfd8c12550fc210e583383085ee0e22cf42
docs/etc/evidence/m0-t325-s1-netapi-rap-physical-boundary-baseline-001.md	artifacts/documentation-archive/20260910/etc/evidence/m0-t325-s1-netapi-rap-physical-boundary-baseline-001.md	2670	ef85b27a570901c0719bf51770d1a688df0bacdbeae4e079367e229bea9ee22f
docs/etc/evidence/m0-t325-s2-public-workstation-query-lease-recovery-001.md	artifacts/documentation-archive/20260910/etc/evidence/m0-t325-s2-public-workstation-query-lease-recovery-001.md	2563	c5210d3aab33dc56b2bb4151856500a1ee85b14ba7678e08aefe24f113b4b5e8
docs/etc/evidence/m0-t326-s1-fixed-softpc-pre-bop-startup-cut-001.md	artifacts/documentation-archive/20260910/etc/evidence/m0-t326-s1-fixed-softpc-pre-bop-startup-cut-001.md	3453	26a85f89742cd8df95d23e7e6b2276d4bc740e637984ca3811e4a52d61a23628
docs/etc/evidence/m0-t327-s1-cpu40-to-guest-prerequisite-contract-001.md	artifacts/documentation-archive/20260910/etc/evidence/m0-t327-s1-cpu40-to-guest-prerequisite-contract-001.md	3380	9a6d2358417d520219f2d6782bf0c2404342fde7be034f6d59356fd1e2223cc6
docs/etc/evidence/m0-t327-s2-cpu40-wait-prerequisite-disposition-001.md	artifacts/documentation-archive/20260910/etc/evidence/m0-t327-s2-cpu40-wait-prerequisite-disposition-001.md	2758	734413151a2feb72263c9f3a8553ead742ae861008d808b37b2ffcca6df3c41e
docs/etc/evidence/m0-t327-s3-command-configuration-owner-transfer-001.md	artifacts/documentation-archive/20260910/etc/evidence/m0-t327-s3-command-configuration-owner-transfer-001.md	3069	91e1cf7e6bcfae10eab84967df454e78fba5a40cf23741bf469b9663a908ed7d
docs/etc/evidence/m0-t328-s1-original-fdc-int15-wait-continuation-contract-001.md	artifacts/documentation-archive/20260910/etc/evidence/m0-t328-s1-original-fdc-int15-wait-continuation-contract-001.md	4101	2274e5207538c1a5508d099e62bebcaa43df24d92d4df2d62404269706b3aade
docs/etc/evidence/m0-t329-s1-original-cpu40-recursive-frame-lifecycle-contract-001.md	artifacts/documentation-archive/20260910/etc/evidence/m0-t329-s1-original-cpu40-recursive-frame-lifecycle-contract-001.md	3420	3808e03f7ff160911dbff0afb10e85d8b5b80679a99260ec26dd2177122765a6
docs/etc/evidence/m0-t330-s1-s3-original-exception-context-attribution-001.md	artifacts/documentation-archive/20260910/etc/evidence/m0-t330-s1-s3-original-exception-context-attribution-001.md	2961	238472ff0e67d3ae3735f8d4c1975425c3be46e6949991d1a8566a7914f4bd17
docs/etc/evidence/m0-t331-s1-current-original-xms-owner-abi-rebaseline-001.md	artifacts/documentation-archive/20260910/etc/evidence/m0-t331-s1-current-original-xms-owner-abi-rebaseline-001.md	3275	d65245044f9ffd6afeff14da30879c5401876d121c5d407f8e0e24efe0efa361
docs/etc/evidence/m0-t331-s1-xms-owner-abi-rebaseline-001.tsv	artifacts/documentation-archive/20260910/etc/evidence/m0-t331-s1-xms-owner-abi-rebaseline-001.tsv	5002	31a1774394e447214877c0fcc0fd6db06d7fc3f9ebbe49e1775a9d59f80e49ae
docs/etc/evidence/m0-t331-s2-original-xms-cpu40-session-binding-001.md	artifacts/documentation-archive/20260910/etc/evidence/m0-t331-s2-original-xms-cpu40-session-binding-001.md	2411	659cd0c1bb4da8d6b522656508bc50c92153adef044fdb016ed0d474d9369378
docs/etc/evidence/m0-t331-s3-original-xms-package-contract-matrix-001.md	artifacts/documentation-archive/20260910/etc/evidence/m0-t331-s3-original-xms-package-contract-matrix-001.md	2244	ec9886d0768059916c19eadf366c66875db51362f0a2c1ae49d83e0d72241385
docs/etc/evidence/m0-t331-s4-original-xms-formal-product-closure-001.md	artifacts/documentation-archive/20260910/etc/evidence/m0-t331-s4-original-xms-formal-product-closure-001.md	2928	f73ad3d2536bf51a2b41f0e2535ba3b8776854f0de41d586906e74d25de5d165
docs/etc/evidence/m0-t332-s1-original-dpmi-source-abi-admission-001.md	artifacts/documentation-archive/20260910/etc/evidence/m0-t332-s1-original-dpmi-source-abi-admission-001.md	2943	7b646df4a7da841bca3611fef0d489b667c53d12dd418589d525c0f0acff5122
docs/etc/evidence/m0-t332-s2-dpmi-span-identity-monitor-contract-001.md	artifacts/documentation-archive/20260910/etc/evidence/m0-t332-s2-dpmi-span-identity-monitor-contract-001.md	2413	370040bbbdca8de6a61a9ea9e2699a350aa185d0ec2ac67ab2652a44fecafa64
docs/etc/evidence/m0-t332-s3-original-dpmi-source-cohort-build-001.md	artifacts/documentation-archive/20260910/etc/evidence/m0-t332-s3-original-dpmi-source-cohort-build-001.md	1631	4ab3145ff3e0a9152889cde20240daa24d5f5d9c983b96438d30154a7fac1e6a
docs/etc/evidence/m0-t332-s4-original-dpmi-package-disposition-001.md	artifacts/documentation-archive/20260910/etc/evidence/m0-t332-s4-original-dpmi-package-disposition-001.md	2083	61610cdef3bb6b77ab740812f4244ce2091eabfb24bf86b7c30abd5ad4517826
docs/etc/evidence/m0-t333-s1-original-redirector-source-abi-admission-001.md	artifacts/documentation-archive/20260910/etc/evidence/m0-t333-s1-original-redirector-source-abi-admission-001.md	2479	258f18b7c90840ea5ef0e564b26bc75de4d72a58996049059b2242c64f9436a6
docs/etc/evidence/m0-t333-s2-redirector-external-form-admission-001.md	artifacts/documentation-archive/20260910/etc/evidence/m0-t333-s2-redirector-external-form-admission-001.md	2076	e9ba7dcba895598d1f369bb67806d7ce81634591742258451d9c06ee1bab93d5
docs/etc/evidence/m0-t333-s3-p1-redirector-synchronous-source-build-001.md	artifacts/documentation-archive/20260910/etc/evidence/m0-t333-s3-p1-redirector-synchronous-source-build-001.md	2332	a7e821953011baf50fd2720ec7e26fbc2bcabdb97f83233837769416ee166542
docs/etc/evidence/m0-t333-s3-p2-complete-redirector-package-build-001.md	artifacts/documentation-archive/20260910/etc/evidence/m0-t333-s3-p2-complete-redirector-package-build-001.md	2751	eed341d180bb1e495282aac75c54794058034595feaa19b83eb4bf497fc3a3c6
docs/etc/evidence/m0-t333-s3-p3-original-dll-dependency-boundary-001.md	artifacts/documentation-archive/20260910/etc/evidence/m0-t333-s3-p3-original-dll-dependency-boundary-001.md	2242	a96d147d6a1de8b71e8e9cd418531b6b650837c6d37dd5a570e2afcdbcdb8db3
docs/etc/evidence/m0-t333-s4-redirector-async-adapter-composition-001.md	artifacts/documentation-archive/20260910/etc/evidence/m0-t333-s4-redirector-async-adapter-composition-001.md	2378	3dc953d92c395386d3324c7704844bd6a019423f44f34ef1f9cbce8549d31f2b
docs/etc/evidence/m0-t333-s5-redirector-network-assignment-disposition-001.md	artifacts/documentation-archive/20260910/etc/evidence/m0-t333-s5-redirector-network-assignment-disposition-001.md	2013	2568adaa6d3d11120bb7ec663acf2f31bef149f64756fb165d6d6ee37ed53b39
docs/etc/evidence/m0-t333-s6-redirector-package-reconciliation-001.md	artifacts/documentation-archive/20260910/etc/evidence/m0-t333-s6-redirector-package-reconciliation-001.md	2409	15231d7a9c73f3099e94b2d749197d2941142cb48279c62e9ce9ccf1dcf7c850
docs/etc/evidence/m0-t334-s1-netapi-rap-physical-boundary-rebaseline-001.md	artifacts/documentation-archive/20260910/etc/evidence/m0-t334-s1-netapi-rap-physical-boundary-rebaseline-001.md	2746	a112f6135c92acc539bcfa11cb47194b8102cf75b06083f1b12dfd13cf2d71e0
docs/etc/evidence/m0-t334-s2-public-workstation-query-contract-001.md	artifacts/documentation-archive/20260910/etc/evidence/m0-t334-s2-public-workstation-query-contract-001.md	2239	727c73b363f9cc133bb3d13897f5d01cecbd2b6ef9e759039bcc9dbc419fb93c
docs/etc/evidence/m0-t334-s3-redirector-negative-contract-reconciliation-001.md	artifacts/documentation-archive/20260910/etc/evidence/m0-t334-s3-redirector-negative-contract-reconciliation-001.md	1368	d68dfebb75b826cbc4207a411d91f76784d2246e566fa8bfae940070f736e330
docs/etc/evidence/m0-t334-s4-netapi-rap-package-reconciliation-001.md	artifacts/documentation-archive/20260910/etc/evidence/m0-t334-s4-netapi-rap-package-reconciliation-001.md	2683	24b99249885c7571c5ab12ce848dc16acb68bda78b87f935f4751d8624e3a87f
docs/etc/evidence/m0-t335-s1-wow-source-abi-profile-rebaseline-001.md	artifacts/documentation-archive/20260910/etc/evidence/m0-t335-s1-wow-source-abi-profile-rebaseline-001.md	3500	145b44c967c366fdb822517fa4eb8903f8c494c059f2430c570639d2f1306fcc
docs/etc/evidence/m0-t335-s2-wow-callback-frame-contract-001.md	artifacts/documentation-archive/20260910/etc/evidence/m0-t335-s2-wow-callback-frame-contract-001.md	3201	e2f46ba1a9f5c3e635192e54b26365825040f71a975018bd0398fc9b4aa82abe
docs/etc/evidence/m0-t335-s3-p10-basesrv-wow-command-route-001.md	artifacts/documentation-archive/20260910/etc/evidence/m0-t335-s3-p10-basesrv-wow-command-route-001.md	3087	1bade15939a3a6a24f811fd9e36e1dcb8e9a69eac969a66c5754a0afd296d120
docs/etc/evidence/m0-t335-s3-p11-original-wow-startup-activation-observation-001.md	artifacts/documentation-archive/20260910/etc/evidence/m0-t335-s3-p11-original-wow-startup-activation-observation-001.md	4486	b940dab7a405b448094d3d1698ae8efad6dca1aec48c1636a5a9057dc5c4b8cb
docs/etc/evidence/m0-t335-s3-p12-original-callback-ccpu40-return-001.md	artifacts/documentation-archive/20260910/etc/evidence/m0-t335-s3-p12-original-callback-ccpu40-return-001.md	3374	00a54fc2326cc5794152eb9f6aa0bafe983e254c315ae5854a474433ac96284f
docs/etc/evidence/m0-t335-s3-p1-wow-scoped-frame-lease-001.md	artifacts/documentation-archive/20260910/etc/evidence/m0-t335-s3-p1-wow-scoped-frame-lease-001.md	1628	a987474fec676eac729baa28cfa1cefd08ac88523cc388de5a3d8e703fdb539b
docs/etc/evidence/m0-t335-s3-p2-wow-pointer-access-family-audit-001.md	artifacts/documentation-archive/20260910/etc/evidence/m0-t335-s3-p2-wow-pointer-access-family-audit-001.md	2056	d4e7360693f1681b23507b7ae7700ff7d5d39dc11604befcaa7b1a78b67886ad
docs/etc/evidence/m0-t335-s3-p3-wow-current-task-teb-binding-001.md	artifacts/documentation-archive/20260910/etc/evidence/m0-t335-s3-p3-wow-current-task-teb-binding-001.md	3133	8cc6a4dc3f2fdfdba6d040de5e6d62ba8f0ac4265c7ccc9bc6ae6d2ce6e4b192
docs/etc/evidence/m0-t335-s3-p4-wow-softpc-pointer-seam-correction-001.md	artifacts/documentation-archive/20260910/etc/evidence/m0-t335-s3-p4-wow-softpc-pointer-seam-correction-001.md	1845	870caa13662bed0a9b52df08ca5b8a240c3bc0784b7d489e80a017d44da896fe
docs/etc/evidence/m0-t335-s3-p5-wow-source-wide-pointer-plane-audit-001.md	artifacts/documentation-archive/20260910/etc/evidence/m0-t335-s3-p5-wow-source-wide-pointer-plane-audit-001.md	3769	f98233ee182b999f8b65ea021a0cfccd45c2e51e55eefe7ba2ae4ef23010dff3
docs/etc/evidence/m0-t335-s3-p6-wow-cpu40-selector-resolution-001.md	artifacts/documentation-archive/20260910/etc/evidence/m0-t335-s3-p6-wow-cpu40-selector-resolution-001.md	1539	e7277d708f92412288572a4ab4d4e678ab8b3df893ef197e91353f09f6b9cb6c
docs/etc/evidence/m0-t335-s3-p7-wow-two-frame-lease-shape-001.md	artifacts/documentation-archive/20260910/etc/evidence/m0-t335-s3-p7-wow-two-frame-lease-shape-001.md	1394	4db084a22f9881974b1cd27c1583899c22297500ca7a65cf3bea279f3fc07c1d
docs/etc/evidence/m0-t335-s3-p8-wow-callback-source-binding-001.md	artifacts/documentation-archive/20260910/etc/evidence/m0-t335-s3-p8-wow-callback-source-binding-001.md	2704	d4c989ed87788f3d747ec0da5e2c4f21c56539dbf5b548843c96dcdb30fdcb22
docs/etc/evidence/m0-t335-s3-p9-wow-guest-return-boundary-001.md	artifacts/documentation-archive/20260910/etc/evidence/m0-t335-s3-p9-wow-guest-return-boundary-001.md	3486	f33a8ab89f8034bf4edfe4733bb3a17b4c1f89fdb744e409abc02bf3b92b8511
docs/etc/evidence/m0-t335-s4-wow-package-reconciliation-001.md	artifacts/documentation-archive/20260910/etc/evidence/m0-t335-s4-wow-package-reconciliation-001.md	3616	c67ed4ffca04aaf1c4adcae403097ac8c805c838ac6ca6ed9bc181e13ac0161c
docs/etc/evidence/m0-t336-s1-post-cmdsetinfo-source-cohort-admission-001.md	artifacts/documentation-archive/20260910/etc/evidence/m0-t336-s1-post-cmdsetinfo-source-cohort-admission-001.md	4038	33183f4a72562e2eeb6feff403650a1e4bae3a6d39109bf4574c66ae30b1ebb6
docs/etc/evidence/m0-t336-s2-cpu40-recursive-vector-recovery-001.md	artifacts/documentation-archive/20260910/etc/evidence/m0-t336-s2-cpu40-recursive-vector-recovery-001.md	2682	fbb5e5d60d5fdee63398fe20252688a699470c90898de7b1a4392545c9981b93
docs/etc/evidence/m0-t336-s3-fdc-int15-completion-cohort-audit-001.md	artifacts/documentation-archive/20260910/etc/evidence/m0-t336-s3-fdc-int15-completion-cohort-audit-001.md	3739	da22deec3e3481946c1b48a8a52f005d50bf5523002f48c832291be14e91e62b
docs/etc/evidence/m0-t336-s4-post-vector-terminal-attribution-001.md	artifacts/documentation-archive/20260910/etc/evidence/m0-t336-s4-post-vector-terminal-attribution-001.md	3285	e261c558f42d34f24a69e0c1cb6b5e16d7f80d0290cdf5ca45680e9e0cdf0062
docs/etc/evidence/m0-t337-s1-packaged-system-file-root-contract-audit-001.md	artifacts/documentation-archive/20260910/etc/evidence/m0-t337-s1-packaged-system-file-root-contract-audit-001.md	4198	b7c0b386e93e2deb53a38513e09e847f3bba7791f4cee7fe14ae786ce781ff3e
docs/etc/evidence/m0-t337-s2-original-system-root-binding-rebaseline-001.md	artifacts/documentation-archive/20260910/etc/evidence/m0-t337-s2-original-system-root-binding-rebaseline-001.md	2203	af4a652a0a50324263fa5a0ddb726111c296b3ae0cd88529ba51dc6d9f6fc25a
docs/etc/evidence/m0-t337-s3-unified-mvdm-system-root-composition-001.md	artifacts/documentation-archive/20260910/etc/evidence/m0-t337-s3-unified-mvdm-system-root-composition-001.md	2173	b5df48243626269970933177ff0415d3a94f8b2ebf487b66db16b6a39ccbd7b0
docs/etc/evidence/m0-t337-s4-fixed-mvdm-system-root-observation-001.md	artifacts/documentation-archive/20260910/etc/evidence/m0-t337-s4-fixed-mvdm-system-root-observation-001.md	1325	2b54f4e7e634a2e2d4fcbb673ce1997ba83f6ee3dc04566d3786154a1a642d2d
docs/etc/evidence/m0-t338-s1-original-child-parent-return-precondition-contract-001.md	artifacts/documentation-archive/20260910/etc/evidence/m0-t338-s1-original-child-parent-return-precondition-contract-001.md	2455	886875603c5b945c3f678da83beb340880cafe1f6dc36722774db5401dea2b73
docs/etc/evidence/m0-t338-s2-post-configuration-continuation-attribution-001.md	artifacts/documentation-archive/20260910/etc/evidence/m0-t338-s2-post-configuration-continuation-attribution-001.md	2796	8026662144fa0d803a396b2115221554dcec482e3a59591d47bd9046f4cebe7d
docs/etc/evidence/m0-t338-s3-original-configuration-path-capacity-transfer-001.md	artifacts/documentation-archive/20260910/etc/evidence/m0-t338-s3-original-configuration-path-capacity-transfer-001.md	2318	cb39e7886fc38afb3db30d2ea3ced67e6304c7a1e4be6acf153f00d35bc85abf
docs/etc/evidence/m0-t339-s1-original-guest-predecessor-contract-001.md	artifacts/documentation-archive/20260910/etc/evidence/m0-t339-s1-original-guest-predecessor-contract-001.md	5220	fcf8e91d7979e5e6efc05e8f6e9e91cd1fd0c0c8e1169f688ac07cfdb8a367b8
docs/etc/evidence/m0-t339-s2-passive-terminal-discriminator-001.md	artifacts/documentation-archive/20260910/etc/evidence/m0-t339-s2-passive-terminal-discriminator-001.md	3117	9bd1428f51c601c606bdecaf5fccd792f1bd488be650922ca1e50051d7aac224
docs/etc/evidence/m0-t340-s1-resident-device-initialization-contract-001.md	artifacts/documentation-archive/20260910/etc/evidence/m0-t340-s1-resident-device-initialization-contract-001.md	3838	3cb92a303e07de214389656a0896c805974a3b9d6ab53c7b33e41a3c82c82c06
docs/etc/evidence/m0-t340-s2-himem-softpc-xms-a20-int15-hma-recovery-001.md	artifacts/documentation-archive/20260910/etc/evidence/m0-t340-s2-himem-softpc-xms-a20-int15-hma-recovery-001.md	3436	9b657ea796679013a111d3155ba81db380df938d27d2c2a2f3df74336a940be1
docs/etc/evidence/m0-t340-s3-fixed-himem-cohort-observation-001.md	artifacts/documentation-archive/20260910/etc/evidence/m0-t340-s3-fixed-himem-cohort-observation-001.md	1562	dcf7c7488bc901e011c87a07504129a7b0b37a7871e53a8268f43196cc8ba462
docs/etc/evidence/m0-t341-s1-vdd-owner-package-admission-001.md	artifacts/documentation-archive/20260910/etc/evidence/m0-t341-s1-vdd-owner-package-admission-001.md	3548	1ff7b96b7fb128e6fb4bab4327920b8c438306f2877fdd3a74090778e334e335
docs/etc/evidence/m0-t341-s2-vdd-no-provider-formal-closure-001.md	artifacts/documentation-archive/20260910/etc/evidence/m0-t341-s2-vdd-no-provider-formal-closure-001.md	1943	d2c6156889706a2341500131ebce68c1eb160d2da013a7d8d445eae8c863198c
docs/etc/evidence/m0-t342-s1-debugger-bde-fax-owner-package-admission-001.md	artifacts/documentation-archive/20260910/etc/evidence/m0-t342-s1-debugger-bde-fax-owner-package-admission-001.md	1764	05e4e08a3531d846cc73daf48500946f524c14927028705de143dba8299c2bbf
docs/etc/evidence/m0-t342-s2-debugger-startup-formal-closure-001.md	artifacts/documentation-archive/20260910/etc/evidence/m0-t342-s2-debugger-startup-formal-closure-001.md	1067	f77ee7760a0280c57109992c1ba5b0e352660b2e780db09350edc7eda44427e2
docs/etc/evidence/m0-t343-s1-broker-process-boundary-001.md	artifacts/documentation-archive/20260910/etc/evidence/m0-t343-s1-broker-process-boundary-001.md	1410	3f8d1f4f9542860e60793c446db33e121b2ddf8299f602ea00b267d953b0c63a
docs/etc/evidence/m0-t343-s2-basesrv-record-message-contract-001.md	artifacts/documentation-archive/20260910/etc/evidence/m0-t343-s2-basesrv-record-message-contract-001.md	3994	0cbb59d9822e5dc5e41e32959d35e981ffa18be31c55886024b2524496742f5f
docs/etc/evidence/m0-t343-s3-p1-copied-record-core-001.md	artifacts/documentation-archive/20260910/etc/evidence/m0-t343-s3-p1-copied-record-core-001.md	2234	0dd5c9e2a79685e3b6bee6f36b411b00487df35847fc98b1c10f788eeaa3f4e6
docs/etc/evidence/m0-t343-s3-p2-basesrv-broker-binding-001.md	artifacts/documentation-archive/20260910/etc/evidence/m0-t343-s3-p2-basesrv-broker-binding-001.md	2088	474aa989dcc51cf82d744797918805bb28499cf3fba6bbb70103fce76f05f30f
docs/etc/evidence/m0-t343-s3-p3-copied-record-formal-closure-001.md	artifacts/documentation-archive/20260910/etc/evidence/m0-t343-s3-p3-copied-record-formal-closure-001.md	2376	8c8b562ddfba350b5857bd8c9181114c6009895aea96bdcf210f3244b078d243
docs/etc/evidence/m0-t344-s3-single-session-formal-closure-001.md	artifacts/documentation-archive/20260910/etc/evidence/m0-t344-s3-single-session-formal-closure-001.md	2175	c841d94005668340200b2029aeae2ace26d12daf801623c1cabf247baab4e7e5
docs/etc/evidence/m0-t345-s1-host-capability-inventory-closure-001.md	artifacts/documentation-archive/20260910/etc/evidence/m0-t345-s1-host-capability-inventory-closure-001.md	2393	403ffafb9ae6c88ff5f3e26d9ac1046520d28459c2b34dbf65f4405aad4052d5
docs/etc/evidence/m0-t345-s2-ordinary-dem-host-capability-recovery-001.md	artifacts/documentation-archive/20260910/etc/evidence/m0-t345-s2-ordinary-dem-host-capability-recovery-001.md	3878	f4a5436e218008c28fa317e6409a3d4db427d924b04407ac468da5e046c1ee28
docs/etc/evidence/m0-t345-s3-ordinary-dem-formal-closure-001.md	artifacts/documentation-archive/20260910/etc/evidence/m0-t345-s3-ordinary-dem-formal-closure-001.md	2051	b3327bdc3dc7b3ee15696a211ad8b45835c6651c364dff7bca824d9a0a005c35
docs/etc/evidence/m0-t346-s2-p2-graphics-session-surface-closure-001.md	artifacts/documentation-archive/20260910/etc/evidence/m0-t346-s2-p2-graphics-session-surface-closure-001.md	2302	d978038f6b82aa4e0e7cf8bf448a46b707fd118ab63b2a42e46ffe0a89f2540e
docs/etc/evidence/m0-t346-s3-app-presentation-window-closure-001.md	artifacts/documentation-archive/20260910/etc/evidence/m0-t346-s3-app-presentation-window-closure-001.md	1981	54ae1b2bcc1c4dea3fa2c65418cdb02735c08edd78d2fc691de9b0bd7b5c156b
docs/etc/evidence/m0-t346-s4-fixed-presentation-observation-001.md	artifacts/documentation-archive/20260910/etc/evidence/m0-t346-s4-fixed-presentation-observation-001.md	1913	3a0140c7f403a27aff50d6eb6dbb04c85f4430574b47ea82f0100f6b122717a4
docs/etc/evidence/m0-t346-s4-p2-presentation-noninterference-fixture-001.md	artifacts/documentation-archive/20260910/etc/evidence/m0-t346-s4-p2-presentation-noninterference-fixture-001.md	2013	b6cb521c47631ec87573473937437c97f817a1d12bef30ad4746bca88e754556
docs/etc/evidence/m0-t346-s4-p3-command-scalar-alias-owner-transfer-001.md	artifacts/documentation-archive/20260910/etc/evidence/m0-t346-s4-p3-command-scalar-alias-owner-transfer-001.md	2531	8f7ba3ca2fc5e5816d56619edb2f589f24139c7eaf0757ed7f47d0572294fdb9
docs/etc/evidence/m0-t347-s1-scalar-alias-registration-lifetime-ledger-001.md	artifacts/documentation-archive/20260910/etc/evidence/m0-t347-s1-scalar-alias-registration-lifetime-ledger-001.md	6622	a729d9b203e7d23518422b97cb955c123c2d1989adbe96d132f70402b792a2d7
docs/etc/evidence/m0-t347-s2-scalar-location-adapter-closure-001.md	artifacts/documentation-archive/20260910/etc/evidence/m0-t347-s2-scalar-location-adapter-closure-001.md	2766	6e8c2308e79ccb94f1e1a8103a7142f4b540c5bb753cd155bef93772de9d70a8
docs/etc/evidence/m0-t347-s3-original-scalar-alias-migration-closure-001.md	artifacts/documentation-archive/20260910/etc/evidence/m0-t347-s3-original-scalar-alias-migration-closure-001.md	3303	6ed62f521076ca23b080df24e569ee3dd172ef8dd1e21399135d427aa432d9a5
docs/etc/evidence/m0-t347-s4-fixed-scalar-observation-001.md	artifacts/documentation-archive/20260910/etc/evidence/m0-t347-s4-fixed-scalar-observation-001.md	1493	012a91bbd8cae681d66afc17f1eb13b2532c87bc89ead8c0aef205891082fca1
docs/etc/evidence/m0-t348-s1-guest-media-provenance-inventory-001.md	artifacts/documentation-archive/20260910/etc/evidence/m0-t348-s1-guest-media-provenance-inventory-001.md	2151	46c98bdc9fcc3ea022ab01f946c7b0c6f5252abb09935cdd587e5e08c45c8307
docs/etc/evidence/m0-t348-s2-executable-relative-staging-reconciliation-001.md	artifacts/documentation-archive/20260910/etc/evidence/m0-t348-s2-executable-relative-staging-reconciliation-001.md	1534	f8117bbc0d89d4b17b0bff6751158356d072fc56e2d74f02318c232f9d2e1ba6
docs/etc/evidence/m0-t348-s3-guest-artifact-matrix-closure-001.md	artifacts/documentation-archive/20260910/etc/evidence/m0-t348-s3-guest-artifact-matrix-closure-001.md	1342	b77e4dad9adfbfa81e3c1145023a4400760186d1b7b2656130645ed2f7d2b902
docs/etc/evidence/m0-t349-s1-original-command-package-path-capacity-audit-001.md	artifacts/documentation-archive/20260910/etc/evidence/m0-t349-s1-original-command-package-path-capacity-audit-001.md	2151	72753c6e0fe678fc0e56bc735e7612850a56d390a3a7e9ba31bcb2b58f2a7355
docs/etc/evidence/m0-t349-s2-command-package-path-admission-001.md	artifacts/documentation-archive/20260910/etc/evidence/m0-t349-s2-command-package-path-admission-001.md	1505	611666d3be77e52e28a186f7d6088b687c268a0e48d89c18ad8a5acba6bb1f7f
docs/etc/evidence/m0-t349-s3-command-package-path-capacity-closure-001.md	artifacts/documentation-archive/20260910/etc/evidence/m0-t349-s3-command-package-path-capacity-closure-001.md	1268	5bedf6df0fa05c42fd32520c830cee8360a33394ffd14058353e261d0a953624
docs/etc/evidence/m0-t350-s1-post-cmdsetinfo-current-source-state-readmission-001.md	artifacts/documentation-archive/20260910/etc/evidence/m0-t350-s1-post-cmdsetinfo-current-source-state-readmission-001.md	1779	a4dcd38fe93345c71cde8f24814642ad1cf64a357904c5afc55bdf47ffa45f50
docs/etc/evidence/m0-t350-s2-cpu40-sas-bios-bootstrap-recovery-001.md	artifacts/documentation-archive/20260910/etc/evidence/m0-t350-s2-cpu40-sas-bios-bootstrap-recovery-001.md	4365	18b00cc48351b5264f2cd5b584db258a001fcc9998d769b3798d05ea3e4845d3
docs/etc/evidence/m0-t350-s3-cpu40-sas-bootstrap-formal-closure-001.md	artifacts/documentation-archive/20260910/etc/evidence/m0-t350-s3-cpu40-sas-bootstrap-formal-closure-001.md	2189	1f94708bb6f7bb3a421e17b9e4e1a5c81f7ada9d70b03f5ef013efa8e2530244
docs/etc/evidence/m0-t350-s4-fixed-bootstrap-observation-001.md	artifacts/documentation-archive/20260910/etc/evidence/m0-t350-s4-fixed-bootstrap-observation-001.md	2324	a25c20fe5d412ddf93cc25bdc66ec5b03b283625ea2d70bd9b90ce330ba5878c
docs/etc/evidence/m0-t351-s1-command-ntdos-bootstrap-owner-admission-001.md	artifacts/documentation-archive/20260910/etc/evidence/m0-t351-s1-command-ntdos-bootstrap-owner-admission-001.md	2791	b645bec5b3827ec9e8187378d4876391c941a942c003a77659c5a7eca6a304d9
docs/etc/evidence/m0-t351-s2-scs-scalar-lifecycle-binding-closure-001.md	artifacts/documentation-archive/20260910/etc/evidence/m0-t351-s2-scs-scalar-lifecycle-binding-closure-001.md	3504	8086f52f8e8f40e45f2f02d0d82ee85978e8747cb4a378910583a0bbb1d5618a
docs/etc/evidence/m0-t351-s3-original-bootstrap-local-contract-closure-001.md	artifacts/documentation-archive/20260910/etc/evidence/m0-t351-s3-original-bootstrap-local-contract-closure-001.md	2731	8793314806f0e7a33729bf7039f88441e43dbae4c2ba7dde68a309ccd3788f02
docs/etc/evidence/m0-t351-s4-fixed-container-bootstrap-observation-001.md	artifacts/documentation-archive/20260910/etc/evidence/m0-t351-s4-fixed-container-bootstrap-observation-001.md	2248	2e208c61e49a52eea1167d3bc2d3bb834b3215835281c90f710577ecb0661478
docs/etc/evidence/m0-t352-s1-post-cmdsetinfo-owner-admission-001.md	artifacts/documentation-archive/20260910/etc/evidence/m0-t352-s1-post-cmdsetinfo-owner-admission-001.md	2832	515881709d909b15743d18e215ad0fc3c334d651b58d33f4583e1a5158c9dfb0
docs/etc/evidence/m0-t352-s2-post-cmdsetinfo-return-attribution-001.md	artifacts/documentation-archive/20260910/etc/evidence/m0-t352-s2-post-cmdsetinfo-return-attribution-001.md	2945	fd98247d06f6598699823cf73310c1ab9ce4fe818cff8e04006b6c7b6728c891
docs/etc/evidence/m0-t352-s3-command-return-durability-audit-001.md	artifacts/documentation-archive/20260910/etc/evidence/m0-t352-s3-command-return-durability-audit-001.md	2015	41b9fb91305e25337c5e838e340acca3c71eee50281e12d7eda425b69cf0ac96
docs/etc/evidence/m0-t352-s4-durable-command-return-observation-001.md	artifacts/documentation-archive/20260910/etc/evidence/m0-t352-s4-durable-command-return-observation-001.md	2008	426fe8f75aa2c27d1be0714ae968b9edbd7bec0af5aabc7d61982cd654abc212
docs/etc/evidence/m0-t352-s5-command-call-cohort-attribution-001.md	artifacts/documentation-archive/20260910/etc/evidence/m0-t352-s5-command-call-cohort-attribution-001.md	2645	8e04b652021737027d908bc37fccf8b7d1f14adf4b6c7e0f68a4835c3de622ff
docs/etc/evidence/m0-t353-s1-post-cmdgetconfigsys-owner-admission-001.md	artifacts/documentation-archive/20260910/etc/evidence/m0-t353-s1-post-cmdgetconfigsys-owner-admission-001.md	2459	14346437ef0cd5075c706d1b6536e6c226b5ec7c35a29d784f5edae6b32dfc3c
docs/etc/evidence/m0-t353-s2-processconfig-continuation-boundary-audit-001.md	artifacts/documentation-archive/20260910/etc/evidence/m0-t353-s2-processconfig-continuation-boundary-audit-001.md	1977	3db1b964a5df22702ccb4f9503fee95054c5bfcdf257db6fdb4ed90c60215ce1
docs/etc/evidence/m0-t353-s3-config-prescan-observation-admission-001.md	artifacts/documentation-archive/20260910/etc/evidence/m0-t353-s3-config-prescan-observation-admission-001.md	1447	499d0b24dac0512d4190b93787cd54cd6c5c799d52308fc22617f3529914e006
docs/etc/evidence/m0-t353-s4-fixed-config-prescan-observation-001.md	artifacts/documentation-archive/20260910/etc/evidence/m0-t353-s4-fixed-config-prescan-observation-001.md	2254	01ba15137faf6e9125d0cb66750e864c052742c9f6e55e87451c571d0054efc8
docs/etc/evidence/m0-t354-s1-permanent-command-bootstrap-owner-admission-001.md	artifacts/documentation-archive/20260910/etc/evidence/m0-t354-s1-permanent-command-bootstrap-owner-admission-001.md	2349	8a56a422f64798302f5868765698916c8e93c29d287c2a1871b44599888917b4
docs/etc/evidence/m0-t354-s2-permanent-command-open-observation-001.md	artifacts/documentation-archive/20260910/etc/evidence/m0-t354-s2-permanent-command-open-observation-001.md	2592	ab7d83f4dbe4875048731f363453dbf6366e7ca1f1e38a2a08a9ed966fdcd010
docs/etc/evidence/m0-t354-s3-config-to-commnd-cohort-attribution-001.md	artifacts/documentation-archive/20260910/etc/evidence/m0-t354-s3-config-to-commnd-cohort-attribution-001.md	2577	4a12a67d180793e1aa68edc480fda24c2c2a70b534a522699e684e03b654d371
docs/etc/evidence/m0-t354-s4-command-package-path-admission-enforcement-001.md	artifacts/documentation-archive/20260910/etc/evidence/m0-t354-s4-command-package-path-admission-enforcement-001.md	2551	0a7d29765bf1be1dfc6a86c6c5d449ca29693301aa6e58221e7abfea6b65d532
docs/etc/evidence/m0-t355-s10-config-eof-seek-observation-001.md	artifacts/documentation-archive/20260910/etc/evidence/m0-t355-s10-config-eof-seek-observation-001.md	1687	c0a30cef3f0ad60d2a77b5fad37ad63e9e1254e99264ec34848480498081c2c1
docs/etc/evidence/m0-t355-s11-config-post-seek-guest-preparation-audit-001.md	artifacts/documentation-archive/20260910/etc/evidence/m0-t355-s11-config-post-seek-guest-preparation-audit-001.md	1590	641b4a314225c646c4da1386b23260468270164e2a4c4efbbdd14f9f94a626c4
docs/etc/evidence/m0-t355-s12-config-temporary-cds-ioctl-observation-001.md	artifacts/documentation-archive/20260910/etc/evidence/m0-t355-s12-config-temporary-cds-ioctl-observation-001.md	1498	9cdf902652eee6dddb37569c727fbb1ba19a109ffdb71dc744e461edffeb93e1
docs/etc/evidence/m0-t355-s13-config-fastread-route-correction-001.md	artifacts/documentation-archive/20260910/etc/evidence/m0-t355-s13-config-fastread-route-correction-001.md	4214	bffd4c324aec0a154e90c1538600804cbdc82753a3ae2d5b0fcb1cf337646252
docs/etc/evidence/m0-t355-s14-cvidc-sas-vector-prerequisite-audit-001.md	artifacts/documentation-archive/20260910/etc/evidence/m0-t355-s14-cvidc-sas-vector-prerequisite-audit-001.md	2171	491ba456fca647821ac1d3ccb89097008fbd6e4b91ab6cd22d2ec0eb8792f469
docs/etc/evidence/m0-t355-s14-fastread-contract-recovery-p2-001.md	artifacts/documentation-archive/20260910/etc/evidence/m0-t355-s14-fastread-contract-recovery-p2-001.md	1729	f180a4c96ea4af261d17bd8ebc774e55098e098889c000012391886147f7064d
docs/etc/evidence/m0-t355-s14-fastread-recovery-p1-001.md	artifacts/documentation-archive/20260910/etc/evidence/m0-t355-s14-fastread-recovery-p1-001.md	2540	b69c9e087135c05a46b86d7b75968ef740c5cb697529bb5b4791f512f8863a71
docs/etc/evidence/m0-t355-s15-cvidc-sas-overwrite-vector-binding-001.md	artifacts/documentation-archive/20260910/etc/evidence/m0-t355-s15-cvidc-sas-overwrite-vector-binding-001.md	1900	d5c389d833f1e70b81d9266bb0ea41a1e472a91f70e5120dadf57b630d9dbd3c
docs/etc/evidence/m0-t355-s16-cvidc-prerequisite-observation-001.md	artifacts/documentation-archive/20260910/etc/evidence/m0-t355-s16-cvidc-prerequisite-observation-001.md	1573	9749918cd50a3fd728032d387cd145f80e3c952f1cdf708c6cacbdb7c6a96fb0
docs/etc/evidence/m0-t355-s17-ccpu-sas-physical-memory-lifecycle-audit-001.md	artifacts/documentation-archive/20260910/etc/evidence/m0-t355-s17-ccpu-sas-physical-memory-lifecycle-audit-001.md	3821	a5fa9688b148a0d80052957c4ad5e3a75eee49a8e9fb67668fe1cc52a644840c
docs/etc/evidence/m0-t355-s18-ccpu-sas-direct-ram-state-observation-001.md	artifacts/documentation-archive/20260910/etc/evidence/m0-t355-s18-ccpu-sas-direct-ram-state-observation-001.md	3012	71e7a9a3f1f672cfe95c6bc3c6560b4529b355d179c300a9f0e45453b6269bed
docs/etc/evidence/m0-t355-s19-xms-allocation-commit-lifecycle-audit-001.md	artifacts/documentation-archive/20260910/etc/evidence/m0-t355-s19-xms-allocation-commit-lifecycle-audit-001.md	2897	e588cb1d14d7efb938f4b9495add63ab44a7cc90d21c6f91abf03109f1503e10
docs/etc/evidence/m0-t355-s1-short-path-permanent-command-observation-001.md	artifacts/documentation-archive/20260910/etc/evidence/m0-t355-s1-short-path-permanent-command-observation-001.md	1894	e9cf228018b1e802b1ebba67815c66ed56d01c7444a5bebf17eaa12127404dda
docs/etc/evidence/m0-t355-s20-p1-original-xms-backing-selection-build-001.md	artifacts/documentation-archive/20260910/etc/evidence/m0-t355-s20-p1-original-xms-backing-selection-build-001.md	2225	b4f10df04f13eee324565130134ad0a2d3ae43c8a450466bb87bc6f5cacf7078
docs/etc/evidence/m0-t355-s21-original-xms-backing-fixed-container-observation-001.md	artifacts/documentation-archive/20260910/etc/evidence/m0-t355-s21-original-xms-backing-fixed-container-observation-001.md	2963	b944e9ef393ca335a5b42082c98cfd9714d528663813069df12141c5bfd74314
docs/etc/evidence/m0-t355-s22-original-return-session-disposal-lifecycle-audit-001.md	artifacts/documentation-archive/20260910/etc/evidence/m0-t355-s22-original-return-session-disposal-lifecycle-audit-001.md	2709	6dbb5da21e65ea0376c5ef3eff24d454f5d6a1051d82549163280d7f7dfad1fa
docs/etc/evidence/m0-t355-s23-console-worker-cohort-rejection-001.md	artifacts/documentation-archive/20260910/etc/evidence/m0-t355-s23-console-worker-cohort-rejection-001.md	1847	685df6984475542247a9b39104f7aeb68c7c9cbc4bfe134c31ba6a153cc230d3
docs/etc/evidence/m0-t355-s24-session-disposal-predicate-observation-001.md	artifacts/documentation-archive/20260910/etc/evidence/m0-t355-s24-session-disposal-predicate-observation-001.md	2027	dfb484940ee5c2fe8b24cde0fddbe17f9d9e7366ff3d2cf61339695ae6a2f20f
docs/etc/evidence/m0-t355-s25-fixed-container-diagnostic-environment-forwarding-001.md	artifacts/documentation-archive/20260910/etc/evidence/m0-t355-s25-fixed-container-diagnostic-environment-forwarding-001.md	2120	5995fa6993d13963af8d571f100efeb683bee38db79054bf54613ceba34cca56
docs/etc/evidence/m0-t355-s26-session-binding-lifetime-attribution-001.md	artifacts/documentation-archive/20260910/etc/evidence/m0-t355-s26-session-binding-lifetime-attribution-001.md	2169	9b414661561be693695c2cd387139c8839ff63cc15d9c59f663f78af54ec9e9c
docs/etc/evidence/m0-t355-s27-source-shaped-worker-binding-release-001.md	artifacts/documentation-archive/20260910/etc/evidence/m0-t355-s27-source-shaped-worker-binding-release-001.md	1917	fe5b2d90f1081b89f427aadf0e2bf0c84bd923a7e89a061a75e6bce21df808d2
docs/etc/evidence/m0-t355-s28-original-worker-source-attribution-001.md	artifacts/documentation-archive/20260910/etc/evidence/m0-t355-s28-original-worker-source-attribution-001.md	2463	84e8b5291813923a1ff4064aad2a080f2a14588ac4e61d2711b51e4b72e87e2f
docs/etc/evidence/m0-t355-s29-original-heartbeat-shutdown-reachability-audit-001.md	artifacts/documentation-archive/20260910/etc/evidence/m0-t355-s29-original-heartbeat-shutdown-reachability-audit-001.md	2576	627743822bd24d1b53dff857f5c0016ff7a08313b14defcb1d98f6aeeae761c6
docs/etc/evidence/m0-t355-s2-config-multipass-shell-persistence-audit-001.md	artifacts/documentation-archive/20260910/etc/evidence/m0-t355-s2-config-multipass-shell-persistence-audit-001.md	5284	462162f5f568fdc74354f44e242711478fa46aa90ce0fcc00c4d19f18d8ec58a
docs/etc/evidence/m0-t355-s30-source-owned-direct-termination-cleanup-recovery-001.md	artifacts/documentation-archive/20260910/etc/evidence/m0-t355-s30-source-owned-direct-termination-cleanup-recovery-001.md	2833	5774802b7e2c1ec1a482e018e08a970c34441be40f784373ec6663967018fb56
docs/etc/evidence/m0-t355-s31-original-0x78-entry-result-attribution-001.md	artifacts/documentation-archive/20260910/etc/evidence/m0-t355-s31-original-0x78-entry-result-attribution-001.md	3081	c2d34648373358fa24593bac8a0c30f85ad499e11e765d780467d9e61d3cf235
docs/etc/evidence/m0-t355-s32-controlled-stop-provenance-observation-001.md	artifacts/documentation-archive/20260910/etc/evidence/m0-t355-s32-controlled-stop-provenance-observation-001.md	2465	c4e9f828162dd204e26d67874f81046b8c79b1259605fe5f791061ed44168300
docs/etc/evidence/m0-t355-s33-original-debugger-dispatch-package-audit-001.md	artifacts/documentation-archive/20260910/etc/evidence/m0-t355-s33-original-debugger-dispatch-package-audit-001.md	3512	a1aa82e2e343f9b49923b8a5f0b993e0bc5b3e41ab7b144b84ba8f58f4431b1d
docs/etc/evidence/m0-t355-s34-original-ordinary-debugger-dispatch-recovery-001.md	artifacts/documentation-archive/20260910/etc/evidence/m0-t355-s34-original-ordinary-debugger-dispatch-recovery-001.md	2514	cd82dc02cf7c6222ed0bbbaa5b06d469c46f0fa51bc88fb387c27bb8fb0294f7
docs/etc/evidence/m0-t355-s35-original-command-command-acquisition-wait-cohort-audit-001.md	artifacts/documentation-archive/20260910/etc/evidence/m0-t355-s35-original-command-command-acquisition-wait-cohort-audit-001.md	6160	f21ddc0be981e40c576269b64b88c0705318ab1e228e47389551ce8cbf461eeb
docs/etc/evidence/m0-t355-s36-source-shaped-normal-dos-command-declaration-recovery-001.md	artifacts/documentation-archive/20260910/etc/evidence/m0-t355-s36-source-shaped-normal-dos-command-declaration-recovery-001.md	4374	14fd27d8d86081ff56cc6b37396e27fea43d86af7f41acdfc070de27a66d4f3e
docs/etc/evidence/m0-t355-s3-configdone-observation-relocation-attribution-001.md	artifacts/documentation-archive/20260910/etc/evidence/m0-t355-s3-configdone-observation-relocation-attribution-001.md	2858	c937a4a88d6e81c8959f70fedea163d0e913e6c4de21c779dd69b8b446e77814
docs/etc/evidence/m0-t355-s4-loaded-ntio-configdone-state-observation-001.md	artifacts/documentation-archive/20260910/etc/evidence/m0-t355-s4-loaded-ntio-configdone-state-observation-001.md	2986	18d43ce1fbf28f1b4dd67857e5e3dfc9e8158678757a7890472b5fcab191a80b
docs/etc/evidence/m0-t355-s5-ntdos-shell-pass-one-execution-cohort-audit-001.md	artifacts/documentation-archive/20260910/etc/evidence/m0-t355-s5-ntdos-shell-pass-one-execution-cohort-audit-001.md	3681	3c0d3fbca415626f9bd43ed68d26a84394e01448b25b7fd0c040f389a5fc44ef
docs/etc/evidence/m0-t355-s6-config-command-first-store-observation-001.md	artifacts/documentation-archive/20260910/etc/evidence/m0-t355-s6-config-command-first-store-observation-001.md	1651	b820bafdf301c29ed2c19563250d80b5c685dd115d0cbdb8bb1ebd583d75e9cd
docs/etc/evidence/m0-t355-s7-config-command-write-sequence-observation-001.md	artifacts/documentation-archive/20260910/etc/evidence/m0-t355-s7-config-command-write-sequence-observation-001.md	1683	976da77e3eeb49dbd2ded35bd880f3f83db77a1392a9cd69398ca95ad69ab153
docs/etc/evidence/m0-t355-s8-config-temporary-dem-read-observation-001.md	artifacts/documentation-archive/20260910/etc/evidence/m0-t355-s8-config-temporary-dem-read-observation-001.md	2691	2f70e841c10542490467146aefc7192950b01dfa987149b3b6ec6ddbf0fa0a84
docs/etc/evidence/m0-t355-s9-config-post-open-seek-cohort-attribution-001.md	artifacts/documentation-archive/20260910/etc/evidence/m0-t355-s9-config-post-open-seek-cohort-attribution-001.md	1965	6ee5692995ee1b92ecec7dda2340d9497134c57dc1451823c4f013e921f9763d
docs/etc/evidence/m0-t356-s1-minimal-dos-execution-controlled-return-topology-audit-001.md	artifacts/documentation-archive/20260910/etc/evidence/m0-t356-s1-minimal-dos-execution-controlled-return-topology-audit-001.md	7945	158df661ea0915bdbe91d26eaac355b526526836f3948573ec2b0127bd803603
docs/etc/evidence/m0-t356-s2-selected-command-recovery-001.md	artifacts/documentation-archive/20260910/etc/evidence/m0-t356-s2-selected-command-recovery-001.md	2789	dc801a607595ffabbf8ef28ddd6249e282cb0ae84da9dc549b4c865436ec6358
docs/etc/evidence/m0-t356-s3-local-and-formal-closure-001.md	artifacts/documentation-archive/20260910/etc/evidence/m0-t356-s3-local-and-formal-closure-001.md	2541	1862b92016a11397719f0d7d1e951992c7347b1637c6dbfa76a27cdffea351e4
docs/etc/evidence/m0-t356-s4-fixed-command-observation-001.md	artifacts/documentation-archive/20260910/etc/evidence/m0-t356-s4-fixed-command-observation-001.md	2454	a6fb4147d56718546742873513b1cb88ee696aa02ea2cebd8213cb66478134e4
docs/etc/evidence/m0-t357-s1-staged-runtime-identity-001.md	artifacts/documentation-archive/20260910/etc/evidence/m0-t357-s1-staged-runtime-identity-001.md	976	eab43e90c513ed1f85639caa43dbf15a1fb0f38b74670dfbe0b3f7d0bd8e74ee
docs/etc/evidence/m0-t357-s2-s3-staged-command-ready-observation-001.md	artifacts/documentation-archive/20260910/etc/evidence/m0-t357-s2-s3-staged-command-ready-observation-001.md	1959	2a3e65159d191530d6a2d6b869ff37b280828b4ca9351629fea3db22bb3542ac
docs/etc/evidence/m0-t358-s10-command-continuation-observer-001.md	artifacts/documentation-archive/20260910/etc/evidence/m0-t358-s10-command-continuation-observer-001.md	2147	ad9589432f867b0cf8816b8837b2048652c457222336770b2218aa1843098198
docs/etc/evidence/m0-t358-s11-diagnostic-environment-isolation-001.md	artifacts/documentation-archive/20260910/etc/evidence/m0-t358-s11-diagnostic-environment-isolation-001.md	1483	862d067636a5cde64e669f3e65405ae3b69db915539277e24a360fc40bd10b8d
docs/etc/evidence/m0-t358-s12-command-continuation-environment-isolation-001.md	artifacts/documentation-archive/20260910/etc/evidence/m0-t358-s12-command-continuation-environment-isolation-001.md	1314	d6bd7f0c4c3f44465bb84eb706d2202501542717c8b90dd4ea964ed4c2d7048d
docs/etc/evidence/m0-t358-s13-valid-command-continuation-observation-001.md	artifacts/documentation-archive/20260910/etc/evidence/m0-t358-s13-valid-command-continuation-observation-001.md	1032	9c622087a3d621c4137a2e71ae2a18112d2a41c44df921545a26fe1bada09bca
docs/etc/evidence/m0-t358-s1-command-built-in-batch-topology-001.md	artifacts/documentation-archive/20260910/etc/evidence/m0-t358-s1-command-built-in-batch-topology-001.md	2271	a466455e48519e22b7bdfef347b38ccabb4337f0103897a40fbc7d33174f5c30
docs/etc/evidence/m0-t358-s3-command-exit-control-flow-boundary-001.md	artifacts/documentation-archive/20260910/etc/evidence/m0-t358-s3-command-exit-control-flow-boundary-001.md	2669	f91ae71755f71ff694456b55bc717dab0d7dc306be5a38446bab5fe2e70dc487
docs/etc/evidence/m0-t358-s4-base-vdm-command-record-lifecycle-audit-001.md	artifacts/documentation-archive/20260910/etc/evidence/m0-t358-s4-base-vdm-command-record-lifecycle-audit-001.md	2754	9b1f45528723d730692082405f705751bc90763c97ea31f5aadf235501678159
docs/etc/evidence/m0-t358-s5-command-c-exit-topology-audit-001.md	artifacts/documentation-archive/20260910/etc/evidence/m0-t358-s5-command-c-exit-topology-audit-001.md	2717	20872bd5fa472b92d9924c6246d1c27f9492790ab1f753ff0344b28ed9731b94
docs/etc/evidence/m0-t358-s6-single-session-base-vdm-dos-record-lifecycle-recovery-001.md	artifacts/documentation-archive/20260910/etc/evidence/m0-t358-s6-single-session-base-vdm-dos-record-lifecycle-recovery-001.md	2624	c8bc63f3ba949e9a186c13e97cbe0b9dcf75a07e997c798fc8987eb05638314e
docs/etc/evidence/m0-t358-s7-fixed-exit-lifecycle-observation-001.md	artifacts/documentation-archive/20260910/etc/evidence/m0-t358-s7-fixed-exit-lifecycle-observation-001.md	3832	931f4b9a18e4c119059df69f6e00ace67335c6f6afd050c671a1ed2fd8d85c36
docs/etc/evidence/m0-t358-s8-initial-environment-allocation-cohort-audit-001.md	artifacts/documentation-archive/20260910/etc/evidence/m0-t358-s8-initial-environment-allocation-cohort-audit-001.md	4564	004d6aa0eed282de73a98fa7c19db99490c293069175a3f36071ad2afc77ca9a
docs/etc/evidence/m0-t358-s9-command-exit-reacquisition-audit-001.md	artifacts/documentation-archive/20260910/etc/evidence/m0-t358-s9-command-exit-reacquisition-audit-001.md	3287	3775962c9a8bd32037d8dda16ea058a0e8a02ec7b1c47584089d2cc81bc49857
docs/etc/evidence/m0-t359-s1-command-transient-control-flow-map-001.md	artifacts/documentation-archive/20260910/etc/evidence/m0-t359-s1-command-transient-control-flow-map-001.md	3768	cd1dbb6e53f34f92f877b800c8ad93139e14065ea843a3c8d5920dbd167114a0
docs/etc/evidence/m0-t359-s2-command-transient-owner-binding-closure-001.md	artifacts/documentation-archive/20260910/etc/evidence/m0-t359-s2-command-transient-owner-binding-closure-001.md	3319	61af07b63ab55f50d3b7247be9aa0d17fbad34558e5a72030b80841615d20852
docs/etc/evidence/m0-t359-s2-command-transient-sas-write-binding-001.md	artifacts/documentation-archive/20260910/etc/evidence/m0-t359-s2-command-transient-sas-write-binding-001.md	4147	fcbc90e1fce4194a7e76a34e8ff6eb330bd0b015ea5711dca4bcb301e62ef38e
docs/etc/evidence/m0-t359-s3-sas-store-observer-local-conformance-001.md	artifacts/documentation-archive/20260910/etc/evidence/m0-t359-s3-sas-store-observer-local-conformance-001.md	1451	c63da0db7e715f471aa4185215da4c9fbf625aed784d15dfa82092d0cf17bc85
docs/etc/evidence/m0-t359-s4-invalid-long-root-observation-001.md	artifacts/documentation-archive/20260910/etc/evidence/m0-t359-s4-invalid-long-root-observation-001.md	1401	c88c01837395564fa93b2348b3b8145d0b2876568f65094663b1261e9dfcd7a5
docs/etc/evidence/m0-t359-s5-invalid-suffixed-root-observation-001.md	artifacts/documentation-archive/20260910/etc/evidence/m0-t359-s5-invalid-suffixed-root-observation-001.md	1803	aa27863203d33b232691ed4f02e32ccb4356d404ec5d45eded6043f3b7bb69ae
docs/etc/evidence/m0-t359-s6-verified-root-app-layout-boundary-001.md	artifacts/documentation-archive/20260910/etc/evidence/m0-t359-s6-verified-root-app-layout-boundary-001.md	1391	3b5aa9fed4ce0939c04150f1b2cda8396c981bb269e2fdbca72591a88fb0fdac
docs/etc/evidence/m0-t360-s1-original-systemroot-root-consumer-map-001.md	artifacts/documentation-archive/20260910/etc/evidence/m0-t360-s1-original-systemroot-root-consumer-map-001.md	2424	b6e6d3611e6fb621fa37f433eb0dd026a5b18727515e59d4d98ea7decfaf7c26
docs/etc/evidence/m0-t360-s2-app-staging-original-layout-binding-001.md	artifacts/documentation-archive/20260910/etc/evidence/m0-t360-s2-app-staging-original-layout-binding-001.md	737	5db10dfc893dbccbc9b0bf657b9384171fb18534f0906ace86e405dbf06f25ca
docs/etc/evidence/m0-t360-s3-original-systemroot-package-layout-conformance-001.md	artifacts/documentation-archive/20260910/etc/evidence/m0-t360-s3-original-systemroot-package-layout-conformance-001.md	780	f3de210d5659603669a348f851f84f2e574d10ae803c275a9b529d6cb2a2f13b
docs/etc/evidence/m0-t360-s4-formal-original-systemroot-package-closure-001.md	artifacts/documentation-archive/20260910/etc/evidence/m0-t360-s4-formal-original-systemroot-package-closure-001.md	747	fe2f5ce93b2f3fe57ba98dd52361448996a74acfb3dddb651e63ab0f5731c137
docs/etc/evidence/m0-t360-s5-invalid-observer-output-disposition-001.md	artifacts/documentation-archive/20260910/etc/evidence/m0-t360-s5-invalid-observer-output-disposition-001.md	923	b48bffe2cc65cf8eb23adc08b103ece22b858a9ddc48e025da89ff7e42a27e12
docs/etc/evidence/m0-t360-s6-invalid-long-stage-root-observation-001.md	artifacts/documentation-archive/20260910/etc/evidence/m0-t360-s6-invalid-long-stage-root-observation-001.md	938	9cf5e98b7aa9e92b92d84cfc0be20da4924cf6c56a77295fb2a1306edce57778
docs/etc/evidence/m0-t360-s7-owner-root-original-layout-observation-001.md	artifacts/documentation-archive/20260910/etc/evidence/m0-t360-s7-owner-root-original-layout-observation-001.md	2510	5f988024627f78a26f5daa568e3d51448ef6d2e676c4e7327987a8c35cc4e300
docs/etc/evidence/m0-t361-s1-original-font-client-contract-001.md	artifacts/documentation-archive/20260910/etc/evidence/m0-t361-s1-original-font-client-contract-001.md	2880	2f2511b1786b8dbdd39e488f384ba8a987a9e75792ea0ae8bfab1c322b057547
docs/etc/evidence/m0-t362-s2-first-call-guest-memory-cohort-closure-001.md	artifacts/documentation-archive/20260910/etc/evidence/m0-t362-s2-first-call-guest-memory-cohort-closure-001.md	2740	818a95b4543224c969beb512d2da19ef75d320f5df2cbebcc5ec677d8edff3c7
docs/etc/evidence/m0-t362-s3-frozen-command-observation-001.md	artifacts/documentation-archive/20260910/etc/evidence/m0-t362-s3-frozen-command-observation-001.md	2958	9b930355aade23adda8d958c77587e5bb8f16c4cf87f02e878009ef855549f9f
docs/etc/evidence/m0-t362-s3-frozen-command-observation-correction-002.md	artifacts/documentation-archive/20260910/etc/evidence/m0-t362-s3-frozen-command-observation-correction-002.md	1850	84d51afdd3f92b2ffa075f25271c583001ffe3c9f2b1517a39987eb45e6ad83c
docs/etc/evidence/m0-t363-s1-conventional-device-owner-ledger-001.md	artifacts/documentation-archive/20260910/etc/evidence/m0-t363-s1-conventional-device-owner-ledger-001.md	5200	13296f1923b88c9f2ec29bc273f738852f63a9448d8a7e4568da07f5d7d3c593
docs/etc/evidence/m0-t363-s2-conventional-device-cohort-verification-001.md	artifacts/documentation-archive/20260910/etc/evidence/m0-t363-s2-conventional-device-cohort-verification-001.md	1379	c809dafccaa0868590700047dbf81e6f9bcb745fa6a09d7c15aadd8037b0860c
docs/etc/evidence/m0-t363-s3-conventional-device-formal-closure-001.md	artifacts/documentation-archive/20260910/etc/evidence/m0-t363-s3-conventional-device-formal-closure-001.md	1119	db8379ae6e1a0e0f82219a698a7d2822149ecfa8a8b8c163525ad5ba3ca54ea4
docs/etc/evidence/m0-t363-s4-frozen-conventional-device-observation-001.md	artifacts/documentation-archive/20260910/etc/evidence/m0-t363-s4-frozen-conventional-device-observation-001.md	1827	f7a53d1eb449051f0fe006f9be9ffaab3654d230146418e89c21f62b6a3b4a06
docs/etc/evidence/m0-t364-s1-command-delivery-owner-ledger-001.md	artifacts/documentation-archive/20260910/etc/evidence/m0-t364-s1-command-delivery-owner-ledger-001.md	6048	a88f90d7457ab6271eaad9d46c6d19cbbb61a455bcdef44e432060e2dd32fc51
docs/etc/evidence/m0-t364-s2-command-source-lifecycle-verification-001.md	artifacts/documentation-archive/20260910/etc/evidence/m0-t364-s2-command-source-lifecycle-verification-001.md	3803	9a8bf043d5842631899486c38e7843915d161506dd242c9072fa6d8d56c2fafb
docs/etc/evidence/m0-t364-s3-command-delivery-formal-closure-001.md	artifacts/documentation-archive/20260910/etc/evidence/m0-t364-s3-command-delivery-formal-closure-001.md	1610	64d4a3186e8d34d49305c0363e123fc2de064d30f33e9e38a55801900c6d792e
docs/etc/evidence/m0-t364-s4-frozen-command-delivery-observation-001.md	artifacts/documentation-archive/20260910/etc/evidence/m0-t364-s4-frozen-command-delivery-observation-001.md	2668	10cdc11a776e72ae468870ad5a1b9b11eba47f9b2f920212a5148b516c5aea48
docs/etc/evidence/m0-t365-s1-dos-exec-parent-return-owner-ledger-001.md	artifacts/documentation-archive/20260910/etc/evidence/m0-t365-s1-dos-exec-parent-return-owner-ledger-001.md	9281	9c783062cd5c95e5bee29a14b9b7c4e08611c7b1b8e030ae937900dd95e0f330
docs/etc/evidence/m0-t365-s2-dem-com-file-lifecycle-lease-closure-001.md	artifacts/documentation-archive/20260910/etc/evidence/m0-t365-s2-dem-com-file-lifecycle-lease-closure-001.md	4644	1d9d3ebaa64b8e590990e6777847b7538fd36e0ef45c9d2191f6b4c7bc81539e
docs/etc/evidence/m0-t365-s3-formal-dem-com-product-closure-001.md	artifacts/documentation-archive/20260910/etc/evidence/m0-t365-s3-formal-dem-com-product-closure-001.md	1583	e048703cbfe5ab77fa41207fc98f1e270ca5fce01edc7f05ca6a7955c29e4dfd
docs/etc/evidence/m0-t365-s4-frozen-com-workload-observation-001.md	artifacts/documentation-archive/20260910/etc/evidence/m0-t365-s4-frozen-com-workload-observation-001.md	2355	0bcb427ac3385533279b8b75c7800ad58577423d068c97c9c289fb90fd20e419
docs/etc/evidence/m0-t366-s1-declared-dos-workload-record-ledger-001.md	artifacts/documentation-archive/20260910/etc/evidence/m0-t366-s1-declared-dos-workload-record-ledger-001.md	3091	1a94cea9dd84d22c3194366ff436c0632e9eb22ebb28eb12159095737e6fbf2e
docs/etc/evidence/m0-t366-s2-declared-dos-record-recovery-001.md	artifacts/documentation-archive/20260910/etc/evidence/m0-t366-s2-declared-dos-record-recovery-001.md	1807	f49c31e7a400834d66a06aec47ba408c2a0257719f03dba75ef9c2da2086e78c
docs/etc/evidence/m0-t366-s3-formal-declared-dos-record-closure-001.md	artifacts/documentation-archive/20260910/etc/evidence/m0-t366-s3-formal-declared-dos-record-closure-001.md	1067	59e3772390b0a56c03be83e57b3446f2f7166997cbcabc1a488bbbae81571a98
docs/etc/evidence/m0-t366-s4-frozen-declared-com-observation-001.md	artifacts/documentation-archive/20260910/etc/evidence/m0-t366-s4-frozen-declared-com-observation-001.md	2192	3702a4016728667964d4f2cff1b54bba1cf855f8b03ed6dce76fadbc1371e999
docs/etc/evidence/m0-t367-s1-original-dos-exec-parent-return-owner-ledger-001.md	artifacts/documentation-archive/20260910/etc/evidence/m0-t367-s1-original-dos-exec-parent-return-owner-ledger-001.md	5707	9bf486f8694211188f7ceb7d300b0d393e65ac7f12c5d2e9cfd30101ac4655c9
docs/etc/evidence/m0-t367-s2-original-dos-read-provider-route-001.md	artifacts/documentation-archive/20260910/etc/evidence/m0-t367-s2-original-dos-read-provider-route-001.md	2193	38443ac4d4da2b9e3242079bbb685f5d76bc8d89322bd384875ff3c779a0d21b
docs/etc/evidence/m0-t367-s3-formal-original-dos-exec-boundary-001.md	artifacts/documentation-archive/20260910/etc/evidence/m0-t367-s3-formal-original-dos-exec-boundary-001.md	1108	8c6f75a480b8d24bfdfd7d6bc9ed3bcf10273544b1a34ad7089522660115182b
docs/etc/evidence/m0-t367-s4-frozen-original-loadfix-observation-001.md	artifacts/documentation-archive/20260910/etc/evidence/m0-t367-s4-frozen-original-loadfix-observation-001.md	2330	3c757e11c2bfedc0a9a5952415c96a17a43d02a5cac8b19e59f30fe023388748
docs/etc/evidence/m0-t368-s1-original-command-post-record-topology-001.md	artifacts/documentation-archive/20260910/etc/evidence/m0-t368-s1-original-command-post-record-topology-001.md	5754	de990233268f8804ffecba7ef9954f94099b28ff9448adb737226e9fe432b6d1
docs/etc/evidence/m0-t368-s2-command-record-binding-closure-001.md	artifacts/documentation-archive/20260910/etc/evidence/m0-t368-s2-command-record-binding-closure-001.md	2704	d437a709f4c81222077037bf9aa6c414d70b570e1a3fb007ad7cfa944c059e87
docs/etc/evidence/m0-t368-s3-formal-command-boundary-closure-001.md	artifacts/documentation-archive/20260910/etc/evidence/m0-t368-s3-formal-command-boundary-closure-001.md	1578	f29843772e0e9f825e217fe77408512b80e026f19db1b22c39834cb73f5acfd9
docs/etc/evidence/m0-t368-s4-identical-fixed-observation-disposition-001.md	artifacts/documentation-archive/20260910/etc/evidence/m0-t368-s4-identical-fixed-observation-disposition-001.md	1917	86576c8acba60097eb7685f853618366478040f01730dd10004cfd6443bd746e
docs/etc/evidence/m0-t369-s1-revalidated-original-dos-exec-parent-return-ledger-001.md	artifacts/documentation-archive/20260910/etc/evidence/m0-t369-s1-revalidated-original-dos-exec-parent-return-ledger-001.md	4518	2268b453d00f46a889eeeac889416b787b041a20789e0bfe7128b4b480208999
docs/etc/evidence/m0-t369-s2-current-observation-container-closure-001.md	artifacts/documentation-archive/20260910/etc/evidence/m0-t369-s2-current-observation-container-closure-001.md	1964	f146b21b7535d9c8c83750a6eff92eae1400dc3c225a3407293fb1a2e4f3bd56
docs/etc/evidence/m0-t369-s3-formal-original-exec-boundary-closure-001.md	artifacts/documentation-archive/20260910/etc/evidence/m0-t369-s3-formal-original-exec-boundary-closure-001.md	1295	e13e526ea676060795b839d8a1f86c3de12dc98493a5377a50785c7517a416ea
docs/etc/evidence/m0-t369-s4-current-layout-original-loadfix-observation-001.md	artifacts/documentation-archive/20260910/etc/evidence/m0-t369-s4-current-layout-original-loadfix-observation-001.md	2360	124a057e8f29a1d529cecd3570549755e1d12cdf0033b9c7f1bddb9f79b0f654
docs/etc/evidence/m0-t370-s1-original-command-native-child-topology-001.md	artifacts/documentation-archive/20260910/etc/evidence/m0-t370-s1-original-command-native-child-topology-001.md	6246	23f0f4aa1f5ca302c55b54e030947863fb691d984464dc9c0b2f85f852156c48
docs/etc/evidence/m0-t370-s2-source-shaped-native-child-recovery-001.md	artifacts/documentation-archive/20260910/etc/evidence/m0-t370-s2-source-shaped-native-child-recovery-001.md	2884	c4599823a83f49f5cdadb9276ecbd5d13a6c36dcf7aafd39be8b360153ac3da3
docs/etc/evidence/m0-t370-s3-formal-native-child-link-001.md	artifacts/documentation-archive/20260910/etc/evidence/m0-t370-s3-formal-native-child-link-001.md	1258	9573e087db514a719b993953b7bc42e63d2f25971c8b1dc8584de53235c615f4
docs/etc/evidence/m0-t370-s4-fixed-native-child-observation-001.md	artifacts/documentation-archive/20260910/etc/evidence/m0-t370-s4-fixed-native-child-observation-001.md	1889	8cf0d5baaaa82953b78d7c213c11d8c28d6f320d5a70a1cd003af048e30d3787
docs/etc/evidence/m0-t371-s1-original-xms-dpmi-execution-topology-001.md	artifacts/documentation-archive/20260910/etc/evidence/m0-t371-s1-original-xms-dpmi-execution-topology-001.md	6847	45362af0169d414a64c27170cf3554f3b61e54bdc384713ad8f33089d81a2d67
docs/etc/evidence/m0-t371-s2-original-xms-startup-cohort-001.md	artifacts/documentation-archive/20260910/etc/evidence/m0-t371-s2-original-xms-startup-cohort-001.md	3492	60e49c9415baabfb4a02feb1217b1d3ca17fe261cf4d90d57c11d48cc191dc87
docs/etc/evidence/m0-t371-s3-original-dpmi-dosx-current-closure-001.md	artifacts/documentation-archive/20260910/etc/evidence/m0-t371-s3-original-dpmi-dosx-current-closure-001.md	2684	98ee1dd141e17a87b67c57461f3ae5874bde6acdc48489cb80888256f15c37d3
docs/etc/evidence/m0-t371-s4-fixed-xms-dpmi-integration-observation-001.md	artifacts/documentation-archive/20260910/etc/evidence/m0-t371-s4-fixed-xms-dpmi-integration-observation-001.md	1755	49f80d5cf9dd2d40320ef36775e0416c28d42003a6f5cc851618d13f509b2afd
docs/etc/evidence/m0-t372-s1-redirector-runtime-topology-001.md	artifacts/documentation-archive/20260910/etc/evidence/m0-t372-s1-redirector-runtime-topology-001.md	5243	c7f54ef9ce0f49a4983bffe9d38b4dc3ecf7c7d493c82798ccdb2c7f2234f2af
docs/etc/evidence/m0-t372-s2-redirector-source-first-interface-closure-001.md	artifacts/documentation-archive/20260910/etc/evidence/m0-t372-s2-redirector-source-first-interface-closure-001.md	5583	cdb8ada3b1c1c0dc0dfb777ebfcdf62973a9e8de011090dbe74696f50c3e8e88
docs/etc/evidence/m0-t372-s3-p1-redirector-dll-import-topology-001.md	artifacts/documentation-archive/20260910/etc/evidence/m0-t372-s3-p1-redirector-dll-import-topology-001.md	2919	c5a8a852cb7723a5a238493eea97515ffa0d12ec2df0924a8c7f31dc1037b201
docs/etc/evidence/m0-t372-s3-p2-parent-softpc-import-abi-001.md	artifacts/documentation-archive/20260910/etc/evidence/m0-t372-s3-p2-parent-softpc-import-abi-001.md	3326	bef5eb67a40434bea5f7f3bc1a93379853e680cecde35e5d55b36ee09b69f4b3
docs/etc/evidence/m0-t372-s4-p1-local-completion-source-build-001.md	artifacts/documentation-archive/20260910/etc/evidence/m0-t372-s4-p1-local-completion-source-build-001.md	2790	e2e586123423b93dcecf90392bcc432c2fdf8dd4520a1f272a8e483f57b2304b
docs/etc/evidence/m0-t372-s4-p2-formal-cpu40-regression-001.md	artifacts/documentation-archive/20260910/etc/evidence/m0-t372-s4-p2-formal-cpu40-regression-001.md	1193	2b4f0848fa3376c9a3574d7044ace9a897cf4344fff67f56404b0c36c0084902
docs/etc/evidence/m0-t372-s4-p3-original-termination-cleanup-001.md	artifacts/documentation-archive/20260910/etc/evidence/m0-t372-s4-p3-original-termination-cleanup-001.md	1894	88cae211f71184c56ee236a729d172ac24a63aeee42527e419d8eee26be046b7
docs/etc/evidence/m0-t372-s5-p1-network-owner-import-disposition-001.md	artifacts/documentation-archive/20260910/etc/evidence/m0-t372-s5-p1-network-owner-import-disposition-001.md	2748	9a30a4346b6c10ded92b1bb16e4cdfa03a9959a2eaff3a803ef5d936af276b32
docs/etc/evidence/m0-t372-s5-p2-rtl-list-contract-closure-001.md	artifacts/documentation-archive/20260910/etc/evidence/m0-t372-s5-p2-rtl-list-contract-closure-001.md	1393	387d58f63abd2d054037cc9f636950126a55f02bc413f582bd67502fe77fe636
docs/etc/evidence/m0-t372-s5-p3-original-netlib-status-closure-001.md	artifacts/documentation-archive/20260910/etc/evidence/m0-t372-s5-p3-original-netlib-status-closure-001.md	1221	2e3109d67a19ee4ed49b4939b9be7ab97e2f49546392c3b6d10e9ff7eb71de23
docs/etc/evidence/m0-t372-s5-p4-advapi-crypt-contract-closure-001.md	artifacts/documentation-archive/20260910/etc/evidence/m0-t372-s5-p4-advapi-crypt-contract-closure-001.md	1471	4c37101e9eba82f467e382c590ae009db67e48d7dbede5064d89a2ea3fe521cb
docs/etc/evidence/m0-t372-s5-p5-original-netlib-copy-closure-001.md	artifacts/documentation-archive/20260910/etc/evidence/m0-t372-s5-p5-original-netlib-copy-closure-001.md	3907	e35aa7593537b3131518a1bfc23996336fcde9d75def45628677895fe6533f2e
docs/etc/evidence/m0-t372-s5-p6-network-owner-package-boundary-closure-001.md	artifacts/documentation-archive/20260910/etc/evidence/m0-t372-s5-p6-network-owner-package-boundary-closure-001.md	8017	906bcaebb90af26c9b8931598c12fa5d086be5b6f7e4cfd5b8edb66123c31a71
docs/etc/evidence/m0-t372-s6-p1-original-dynamic-load-dispatch-reconciliation-001.md	artifacts/documentation-archive/20260910/etc/evidence/m0-t372-s6-p1-original-dynamic-load-dispatch-reconciliation-001.md	8731	7f570d2ddc99abc8227b331dcc8e6948715b23e195ab87f20a6687b66a0f3735
docs/etc/evidence/m0-t372-s6-p2-frozen-redirector-observation-001.md	artifacts/documentation-archive/20260910/etc/evidence/m0-t372-s6-p2-frozen-redirector-observation-001.md	3915	7234888afac82e5e91c4b793aa523bc3d9537194bb1ac1c51a87e88250283b3d
docs/etc/evidence/m0-t373-s1-wow16-bootstrap-topology-ledger-001.md	artifacts/documentation-archive/20260910/etc/evidence/m0-t373-s1-wow16-bootstrap-topology-ledger-001.md	7536	8030a386044de0f47cdbbd28ccb1463cd0f926e4d730cd76432441d8f1d0ac36
docs/etc/evidence/m0-t373-s2-p1-wow-command-binding-dependency-closure-001.md	artifacts/documentation-archive/20260910/etc/evidence/m0-t373-s2-p1-wow-command-binding-dependency-closure-001.md	8611	d7896c1c9f93480c5e138f68b6606a4c46d715f169f718149030b3717c2ccc5d
docs/etc/evidence/m0-t373-s2-p2-wow32-dynamic-ingress-boundary-001.md	artifacts/documentation-archive/20260910/etc/evidence/m0-t373-s2-p2-wow32-dynamic-ingress-boundary-001.md	4619	7d617067283f575dc50a3aeb841edf9c7fd4ea9091defac67ab642cd088879a4
docs/etc/evidence/m0-t373-s3-p1-nonfast-callback-source-revalidation-001.md	artifacts/documentation-archive/20260910/etc/evidence/m0-t373-s3-p1-nonfast-callback-source-revalidation-001.md	3279	16e8e5c5c060cf0fead20eb9d29a7257b40c1ebe2dc3d218170f6069450e17c3
docs/etc/evidence/m0-t373-s4-win16-ne-lifecycle-boundary-001.md	artifacts/documentation-archive/20260910/etc/evidence/m0-t373-s4-win16-ne-lifecycle-boundary-001.md	3498	4b8768c55ba54052bd4914d408479c12dcc6a0c03208bdc6d21202127f4a5193
docs/etc/evidence/m0-t373-s5-formal-selection-stage-reconciliation-001.md	artifacts/documentation-archive/20260910/etc/evidence/m0-t373-s5-formal-selection-stage-reconciliation-001.md	3353	225e6847005aa16b08c548a35a713cc10496c914b3c3a6efef65f22cea6708d5
docs/etc/evidence/m0-t374-s1-whole-wow32-provider-matrix-001.md	artifacts/documentation-archive/20260910/etc/evidence/m0-t374-s1-whole-wow32-provider-matrix-001.md	5578	8ad57c25c45e83b4ed5a26752be9316e9d868c5030d502c331aeab5caf2b333a
docs/etc/evidence/m0-t374-s2-original-wow32-init-boundary-decision-001.md	artifacts/documentation-archive/20260910/etc/evidence/m0-t374-s2-original-wow32-init-boundary-decision-001.md	4389	d936afdc51e5ed76fd0a6d4b0d2e618586a7259a1c553154d10984c2abdd7e8f
docs/etc/evidence/m0-t374-s3-wow-user-registration-contract-matrix-001.md	artifacts/documentation-archive/20260910/etc/evidence/m0-t374-s3-wow-user-registration-contract-matrix-001.md	5666	6dd32d41b22b0deecb68b92ba50eda1e961a3b963fbf6e7dd1a298e3f9d9f426
docs/etc/evidence/m0-t375-s1-pure-dos-boot-command-topology-001.md	artifacts/documentation-archive/20260910/etc/evidence/m0-t375-s1-pure-dos-boot-command-topology-001.md	3828	ba6e74e39d5dbe4bec2dd424c099d77a7f3c67632c280eae280c10ff62a52f85
docs/etc/evidence/m0-t375-s2-original-base-vdm-dos-record-lifecycle-001.md	artifacts/documentation-archive/20260910/etc/evidence/m0-t375-s2-original-base-vdm-dos-record-lifecycle-001.md	3421	e7ffb19509753cb8100d7ab980ed9bde739065ad06cf3d9f34cd9a2ab2654504
docs/etc/evidence/m0-t375-s3-fixed-command-exit-observation-001.md	artifacts/documentation-archive/20260910/etc/evidence/m0-t375-s3-fixed-command-exit-observation-001.md	2240	598207ab501b4ceebcce2d40c97a3f3c2824ecf679f7b7f1f5ee09683b7cd702
docs/etc/evidence/m0-t375-s4-original-command-bootstrap-payload-closure-001.md	artifacts/documentation-archive/20260910/etc/evidence/m0-t375-s4-original-command-bootstrap-payload-closure-001.md	2833	48448ec69a59c56efe31e8b968a5d70656daa4c2d63530d353b69081185958e5
docs/etc/evidence/m0-t376-s1-external-dos-exec-owner-admission-001.md	artifacts/documentation-archive/20260910/etc/evidence/m0-t376-s1-external-dos-exec-owner-admission-001.md	3968	24ae1a9401ce0b77149cfdca7a6d52db34a2e3439da1995585354f1cf41d292f
docs/etc/evidence/m0-t376-s2-external-dos-file-lifecycle-binding-001.md	artifacts/documentation-archive/20260910/etc/evidence/m0-t376-s2-external-dos-file-lifecycle-binding-001.md	2796	7f58966e09da30ee3089b7bb8222d201f708e9f28da39f9d09b0958422eddf27
docs/etc/evidence/m0-t376-s3-immutable-com-exec-observation-001.md	artifacts/documentation-archive/20260910/etc/evidence/m0-t376-s3-immutable-com-exec-observation-001.md	2226	d52175cd9de486948c5b60a321db8fee8a686554b893edba64955f620fdc7b74
docs/etc/evidence/m0-t376-s4-alternate-root-mz-container-disposition-001.md	artifacts/documentation-archive/20260910/etc/evidence/m0-t376-s4-alternate-root-mz-container-disposition-001.md	1761	e61c8b5b0cb0d25e604dee2ed45930b16efd0e7e023785f2be09dafb87210dab
docs/etc/evidence/m0-t376-s5-fixed-root-immutable-media-extension-001.md	artifacts/documentation-archive/20260910/etc/evidence/m0-t376-s5-fixed-root-immutable-media-extension-001.md	1694	bc58ff281145bff8097af11d0e0743e8a6cd03297004ff2ea419a69b39580e9d
docs/etc/evidence/m0-t376-s6-fixed-root-mz-exec-observation-001.md	artifacts/documentation-archive/20260910/etc/evidence/m0-t376-s6-fixed-root-mz-exec-observation-001.md	2333	c82227fc80f36f46ce67e492a1dc86fe16e8e60f9cb571c19a660ae82a737071
docs/etc/evidence/m0-t377-s1-dos-device-workload-owner-admission-001.md	artifacts/documentation-archive/20260910/etc/evidence/m0-t377-s1-dos-device-workload-owner-admission-001.md	3523	92986bfc77c52e22b122d0a3d62afbb880b93318c51a880b12613679df64d6f4
docs/etc/evidence/m0-t377-s2-console-keyboard-file-ioctl-owner-recovery-001.md	artifacts/documentation-archive/20260910/etc/evidence/m0-t377-s2-console-keyboard-file-ioctl-owner-recovery-001.md	2844	b9295f6cace7a4082d39db606e0f83f2c08d77de7a95d9f877ad41b9c0e12758
docs/etc/evidence/m0-t377-s3-timer-irq-video-owner-recovery-001.md	artifacts/documentation-archive/20260910/etc/evidence/m0-t377-s3-timer-irq-video-owner-recovery-001.md	2561	f5364fc23ccc4b32a1b1c5f357a61986fe639454b4f326b092d5a101c022a641
docs/etc/evidence/m0-t377-s4-formal-workload-matrix-closure-001.md	artifacts/documentation-archive/20260910/etc/evidence/m0-t377-s4-formal-workload-matrix-closure-001.md	2612	b3ddf1c12abb6f8f13f36333f41476769c3ba3982b5eab091fa4f987132de0e0
docs/etc/evidence/m0-t377-s5-frozen-dos-device-workload-observation-001.md	artifacts/documentation-archive/20260910/etc/evidence/m0-t377-s5-frozen-dos-device-workload-observation-001.md	2350	cd3b560c31b809eae5d0fc7b5d6730f3ac1a5deba9be6b4aaa40993257ec0d76
docs/etc/evidence/m0-t378-s1-dos-extender-workload-owner-admission-001.md	artifacts/documentation-archive/20260910/etc/evidence/m0-t378-s1-dos-extender-workload-owner-admission-001.md	3778	7c67a8f201bdbbd7b268d54153c6c87dca904dd2186c0e119d4f56bb6edb9ef5
docs/etc/evidence/m0-t378-s2-original-xms-boot-hma-umb-lifecycle-closure-001.md	artifacts/documentation-archive/20260910/etc/evidence/m0-t378-s2-original-xms-boot-hma-umb-lifecycle-closure-001.md	3379	8510378ae933417dcb1c4ae867472f392902d7176b9fd9bc7ff4cae1de2de5fe
docs/etc/evidence/m0-t378-s3-original-dosx-dpmi-handoff-closure-001.md	artifacts/documentation-archive/20260910/etc/evidence/m0-t378-s3-original-dosx-dpmi-handoff-closure-001.md	2620	45d6153075c787599511a3c6791fcb9746baab2dce53386522c57b3306c8730c
docs/etc/evidence/m0-t378-s4-formal-dos-extender-workload-matrix-001.md	artifacts/documentation-archive/20260910/etc/evidence/m0-t378-s4-formal-dos-extender-workload-matrix-001.md	2235	e1ccd8d5b2843d8ee4faad9d068c796c5492eb1cd70ae7fb3e5be3b08864478f
docs/etc/evidence/m0-t378-s5-frozen-original-dosx-observation-001.md	artifacts/documentation-archive/20260910/etc/evidence/m0-t378-s5-frozen-original-dosx-observation-001.md	1806	2e51fe946c3d99107e806f17f272f5d4474a4bcee4a7f40583d2b6541d061cd9
docs/etc/evidence/m0-t379-s1-original-vdmredir-product-admission-001.md	artifacts/documentation-archive/20260910/etc/evidence/m0-t379-s1-original-vdmredir-product-admission-001.md	6863	0144dfb7a538fe13991cf1c535dd733cfb42a1de8386daee8e88b5cc715e153b
docs/etc/evidence/m0-t379-s2-original-vdmredir-dll-parent-loader-closure-001.md	artifacts/documentation-archive/20260910/etc/evidence/m0-t379-s2-original-vdmredir-dll-parent-loader-closure-001.md	4753	1666d6a21c11869d9e595bb43efec8f70ad79cd93ef31be3107bbb1293756324
docs/etc/evidence/m0-t379-s3-local-resource-lifecycle-closure-001.md	artifacts/documentation-archive/20260910/etc/evidence/m0-t379-s3-local-resource-lifecycle-closure-001.md	4259	57a90b7a0529a58523f642eda9561e16857e0c71260fd10b5025eadac90d8093
docs/etc/evidence/m0-t379-s4-formal-vdmredir-activation-matrix-001.md	artifacts/documentation-archive/20260910/etc/evidence/m0-t379-s4-formal-vdmredir-activation-matrix-001.md	3174	cc0f5f153eefae7c893fccd098e5f27672a6288da7b4b574cc125fc99f77f2de
docs/etc/evidence/m0-t379-s5-frozen-original-redir-observation-001.md	artifacts/documentation-archive/20260910/etc/evidence/m0-t379-s5-frozen-original-redir-observation-001.md	2076	439fa29253ab2663d188de81204f17873d67da682755afcba96ab968271a27b9
docs/etc/evidence/m0-t380-s1-command-native-child-owner-predecessor-rebaseline-001.md	artifacts/documentation-archive/20260910/etc/evidence/m0-t380-s1-command-native-child-owner-predecessor-rebaseline-001.md	3653	0603481cb30a6ba024defd30c4164516d9006178df7312ba224a91b51759b08a
docs/etc/evidence/m0-t380-s2-command-native-child-lifecycle-confirmation-001.md	artifacts/documentation-archive/20260910/etc/evidence/m0-t380-s2-command-native-child-lifecycle-confirmation-001.md	2033	e7eca167531ea5cc0706eaf902b4a8557befb23632816a65b26d3493ce8a640c
docs/etc/evidence/m0-t380-s3-command-native-child-formal-product-001.md	artifacts/documentation-archive/20260910/etc/evidence/m0-t380-s3-command-native-child-formal-product-001.md	1389	62656b0017ad52cc99a6415c7f53d528e01bf05e43ca66bbb1cb03428154ceba
docs/etc/evidence/m0-t380-s4-frozen-native-child-observation-001.md	artifacts/documentation-archive/20260910/etc/evidence/m0-t380-s4-frozen-native-child-observation-001.md	2400	f1470c9d5bbac68c33649634e4556184448ab8b703705da9c152ce16c69b6bc9
docs/etc/evidence/m0-t381-s1-original-cmdexec32-stage-return-ledger-001.md	artifacts/documentation-archive/20260910/etc/evidence/m0-t381-s1-original-cmdexec32-stage-return-ledger-001.md	4171	478fdb592c9f1ceee357f3b736e89ea16e4c3880616f3b13bd6c96d5c194eb0a
docs/etc/evidence/m0-t381-s2-p1-native-child-payload-boundary-001.md	artifacts/documentation-archive/20260910/etc/evidence/m0-t381-s2-p1-native-child-payload-boundary-001.md	2470	b88899501d9518c7af36243001f25722f4d2bfd0f5bb89a528448d706f320086
docs/etc/evidence/m0-t381-s2-p2-current-formal-predecessor-observation-001.md	artifacts/documentation-archive/20260910/etc/evidence/m0-t381-s2-p2-current-formal-predecessor-observation-001.md	2888	e0df40c141ceafa3c577591c294596e4bb4c88bc09cdf987509e2a4ae1e40473
docs/etc/evidence/m0-t382-s1-current-softpc-lpt-owner-ledger-001.md	artifacts/documentation-archive/20260910/etc/evidence/m0-t382-s1-current-softpc-lpt-owner-ledger-001.md	3115	e6ea2452c635fbffb8c24c58be257ef78c7c942025d594b01e7c8eadb1e0c9e1
docs/etc/evidence/m0-t383-s1-original-command-startup-owner-ledger-001.md	artifacts/documentation-archive/20260910/etc/evidence/m0-t383-s1-original-command-startup-owner-ledger-001.md	3878	9eea4ad03c09060cf73b3e9af6c2abb170fe8b70f857285ed7f359916e3a1ad9
docs/etc/evidence/m0-t383-s3-original-command-delivery-formal-closure-001.md	artifacts/documentation-archive/20260910/etc/evidence/m0-t383-s3-original-command-delivery-formal-closure-001.md	1775	7c86a5b305f1653c3f7d8b1853854402356c7438bf102c73b45d3e850b542116
docs/etc/evidence/m0-t383-s4-fixed-pure-dos-startup-observation-001.md	artifacts/documentation-archive/20260910/etc/evidence/m0-t383-s4-fixed-pure-dos-startup-observation-001.md	2271	741f46d5a06533982fe7deff2c1c321d606c5a7b93978cc3065c74588e006701
docs/etc/evidence/m0-t384-s1-command-environment-resident-overwrite-ledger-001.md	artifacts/documentation-archive/20260910/etc/evidence/m0-t384-s1-command-environment-resident-overwrite-ledger-001.md	4479	7c0ed4645ef230c35401cc823df267700fff3239af5d641a0e43b4fa38aecb91
docs/etc/evidence/m0-t385-s1-s4-command-environment-transient-recovery-001.md	artifacts/documentation-archive/20260910/etc/evidence/m0-t385-s1-s4-command-environment-transient-recovery-001.md	3828	d25bcdf43b0383101ec8702d422921bfddeaeea8b9dbe3f208f66c4c18ac48ae
docs/etc/evidence/m0-t386-s1-original-command-hma-arena-startup-chain-audit-001.md	artifacts/documentation-archive/20260910/etc/evidence/m0-t386-s1-original-command-hma-arena-startup-chain-audit-001.md	5427	9da70ada989bbe7832fdd30bf2a943a30f8b18c770c09325dc1564e2f4f7005e
docs/etc/evidence/m0-t386-s3-command-arena-layout-disposition-001.md	artifacts/documentation-archive/20260910/etc/evidence/m0-t386-s3-command-arena-layout-disposition-001.md	9594	e5987e1b18b6c20808fed9a1ceb0bb229dac3de61b4003218c82f51c8b3d92fc
docs/etc/evidence/m0-t386-s3-original-base-vdm-environment-recovery-001.md	artifacts/documentation-archive/20260910/etc/evidence/m0-t386-s3-original-base-vdm-environment-recovery-001.md	2614	8924d0d2c2a4f57d4fcc6078aa5d1cf3226a3c41522dad16d397099bd91e7ad7
docs/etc/evidence/m0-t386-s3-original-command-continuation-disposition-001.md	artifacts/documentation-archive/20260910/etc/evidence/m0-t386-s3-original-command-continuation-disposition-001.md	7143	7cc5ee1ebaea88087254dc37f39c7d0cfd800823d0e83fedcab6db4a6164af4b
docs/etc/evidence/m0-t387-s1-positional-command-declaration-001.md	artifacts/documentation-archive/20260910/etc/evidence/m0-t387-s1-positional-command-declaration-001.md	1827	0ea88b8198008f066c1159c58a40d5c0cfb598dbe60a87618f2d5afe3a07eb3b
docs/etc/evidence/m0-t387-s2-runnable-package-publication-001.md	artifacts/documentation-archive/20260910/etc/evidence/m0-t387-s2-runnable-package-publication-001.md	2295	30cfd73f262b0678ab93cb1129254e68cfc402db7a10abc4a7dea04afc3cc801
docs/etc/evidence/m0-t388-s1-original-interactive-command-startup-contract-001.md	artifacts/documentation-archive/20260910/etc/evidence/m0-t388-s1-original-interactive-command-startup-contract-001.md	4996	d12890adf5452d1d536c1c6c7e11e8b952bf447efce36d80290b6a7e00effc85
docs/etc/evidence/m0-t388-s2-interactive-initial-record-binding-001.md	artifacts/documentation-archive/20260910/etc/evidence/m0-t388-s2-interactive-initial-record-binding-001.md	2176	fcc09e181fdeea35623f0ddea62003e3fce503860446500c82f7678999d2a48e
docs/etc/evidence/m0-t388-s3-console-first-startup-disposition-001.md	artifacts/documentation-archive/20260910/etc/evidence/m0-t388-s3-console-first-startup-disposition-001.md	3061	8aa921047c60db03c8c3cc77cde1cdb732e815256ef0c971c45cee7556f065fa
docs/etc/evidence/m0-t388-s4-original-softpc-console-keyboard-route-001.md	artifacts/documentation-archive/20260910/etc/evidence/m0-t388-s4-original-softpc-console-keyboard-route-001.md	3335	3649f79ef2229e1fd77ed078c39c49ce7f7e773271e83b429bafe78bf817969d
docs/etc/evidence/m0-t388-s5-source-shaped-display-arbitration-001.md	artifacts/documentation-archive/20260910/etc/evidence/m0-t388-s5-source-shaped-display-arbitration-001.md	3779	73b42be2ca979748b5d66b1d418fc89d3f93450ae84373c81a31a8e1149ec8c6
docs/etc/evidence/m0-t388-s6-original-pif-fullscreen-disposition-001.md	artifacts/documentation-archive/20260910/etc/evidence/m0-t388-s6-original-pif-fullscreen-disposition-001.md	2736	d4c406c945d004536e1eefdb6cca52ca0c444c6d277dda845bb8bc500c90d72b
docs/etc/evidence/m0-t388-s7-interactive-fixed-container-observation-001.md	artifacts/documentation-archive/20260910/etc/evidence/m0-t388-s7-interactive-fixed-container-observation-001.md	12376	56a110c50dc28c71d82a274e2b1d08428f039222bfcc5d2226bbdb54b0cae47a
docs/etc/evidence/m0-t389-s1-explicit-command-child-static-contract-001.md	artifacts/documentation-archive/20260910/etc/evidence/m0-t389-s1-explicit-command-child-static-contract-001.md	5309	b2b37eb7c8fb9130c77d0b6c6f744d3fc514941553e21172c8542dac67e6b288
docs/etc/evidence/m0-t389-s2-explicit-command-record-contract-001.md	artifacts/documentation-archive/20260910/etc/evidence/m0-t389-s2-explicit-command-record-contract-001.md	1774	f5444ada3c2a397d9b9a8107d135871b1c733e248a7686ac6cecfd5938ef2253
docs/etc/evidence/m0-t389-s3-positional-command-fixed-observation-001.md	artifacts/documentation-archive/20260910/etc/evidence/m0-t389-s3-positional-command-fixed-observation-001.md	4886	7fb35067d9bfcd7be6b7023602c4ed9619e9470ce7564b7215492c35bfdff815
docs/etc/evidence/m0-t389-s4-softpc-activity-timeslice-source-recovery-001.md	artifacts/documentation-archive/20260910/etc/evidence/m0-t389-s4-softpc-activity-timeslice-source-recovery-001.md	4203	9a9e87296381cde8b7b8ef4ea55be6abb36b1e9632ecade28be183b25e10d5d9
docs/etc/evidence/m0-t389-s5-console-worker-source-cohort-001.md	artifacts/documentation-archive/20260910/etc/evidence/m0-t389-s5-console-worker-source-cohort-001.md	2510	d29659f938313dec5a692702eda165fe924a22646d9f482c4a977c4323440300
docs/etc/evidence/m0-t389-s6-command-nesting-static-correction-001.md	artifacts/documentation-archive/20260910/etc/evidence/m0-t389-s6-command-nesting-static-correction-001.md	3680	f26d919370a3cb431ed1a9b5e083286e89f9f0b7b8cbc9c066bc10ef82e2a61e
docs/etc/evidence/m0-t389-s6-current-x86-command-child-observation-001.md	artifacts/documentation-archive/20260910/etc/evidence/m0-t389-s6-current-x86-command-child-observation-001.md	3257	c16237216b9fa02c3c5d4ece8714107d45ec9e21d6d65acde0498c800ea702aa
docs/etc/evidence/m0-t389-s6-keyboard-status-console-probe-002.md	artifacts/documentation-archive/20260910/etc/evidence/m0-t389-s6-keyboard-status-console-probe-002.md	3519	3c65b56937ecd69f29bbe024f0136c36f9222d1eaef4728d9d49b104f285683c
docs/etc/evidence/m0-t389-s7-child-exec-transfer-audit-004.md	artifacts/documentation-archive/20260910/etc/evidence/m0-t389-s7-child-exec-transfer-audit-004.md	2404	8efcb9a3b040d61b0466962ae158729cdc37e72b2a71721dd99280aa75acc7d1
docs/etc/evidence/m0-t389-s7-int16-idle-and-irq-owner-audit-002.md	artifacts/documentation-archive/20260910/etc/evidence/m0-t389-s7-int16-idle-and-irq-owner-audit-002.md	4277	9a208e6196dab32ffdbd55eb6625aad2398335cc4071d77a1e254a55ea2fa9f5
docs/etc/evidence/m0-t389-s7-keyboard-delivery-static-audit-001.md	artifacts/documentation-archive/20260910/etc/evidence/m0-t389-s7-keyboard-delivery-static-audit-001.md	3507	a127ba9561d33df3bc41053b463dea0d04362737aa5dba906332ec577d858ba8
docs/etc/evidence/m0-t389-s7-post-bop-if-provenance-003.md	artifacts/documentation-archive/20260910/etc/evidence/m0-t389-s7-post-bop-if-provenance-003.md	2576	2d6bb7fa01f8e3e61fc097e5c712e7aa3043ca0442c2f7a85d2c8c9a7554d761
docs/etc/evidence/m0-t389-s8-child-command-reentry-boundary-001.md	artifacts/documentation-archive/20260910/etc/evidence/m0-t389-s8-child-command-reentry-boundary-001.md	4170	0b3e026c95b73a9b2a1235623d326e048750af236aed214f88c94f7ae0a48a60
docs/etc/evidence/m0-t390-s1-pure-dos-configuration-carrier-audit-001.md	artifacts/documentation-archive/20260910/etc/evidence/m0-t390-s1-pure-dos-configuration-carrier-audit-001.md	4470	7e0367bd1a20ba624e3451290a506eda6a989899db74fe1b9b0e221131129eba
docs/etc/evidence/m0-t390-s2-original-pif-capture-and-stage-binding-001.md	artifacts/documentation-archive/20260910/etc/evidence/m0-t390-s2-original-pif-capture-and-stage-binding-001.md	3310	3f7460ce25d20393f532f74b12f2db09a19ce8dbbc6216938633b21d1875bc5f
docs/etc/evidence/m0-t390-s3-original-pif-fallback-and-predecessor-001.md	artifacts/documentation-archive/20260910/etc/evidence/m0-t390-s3-original-pif-fallback-and-predecessor-001.md	1440	7d82dc06074523fe5ec4ed4293763dcd36275535761c3f119611b789cba34ac5
docs/etc/evidence/m0-t390-s4-pure-dos-normal-child-predecessor-001.md	artifacts/documentation-archive/20260910/etc/evidence/m0-t390-s4-pure-dos-normal-child-predecessor-001.md	1265	0ec0adf9d7c589dfb3658fd2188e96a5435e78c1e35224a20cb9e39d04c23313
docs/etc/evidence/m0-t390-s5-original-second-command-console-proof-002.md	artifacts/documentation-archive/20260910/etc/evidence/m0-t390-s5-original-second-command-console-proof-002.md	3638	84dffdb8fd459fbc8b82321e219b5e2753fbd95a2693c4a5c3fa77f626df75bb
docs/etc/evidence/m0-t390-s5-p1-pure-dos-normal-console-key-observation-001.md	artifacts/documentation-archive/20260910/etc/evidence/m0-t390-s5-p1-pure-dos-normal-console-key-observation-001.md	1620	6d9bd4632cddfaefaa87c952bc4714c15ab7b5f451d4fb180656cd67d098cade
docs/etc/evidence/m0-t391-s1-dosx-dependency-closure-001.md	artifacts/documentation-archive/20260910/etc/evidence/m0-t391-s1-dosx-dependency-closure-001.md	5425	dc9a26cd756315ffd870b6538208ed40b8e8601f8658712c2a9e7641052b80ad
docs/etc/evidence/m0-t391-s2-command-stage-return-abi-map-001.md	artifacts/documentation-archive/20260910/etc/evidence/m0-t391-s2-command-stage-return-abi-map-001.md	5640	86ea38acd428ffd083b823a5c9844a2faf2069ddd1b59b176df9ef7143983205
docs/etc/evidence/m0-t391-s3-current-command-worker-binding-001.md	artifacts/documentation-archive/20260910/etc/evidence/m0-t391-s3-current-command-worker-binding-001.md	2084	91fb16536c8fd9a8d6ce7ff3f0d75df4ab94403fe7251157eed8d44314389efc
docs/etc/evidence/m0-t391-s4-no-argument-command-startup-recovery-001.md	artifacts/documentation-archive/20260910/etc/evidence/m0-t391-s4-no-argument-command-startup-recovery-001.md	3223	bfd233b4ae90c94ad86989d1df1dc34503ae0fff4e2e84073e3659cd1aa60332
docs/etc/evidence/m0-t391-s5-permcom-initial-record-recovery-001.md	artifacts/documentation-archive/20260910/etc/evidence/m0-t391-s5-permcom-initial-record-recovery-001.md	4053	379ae4c90bd58073bd0f52f0f18f64def8233b62d2bd40b861efc52f80105a31
docs/etc/evidence/m0-t391-s6-command-child-app-entry-closure-001.md	artifacts/documentation-archive/20260910/etc/evidence/m0-t391-s6-command-child-app-entry-closure-001.md	2493	4974d4d19328f8d190f7f308ff559aadf491af65d0932e293a3dbc92592fb6aa
docs/etc/evidence/m0-t391-s6-first-permcom-child-disposition-source-map-001.md	artifacts/documentation-archive/20260910/etc/evidence/m0-t391-s6-first-permcom-child-disposition-source-map-001.md	4063	ec6cfee223097a0c27b8c921c72ea397c6d2874800f5d36aead2e0b4964cd7bf
docs/etc/evidence/m0-t391-s6-image-disposition-and-same-vdm-exec-001.md	artifacts/documentation-archive/20260910/etc/evidence/m0-t391-s6-image-disposition-and-same-vdm-exec-001.md	2352	ae868d40ba4fcfdf2356634b421aee0840e9d1768daa5cfabee19e2bacc9e75c
docs/etc/evidence/m0-t391-s6-native-child-profile-admission-001.md	artifacts/documentation-archive/20260910/etc/evidence/m0-t391-s6-native-child-profile-admission-001.md	3209	67476a13fa03b063aaee60d7652f3eea09c8e2ba9ee4920153398727eb89b9bb
docs/etc/evidence/m0-t391-s7-app-entry-command-final-matrix-001.md	artifacts/documentation-archive/20260910/etc/evidence/m0-t391-s7-app-entry-command-final-matrix-001.md	1376	11e04638cb8f7425b602cfa3be695cdbc33684a2e30a568d5667ba18bd052e86
docs/etc/evidence/m0-t391-s7-clean-console-command-integration-001.md	artifacts/documentation-archive/20260910/etc/evidence/m0-t391-s7-clean-console-command-integration-001.md	2249	e55ec34df9e078dd1f853f9071ae649be37c3b2aae41e819cf5b1821fd9b3083
docs/etc/evidence/m0-t391-s7-command-tight-c-app-entry-001.md	artifacts/documentation-archive/20260910/etc/evidence/m0-t391-s7-command-tight-c-app-entry-001.md	1818	b22615cd21a570830db89f8fbdfbf3933dc469f56a5d106974946e0f11ae48cf
docs/etc/evidence/m0-t391-s7-second-command-native-child-002.md	artifacts/documentation-archive/20260910/etc/evidence/m0-t391-s7-second-command-native-child-002.md	840	923c7bf7b1c79675a56df02c9207ff2b5b544110d48eb278290d37cf38ab6d85
docs/etc/evidence/m0-t391-s8-three-rom-executable-resource-001.md	artifacts/documentation-archive/20260910/etc/evidence/m0-t391-s8-three-rom-executable-resource-001.md	1399	d6a1e9949568a37748652ca4b31d71083157a195103bac535e930c26b4d64e6f
docs/etc/evidence/m0-t391-s9-final-audit-closure-001.md	artifacts/documentation-archive/20260910/etc/evidence/m0-t391-s9-final-audit-closure-001.md	1310	af9487b5e295db697f83c19867ea5f3cfed35e52d62bd513c0ef4d1ed126b515
docs/etc/evidence/m0-t392-s12-console-owning-acceptance-repair-001.md	artifacts/documentation-archive/20260910/etc/evidence/m0-t392-s12-console-owning-acceptance-repair-001.md	2649	e2b85a9f88dcb2cb492b0fbc50fb95577878a1f73095e1a2193a93c1513497a9
docs/etc/evidence/m0-t392-s13-direct-command-matrix-001.md	artifacts/documentation-archive/20260910/etc/evidence/m0-t392-s13-direct-command-matrix-001.md	1701	534ee8b24dced5d4a346cc8b0c4492d8927824e0b4619de768b60c07bd23a58c
docs/etc/evidence/m0-t393-s1-dosx-source-dependency-audit-001.md	artifacts/documentation-archive/20260910/etc/evidence/m0-t393-s1-dosx-source-dependency-audit-001.md	5383	cee2da1cf3454d8df33dcc44cfc474cd53c96d981754f0ea8f7a8647991be4cd
docs/etc/evidence/m0-t394-s1-adapter-ownership-audit-001.md	artifacts/documentation-archive/20260910/etc/evidence/m0-t394-s1-adapter-ownership-audit-001.md	4998	9c0b56c5802421f21f5cb23885c3b6b00d46ab99f21f6968d62cb5d815438962
docs/etc/evidence/m0-t394-s2-vdd-ownership-migration-001.md	artifacts/documentation-archive/20260910/etc/evidence/m0-t394-s2-vdd-ownership-migration-001.md	2820	8d131a360720c42ffbecd475a11229e3ec9c82d66f2070d016a40a68eead7803
docs/etc/evidence/m0-t394-s3-command-redirection-ownership-migration-001.md	artifacts/documentation-archive/20260910/etc/evidence/m0-t394-s3-command-redirection-ownership-migration-001.md	2357	735c7ad9878db89ae20003da8dcb06736d81c29b1f02ee29f4f7e6c9de1e0899
docs/etc/evidence/m0-t394-s4-basesrv-command-ownership-migration-001.md	artifacts/documentation-archive/20260910/etc/evidence/m0-t394-s4-basesrv-command-ownership-migration-001.md	823	0ea864e7c4662171c64930b45f80285a6a1e2e5b33079b8ac58ad34a88f8826d
docs/etc/evidence/m0-t394-s5-termination-observation-abi-audit-001.md	artifacts/documentation-archive/20260910/etc/evidence/m0-t394-s5-termination-observation-abi-audit-001.md	1984	b315742e2cb68d2eeb6a4c726b424bf54447d933e8af623eda78987384217435
docs/etc/evidence/m0-t394-s6-session-app-extraction-001.md	artifacts/documentation-archive/20260910/etc/evidence/m0-t394-s6-session-app-extraction-001.md	1668	327eec22525dc7b64cb42da84bc32d95cb2857457e8310554e3ce8f70553a541
docs/etc/evidence/m0-t394-s6-session-app-extraction-design-001.md	artifacts/documentation-archive/20260910/etc/evidence/m0-t394-s6-session-app-extraction-design-001.md	971	e4e5a9713cfb7629056379ad7f663ddb399225bf8c47af44a454a013e27db767
docs/etc/evidence/m0-t394-s7-machine-observation-extraction-001.md	artifacts/documentation-archive/20260910/etc/evidence/m0-t394-s7-machine-observation-extraction-001.md	908	09f6148baf7987bacc0125871bafce9c8589fc835756c85731fb22aa17208e3d
docs/etc/evidence/m0-t394-s8-service-observation-abi-extraction-001.md	artifacts/documentation-archive/20260910/etc/evidence/m0-t394-s8-service-observation-abi-extraction-001.md	846	5062fdd4a4e386d4d4716712d032687b53309095983e52fdd9f882f488b1ab44
docs/etc/evidence/m0-t394-s9-t394-closure-audit-001.md	artifacts/documentation-archive/20260910/etc/evidence/m0-t394-s9-t394-closure-audit-001.md	1359	7b9ee33bf17ea63d14dbf3293a5c9c25b4c616a993827854bc0103793d10e99a
docs/etc/evidence/m0-t395-s1-dpmi32-runtime-admission-audit-001.md	artifacts/documentation-archive/20260910/etc/evidence/m0-t395-s1-dpmi32-runtime-admission-audit-001.md	2790	d9363aa0a360144e903db70c631a06d273c25644a868b8b98f19f74e886dbed2
docs/etc/evidence/m0-t395-s2-cpu40-protected-mode-entry-bridge-001.md	artifacts/documentation-archive/20260910/etc/evidence/m0-t395-s2-cpu40-protected-mode-entry-bridge-001.md	4334	e91d199d88c154a03fa022cc9980e7c80cd75f6edfb876a884fcf764e56ad0cb
docs/etc/evidence/m0-t395-s3-cpu40-dpmi-dispatch-lifecycle-audit-001.md	artifacts/documentation-archive/20260910/etc/evidence/m0-t395-s3-cpu40-dpmi-dispatch-lifecycle-audit-001.md	5524	19ea3f8091932a63baa294200e693b7410f1d976469a4626e1278cadaf5d2144
docs/etc/evidence/m0-t396-s10-error-dialog-family-map-001.md	artifacts/documentation-archive/20260910/etc/evidence/m0-t396-s10-error-dialog-family-map-001.md	4738	ba0d8a61e23f34caf1415939a9486d28d9c3cd1e1fd87b01214bc0585ec5d487
docs/etc/evidence/m0-t396-s10-visible-wow-error-dialog-implementation-001.md	artifacts/documentation-archive/20260910/etc/evidence/m0-t396-s10-visible-wow-error-dialog-implementation-001.md	4764	e5c8f2fdbc162088fe2bae42927e4f717222d17ccbe8ad2d2ecb4ef1c5164715
docs/etc/evidence/m0-t396-s11-dosx-int6-protected-mode-frontier-001.md	artifacts/documentation-archive/20260910/etc/evidence/m0-t396-s11-dosx-int6-protected-mode-frontier-001.md	2388	e95af363db40ce41e1384c356213162a226356f3379584b9ebd7170d916519fa
docs/etc/evidence/m0-t396-s12-softpc-error-panel-contract-001.md	artifacts/documentation-archive/20260910/etc/evidence/m0-t396-s12-softpc-error-panel-contract-001.md	2684	0401eba9f115e6c1e9029764b2688f53423248e41914d64c27f56df758febe27
docs/etc/evidence/m0-t396-s13-controlled-error-panel-observation-001.md	artifacts/documentation-archive/20260910/etc/evidence/m0-t396-s13-controlled-error-panel-observation-001.md	3395	c96897d2bcbaf65d7428d49a06c2665ec94f77964f7d0b802c86c906c1aa96cf
docs/etc/evidence/m0-t396-s14-dem-reset-fastfail-provenance-001.md	artifacts/documentation-archive/20260910/etc/evidence/m0-t396-s14-dem-reset-fastfail-provenance-001.md	1307	9c853cbc3fac7d473f7b88e9bcf350c99ace519396932763b5c644b4eea8ea83
docs/etc/evidence/m0-t396-s15-current-wowexec-loader-observation-001.md	artifacts/documentation-archive/20260910/etc/evidence/m0-t396-s15-current-wowexec-loader-observation-001.md	2494	8be6269b6b5fae22e00ce4ecbcfd87e3439b0e65ac4cc3e20daeca6967922f30
docs/etc/evidence/m0-t396-s16-wow-kernel-argument-carrier-recovery-001.md	artifacts/documentation-archive/20260910/etc/evidence/m0-t396-s16-wow-kernel-argument-carrier-recovery-001.md	3925	ce8484a046319fa60910f21277aa4fbb6e14323116cd9ff22b1685b7975ddc27
docs/etc/evidence/m0-t396-s17-kernel31-fixexe-header-recovery-001.md	artifacts/documentation-archive/20260910/etc/evidence/m0-t396-s17-kernel31-fixexe-header-recovery-001.md	4414	54d1c52d2fd9e7b7e1e49361040ea4fca6ccbaf6b1f791abe1ab88b8ae686251
docs/etc/evidence/m0-t396-s18-current-binding-composition-audit-001.md	artifacts/documentation-archive/20260910/etc/evidence/m0-t396-s18-current-binding-composition-audit-001.md	2637	e9fc3a8ff93861950869d62ac509ebf62b382403a31a3dc88470bafb84eac0d7
docs/etc/evidence/m0-t396-s19-wowexec-stack-cookie-provenance-001.md	artifacts/documentation-archive/20260910/etc/evidence/m0-t396-s19-wowexec-stack-cookie-provenance-001.md	3255	bf82f4135df4857ce8d590d2ef34692aa0a12aae3a8c13857b76d935f401056f
docs/etc/evidence/m0-t396-s1-wow32-provider-admission-audit-001.md	artifacts/documentation-archive/20260910/etc/evidence/m0-t396-s1-wow32-provider-admission-audit-001.md	7533	efe1cca85d24bbcdc8017eab0ce12298ff4f48498c4af8c7b24a7dff1559b618
docs/etc/evidence/m0-t396-s20-fresh-x86-composition-001.md	artifacts/documentation-archive/20260910/etc/evidence/m0-t396-s20-fresh-x86-composition-001.md	2316	6f26851d75cf20146b5a12a57d1bdbdbbc808ed2378bf927ad4c4a4e3a6638bc
docs/etc/evidence/m0-t396-s21-fresh-wow32-loader-failure-provenance-001.md	artifacts/documentation-archive/20260910/etc/evidence/m0-t396-s21-fresh-wow32-loader-failure-provenance-001.md	3088	1afee3b3f1fa3bdee28c94753db98a021f333374a1ed2548d55843f4140e6551
docs/etc/evidence/m0-t396-s22-wow32-import-name-loader-audit-001.md	artifacts/documentation-archive/20260910/etc/evidence/m0-t396-s22-wow32-import-name-loader-audit-001.md	2102	fe1e0a86ddb716e5dcac4a65ae23a96a5ef31353000961f78d20089a321ee752
docs/etc/evidence/m0-t396-s23-wow32-system-import-loader-recovery-001.md	artifacts/documentation-archive/20260910/etc/evidence/m0-t396-s23-wow32-system-import-loader-recovery-001.md	3630	2a6084d91f114c8d791fe2b2565000930c7dbf07c3259b4c0fed25bb7c8a36d8
docs/etc/evidence/m0-t396-s24-wow32-post-load-access-violation-provenance-001.md	artifacts/documentation-archive/20260910/etc/evidence/m0-t396-s24-wow32-post-load-access-violation-provenance-001.md	2847	b67f8c3f50b8b573746926a34f4cff2304036755b902a4cf29adffa3d2575216
docs/etc/evidence/m0-t396-s25-wow32-dll-entry-activation-bridge-001.md	artifacts/documentation-archive/20260910/etc/evidence/m0-t396-s25-wow32-dll-entry-activation-bridge-001.md	2670	b0b80f8db88f2e93a43e13e5489fda9db1fa03bf7033783467ac2a2bb0d8680b
docs/etc/evidence/m0-t396-s26-wow32-post-initializer-abort-frontier-001.md	artifacts/documentation-archive/20260910/etc/evidence/m0-t396-s26-wow32-post-initializer-abort-frontier-001.md	1757	264a9a2b28b0385a86b172248270b2306ac44d472883b7a3f789695148aef7d8
docs/etc/evidence/m0-t396-s27-observer-provenance-correction-001.md	artifacts/documentation-archive/20260910/etc/evidence/m0-t396-s27-observer-provenance-correction-001.md	2734	9dfd29dfd1e6e624976446fcafcb1ab6bc6c7cb074aea6cf442af779068e9ddd
docs/etc/evidence/m0-t396-s28-current-wowexec-pre-wow32-frontier-001.md	artifacts/documentation-archive/20260910/etc/evidence/m0-t396-s28-current-wowexec-pre-wow32-frontier-001.md	2058	64be0c09ebfc78cf8613a96fbdfbc251ce083c55d48c247cb0fea53a68ded15c
docs/etc/evidence/m0-t396-s29-modal-observer-boundedness-failure-001.md	artifacts/documentation-archive/20260910/etc/evidence/m0-t396-s29-modal-observer-boundedness-failure-001.md	1513	7765f6233686fd9eee6165f51578cffee2edcd5a5a35d49ec30dd2f0013550a8
docs/etc/evidence/m0-t396-s2-wow32-formal-frontier-001.md	artifacts/documentation-archive/20260910/etc/evidence/m0-t396-s2-wow32-formal-frontier-001.md	30829	df58bca10556fc74297e9f002b8412887321110dc3f71359f2e1d0c310a3dc9b
docs/etc/evidence/m0-t396-s30-one-action-carrier-current-stage-001.md	artifacts/documentation-archive/20260910/etc/evidence/m0-t396-s30-one-action-carrier-current-stage-001.md	2101	5c1d66b91c1fe7a4be72035324d8fa5515392cd3f57359dc21857ef93ed9a1d9
docs/etc/evidence/m0-t396-s32-optional-wow-registry-recovery-001.md	artifacts/documentation-archive/20260910/etc/evidence/m0-t396-s32-optional-wow-registry-recovery-001.md	2340	e82b63a4aaa4847b677ede835ea16c575bfedf8c3c054dd3f458aaac0c1717b4
docs/etc/evidence/m0-t396-s33-private-user-and-cpu-vector-frontier-001.md	artifacts/documentation-archive/20260910/etc/evidence/m0-t396-s33-private-user-and-cpu-vector-frontier-001.md	2326	e825ad35ea333908998bf7384b9a589d7c31fade8d5ecae4dced56a40db2905c
docs/etc/evidence/m0-t396-s34-first-dispatch-frontier-002.md	artifacts/documentation-archive/20260910/etc/evidence/m0-t396-s34-first-dispatch-frontier-002.md	2599	a47581650f2f44bbac330588a4b4ec0e18ec1bcec46064a06ef99edb46a46a28
docs/etc/evidence/m0-t396-s34-wow32-provider-init-frontier-001.md	artifacts/documentation-archive/20260910/etc/evidence/m0-t396-s34-wow32-provider-init-frontier-001.md	1885	c5b7ce76de1fc84d4d8071d34b2dcf04ea1b6f03cda4713f89bfdce6650954cf
docs/etc/evidence/m0-t396-s35-private-user-class-registration-audit-001.md	artifacts/documentation-archive/20260910/etc/evidence/m0-t396-s35-private-user-class-registration-audit-001.md	3160	0aa1398bb70d267ba0d2e01eab6fbbf317f223765433e6b8f89a30f89844e237
docs/etc/evidence/m0-t396-s3-win16-bootstrap-loader-frontier-001.md	artifacts/documentation-archive/20260910/etc/evidence/m0-t396-s3-win16-bootstrap-loader-frontier-001.md	13641	a7879348e6498502b89f31d279fab3c60460e1ef04e541e98bc825783141f7ef
docs/etc/evidence/m0-t396-s3-wow-original-a-contract-frontier-002.md	artifacts/documentation-archive/20260910/etc/evidence/m0-t396-s3-wow-original-a-contract-frontier-002.md	6012	6aabcb31b1e2e1aa3a82465cef0455e8c4f1f59b9ede6dc43f96f01b9236ad2e
docs/etc/evidence/m0-t396-s5-wow16-fixexe-build-artifact-001.md	artifacts/documentation-archive/20260910/etc/evidence/m0-t396-s5-wow16-fixexe-build-artifact-001.md	4899	67289cf0827ca0a51fc5a9e8904006c7284f333b43da5ffe546e008a8970afe0
docs/etc/evidence/m0-t396-s6-hma-low-memory-transfer-audit-001.md	artifacts/documentation-archive/20260910/etc/evidence/m0-t396-s6-hma-low-memory-transfer-audit-001.md	4243	c29dc0915db5a884d0efa8aeb8dfcc8472e2f15b66355abfab6b41f18c716148
docs/etc/evidence/m0-t396-s7-hma-store-fetch-observation-001.md	artifacts/documentation-archive/20260910/etc/evidence/m0-t396-s7-hma-store-fetch-observation-001.md	2851	d1006d78520358e5ba86c9ff749f0d0fd176501100d7ab7ba57c10e6ad974707
docs/etc/evidence/m0-t396-s8-native-stack-cookie-provenance-audit-001.md	artifacts/documentation-archive/20260910/etc/evidence/m0-t396-s8-native-stack-cookie-provenance-audit-001.md	7801	7da389904e386c9a9e0f53645f587bfad706c1657629112c1eb6e43db006c711
docs/etc/evidence/m0-t396-s9-wow-private-hard-error-contract-audit-001.md	artifacts/documentation-archive/20260910/etc/evidence/m0-t396-s9-wow-private-hard-error-contract-audit-001.md	7736	bbe3e2d1ae290ea849e00c55ee65de846b466c8838974ac0965046eb622aef4b
docs/etc/evidence/m0-t397-s1-wow16-ui-service-package-audit-001.md	artifacts/documentation-archive/20260910/etc/evidence/m0-t397-s1-wow16-ui-service-package-audit-001.md	3792	a80c05db022dd392b647fa5a6e9014e34820cfbde7248fb27f731dcf795c9d21
docs/etc/evidence/m0-t397-s2-wow-window-projection-recovery-exception-001.md	artifacts/documentation-archive/20260910/etc/evidence/m0-t397-s2-wow-window-projection-recovery-exception-001.md	4011	59202891398c09a4ae1490165baf8bacacb9f6863cda70516e61f3db47390b32
docs/etc/evidence/m0-t397-s3-wow-window-projection-closure-001.md	artifacts/documentation-archive/20260910/etc/evidence/m0-t397-s3-wow-window-projection-closure-001.md	2799	51554225c9d092a7aa8f7072474918d1e8abecb8b44e245abfbe96736b848707
docs/etc/evidence/m0-t397-s4-cursor-resource-frontier-001.md	artifacts/documentation-archive/20260910/etc/evidence/m0-t397-s4-cursor-resource-frontier-001.md	65132	114c4c20083ac060ea43336e240f45c0e47a614c3e17f26096fb3e133a477371
docs/etc/evidence/m0-t397-s4-private-user-final-init-handshake-001.md	artifacts/documentation-archive/20260910/etc/evidence/m0-t397-s4-private-user-final-init-handshake-001.md	13301	7688d88e70a113b24b461075eb205c878c560adcd576dda51080bad9884367c5
docs/etc/evidence/m0-t397-s4-release-dc-cpu-reentry-001.md	artifacts/documentation-archive/20260910/etc/evidence/m0-t397-s4-release-dc-cpu-reentry-001.md	2679	ad492f59a22d5ed5ec4d5a01a9070d99097b95761995633b4c4253413e992a00
docs/etc/evidence/m0-t398-s1-error-interaction-contract-audit-001.md	artifacts/documentation-archive/20260910/etc/evidence/m0-t398-s1-error-interaction-contract-audit-001.md	5709	983ce009273fe352dc6c83a4eaad398428bc17e399b5bd28fd0b8a91590d07ec
docs/etc/evidence/m0-t398-s2-errorpanel-copied-request-reply-001.md	artifacts/documentation-archive/20260910/etc/evidence/m0-t398-s2-errorpanel-copied-request-reply-001.md	8482	4c059d1d8daa64d8b80821ddf2fd15e074be9dff8274571c8b572ee8f0a4a861
docs/etc/evidence/m0-t399-s1-x86-product-retirement-audit-001.md	artifacts/documentation-archive/20260910/etc/evidence/m0-t399-s1-x86-product-retirement-audit-001.md	2359	c96f1d542e91ad38e8d6ca14bab7f0ca4f52c8af3efb05dc329f0caa87abbc28
docs/etc/evidence/m0-t400-s10-write-segment-diagnostic-build-001.md	artifacts/documentation-archive/20260910/etc/evidence/m0-t400-s10-write-segment-diagnostic-build-001.md	2693	52d35c47146ad6b8bf96a4e614bd4df516b2316a0d2aee913c0d803a99b89db0
docs/etc/evidence/m0-t400-s1-write-low-memory-boundary-audit-001.md	artifacts/documentation-archive/20260910/etc/evidence/m0-t400-s1-write-low-memory-boundary-audit-001.md	3034	fbbb146b3afddc01927d27150ce6bf00ac93a114b7c398700f221438ba8778bf
docs/etc/evidence/m0-t400-s2-write-window-topology-001.md	artifacts/documentation-archive/20260910/etc/evidence/m0-t400-s2-write-window-topology-001.md	2464	2707842e3097ef497f6087e7aadef253acd174185d0cb019bd0822798dc32415
docs/etc/evidence/m0-t400-s3-finitmemory-provider-discriminant-audit-001.md	artifacts/documentation-archive/20260910/etc/evidence/m0-t400-s3-finitmemory-provider-discriminant-audit-001.md	4765	9ceddd6b525b63508f35b68f05f59c2e3a41b14e2ffa9590269cfd64ca163846
docs/etc/evidence/m0-t400-s4-write-scratch-file-observation-001.md	artifacts/documentation-archive/20260910/etc/evidence/m0-t400-s4-write-scratch-file-observation-001.md	2290	219bb11f18c97630ed2d7fd85f4ed66641e8fc0e7f236cd63a7774de91f79888
docs/etc/evidence/m0-t400-s5-kernel97-local-api-linkage-audit-001.md	artifacts/documentation-archive/20260910/etc/evidence/m0-t400-s5-kernel97-local-api-linkage-audit-001.md	2167	42e37f3b551d2c17068c77db70e0c3f4326421b0989f08c45ed43e67b63c9485
docs/etc/evidence/m0-t400-s6-x86-original-return-discriminant-admission-audit-001.md	artifacts/documentation-archive/20260910/etc/evidence/m0-t400-s6-x86-original-return-discriminant-admission-audit-001.md	1284	7c63c3a4ff8a0fb67588cfffb39ec3c8e4a7a754b04a1626f1b187ad3b96fba7
docs/etc/evidence/m0-t400-s7-vdmdbg-write-selector-discovery-001.md	artifacts/documentation-archive/20260910/etc/evidence/m0-t400-s7-vdmdbg-write-selector-discovery-001.md	1582	2211c047897485bad7b2ac80d5e82298a3ab0216a8d193f35ea77c5c9eaf53b8
docs/etc/evidence/m0-t400-s8-write-ne-ldt-identity-observation-001.md	artifacts/documentation-archive/20260910/etc/evidence/m0-t400-s8-write-ne-ldt-identity-observation-001.md	2194	eeb7cfd976d6b51fa3c661abbbe200b8fed42cbfc613b0616ab118885d018ac4
docs/etc/evidence/m0-t400-s9-write-segment-burst-sampling-001.md	artifacts/documentation-archive/20260910/etc/evidence/m0-t400-s9-write-segment-burst-sampling-001.md	1036	92f7cebcb810e2d780f2d85e181f7c9012f51de6277b92bc2ad6b86a896a2226
docs/etc/evidence/m0-t401-gpf-handoff-pre-admission-001.md	artifacts/documentation-archive/20260910/etc/evidence/m0-t401-gpf-handoff-pre-admission-001.md	3419	224633e2a082b6d8eeb0ffe0b17b91b194641cb2241cf388bb8dc006a6e3d0ed
docs/etc/evidence/m0-t401-s1-wow16-callback-boundary-audit-001.md	artifacts/documentation-archive/20260910/etc/evidence/m0-t401-s1-wow16-callback-boundary-audit-001.md	5506	7c5a602573c8473f438e3464005f16161df62212c5619a713e6e53718ee97355
docs/etc/evidence/m0-t401-s2-cpu-fault-diagnostic-non-equivalence-001.md	artifacts/documentation-archive/20260910/etc/evidence/m0-t401-s2-cpu-fault-diagnostic-non-equivalence-001.md	2120	5e9fc7ea072ea7854a0c0d33c600cbcebd9b8770953993c6ebec0d73c0f7357b
docs/etc/evidence/m0-t401-s2-localhandledelta-entry-audit-001.md	artifacts/documentation-archive/20260910/etc/evidence/m0-t401-s2-localhandledelta-entry-audit-001.md	2625	bceae3996c5799340f555e41fcd439e3821bb2beedf0ed0aba539079efa3882c
docs/etc/evidence/m0-t401-s2-state-scope-correction-001.md	artifacts/documentation-archive/20260910/etc/evidence/m0-t401-s2-state-scope-correction-001.md	1086	fd86d268f06b5e283b1f3795b49216374f4434adbb25a1755b3232ec99368158
docs/etc/evidence/m0-t401-s2-write-data-state-observation-001.md	artifacts/documentation-archive/20260910/etc/evidence/m0-t401-s2-write-data-state-observation-001.md	4524	8b439c360066bb1efa32e80cb469d0d8c97a6770b087d52493099b59701015d5
docs/etc/evidence/m0-t401-s3-illegal-op-frame-witness-001.md	artifacts/documentation-archive/20260910/etc/evidence/m0-t401-s3-illegal-op-frame-witness-001.md	3229	c193fdd20c487f6f2989afadbee9adcc54b38f4b6ef3b6885b4c5af223e1fe74
docs/etc/evidence/m0-t401-s4-write-compatible-dc-non-equivalence-001.md	artifacts/documentation-archive/20260910/etc/evidence/m0-t401-s4-write-compatible-dc-non-equivalence-001.md	3094	976ab3277d504038aeba01c5cad8645a2e4eff724e7fc8beeaa6c44c7112b11a
docs/etc/evidence/m0-t95-status-ledger-20260811.md	artifacts/documentation-archive/20260910/etc/evidence/m0-t95-status-ledger-20260811.md	443569	ea346ff2bbee10724ac1c9155cb498c93f82a9a74d4db51c0483c75fdd2f4588
docs/etc/evidence/m0-td-s3-p1-ten-component-owner-ratification-001.md	artifacts/documentation-archive/20260910/etc/evidence/m0-td-s3-p1-ten-component-owner-ratification-001.md	3347	bb49ad335260de862e37bc7653ab5d050474b7cdff6eb624cfdb95dec4b554e3
docs/etc/evidence/opennt-kernel-vdm-contract-package-audit-001.md	artifacts/documentation-archive/20260910/etc/evidence/opennt-kernel-vdm-contract-package-audit-001.md	995	1a1bc7ddc41196f62a9d4dead2b44ad52684acf8fc451f4030ee0cf9ea5ed19f
docs/etc/evidence/status-ledgers/status-ledger-snapshot-20260910.md	artifacts/documentation-archive/20260910/etc/evidence/status-ledgers/status-ledger-snapshot-20260910.md	1125640	204918ce2e3118420dc4febe2ee1ca1112a795a56d6bfc6ace9ce6299e7f4758
docs/etc/evidence/t225-s10-primary-bootstrap-observation-result-001.md	artifacts/documentation-archive/20260910/etc/evidence/t225-s10-primary-bootstrap-observation-result-001.md	3802	0ae0f48b51e21a0d410c89753cefdf54560ffae399ba4c51fb35305d2e99635c
docs/etc/evidence/t225-s11-bounded-native-cli-run-control-result-001.md	artifacts/documentation-archive/20260910/etc/evidence/t225-s11-bounded-native-cli-run-control-result-001.md	3648	e674398557a3dfdb415ecf9a27a88deb862ebe09c3a5e41920b76ce7d660239e
docs/etc/evidence/t225-s12-adapter-bop-observation-result-001.md	artifacts/documentation-archive/20260910/etc/evidence/t225-s12-adapter-bop-observation-result-001.md	3956	610d7c3bc998fabe1e5b29f0da13f6db19a6f731abc6c2d09bec6f18fe450f09
docs/etc/evidence/t225-s13-primary-first-bop-ladder-result-001.md	artifacts/documentation-archive/20260910/etc/evidence/t225-s13-primary-first-bop-ladder-result-001.md	3036	c3fde2847c56bfa66ca971548af189e01c0b3b1479737d7968ccecab701d78e1
docs/etc/evidence/t225-s15-generic-ud-continuity-observation-result-001.md	artifacts/documentation-archive/20260910/etc/evidence/t225-s15-generic-ud-continuity-observation-result-001.md	3098	cc7267646850297de7bbf409e75049c0d7e2963c6868e573d39cfe85c54e1a32
docs/etc/evidence/t225-s16-formal-generic-ud-bridge-gate-result-001.md	artifacts/documentation-archive/20260910/etc/evidence/t225-s16-formal-generic-ud-bridge-gate-result-001.md	2423	23c02d5f6f0a577cc966c406c850f732195603c690d377ffe532445a01e66ff2
docs/etc/evidence/t225-s17-external-generic-ud-bridge-composition-result-001.md	artifacts/documentation-archive/20260910/etc/evidence/t225-s17-external-generic-ud-bridge-composition-result-001.md	2584	0e4c6c98ceb6d516d41013899913422d50a1cc0a8c141bd3a5c8789ff6c7e8c4
docs/etc/evidence/t225-s19-dem-direct-readonly-package-regression-result-001.md	artifacts/documentation-archive/20260910/etc/evidence/t225-s19-dem-direct-readonly-package-regression-result-001.md	2704	a602e0b97e4f521d13abe23619a6ef5215f5441dbb9fbd2f311bc1c5fd82d13b
docs/etc/evidence/t225-s19-dem-dpb-failure-regression-result-001.md	artifacts/documentation-archive/20260910/etc/evidence/t225-s19-dem-dpb-failure-regression-result-001.md	1680	771600f16c3ad3c9dd384ba1a1cd9d7425e576862eae52f13655ceb5e888bf85
docs/etc/evidence/t225-s19-dem-native-package-validation-result-001.md	artifacts/documentation-archive/20260910/etc/evidence/t225-s19-dem-native-package-validation-result-001.md	2825	ad8ecfcf0a840db5846d32aab130244307ef2a55bdf1edc2be3bfb69036abcc9
docs/etc/evidence/t225-s19-dem-pdb-lifecycle-ordering-result-001.md	artifacts/documentation-archive/20260910/etc/evidence/t225-s19-dem-pdb-lifecycle-ordering-result-001.md	1989	628180b707ed815f3b0a79633f3792086b03f040285891b833739028175f1d03
docs/etc/evidence/t225-s20-command-direct-readonly-package-regression-result-001.md	artifacts/documentation-archive/20260910/etc/evidence/t225-s20-command-direct-readonly-package-regression-result-001.md	2062	5026b4ea89ef42d1f17325992f8c3d6e8671c880af7e714affc8b236681ead6e
docs/etc/evidence/t225-s20-command-native-package-validation-result-001.md	artifacts/documentation-archive/20260910/etc/evidence/t225-s20-command-native-package-validation-result-001.md	2622	04f73b66a4b135010c8522a8977e24647c9779d49d8e306547313e6bab4ea0aa
docs/etc/evidence/t225-s22-command-environment-bx-correction-result-001.md	artifacts/documentation-archive/20260910/etc/evidence/t225-s22-command-environment-bx-correction-result-001.md	1329	7b7e34168d55fa6de245fd78189a42db3e5817ee45ea7853e760ea3fb0a4c50c
docs/etc/evidence/t225-s22-native-startup-continuity-observation-result-001.md	artifacts/documentation-archive/20260910/etc/evidence/t225-s22-native-startup-continuity-observation-result-001.md	4223	b6406830be84a991240d00b2233ff8fe90a412a3997eee5d941e24881e9f1f9e
docs/etc/evidence/t225-s23-byte-port-action-result-001.md	artifacts/documentation-archive/20260910/etc/evidence/t225-s23-byte-port-action-result-001.md	2712	2208a3f4348433e21bf3ce0b778f9fdecf8835a9afbc445de3a51fa64f8ddd51
docs/etc/evidence/t225-s23-direct-readonly-native-int06-observation-001.md	artifacts/documentation-archive/20260910/etc/evidence/t225-s23-direct-readonly-native-int06-observation-001.md	698	9e4d71ffad82965915b4d1985929f9ab21cde8739d57498b6c67f03e39988662
docs/etc/evidence/t225-s23-int06-native-transaction-result-001.md	artifacts/documentation-archive/20260910/etc/evidence/t225-s23-int06-native-transaction-result-001.md	608	75fdff9341e307663861975213dd9f3d1a96829181d2b470fe1d6985a7241461
docs/etc/evidence/t225-s23-native-pic-lifecycle-result-001.md	artifacts/documentation-archive/20260910/etc/evidence/t225-s23-native-pic-lifecycle-result-001.md	3474	d3c1f4fd0f2a4f1f620726186b75c2b2d4afb6dd3bc97631ba53fac843285e26
docs/etc/evidence/t225-s23-ram-preflight-result-001.md	artifacts/documentation-archive/20260910/etc/evidence/t225-s23-ram-preflight-result-001.md	783	12384b2e6c7839e97add0bb78c58f3ab0a70e91d1b7aec43b1f0c734d84bc94c
docs/etc/evidence/t225-s25-startup-machine-family-native-validation-result-001.md	artifacts/documentation-archive/20260910/etc/evidence/t225-s25-startup-machine-family-native-validation-result-001.md	2331	441f4e5f389fea9e7bcd84149d8bee71ae539a1619ac1c1536e086034d095478
docs/etc/evidence/t225-s25-startup-machine-interrupt-result-001.md	artifacts/documentation-archive/20260910/etc/evidence/t225-s25-startup-machine-interrupt-result-001.md	2319	e1a230660a01e05bade7e77ae7849353552448dd0d8dcdd5bc76c5d89ecfe1a1
docs/etc/evidence/t225-s27-command-parent-return-composition-family-result-001.md	artifacts/documentation-archive/20260910/etc/evidence/t225-s27-command-parent-return-composition-family-result-001.md	2105	8b123890fe810a614256ee44b012cd9002b6c3c371bfe0c52621c37cb6fc0878
docs/etc/evidence/t225-s27-command-parent-return-focused-result-001.md	artifacts/documentation-archive/20260910/etc/evidence/t225-s27-command-parent-return-focused-result-001.md	2529	6ba2a9b05a262a00ebb83111e426c3af8355a97da8509101afec2f6db78d0bf7
docs/etc/evidence/t225-s27-native-parent-return-attempt-result-001.md	artifacts/documentation-archive/20260910/etc/evidence/t225-s27-native-parent-return-attempt-result-001.md	3197	db3d12cbfca08e67522c1c485f1c9b8044ca6840a611c2e3b79abebc6f2e7884
docs/etc/evidence/t225-s28-first-fault-observation-fixture-result-001.md	artifacts/documentation-archive/20260910/etc/evidence/t225-s28-first-fault-observation-fixture-result-001.md	3051	d953587b2143b60006ddc791f98f0002cb7c402c38130d802007977c066cfbd6
docs/etc/evidence/t225-s28-native-first-fault-direct-readonly-result-001.md	artifacts/documentation-archive/20260910/etc/evidence/t225-s28-native-first-fault-direct-readonly-result-001.md	4089	006e1e752282e9098562a6756a3aeaeae5782cef51a2e9c3f26d6c3e9ae827e3
docs/etc/evidence/t225-s30-native-segment-access-direct-readonly-result-001.md	artifacts/documentation-archive/20260910/etc/evidence/t225-s30-native-segment-access-direct-readonly-result-001.md	1965	d85c14906efdf4f5d3f454359307b5345d62910e020ccbf03fd73d958764ea3e
docs/etc/evidence/t225-s30-segment-access-observation-fixture-result-001.md	artifacts/documentation-archive/20260910/etc/evidence/t225-s30-segment-access-observation-fixture-result-001.md	1137	af081bab9b92d6ab7016aaad73d71cd0ac0d21f0c3f4141c305a5956f5f938ea
docs/etc/evidence/t225-s35-paired-bootstrap-first-fault-observation-result-001.md	artifacts/documentation-archive/20260910/etc/evidence/t225-s35-paired-bootstrap-first-fault-observation-result-001.md	2463	a6bbbb14451311655090930b110dd46b90528be65fb4c78480b1abfa49424256
docs/etc/evidence/t225-s39-native-observation-attempt-001.md	artifacts/documentation-archive/20260910/etc/evidence/t225-s39-native-observation-attempt-001.md	3050	55ac6367bdc0c2f2b2ae1ec23b0e42abe9ea787aa53f08ae649b06295584b969
docs/etc/evidence/t225-s40-mantle-watchdog-async-stop-result-001.md	artifacts/documentation-archive/20260910/etc/evidence/t225-s40-mantle-watchdog-async-stop-result-001.md	1595	a9e1fde35e9cca722345c0fcdddfb38a83950ef96d1be1abd8a2f01d9a4a8432
docs/etc/evidence/t225-s41-resumed-native-snapshot-attempt-001.md	artifacts/documentation-archive/20260910/etc/evidence/t225-s41-resumed-native-snapshot-attempt-001.md	1837	f6b2073258ef46c76a0d7326213c1e65ebfa5975ca0ab6bfa2a1efa60f443856
docs/etc/evidence/t225-s42-exception-loop-watchdog-result-001.md	artifacts/documentation-archive/20260910/etc/evidence/t225-s42-exception-loop-watchdog-result-001.md	909	60d20bf0ab2886e3d23461e2206e42ee688d82981e4d0e0b49f872fb9f688546
docs/etc/evidence/t225-s46-source-built-guest-exec-lifecycle-result-001.md	artifacts/documentation-archive/20260910/etc/evidence/t225-s46-source-built-guest-exec-lifecycle-result-001.md	4012	318a7a5d28f06f53780f8876062ec9aabc9114bc7f1d088262cb4391b6f0ecae
docs/etc/evidence/t225-s48-source-built-guest-exec-lifecycle-ledger-result-001.md	artifacts/documentation-archive/20260910/etc/evidence/t225-s48-source-built-guest-exec-lifecycle-ledger-result-001.md	2385	398e6ac5201343a79560d990f78a2893a230759530fa0b1d4188ed84eae35b71
docs/etc/evidence/t225-s50-realmode-handoff-fixture-result-001.md	artifacts/documentation-archive/20260910/etc/evidence/t225-s50-realmode-handoff-fixture-result-001.md	1903	b31b6db305182e6022d537448f64a22f7b34c74a4cbcd811162a92e45251481d
docs/etc/evidence/t225-s51-post-handoff-integration-observation-result-001.md	artifacts/documentation-archive/20260910/etc/evidence/t225-s51-post-handoff-integration-observation-result-001.md	1169	ada30325b5663d0e3366ca01d9464cef81c5dbe20687792175eda6c44e36f4ad
docs/etc/evidence/t225-s53-first-fault-bound-observation-result-001.md	artifacts/documentation-archive/20260910/etc/evidence/t225-s53-first-fault-bound-observation-result-001.md	1337	34730489873da32a8bdb581fcda84e8366684585d03ac52f2b2b40157ad299c7
docs/etc/evidence/t225-s54-bop-sequence-load-address-observation-result-001.md	artifacts/documentation-archive/20260910/etc/evidence/t225-s54-bop-sequence-load-address-observation-result-001.md	752	0db1b129b5a355080161737c4dbff14062719718ba4093f33ef6f9ae321e8c38
docs/etc/evidence/t225-s55-command-image-materialization-result-001.md	artifacts/documentation-archive/20260910/etc/evidence/t225-s55-command-image-materialization-result-001.md	2377	76c62414e470538b96408704fdb52d2ee8cb8cc21efdc9f20a5b4e436a29eace
docs/etc/evidence/t225-s55-full-package-paired-integration-result-001.md	artifacts/documentation-archive/20260910/etc/evidence/t225-s55-full-package-paired-integration-result-001.md	2271	56f8ebc3d80c8036ba6424fecb1b181bcbb32ae402698b769c9b2486836e24b3
docs/etc/evidence/t225-s56-grouped-realmode-segment-limit-result-001.md	artifacts/documentation-archive/20260910/etc/evidence/t225-s56-grouped-realmode-segment-limit-result-001.md	4344	9acebb3a407e9b422b154b528a4517d0db13b4d64e1097c4496e7454d2ae0bce
docs/etc/evidence/t225-s6-reference-guest-input-admission-001.md	artifacts/documentation-archive/20260910/etc/evidence/t225-s6-reference-guest-input-admission-001.md	3053	b5932c62e4917b60205caced3f2dfa78ef9ed782f338e6cfc29d890f1c9bf891
docs/etc/evidence/t225-s8-archived-nosrvbld-extractor-rejection-001.md	artifacts/documentation-archive/20260910/etc/evidence/t225-s8-archived-nosrvbld-extractor-rejection-001.md	1635	99112829a78552229e2fe7904acbb8c65aaa2893b59f63ec2cac894d186f99c3
docs/etc/evidence/t225-s8-dosbox-completion-runner-001.md	artifacts/documentation-archive/20260910/etc/evidence/t225-s8-dosbox-completion-runner-001.md	1474	6966863f9b3990c98df4eaa44faa134124ef610558a5f2566f620e834c65aabd
docs/etc/evidence/t225-s8-ntio-nosrvbld-bootstrap-audit-001.md	artifacts/documentation-archive/20260910/etc/evidence/t225-s8-ntio-nosrvbld-bootstrap-audit-001.md	2471	934d1eca1165ec7e0990d78790e1ede4678b6a39e5a189f79cb90794761c2c0a
docs/etc/evidence/t225-s8-opennt-nosrvbld-bootstrap-resolution-001.md	artifacts/documentation-archive/20260910/etc/evidence/t225-s8-opennt-nosrvbld-bootstrap-resolution-001.md	2040	8ad4a2331e1d5da3fb71f77c32eaaaeea3b78469fc8a0707724766747c7bf347
docs/etc/evidence/t225-s8-primary-command-source-build-result-001.md	artifacts/documentation-archive/20260910/etc/evidence/t225-s8-primary-command-source-build-result-001.md	2138	7aa41467c86b3467f4e5d51f5585bd76399a409b7e3eed9d907737b52d10ff2f
docs/etc/evidence/t225-s8-primary-direct-readonly-installation-result-001.md	artifacts/documentation-archive/20260910/etc/evidence/t225-s8-primary-direct-readonly-installation-result-001.md	888	e571a77448f70c1658ab53c7bd3cab2952477dcafdae992a693b34096fae8e66
docs/etc/evidence/t225-s8-primary-ntdos-source-build-result-001.md	artifacts/documentation-archive/20260910/etc/evidence/t225-s8-primary-ntdos-source-build-result-001.md	1833	14e6824b6d3a8782bb96fc120d4e4b25f9ca3ce1e03d0c86994be58c4e514baa
docs/etc/evidence/t225-s8-primary-ntio-source-build-result-001.md	artifacts/documentation-archive/20260910/etc/evidence/t225-s8-primary-ntio-source-build-result-001.md	1828	b47330b9801b62571abea93278f1dfb666de8a70fc78637b52fd5bacf4cf92fe
docs/etc/evidence/t225-s8-primary-reference-provenance-comparison-001.md	artifacts/documentation-archive/20260910/etc/evidence/t225-s8-primary-reference-provenance-comparison-001.md	3729	10d79a4bf6965b96784317ce25b07c85c895b1d962eac8459ac52b0a310604f3
docs/etc/evidence/t225-s8-primary-share-source-build-result-001.md	artifacts/documentation-archive/20260910/etc/evidence/t225-s8-primary-share-source-build-result-001.md	957	da0e24d5217841fecb54991bd7644fefb9d3b488f6fbce5e4e2de34d6496282c
docs/etc/evidence/t225-s8-primary-source-built-input-availability-001.md	artifacts/documentation-archive/20260910/etc/evidence/t225-s8-primary-source-built-input-availability-001.md	1668	8dd7cd9f8b54960adf87bdfb52394a22e89ff99af6b449cfe94fd086b4c803d3
docs/etc/evidence/t225-s8-share-primary-source-rebuild-001.md	artifacts/documentation-archive/20260910/etc/evidence/t225-s8-share-primary-source-rebuild-001.md	2251	e85f39671ec94c1ff6586e8d47df98697022d288cbe1e8b04b7305ba36a3e4c1
docs/etc/evidence/t226-s2-dem-code-complete-formal-result-001.md	artifacts/documentation-archive/20260910/etc/evidence/t226-s2-dem-code-complete-formal-result-001.md	1974	bbf5ed555bc77b3cfae75a74128d8f1c5432f98706839c135725647ca24c4e90
docs/etc/evidence/t226-s2-dem-dasd-lifecycle-formal-result-001.md	artifacts/documentation-archive/20260910/etc/evidence/t226-s2-dem-dasd-lifecycle-formal-result-001.md	2340	b2bc2ec83ff86d11964066af33306a40a254b956fd029d656abd46f6f944a36d
docs/etc/evidence/t226-s2-dem-error-lock-conformance-result-001.md	artifacts/documentation-archive/20260910/etc/evidence/t226-s2-dem-error-lock-conformance-result-001.md	1478	54e234fca750c26767b9a283e67116a3368d6580923e9a38823078c9ea606907
docs/etc/evidence/t226-s2-dem-original-noop-conformance-result-001.md	artifacts/documentation-archive/20260910/etc/evidence/t226-s2-dem-original-noop-conformance-result-001.md	1338	856316c6d90491f87432420fe9a211c5d0c5ead187f2fe458ed46ca65ff89142
docs/etc/evidence/t226-s2-formal-dem-baseline-build-result-001.md	artifacts/documentation-archive/20260910/etc/evidence/t226-s2-formal-dem-baseline-build-result-001.md	1878	d516ebc45904a3b5d4b317cc6cd593a0ad572c46d3163633128b169276c1b7dc
docs/etc/evidence/t226-s3-command-code-complete-formal-result-001.md	artifacts/documentation-archive/20260910/etc/evidence/t226-s3-command-code-complete-formal-result-001.md	1586	5a73ba48b29c9d27744306e6945a4ef45bf90c06102a87fda311ca46a5c6163e
docs/etc/evidence/t226-s4-xms-code-complete-formal-result-001.md	artifacts/documentation-archive/20260910/etc/evidence/t226-s4-xms-code-complete-formal-result-001.md	1783	2cf0a7da858819c7f9c0f49636cbd35f8c1ca4cd975d1d19364716937ae9b87e
docs/etc/evidence/t226-s5-dpmi-code-complete-formal-result-001.md	artifacts/documentation-archive/20260910/etc/evidence/t226-s5-dpmi-code-complete-formal-result-001.md	1763	b9f4cf73445aaaeffea5553a0688a30bb7642279f6bc34e58259c897ba0c7729
docs/etc/evidence/t226-s6-redir-code-complete-formal-result-001.md	artifacts/documentation-archive/20260910/etc/evidence/t226-s6-redir-code-complete-formal-result-001.md	1420	a50b949d253496d804aa66ad7722e8850f3826b0edf755c1bca692544d498ae8
docs/etc/evidence/t226-s7-system-code-complete-formal-result-001.md	artifacts/documentation-archive/20260910/etc/evidence/t226-s7-system-code-complete-formal-result-001.md	1685	4e513976c9c8d75d5cdd280750f7820c5de26dfc4b0f0f5165c2c41ed6551a85
docs/etc/evidence/t226-s8-all-package-code-complete-formal-result-001.md	artifacts/documentation-archive/20260910/etc/evidence/t226-s8-all-package-code-complete-formal-result-001.md	1419	3532c187cdc344ff38523265b3b9709217769f307b31292833c4c52584120f47
docs/etc/evidence/t227-s1-bop-semantic-code-complete-revalidation-result-001.md	artifacts/documentation-archive/20260910/etc/evidence/t227-s1-bop-semantic-code-complete-revalidation-result-001.md	2295	20abd6e4833296b9c37c0488a1e397a73dfcc236af3b37ec42ba0f42896f79ac
docs/etc/evidence/t228-s1-bop-code-complete-reproducibility-result-001.md	artifacts/documentation-archive/20260910/etc/evidence/t228-s1-bop-code-complete-reproducibility-result-001.md	1856	ef9d5518b5c37e14e7550625dfc3dcae76d8a92f85b6d2794b8d9738e8019ac7
docs/etc/evidence/t228-s1-bounded-guest-continuity-bracket-result-001.md	artifacts/documentation-archive/20260910/etc/evidence/t228-s1-bounded-guest-continuity-bracket-result-001.md	3088	6cea33d430e4f0d0a3fc8fc7e7fa1a14c399c40b493fb3ddb2386daeb5928e7b
docs/etc/evidence/t228-s1-budget-terminal-position-local-result-001.md	artifacts/documentation-archive/20260910/etc/evidence/t228-s1-budget-terminal-position-local-result-001.md	1799	14af60981bd338a37391b959cf52c875e25db336173d6b952911163f44abacea
docs/etc/evidence/t228-s1-budget-terminal-position-native-observation-001.md	artifacts/documentation-archive/20260910/etc/evidence/t228-s1-budget-terminal-position-native-observation-001.md	2213	c997a553972f68a1d36f257370d98f9fb2b09c9e69e0a75a820682f2a9d30aa2
docs/etc/evidence/t228-s1-command-environment-size-boundary-result-001.md	artifacts/documentation-archive/20260910/etc/evidence/t228-s1-command-environment-size-boundary-result-001.md	3351	ce6b0a66454b002a2a33bf10a742607b6e987ebc473c8422bf80fc6867bb811e
docs/etc/evidence/t228-s1-command-initial-environment-lifecycle-result-001.md	artifacts/documentation-archive/20260910/etc/evidence/t228-s1-command-initial-environment-lifecycle-result-001.md	3004	b0c3a1718d73ee39ce71bd86971804ad72b664629cf3db7358d2b21477775223
docs/etc/evidence/t228-s1-command-link-map-recovery-result-001.md	artifacts/documentation-archive/20260910/etc/evidence/t228-s1-command-link-map-recovery-result-001.md	2893	93d1f2d12164a68f19ecc46e838d8bee01b1a3b3ecce017dc765a5d822fec6f9
docs/etc/evidence/t228-s1-command-transient-bop-correlation-result-001.md	artifacts/documentation-archive/20260910/etc/evidence/t228-s1-command-transient-bop-correlation-result-001.md	4241	bc74672891161363dd1ec7a3180913bc8e21390cf6d9ef5bbc6d2bd743bf595d
docs/etc/evidence/t228-s1-command-transient-reverse-string-mechanics-result-001.md	artifacts/documentation-archive/20260910/etc/evidence/t228-s1-command-transient-reverse-string-mechanics-result-001.md	2903	da64bb4b5b35bcebdb2e69ebab40de54631cbc569fcc3bbf3930318dea9771cc
docs/etc/evidence/t228-s1-cs-transition-ring-result-001.md	artifacts/documentation-archive/20260910/etc/evidence/t228-s1-cs-transition-ring-result-001.md	3514	c27e733f784025ad3da66caddac44d6d80ad28f7e14a7758a04661bb32c3b71b
docs/etc/evidence/t228-s1-dem-concurrent-namespace-and-command-bootstrap-result-001.md	artifacts/documentation-archive/20260910/etc/evidence/t228-s1-dem-concurrent-namespace-and-command-bootstrap-result-001.md	3151	e2598764d507f2f3b162c920e72f1307d8ca07a915893afb30c8a496bfbe177f
docs/etc/evidence/t228-s1-endinit-lodcom-transition-provenance-result-001.md	artifacts/documentation-archive/20260910/etc/evidence/t228-s1-endinit-lodcom-transition-provenance-result-001.md	4614	e632d8bdb1de7aac4647985f5152b70f6b9b7e93f6db02648bc721139467db42
docs/etc/evidence/t228-s1-endinit-transient-continuity-sweep-result-001.md	artifacts/documentation-archive/20260910/etc/evidence/t228-s1-endinit-transient-continuity-sweep-result-001.md	3706	a53d5040e3855040b4adebff1927394694f97f1598997d4ff01b2df7a1e7a3f2
docs/etc/evidence/t228-s1-environment-first-fault-boundary-result-001.md	artifacts/documentation-archive/20260910/etc/evidence/t228-s1-environment-first-fault-boundary-result-001.md	3500	6317084de303061654a182a1944fa071d3b089d74eb3cae07114abf473a63781
docs/etc/evidence/t228-s1-far-call-base-pointer-provenance-result-001.md	artifacts/documentation-archive/20260910/etc/evidence/t228-s1-far-call-base-pointer-provenance-result-001.md	2954	ecd13914950f30d721f099b863125fbdb235a64181c419aa02fad7ee4e4043f8
docs/etc/evidence/t228-s1-immutable-multiprogram-integration-observation-001.md	artifacts/documentation-archive/20260910/etc/evidence/t228-s1-immutable-multiprogram-integration-observation-001.md	2462	e4c8e9b41780d6134d80710c773c4fa2dbc8232f9fd192b7c67ac940321710f5
docs/etc/evidence/t228-s1-instruction-history-provenance-boundary-result-001.md	artifacts/documentation-archive/20260910/etc/evidence/t228-s1-instruction-history-provenance-boundary-result-001.md	2629	93ad1446bff44590ebeac7b703669d9f22dcbae4ec2cfe3818162c6154fe3d8f
docs/etc/evidence/t228-s1-large-reverse-copy-result-001.md	artifacts/documentation-archive/20260910/etc/evidence/t228-s1-large-reverse-copy-result-001.md	2090	f93784a5c86b8a45aaea2cd362cfcdd312280c5edec56d690daaa075681c2780
docs/etc/evidence/t228-s1-ntdos-allocation-map-recovery-result-001.md	artifacts/documentation-archive/20260910/etc/evidence/t228-s1-ntdos-allocation-map-recovery-result-001.md	2642	3b080939d369bcddc2ca4393e6f728e6ab31ad2c66e8677eb790db75285fdbfb
docs/etc/evidence/t228-s1-post-iret-cli-observation-result-001.md	artifacts/documentation-archive/20260910/etc/evidence/t228-s1-post-iret-cli-observation-result-001.md	2660	62a64e64ad1698215f457ed1a38d0619d24fcb273433ef24744305874beb98f4
docs/etc/evidence/t228-s1-provenance-fixture-lifecycle-result-001.md	artifacts/documentation-archive/20260910/etc/evidence/t228-s1-provenance-fixture-lifecycle-result-001.md	1724	a9d7f2c685a84051c42ff0987035ca4fcff3fbf9672c6782b9ef8e4b91e569ce
docs/etc/evidence/t228-s1-real-v86-iret-observation-result-001.md	artifacts/documentation-archive/20260910/etc/evidence/t228-s1-real-v86-iret-observation-result-001.md	3616	9d70429571f3b526a7c5babf6fe9e8e6488b5d12c310e517b5dfa52d064f0d86
docs/etc/evidence/t228-s1-software-interrupt-cli-observation-result-001.md	artifacts/documentation-archive/20260910/etc/evidence/t228-s1-software-interrupt-cli-observation-result-001.md	2414	466c42213ea58783302ecb47562260b39c39fea41827983ffc19ec2e4d8ea762
docs/etc/evidence/t228-s1-software-interrupt-observation-profile-result-001.md	artifacts/documentation-archive/20260910/etc/evidence/t228-s1-software-interrupt-observation-profile-result-001.md	3034	c2658de395156d67bff46252ac4da3ba22b39fe3adffc6fc28748d6b30ea6f2f
docs/etc/evidence/t228-s1-source-built-transient-continuity-correlation-001.md	artifacts/documentation-archive/20260910/etc/evidence/t228-s1-source-built-transient-continuity-correlation-001.md	2501	505193706db9e5e5e18de697b0f0ebc1774bff6914f1c2fea0d5953612bfe3cc
docs/etc/evidence/t228-s1-terminal-cs-transition-provenance-result-001.md	artifacts/documentation-archive/20260910/etc/evidence/t228-s1-terminal-cs-transition-provenance-result-001.md	1792	302c58671ee8249da4d51afff91a962530a1431c9acfd8c0df7412ca3c6e331b
docs/etc/evidence/t228-s1-terminal-instruction-history-result-001.md	artifacts/documentation-archive/20260910/etc/evidence/t228-s1-terminal-instruction-history-result-001.md	1627	031ea34a34d5154070096b07075202f02262765e1074d39bccf689eff68cb3f3
docs/etc/evidence/t228-s1-terminal-provenance-result-001.md	artifacts/documentation-archive/20260910/etc/evidence/t228-s1-terminal-provenance-result-001.md	1825	ec8b1dd65f40f595d0c42739ad6185bdfbb833ea2df86ea90ba0a813883a86c7
docs/etc/evidence/t228-s1-transition-successor-provenance-result-001.md	artifacts/documentation-archive/20260910/etc/evidence/t228-s1-transition-successor-provenance-result-001.md	1798	225cb28a2d24ea8cf8c4ff31edc2601bfc8ceb1d3a42e11eb68840c98a768f61
docs/etc/evidence/t229-s1-dem-complete-source-abi-failure-audit-result-001.md	artifacts/documentation-archive/20260910/etc/evidence/t229-s1-dem-complete-source-abi-failure-audit-result-001.md	3656	2d5b640fed6615f053a660c4499d7c36fec0d06097c3e35915d21f60598044b5
docs/etc/evidence/t229-s2-file-handle-fcb-search-conformance-ledger-001.md	artifacts/documentation-archive/20260910/etc/evidence/t229-s2-file-handle-fcb-search-conformance-ledger-001.md	4807	490251956a57401caf66e982c4afc2e534ffbb3fbec7a034950b4df8924ba177
docs/etc/evidence/t229-s2-gset-drive-cwd-volume-conformance-ledger-001.md	artifacts/documentation-archive/20260910/etc/evidence/t229-s2-gset-drive-cwd-volume-conformance-ledger-001.md	2048	e1683a3e9a50df1533fd13c3beccec67da15589a6b1008a9718c99a871a0c191
docs/etc/evidence/t229-s2-p10-dem-read-direct-readonly-001.md	artifacts/documentation-archive/20260910/etc/evidence/t229-s2-p10-dem-read-direct-readonly-001.md	422	889b052699568de6c0f5b341ef2b585aa070ba0e165d906aca2539744b5146ff
docs/etc/evidence/t229-s2-p11-dem-commit-direct-readonly-001.md	artifacts/documentation-archive/20260910/etc/evidence/t229-s2-p11-dem-commit-direct-readonly-001.md	350	8f571894cfc8210450f66bf1185b2e9061456f115eb8ce2a760efa9da34f2ede
docs/etc/evidence/t229-s2-p12-dem-handle-cursor-eof-direct-readonly-001.md	artifacts/documentation-archive/20260910/etc/evidence/t229-s2-p12-dem-handle-cursor-eof-direct-readonly-001.md	1601	6dc727fde7aef42386b668cce160087280913489f11ff68d47d18adbf429ad06
docs/etc/evidence/t229-s2-p13-dem-create-fcb-direct-readonly-001.md	artifacts/documentation-archive/20260910/etc/evidence/t229-s2-p13-dem-create-fcb-direct-readonly-001.md	1399	e2d16fe8f3a2589fb35ba7f4e124a4dae985ae51d3758cb61f4e9ed144146fa7
docs/etc/evidence/t229-s2-p14-dem-rename-fcb-direct-readonly-001.md	artifacts/documentation-archive/20260910/etc/evidence/t229-s2-p14-dem-rename-fcb-direct-readonly-001.md	815	c5c25f3a398254e394a5ce10a9cbdd999fc29e1dafd845d13a01afcb25663b35
docs/etc/evidence/t229-s2-p15-dem-path-search-direct-readonly-001.md	artifacts/documentation-archive/20260910/etc/evidence/t229-s2-p15-dem-path-search-direct-readonly-001.md	1242	7ec50fe98c9ceab65b6fb36633eec23c326440a1e2916380de8fc4e9104c4991
docs/etc/evidence/t229-s2-p16-dem-clock-path-direct-readonly-001.md	artifacts/documentation-archive/20260910/etc/evidence/t229-s2-p16-dem-clock-path-direct-readonly-001.md	1491	075fd585c96e9d42be815e9e3ff3a3819516d6df603058355377f4fa88fbdf7b
docs/etc/evidence/t229-s2-p17-dem-gset-clock-mutation-direct-readonly-001.md	artifacts/documentation-archive/20260910/etc/evidence/t229-s2-p17-dem-gset-clock-mutation-direct-readonly-001.md	1434	d13629ef9a3e81773e724503dce75d3541835f381f0f44bf6cd9baf9e1013f23
docs/etc/evidence/t229-s2-p18-dem-gset-drive-cwd-volume-whole-group-001.md	artifacts/documentation-archive/20260910/etc/evidence/t229-s2-p18-dem-gset-drive-cwd-volume-whole-group-001.md	1321	5774877ee2e5712d57411676db3f32e98602c58a61fb2adffabdf350ec9ff7fc
docs/etc/evidence/t229-s2-p19-dem-misc-subcontract-separation-001.md	artifacts/documentation-archive/20260910/etc/evidence/t229-s2-p19-dem-misc-subcontract-separation-001.md	2439	aee4fd32b43793675ffd0b64bd46e53fa7e7cd701659e48f591ce19cf30602c4
docs/etc/evidence/t229-s2-p1-dem-whole-provider-direct-readonly-conformance-001.md	artifacts/documentation-archive/20260910/etc/evidence/t229-s2-p1-dem-whole-provider-direct-readonly-conformance-001.md	3373	8e7015badd3ab6f3ab372ba59544c65917d05ef3d3a99d4533eebdfa5a2dd65e
docs/etc/evidence/t229-s2-p20-dem-original-noop-owner-group-001.md	artifacts/documentation-archive/20260910/etc/evidence/t229-s2-p20-dem-original-noop-owner-group-001.md	1522	749bca1359ee85509d90fa170fff2fbc173ce2f59044167e20d4fc2fd1b0255e
docs/etc/evidence/t229-s2-p21-dem-dasd-ioctl-owner-group-001.md	artifacts/documentation-archive/20260910/etc/evidence/t229-s2-p21-dem-dasd-ioctl-owner-group-001.md	1911	80b2e408dc522ea540810a8c0c1333247aff608d25a5d0e3595286402250b0a7
docs/etc/evidence/t229-s2-p22-dem-error-lock-owner-group-001.md	artifacts/documentation-archive/20260910/etc/evidence/t229-s2-p22-dem-error-lock-owner-group-001.md	2007	3101dcc8ae9e20f87bf20ebe4d425daf618b48bf5d38d3c46c71e24929103c7d
docs/etc/evidence/t229-s2-p23-dem-disk-reset-command-composition-001.md	artifacts/documentation-archive/20260910/etc/evidence/t229-s2-p23-dem-disk-reset-command-composition-001.md	2623	658068bf1420ff1b5b9aff3083c9c5763736af1fd13506c37446af81e380313a
docs/etc/evidence/t229-s2-p24-dem-whole-package-local-code-completion-001.md	artifacts/documentation-archive/20260910/etc/evidence/t229-s2-p24-dem-whole-package-local-code-completion-001.md	2572	56a450721044335c31a630cd778f8a0912fa738d909c70f75efb99fdb4e34b31
docs/etc/evidence/t229-s2-p2-dem-handle-readonly-enforcement-001.md	artifacts/documentation-archive/20260910/etc/evidence/t229-s2-p2-dem-handle-readonly-enforcement-001.md	2762	2134dbbf4ff68d4412124616f1fb6167d69333bb54b86f47f5bd661a0af24c6c
docs/etc/evidence/t229-s2-p4-dem-open-create-result-abi-correction-001.md	artifacts/documentation-archive/20260910/etc/evidence/t229-s2-p4-dem-open-create-result-abi-correction-001.md	2417	7d971223bc554754b156fb3bd4badabf631eb5dff0ca38aa9d3c5a363656fb98
docs/etc/evidence/t229-s2-p5-dem-create-direct-readonly-001.md	artifacts/documentation-archive/20260910/etc/evidence/t229-s2-p5-dem-create-direct-readonly-001.md	1363	24d3d5a451dccef88b9e1e01487f8986cf23a6d91515d8fd00f1a50a9effa851
docs/etc/evidence/t229-s2-p6-dem-create-new-direct-readonly-001.md	artifacts/documentation-archive/20260910/etc/evidence/t229-s2-p6-dem-create-new-direct-readonly-001.md	937	22505f7b5e13a186eae4a0a8f11cd2eea0c6e379ca4febe5da380efaf77a1bd0
docs/etc/evidence/t229-s2-p7-dem-delete-direct-readonly-001.md	artifacts/documentation-archive/20260910/etc/evidence/t229-s2-p7-dem-delete-direct-readonly-001.md	727	06d64962801ff69cb04d658e3150765b82587786353dc941021aa24258b2844b
docs/etc/evidence/t229-s2-p8-dem-rename-direct-readonly-001.md	artifacts/documentation-archive/20260910/etc/evidence/t229-s2-p8-dem-rename-direct-readonly-001.md	702	148a377518db6d37b07add573ec9d0e9b8b8e43db0b9c859aa56119ec1036308
docs/etc/evidence/t229-s2-p9-dem-chmod-direct-readonly-001.md	artifacts/documentation-archive/20260910/etc/evidence/t229-s2-p9-dem-chmod-direct-readonly-001.md	525	609a30412820d1550d9b93023498c209c56e2e93bca476dd994985c741f31010
docs/etc/evidence/t230-s10-dem-direct-matrix-and-legacy-exclusion-001.md	artifacts/documentation-archive/20260910/etc/evidence/t230-s10-dem-direct-matrix-and-legacy-exclusion-001.md	6886	7d032bb1543e90454680b39c562217ea5a8ff7c54a35a7324ff8713aea635ae0
docs/etc/evidence/t230-s11-dem-73-slot-local-execution-audit-001.md	artifacts/documentation-archive/20260910/etc/evidence/t230-s11-dem-73-slot-local-execution-audit-001.md	2869	f90f81325eac30717355c4fddd18fb3e054d5415e2f5942185803bd5a965cf3d
docs/etc/evidence/t230-s12-s14-shared-demdispatch-local-matrix-001.md	artifacts/documentation-archive/20260910/etc/evidence/t230-s12-s14-shared-demdispatch-local-matrix-001.md	2086	960488087f97208040d2b9e0b01240b9ef89c41baf4ac231fe2f192deb905256
docs/etc/evidence/t230-s15-p1-v1-dem-route-retirement-map-001.md	artifacts/documentation-archive/20260910/etc/evidence/t230-s15-p1-v1-dem-route-retirement-map-001.md	2143	f85a4032d1dd71fcfbbc02ef0fafdb641c3be666e55bfe800c3793485ed8ef32
docs/etc/evidence/t230-s15-p2-checked-ram-transport-001.md	artifacts/documentation-archive/20260910/etc/evidence/t230-s15-p2-checked-ram-transport-001.md	912	c9a5b34afacb1e38055d7457c1c234e287f595c62097c98dc5e2ba421e4ee05a
docs/etc/evidence/t230-s15-p3-v2-direct-host-session-001.md	artifacts/documentation-archive/20260910/etc/evidence/t230-s15-p3-v2-direct-host-session-001.md	782	98343c1a4e0cd8d64901456d690e0cd0ac9c73b9bb7f7532ea0711742587174c
docs/etc/evidence/t230-s15-p4-v2-dem-composition-entry-001.md	artifacts/documentation-archive/20260910/etc/evidence/t230-s15-p4-v2-dem-composition-entry-001.md	6691	aa86d7b7edcacb4f1a4aa7221bacfe1498b6b0ce8eb2f8eb424addb66e844fe4
docs/etc/evidence/t230-s16-native-direct-dem-observation-001.md	artifacts/documentation-archive/20260910/etc/evidence/t230-s16-native-direct-dem-observation-001.md	2630	075fc6b1ce175a41bfa77cdd5ece197cba50a91be3f3b67ed132f84024d00dad
docs/etc/evidence/t230-s1-bop-50-00-02-direct-parity-scope-correction-001.md	artifacts/documentation-archive/20260910/etc/evidence/t230-s1-bop-50-00-02-direct-parity-scope-correction-001.md	2309	2fafd3c798bc64422ff028d5b537c93e1957e30f819a63f577483ff3e696b748
docs/etc/evidence/t230-s1-bop-50-00-opennt-shaped-v2-provider-evidence-001.md	artifacts/documentation-archive/20260910/etc/evidence/t230-s1-bop-50-00-opennt-shaped-v2-provider-evidence-001.md	3555	64fa3856447f854b30b9e75cb48841fddbd82998128439a191c0d3bc8a411715
docs/etc/evidence/t230-s1-bop-50-01-opennt-shaped-v2-provider-evidence-001.md	artifacts/documentation-archive/20260910/etc/evidence/t230-s1-bop-50-01-opennt-shaped-v2-provider-evidence-001.md	1139	eb70c11fb9763e1b726744beb6cb59af3768e33c512a25536193c650c4f97e52
docs/etc/evidence/t230-s1-bop-50-02-opennt-shaped-v2-provider-evidence-001.md	artifacts/documentation-archive/20260910/etc/evidence/t230-s1-bop-50-02-opennt-shaped-v2-provider-evidence-001.md	1582	8e770c2108e8063fc29c4134d8ca8b8d60be0fa518e671e68b10826ac370c947
docs/etc/evidence/t230-s1-p4-dem-common-foundation-witness-001.md	artifacts/documentation-archive/20260910/etc/evidence/t230-s1-p4-dem-common-foundation-witness-001.md	3051	0403f0a46e8c62b5bc2bb061d02acb61c41c2aec5abd553a2d62c2348eb804d8
docs/etc/evidence/t230-s2-demhndl-direct-import-map-001.md	artifacts/documentation-archive/20260910/etc/evidence/t230-s2-demhndl-direct-import-map-001.md	4298	e8ea285644a24ef5c3dcad4a092e834afcd5c51a47096301a907c56a59dae145
docs/etc/evidence/t230-s3-demfile-direct-import-map-001.md	artifacts/documentation-archive/20260910/etc/evidence/t230-s3-demfile-direct-import-map-001.md	3899	d0910d3a8ab09887dcbc4a4e56270c8a4dc5474ce07d88a1f2f02ec3f37b5922
docs/etc/evidence/t230-s4-demdir-direct-import-map-001.md	artifacts/documentation-archive/20260910/etc/evidence/t230-s4-demdir-direct-import-map-001.md	1810	a28ec3ca85fbd98718fc0478c2773101d852908013e1edbadc9dd1be76de2db5
docs/etc/evidence/t230-s5-demsrch-demfcb-direct-import-map-001.md	artifacts/documentation-archive/20260910/etc/evidence/t230-s5-demsrch-demfcb-direct-import-map-001.md	3949	ab1077fa3408e6c6ac9c084dff86b466185ad49cda26206b6b634ce9268fa95c
docs/etc/evidence/t230-s6-demgset-direct-import-map-001.md	artifacts/documentation-archive/20260910/etc/evidence/t230-s6-demgset-direct-import-map-001.md	3168	80d40df5c53ea6b9f4dd3848f92ab83cbeda430b8823dc96879d835689c95037
docs/etc/evidence/t230-s7-demdasd-demioctl-direct-import-map-001.md	artifacts/documentation-archive/20260910/etc/evidence/t230-s7-demdasd-demioctl-direct-import-map-001.md	3833	801e226f238e9c2b6cd6b5cc81a6d23e42b6e27cfb6fa83f5cd6bd88c0b813b0
docs/etc/evidence/t230-s8-demerror-demlock-direct-import-map-001.md	artifacts/documentation-archive/20260910/etc/evidence/t230-s8-demerror-demlock-direct-import-map-001.md	4019	fa0cfe2d0f414e55ab99fddb3269031d0c76a1f6299dfcd583d50aa531f8e120
docs/etc/evidence/t230-s9-demmisc-direct-import-map-001.md	artifacts/documentation-archive/20260910/etc/evidence/t230-s9-demmisc-direct-import-map-001.md	4079	91824686a6822d83cb715c8d88d6958084b904d764b98d8d98339f8846acc393
docs/etc/evidence/t231-s10-command-v2-route-admission-001.md	artifacts/documentation-archive/20260910/etc/evidence/t231-s10-command-v2-route-admission-001.md	9299	54ce449edfa632a6cb3613ff73a504e0b2bcd58a0e185d9a7049f10081c413e9
docs/etc/evidence/t231-s2-command-cmdmisc-direct-import-001.md	artifacts/documentation-archive/20260910/etc/evidence/t231-s2-command-cmdmisc-direct-import-001.md	2758	bd6bc4ae09f164ffe1385fd92f23c9fb540cfbc2ebad59329c621bfd4681eec2
docs/etc/evidence/t231-s3-command-cmdmisc-registration-001.md	artifacts/documentation-archive/20260910/etc/evidence/t231-s3-command-cmdmisc-registration-001.md	1813	9fe27bd77117cc61ce13f38b34515eb388ffb6c967bf21bc2e86caf5f7ba71c7
docs/etc/evidence/t231-s4-console-keyboard-partial-001.md	artifacts/documentation-archive/20260910/etc/evidence/t231-s4-console-keyboard-partial-001.md	1469	0f1e5e2b922eefd60cf07e9fdce0e08780d08b48a3f674ff9cc3e1aa546b030c
docs/etc/evidence/t231-s5-command-config-direct-001.md	artifacts/documentation-archive/20260910/etc/evidence/t231-s5-command-config-direct-001.md	2818	d05324e0756a3b25ba97b2af96270bb975675562b3765db2bf2d91a067345041
docs/etc/evidence/t231-s5-command-init-environment-direct-001.md	artifacts/documentation-archive/20260910/etc/evidence/t231-s5-command-init-environment-direct-001.md	1895	04615a1706e1f6ecae1d03587ac177baf3100bf4a5647131edbca7daeea7a786
docs/etc/evidence/t231-s5-command-start-info-direct-001.md	artifacts/documentation-archive/20260910/etc/evidence/t231-s5-command-start-info-direct-001.md	1813	a32c69fd30db2c53e274cb2444f90cce380116c76ef6eb560ff651f7e601429c
docs/etc/evidence/t231-s6-command-check-binary-direct-001.md	artifacts/documentation-archive/20260910/etc/evidence/t231-s6-command-check-binary-direct-001.md	1291	4900125d26713a5ae17fe9777c3d91af889fa6ff20a80ee697d455a0678bf629
docs/etc/evidence/t231-s7-command-get-next-direct-001.md	artifacts/documentation-archive/20260910/etc/evidence/t231-s7-command-get-next-direct-001.md	2493	3e87befbfb3d8de08e857e1f542610ff3c4c9dde5740fc4b1c8b3c080fa192f4
docs/etc/evidence/t231-s8-command-lifecycle-direct-001.md	artifacts/documentation-archive/20260910/etc/evidence/t231-s8-command-lifecycle-direct-001.md	2396	fb13d15ab6b1d6b816717ca1769f423337e80d395b56f7880bb480b0c2d86ccf
docs/etc/evidence/t231-s9-command-exit-direct-001.md	artifacts/documentation-archive/20260910/etc/evidence/t231-s9-command-exit-direct-001.md	698	5f6c729ee32a95c70b31684c0c18fed79b27ac2e9bbbfb88d58a26f666ceedfc
docs/etc/evidence/t232-s1-host-handle-manager-foundation-result-001.md	artifacts/documentation-archive/20260910/etc/evidence/t232-s1-host-handle-manager-foundation-result-001.md	2462	6c049e8c8b0aa1293cb5205d0f73f3a2327e7574e5ac5192865608e2116aa97d
docs/etc/evidence/t232-s2-dem-unified-handle-migration-result-001.md	artifacts/documentation-archive/20260910/etc/evidence/t232-s2-dem-unified-handle-migration-result-001.md	2131	f2aa298b7528038b5f4d0033843fc7f6979abf9821d72e0cedd7b4928bad2281
docs/etc/evidence/t232-s3-command-unified-handle-migration-result-001.md	artifacts/documentation-archive/20260910/etc/evidence/t232-s3-command-unified-handle-migration-result-001.md	2757	d90405b7d1b4d8b8992bf8f5592a67a162f171efb5a5bf48533ccdf89c72c6c0
docs/etc/evidence/t232-s4-non-v1-handle-cleanup-result-001.md	artifacts/documentation-archive/20260910/etc/evidence/t232-s4-non-v1-handle-cleanup-result-001.md	2696	b636251a13899118ed51f4ac24623afd4be02a2a33e4c8e3c0fdf5a71d8f5e58
docs/etc/evidence/t234-s1-32bit-opaque-host-handle-abi-result-001.md	artifacts/documentation-archive/20260910/etc/evidence/t234-s1-32bit-opaque-host-handle-abi-result-001.md	2907	bc132848f02ad6f892c1b3e04a414b978ff0b4ca46835787b58aa40df42f0a8f
docs/etc/evidence/t234-s2-dynamic-command-environment-result-001.md	artifacts/documentation-archive/20260910/etc/evidence/t234-s2-dynamic-command-environment-result-001.md	12595	711aedf7ecbc74df4edaef0546fa0281d394e090c463f23439c17b3d2a642374
docs/etc/evidence/t235-s1-cli-target-format-admission-result-001.md	artifacts/documentation-archive/20260910/etc/evidence/t235-s1-cli-target-format-admission-result-001.md	2925	d1899d88ed6bc19c792b7a8c71e3c803f26dd4c64a06efbcc1df3a9e9ae5b5be
docs/etc/evidence/t235-s3-fixed-yaml-command-pif-input-result-001.md	artifacts/documentation-archive/20260910/etc/evidence/t235-s3-fixed-yaml-command-pif-input-result-001.md	3787	12b7a2797a73f07517d483e3967aa0558894903d3a34ab471d81ec676e505d50
docs/etc/evidence/t235-s4-yaml-profile-cleanup-result-001.md	artifacts/documentation-archive/20260910/etc/evidence/t235-s4-yaml-profile-cleanup-result-001.md	2545	57b9241afbddfc7dac89e3ebc47e868145e29a448b50d1332da7a96bd73e52d2
docs/etc/evidence/t235-s5-guest-bundle-result-001.md	artifacts/documentation-archive/20260910/etc/evidence/t235-s5-guest-bundle-result-001.md	2125	5cb03a29e91eb8cd71ef404c5e13cdf0198b01eea3492a7bfe83baa37d04e4e0
docs/etc/evidence/t236-s1-command-local-child-source-recovery-result-001.md	artifacts/documentation-archive/20260910/etc/evidence/t236-s1-command-local-child-source-recovery-result-001.md	3776	96fe6aeab03d899dca4ea1f8404dbaf29a82cdcc0559f7c6cf0845f69ee074ca
docs/etc/evidence/t236-s2-command-worker-host-broker-recovery-001.md	artifacts/documentation-archive/20260910/etc/evidence/t236-s2-command-worker-host-broker-recovery-001.md	8075	9ef6c75c0beef2c2f1d48c555d6e502af5643d30cb7cac796902f6208b3e0e35
docs/etc/evidence/t236-s2-nonclosure-transfer-ledger-001.md	artifacts/documentation-archive/20260910/etc/evidence/t236-s2-nonclosure-transfer-ledger-001.md	5783	aa0a99e748149b01ba43391c1ef4a284e4feb6d1c3ac72c575c455dd3e31d30b
docs/etc/evidence/t236-s3-dem-hard-error-retry-source-recovery-result-001.md	artifacts/documentation-archive/20260910/etc/evidence/t236-s3-dem-hard-error-retry-source-recovery-result-001.md	3752	c89c16a99eff826060998504fdce1b4e19e000ce61f1f3383df7c2600df50532
docs/etc/evidence/t236-s4-p1-ntfdisk-source-recovery-001.md	artifacts/documentation-archive/20260910/etc/evidence/t236-s4-p1-ntfdisk-source-recovery-001.md	3408	e6d5bba202bfdb55d7357b496d6bfbdbe68c11bd511e0ee5df9c603e2944a04e
docs/etc/evidence/t236-s4-p2-fixed-volume-lifecycle-and-transport-001.md	artifacts/documentation-archive/20260910/etc/evidence/t236-s4-p2-fixed-volume-lifecycle-and-transport-001.md	2470	c237f8379a6f8dbdefa92d3d6cfd87679228778e305b79c3323cace5d792ebd3
docs/etc/evidence/t236-s4-p3-authorized-vhdx-raw-volume-success-001.md	artifacts/documentation-archive/20260910/etc/evidence/t236-s4-p3-authorized-vhdx-raw-volume-success-001.md	2775	57c7757d53de802b414bd38b0d4b1b159ca62329406462e8aecff2d5c605baba
docs/etc/evidence/t236-s4-p4-dasd-ioctl-disposition-closure-001.md	artifacts/documentation-archive/20260910/etc/evidence/t236-s4-p4-dasd-ioctl-disposition-closure-001.md	5258	6f2ad7361f28d58ad70c07f49e86bb761815ec219bb5308aab49e75811f81c65
docs/etc/evidence/t236-s5-command-wow-disposition-closure-001.md	artifacts/documentation-archive/20260910/etc/evidence/t236-s5-command-wow-disposition-closure-001.md	3806	754c2a4e8c1cfa67eb3a844e2725f37ffacc0e88e40b927c9f6da0a351798627
docs/etc/evidence/t236-s6-p1-vdmquerydir-fallback-closure-001.md	artifacts/documentation-archive/20260910/etc/evidence/t236-s6-p1-vdmquerydir-fallback-closure-001.md	3072	effca199d4431dc1073a7c2d325a4070badfd038012ee0c2f1b8c9b1036be23c
docs/etc/evidence/td-opennt-host-package-root-governance-001.md	artifacts/documentation-archive/20260910/etc/evidence/td-opennt-host-package-root-governance-001.md	1097	0c4e3061d4db40a0aca819f8d85c9c40f8a8d6b3683fd6fb6aa9e7aeaf5248f4
docs/etc/evidence/td-s2-p3-shared-interface-conformance-audit-001.md	artifacts/documentation-archive/20260910/etc/evidence/td-s2-p3-shared-interface-conformance-audit-001.md	2782	f131fa9ede55c38716d3be0bf31bad19c4055d824739c1375a512c655b6b91b1
docs/etc/evidence/td-s2-p4-dem-command-interface-conformance-audit-001.md	artifacts/documentation-archive/20260910/etc/evidence/td-s2-p4-dem-command-interface-conformance-audit-001.md	2893	db8dec3604e0ea564d8afe4cc284e7aa575c696715f5987d3e9e571f45595d2c
docs/etc/evidence/td-s2-p5-xms-dpmi-interface-conformance-audit-001.md	artifacts/documentation-archive/20260910/etc/evidence/td-s2-p5-xms-dpmi-interface-conformance-audit-001.md	2275	572108f27aabd57ea61b0a0738496f389ae4534c528fcad02b3808c301e4e8ee
docs/etc/evidence/td-s2-p6-remaining-interface-conformance-audit-001.md	artifacts/documentation-archive/20260910/etc/evidence/td-s2-p6-remaining-interface-conformance-audit-001.md	1819	40784934128b5c6d2098cc52cb1950f1465e7f4aca07a42b3c59c28c6806d9c5
docs/etc/evidence/td-s2-p7-full-interface-conformance-closure-001.md	artifacts/documentation-archive/20260910/etc/evidence/td-s2-p7-full-interface-conformance-closure-001.md	1077	8cbd8dcd10744ef3a3bdbf3516c74600de6fca0745669e2cbfcb3fd26d7d598b
docs/etc/operations/ledger-retention-register.tsv	artifacts/documentation-archive/20260910/etc/operations/ledgers/ledger-retention-register.tsv	129530	85841b121b5fa7d4cbfd7015076c9d4048478b4e5e96923fe78a131afe933d6d
docs/etc/operations/m0-t260-s1-owner-provenance-build-manifest.tsv	artifacts/documentation-archive/20260910/etc/operations/ledgers/m0-t260-s1-owner-provenance-build-manifest.tsv	876837	9ed29855471515acf23174cda8fc997d28560704973397252e6f22698d23eef1
docs/etc/operations/m0-t266-s1-refs-consumer-disposition.tsv	artifacts/documentation-archive/20260910/etc/operations/ledgers/m0-t266-s1-refs-consumer-disposition.tsv	8064	3a4a9818df64f37b8f80971180302feb363b3ef9b36c0f2fe9e206b73fed6e65
docs/etc/operations/m0-t266-s3-opennt-input-disposition.tsv	artifacts/documentation-archive/20260910/etc/operations/ledgers/m0-t266-s3-opennt-input-disposition.tsv	11325	cec0f74634b684291edee799809043cd44d7661f95015b40d80323358f808606
docs/etc/operations/m0-t266-s4-historical-consumer-disposition.tsv	artifacts/documentation-archive/20260910/etc/operations/ledgers/m0-t266-s4-historical-consumer-disposition.tsv	10276	dd135ba4136e66537af53b69d1a55ff9c0c8a01657eb673098aded6f1111251c
docs/etc/operations/m0-t274-s1-non-guest-mvdm-union-ledger.tsv	artifacts/documentation-archive/20260910/etc/operations/ledgers/m0-t274-s1-non-guest-mvdm-union-ledger.tsv	1740611	ad3c456725415ad24fb1316ffc03f627d16fe4f41c8c342164822c08bf74bc36
docs/etc/operations/m0-t274-s2-platform-abi-direct-include-ledger.tsv	artifacts/documentation-archive/20260910/etc/operations/ledgers/m0-t274-s2-platform-abi-direct-include-ledger.tsv	150125	c5bb6bccd725c58e94879497aa21441f3de62e87a2f9067d929fe10d0051dd26
docs/etc/operations/m0-t274-s2-platform-abi-import-manifest.tsv	artifacts/documentation-archive/20260910/etc/operations/ledgers/m0-t274-s2-platform-abi-import-manifest.tsv	6086	b94654a5719e2311729a9e9ee237ed306098dd357e8433e2c3719b43446a5bac
docs/etc/operations/m0-t274-s3-dos-guest-mirror-manifest.tsv	artifacts/documentation-archive/20260910/etc/operations/ledgers/m0-t274-s3-dos-guest-mirror-manifest.tsv	130459	33997080284ef00497798d7c93f07bc66eb1206d97cea205d0bc1c90e456f382
docs/etc/operations/m0-t274-s4-bin86-carry-manifest.tsv	artifacts/documentation-archive/20260910/etc/operations/ledgers/m0-t274-s4-bin86-carry-manifest.tsv	1785	e437969d87c10506c6a3b67ea7bd70eb0cd5abc51c6f404a63f4d98df8ae9fa6
docs/etc/operations/m0-t274-s4-wow16-carry-manifest.tsv	artifacts/documentation-archive/20260910/etc/operations/ledgers/m0-t274-s4-wow16-carry-manifest.tsv	8229	9cf822e17896b729d9e5b258a5a6096f496aa58b8e691ef19e05b40c16148878
docs/etc/operations/m0-t274-s4-wow16-output-manifest.tsv	artifacts/documentation-archive/20260910/etc/operations/ledgers/m0-t274-s4-wow16-output-manifest.tsv	8478	032c73abb77defe0ff3f1fee74eb5e0279f683ea3fe80c3cb96961dfe0611e00
docs/etc/operations/m0-t274-s5-mvdm-host-topology-manifest.tsv	artifacts/documentation-archive/20260910/etc/operations/ledgers/m0-t274-s5-mvdm-host-topology-manifest.tsv	395042	c923c3ccdace2489c4a4065bdf56a0ab88c693c4773d28d16ec1772d9a07d2da
docs/etc/operations/m0-t274-s6-mvdm-host-input-manifest.tsv	artifacts/documentation-archive/20260910/etc/operations/ledgers/m0-t274-s6-mvdm-host-input-manifest.tsv	147462	5e0fbea8649ec3c84b4e7da876075f744369651917a12ea40bf5282cda209e31
docs/etc/operations/m0-t275-s1-adapter-candidate-inventory.tsv	artifacts/documentation-archive/20260910/etc/operations/ledgers/m0-t275-s1-adapter-candidate-inventory.tsv	102177	09dc70a9e87f6696cff5f7553530748f88c64db180bfd006a61da3ce2bdd5758
docs/etc/operations/m0-t275-s1-complete-candidate-disposition.tsv	artifacts/documentation-archive/20260910/etc/operations/ledgers/m0-t275-s1-complete-candidate-disposition.tsv	126881	3dd9420ac72dc71750e0ccee0ab70bb288e3ceb28d5d04f3023ff25f63595003
docs/etc/operations/m0-t275-s1-historical-interface-ledger.tsv	artifacts/documentation-archive/20260910/etc/operations/ledgers/m0-t275-s1-historical-interface-ledger.tsv	5435	3ee9d27ad78c702891a4434a64ff54b66b7a303fee4ddd45289079704421da12
docs/etc/operations/m0-t275-s1-implementation-disposition.tsv	artifacts/documentation-archive/20260910/etc/operations/ledgers/m0-t275-s1-implementation-disposition.tsv	13363	16039911ea241c885cdab7c8ecaf3ca4433380bb633c34263c492c076c7afd6d
docs/etc/operations/m0-t275-s2-missing-interface-ledger.tsv	artifacts/documentation-archive/20260910/etc/operations/ledgers/m0-t275-s2-missing-interface-ledger.tsv	5617	be3b36ae102279a9f0441ade94dfdc0c7272d171db540bf34cc0e3c405b0b21c
docs/etc/operations/m0-t276-final-integration-disposition-ledger.tsv	artifacts/documentation-archive/20260910/etc/operations/ledgers/m0-t276-final-integration-disposition-ledger.tsv	1093930	57ef219c2a7cbeb7ca6ce83957dc65cc0ae17b75423345696086a79dee117fe5
docs/etc/operations/m0-t276-s10-package-profile-wave-ledger.tsv	artifacts/documentation-archive/20260910/etc/operations/ledgers/m0-t276-s10-package-profile-wave-ledger.tsv	7149	f4434686ab667b05bc38f4c94d142053857475b232c5cd2c650c56b509aeeaed
docs/etc/operations/m0-t276-s11-w0-w1-call-accounting-ledger.tsv	artifacts/documentation-archive/20260910/etc/operations/ledgers/m0-t276-s11-w0-w1-call-accounting-ledger.tsv	704003	68fc5bbb86f315e6399547e4746f7b07a3ad1a81c2368cb0e448504bdc683852
docs/etc/operations/m0-t276-s11-w0-w1-file-disposition-ledger.tsv	artifacts/documentation-archive/20260910/etc/operations/ledgers/m0-t276-s11-w0-w1-file-disposition-ledger.tsv	44125	148b361d09884543a7ca1a9a61028cd2bf27df6fb382d302963d1c5ee16e46dd
docs/etc/operations/m0-t276-s11-w0-w1-runtime-support-binding-ledger.tsv	artifacts/documentation-archive/20260910/etc/operations/ledgers/m0-t276-s11-w0-w1-runtime-support-binding-ledger.tsv	2169	11d3dbaac4cda59d65b1809c805634d666439447163a2f4cebc9333ad519327e
docs/etc/operations/m0-t276-s11-w0-w1-source-interface-family-ledger.tsv	artifacts/documentation-archive/20260910/etc/operations/ledgers/m0-t276-s11-w0-w1-source-interface-family-ledger.tsv	5803	e903b264e8a483a49cc4e98c024ed04628fc18bc5311df26cb4fc0101b8534dc
docs/etc/operations/m0-t276-s12-bop-vdd-debugger-interface-ledger.tsv	artifacts/documentation-archive/20260910/etc/operations/ledgers/m0-t276-s12-bop-vdd-debugger-interface-ledger.tsv	6327	77892aecba4d2842e5c931a27b31e5d6841a6a477c8fd44f479d2ee138b76935
docs/etc/operations/m0-t276-s12-build-unobserved-interface-ledger.tsv	artifacts/documentation-archive/20260910/etc/operations/ledgers/m0-t276-s12-build-unobserved-interface-ledger.tsv	5569	36958cd434e4363a2e0f2410a2d9491776e047e772f71811f75fc31d1c38df78
docs/etc/operations/m0-t276-s12-device-bridge-interface-ledger.tsv	artifacts/documentation-archive/20260910/etc/operations/ledgers/m0-t276-s12-device-bridge-interface-ledger.tsv	9652	31e6049448262116fb3bc18c85860e2f186542381f6d288abba249a3a2f67434
docs/etc/operations/m0-t276-s12-host-src-disposition-ledger.tsv	artifacts/documentation-archive/20260910/etc/operations/ledgers/m0-t276-s12-host-src-disposition-ledger.tsv	25457	0a565a9ab8f9cc567d1d7b61fe3926b31c06d0e83eae394c2d51f683849416d6
docs/etc/operations/m0-t276-s12-host-src-interface-density-ledger.tsv	artifacts/documentation-archive/20260910/etc/operations/ledgers/m0-t276-s12-host-src-interface-density-ledger.tsv	18577	e1fb9ba432e5262dfd00d9cfa4d066d77895c1e692c7d0a22d8245b734326f2d
docs/etc/operations/m0-t276-s12-monitor-session-interface-ledger.tsv	artifacts/documentation-archive/20260910/etc/operations/ledgers/m0-t276-s12-monitor-session-interface-ledger.tsv	9580	a91da53e7f225771883f7ad95751b2622c1890c5f48b627d57e372e7c0691c98
docs/etc/operations/m0-t276-s12-softpc-facade-interface-ledger.tsv	artifacts/documentation-archive/20260910/etc/operations/ledgers/m0-t276-s12-softpc-facade-interface-ledger.tsv	7162	d03a9825aadcfd00e57aacc0576d9d66de31651035739dd3751efdc8b1b18de9
docs/etc/operations/m0-t276-s12-softpc-file-disposition-ledger.tsv	artifacts/documentation-archive/20260910/etc/operations/ledgers/m0-t276-s12-softpc-file-disposition-ledger.tsv	380616	5fff1b11b5a96d9e312ea15693ef09adb64fb7916a5e59fa71bcceb8cc2e7ea5
docs/etc/operations/m0-t276-s12-win32-capability-interface-ledger.tsv	artifacts/documentation-archive/20260910/etc/operations/ledgers/m0-t276-s12-win32-capability-interface-ledger.tsv	6460	e1a44ff96f838a53137497163129acd08324c0767069d7b300914d02cc824ca9
docs/etc/operations/m0-t276-s13-dos-file-disposition-ledger.tsv	artifacts/documentation-archive/20260910/etc/operations/ledgers/m0-t276-s13-dos-file-disposition-ledger.tsv	21174	39467de6007cf2cdff6a3f7f53d75401015d397b128f25dd3efdf7e03250bb0a
docs/etc/operations/m0-t276-s13-dos-interface-family-ledger.tsv	artifacts/documentation-archive/20260910/etc/operations/ledgers/m0-t276-s13-dos-interface-family-ledger.tsv	4122	b8386706eb7c6dade4850267c913ee511290df00e39cd00e438e1503ffe0f528
docs/etc/operations/m0-t276-s14-xms-file-disposition-ledger.tsv	artifacts/documentation-archive/20260910/etc/operations/ledgers/m0-t276-s14-xms-file-disposition-ledger.tsv	8289	207a60dc67ce6e5c207c3e8c28416b6c014cdf1fa2a87dfb816a94794ce30e15
docs/etc/operations/m0-t276-s14-xms-interface-family-ledger.tsv	artifacts/documentation-archive/20260910/etc/operations/ledgers/m0-t276-s14-xms-interface-family-ledger.tsv	2635	d36fe96e4cbce98966c6a05ab29db7bdff4e552ebba9bc27f85eb8905dae2074
docs/etc/operations/m0-t276-s15-sim16-file-disposition-ledger.tsv	artifacts/documentation-archive/20260910/etc/operations/ledgers/m0-t276-s15-sim16-file-disposition-ledger.tsv	3645	50ed680814d4c82d8ec1ed7d758f1b318ab1c30cf4751c1c4ca4c8fa36834869
docs/etc/operations/m0-t276-s16-sim32-file-disposition-ledger.tsv	artifacts/documentation-archive/20260910/etc/operations/ledgers/m0-t276-s16-sim32-file-disposition-ledger.tsv	2531	5bcc82143373091a460297e2a760543e677982dd41daeb6b0475dc5840857be6
docs/etc/operations/m0-t276-s17-v86-file-disposition-ledger.tsv	artifacts/documentation-archive/20260910/etc/operations/ledgers/m0-t276-s17-v86-file-disposition-ledger.tsv	21399	a04e9f683d4165e2ae1eee6348495a2e1803e95b49c28c152a84a7ecc986d620
docs/etc/operations/m0-t276-s18-ieuvddex-file-disposition-ledger.tsv	artifacts/documentation-archive/20260910/etc/operations/ledgers/m0-t276-s18-ieuvddex-file-disposition-ledger.tsv	13562	d0f4d9669dcfbf5da1fbfb7c44c527407bb2cc0c9cfb0d026145f5324f3207f3
docs/etc/operations/m0-t276-s19-dpmi-file-disposition-ledger.tsv	artifacts/documentation-archive/20260910/etc/operations/ledgers/m0-t276-s19-dpmi-file-disposition-ledger.tsv	31944	0828085a42c9fd21521ea5560902403ed39937f4247f61010272c7d4e779f74c
docs/etc/operations/m0-t276-s20-dpmi32-file-disposition-ledger.tsv	artifacts/documentation-archive/20260910/etc/operations/ledgers/m0-t276-s20-dpmi32-file-disposition-ledger.tsv	15870	f7c43fd826572ccf59b2afb133bc798b35a736829c9169e3c80c88e13e70bdc7
docs/etc/operations/m0-t276-s21-vdmredir-file-disposition-ledger.tsv	artifacts/documentation-archive/20260910/etc/operations/ledgers/m0-t276-s21-vdmredir-file-disposition-ledger.tsv	14734	9493903956af5bce7bd5ce6d7387a0d19d493b61c4ae61ff85bf4f7aaa3f3631
docs/etc/operations/m0-t276-s22-wow32-active-subdomain-ledger.tsv	artifacts/documentation-archive/20260910/etc/operations/ledgers/m0-t276-s22-wow32-active-subdomain-ledger.tsv	28359	eb659c741eba14cbbe153770f77a05ca099cad13ded674308dff2489d7ce2c7d
docs/etc/operations/m0-t276-s22-wow32-file-disposition-ledger.tsv	artifacts/documentation-archive/20260910/etc/operations/ledgers/m0-t276-s22-wow32-file-disposition-ledger.tsv	75204	91085471ee794ca769b4d3b51a89f8cee37f2fc228802c2e2ef663dfbaff0a2c
docs/etc/operations/m0-t276-s22-wow32-interface-family-ledger.tsv	artifacts/documentation-archive/20260910/etc/operations/ledgers/m0-t276-s22-wow32-interface-family-ledger.tsv	5617	313a1de49e115aa1376a68ed73cae7da9c205b0386ecdb043d8b0aea2b7cbfc0
docs/etc/operations/m0-t276-s23-fax-file-disposition-ledger.tsv	artifacts/documentation-archive/20260910/etc/operations/ledgers/m0-t276-s23-fax-file-disposition-ledger.tsv	7983	6a14bff31d7396e32eb2a7563ad4e88d5ef7bed659fcac4fa9ff77e8a4b2fb60
docs/etc/operations/m0-t276-s23-fax-interface-family-ledger.tsv	artifacts/documentation-archive/20260910/etc/operations/ledgers/m0-t276-s23-fax-interface-family-ledger.tsv	3682	b50a03616533a276791376c19d98a5f8160d78d279141ac4664a9e01940758c3
docs/etc/operations/m0-t276-s2-original-build-description-ledger.tsv	artifacts/documentation-archive/20260910/etc/operations/ledgers/m0-t276-s2-original-build-description-ledger.tsv	35911	44d1f5ee7c63c2b856960871603621e2052cb1c0903baf3224af41ccee725268
docs/etc/operations/m0-t276-s2-translation-unit-build-ledger.tsv	artifacts/documentation-archive/20260910/etc/operations/ledgers/m0-t276-s2-translation-unit-build-ledger.tsv	101721	542cb74fca0d9d6d857b901d30d462437d819a27a399e3e798f5a664eca4328f
docs/etc/operations/m0-t276-s2-translation-unit-include-ledger.tsv	artifacts/documentation-archive/20260910/etc/operations/ledgers/m0-t276-s2-translation-unit-include-ledger.tsv	872956	69dff8708c39b88353a01e5f3ae39f053a7ecb928051d635072a2ea893414552
docs/etc/operations/m0-t276-s3-textual-declaration-ledger.tsv	artifacts/documentation-archive/20260910/etc/operations/ledgers/m0-t276-s3-textual-declaration-ledger.tsv	1328911	89a07e0ab08592ddc5be20b8b439da0744cb25307305e0610c5eedf9b2a357d1
docs/etc/operations/m0-t276-s4-textual-call-candidate-ledger.tsv	artifacts/documentation-archive/20260910/etc/operations/ledgers/m0-t276-s4-textual-call-candidate-ledger.tsv	24313197	ed794d07768fa2222fb16db5ffef1771b59fd8cc6e6057b9e42ace31f25b6c36
docs/etc/operations/m0-t276-s4-translation-unit-call-scan-ledger.tsv	artifacts/documentation-archive/20260910/etc/operations/ledgers/m0-t276-s4-translation-unit-call-scan-ledger.tsv	68103	259186e7bf4864b5cff332622a454b56eaaad838ae532c673b2287f4729fffcd
docs/etc/operations/m0-t276-s5-selected-definition-ledger.tsv	artifacts/documentation-archive/20260910/etc/operations/ledgers/m0-t276-s5-selected-definition-ledger.tsv	2248966	dfd7d1dfde2bc6f652081469cd2e71256485f5838dbebce57579aec3be751416
docs/etc/operations/m0-t276-s5-unique-call-disposition-ledger.tsv	artifacts/documentation-archive/20260910/etc/operations/ledgers/m0-t276-s5-unique-call-disposition-ledger.tsv	1136846	dd4ecb145e9d8fd230a956c4ffd71e134107538b2791b5a8a32e556a9429fb75
docs/etc/operations/m0-t276-s6-boundary-family-worklist.tsv	artifacts/documentation-archive/20260910/etc/operations/ledgers/m0-t276-s6-boundary-family-worklist.tsv	9482	949d6399c7c3d232ce2aa60b98b24d53f969e3375e4b53d79cc3b49090e76554
docs/etc/operations/m0-t276-s7-original-provider-occurrence-ledger.tsv	artifacts/documentation-archive/20260910/etc/operations/ledgers/m0-t276-s7-original-provider-occurrence-ledger.tsv	8225	ecfead654369714c22d132805fa2ce669103a2025deedadd089f2657112e7083
docs/etc/operations/m0-t276-s8-original-provider-form-ledger.tsv	artifacts/documentation-archive/20260910/etc/operations/ledgers/m0-t276-s8-original-provider-form-ledger.tsv	10240	c16e40ae8d2e07ce3903c1aeeaaa99ae30e93cc7060482cd1bb3cf40ccafb204
docs/etc/operations/m0-t276-s9-actionable-boundary-abi-failure-ledger.tsv	artifacts/documentation-archive/20260910/etc/operations/ledgers/m0-t276-s9-actionable-boundary-abi-failure-ledger.tsv	6796	d228a225fa720adcf697dcfbcf2bff963e07b1f20766a7d1e8581ea0ab68a03e
docs/etc/operations/m0-t277-build-profile-ledger.tsv	artifacts/documentation-archive/20260910/etc/operations/ledgers/m0-t277-build-profile-ledger.tsv	7342	2ec0541f87c8d42b90d272623d9639ce80ca1b26a8c282690a1459ab982a9efb
docs/etc/operations/m0-t277-divergence-exclusion-ledger.tsv	artifacts/documentation-archive/20260910/etc/operations/ledgers/m0-t277-divergence-exclusion-ledger.tsv	833266	dfb4f8676d70e478b55e3321f67889f604a39389269dd3ecbd9f839d9255193b
docs/etc/operations/m0-t277-effective-build-profile-ledger.tsv	artifacts/documentation-archive/20260910/etc/operations/ledgers/m0-t277-effective-build-profile-ledger.tsv	7038	7e7412e03ac1b01a99861d494ff9fbf275bbde35057d06433c783c8c0807aa8f
docs/etc/operations/m0-t277-effective-package-boundary-edge-ledger.tsv	artifacts/documentation-archive/20260910/etc/operations/ledgers/m0-t277-effective-package-boundary-edge-ledger.tsv	11189	3f5ea77a63533c1d4a245a9162bdbde04ffce7cd2a95a0d052d856112ffaa0f6
docs/etc/operations/m0-t277-effective-package-cycle-ledger.tsv	artifacts/documentation-archive/20260910/etc/operations/ledgers/m0-t277-effective-package-cycle-ledger.tsv	622	23b3911b0a3362f0396c874a39311b2ca5a08192916997797efa6d0af204edaa
docs/etc/operations/m0-t277-effective-source-correlation-ledger.tsv	artifacts/documentation-archive/20260910/etc/operations/ledgers/m0-t277-effective-source-correlation-ledger.tsv	2540674	698f7f2b7637eff4ca492e079b2a6461e73c41b77a139459538f4896dfee949c
docs/etc/operations/m0-t277-file-recovery-ledger.tsv	artifacts/documentation-archive/20260910/etc/operations/ledgers/m0-t277-file-recovery-ledger.tsv	834872	f69e9dae670a863a3a7da4a8a68be123d54d89bd445934489c8d7f6dca70db9b
docs/etc/operations/m0-t277-interface-recovery-ledger.tsv	artifacts/documentation-archive/20260910/etc/operations/ledgers/m0-t277-interface-recovery-ledger.tsv	2912036	0d0275dc76ed68a544f4a79bb0eeea7747e398348d6d9d17832a4e1a35961104
docs/etc/operations/m0-t277-package-dependency-ledger.tsv	artifacts/documentation-archive/20260910/etc/operations/ledgers/m0-t277-package-dependency-ledger.tsv	12055	b31a75659cc88d017024693560d72b7f65e4179cbd148d9b983b3ee6a7849256
docs/etc/operations/m0-t277-s2-source-form-summary.tsv	artifacts/documentation-archive/20260910/etc/operations/ledgers/m0-t277-s2-source-form-summary.tsv	1701	cd1b777a79bdb75cd08948919d2a02d4769ff0e033a41b5525240edf11b68792
docs/etc/operations/m0-t277-s2-source-form-worklist.tsv	artifacts/documentation-archive/20260910/etc/operations/ledgers/m0-t277-s2-source-form-worklist.tsv	123302	1c1d3dcbef8713da190835f232df239d0c9cc1051a498dd0547977812c1e38e6
docs/etc/operations/m0-t277-s3-file-disposition-corrections.tsv	artifacts/documentation-archive/20260910/etc/operations/ledgers/m0-t277-s3-file-disposition-corrections.tsv	1681	de03e06f42cedabb1aeb8fbf11cb33ed5a7e5faf161a15966495549679b2ec58
docs/etc/operations/m0-t277-s3-machine-family-disposition-ledger.tsv	artifacts/documentation-archive/20260910/etc/operations/ledgers/m0-t277-s3-machine-family-disposition-ledger.tsv	23982	da436af3a1efb6753755f07f962ff7b3bf5cd937ce2988233c1ac2bd2758c589
docs/etc/operations/m0-t277-s4-dos-family-disposition-ledger.tsv	artifacts/documentation-archive/20260910/etc/operations/ledgers/m0-t277-s4-dos-family-disposition-ledger.tsv	45243	58055b530dbfecf74eb176fc6aa9c62762a05d5d4d5bfa3ae93c6b3e044f98c5
docs/etc/operations/m0-t277-s5-softpc-host-control-disposition-ledger.tsv	artifacts/documentation-archive/20260910/etc/operations/ledgers/m0-t277-s5-softpc-host-control-disposition-ledger.tsv	140532	6ac79983507c0e0d91f6a73d1bb7fa1a56ab77156388e3c0d1568bfd08eb9399
docs/etc/operations/m0-t277-s5-softpc-provider-candidate-ledger.tsv	artifacts/documentation-archive/20260910/etc/operations/ledgers/m0-t277-s5-softpc-provider-candidate-ledger.tsv	648162	05a7b08dad5c9c0580ffdb5043287053e42d5460d1647df285d81dfee0d72a1b
docs/etc/operations/m0-t277-s6-redir-wow-disposition-ledger.tsv	artifacts/documentation-archive/20260910/etc/operations/ledgers/m0-t277-s6-redir-wow-disposition-ledger.tsv	10108	02eb4e7e58447f98d07ae521a636150ea258a773623007fba38940b871b35e94
docs/etc/operations/m0-t278-destination-source-identity-ledger.tsv	artifacts/documentation-archive/20260910/etc/operations/ledgers/m0-t278-destination-source-identity-ledger.tsv	595831	cf077e0863d94ac381f40697f4cfe44e77bd89fdd071a4c1740479bb564390b3
docs/etc/operations/m0-t279-s1-support-library-interface-ledger.tsv	artifacts/documentation-archive/20260910/etc/operations/ledgers/m0-t279-s1-support-library-interface-ledger.tsv	30023	63833c477358b47ddf16fe034a70abb74f14b7ccb0c259009f3b1fc9028e1d54
docs/etc/operations/m0-t280-s10-dem-ntioapi-reached-abi-ledger.tsv	artifacts/documentation-archive/20260910/etc/operations/ledgers/m0-t280-s10-dem-ntioapi-reached-abi-ledger.tsv	4478	0427a7ca0c4960fb141e45a71d35568fbe8f6eac844b7e1fc1a00e4e0b0b395a
docs/etc/operations/m0-t280-s12-dem-object-surface-ledger.tsv	artifacts/documentation-archive/20260910/etc/operations/ledgers/m0-t280-s12-dem-object-surface-ledger.tsv	1186	87512a6206fb2a48acc33dc7613601351a9525af6d872b28274cea66c8ef1e7c
docs/etc/operations/m0-t280-s14-dem-find-list-binding-ledger.tsv	artifacts/documentation-archive/20260910/etc/operations/ledgers/m0-t280-s14-dem-find-list-binding-ledger.tsv	1389	0a50abadeb1246b76bdf762344479c447e5e704587b5ba058d6248048b407c77
docs/etc/operations/m0-t280-s17-demsrch-x64-boundary-ledger-001.tsv	artifacts/documentation-archive/20260910/etc/operations/ledgers/m0-t280-s17-demsrch-x64-boundary-ledger-001.tsv	4813	f7f0f565d0b1dfeed258b3edab984f7f7c09556fd130b32372891fe875e815e7
docs/etc/operations/m0-t280-s19-demsrch-guest-lease-ledger-001.tsv	artifacts/documentation-archive/20260910/etc/operations/ledgers/m0-t280-s19-demsrch-guest-lease-ledger-001.tsv	3402	6c388f04984024b27121c95fcd211468369dadcb96b6e633c11d5cf397310e23
docs/etc/operations/m0-t280-s1-host-control-dem-workset-ledger.tsv	artifacts/documentation-archive/20260910/etc/operations/ledgers/m0-t280-s1-host-control-dem-workset-ledger.tsv	52906	c7192301f8681aa5735e4e9520634db87139e55c318a2e23eae003ac05676a6d
docs/etc/operations/m0-t280-s20-dem-persistent-guest-location-ledger-001.tsv	artifacts/documentation-archive/20260910/etc/operations/ledgers/m0-t280-s20-dem-persistent-guest-location-ledger-001.tsv	1732	acbd7ae0171a421fd1e4de8312f86f6045c041e6fb1a7949f6d9bf5d02f308cc
docs/etc/operations/m0-t280-s2-ingress-machine-facade-ledger.tsv	artifacts/documentation-archive/20260910/etc/operations/ledgers/m0-t280-s2-ingress-machine-facade-ledger.tsv	5404	0136d94fe4a972222341035d108e4550e91b3cc223e56e27bffc3ffbe42854e5
docs/etc/operations/m0-t280-s4-dem-include-abi-ledger.tsv	artifacts/documentation-archive/20260910/etc/operations/ledgers/m0-t280-s4-dem-include-abi-ledger.tsv	11632	555dd02e9e6de6fa7d6857f20eaef9ba9a887218aa873042f9210ddeae871160
docs/etc/operations/m0-t280-s6-dem-compile-surface-ledger.tsv	artifacts/documentation-archive/20260910/etc/operations/ledgers/m0-t280-s6-dem-compile-surface-ledger.tsv	3904	3954856366bc08cdfd30bf509982db4657b9a59ed6f7ced9773f1313f16e035d
docs/etc/operations/m0-t280-s7-dem-shared-abi-ledger.tsv	artifacts/documentation-archive/20260910/etc/operations/ledgers/m0-t280-s7-dem-shared-abi-ledger.tsv	2897	fd4adcbbadbac77e393c428923ae1a3521543e7792a53be496c316a3c966b1d3
docs/etc/operations/m0-t280-s8-platform-declaration-import-ledger.tsv	artifacts/documentation-archive/20260910/etc/operations/ledgers/m0-t280-s8-platform-declaration-import-ledger.tsv	456	87376b2e73ac4acaf56e06ef122f94224d7545e1fdb3f3892f648292b424d8d3
docs/etc/operations/m0-t280-s8-platform-declaration-import-manifest.tsv	artifacts/documentation-archive/20260910/etc/operations/ledgers/m0-t280-s8-platform-declaration-import-manifest.tsv	824	a989e47631fefd5ab61239d8096e53bbeb8a2573a57ac04cb58c7f1a00c62f9e
docs/etc/operations/m0-t281-s1-nt-bop-direct-import-ledger.tsv	artifacts/documentation-archive/20260910/etc/operations/ledgers/m0-t281-s1-nt-bop-direct-import-ledger.tsv	2159	8222e551931eb1674594a59f32151604fa98ad224356cdc2279085fd1a85b327
docs/etc/operations/m0-t281-s2-dem-common-control-direct-import-ledger.tsv	artifacts/documentation-archive/20260910/etc/operations/ledgers/m0-t281-s2-dem-common-control-direct-import-ledger.tsv	1292	890e6cd5041fa415431e127b894193e23ff783f5283e39271390d0ac73a26a6c
docs/etc/operations/m0-t281-s3-dem-provider-composition-ledger.tsv	artifacts/documentation-archive/20260910/etc/operations/ledgers/m0-t281-s3-dem-provider-composition-ledger.tsv	1553	d5d8b5f9e54dc8b8db38fe0eb14327af64b2bb2c57d3a385404cf3deb5628afb
docs/etc/operations/m0-t281-s4-dem-package-member-ledger.tsv	artifacts/documentation-archive/20260910/etc/operations/ledgers/m0-t281-s4-dem-package-member-ledger.tsv	458	1f9770a7f447ce7533205c956de29fca67de5624e34129f0b89dfcf4edf63230
docs/etc/operations/m0-t281-s5-host-control-disposition-ledger.tsv	artifacts/documentation-archive/20260910/etc/operations/ledgers/m0-t281-s5-host-control-disposition-ledger.tsv	16389	4ee0ee91befcacc0843d4cdeeb06ce4d924b9b763fddcc5db50f3411fa916086
docs/etc/operations/m0-t282-s16-command-closure-disposition-ledger-001.tsv	artifacts/documentation-archive/20260910/etc/operations/ledgers/m0-t282-s16-command-closure-disposition-ledger-001.tsv	4639	9ccbd69ae7eaba24aa6cadaa37a3b5834f86b72cb32408109d09833b78d6b1fb
docs/etc/operations/m0-t282-s1-command-service-disposition-ledger.tsv	artifacts/documentation-archive/20260910/etc/operations/ledgers/m0-t282-s1-command-service-disposition-ledger.tsv	1614	bf60b651a515f5777dbed4aa655fa1b9c0c42bf29f312d05bdd2ebef9d7e0d40
docs/etc/operations/m0-t282-s1-command-source-disposition-ledger.tsv	artifacts/documentation-archive/20260910/etc/operations/ledgers/m0-t282-s1-command-source-disposition-ledger.tsv	1985	ca41e554a4c1028416fd4b17c44eff98789afc122a41434dda0c207cd73b99ce
docs/etc/operations/m0-t282-s5-vdm-command-acquisition-ledger.tsv	artifacts/documentation-archive/20260910/etc/operations/ledgers/m0-t282-s5-vdm-command-acquisition-ledger.tsv	2250	69cf3fdf7fa7150b10ab49c27946ad0d0c16f549a55fbfa74223f11ae8cb2e0a
docs/etc/operations/m0-t282-s8-command-owner-dependency-ledger-001.tsv	artifacts/documentation-archive/20260910/etc/operations/ledgers/m0-t282-s8-command-owner-dependency-ledger-001.tsv	8885	9325733a28d05231d9d98e1963b78e22fd18ad22334d5d556a00e8833ff5d209
docs/etc/operations/m0-t282-s9-command-environment-guest-seam-ledger-001.tsv	artifacts/documentation-archive/20260910/etc/operations/ledgers/m0-t282-s9-command-environment-guest-seam-ledger-001.tsv	2378	b713d790e3e8b73cd368bde3a7421f5deb5ba592f237e090ec2b76ba3db7b23a
docs/etc/operations/m0-t283-s1-platform-abi-candidate-inventory-001.tsv	artifacts/documentation-archive/20260910/etc/operations/ledgers/m0-t283-s1-platform-abi-candidate-inventory-001.tsv	11902	38151bf5b6f097a8abfc7fa9ce61cb32740e7b32d0f0336e4007faf6da93772b
docs/etc/operations/m0-t283-s1-platform-abi-selection-ledger-001.tsv	artifacts/documentation-archive/20260910/etc/operations/ledgers/m0-t283-s1-platform-abi-selection-ledger-001.tsv	12237	73f7eae4881f184ec0eacc2c14c2b83e8413b14c8c824bee4b6db9508f9a3c3d
docs/etc/operations/m0-t283-s2-platform-abi-canonical-import-manifest-001.tsv	artifacts/documentation-archive/20260910/etc/operations/ledgers/m0-t283-s2-platform-abi-canonical-import-manifest-001.tsv	16340	4341755f6cdd8a824cb172e0c5821861f73599fcd22a0ae89cb9ec0a7e7e54a0
docs/etc/operations/m0-t284-s1-adapter-convergence-consumer-inventory-001.tsv	artifacts/documentation-archive/20260910/etc/operations/ledgers/m0-t284-s1-adapter-convergence-consumer-inventory-001.tsv	1676	0ea0a85773b0444a247e919cc7b314631a7cc952374181c13454850758d5d81d
docs/etc/operations/m0-t284-s1-adapter-convergence-file-inventory-001.tsv	artifacts/documentation-archive/20260910/etc/operations/ledgers/m0-t284-s1-adapter-convergence-file-inventory-001.tsv	17887	9ebafe8f21d068a14385f8093e661a071e4960db59e16fd15eb5fc2541c5b3ba
docs/etc/operations/m0-t284-s1-adapter-convergence-public-symbol-inventory-001.tsv	artifacts/documentation-archive/20260910/etc/operations/ledgers/m0-t284-s1-adapter-convergence-public-symbol-inventory-001.tsv	22788	a9606496160d29df474f8fc04b7be1db98e145d5b3f03fa2aff80e44364eeda8
docs/etc/operations/m0-t285-s1-wave2-current-workset.tsv	artifacts/documentation-archive/20260910/etc/operations/ledgers/m0-t285-s1-wave2-current-workset.tsv	62264	009882422925c66f0c0e39e1f173d074ea43e974e362fbc4b394b2269b63d438
docs/etc/operations/m0-t285-s2-nt-bop-binding-ledger.tsv	artifacts/documentation-archive/20260910/etc/operations/ledgers/m0-t285-s2-nt-bop-binding-ledger.tsv	7484	46f5c1820f5ff75b418c2180a60291bc06be6ddc7e3222f772884ddbafc9ad96
docs/etc/operations/m0-t287-s1-xms-file-rebaseline-ledger.tsv	artifacts/documentation-archive/20260910/etc/operations/ledgers/m0-t287-s1-xms-file-rebaseline-ledger.tsv	4787	68766c930f7d81f6a5485908fb94f5fa2dcd4a4c189a2519d368cde4cdd65669
docs/etc/operations/m0-t287-s1-xms-file-rebaseline-ledger-002.tsv	artifacts/documentation-archive/20260910/etc/operations/ledgers/m0-t287-s1-xms-file-rebaseline-ledger-002.tsv	3350	05ef3df3ac8586b530aa6ebccdd0c9629cab050def8987b39257eb89d96fe54f
docs/etc/operations/m0-t287-s1-xms-interface-rebaseline-ledger.tsv	artifacts/documentation-archive/20260910/etc/operations/ledgers/m0-t287-s1-xms-interface-rebaseline-ledger.tsv	2799	f94a5839afe8cf1b84c654b02293bb44fe76bc8a4a8c9a34ca4bc24bb85242e7
docs/etc/operations/m0-t288-s1-monitor-interface-ledger.tsv	artifacts/documentation-archive/20260910/etc/operations/ledgers/m0-t288-s1-monitor-interface-ledger.tsv	6441	7fc5e4f58510ee5baa86d4f038f3064eb7ebd4e072ec1c485831b4b34873f628
docs/etc/operations/m0-t288-s1-monitor-source-identity-ledger.tsv	artifacts/documentation-archive/20260910/etc/operations/ledgers/m0-t288-s1-monitor-source-identity-ledger.tsv	28934	a879fd26911e44d570c284e6781fd646cf52f991446737169e2f665563a5b7b4
docs/etc/operations/m0-t288-s2-direct-composition-ledger.tsv	artifacts/documentation-archive/20260910/etc/operations/ledgers/m0-t288-s2-direct-composition-ledger.tsv	1021	9cb9231d540af27813b013613ff06fa4ac4d2d72c541d5d09d77dc2171a78692
docs/etc/operations/m0-t288-s3-monitor-frame-recovery-ledger.tsv	artifacts/documentation-archive/20260910/etc/operations/ledgers/m0-t288-s3-monitor-frame-recovery-ledger.tsv	2457	2fe5c53400bb3a0a676fc2b0cb227c28f8e17f60c9dc2a1dcd11336c0739156d
docs/etc/operations/m0-t288-s4-softpc-sas-disposition-ledger.tsv	artifacts/documentation-archive/20260910/etc/operations/ledgers/m0-t288-s4-softpc-sas-disposition-ledger.tsv	3616	de3d778036e7b61b2759127f01b52cdc5dd87f09cd9ffe84e5c5297d1aae072e
docs/etc/operations/m0-t288-s5-keyboard-ivt-lifecycle-ledger.tsv	artifacts/documentation-archive/20260910/etc/operations/ledgers/m0-t288-s5-keyboard-ivt-lifecycle-ledger.tsv	1756	fe65b310c8934fe97acec37266114a118b74870d1594c870017aa0a72553d77a
docs/etc/operations/m0-t289-s1-dpmi-source-abi-admission-ledger.tsv	artifacts/documentation-archive/20260910/etc/operations/ledgers/m0-t289-s1-dpmi-source-abi-admission-ledger.tsv	2025	3594d0e20f3e90549e7980aeb5533423a07da1b5021137f77a5ba05a4f8e6c9a
docs/etc/operations/m0-t289-s1-protected-machine-interface-ledger.tsv	artifacts/documentation-archive/20260910/etc/operations/ledgers/m0-t289-s1-protected-machine-interface-ledger.tsv	2052	666c31817de93b3f746a32708bec9b387f11103be0cb1c93fb18510d09d4f4ba
docs/etc/operations/m0-t289-s2-dpmi-pointer-frame-disposition.tsv	artifacts/documentation-archive/20260910/etc/operations/ledgers/m0-t289-s2-dpmi-pointer-frame-disposition.tsv	1802	8e7ea92776b1a8f8f88560db7cfb539bddeb31304ab2530b578ab0203e4ea908
docs/etc/operations/m0-t289-s3-protected-machine-foundation-ledger.tsv	artifacts/documentation-archive/20260910/etc/operations/ledgers/m0-t289-s3-protected-machine-foundation-ledger.tsv	1330	295095f6a8d49bf2da827228c447623d69a856fad0bc2de418f2c02276675f16
docs/etc/operations/m0-t289-s4-dpmi-composition-ledger.tsv	artifacts/documentation-archive/20260910/etc/operations/ledgers/m0-t289-s4-dpmi-composition-ledger.tsv	1621	993f29516964a5cf94d4e4d85d9b09ead6ee3f73c7eed92bf1197157a83cbc15
docs/etc/operations/m0-t289-s5-dpmi-stack-interrupt-disposition-ledger.tsv	artifacts/documentation-archive/20260910/etc/operations/ledgers/m0-t289-s5-dpmi-stack-interrupt-disposition-ledger.tsv	2224	0981be1fc3d31f789185423f511221682b83b78a0e890668fc1c04f2a4645052
docs/etc/operations/m0-t289-s6-dpmi-family-disposition-matrix.tsv	artifacts/documentation-archive/20260910/etc/operations/ledgers/m0-t289-s6-dpmi-family-disposition-matrix.tsv	5626	2a68e9546f1203049da45a735504b3d8bbd93963f2bbb70c9ae088a716053a96
docs/etc/operations/m0-t289-s7-dpmi-identity-exception-transfer-ledger.tsv	artifacts/documentation-archive/20260910/etc/operations/ledgers/m0-t289-s7-dpmi-identity-exception-transfer-ledger.tsv	4105	e8fd6225e44b82db16f9cba0454ca93b47af63904dc7d1170c3135c2a02e33cf
docs/etc/operations/m0-t290-s1-redirector-path-interface-ledger.tsv	artifacts/documentation-archive/20260910/etc/operations/ledgers/m0-t290-s1-redirector-path-interface-ledger.tsv	4032	22d7fc81a17fc45c478edbabd02ab6b72b6ebcf7075968c07589fe1b6b0a1960
docs/etc/operations/m0-t290-s1-redirector-service-abi-ledger.tsv	artifacts/documentation-archive/20260910/etc/operations/ledgers/m0-t290-s1-redirector-service-abi-ledger.tsv	9242	aaf7149ddb4229ec823666330dbcb82020df9b77a94bc9c5b6e9b3a7054599ee
docs/etc/operations/m0-t290-s2-redirector-external-interface-recovery-ledger.tsv	artifacts/documentation-archive/20260910/etc/operations/ledgers/m0-t290-s2-redirector-external-interface-recovery-ledger.tsv	5179	f9b7cb4640651875a3f279f4d8ee421f4de817c59bafa07af2a0203cc4b1881f
docs/etc/operations/m0-t290-s5-ds-declaration-package-manifest-001.tsv	artifacts/documentation-archive/20260910/etc/operations/ledgers/m0-t290-s5-ds-declaration-package-manifest-001.tsv	31440	df7647a354b811f2426b9b12d5df35ad2c2143581340d733cf2ee331b4bae7c9
docs/etc/operations/m0-t290-s5-public-internal-declaration-cohort-manifest-001.tsv	artifacts/documentation-archive/20260910/etc/operations/ledgers/m0-t290-s5-public-internal-declaration-cohort-manifest-001.tsv	24090	af4c86c1aa850e5e995648ce5f930ba7b014dcc04b93911e3eb19a8ccb5c3545
docs/etc/operations/m0-t290-s5-remaining-provider-disposition-matrix.tsv	artifacts/documentation-archive/20260910/etc/operations/ledgers/m0-t290-s5-remaining-provider-disposition-matrix.tsv	6061	0544812da6f563bb8be817809b45d2d73eb26ab0916da944426ff10754683e5c
docs/etc/operations/m0-t290-s6-redirector-family-disposition-matrix.tsv	artifacts/documentation-archive/20260910/etc/operations/ledgers/m0-t290-s6-redirector-family-disposition-matrix.tsv	7796	d91ffefd6420bcb606d1723a2cb75302b98e62893525fa923ca367b0d7485a65
docs/etc/operations/m0-t291-s1-wow-file-subdomain-disposition-ledger.tsv	artifacts/documentation-archive/20260910/etc/operations/ledgers/m0-t291-s1-wow-file-subdomain-disposition-ledger.tsv	97097	2660d6618f80b9c8fddc2cffa347875e8c44aef73cc90d909d93b15c992c86a2
docs/etc/operations/m0-t291-s1-wow-interface-family-ledger.tsv	artifacts/documentation-archive/20260910/etc/operations/ledgers/m0-t291-s1-wow-interface-family-ledger.tsv	7933	61e574122fdf1af54241827b424e6ec5e9dfe3ada0d85e149240545a4add144c
docs/etc/operations/m0-t291-s1-wow-mirror-identity-ledger.tsv	artifacts/documentation-archive/20260910/etc/operations/ledgers/m0-t291-s1-wow-mirror-identity-ledger.tsv	46944	fc6c8452e3b99a0c0622dcf664f6cf2ba4ad5326400d033944e68fdf840efaf2
docs/etc/operations/m0-t291-s2-wow-thunk-frame-interface-family-ledger.tsv	artifacts/documentation-archive/20260910/etc/operations/ledgers/m0-t291-s2-wow-thunk-frame-interface-family-ledger.tsv	9133	d5b59cc7505265d551abb5b1d95a2e76cee7f858a00ee6bec899fbcfbe67c815
docs/etc/operations/m0-t291-s2-wow-thunk-frame-interface-occurrence-ledger.tsv	artifacts/documentation-archive/20260910/etc/operations/ledgers/m0-t291-s2-wow-thunk-frame-interface-occurrence-ledger.tsv	115035	640600edd428ef3a740398314e6209c76203628f1c14ea9c28be7417cbeea72d
docs/etc/operations/m0-t291-s2-wow-thunk-frame-source-coverage-ledger.tsv	artifacts/documentation-archive/20260910/etc/operations/ledgers/m0-t291-s2-wow-thunk-frame-source-coverage-ledger.tsv	1346	f9cb1fdc139d6b02a94b1d268c4fd85f69a4c0ccfe50e426deadb45611125b04
docs/etc/operations/m0-t296-s1-tools16-provenance-manifest.tsv	artifacts/documentation-archive/20260910/etc/operations/ledgers/m0-t296-s1-tools16-provenance-manifest.tsv	15674	526a00dac5ac1ff78582575b0c3b6a43c57f9e5b7cdffd1afadc11a5d56aaf31
docs/etc/operations/m0-t297-s1-guest-root-duplicate-elision-manifest.tsv	artifacts/documentation-archive/20260910/etc/operations/ledgers/m0-t297-s1-guest-root-duplicate-elision-manifest.tsv	1858	fff9f7aea83b5542c5de0487c253296a00fa0c4419c6b53d650f436de8138d6d
docs/etc/operations/m0-t297-s1-guest-root-move-manifest.tsv	artifacts/documentation-archive/20260910/etc/operations/ledgers/m0-t297-s1-guest-root-move-manifest.tsv	333504	03e51c01f90aba402c7ef928bb1aef4c5b774168006c3003c5bd38c8f6177c31
docs/etc/operations/m0-t301-s1-base-vdm-client-direct-dependency-ledger.tsv	artifacts/documentation-archive/20260910/etc/operations/ledgers/m0-t301-s1-base-vdm-client-direct-dependency-ledger.tsv	1292	78bcecaa766b1df2609ac8eb2ea6e70e7913be5f7267ac963af6cbb848a1f28a
docs/etc/operations/m0-t301-s1-opennt-src-2-mvdm-extra-import-manifest.tsv	artifacts/documentation-archive/20260910/etc/operations/ledgers/m0-t301-s1-opennt-src-2-mvdm-extra-import-manifest.tsv	1315099	84d314a2bbbe9b78304edbffbb92bdb7aba6fd209010cc1ff0341ae761910edf
docs/etc/operations/m0-t302-s1-base-vdm-existing-seam-disposition-ledger.tsv	artifacts/documentation-archive/20260910/etc/operations/ledgers/m0-t302-s1-base-vdm-existing-seam-disposition-ledger.tsv	2619	a0661c7cd1cbbeb49d070863ec5bac78c0c81432aa4256f3282c9b29936b91be
docs/etc/operations/m0-t302-s1-base-vdm-protocol-boundary-ledger.tsv	artifacts/documentation-archive/20260910/etc/operations/ledgers/m0-t302-s1-base-vdm-protocol-boundary-ledger.tsv	7344	ab9c8963bdb64676fcbdc9edbb84b5b9b53f27ac169e0a1850f2b103ba8f8a66
docs/etc/operations/m0-t303-s1-first-slice-mechanical-ledger.tsv	artifacts/documentation-archive/20260910/etc/operations/ledgers/m0-t303-s1-first-slice-mechanical-ledger.tsv	4430	803e05f78bccc7d463dd7a01dea573f2dce372bd422f4655c415af45bc7a9cf6
docs/etc/operations/m0-t306-s1-baseclient-cohort-ledger.tsv	artifacts/documentation-archive/20260910/etc/operations/ledgers/m0-t306-s1-baseclient-cohort-ledger.tsv	3287	d69da05f5a31deebaa4c5894bb47e210e0f8b031001ca47753fc8c671da6db13
docs/etc/operations/m0-t306-s1-crt-cohort-ledger.tsv	artifacts/documentation-archive/20260910/etc/operations/ledgers/m0-t306-s1-crt-cohort-ledger.tsv	310	f09dca8422bc8fad28cf2190d2c420acd27a11007a1852a4dc125a587629c104
docs/etc/operations/m0-t306-s1-external-boundary-disposition-ledger.tsv	artifacts/documentation-archive/20260910/etc/operations/ledgers/m0-t306-s1-external-boundary-disposition-ledger.tsv	3458464	66d300278b2ec83a7efa1ff7d2a56d43d44bae56e990d1d0d5e2e36fd5c18e26
docs/etc/operations/m0-t306-s1-mvdm-machine-cohort-ledger.tsv	artifacts/documentation-archive/20260910/etc/operations/ledgers/m0-t306-s1-mvdm-machine-cohort-ledger.tsv	2873	f26229e6427d2b71841c96c30eb1e7dbeade64f24d6b4677094596e78ab4d1ba
docs/etc/operations/m0-t306-s1-netapi-cohort-ledger.tsv	artifacts/documentation-archive/20260910/etc/operations/ledgers/m0-t306-s1-netapi-cohort-ledger.tsv	1901	c48c99185ef67df40bff9611f3f22890699d6c1a01733e9632390c2173330b35
docs/etc/operations/m0-t306-s1-ole-csr-cohort-ledger.tsv	artifacts/documentation-archive/20260910/etc/operations/ledgers/m0-t306-s1-ole-csr-cohort-ledger.tsv	969	a25b416a8a811a6ce6bf3a0e07195d1cc778687750e5122b381b15f3670930d6
docs/etc/operations/m0-t306-s1-signature-seed-package-ledger.tsv	artifacts/documentation-archive/20260910/etc/operations/ledgers/m0-t306-s1-signature-seed-package-ledger.tsv	117782	f8a93a02c884c1e6c9b1e87e3e01985666140cbe0e7f8c080cb8fe6fde6fd2ac
docs/etc/operations/m0-t308-s1-ntvdmcontrol-service-disposition.tsv	artifacts/documentation-archive/20260910/etc/operations/ledgers/m0-t308-s1-ntvdmcontrol-service-disposition.tsv	2841	714af034cf488b0bedcfc273bbc3ab31d46524af4040c69a262c145946976a14
docs/etc/operations/m0-t310-s1-softpc-backend-interface-ledger.tsv	artifacts/documentation-archive/20260910/etc/operations/ledgers/m0-t310-s1-softpc-backend-interface-ledger.tsv	6561	87e6a8ff3faf30087f4c43589c27db96ce2066bb2715319db91a3c3560e3f74d
docs/etc/operations/m0-t310-s1-softpc-source-root-ledger.tsv	artifacts/documentation-archive/20260910/etc/operations/ledgers/m0-t310-s1-softpc-source-root-ledger.tsv	7752	406c86dcf6da651436602f8a305e413392842532f5d66eac5b5fbe79d905031c
docs/etc/operations/m0-t310-s2-x64-forced-link-ledger.tsv	artifacts/documentation-archive/20260910/etc/operations/ledgers/m0-t310-s2-x64-forced-link-ledger.tsv	30803	bb4a5bcdeac0b67d2c5ed0c629942fbed49d4cdaf81f814812dc0f670fc0e193
docs/etc/operations/m0-t310-s2-x86-forced-link-ledger.tsv	artifacts/documentation-archive/20260910/etc/operations/ledgers/m0-t310-s2-x86-forced-link-ledger.tsv	31235	cd50cef2ef65f944b47e84c1c3a8c4cfbe47dd7818d3fd9c64a7fe6b5fe2f386
docs/etc/operations/m0-t310-s4-machine-family-workset-001.tsv	artifacts/documentation-archive/20260910/etc/operations/ledgers/m0-t310-s4-machine-family-workset-001.tsv	5237	ec6ef4d7e4b8d57e744d9d25dfe688f3b8beaa893f8aae695bdc10f5c703885b
docs/etc/operations/m0-t310-s4-p4-x64-forced-link-ledger.tsv	artifacts/documentation-archive/20260910/etc/operations/ledgers/m0-t310-s4-p4-x64-forced-link-ledger.tsv	98674	20caa334dc564bace70858a8d665789ddecd098ac54dd02540f6f76084897c18
docs/etc/operations/m0-t310-s4-p4-x86-forced-link-ledger.tsv	artifacts/documentation-archive/20260910/etc/operations/ledgers/m0-t310-s4-p4-x86-forced-link-ledger.tsv	99399	f61407df76354a873d2096a59e32fdaf61eec7cbe1d58f03ae89e3f56e2c586f
docs/etc/operations/m0-t310-s4-p5-x64-forced-link-ledger.tsv	artifacts/documentation-archive/20260910/etc/operations/ledgers/m0-t310-s4-p5-x64-forced-link-ledger.tsv	89805	1b3f5ddf2b2741c28e26fd1881f454a1bfc868c958d6536e240c79580d8b94b1
docs/etc/operations/m0-t310-s4-p5-x86-forced-link-ledger.tsv	artifacts/documentation-archive/20260910/etc/operations/ledgers/m0-t310-s4-p5-x86-forced-link-ledger.tsv	90474	c0cbc0836b0fc51b19f3744545d9db0c96595c83277d6834519c0a2c130623d6
docs/etc/operations/m0-t310-s6-v86-monitor-production-input-ledger.tsv	artifacts/documentation-archive/20260910/etc/operations/ledgers/m0-t310-s6-v86-monitor-production-input-ledger.tsv	2037	0675745e96a02ade16a8dedf715fcc6e9cc1a1f90f672c02bc54681e12f8eb20
docs/etc/operations/m0-t310-s7-guest-memory-lease-caller-ledger.tsv	artifacts/documentation-archive/20260910/etc/operations/ledgers/m0-t310-s7-guest-memory-lease-caller-ledger.tsv	1536	77f9b88cbef7ce84a172c1c67ae5a66a882b73ccb840c4eedf0e696ff6c42fd3
docs/etc/operations/m0-t310-s7-p2-x64-forced-link-ledger.tsv	artifacts/documentation-archive/20260910/etc/operations/ledgers/m0-t310-s7-p2-x64-forced-link-ledger.tsv	80906	9661205c2aecadb55e7fc2b1537f1279ad187b7fec37d8859128dedfb3b8a93d
docs/etc/operations/m0-t310-s7-p2-x86-forced-link-ledger.tsv	artifacts/documentation-archive/20260910/etc/operations/ledgers/m0-t310-s7-p2-x86-forced-link-ledger.tsv	81560	ab1f513b8221f3fa90965068237b75d79f917365bb4e9d4293b775faddd15f68
docs/etc/operations/m0-t310-s8-p2-x64-forced-link-ledger.tsv	artifacts/documentation-archive/20260910/etc/operations/ledgers/m0-t310-s8-p2-x64-forced-link-ledger.tsv	66279	4c0be72bd1c3670b870efeb914557a582ed1edb5b09b35ba2a2896c6a7471941
docs/etc/operations/m0-t310-s8-p2-x86-forced-link-ledger.tsv	artifacts/documentation-archive/20260910/etc/operations/ledgers/m0-t310-s8-p2-x86-forced-link-ledger.tsv	49039	4d7c569dacc69fdae7e392a0f59b9b3623e5cb748e38ec12ef2913c5a05d3169
docs/etc/operations/m0-t310-s8-p4-base-video-callback-interface-ledger.tsv	artifacts/documentation-archive/20260910/etc/operations/ledgers/m0-t310-s8-p4-base-video-callback-interface-ledger.tsv	69	75acfb9a605d23d333a783d28b9ea707c1622ff09ebac3c27d21b28a0e87abcf
docs/etc/operations/m0-t310-s8-p4-ccpu-access-table-ledger.tsv	artifacts/documentation-archive/20260910/etc/operations/ledgers/m0-t310-s8-p4-ccpu-access-table-ledger.tsv	7084	012ff0295eda6c33b2181ac4936b619a3ffef1af4c72110fd7cc14e3b984d9fc
docs/etc/operations/m0-t310-s8-p4-cvidc-generated-interface-ledger.tsv	artifacts/documentation-archive/20260910/etc/operations/ledgers/m0-t310-s8-p4-cvidc-generated-interface-ledger.tsv	182309	ab31ccb2aea47932461d7062942691584596c5aa34cae45202d4455a1b71fb11
docs/etc/operations/m0-t310-s8-p4-gdp-generated-layout-inventory.tsv	artifacts/documentation-archive/20260910/etc/operations/ledgers/m0-t310-s8-p4-gdp-generated-layout-inventory.tsv	84518	50cc2fe1a26297432196b2bf00382560c8f0b3e674680bb7cddf3fbbf21b6343
docs/etc/operations/m0-t310-s8-p4-owner-contract-coverage-ledger.tsv	artifacts/documentation-archive/20260910/etc/operations/ledgers/m0-t310-s8-p4-owner-contract-coverage-ledger.tsv	23878	40251cd8bafbdfc7c91e12eb4a2def08fd6320e3c34a60f3606e30bbf15ed39f
docs/etc/operations/m0-t310-s8-p4-whole-tree-compiler-warning-cluster-ledger.tsv	artifacts/documentation-archive/20260910/etc/operations/ledgers/m0-t310-s8-p4-whole-tree-compiler-warning-cluster-ledger.tsv	8869	cc5441fd3f901d42c568fb29f38d0b64385226a500038ba355f225a06c4de5df
docs/etc/operations/m0-t310-s8-p4-whole-tree-compiler-warning-ledger.tsv	artifacts/documentation-archive/20260910/etc/operations/ledgers/m0-t310-s8-p4-whole-tree-compiler-warning-ledger.tsv	12717849	62ad064ad7bae4ceb0546d4fe41b03c223619fa08804edef71cb0e9b42fd6b24
docs/etc/operations/m0-t310-s8-p4-whole-tree-contract-review-index.tsv	artifacts/documentation-archive/20260910/etc/operations/ledgers/m0-t310-s8-p4-whole-tree-contract-review-index.tsv	141720	c3bac12324c7053f44532f96f3c6c0da2130caf8acd5538b07dd2d95c1dd9d6e
docs/etc/operations/m0-t310-s8-p4-whole-tree-static-abi-cluster-ledger.tsv	artifacts/documentation-archive/20260910/etc/operations/ledgers/m0-t310-s8-p4-whole-tree-static-abi-cluster-ledger.tsv	11193	1605b7cb92573e7fa68f88ca6d91a5801c51894bbcaaeb9c34b62a3ad029a7af
docs/etc/operations/m0-t310-s8-p4-whole-tree-static-abi-inventory.tsv	artifacts/documentation-archive/20260910/etc/operations/ledgers/m0-t310-s8-p4-whole-tree-static-abi-inventory.tsv	686047	0abc737f2828f98252efdcd64950cc1f1e87610842f8b80e1ac3e539421419d2
docs/etc/operations/m0-t310-s8-p4-whole-tree-warning-x86-x64-classification.tsv	artifacts/documentation-archive/20260910/etc/operations/ledgers/m0-t310-s8-p4-whole-tree-warning-x86-x64-classification.tsv	8375012	8388133dc978c129098bb8fe82744ce66fc1d18a0afd672a3f98120c6bf62dfb
docs/etc/operations/m0-t310-s8-p4-whole-tree-warning-x86-x64-classification-worklist.tsv	artifacts/documentation-archive/20260910/etc/operations/ledgers/m0-t310-s8-p4-whole-tree-warning-x86-x64-classification-worklist.tsv	401879	ad786e3a29f10629b2e93c4280bfc108d749a039672be8887a515eb00e7635fe
docs/etc/operations/m0-t311-s1-mvdm-support-provenance.tsv	artifacts/documentation-archive/20260910/etc/operations/ledgers/m0-t311-s1-mvdm-support-provenance.tsv	14532	b7e61ccc51d08bd981ad2143d4eb4936241b56046c0dc6b6475681e5ccbb9ee8
docs/etc/operations/m0-t311-s2-mvdm-host-support-provenance.tsv	artifacts/documentation-archive/20260910/etc/operations/ledgers/m0-t311-s2-mvdm-host-support-provenance.tsv	14415	af11ce89201d7eba785699709f7dd5a9777179764cf58c1ad2e55fe02d94cb49
docs/etc/operations/m0-t312-s1-live-bochs-dependency-ledger.tsv	artifacts/documentation-archive/20260910/etc/operations/ledgers/m0-t312-s1-live-bochs-dependency-ledger.tsv	4041	b4fd686ac6dc4c12a9c25d567043cb7c138e23a14f5322deb0480f483dc56a27
docs/etc/operations/m0-t325-s1-netapi-rap-physical-edge-ledger.tsv	artifacts/documentation-archive/20260910/etc/operations/ledgers/m0-t325-s1-netapi-rap-physical-edge-ledger.tsv	6742	8876ebb32d594c33b721d62d5f89054acec4640eb6c2eb4394206a4498b26d8c
docs/etc/operations/m0-t332-s1-dpmi-source-abi-admission-ledger.tsv	artifacts/documentation-archive/20260910/etc/operations/ledgers/m0-t332-s1-dpmi-source-abi-admission-ledger.tsv	5908	427dc8883647852c61549a7351f259433547d5aca2a9ae63a4e5c82958daf910
docs/etc/operations/m0-t333-s1-redirector-source-abi-admission-ledger.tsv	artifacts/documentation-archive/20260910/etc/operations/ledgers/m0-t333-s1-redirector-source-abi-admission-ledger.tsv	6395	018e8f29e24479f96f716840291b9172fad9870f807f0855c4f0ff36d303330b
docs/etc/operations/m0-t333-s2-redirector-external-form-disposition-ledger.tsv	artifacts/documentation-archive/20260910/etc/operations/ledgers/m0-t333-s2-redirector-external-form-disposition-ledger.tsv	4234	214efa7e3d0ffd0d04372a6ea6e9ce13a9ae22d87747d59e0f87e3e5901174b0
docs/etc/operations/m0-t333-s5-redirector-network-assignment-disposition-ledger.tsv	artifacts/documentation-archive/20260910/etc/operations/ledgers/m0-t333-s5-redirector-network-assignment-disposition-ledger.tsv	4988	7e0fee2a00ed5ec60e9c3c57c9ff0885fb73a2a3a33c4f1268a62c8a043e0fdd
docs/etc/operations/m0-t334-s1-netapi-rap-physical-edge-ledger.tsv	artifacts/documentation-archive/20260910/etc/operations/ledgers/m0-t334-s1-netapi-rap-physical-edge-ledger.tsv	6193	d12a853b60537016c3754617a8b90cb2c87eb50bd8589d760eb13425a735c2ad
docs/etc/operations/m0-t335-s1-wow-source-profile-ledger.tsv	artifacts/documentation-archive/20260910/etc/operations/ledgers/m0-t335-s1-wow-source-profile-ledger.tsv	118265	d2c58aaa09fef69ca97f414b445384fa8318c2aba64a286727ca44a8b50babe0
docs/etc/operations/m0-t335-s2-wow-callback-frame-contract-ledger.tsv	artifacts/documentation-archive/20260910/etc/operations/ledgers/m0-t335-s2-wow-callback-frame-contract-ledger.tsv	5910	97b9216845d7c494e074a9c439331c2cc03dfae28b6b088873efcec9300b68f7
docs/etc/operations/m0-t335-s3-p2-wow-pointer-access-family-ledger.tsv	artifacts/documentation-archive/20260910/etc/operations/ledgers/m0-t335-s3-p2-wow-pointer-access-family-ledger.tsv	2221	1bd8708f02c69db9f8169ccd35503d837d5ebfc991a970f1f8c119a4b6d3b6e3
docs/etc/operations/m0-t335-s3-p5-wow-pointer-plane-source-usage-ledger.tsv	artifacts/documentation-archive/20260910/etc/operations/ledgers/m0-t335-s3-p5-wow-pointer-plane-source-usage-ledger.tsv	47286	9889915d3fe34e922a56bbb62e4b1a0bc40bdaf3b55f14d713966b19dbea7b9e
docs/etc/operations/m0-t336-s1-post-cmdsetinfo-cohort-ledger.tsv	artifacts/documentation-archive/20260910/etc/operations/ledgers/m0-t336-s1-post-cmdsetinfo-cohort-ledger.tsv	4604	d597008e35c3436d8d57c638de0d281f4326b708921586637a9561b4c069f8cd
docs/etc/operations/m0-t336-s2-cpu40-recursive-vector-recovery-ledger.tsv	artifacts/documentation-archive/20260910/etc/operations/ledgers/m0-t336-s2-cpu40-recursive-vector-recovery-ledger.tsv	1395	6c4b73113c9fefa01048d018dcf35e06dc623eacdcb6042f03e5f706cd21a4fd
docs/etc/operations/m0-t336-s3-fdc-int15-completion-cohort-ledger.tsv	artifacts/documentation-archive/20260910/etc/operations/ledgers/m0-t336-s3-fdc-int15-completion-cohort-ledger.tsv	2478	ee82405f2be10cf677cb92010d51e5953be127d49bdd265525f6e78cef145587
docs/etc/operations/m0-t336-s4-post-vector-terminal-attribution-ledger.tsv	artifacts/documentation-archive/20260910/etc/operations/ledgers/m0-t336-s4-post-vector-terminal-attribution-ledger.tsv	2293	55b425c17fb30d9eb11d92c14e13f43bad5893e71d8f179010b64814e145b28f
docs/etc/operations/m0-t337-s1-packaged-system-file-root-contract-ledger.tsv	artifacts/documentation-archive/20260910/etc/operations/ledgers/m0-t337-s1-packaged-system-file-root-contract-ledger.tsv	2706	a295866e2a46ed3f3327aa4d22d1fce4b2df11fc000e40f54cba2ecc93a2aa39
docs/etc/operations/m0-t338-s1-child-parent-return-precondition-ledger.tsv	artifacts/documentation-archive/20260910/etc/operations/ledgers/m0-t338-s1-child-parent-return-precondition-ledger.tsv	2049	ff4495f645361b629a0f4e3eb7e14d9990856a78c980e7c91c47a572f51deac8
docs/etc/operations/m0-t339-s1-guest-predecessor-contract-ledger.tsv	artifacts/documentation-archive/20260910/etc/operations/ledgers/m0-t339-s1-guest-predecessor-contract-ledger.tsv	6129	576df2f05b0085daee89e29ca4a4cbf6114cd1ce3ec267db245acb9ebc003a9e
docs/etc/operations/m0-t340-s1-resident-device-initialization-contract-ledger.tsv	artifacts/documentation-archive/20260910/etc/operations/ledgers/m0-t340-s1-resident-device-initialization-contract-ledger.tsv	7590	4307a4b0d0c6a0b86af340b05dfe82b7addf35383b683964b02409e0ead5bd4d
docs/etc/operations/m0-t340-s2-himem-softpc-xms-a20-int15-hma-contract-ledger.tsv	artifacts/documentation-archive/20260910/etc/operations/ledgers/m0-t340-s2-himem-softpc-xms-a20-int15-hma-contract-ledger.tsv	3704	c4e62b0492d8cab6c05a6c83beff6c9b5f5562801341b69c9a8d411f990f3736
docs/etc/operations/m0-t341-s1-vdd-owner-contract-ledger.tsv	artifacts/documentation-archive/20260910/etc/operations/ledgers/m0-t341-s1-vdd-owner-contract-ledger.tsv	8348	4f85bb3b1eda5f34b32e05b0d1a400e2ca22b98c824b92b897190b0dd96e80cb
docs/etc/operations/m0-t342-s1-debugger-bde-fax-owner-contract-ledger.tsv	artifacts/documentation-archive/20260910/etc/operations/ledgers/m0-t342-s1-debugger-bde-fax-owner-contract-ledger.tsv	4060	a28521637759924ba4d4798d0932fcaf7ddc3acde19ad92775b399f7c49995bc
docs/etc/operations/m0-t343-s1-broker-process-contract-ledger.tsv	artifacts/documentation-archive/20260910/etc/operations/ledgers/m0-t343-s1-broker-process-contract-ledger.tsv	3097	674f117374ba23d4951f924356ab11defc6b8bf5165057352531e918e7cd2d79
docs/etc/operations/m0-t343-s2-basesrv-record-message-contract-ledger.tsv	artifacts/documentation-archive/20260910/etc/operations/ledgers/m0-t343-s2-basesrv-record-message-contract-ledger.tsv	10364	e46569ce5647c76198d34593bbd1a8918de1557fa0d9a14ec90636afff659a62
docs/etc/operations/m0-t344-s1-state-owner-ledger.tsv	artifacts/documentation-archive/20260910/etc/operations/ledgers/m0-t344-s1-state-owner-ledger.tsv	7338	49895d5c437f24b82db6aeb11925fc387b238a2e64895f47b144cd67964caed0
docs/etc/operations/m0-t345-s1-dem-host-capability-mirror-binding-ledger.tsv	artifacts/documentation-archive/20260910/etc/operations/ledgers/m0-t345-s1-dem-host-capability-mirror-binding-ledger.tsv	3761	9093f20c376b22eb0810439df878310889456419245b388ca0c58ece340fb5f5
docs/etc/operations/m0-t345-s1-host-capability-owner-ledger.tsv	artifacts/documentation-archive/20260910/etc/operations/ledgers/m0-t345-s1-host-capability-owner-ledger.tsv	5479	ee56639f0850d7ebbbbd9b14e5064f69666f14cb7ecf78c695efe7a5ec7d6035
docs/etc/operations/m0-t346-s1-graphics-presentation-owner-ledger.tsv	artifacts/documentation-archive/20260910/etc/operations/ledgers/m0-t346-s1-graphics-presentation-owner-ledger.tsv	4776	db0ae996f487020b37d25b9bfc00c0d7b0e1c123692a8d7a52977e5cf8b75f8a
docs/etc/operations/m0-t348-s1-guest-artifact-matrix.tsv	artifacts/documentation-archive/20260910/etc/operations/ledgers/m0-t348-s1-guest-artifact-matrix.tsv	594463	29f304ed164e89a6bd780f28009987c4ecc94504b4a9de7ab6f52ad72b7338f1
docs/etc/operations/m0-t349-s1-mvdm-package-path-capacity-ledger.tsv	artifacts/documentation-archive/20260910/etc/operations/ledgers/m0-t349-s1-mvdm-package-path-capacity-ledger.tsv	3409	0bd11c28b346bca63d8e03001303e9f9739b9f65697dac12b8638e6f571a3fd4
docs/etc/operations/m0-t350-s1-post-cmdsetinfo-bootstrap-cohort-ledger.tsv	artifacts/documentation-archive/20260910/etc/operations/ledgers/m0-t350-s1-post-cmdsetinfo-bootstrap-cohort-ledger.tsv	2564	b2a1a760c86390ddbdbb17f5eabdd373b4853931fab74440292ed2ccc5296c2a
docs/etc/operations/m0-t351-s1-command-ntdos-bootstrap-owner-ledger.tsv	artifacts/documentation-archive/20260910/etc/operations/ledgers/m0-t351-s1-command-ntdos-bootstrap-owner-ledger.tsv	4185	c0c4aaa0269a4c19a3bccf3e24b9cbf272c31e222cc5757755094d30b64f277f
docs/etc/operations/m0-t352-s1-post-cmdsetinfo-owner-ledger.tsv	artifacts/documentation-archive/20260910/etc/operations/ledgers/m0-t352-s1-post-cmdsetinfo-owner-ledger.tsv	4007	7a6f3d0798e40019ba0308d0ca3957da7e24e78144e2675472d059e6bec7b6f9
docs/etc/operations/m0-t353-s1-post-cmdgetconfigsys-owner-ledger.tsv	artifacts/documentation-archive/20260910/etc/operations/ledgers/m0-t353-s1-post-cmdgetconfigsys-owner-ledger.tsv	4241	80f51e37ed55d58a091c7fcfd4eb65373335f31d9e1d7c4f44a4ec40568e1a3a
docs/etc/operations/m0-t353-s2-processconfig-continuation-ledger.tsv	artifacts/documentation-archive/20260910/etc/operations/ledgers/m0-t353-s2-processconfig-continuation-ledger.tsv	3253	2e9854b5426af736076b4754ec4a23ba3262e23195150d86d0d66cb218f95cd8
docs/etc/operations/m0-t354-s1-permanent-command-bootstrap-ledger.tsv	artifacts/documentation-archive/20260910/etc/operations/ledgers/m0-t354-s1-permanent-command-bootstrap-ledger.tsv	2271	6fc045eebf8c419e46f35b57680077c5668099be0a68c212ddfea1450a8a131f
docs/etc/operations/m0-t394-s1-adapter-ownership-ledger.tsv	artifacts/documentation-archive/20260910/etc/operations/ledgers/m0-t394-s1-adapter-ownership-ledger.tsv	7651	40bccc5c889a76b18ecd90d2a87041ad12d13896959d4af4c4f418877cf35362
docs/etc/operations/mvdm-build-profile-ledger.tsv	artifacts/documentation-archive/20260910/etc/operations/ledgers/mvdm-build-profile-ledger.tsv	9906	d398cbc25da5aa521b012ada9429a303f0365e3095c5a165033c34261ca8b070
docs/etc/operations/mvdm-current-route-reversion-ledger.tsv	artifacts/documentation-archive/20260910/etc/operations/ledgers/mvdm-current-route-reversion-ledger.tsv	1735	d968bfb36dfb8459eb3dcf4a87473a5cb14ecfbb8634a726c4915f13739480b9
docs/etc/operations/mvdm-degree-audit-supersession-ledger.tsv	artifacts/documentation-archive/20260910/etc/operations/ledgers/mvdm-degree-audit-supersession-ledger.tsv	1391	52caba1bb9b6407a41aafadd229b523fda4a6eb586bbcf6e41fff5548ac56ef2
docs/etc/operations/mvdm-divergence-exclusion-ledger.tsv	artifacts/documentation-archive/20260910/etc/operations/ledgers/mvdm-divergence-exclusion-ledger.tsv	1690	02a652eb50ffcc0da7a7f138b4650ea1962514cdfab5ce19f2d2c8438aa97d1d
docs/etc/operations/mvdm-file-recovery-ledger.tsv	artifacts/documentation-archive/20260910/etc/operations/ledgers/mvdm-file-recovery-ledger.tsv	1518639	d95249afdae9196425eb38450a47daaa0afabddad4a5ca4c2b9d17040a9a90dc
docs/etc/operations/mvdm-first-degree-disposition-ledger.tsv	artifacts/documentation-archive/20260910/etc/operations/ledgers/mvdm-first-degree-disposition-ledger.tsv	5607103	cea428081edfdcf587921ecc46f6e92591e12155ad5cb870dbcae5c2da7818b0
docs/etc/operations/mvdm-first-degree-function-candidate-ledger.tsv	artifacts/documentation-archive/20260910/etc/operations/ledgers/mvdm-first-degree-function-candidate-ledger.tsv	1402429	cf1909b95972b50a438228b6c5f2ad2d87bb7dc4321c63d9d963f7d270fcf3a3
docs/etc/operations/mvdm-first-degree-prior-second-reclassification-ledger.tsv	artifacts/documentation-archive/20260910/etc/operations/ledgers/mvdm-first-degree-prior-second-reclassification-ledger.tsv	138	841a493fc5fd9a0ad1cb1deeab0735ebf7bedd43824bd82fea7a0c3d6550f109
docs/etc/operations/mvdm-first-degree-rebased-boundary-ledger.tsv	artifacts/documentation-archive/20260910/etc/operations/ledgers/mvdm-first-degree-rebased-boundary-ledger.tsv	3933824	f0bca3b531ff56b73614fa4597d2f5eecf6811e9d6ab5551de70dd9866ac68bc
docs/etc/operations/mvdm-first-degree-rebased-global-source-map-ledger.tsv	artifacts/documentation-archive/20260910/etc/operations/ledgers/mvdm-first-degree-rebased-global-source-map-ledger.tsv	2795957	e4345a40b54fe13d50a40a36f6fb174f7b8bb5764a6318d911256b77ba1b60cc
docs/etc/operations/mvdm-first-degree-rebaselined-boundary-ledger.tsv	artifacts/documentation-archive/20260910/etc/operations/ledgers/mvdm-first-degree-rebaselined-boundary-ledger.tsv	3366650	ce1421fd84b9afe19939da342828afc5740b1cc30f63588db324d5b32eac4ab5
docs/etc/operations/mvdm-first-degree-rebaselined-caller-include-frontier-ledger.tsv	artifacts/documentation-archive/20260910/etc/operations/ledgers/mvdm-first-degree-rebaselined-caller-include-frontier-ledger.tsv	1693128	8da38e6ecb6dd1909ab08ade0b39aee2827eb0e9ce320cb05713c0e8f7285b48
docs/etc/operations/mvdm-first-degree-rebaselined-call-resolution-ledger.tsv	artifacts/documentation-archive/20260910/etc/operations/ledgers/mvdm-first-degree-rebaselined-call-resolution-ledger.tsv	45894145	96423d06709b856ff937f065dbc9fa6d68ff3db838ec956bc066392ad763aefb
docs/etc/operations/mvdm-first-degree-rebaselined-declaration-frontier-ledger.tsv	artifacts/documentation-archive/20260910/etc/operations/ledgers/mvdm-first-degree-rebaselined-declaration-frontier-ledger.tsv	1592727	82aad629685b844d95b9cb75fdae4c3b9804409ff3c558f2eb44a35699173d3a
docs/etc/operations/mvdm-first-degree-rebaselined-declaration-shape-ledger.tsv	artifacts/documentation-archive/20260910/etc/operations/ledgers/mvdm-first-degree-rebaselined-declaration-shape-ledger.tsv	2549569	c8b5a587fe3fe99762da667925782d4cd4197bffd60db864097fc50091ab344d
docs/etc/operations/mvdm-first-degree-rebaselined-definition-candidate-crosswalk-ledger.tsv	artifacts/documentation-archive/20260910/etc/operations/ledgers/mvdm-first-degree-rebaselined-definition-candidate-crosswalk-ledger.tsv	200481	a686de255a343c63952cc544daf1e9b3dd9f482fe3b194b57d40b280e708961d
docs/etc/operations/mvdm-first-degree-rebaselined-definition-candidate-ledger.tsv	artifacts/documentation-archive/20260910/etc/operations/ledgers/mvdm-first-degree-rebaselined-definition-candidate-ledger.tsv	1108158	53ea8d16315d98e2f3e5cd5e33e3a5402f44949a62022fe39ce24875c4af312c
docs/etc/operations/mvdm-first-degree-rebaselined-full-mvdm-boundary-gate-ledger.tsv	artifacts/documentation-archive/20260910/etc/operations/ledgers/mvdm-first-degree-rebaselined-full-mvdm-boundary-gate-ledger.tsv	4842542	0a85c2b6f0fc2ed8d08893ff243c9ac555fec5f57124dba8d342108c9b88eaad
docs/etc/operations/mvdm-first-degree-rebaselined-full-mvdm-signature-gate-ledger.tsv	artifacts/documentation-archive/20260910/etc/operations/ledgers/mvdm-first-degree-rebaselined-full-mvdm-signature-gate-ledger.tsv	203414	27d77f1c7634591143eac1de2d3d64c72bd6ae406acbaa3231a5b4f213e0a0fb
docs/etc/operations/mvdm-first-degree-rebaselined-include-frontier-ledger.tsv	artifacts/documentation-archive/20260910/etc/operations/ledgers/mvdm-first-degree-rebaselined-include-frontier-ledger.tsv	2490298	718e63ebb8c909b1fe59ae39a474c74b8c3d1997b81e3b11848001e01944d9db
docs/etc/operations/mvdm-first-degree-rebaselined-mvdm-binding-gate-ledger.tsv	artifacts/documentation-archive/20260910/etc/operations/ledgers/mvdm-first-degree-rebaselined-mvdm-binding-gate-ledger.tsv	212282	e312da6d9d6429df7c6e165ba54b1d66202dffa2b30033c3034a6107af72ea76
docs/etc/operations/mvdm-first-degree-rebaselined-mvdm-definition-form-candidate-ledger.tsv	artifacts/documentation-archive/20260910/etc/operations/ledgers/mvdm-first-degree-rebaselined-mvdm-definition-form-candidate-ledger.tsv	25305	6dae95100db240edf1a9cac83b3fd92b3a6ea9d2cc8b9a0a64f74f6894f21501
docs/etc/operations/mvdm-first-degree-rebaselined-mvdm-signature-gate-ledger.tsv	artifacts/documentation-archive/20260910/etc/operations/ledgers/mvdm-first-degree-rebaselined-mvdm-signature-gate-ledger.tsv	100157	b2a9af9dee6b1ff7c0d269a73631798d9294f04dedaf03d73eab2e5236d5c863
docs/etc/operations/mvdm-first-degree-rebaselined-no-declaration-category-ledger.tsv	artifacts/documentation-archive/20260910/etc/operations/ledgers/mvdm-first-degree-rebaselined-no-declaration-category-ledger.tsv	5429749	4274326d906ded6e56c9d80db8c541cee40196010d6e992f3c8383113b9b53e5
docs/etc/operations/mvdm-first-degree-rebaselined-prior-definition-identity-ledger.tsv	artifacts/documentation-archive/20260910/etc/operations/ledgers/mvdm-first-degree-rebaselined-prior-definition-identity-ledger.tsv	119	ecab3b8aecc4d550410b9086b086dfe19a35c94db3c61f78e620c5cc7ce1351b
docs/etc/operations/mvdm-first-degree-rebaselined-worklist-ledger.tsv	artifacts/documentation-archive/20260910/etc/operations/ledgers/mvdm-first-degree-rebaselined-worklist-ledger.tsv	4280350	951f07bc8ff1ff1b6ab0a9c5dbd6e1d4ff0c07e6f1696396ace74fafe3892ed5
docs/etc/operations/mvdm-host-first-degree-call-implementation-ledger.tsv	artifacts/documentation-archive/20260910/etc/operations/ledgers/mvdm-host-first-degree-call-implementation-ledger.tsv	996995	152325d0d1a41d9be54f1094bc69ee1956368b529c03e47f9d9ca881f5a3fad1
docs/etc/operations/mvdm-host-first-degree-call-resolution-ledger.tsv	artifacts/documentation-archive/20260910/etc/operations/ledgers/mvdm-host-first-degree-call-resolution-ledger.tsv	66	37f26a92864e26f58deaa669742ed2f7337d9599fa69abac1a77f7209d580ec7
docs/etc/operations/mvdm-host-first-degree-candidate-ledger.tsv	artifacts/documentation-archive/20260910/etc/operations/ledgers/mvdm-host-first-degree-candidate-ledger.tsv	1114907	48d7da2bcd680eb661663398bfaedd7a1e99522e5b114f430ffe445bdf50e636
docs/etc/operations/mvdm-host-first-degree-canonical-interface-ledger.tsv	artifacts/documentation-archive/20260910/etc/operations/ledgers/mvdm-host-first-degree-canonical-interface-ledger.tsv	348899	99822c180bc55af5d72bdc9549d97842348f98028d60a4fe83bb34120d144ae4
docs/etc/operations/mvdm-host-first-degree-canonical-resolution-ledger.tsv	artifacts/documentation-archive/20260910/etc/operations/ledgers/mvdm-host-first-degree-canonical-resolution-ledger.tsv	487105	5edcf356a3b7ab34437b566e4f4e70d55020516be2b5492030fa127ff585e3cd
docs/etc/operations/mvdm-host-first-degree-definition-ledger.tsv	artifacts/documentation-archive/20260910/etc/operations/ledgers/mvdm-host-first-degree-definition-ledger.tsv	61741	c1a176f7a3a5d6486abe7afa6097cd4e58aac3fb50e5dcc951eb6db2b556c69b
docs/etc/operations/mvdm-host-first-degree-include-frontier-ledger.tsv	artifacts/documentation-archive/20260910/etc/operations/ledgers/mvdm-host-first-degree-include-frontier-ledger.tsv	2455310	a3cd217a4665f1c4d05ecfde7003b212c07aa814053bcd6de49c91cd04f8fae1
docs/etc/operations/mvdm-host-first-degree-original-definition-ledger.tsv	artifacts/documentation-archive/20260910/etc/operations/ledgers/mvdm-host-first-degree-original-definition-ledger.tsv	103770	1b94ea5e5c207d0c7047657c6f4d05d2b8ace289a8927add18b2683e8431d78f
docs/etc/operations/mvdm-host-first-degree-original-resolution-ledger.tsv	artifacts/documentation-archive/20260910/etc/operations/ledgers/mvdm-host-first-degree-original-resolution-ledger.tsv	249482	76a134a0e84bad6843d1a635b7db5f728006dc7122881f82597a04c8b90b0f02
docs/etc/operations/mvdm-host-first-degree-resolution-ledger.tsv	artifacts/documentation-archive/20260910/etc/operations/ledgers/mvdm-host-first-degree-resolution-ledger.tsv	1377668	055c77c49b6d1f15e23930f98f2a0dfec392f92184535e0da7f93eed68b1cd2f
docs/etc/operations/mvdm-host-first-degree-source-coverage-ledger.tsv	artifacts/documentation-archive/20260910/etc/operations/ledgers/mvdm-host-first-degree-source-coverage-ledger.tsv	2283	abbf91011650deb492901f7cdf7b08814ff3c426dbd1da2730696164c1d097af
docs/etc/operations/mvdm-host-package-boundary-ledger.tsv	artifacts/documentation-archive/20260910/etc/operations/ledgers/mvdm-host-package-boundary-ledger.tsv	7671	7ef363aa4a308eff6e92d81dc416589774539c0c62d06e233f083bc929c060d7
docs/etc/operations/mvdm-host-second-degree-candidate-ledger.tsv	artifacts/documentation-archive/20260910/etc/operations/ledgers/mvdm-host-second-degree-candidate-ledger.tsv	183666	556a3fe78b7fcbedd45b949bf4e0d3b7f9904ba95c335e93eebfe020a2dadfc0
docs/etc/operations/mvdm-host-second-degree-initial-candidate-ledger.tsv	artifacts/documentation-archive/20260910/etc/operations/ledgers/mvdm-host-second-degree-initial-candidate-ledger.tsv	235798	8c2dd7aa5854dc7b2d1c9262ac908616d565ee6603d519e4555e9095f3636721
docs/etc/operations/mvdm-host-zero-degree-call-resolution-ledger.tsv	artifacts/documentation-archive/20260910/etc/operations/ledgers/mvdm-host-zero-degree-call-resolution-ledger.tsv	168070	1399d2fe0d74a7b437bb246995f90cebb78a004682595ddbef88441d270c09ae
docs/etc/operations/mvdm-host-zero-degree-canonical-definition-ledger.tsv	artifacts/documentation-archive/20260910/etc/operations/ledgers/mvdm-host-zero-degree-canonical-definition-ledger.tsv	4534492	a35664225c482e55f228b1af16c6fe51e90e096ee208c0d9e087e537a71bade5
docs/etc/operations/mvdm-host-zero-degree-canonical-group-ledger.tsv	artifacts/documentation-archive/20260910/etc/operations/ledgers/mvdm-host-zero-degree-canonical-group-ledger.tsv	2513134	c072776d86ced9ef3e95f5f571d0b3e6b2f165c631a38caec824384ac9901b37
docs/etc/operations/mvdm-host-zero-degree-definition-ledger.tsv	artifacts/documentation-archive/20260910/etc/operations/ledgers/mvdm-host-zero-degree-definition-ledger.tsv	8367679	6e98774465aaf3937a45dcb8a908de1dbc80fe1ea38682c22dd448dc3f6b8aa2
docs/etc/operations/mvdm-host-zero-degree-source-coverage-ledger.tsv	artifacts/documentation-archive/20260910/etc/operations/ledgers/mvdm-host-zero-degree-source-coverage-ledger.tsv	151557	5fc2cb936e7bb13554a8c659a89e052cd6f70012d72a50e626700ee6743f241b
docs/etc/operations/mvdm-interface-recovery-ledger.tsv	artifacts/documentation-archive/20260910/etc/operations/ledgers/mvdm-interface-recovery-ledger.tsv	3878710	6d15921886a93ee798ad3e60150d360e571560c8eadd978c7617eacfd6ca86f3
docs/etc/operations/mvdm-package-dependency-ledger.tsv	artifacts/documentation-archive/20260910/etc/operations/ledgers/mvdm-package-dependency-ledger.tsv	5884	0ed0d6ea5ac7b181ae67f7d95449f09c90d411a1a00fde4194ac403ce90d4e0e
docs/etc/operations/mvdm-project-definition-identity-ledger.tsv	artifacts/documentation-archive/20260910/etc/operations/ledgers/mvdm-project-definition-identity-ledger.tsv	4014686	e416474e88fa3d02aecf01be69af6bb934ed0c1a9766be45a67fc5db881cfe28
docs/etc/operations/mvdm-project-mirror-identity-exception-ledger.tsv	artifacts/documentation-archive/20260910/etc/operations/ledgers/mvdm-project-mirror-identity-exception-ledger.tsv	3863	1b2587fda858f8dde8921be66fc3f91189dad698f26b2e63dab673dbb96d1384
docs/etc/operations/mvdm-project-mirror-source-divergence-ledger.tsv	artifacts/documentation-archive/20260910/etc/operations/ledgers/mvdm-project-mirror-source-divergence-ledger.tsv	94	29d9f4708ca4bc8b4a97183ce46205d0bea953b3a6cb8d6892ab057ae3ae5bf4
docs/etc/operations/mvdm-zero-degree-ambiguous-internal-call-ledger.tsv	artifacts/documentation-archive/20260910/etc/operations/ledgers/mvdm-zero-degree-ambiguous-internal-call-ledger.tsv	105	233a45d1283c9a0c0c43496f2019c669bcceaa729e6dc6729a0b30275acab681
docs/etc/operations/mvdm-zero-degree-call-closure-ledger.tsv	artifacts/documentation-archive/20260910/etc/operations/ledgers/mvdm-zero-degree-call-closure-ledger.tsv	4713704	5df035a12cc06f3d29b4237deb15bbd95f6ebb3835fd309b8e6bdc6208070213
docs/etc/operations/mvdm-zero-degree-continuity-admission-ledger.tsv	artifacts/documentation-archive/20260910/etc/operations/ledgers/mvdm-zero-degree-continuity-admission-ledger.tsv	48	e92838a9c166d447cc613860370efed1378b68201e6b5277c2e9a3cde077125d
docs/etc/operations/mvdm-zero-degree-directory-exclusion-ledger.tsv	artifacts/documentation-archive/20260910/etc/operations/ledgers/mvdm-zero-degree-directory-exclusion-ledger.tsv	2943	e2e3110da8a58e66c9fd0b3ce7c1a63cf1166b4e1068cb839c5ddd308460d405
docs/etc/operations/mvdm-zero-degree-legality-exception-ledger.tsv	artifacts/documentation-archive/20260910/etc/operations/ledgers/mvdm-zero-degree-legality-exception-ledger.tsv	186	43ef863e858a3eea0188b07909ecac31dd3ec3faab06f5944e7d28ca7277ff2a
docs/etc/operations/mvdm-zero-degree-legality-ledger.tsv	artifacts/documentation-archive/20260910/etc/operations/ledgers/mvdm-zero-degree-legality-ledger.tsv	5332242	840e03b28e56c60c967f7d53a53973fc40a06553ac5fa1a4982fe5d768123988
docs/etc/operations/mvdm-zero-degree-prior-first-reclassification-ledger.tsv	artifacts/documentation-archive/20260910/etc/operations/ledgers/mvdm-zero-degree-prior-first-reclassification-ledger.tsv	100	6cad3dc54758a28c6905f2a10362902d751f8e51dcf1de007c31fb980dd16e3a
docs/etc/operations/mvdm-zero-degree-rebase-admitted-definition-ledger.tsv	artifacts/documentation-archive/20260910/etc/operations/ledgers/mvdm-zero-degree-rebase-admitted-definition-ledger.tsv	21476	996c4bafdc185d7ff5ef0f36de974c41fcf2ce97e23a528e5c362c03f7b0f21a
docs/etc/operations/mvdm-zero-degree-rebase-expansion-definition-ledger.tsv	artifacts/documentation-archive/20260910/etc/operations/ledgers/mvdm-zero-degree-rebase-expansion-definition-ledger.tsv	19581	76cec11730dfe556c13f9717ca2fe2de8077180b43d82c561831bb6c374e1500
docs/etc/operations/mvdm-zero-degree-rebase-expansion-edge-gate-ledger.tsv	artifacts/documentation-archive/20260910/etc/operations/ledgers/mvdm-zero-degree-rebase-expansion-edge-gate-ledger.tsv	73382	fcfc0bbbfab30176a578e3e00b836bc20fac96134f2eb5ec96ed784f7cab32d7
docs/etc/operations/mvdm-zero-degree-rebase-expansion-edge-ledger.tsv	artifacts/documentation-archive/20260910/etc/operations/ledgers/mvdm-zero-degree-rebase-expansion-edge-ledger.tsv	259255	a748d796eb313dad756cbf7838dc78df081ad03673c2ef9c03e89171ee84e490
docs/etc/operations/mvdm-zero-degree-rebase-expansion-unparsed-body-ledger.tsv	artifacts/documentation-archive/20260910/etc/operations/ledgers/mvdm-zero-degree-rebase-expansion-unparsed-body-ledger.tsv	338	26da36b9e6c48a7751534bb562a5221887403c76b378def0dce6aa0215d06931
docs/etc/operations/mvdm-zero-degree-root-exclusion-ledger.tsv	artifacts/documentation-archive/20260910/etc/operations/ledgers/mvdm-zero-degree-root-exclusion-ledger.tsv	89789	bc6bbb1dfbff4533160e0ac9b6e125288aab3b08feba13d841841c780662ba19
docs/etc/operations/mvdm-zero-degree-variant-family-ledger.tsv	artifacts/documentation-archive/20260910/etc/operations/ledgers/mvdm-zero-degree-variant-family-ledger.tsv	3081350	2188f97e173b53a1a5e96e075fc0641fb8569541a2bb9a30a1e66d074ce8ccff
docs/etc/operations/one-ledger1.tsv	artifacts/documentation-archive/20260910/etc/operations/ledgers/one-ledger1.tsv	5294007	1fa48e481ec9d8cc0e91b301b7c65e0a0c7965aef4a1449798a1958324c2a9df
docs/etc/operations/one-ledger1-caller-include-frontier.tsv	artifacts/documentation-archive/20260910/etc/operations/ledgers/one-ledger1-caller-include-frontier.tsv	8513975	7962ee2c2330e5deebe320864b5d2d848b7792a5c365b1b0b5994efedd0b4598
docs/etc/operations/one-ledger1-declaration-binding-ledger.tsv	artifacts/documentation-archive/20260910/etc/operations/ledgers/one-ledger1-declaration-binding-ledger.tsv	10143979	59066eac8e75752a98df79908e94e4af8fd251de928d80e139e7c6d7c6c89df8
docs/etc/operations/one-ledger1-definition-candidate-ledger.tsv	artifacts/documentation-archive/20260910/etc/operations/ledgers/one-ledger1-definition-candidate-ledger.tsv	5719684	dd9b8694dda84ba0a678cacb7d458a1cb5f04865a36b3b2cb656ca6e7d9ed7c0
docs/etc/operations/one-ledger1-definition-resolution.tsv	artifacts/documentation-archive/20260910/etc/operations/ledgers/one-ledger1-definition-resolution.tsv	4296188	31d91e40bc905508710a9867372a23e1a870b83cbb4f40d8ac8b6bdad2e96df0
docs/etc/operations/one-ledger1-signature-gate.tsv	artifacts/documentation-archive/20260910/etc/operations/ledgers/one-ledger1-signature-gate.tsv	199474	224dd075d6f3610807b34762c2d38e362a585133e0bf8b3edc62f8b5a461c4d7
docs/etc/operations/one-ledger1-unparsed-zero-body-ledger.tsv	artifacts/documentation-archive/20260910/etc/operations/ledgers/one-ledger1-unparsed-zero-body-ledger.tsv	994	26d0ca58c10b7adc7b9e71d2fe677e0cadfb9f54113d915fd4860cd484d3e687
docs/etc/operations/opennt-kernel-vdm-contract-file-ledger.tsv	artifacts/documentation-archive/20260910/etc/operations/ledgers/opennt-kernel-vdm-contract-file-ledger.tsv	15572	6c46e6fc144590760f3873eaf4eecafb77a1d8628ae86cd04dd693196a14b790
docs/etc/operations/opennt-kernel-vdm-operation-ledger.tsv	artifacts/documentation-archive/20260910/etc/operations/ledgers/opennt-kernel-vdm-operation-ledger.tsv	4211	8ee845dcdeca5724c6142737b94e80fd53ecb687008d31c585c71cc88b9ba8cf
docs/etc/operations/opennt-non-mvdm-dependency-bfs-ledger.tsv	artifacts/documentation-archive/20260910/etc/operations/ledgers/opennt-non-mvdm-dependency-bfs-ledger.tsv	9747	bde4a56903075ca8cb7b7a1c2afd6b578fc24fe13ab87d680f4068cdcc038a76
docs/etc/operations/opennt-non-mvdm-package-boundary-ledger.tsv	artifacts/documentation-archive/20260910/etc/operations/ledgers/opennt-non-mvdm-package-boundary-ledger.tsv	8072	2bfeafb34b5cf49d4abd8dd5002758eeab17cb6b9ee2d55c248a0a70f6382e36
docs/etc/operations/opennt-non-mvdm-stage1-build-edge-ledger.tsv	artifacts/documentation-archive/20260910/etc/operations/ledgers/opennt-non-mvdm-stage1-build-edge-ledger.tsv	48689	642729b9b788e9990b8487bbad0d8637034fc5dca1ebf2b0114fba3a549de889
docs/etc/operations/opennt-non-mvdm-stage1-call-edge-ledger.tsv	artifacts/documentation-archive/20260910/etc/operations/ledgers/opennt-non-mvdm-stage1-call-edge-ledger.tsv	1338197	0e48c322dac11eb95576681c36c07f14ed23358a0b959896bc51fcc82cc73866
docs/etc/operations/opennt-non-mvdm-stage1-extern-data-ledger.tsv	artifacts/documentation-archive/20260910/etc/operations/ledgers/opennt-non-mvdm-stage1-extern-data-ledger.tsv	387657	64add69c2a1ce1c39f14b289a26cd0c377fd8418b67208c9c3188ba5ed6c7d04
docs/etc/operations/opennt-non-mvdm-stage1-file-closure-ledger.tsv	artifacts/documentation-archive/20260910/etc/operations/ledgers/opennt-non-mvdm-stage1-file-closure-ledger.tsv	22906	2a1ddc6e9b89a52413d69b7e57ba1994e4324ab3f9a58456a1fce9af4850d529
docs/etc/operations/opennt-non-mvdm-stage1-function-closure-ledger.tsv	artifacts/documentation-archive/20260910/etc/operations/ledgers/opennt-non-mvdm-stage1-function-closure-ledger.tsv	1032579	92eb67202d916095413b3147b93c2c68ad8ac9571d358014dcfc5510d64e4439
docs/etc/operations/opennt-non-mvdm-stage1-include-edge-ledger.tsv	artifacts/documentation-archive/20260910/etc/operations/ledgers/opennt-non-mvdm-stage1-include-edge-ledger.tsv	268808	ab4bc9b7ec0113a1a95017f059415367887ea50b6629856f8a1b635167fb3f1b
docs/etc/operations/opennt-non-mvdm-stage1-invocation-ledger.tsv	artifacts/documentation-archive/20260910/etc/operations/ledgers/opennt-non-mvdm-stage1-invocation-ledger.tsv	19871694	9a16b1ab0ee39a66baabfe3698c862caecada575d97d8b9658e848db0cc021b4
docs/etc/operations/opennt-non-mvdm-stage1-invocation-symbol-ledger.tsv	artifacts/documentation-archive/20260910/etc/operations/ledgers/opennt-non-mvdm-stage1-invocation-symbol-ledger.tsv	1975041	501efebb2a9e0fbfc3b16e26b58dc0100c8ff134b2321a335474fcc8bcc29e42
docs/etc/operations/opennt-non-mvdm-stage1-semantic-site-ledger.tsv	artifacts/documentation-archive/20260910/etc/operations/ledgers/opennt-non-mvdm-stage1-semantic-site-ledger.tsv	21320774	e4d4936ec2f7aec51e360c39daff960b2e451c3f54be28a992e8e1ad52c3d524
docs/etc/operations/opennt-non-mvdm-stage1-semantic-symbol-ledger.tsv	artifacts/documentation-archive/20260910/etc/operations/ledgers/opennt-non-mvdm-stage1-semantic-symbol-ledger.tsv	1175311	0c281cd8ee4d7b225919ef6af7dba0105343be4c691b31725a34b22302c5bdec
docs/etc/operations/opennt-non-mvdm-stage1-true-egress-ledger.tsv	artifacts/documentation-archive/20260910/etc/operations/ledgers/opennt-non-mvdm-stage1-true-egress-ledger.tsv	918602	a537d68f8d63655fb89e98701058fa4f394b5924ef40d2dbc78f2e03d1f3b57b
docs/etc/operations/zero-ledger0.tsv	artifacts/documentation-archive/20260910/etc/operations/ledgers/zero-ledger0.tsv	5627994	ff67fb3bcb47ed3640f99121b515bc6b1e009ff2376ab41a11b0decf5799e2b3
docs/etc/operations/zero-ledger1.tsv	artifacts/documentation-archive/20260910/etc/operations/ledgers/zero-ledger1.tsv	1840794	e5870dc7902984fa20949e56bf4222f86dfe8d41dd923f4853a9dc5b872360d2
docs/etc/operations/zero-ledger1-softpc-disposition-ledger.tsv	artifacts/documentation-archive/20260910/etc/operations/ledgers/zero-ledger1-softpc-disposition-ledger.tsv	6319733	002247b162243698667ba424177174cecd384df5b7beb169cfde9b55a906a42c
docs/etc/operations/zero-ledger1-softpc-exclusion-ledger.tsv	artifacts/documentation-archive/20260910/etc/operations/ledgers/zero-ledger1-softpc-exclusion-ledger.tsv	5946114	1f9540ef1e6e107960b69340bc1051c9a9e9dc7ea8a533984e5171239abd069d
docs/etc/research/adapter-bios-selector-map-v1.md	artifacts/documentation-archive/20260910/etc/research/adapter-bios-selector-map-v1.md	1831	dfa75c5450c2dd7ed39e08c4d4db37fdf4e4d13ec5bcd3ec7f773ac7af79ae66
docs/etc/research/adapter-bop-selector-probe-v1.md	artifacts/documentation-archive/20260910/etc/research/adapter-bop-selector-probe-v1.md	1169	f9311e4717ad1a44dbc0fbd6fc4f2a09ec86aa20e02b110787c5145a03a9f4c8
docs/etc/research/adapter-external-intrusion-exceptions.md	artifacts/documentation-archive/20260910/etc/research/adapter-external-intrusion-exceptions.md	139598	a2bfd1dca5b9e1a517a8f639031a315567ead062eded38101ef45eda9b5e2d39
docs/etc/research/adapter-host-service-catalog-v1.md	artifacts/documentation-archive/20260910/etc/research/adapter-host-service-catalog-v1.md	1204	78286fabca48a2066f7296c6e35e6c5ed5f7b55c54bebe2453e798963df294e5
docs/etc/research/adapter-host-service-plane-v1.md	artifacts/documentation-archive/20260910/etc/research/adapter-host-service-plane-v1.md	1660	cece5c837bb222ff7301d70db2381d942c55723d49bb0b762c7b46edf2d9eaf8
docs/etc/research/adapter-host-session-v1.md	artifacts/documentation-archive/20260910/etc/research/adapter-host-session-v1.md	1585	c7a4ea4e1476f4a87001ed9a9e3ee7ff9f36a39597da45cbd8664cf89c4310fd
docs/etc/research/adapter-host-transaction-abi-v1.md	artifacts/documentation-archive/20260910/etc/research/adapter-host-transaction-abi-v1.md	1591	979dbc827af2c09985fdccea8b271f77ef82089e799e8e148a7c71bb692a53fe
docs/etc/research/adapter-machine-profile-observation-abi-v1.md	artifacts/documentation-archive/20260910/etc/research/adapter-machine-profile-observation-abi-v1.md	3099	eef80b7ef338f02730b7bd3a153f779257d2258e50c84fdd32ee38da537a1e08
docs/etc/research/adapter-observation-transaction-abi-v1.md	artifacts/documentation-archive/20260910/etc/research/adapter-observation-transaction-abi-v1.md	2741	fd6d5e6e478c921a957e0d573c7349217e6012f613e0937705cf8dee6ca02280
docs/etc/research/adapter-pending-operation-lifecycle-v1.md	artifacts/documentation-archive/20260910/etc/research/adapter-pending-operation-lifecycle-v1.md	2786	0abbb91b4df99d4a4fde1e87fcd4fe5a6d5592ef9e231ef60130cfbae5cb8478
docs/etc/research/adapter-r11-object-closure.md	artifacts/documentation-archive/20260910/etc/research/adapter-r11-object-closure.md	2060	90d7a4b681cd48fd4a1e7c27fe7a948dcc1cc9d715fbbe69b34d8a50bcb400f2
docs/etc/research/adapter-r12-runtime-fixture.md	artifacts/documentation-archive/20260910/etc/research/adapter-r12-runtime-fixture.md	2570	b34bd94cf043d8eb910c04febe99f4c339df5cfcaa16cee949c5bfc0e3aec54b
docs/etc/research/adapter-r13-ordinary-ram-observation.md	artifacts/documentation-archive/20260910/etc/research/adapter-r13-ordinary-ram-observation.md	1832	fbb70d14bc07fa11c03caee9a8c78d8079309e8cc121fa7a5b671c5881100338
docs/etc/research/adapter-r14-profile-observation-object-closure.md	artifacts/documentation-archive/20260910/etc/research/adapter-r14-profile-observation-object-closure.md	3993	45f23868f7aeef2ad82ab5f6075c82641d3e8ddb2e97821a4c4dfa9606450430
docs/etc/research/adapter-r15-passive-observation-fixture.md	artifacts/documentation-archive/20260910/etc/research/adapter-r15-passive-observation-fixture.md	3260	433c45df80ba1ce9da5573591d4f85a2990a9b873df5f1f587f3e7db22eebac5
docs/etc/research/adapter-r16-stock-firmware-bda-probe.md	artifacts/documentation-archive/20260910/etc/research/adapter-r16-stock-firmware-bda-probe.md	2859	cc80b7882dede4b4477ac5ce42e7f2a05563252781443c59bf959e0c6841fe7b
docs/etc/research/adapter-r17-stock-firmware-startup-snapshot.md	artifacts/documentation-archive/20260910/etc/research/adapter-r17-stock-firmware-startup-snapshot.md	2324	8ef5249f5b24b36f76b9072fe87e4f362e75acb4a296686b3d813184f9a67ea7
docs/etc/research/adapter-r18-first-prefix-input-admission.md	artifacts/documentation-archive/20260910/etc/research/adapter-r18-first-prefix-input-admission.md	3202	615afde959d8a330481eaf68b9e6f5deede12102a40ed3b19270dbaf29ae9851
docs/etc/research/adapter-r18-startup-snapshot-evidence-export.md	artifacts/documentation-archive/20260910/etc/research/adapter-r18-startup-snapshot-evidence-export.md	3279	4ca5ca80a319fa9918360c5149b90287c976e12946d2aabde55a0d51f2d6aa75
docs/etc/research/adapter-session-resource-abi-v1.md	artifacts/documentation-archive/20260910/etc/research/adapter-session-resource-abi-v1.md	1227	681478a3800cd33f4bafaaca4db36cf19b5576c423244b4cae29a66e82668008
docs/etc/research/adapter-startup-snapshot-abi-v1.md	artifacts/documentation-archive/20260910/etc/research/adapter-startup-snapshot-abi-v1.md	2111	f39336cd776c0d19b31552c3c22ee443529e6c14572fb5db0e251216156f4c16
docs/etc/research/bochs-26-backend-adoption.md	artifacts/documentation-archive/20260910/etc/research/bochs-26-backend-adoption.md	3623	78c6677d311d9efe63d831ebe69a2b0dad19c104d0e85b4d6914fd96faec4f49
docs/etc/research/bochs-26-minimum-mechanics-closure.md	artifacts/documentation-archive/20260910/etc/research/bochs-26-minimum-mechanics-closure.md	30222	9a75cec1c2918f2fff4fd2df054c6e4e76946c31c7d3381bbdb1875bd0e96add
docs/etc/research/bochs-26-native-bare-machine-container.md	artifacts/documentation-archive/20260910/etc/research/bochs-26-native-bare-machine-container.md	9626	7697f3bb50c512cde20c46b90036e25c4c4736bd19561caba6e9437b6aaa4d00
docs/etc/research/bochs-engine-startup-closure.md	artifacts/documentation-archive/20260910/etc/research/bochs-engine-startup-closure.md	3044	57aecef5cd642566ef692f57be93712d978df20a0ebfc69dda49254b0c61e466
docs/etc/research/bochs-first-opennt-owner-closure-decision.md	artifacts/documentation-archive/20260910/etc/research/bochs-first-opennt-owner-closure-decision.md	5160	5986885dd540dfde47429d6f78d432fb08779ffc37a64bb92a9f6b37fd59b9f3
docs/etc/research/bochs-guest-memory-seam-research.md	artifacts/documentation-archive/20260910/etc/research/bochs-guest-memory-seam-research.md	1332	31626e203ffebb75a3d4c53a52b24e8ceeab8328ea346bfc16a49491e93278e1
docs/etc/research/bochs-machine-assembly-boundary-r11.md	artifacts/documentation-archive/20260910/etc/research/bochs-machine-assembly-boundary-r11.md	2569	a0d235093dc8ff0b4129cc0ffe8eded510bab43cb2cf33bb45a3cfdd5488f7ad
docs/etc/research/bochs-ud-instruction-window-seam.md	artifacts/documentation-archive/20260910/etc/research/bochs-ud-instruction-window-seam.md	2518	a02d8b6281a8bc7c23c01520439ddcdeaab391b08c39cd56d4beb3b22557c975
docs/etc/research/bop-12-memory-size-contract-r20.md	artifacts/documentation-archive/20260910/etc/research/bop-12-memory-size-contract-r20.md	2017	246fda6e3d1ad16e3dd688d48af62f8370e24a87c1290f80b80861328f944faf
docs/etc/research/bx-ntvdm-adapter-exception-abi-v1.md	artifacts/documentation-archive/20260910/etc/research/bx-ntvdm-adapter-exception-abi-v1.md	2306	00894e4a8b16358ae6e5e75d9bc2e131f8f2792c2ac4018cfda2bbcb0fc64dab
docs/etc/research/bx-ntvdm-cpu-state-abi-v1.md	artifacts/documentation-archive/20260910/etc/research/bx-ntvdm-cpu-state-abi-v1.md	2264	bc2cb1d9487d39afcee0fa22b5019bc82ef5b7a2983c5ef9e7fddf9acae378aa
docs/etc/research/bx-ntvdm-guest-write-abi-v1.md	artifacts/documentation-archive/20260910/etc/research/bx-ntvdm-guest-write-abi-v1.md	1827	ff20aa14e7bb9925e1981f38365d4669fd1e6dbc2b1df0a4534d0a552dcecee0
docs/etc/research/bx-ntvdm-instruction-window-abi-v1.md	artifacts/documentation-archive/20260910/etc/research/bx-ntvdm-instruction-window-abi-v1.md	2076	d1df281ca8b798d637b02b92f4a69484f57d46169bcf08615fbc847cbfa789b4
docs/etc/research/cpu-archive-single-diagnostic-reproducibility-contract-001.md	artifacts/documentation-archive/20260910/etc/research/cpu-archive-single-diagnostic-reproducibility-contract-001.md	1146	bf3225a4db872431b588ca843c517c9d7a69841ffc9cc0026cb03d359b58da62
docs/etc/research/first-guest-startup-descriptor-v0.md	artifacts/documentation-archive/20260910/etc/research/first-guest-startup-descriptor-v0.md	7939	682a9d388af21cdbc6e0b3f07223bd0a1e65df0399894047e5164464751ddca8
docs/etc/research/first-owner-transaction-closure-audit.md	artifacts/documentation-archive/20260910/etc/research/first-owner-transaction-closure-audit.md	3523	9dc6fbee17ad527ff69b8792a5a60e8dbca112606145362a1405b8d0a3ae1795
docs/etc/research/m0-t240-s1-softpc-bios-memory-source-reset-abi-audit-001.md	artifacts/documentation-archive/20260910/etc/research/m0-t240-s1-softpc-bios-memory-source-reset-abi-audit-001.md	5337	312c488183a5282323d7fd462c50702de34d9333bb9128be928ae775c5e41930
docs/etc/research/m0-t241-s1-keyboard-ivt-int15-source-abi-audit-001.md	artifacts/documentation-archive/20260910/etc/research/m0-t241-s1-keyboard-ivt-int15-source-abi-audit-001.md	4489	3ba0a1c05321feb5387430b28481ec2adf75b1a6a0f7e8337a32da282f7dd96f
docs/etc/research/opennt-bop-definition-inventory-001.md	artifacts/documentation-archive/20260910/etc/research/opennt-bop-definition-inventory-001.md	3910	2d0595ecf9b49e713b372da95a5898627f1bf6cbe609bd1b14233cb5086a79f0
docs/etc/research/opennt-bop-entry-contract.md	artifacts/documentation-archive/20260910/etc/research/opennt-bop-entry-contract.md	3209	3a6093a69b85fa9bd7856fe0aca3fc2c4a5f3349bbdc6cc9e3dcc34e323ef14c
docs/etc/research/pre-governance/ccpu-bios-closure/R3-VIRTUALISE-INSTRUCTION-NEIGHBOR-AUDIT.md	artifacts/documentation-archive/20260910/etc/research/pre-governance/ccpu-bios-closure/R3-VIRTUALISE-INSTRUCTION-NEIGHBOR-AUDIT.md	2152	58342b097cca05ca67ee3adff00aebc824351c0daa2067263a3b38b122f8842e
docs/etc/research/pre-governance/ccpu-bios-closure/S5-ARCHIVED-ADAPTER-OWNER-COLLISION.md	artifacts/documentation-archive/20260910/etc/research/pre-governance/ccpu-bios-closure/S5-ARCHIVED-ADAPTER-OWNER-COLLISION.md	3960	ad7823f3e9605ec915754a8d6b4c39e2c9035252c90951a0e2cc52b66d573e8e
docs/etc/research/pre-governance/ccpu-bios-closure/S5-BIOS-STATIC-DYNAMIC-OWNER-LEDGER.md	artifacts/documentation-archive/20260910/etc/research/pre-governance/ccpu-bios-closure/S5-BIOS-STATIC-DYNAMIC-OWNER-LEDGER.md	9760	2cdb00dbd3bd55a1dfbaa79782a02972fbca5bc50e3f835958de376b0287ec4d
docs/etc/research/pre-governance/ccpu-bios-closure/S5-BOP-STATIC-WIDTH-RESULT.md	artifacts/documentation-archive/20260910/etc/research/pre-governance/ccpu-bios-closure/S5-BOP-STATIC-WIDTH-RESULT.md	2433	50694da85654b7bfe08dbdfdc45cfbe213eed73ff5ba611e118dc854898b262a
docs/etc/research/pre-governance/ccpu-bios-closure/S5-BYOB-PROFILE-REPRODUCIBILITY.md	artifacts/documentation-archive/20260910/etc/research/pre-governance/ccpu-bios-closure/S5-BYOB-PROFILE-REPRODUCIBILITY.md	2469	ae156b76bc2d60ed33b4f495b72bbec1176b35f5f1e8599c3f85a29bb18ce87c
docs/etc/research/pre-governance/ccpu-bios-closure/S5-CCPU-BOP12-DISPATCH-CONTRACT.md	artifacts/documentation-archive/20260910/etc/research/pre-governance/ccpu-bios-closure/S5-CCPU-BOP12-DISPATCH-CONTRACT.md	3392	ddd4f746cb81a18016dd907e0a58ad2888791b045b4722d48cdb880056d88790
docs/etc/research/pre-governance/ccpu-bios-closure/S5-CCPU-LIM-WRITEBACK-RECOVERY.md	artifacts/documentation-archive/20260910/etc/research/pre-governance/ccpu-bios-closure/S5-CCPU-LIM-WRITEBACK-RECOVERY.md	2098	0ea251eb70ecc86aa042b2d23d90da4e4cb71570f134e583b01c3b2974c08615
docs/etc/research/pre-governance/ccpu-bios-closure/S5-CCPU-PRODUCT-COMPOSITION-INVENTORY.md	artifacts/documentation-archive/20260910/etc/research/pre-governance/ccpu-bios-closure/S5-CCPU-PRODUCT-COMPOSITION-INVENTORY.md	6490	17a3a2b97f45ddf7da9bfec869cec27852e426086d806a431c65a8a04e554fa9
docs/etc/research/pre-governance/ccpu-bios-closure/S5-CCPU-SESSION-OWNER-RECOVERY.md	artifacts/documentation-archive/20260910/etc/research/pre-governance/ccpu-bios-closure/S5-CCPU-SESSION-OWNER-RECOVERY.md	3179	a372fa5577750cca63229bf3de7178b294bc1f89f7d445f965fa42633c2b15a4
docs/etc/research/pre-governance/ccpu-bios-closure/S5-CMDSETINFO-HISTORICAL-STORAGE-CLOSURE.md	artifacts/documentation-archive/20260910/etc/research/pre-governance/ccpu-bios-closure/S5-CMDSETINFO-HISTORICAL-STORAGE-CLOSURE.md	2434	02cb06a78cc95672b9237de916ad73148ef3f5fcf9dc91269f8960f6c65e96dd
docs/etc/research/pre-governance/ccpu-bios-closure/S5-COMMAND-BOP-OWNER-BOUNDARY.md	artifacts/documentation-archive/20260910/etc/research/pre-governance/ccpu-bios-closure/S5-COMMAND-BOP-OWNER-BOUNDARY.md	4389	479db84c9a75be6c0bee6b2afabaf990d820b92a6009fd4e9c0b74fe0cf78f92
docs/etc/research/pre-governance/ccpu-bios-closure/S5-CONFIG-PROJECTION-ADMISSION-RECORD.md	artifacts/documentation-archive/20260910/etc/research/pre-governance/ccpu-bios-closure/S5-CONFIG-PROJECTION-ADMISSION-RECORD.md	4490	0dd672bcd8ea91382181bb8de47a78e20ce5f8e0b2ae8947d2417213964d0ddf
docs/etc/research/pre-governance/ccpu-bios-closure/S5-DEMGETDPBLIST-CCPU-SAS-CLOSURE.md	artifacts/documentation-archive/20260910/etc/research/pre-governance/ccpu-bios-closure/S5-DEMGETDPBLIST-CCPU-SAS-CLOSURE.md	3024	e9cc53b5a83c63e8141af9b6ce057483472cb82235f52abff3944edab0fc2d57
docs/etc/research/pre-governance/ccpu-bios-closure/S5-DEMGETDPBLIST-EXECUTION-ADMISSION.md	artifacts/documentation-archive/20260910/etc/research/pre-governance/ccpu-bios-closure/S5-DEMGETDPBLIST-EXECUTION-ADMISSION.md	3469	7f65373e8863503f47a0e56dbaf462c9acf32066a28dd039e9b826e87a9c2f23
docs/etc/research/pre-governance/ccpu-bios-closure/S5-DEMGETDPBLIST-GUEST-WRITE-CONTRACT.md	artifacts/documentation-archive/20260910/etc/research/pre-governance/ccpu-bios-closure/S5-DEMGETDPBLIST-GUEST-WRITE-CONTRACT.md	3976	196a6e064874de1dd98bbfcae8aad5206f673b9926792a31007a115371fc5533
docs/etc/research/pre-governance/ccpu-bios-closure/S5-DEMGETDRIVES-DYNAMIC-HOST-SEAMS.md	artifacts/documentation-archive/20260910/etc/research/pre-governance/ccpu-bios-closure/S5-DEMGETDRIVES-DYNAMIC-HOST-SEAMS.md	4741	c3d6e641777eb49baaa3992955d3f0be9435d5bc5a1289f61376ca5348370a60
docs/etc/research/pre-governance/ccpu-bios-closure/S5-DEMGETDRIVES-HOST-SEAM-CONTRACT.md	artifacts/documentation-archive/20260910/etc/research/pre-governance/ccpu-bios-closure/S5-DEMGETDRIVES-HOST-SEAM-CONTRACT.md	4255	3aa3e6e0f295a62b97017574912d63a5c6802fdc195766ca8ff05241b7f4f43a
docs/etc/research/pre-governance/ccpu-bios-closure/S5-DEMSETDTA-GUEST-ADDRESS-OWNER.md	artifacts/documentation-archive/20260910/etc/research/pre-governance/ccpu-bios-closure/S5-DEMSETDTA-GUEST-ADDRESS-OWNER.md	2232	bf2db191f134a5f296493829d7e0e2408afa4307eb96f8612c90ad2afd3d5668
docs/etc/research/pre-governance/ccpu-bios-closure/S5-DRIVE-SESSION-OWNER-CONTRACT.md	artifacts/documentation-archive/20260910/etc/research/pre-governance/ccpu-bios-closure/S5-DRIVE-SESSION-OWNER-CONTRACT.md	3713	47179a0122a56235d09b9939bb1893e2ed5cd4e50a7c57ff0d19e59d87136e43
docs/etc/research/pre-governance/ccpu-bios-closure/S5-EVENT-HOST-SOURCE-MATRIX.md	artifacts/documentation-archive/20260910/etc/research/pre-governance/ccpu-bios-closure/S5-EVENT-HOST-SOURCE-MATRIX.md	3435	62160ab43f56f3855cf91d5a445aeece0e5b0510eb18f47e581183d5f18703fb
docs/etc/research/pre-governance/ccpu-bios-closure/S5-FULL-NOSM0-OWNER-SEAM-LEDGER.md	artifacts/documentation-archive/20260910/etc/research/pre-governance/ccpu-bios-closure/S5-FULL-NOSM0-OWNER-SEAM-LEDGER.md	6360	5f788a3978e223ca8c7320189e54db11219695dc738d006bb24b04687f8f8c17
docs/etc/research/pre-governance/ccpu-bios-closure/S5-FULL-SOURCE-CLOSURE-20260809.md	artifacts/documentation-archive/20260910/etc/research/pre-governance/ccpu-bios-closure/S5-FULL-SOURCE-CLOSURE-20260809.md	3849	a6da63a34e2f3d65e1afbb7dd53f1da301283506ac3e1b0714e1f5f4149e2b21
docs/etc/research/pre-governance/ccpu-bios-closure/S5-HOST-SEAM-ADMISSION-SNAPSHOT.md	artifacts/documentation-archive/20260910/etc/research/pre-governance/ccpu-bios-closure/S5-HOST-SEAM-ADMISSION-SNAPSHOT.md	3714	681798ab7e274fb7a1235dc849c534e5f822320be9b1fc6f8a892b5c0b432fe7
docs/etc/research/pre-governance/ccpu-bios-closure/S5-HOST-SRC-COVERAGE-AUDIT.md	artifacts/documentation-archive/20260910/etc/research/pre-governance/ccpu-bios-closure/S5-HOST-SRC-COVERAGE-AUDIT.md	4931	3830e4fe50fb0cb1f84033ba9e3252c10b7e40fa5e046e0deac03fec30cc6e93
docs/etc/research/pre-governance/ccpu-bios-closure/S5-MONITOR-HISTORICAL-HOST-ABI-CUT.md	artifacts/documentation-archive/20260910/etc/research/pre-governance/ccpu-bios-closure/S5-MONITOR-HISTORICAL-HOST-ABI-CUT.md	6052	8c422586ab53f842c3291596708918273aef06af3595f0e66e7bac68493bcabb
docs/etc/research/pre-governance/ccpu-bios-closure/S5-NEUTRAL-MACHINE-REQUIREMENTS-UPDATE.md	artifacts/documentation-archive/20260910/etc/research/pre-governance/ccpu-bios-closure/S5-NEUTRAL-MACHINE-REQUIREMENTS-UPDATE.md	3698	fc3a3e5563f1a3dadba870b8d6af02fbc71cc553a8c52ac72075e24c55b58d10
docs/etc/research/pre-governance/ccpu-bios-closure/S5-NO-SM0-CLOSURE-RESULT.md	artifacts/documentation-archive/20260910/etc/research/pre-governance/ccpu-bios-closure/S5-NO-SM0-CLOSURE-RESULT.md	3979	d8f740859741c279a706cfdfeac191b85a38160b0ff7cb66b5e1d7a49a99a8aa
docs/etc/research/pre-governance/ccpu-bios-closure/S5-NTDOS-CHARINIT-DEVICE-BOUNDARY.md	artifacts/documentation-archive/20260910/etc/research/pre-governance/ccpu-bios-closure/S5-NTDOS-CHARINIT-DEVICE-BOUNDARY.md	3040	05c4f3a6040885d5c005731f0bb3c51388ffb293f9267a902fe061ad546b1227
docs/etc/research/pre-governance/ccpu-bios-closure/S5-NTDOS-DOSINIT-EARLY-SVC-LEDGER.md	artifacts/documentation-archive/20260910/etc/research/pre-governance/ccpu-bios-closure/S5-NTDOS-DOSINIT-EARLY-SVC-LEDGER.md	4057	86c45d319eeea30847695263d19848606ed8df70d7049fa438f958de911a0d24
docs/etc/research/pre-governance/ccpu-bios-closure/S5-NTDOS-DOSINIT-PREFIX-EXECUTION.md	artifacts/documentation-archive/20260910/etc/research/pre-governance/ccpu-bios-closure/S5-NTDOS-DOSINIT-PREFIX-EXECUTION.md	3773	00917b07bc5b13f1f3a9c5aca9be62e6006787b2adb310e0ece55c2a216fbc36
docs/etc/research/pre-governance/ccpu-bios-closure/S5-NTDOS-FIRST-POSTLOAD-SVC.md	artifacts/documentation-archive/20260910/etc/research/pre-governance/ccpu-bios-closure/S5-NTDOS-FIRST-POSTLOAD-SVC.md	4785	5e046b67a9c85f33a2465dc3ad58784fd83d51e8db3c196dd64588b5c6cd4567
docs/etc/research/pre-governance/ccpu-bios-closure/S5-NTDOS-IMAGE-ADDRESS-MAP.md	artifacts/documentation-archive/20260910/etc/research/pre-governance/ccpu-bios-closure/S5-NTDOS-IMAGE-ADDRESS-MAP.md	3234	cd333c8fa4e630c0a95305746ce7e4495667ef7a0738bc506cb7629a889713b5
docs/etc/research/pre-governance/ccpu-bios-closure/S5-NTDOS-POSTDRIVE-MONITOR-SLICE.md	artifacts/documentation-archive/20260910/etc/research/pre-governance/ccpu-bios-closure/S5-NTDOS-POSTDRIVE-MONITOR-SLICE.md	7285	93669da16101be8cf2dda16f2b274b397f74c652cb8c07c7594038c632ff472b
docs/etc/research/pre-governance/ccpu-bios-closure/S5-NTIO-CON-DEVICE-INIT-TRACE.md	artifacts/documentation-archive/20260910/etc/research/pre-governance/ccpu-bios-closure/S5-NTIO-CON-DEVICE-INIT-TRACE.md	4535	9eaa96937197d97fc9ddddecaf992204635fe4569b0bc7f482f427d1f6ed043a
docs/etc/research/pre-governance/ccpu-bios-closure/S5-NTIO-HOST-STOP-CONDITIONS.md	artifacts/documentation-archive/20260910/etc/research/pre-governance/ccpu-bios-closure/S5-NTIO-HOST-STOP-CONDITIONS.md	3538	6deda778e12d8a285d8ccb159bf105c6a11d04c2afcb8a6e401b1d3a3e143e1c
docs/etc/research/pre-governance/ccpu-bios-closure/S5-NTIO-STRATEGY-EXECUTION-FIXTURE.md	artifacts/documentation-archive/20260910/etc/research/pre-governance/ccpu-bios-closure/S5-NTIO-STRATEGY-EXECUTION-FIXTURE.md	3698	cf76cf2bae473f30386a7e762571889c37c966a9831f3b534527d8f292c3c9e8
docs/etc/research/pre-governance/ccpu-bios-closure/S5-ORIGINAL-INTEL-MEMORY-OWNER-RECOVERY.md	artifacts/documentation-archive/20260910/etc/research/pre-governance/ccpu-bios-closure/S5-ORIGINAL-INTEL-MEMORY-OWNER-RECOVERY.md	2638	88911c584f05d40defe1ce2cae87c99cf8b0faaecba1db5f65985bba38f0da83
docs/etc/research/pre-governance/ccpu-bios-closure/S5-ORIGINAL-OEM-OWNER-RECOVERY.md	artifacts/documentation-archive/20260910/etc/research/pre-governance/ccpu-bios-closure/S5-ORIGINAL-OEM-OWNER-RECOVERY.md	4145	98aad44bb580e83e0bea47636583ec14adc4a0843945bfa28c986f68a908737a
docs/etc/research/pre-governance/ccpu-bios-closure/S5-ORIGINAL-SIM32-SAS-RECOVERY.md	artifacts/documentation-archive/20260910/etc/research/pre-governance/ccpu-bios-closure/S5-ORIGINAL-SIM32-SAS-RECOVERY.md	1835	8fa13a8d59d961b872d5f6ec1913990d7bfaba8598364864c4a90e844c8eb7a6
docs/etc/research/pre-governance/ccpu-bios-closure/S5-OWNER-FIRST-RECOVERY-LOG.md	artifacts/documentation-archive/20260910/etc/research/pre-governance/ccpu-bios-closure/S5-OWNER-FIRST-RECOVERY-LOG.md	2484	7378583baacf6e9284e00c5ca0b2d1061898b55d850b22066de9c68463982201
docs/etc/research/pre-governance/ccpu-bios-closure/S5-RESET-BDA-CMOS-OWNER-CLOSURE.md	artifacts/documentation-archive/20260910/etc/research/pre-governance/ccpu-bios-closure/S5-RESET-BDA-CMOS-OWNER-CLOSURE.md	4664	d48e35df8c4142deb2ff9b3fdd374bd8f100a769dc22b38bfe3c0fb0a5117d8e
docs/etc/research/pre-governance/ccpu-bios-closure/S5-S4-BRIDGE-RETURN-CONTRACT.md	artifacts/documentation-archive/20260910/etc/research/pre-governance/ccpu-bios-closure/S5-S4-BRIDGE-RETURN-CONTRACT.md	2245	e3a33b9221f33f98ee79def78b1d8345a0e43ffa027d16edbbc4d224380b4522
docs/etc/research/pre-governance/ccpu-bios-closure/S5-S4-SAS-APERTURE-AUDIT.md	artifacts/documentation-archive/20260910/etc/research/pre-governance/ccpu-bios-closure/S5-S4-SAS-APERTURE-AUDIT.md	3119	9a2df0adc62abeef5686ea6d4925b92b7de843aeed6fdb87c09254d98d361678
docs/etc/research/pre-governance/ccpu-bios-closure/S5-S4-SHARED-APERTURE-CONTRACT.md	artifacts/documentation-archive/20260910/etc/research/pre-governance/ccpu-bios-closure/S5-S4-SHARED-APERTURE-CONTRACT.md	3780	67d792fcd26c88e6d1ea48d071f4699e0c9672b4975bf59c80a4386f47637e29
docs/etc/research/pre-governance/ccpu-bios-closure/S5-S4-SHARED-APERTURE-EXECUTION.md	artifacts/documentation-archive/20260910/etc/research/pre-governance/ccpu-bios-closure/S5-S4-SHARED-APERTURE-EXECUTION.md	3808	d368bc395679a69d7cfbed94dc1b274d0d650ea4ae47729db8b86258d0c07c13
docs/etc/research/pre-governance/ccpu-bios-closure/S5-SELECTOR50-OWNER-CLOSURE.md	artifacts/documentation-archive/20260910/etc/research/pre-governance/ccpu-bios-closure/S5-SELECTOR50-OWNER-CLOSURE.md	6071	71a7bfd8571237e5e157de3fddf8d65d271616055c3c21ce2353e4993a99844b
docs/etc/research/pre-governance/ccpu-bios-closure/S5-SHARED-APERTURE-TRANSPORT-ADMISSION.md	artifacts/documentation-archive/20260910/etc/research/pre-governance/ccpu-bios-closure/S5-SHARED-APERTURE-TRANSPORT-ADMISSION.md	3789	5fc8fb4de05ea923ae98c5cc701491fdb8d7eb3f811bdd00d58bd68800d6eb51
docs/etc/research/pre-governance/ccpu-bios-closure/S5-SM0-ADAPTER-SYMBOL-TRIAGE.md	artifacts/documentation-archive/20260910/etc/research/pre-governance/ccpu-bios-closure/S5-SM0-ADAPTER-SYMBOL-TRIAGE.md	3787	4f991e08945f05d076997e867492b071e7a03f1c30098098f70036753f0c1669
docs/etc/research/pre-governance/ccpu-bios-closure/S5-SYSINIT-CONFIG-HOST-SEAM.md	artifacts/documentation-archive/20260910/etc/research/pre-governance/ccpu-bios-closure/S5-SYSINIT-CONFIG-HOST-SEAM.md	4274	fc750c863490b6efd15182e89a8984e7ea1b13092608ed07b3e88a42c01557de
docs/etc/research/pre-governance/ccpu-bios-closure/S5-SYSINIT-ENTRY-STATIC-TRACE.md	artifacts/documentation-archive/20260910/etc/research/pre-governance/ccpu-bios-closure/S5-SYSINIT-ENTRY-STATIC-TRACE.md	5002	d708a297850b8ddb5dbdd55caf7450c7075627e572c28a8f3193abcb1a66e90f
docs/etc/research/pre-governance/ccpu-bios-closure/S5-SYSINIT-MEMORY-BOP-BOUNDARY.md	artifacts/documentation-archive/20260910/etc/research/pre-governance/ccpu-bios-closure/S5-SYSINIT-MEMORY-BOP-BOUNDARY.md	3802	7125a21f754cd4fbea20ec2f8ae8750fc425ddba1c107c3b06d11e235da79d05
docs/etc/research/pre-governance/ccpu-bios-closure/S5-SYSINIT-TEMPORARY-DOS-STATE-GATE.md	artifacts/documentation-archive/20260910/etc/research/pre-governance/ccpu-bios-closure/S5-SYSINIT-TEMPORARY-DOS-STATE-GATE.md	2879	39fe6a6ba0d49e2823aa7a787e2b63370eb7795e31fb10fe970f6f6a15e90ca5
docs/etc/research/pre-governance/ccpu-bios-closure/S5-TRANSPORT-V2-BASELINE-REJECTION.md	artifacts/documentation-archive/20260910/etc/research/pre-governance/ccpu-bios-closure/S5-TRANSPORT-V2-BASELINE-REJECTION.md	3428	4e5bfcdcd30a76f6f6fc35023c09bf4767fc06e55d72325034c9f683b233c5cf
docs/etc/research/pre-governance/ccpu-bios-closure/S5-VDM-PHYSICAL-RECORD-SEAM-EVIDENCE.md	artifacts/documentation-archive/20260910/etc/research/pre-governance/ccpu-bios-closure/S5-VDM-PHYSICAL-RECORD-SEAM-EVIDENCE.md	3959	41ac0ec49cb5b45b3676b28bb3bf47d615cfd50858492406145ec13709c4d5a2
docs/etc/research/pre-governance/ccpu-bios-closure/S5-VIDEO-AND-PATCHED-SAS-RECOVERY-LIMIT.md	artifacts/documentation-archive/20260910/etc/research/pre-governance/ccpu-bios-closure/S5-VIDEO-AND-PATCHED-SAS-RECOVERY-LIMIT.md	2990	336f67063e8715fe315d5819d1bd214d811b6c8c4d02b1ac8c17e6e3c7bb3b27
docs/etc/research/pre-governance/ccpu-bios-closure/S6-NATIVE-IMAGE-HANDOFF-CONTRACT.md	artifacts/documentation-archive/20260910/etc/research/pre-governance/ccpu-bios-closure/S6-NATIVE-IMAGE-HANDOFF-CONTRACT.md	4281	2b61be83294c5bc4b59754e1d736f601c859218e46c28ba6fabc8da59ea0c50a
docs/etc/research/pre-governance/ccpu-bios-closure/SM2-UNRESOLVED-SYMBOL-LEDGER.tsv	artifacts/documentation-archive/20260910/etc/research/pre-governance/ccpu-bios-closure/SM2-UNRESOLVED-SYMBOL-LEDGER.tsv	22367	24484b9f465830d6b6ac2bdafe9fb5378168de8836ba982c31a3541374dc4cb6
docs/etc/research/pre-governance/softpc-source-matrix/NT4-CCPU-CVIDC-PRODUCT-REACHABILITY.md	artifacts/documentation-archive/20260910/etc/research/pre-governance/softpc-source-matrix/NT4-CCPU-CVIDC-PRODUCT-REACHABILITY.md	5156	37e8e2d6af9203f1c7e17c0fef39d477c474c5c72aed4932cf3be8518db83897
docs/etc/research/pre-governance/softpc-source-matrix/NT4-CCPU-CVIDC-PROFILE-ABI-CUT.md	artifacts/documentation-archive/20260910/etc/research/pre-governance/softpc-source-matrix/NT4-CCPU-CVIDC-PROFILE-ABI-CUT.md	5821	ff9864b0901100c30459f63394df73365a798174f48e7f0575b03a435c82c1ba
docs/etc/research/pre-governance/softpc-source-matrix/NT4-CCPU-EFFECTIVE-ADDRESS-ORACLE-CROSSCHECK.md	artifacts/documentation-archive/20260910/etc/research/pre-governance/softpc-source-matrix/NT4-CCPU-EFFECTIVE-ADDRESS-ORACLE-CROSSCHECK.md	2411	f0121a05a08ae48388da843fc4063d60ed29b771a660d8c7d6cb555f23e08ea3
docs/etc/research/pre-governance/softpc-source-matrix/NT4-CVID-COMPOSITION-ENTRY-AUDIT.md	artifacts/documentation-archive/20260910/etc/research/pre-governance/softpc-source-matrix/NT4-CVID-COMPOSITION-ENTRY-AUDIT.md	9318	c9144ab51da3d52c02273d422290b362e26262ca69d363d066ac839cc88f91f6
docs/etc/research/pre-governance/softpc-source-matrix/NT4-CVID-DISPATCH-AND-STORAGE-AUDIT.md	artifacts/documentation-archive/20260910/etc/research/pre-governance/softpc-source-matrix/NT4-CVID-DISPATCH-AND-STORAGE-AUDIT.md	4138	e5b2c79b63d088ed81370ac0612c01a5e478f8ad81d5a795cceb4e9af70ba9ba
docs/etc/research/pre-governance/softpc-source-matrix/NT4-CVID-PROVIDER-CLOSURE-AUDIT.md	artifacts/documentation-archive/20260910/etc/research/pre-governance/softpc-source-matrix/NT4-CVID-PROVIDER-CLOSURE-AUDIT.md	6139	b43a25f2babedd2dd466dd914373ac9f6014e26972870403063cd0de4348e136
docs/etc/research/pre-governance/softpc-source-matrix/NT4-GENERIC-VIDEO-RECOVERY-CANDIDATE.md	artifacts/documentation-archive/20260910/etc/research/pre-governance/softpc-source-matrix/NT4-GENERIC-VIDEO-RECOVERY-CANDIDATE.md	7781	2f41d6a89f066ef97b5f76d563d521f4f9ed6258e71ab58712c2a1cc656f3acb
docs/etc/research/pre-governance/softpc-source-matrix/NT4-NT5-BOP-ORDERING-DIFF.md	artifacts/documentation-archive/20260910/etc/research/pre-governance/softpc-source-matrix/NT4-NT5-BOP-ORDERING-DIFF.md	3670	1cb0d4f0d1a0e1bb61f357247107697293754496826eefcb206710df8d2f0414
docs/etc/research/pre-governance/softpc-source-matrix/NT4-NT5-SOFTPC-EVIDENCE-LEDGER.md	artifacts/documentation-archive/20260910/etc/research/pre-governance/softpc-source-matrix/NT4-NT5-SOFTPC-EVIDENCE-LEDGER.md	34320	b6f8fdca52a5b38ac9f79083f126d7701c45c9f4f40a4820d78a985721626367
docs/etc/research/pre-governance/softpc-source-matrix/NT4-NT5-SOFTPC-SOURCE-MATRIX.md	artifacts/documentation-archive/20260910/etc/research/pre-governance/softpc-source-matrix/NT4-NT5-SOFTPC-SOURCE-MATRIX.md	8509	350e1af206b96de18387feca486cea81716e10d4e4e73033658ea179164b225f
docs/etc/research/pre-governance/softpc-source-matrix/NT4-SOFTPC-LIBRARY-ARTIFACT-AUDIT.md	artifacts/documentation-archive/20260910/etc/research/pre-governance/softpc-source-matrix/NT4-SOFTPC-LIBRARY-ARTIFACT-AUDIT.md	4056	7e8e98e4ef805c121c3af1356c2b83a600bad16082ef0a46ad445be59281aba0
docs/etc/research/pre-governance/softpc-source-matrix/NT4-V86-PRODUCT-ORACLE-AUDIT.md	artifacts/documentation-archive/20260910/etc/research/pre-governance/softpc-source-matrix/NT4-V86-PRODUCT-ORACLE-AUDIT.md	2577	0cc622520f5e900d78a3f6ff1f425c4a3cfda670e29a66f89d221ccdbcb4d893
docs/etc/research/proposal-cli-interactive-command-session-001.md	artifacts/documentation-archive/20260910/etc/research/proposal-cli-interactive-command-session-001.md	5135	b0d0454ddf0be218f836574368326f466d11a4d0a147044d9cf6c8a12d47e39d
docs/etc/research/proposal-cli-noninvasive-capability-roadmap-001.md	artifacts/documentation-archive/20260910/etc/research/proposal-cli-noninvasive-capability-roadmap-001.md	5495	d8a05adcd3a5e697e101f6be0fad1c8b0cfb1fbc1082d9eb000b54abdd22b5c6
docs/etc/research/proposal-host-integrated-bop-capability-recovery-001.md	artifacts/documentation-archive/20260910/etc/research/proposal-host-integrated-bop-capability-recovery-001.md	4011	90b4698184e0e73373854018a14f901a07736ca557a4b326437faa0dbde246a0
docs/etc/research/proposal-opennt-dpmi-host-composition-001.md	artifacts/documentation-archive/20260910/etc/research/proposal-opennt-dpmi-host-composition-001.md	5220	8300fb853ed8cfa88351b62514808d6fdcb8ff5f805e7b552965be3bc4bcfb3a
docs/etc/research/proposal-opennt-redirector-network-ipc-001.md	artifacts/documentation-archive/20260910/etc/research/proposal-opennt-redirector-network-ipc-001.md	4370	166ebe5781f962ad700b1c28a6bfa73d67350c850599c0bde72e364518de3c1f
docs/etc/research/proposal-unified-host-mutation-capability-profiles-001.md	artifacts/documentation-archive/20260910/etc/research/proposal-unified-host-mutation-capability-profiles-001.md	5110	0da401b2a605b40d6b71adb2c5e240fce73ddf5570a1f20af30c880d369ad42e
docs/etc/research/proposal-wow16-guest-host-composition-001.md	artifacts/documentation-archive/20260910/etc/research/proposal-wow16-guest-host-composition-001.md	3327	c49eb4a04b73f9ebb4471aa45208fb11e8289fb6ce30a03b2afeaf24a43d03d3
docs/etc/research/r20-cmd-setinfo-contract.md	artifacts/documentation-archive/20260910/etc/research/r20-cmd-setinfo-contract.md	718	b27620060f0efa8504b80f8237ed66da58a4b302e2d34ec26d92eaec5a75b235
docs/etc/research/r20-dem-getdpblist-boundary.md	artifacts/documentation-archive/20260910/etc/research/r20-dem-getdpblist-boundary.md	2230	095a4aee41c09d1d95ef69d93926d841feaaac890e52544c509d4cdc24582809
docs/etc/research/r20-dem-getdrives-contract.md	artifacts/documentation-archive/20260910/etc/research/r20-dem-getdrives-contract.md	3760	e9db3649f1b800cfce09dc9fd4b50189882a3a09730ee806d3f7be13577fb1af
docs/etc/research/r20-dem-setdta-contract.md	artifacts/documentation-archive/20260910/etc/research/r20-dem-setdta-contract.md	1679	f6dc3525f2b477b651392d38e4f84640b4ceaff33ebae87aecc1f0255aee43e3
docs/etc/research/r20-dem-setharderrorinfo-contract.md	artifacts/documentation-archive/20260910/etc/research/r20-dem-setharderrorinfo-contract.md	1433	c585d0017859200156e337c416c7ef5f312b0de852f8f72a177ad313614a01b7
docs/etc/research/r20-real-ntio-next-boundary-triage.md	artifacts/documentation-archive/20260910/etc/research/r20-real-ntio-next-boundary-triage.md	4646	b55fd794084e113a809ba4f171d45c8c3fb676fe65c193f66369922b1af2b4b4
docs/etc/research/r23-adapter-multi-write-fixture.md	artifacts/documentation-archive/20260910/etc/research/r23-adapter-multi-write-fixture.md	2074	2e0ea3e22f79600f854923e75652d61aec1d19d95c912c1a3cee66409666cee4
docs/etc/research/r23-fcb-search-capability-boundary.md	artifacts/documentation-archive/20260910/etc/research/r23-fcb-search-capability-boundary.md	5261	caba9c937e12fe1451a40974bd9179dec4bea6ecdffa5636fa2035b65f1b4f77
docs/etc/research/runner-adapter-install-contract.md	artifacts/documentation-archive/20260910/etc/research/runner-adapter-install-contract.md	3243	81f712ed71b87cf89478a5ed2be11e6fd12e05048b492acefc4be4955f48110f
docs/etc/research/t100-s1-original-unavailable-dem-plane-runtime-001.md	artifacts/documentation-archive/20260910/etc/research/t100-s1-original-unavailable-dem-plane-runtime-001.md	2631	78542fcccb01bda5ea91b2986dfb6d84113c0ec5a076282c29d8156a4731e13a
docs/etc/research/t101-s1-post-bop-prefetch-map-audit-001.md	artifacts/documentation-archive/20260910/etc/research/t101-s1-post-bop-prefetch-map-audit-001.md	3053	039e97eb275557211fce01940c65708ddeb7d47cea3094edd207cb90bd8e3b02
docs/etc/research/t102-s1-aperture-entry-observation-design-audit-001.md	artifacts/documentation-archive/20260910/etc/research/t102-s1-aperture-entry-observation-design-audit-001.md	2419	8814bee49b3b2514bee0b73fd1fbae7c1f7f0bff79c4bfa53ac1b1e363d2fad6
docs/etc/research/t103-s1-native-post-deferred-composition-closure-001.md	artifacts/documentation-archive/20260910/etc/research/t103-s1-native-post-deferred-composition-closure-001.md	3554	176336d6d4bc7122aa31f9a5cf8d9e1b36e9e3a87b82b53919b1638eab70a5ca
docs/etc/research/t104-s1-current-adapter-deferred-post-runtime-001.md	artifacts/documentation-archive/20260910/etc/research/t104-s1-current-adapter-deferred-post-runtime-001.md	2562	29df6c3128fbe1935242427e8b538bb0883a9e90b654899e8a59bdd281de65be
docs/etc/research/t105-s1-post-post-cli-continuation-observation-001.md	artifacts/documentation-archive/20260910/etc/research/t105-s1-post-post-cli-continuation-observation-001.md	2437	11c33f812e90fa9288b5bd2c27cad3846902304d00ee528b7524cb9b5274ab98
docs/etc/research/t106-s1-two-phase-action-bridge-audit-001.md	artifacts/documentation-archive/20260910/etc/research/t106-s1-two-phase-action-bridge-audit-001.md	1409	5cab93f0b69d846d257b0ea8d95795629b181318e9886ba2fcd841d172676a6d
docs/etc/research/t107-s1-redir-unavailable-provider-001.md	artifacts/documentation-archive/20260910/etc/research/t107-s1-redir-unavailable-provider-001.md	1437	51a536f9f1831863aa2d1163a94e40ae5ba5c48226aba88c6817179908d6260b
docs/etc/research/t108-s1-selector-02-runtime-correction-001.md	artifacts/documentation-archive/20260910/etc/research/t108-s1-selector-02-runtime-correction-001.md	2066	a35d934147ae1f903cb9c54ea60859b271b80a82c575caf8c8950073ecf1bc59
docs/etc/research/t109-s1-selector-family-conformance-001.md	artifacts/documentation-archive/20260910/etc/research/t109-s1-selector-family-conformance-001.md	1651	9aa670422f8f5bd71bcdca75919b33961bbe316a7876f9a3060a80977bf96d69
docs/etc/research/t110-s1-selector-02-owner-provenance-001.md	artifacts/documentation-archive/20260910/etc/research/t110-s1-selector-02-owner-provenance-001.md	1957	dc99b7a38877cad996012cdcd33d1a8b79fce0d181d93a32b647f619a913af39
docs/etc/research/t111-s1-unexpected-interrupt-composition-audit-001.md	artifacts/documentation-archive/20260910/etc/research/t111-s1-unexpected-interrupt-composition-audit-001.md	1922	1d3657e1b9b5301b84e68f42ee85d978842d0f4aff9e80a8ffed7274e5a1af48
docs/etc/research/t112-s1-unexpected-interrupt-mechanical-bridge-closure-001.md	artifacts/documentation-archive/20260910/etc/research/t112-s1-unexpected-interrupt-mechanical-bridge-closure-001.md	1255	0a9f950ab221aed4377d2c8363e50e000d74779757491c12ea0a1faa9969245c
docs/etc/research/t113-s1-unexpected-interrupt-compile-projection-001.md	artifacts/documentation-archive/20260910/etc/research/t113-s1-unexpected-interrupt-compile-projection-001.md	1992	67aaa0d571a6bcfe118e80914e25d782c76169ff63c3bf53af67c5876645c1ad
docs/etc/research/t114-s1-unexpected-interrupt-abi-link-closure-001.md	artifacts/documentation-archive/20260910/etc/research/t114-s1-unexpected-interrupt-abi-link-closure-001.md	2146	32de26d716678031e1c23d3621c5b258453c7de726b7d0e6ecd80cb9c9f9c24d
docs/etc/research/t115-s1-machine-bop-composition-dispatcher-audit-001.md	artifacts/documentation-archive/20260910/etc/research/t115-s1-machine-bop-composition-dispatcher-audit-001.md	4616	eeecf353da88e13df4984fefcda7437a86d934d4f48ae0252e3dad2ce6266aae
docs/etc/research/t116-s1-unexpected-int-machine-composition-closure-001.md	artifacts/documentation-archive/20260910/etc/research/t116-s1-unexpected-int-machine-composition-closure-001.md	4207	5c80170aed547d17bb3ad8fdb26bc8be629b1a818e23791368afe4c19a401ec9
docs/etc/research/t117-s1-machine-composition-seam-build-closure-001.md	artifacts/documentation-archive/20260910/etc/research/t117-s1-machine-composition-seam-build-closure-001.md	1532	b108622dfd0bd7c64112300a8856693f5cb7748190ece301700b53ee5e8f5341
docs/etc/research/t118-s1-unexpected-int-resume-contract-001.md	artifacts/documentation-archive/20260910/etc/research/t118-s1-unexpected-int-resume-contract-001.md	952	b9a6bf6837f31d4619b5a3770b6870a5e0c28571a2c20fa8181fa6e0f094b08e
docs/etc/research/t119-s1-original-unexpected-int-invocation-001.md	artifacts/documentation-archive/20260910/etc/research/t119-s1-original-unexpected-int-invocation-001.md	2500	bf44ae6822950543e636f2c88c3598a5c84fd0824cdc778a5e8d52ca6ba1bd0b
docs/etc/research/t120-s1-bounded-machine-bop02-observation-001.md	artifacts/documentation-archive/20260910/etc/research/t120-s1-bounded-machine-bop02-observation-001.md	1083	0b0775a5aee8138bbee26f63ccbfb4149c44e9ff35061e45e32ba84823c0b055
docs/etc/research/t121-s1-deferred-machine-composition-build-001.md	artifacts/documentation-archive/20260910/etc/research/t121-s1-deferred-machine-composition-build-001.md	780	559a5c5de97de0f2a4d56ad940d470b02c481d0ed050bbe27c04d36fc6ca3a7e
docs/etc/research/t122-s1-deferred-machine-bop02-observation-001.md	artifacts/documentation-archive/20260910/etc/research/t122-s1-deferred-machine-bop02-observation-001.md	782	46547be0ad4d37a7e100a2dced9041bce34562767a013af443a7f831c0f0987b
docs/etc/research/t123-s1-bochs-engine-shim-startup-descriptor-001.md	artifacts/documentation-archive/20260910/etc/research/t123-s1-bochs-engine-shim-startup-descriptor-001.md	2035	bfc981e1e896be37514c5cfdb6f0bd24d32113d73561f093013ab582f6f49309
docs/etc/research/t125-s1-fixed-bundle-native-preflight-001.md	artifacts/documentation-archive/20260910/etc/research/t125-s1-fixed-bundle-native-preflight-001.md	2317	e2035df79eb2f1db1961d5c8712a3ef119052a1cc33d4998e077e400ef2b97c2
docs/etc/research/t126-s1-dem-50-11-result-bridge-audit-001.md	artifacts/documentation-archive/20260910/etc/research/t126-s1-dem-50-11-result-bridge-audit-001.md	2442	1bf2bbe40425da78824928e801d66137b647856973330ecf9b23fbcabda81772
docs/etc/research/t129-s1-bridge-rejection-and-runtime-handoff-001.md	artifacts/documentation-archive/20260910/etc/research/t129-s1-bridge-rejection-and-runtime-handoff-001.md	2175	17de0a48c633ccc30ee077b8ecfbe8dbf02e5d1a130158c1d92d653c6f2798d0
docs/etc/research/t130-s1-machine-composition-outcome-contract-001.md	artifacts/documentation-archive/20260910/etc/research/t130-s1-machine-composition-outcome-contract-001.md	1419	4c36f683b601592c4bee014078308caa19e52f9784abbfa6c96d2d87a1afe353
docs/etc/research/t132-s1-original-handler-crt-island-audit-001.md	artifacts/documentation-archive/20260910/etc/research/t132-s1-original-handler-crt-island-audit-001.md	2043	f48b5a89dded0830cfb097e936dd1765f3a4fa05b16fab84b50521cd897f4c11
docs/etc/research/t133-s1-firmware-int10-reset-precondition-audit-001.md	artifacts/documentation-archive/20260910/etc/research/t133-s1-firmware-int10-reset-precondition-audit-001.md	1612	2be65ccf624ea163aaa8a9f128347268fa91eb1e21dbe08dadfdc3ec5ed92995
docs/etc/research/t134-s1-post-handoff-fault-frame-provenance-001.md	artifacts/documentation-archive/20260910/etc/research/t134-s1-post-handoff-fault-frame-provenance-001.md	2629	361c26c0d737cd7b4a07159da4d2a9af0633573a8ffabaf105a7ab5a2213f029
docs/etc/research/t135-s1-post-handoff-transfer-observation-feasibility-001.md	artifacts/documentation-archive/20260910/etc/research/t135-s1-post-handoff-transfer-observation-feasibility-001.md	2435	70609e5e6c55e4193fd63f0e3cb90a8f06ba4474a813d471d239895ba1efc982
docs/etc/research/t136-s1-prefetch-predecessor-closure-001.md	artifacts/documentation-archive/20260910/etc/research/t136-s1-prefetch-predecessor-closure-001.md	1855	b0157af7f301c8542563e1d601d2c0031ddd18c0b8dc62293271e68127a2ad24
docs/etc/research/t137-s1-prefetch-predecessor-observation-001.md	artifacts/documentation-archive/20260910/etc/research/t137-s1-prefetch-predecessor-observation-001.md	1516	80b964a51351d1263727249d811b716e366a48e937d1a38a70604a75f057924a
docs/etc/research/t138-s1-t130-current-adapter-composition-identity-001.md	artifacts/documentation-archive/20260910/etc/research/t138-s1-t130-current-adapter-composition-identity-001.md	1818	66e93bc09e592aff4d084c33854e9028e89144a4e1de69b5d51a15f2e87fc7cb
docs/etc/research/t139-s1-reproducible-post-handoff-observation-baseline-001.md	artifacts/documentation-archive/20260910/etc/research/t139-s1-reproducible-post-handoff-observation-baseline-001.md	1387	c37918ea25b1a5bbf2ff39bf3308814e025bfef0d56dd6a0fccbf45a63e7d059
docs/etc/research/t140-s1-ntdos-late-fault-image-source-correlation-001.md	artifacts/documentation-archive/20260910/etc/research/t140-s1-ntdos-late-fault-image-source-correlation-001.md	1579	7b9ab981057650a072cfeae920a07e2f551dd18b25a3c4e3164c089d9002106e
docs/etc/research/t141-s1-original-dem-entry-lifecycle-contract-001.md	artifacts/documentation-archive/20260910/etc/research/t141-s1-original-dem-entry-lifecycle-contract-001.md	1387	92595122aeb71fc2732638904253cd41579e8cd4049f540c01d4adab2178a76c
docs/etc/research/t142-s1-post-dem-entry-guest-transfer-correlation-001.md	artifacts/documentation-archive/20260910/etc/research/t142-s1-post-dem-entry-guest-transfer-correlation-001.md	1738	c618c5fd083fdef0b6148f116548a8959d06d26638fcdf74f848e3126fec6a98
docs/etc/research/t143-s1-original-dem-command-image-lifecycle-audit-001.md	artifacts/documentation-archive/20260910/etc/research/t143-s1-original-dem-command-image-lifecycle-audit-001.md	1931	7cb9702f1e493574bc4c5a185d1ba476877a5c5addf6a653f4d6869b91e135bd
docs/etc/research/t144-s1-ntdos-exec-guest-lifecycle-audit-001.md	artifacts/documentation-archive/20260910/etc/research/t144-s1-ntdos-exec-guest-lifecycle-audit-001.md	1873	bd2bd133fed86f27b8cd7351c8e00d13cf4d6ce218f6af505439adce4e0977ce
docs/etc/research/t145-s1-command-image-source-map-availability-001.md	artifacts/documentation-archive/20260910/etc/research/t145-s1-command-image-source-map-availability-001.md	1544	6f48c792acb9fda6d2ec3b5529e43abcb8de6833378e51fdf3fafdfb2b864848
docs/etc/research/t146-s1-single-diagnostic-cpu-archive-closure-001.md	artifacts/documentation-archive/20260910/etc/research/t146-s1-single-diagnostic-cpu-archive-closure-001.md	3207	5dd7c9d21978e3006e605419080df8646ac5d9ba3b842bbc4e227e165cc2ae7a
docs/etc/research/t146-s2-bounded-prefetch-archive-observation-001.md	artifacts/documentation-archive/20260910/etc/research/t146-s2-bounded-prefetch-archive-observation-001.md	1906	5d832555d3225c1fcc4ca7a59618fca4cf5717e267437c30a70cea18733661ab
docs/etc/research/t147-s1-cpu-archive-reachability-divergence-audit-001.md	artifacts/documentation-archive/20260910/etc/research/t147-s1-cpu-archive-reachability-divergence-audit-001.md	2723	a3949806a2c389b48698c2884a91f2e103888c86714bda85dd6671a1d945452e
docs/etc/research/t148-s1-single-member-cpu-archive-closure-001.md	artifacts/documentation-archive/20260910/etc/research/t148-s1-single-member-cpu-archive-closure-001.md	1174	73b3bebf3261bf438417d56ad27f6be7557779750d4e6af93027d3878dc1f630
docs/etc/research/t149-s1-native-cpu-loop-quit-provenance-001.md	artifacts/documentation-archive/20260910/etc/research/t149-s1-native-cpu-loop-quit-provenance-001.md	967	2432a3f0869ac630c8157542a8402e07991c6e9580a82997555d0a4bae629f28
docs/etc/research/t149-s2-extended-prefetch-observation-001.md	artifacts/documentation-archive/20260910/etc/research/t149-s2-extended-prefetch-observation-001.md	2917	8c0a209fdd642bb835b51ca7f49242f49876de4c20aa6a97edf32c38d1bed10a
docs/etc/research/t150-s1-int0d-bop02-return-frame-audit-001.md	artifacts/documentation-archive/20260910/etc/research/t150-s1-int0d-bop02-return-frame-audit-001.md	3281	d6c841a2c43ced0f96a8e8248d2352a0b147c802c42402843173f245f4c43cd7
docs/etc/research/t151-s1-command-image-tail-provenance-001.md	artifacts/documentation-archive/20260910/etc/research/t151-s1-command-image-tail-provenance-001.md	2661	3b68d3c4306c708396f832c04c5711b4bce9ce77640c0c1bab9d71bed4d3ad74
docs/etc/research/t152-s1-original-fastread-execution-path-audit-001.md	artifacts/documentation-archive/20260910/etc/research/t152-s1-original-fastread-execution-path-audit-001.md	2901	7c8bd1ef4df68f9881d0b89bfa74abc863b77ae2d737b4bbd8dd5c1901a7b246
docs/etc/research/t153-s1-x86-fastio-provider-contract-001.md	artifacts/documentation-archive/20260910/etc/research/t153-s1-x86-fastio-provider-contract-001.md	4373	3fb8d77488252c2680c525470f9ee7cf5bf7ce4beaaa4200b5f3305579b2c17e
docs/etc/research/t154-s1-fastread-provider-source-test-build-001.md	artifacts/documentation-archive/20260910/etc/research/t154-s1-fastread-provider-source-test-build-001.md	3397	0e4ab30e6a93008cc035c110be8326667cc25f4a8a81daff7bb3c10cccfd7191
docs/etc/research/t155-s1-fastread-current-composition-observation-001.md	artifacts/documentation-archive/20260910/etc/research/t155-s1-fastread-current-composition-observation-001.md	3134	1b7569bd226bd163d158c9617f85b94fef554c6062a58b1ac0c17419182911bc
docs/etc/research/t156-s1-post-fastread-stack-triple-fault-audit-001.md	artifacts/documentation-archive/20260910/etc/research/t156-s1-post-fastread-stack-triple-fault-audit-001.md	3633	e6fda6962cc27de5af7759c101419ec492394c0aea76b3c476d5d027b4e11000
docs/etc/research/t157-s1-post-eof-vector-diagnostic-design-001.md	artifacts/documentation-archive/20260910/etc/research/t157-s1-post-eof-vector-diagnostic-design-001.md	1773	fd859836d447c7174955d28ce0dd01c7f02b1b0c17da48fe7ca96c9fd62a00bc
docs/etc/research/t158-s1-real-mode-vector-observation-001.md	artifacts/documentation-archive/20260910/etc/research/t158-s1-real-mode-vector-observation-001.md	2551	e3d53f0e7f5c10c9fc75c1a84194503dc880354839ef628f7227242da616f4d9
docs/etc/research/t159-s1-native-post-current-adapter-closure-audit-001.md	artifacts/documentation-archive/20260910/etc/research/t159-s1-native-post-current-adapter-closure-audit-001.md	3809	fa4a729a1b913e6884ecfefd683c0313cec8a6d2635a12d202c23965ad0858a6
docs/etc/research/t160-s1-current-adapter-native-post-observation-001.md	artifacts/documentation-archive/20260910/etc/research/t160-s1-current-adapter-native-post-observation-001.md	2075	b568ab773477b5ed60a9c47ba541a8369e846f85a6feb63e6f468731c0faf1df
docs/etc/research/t161-s1-extended-native-post-observation-001.md	artifacts/documentation-archive/20260910/etc/research/t161-s1-extended-native-post-observation-001.md	1784	3d8755eabd3082e8b68fdfa320522fff7d467fc091460c40892291799290cbf3
docs/etc/research/t162-s1-controlled-stop-cli-contract-audit-001.md	artifacts/documentation-archive/20260910/etc/research/t162-s1-controlled-stop-cli-contract-audit-001.md	1253	2e9559a104f81c4d724a3797e6b435c74c586174f045465f159455eb6dd47894
docs/etc/research/t163-s1-cli-eof-child-lifetime-closure-001.md	artifacts/documentation-archive/20260910/etc/research/t163-s1-cli-eof-child-lifetime-closure-001.md	746	a259aa89c84ec487829b4801b03034bb59a0d0cc3fb6f1c340e27df8e0aa326f
docs/etc/research/t164-s1-cli-native-observation-001.md	artifacts/documentation-archive/20260910/etc/research/t164-s1-cli-native-observation-001.md	1467	c28e2a10d60a382eac448b4d2e8002e2911889edbf42c6891ecefe79c923e179
docs/etc/research/t165-s1-cli-terminal-observer-001.md	artifacts/documentation-archive/20260910/etc/research/t165-s1-cli-terminal-observer-001.md	1352	a9ae2bf2634de1ac498bfe130504957b616af12dcc11cbe6c59ed994ce7892dc
docs/etc/research/t166-s1-full-cli-native-controlled-stop-001.md	artifacts/documentation-archive/20260910/etc/research/t166-s1-full-cli-native-controlled-stop-001.md	1179	40e236d7362bc24d8a4e8290a7e25b11ab41b276874cd3de5cee9c1887c30500
docs/etc/research/t167-s1-native-stop-exit-contract-audit-001.md	artifacts/documentation-archive/20260910/etc/research/t167-s1-native-stop-exit-contract-audit-001.md	1064	1375075abb83fa1099b4c2b59184a4778d69e1d22a1ae0c441831ede1f469c16
docs/etc/research/t168-s1-generic-stop-success-exit-001.md	artifacts/documentation-archive/20260910/etc/research/t168-s1-generic-stop-success-exit-001.md	1166	f54762302b6bd536299c4c2422c837f7bb7f030095b278ada536be8b985b9053
docs/etc/research/t169-s1-generic-stop-native-exit-001.md	artifacts/documentation-archive/20260910/etc/research/t169-s1-generic-stop-native-exit-001.md	1127	c2291143136e7a822e32db6686b6fb5b931954fe909129e35eb668e76a845c43
docs/etc/research/t170-s1-first-profile-bop-trace-matrix-001.md	artifacts/documentation-archive/20260910/etc/research/t170-s1-first-profile-bop-trace-matrix-001.md	4717	036ee852c881ef7bc2b15ff30de3f450d6a520d16300db4178bfc469a6043506
docs/etc/research/t171-s1-command-execution-return-composition-audit-001.md	artifacts/documentation-archive/20260910/etc/research/t171-s1-command-execution-return-composition-audit-001.md	3530	66e1abd9769d6b27ff6768b254f426731b6aabbf1452275cbffd7ae418f32743
docs/etc/research/t172-s1-declared-dos-target-lifecycle-abi-audit-001.md	artifacts/documentation-archive/20260910/etc/research/t172-s1-declared-dos-target-lifecycle-abi-audit-001.md	2904	fb514faf221cc94f52d5d872493440d6e30505a9c2b42c11fb3fa2a06f72d87c
docs/etc/research/t173-s1-declared-dos-target-return-abi-audit-001.md	artifacts/documentation-archive/20260910/etc/research/t173-s1-declared-dos-target-return-abi-audit-001.md	3394	466e80a8aeffcf5bffe1623a2d28a12b1f3db8ab9bda7a2cf4553e8de9d1f5a4
docs/etc/research/t174-s1-paired-declared-dos-lifecycle-provider-001.md	artifacts/documentation-archive/20260910/etc/research/t174-s1-paired-declared-dos-lifecycle-provider-001.md	3419	8a17d033d106df0e7747a167afd89a13507a9a2659e7ac3f11ec708ef408f93c
docs/etc/research/t175-s1-declared-dos-lifecycle-cli-result-abi-audit-001.md	artifacts/documentation-archive/20260910/etc/research/t175-s1-declared-dos-lifecycle-cli-result-abi-audit-001.md	4200	512755c4f5a59089386e3183a43ad4fa32434c0e910afdb9d56cc42b7fc8a196
docs/etc/research/t176-s13-share-lifecycle-observation-001.md	artifacts/documentation-archive/20260910/etc/research/t176-s13-share-lifecycle-observation-001.md	1870	6f399e7d177afdb555e99aeb5419cf90d913840b555b1f26d46ec212a01c0a8d
docs/etc/research/t176-s14-share-target-transfer-correlation-001.md	artifacts/documentation-archive/20260910/etc/research/t176-s14-share-target-transfer-correlation-001.md	1429	9bb13493fc2ea17be747f73fb301e3b9d9e148681d4ddbfa61b72aa0dab9c00f
docs/etc/research/t176-s15-dem-pdb-termination-provider-audit-001.md	artifacts/documentation-archive/20260910/etc/research/t176-s15-dem-pdb-termination-provider-audit-001.md	1581	c4f76f3a24c4c795e12f01f500302d91f335a4b34354ab796ae920674bc3f9fa
docs/etc/research/t176-s16-dem-session-lifecycle-provider-contract-001.md	artifacts/documentation-archive/20260910/etc/research/t176-s16-dem-session-lifecycle-provider-contract-001.md	4897	559a6414832595259dae12f5ac37c53f12fed7686f93c1c6f9067a81788f736a
docs/etc/research/t176-s17-dem-session-lifecycle-provider-implementation-001.md	artifacts/documentation-archive/20260910/etc/research/t176-s17-dem-session-lifecycle-provider-implementation-001.md	2553	39bb49eb33b816c9d63de404b183f79e70bcb29dfb5a2ab00d809604a826d057
docs/etc/research/t176-s18-s19-dem-lifecycle-link-and-observation-001.md	artifacts/documentation-archive/20260910/etc/research/t176-s18-s19-dem-lifecycle-link-and-observation-001.md	3117	96beef32b32c0605285d6efa7614dbb163c57b3edea2c1a6c2bb92ec6b3b4a58
docs/etc/research/t176-s1-normal-dos-return-fixture-audit-001.md	artifacts/documentation-archive/20260910/etc/research/t176-s1-normal-dos-return-fixture-audit-001.md	4284	fb6fa91fb450ec3240f8661cb2daf3ff966179d0b71585cdb6c1c0cc2e0c4504
docs/etc/research/t176-s20-post-termination-continuation-correlation-001.md	artifacts/documentation-archive/20260910/etc/research/t176-s20-post-termination-continuation-correlation-001.md	2452	95334d1de5c24c545e2b95e1a98683c2ec8574dbd9503b067d45ec904f1e39a7
docs/etc/research/t176-s24-illegal-op-runtime-observation-001.md	artifacts/documentation-archive/20260910/etc/research/t176-s24-illegal-op-runtime-observation-001.md	2083	de3b0fa1e27facffb8efe290bfcd9f0ed188d095c2a1ea715eea763832de7f78
docs/etc/research/t176-s6-deferred-startup-rejection-source-audit-001.md	artifacts/documentation-archive/20260910/etc/research/t176-s6-deferred-startup-rejection-source-audit-001.md	4476	91f05c81a759dcea9900f83ce46dff21af906ef6f774a45c73ea014756309084
docs/etc/research/t176-s-task-normalization-001.md	artifacts/documentation-archive/20260910/etc/research/t176-s-task-normalization-001.md	1613	70e3797420d207f1e003a383a1453d85fe9774946ab55e9d671289b50ffc7011
docs/etc/research/t177-s10-illegal-op-handler-island-closure-001.md	artifacts/documentation-archive/20260910/etc/research/t177-s10-illegal-op-handler-island-closure-001.md	3171	664193652808b1534969ed0c113350d0791c3b68efca744bd92f6299ff7be773
docs/etc/research/t177-s1-source-built-normal-return-fixture-observation-001.md	artifacts/documentation-archive/20260910/etc/research/t177-s1-source-built-normal-return-fixture-observation-001.md	2587	5d535d7b9c683c8ee054ab12e26773b663d08bdb41e0ea135eacf87c6ed52be7
docs/etc/research/t177-s1-vector-stack-predecessor-attribution-001.md	artifacts/documentation-archive/20260910/etc/research/t177-s1-vector-stack-predecessor-attribution-001.md	2660	4dbcfd66cba4c03c9101541994cc5bd1d76350f9cfd598d8428a735707aeb1c7
docs/etc/research/t177-s2-native-post-machine-composition-crosscheck-001.md	artifacts/documentation-archive/20260910/etc/research/t177-s2-native-post-machine-composition-crosscheck-001.md	3700	ac1328bcca3eec6e8ceb2bf402a52aee2fa1cd3562a8834c4364eca828f1ae0b
docs/etc/research/t177-s3-combined-composition-admission-decision-001.md	artifacts/documentation-archive/20260910/etc/research/t177-s3-combined-composition-admission-decision-001.md	2084	1d93862cf4708724715e4737bbf714d9157dd84abbffc5a659224734584089dd
docs/etc/research/t177-s4-native-post-machine-composition-observation-001.md	artifacts/documentation-archive/20260910/etc/research/t177-s4-native-post-machine-composition-observation-001.md	2476	d14e32f8e1b481de161c7cb72256607b4af88771bf09ca1cde500635438269fe
docs/etc/research/t177-s9-illegal-op-vector-owner-audit-001.md	artifacts/documentation-archive/20260910/etc/research/t177-s9-illegal-op-vector-owner-audit-001.md	3305	2873f032d87c2e481a6288f79dbfb2ad4aabfc7788eb42c53e0eec7463e0b12b
docs/etc/research/t178-s1-bounded-native-observation-controller-audit-001.md	artifacts/documentation-archive/20260910/etc/research/t178-s1-bounded-native-observation-controller-audit-001.md	1972	29e65c432e897f13afe5e70127819a4c6d0b175c113938859efd2533d9b4456e
docs/etc/research/t178-s1-normal-dos-return-predecessor-map-001.md	artifacts/documentation-archive/20260910/etc/research/t178-s1-normal-dos-return-predecessor-map-001.md	3015	c14e222a4b939147f05246494c58ea1367024cfe580b65ae3732013c3cf476e1
docs/etc/research/t178-s2-normal-return-trace-reconciliation-001.md	artifacts/documentation-archive/20260910/etc/research/t178-s2-normal-return-trace-reconciliation-001.md	2843	bf1123cd4973d7256d975f17bd7363e9f64dad09ba97f152a104ab5fa7cfcde8
docs/etc/research/t178-s3-cli-result-admission-decision-001.md	artifacts/documentation-archive/20260910/etc/research/t178-s3-cli-result-admission-decision-001.md	1229	d6fb626bf8fd957241fccb1999a231cb9d63936a87031b9434e553e5cae1b77b
docs/etc/research/t179-s1-direct-pid-observation-controller-correction-001.md	artifacts/documentation-archive/20260910/etc/research/t179-s1-direct-pid-observation-controller-correction-001.md	2012	9ff448ca983b390b7260306aa23f6dfbbbece48c978051cde2b182f0fc9f51a6
docs/etc/research/t179-s1-guest-teardown-predecessor-map-001.md	artifacts/documentation-archive/20260910/etc/research/t179-s1-guest-teardown-predecessor-map-001.md	2592	1604aad44d57a8e742d22abb6eca90b73f2e1353ab2fa56e5dda4a422ae00a7d
docs/etc/research/t179-s2-int06-vector-installation-reconciliation-001.md	artifacts/documentation-archive/20260910/etc/research/t179-s2-int06-vector-installation-reconciliation-001.md	2338	f2811e5e75ed5078a2b194b4d3cc687abf4cf6b369983503de0c52a7a2caf29a
docs/etc/research/t179-s3-normal-return-machine-observation-admission-001.md	artifacts/documentation-archive/20260910/etc/research/t179-s3-normal-return-machine-observation-admission-001.md	1618	2a644a0efcc43e5f55aba19ef7ff5d6ee904e6c76459c3e635b5f0d3124099a2
docs/etc/research/t179-s4-share-machine-composition-observation-001.md	artifacts/documentation-archive/20260910/etc/research/t179-s4-share-machine-composition-observation-001.md	2178	b9e0f1795b9247ab9edc7ff91afa1ebee0be17b37b7d918947cd83a6a12b7a69
docs/etc/research/t180-s1-post-target-command-lifecycle-map-001.md	artifacts/documentation-archive/20260910/etc/research/t180-s1-post-target-command-lifecycle-map-001.md	3186	c73e6eaba0fad0408baa87c09c1a59eb194e9e7a5c7db6d0ac93447b9c55d88c
docs/etc/research/t180-s1-share-direct-observation-prelaunch-result-001.md	artifacts/documentation-archive/20260910/etc/research/t180-s1-share-direct-observation-prelaunch-result-001.md	804	99f3a205cbdca1bdb6b5085a04d19b34d5143c8f511a6add18dcbd47a08e34f7
docs/etc/research/t180-s2-post-target-command-trace-reconciliation-001.md	artifacts/documentation-archive/20260910/etc/research/t180-s2-post-target-command-trace-reconciliation-001.md	2199	79b804f07876d600800cacfe4937db2c48ca512f37c8498f8cfa976c8452b66d
docs/etc/research/t180-s3-finite-command-lifecycle-decision-001.md	artifacts/documentation-archive/20260910/etc/research/t180-s3-finite-command-lifecycle-decision-001.md	2753	37aa393337eee4bbe15a10deda692702b5f4bb9554d4f491ab263a6c91b64859
docs/etc/research/t181-s1-direct-controller-automatic-variable-correction-001.md	artifacts/documentation-archive/20260910/etc/research/t181-s1-direct-controller-automatic-variable-correction-001.md	713	3dd2c19acd5357853c09e977489c7b4a3a4bcb58efcec4b2c64e55026eb0be90
docs/etc/research/t181-s1-finite-declared-target-sequence-contract-001.md	artifacts/documentation-archive/20260910/etc/research/t181-s1-finite-declared-target-sequence-contract-001.md	5520	5cced40a838f1c1f1540cabba7c57a91af292af781242feea7c6b2b6628a48df
docs/etc/research/t181-s2-immutable-sequence-ownership-audit-001.md	artifacts/documentation-archive/20260910/etc/research/t181-s2-immutable-sequence-ownership-audit-001.md	5401	a451cc8ac240603de77b1b585c4055b25d906553c7ba90464095d9c536ab547f
docs/etc/research/t181-s3-sequence-implementation-admission-001.md	artifacts/documentation-archive/20260910/etc/research/t181-s3-sequence-implementation-admission-001.md	2164	918d93932f64dc0d38e9c12ece7b2c550522360856b2e24d176493a7aaec5d26
docs/etc/research/t181-s5-finite-sequence-local-closure-001.md	artifacts/documentation-archive/20260910/etc/research/t181-s5-finite-sequence-local-closure-001.md	2141	d60f401646b1a177f1c83152c0b69df7cac83b2f30e4b24a655bd316eaed89f7
docs/etc/research/t182-s1-finite-sequence-engine-closure-inventory-001.md	artifacts/documentation-archive/20260910/etc/research/t182-s1-finite-sequence-engine-closure-inventory-001.md	3996	b7319e68257f7932935e7ab4fb63a3dc997de09c23d8eee32dcb9b737c517450
docs/etc/research/t182-s2-finite-sequence-derivative-recipe-001.md	artifacts/documentation-archive/20260910/etc/research/t182-s2-finite-sequence-derivative-recipe-001.md	2281	eb460e48439825118400c34d3cf8cce757d74156612685faed877de467131937
docs/etc/research/t182-s3-finite-sequence-build-and-observation-disposition-001.md	artifacts/documentation-archive/20260910/etc/research/t182-s3-finite-sequence-build-and-observation-disposition-001.md	1884	29f873b68d08cd0d8c565ffbd937124d067a235027569b2b1f6788e3d672f6d7
docs/etc/research/t183-s1-cli-shim-bundle-closure-inventory-001.md	artifacts/documentation-archive/20260910/etc/research/t183-s1-cli-shim-bundle-closure-inventory-001.md	2712	6ae9d769f28d1720743a504050885394ed0a84beed8cc086f948142b5b1d9791
docs/etc/research/t183-s2-cli-shim-bundle-recipe-001.md	artifacts/documentation-archive/20260910/etc/research/t183-s2-cli-shim-bundle-recipe-001.md	1345	86d3dfbe0512aaaf179a7287ac400195df359a6b2f7afaa0e20b0f3fe36191e6
docs/etc/research/t183-s3-cli-shim-bundle-build-closure-001.md	artifacts/documentation-archive/20260910/etc/research/t183-s3-cli-shim-bundle-build-closure-001.md	2111	9d6e41152a083cd07365bac58799a96451f080936b459f90d9926fb89f928805
docs/etc/research/t184-s1-v5-observation-input-controller-inventory-001.md	artifacts/documentation-archive/20260910/etc/research/t184-s1-v5-observation-input-controller-inventory-001.md	1603	fe1a0e4abb9142b9f2121739ab87d80f5861fa5b2642cb16ff4f12bb9ff3b9aa
docs/etc/research/t184-s2-process-tree-watchdog-controller-001.md	artifacts/documentation-archive/20260910/etc/research/t184-s2-process-tree-watchdog-controller-001.md	1596	c249c5395f75105beab85600f93f834dd6f994817fae5480d9e8b4273ff00baf
docs/etc/research/t184-s3-v5-finite-sequence-observation-001.md	artifacts/documentation-archive/20260910/etc/research/t184-s3-v5-finite-sequence-observation-001.md	1930	418cad2add65a8c3967f8fb04b0ac6cc017df1b6011e670e972a65519959360c
docs/etc/research/t185-s1-v5-runtime-selection-projection-audit-001.md	artifacts/documentation-archive/20260910/etc/research/t185-s1-v5-runtime-selection-projection-audit-001.md	909	a5203bf736fcc3f7f9684b3bad83bb4c30169cb82dc62223a906422b4ceca621
docs/etc/research/t185-s2-v5-runtime-selection-projection-test-001.md	artifacts/documentation-archive/20260910/etc/research/t185-s2-v5-runtime-selection-projection-test-001.md	758	ee0258d50d537e02ce1ee3cc818db8315acdbeafa244e714c5e7339ef73b0f8b
docs/etc/research/t185-s3-v5-selection-engine-relink-001.md	artifacts/documentation-archive/20260910/etc/research/t185-s3-v5-selection-engine-relink-001.md	436	1fd938998ef863cb1331eabc2e1f513c1c3e00209b1780a5e26f3b9b299aa240
docs/etc/research/t186-s1-corrected-v5-observation-classification-001.md	artifacts/documentation-archive/20260910/etc/research/t186-s1-corrected-v5-observation-classification-001.md	2943	14131c68d9fc890555dd87362e364af7690b3355862fa688241db40b837d3e52
docs/etc/research/t187-s1-boot-file-diagnostic-feasibility-001.md	artifacts/documentation-archive/20260910/etc/research/t187-s1-boot-file-diagnostic-feasibility-001.md	2106	9c0539e2a1df7277295d71dd4e82e63811310860f0debec01c96c0f3c93d8832
docs/etc/research/t187-s2-passive-bop-dx-snapshot-001.md	artifacts/documentation-archive/20260910/etc/research/t187-s2-passive-bop-dx-snapshot-001.md	1770	c958dfc6af1c1df6b77c2c8243e1a2a5acccc85bdd402e650dfd7d59f2a63116
docs/etc/research/t187-s3-passive-listener-engine-composition-001.md	artifacts/documentation-archive/20260910/etc/research/t187-s3-passive-listener-engine-composition-001.md	2414	08d7b1ed055a2ba47be068bbfd496ff8b995bf2b25ba6027786a76110e9bad41
docs/etc/research/t187-s4-passive-listener-observation-001.md	artifacts/documentation-archive/20260910/etc/research/t187-s4-passive-listener-observation-001.md	2509	25847ac0be244f64b1e55ddb5445bf82a093c95433393c1fb9b6968e067b1955
docs/etc/research/t188-s10-copied-state-observation-001.md	artifacts/documentation-archive/20260910/etc/research/t188-s10-copied-state-observation-001.md	2424	375718b5636a228f60a51e5f371f22163e4f93b6d76035ac54c5e964aee5c0ce
docs/etc/research/t188-s1-bop-ingress-consumer-closure-001.md	artifacts/documentation-archive/20260910/etc/research/t188-s1-bop-ingress-consumer-closure-001.md	3852	49bc4792afd8d85fababb4bc21ad22f758a28adc33848db8d90ce5caa111fc29
docs/etc/research/t188-s2-v5-boot-file-predicate-fixture-001.md	artifacts/documentation-archive/20260910/etc/research/t188-s2-v5-boot-file-predicate-fixture-001.md	2056	969e3c6dff2c666f4cd69f7f2a25a70bed5d32a981029f1fa4de7cea0a22e290
docs/etc/research/t188-s3-session-observation-audit-001.md	artifacts/documentation-archive/20260910/etc/research/t188-s3-session-observation-audit-001.md	1601	f9649c0c4e41bb8ab24b859d557eb5f3c6334d0bc7802b5b75f5c860fd2ecee9
docs/etc/research/t188-s4-copied-session-state-diagnostic-001.md	artifacts/documentation-archive/20260910/etc/research/t188-s4-copied-session-state-diagnostic-001.md	1711	b2c9d645b1c094395d3b17d7f3d77bc9683bcbedb0dbc6a8359bdd90575fc535
docs/etc/research/t188-s5-bochs-state-trace-necessity-001.md	artifacts/documentation-archive/20260910/etc/research/t188-s5-bochs-state-trace-necessity-001.md	1797	3e8abfc0bfff7d341a62c665339c793a63c5eeac8fc7871a058077e58cf48d2c
docs/etc/research/t188-s6-bochs-copied-state-trace-closure-001.md	artifacts/documentation-archive/20260910/etc/research/t188-s6-bochs-copied-state-trace-closure-001.md	1447	b40998a9a44047072cb325b5ffd17941ac59a68d9121f7b08b7918ed4e950b9c
docs/etc/research/t188-s7-copied-state-derivative-closure-001.md	artifacts/documentation-archive/20260910/etc/research/t188-s7-copied-state-derivative-closure-001.md	1944	e23b009c9cd43e4b3c06e39a2c7850cdd171d261fafcbcfb3bb71dd0f997a6b8
docs/etc/research/t188-s8-two-object-build-001.md	artifacts/documentation-archive/20260910/etc/research/t188-s8-two-object-build-001.md	2507	d101b92b317fd84dd7768bc664a6aa4855e9d3c8563fa7a632f4ea34405d6b30
docs/etc/research/t188-s9-one-shot-controller-closure-001.md	artifacts/documentation-archive/20260910/etc/research/t188-s9-one-shot-controller-closure-001.md	2933	620719117393c1ce1e44c18c98254b16d884a1be2bac25624cbcc16fdea9d97b
docs/etc/research/t189-s1-v5-runtime-predicate-map-001.md	artifacts/documentation-archive/20260910/etc/research/t189-s1-v5-runtime-predicate-map-001.md	2601	3c0b66838b579d3f72f178e8c20e9ba3920eea2609a2d85fad98be8f8d2b2bfc
docs/etc/research/t189-s2-first-failure-diagnostic-closure-001.md	artifacts/documentation-archive/20260910/etc/research/t189-s2-first-failure-diagnostic-closure-001.md	1149	2f3f08479c4a190026ae2c1875c916496d95d82b8911d95dbdbf483b617f80de
docs/etc/research/t189-s3-s4-two-object-derivative-closure-001.md	artifacts/documentation-archive/20260910/etc/research/t189-s3-s4-two-object-derivative-closure-001.md	1193	3bc317942a4e271896d0c74fa475fb3633a82ac50295d63b9d37c8748a8a804e
docs/etc/research/t189-s5-boot-file-predicate-closure-001.md	artifacts/documentation-archive/20260910/etc/research/t189-s5-boot-file-predicate-closure-001.md	3960	5efccda54b2ce2808f64eb6fc1198790fd4ab1e4c440419eb3437c070a396ee9
docs/etc/research/t189-s6-command-bootstrap-boundary-map-001.md	artifacts/documentation-archive/20260910/etc/research/t189-s6-command-bootstrap-boundary-map-001.md	2474	6320469e4e19c0904f14bc6f28f4f8eb352cb6dee494ece8d3ad573b5e877573
docs/etc/research/t190-s1-command-bootstrap-contract-map-001.md	artifacts/documentation-archive/20260910/etc/research/t190-s1-command-bootstrap-contract-map-001.md	3706	504379109ff3e6f12346c762707b7c16ffb2d86f2448bcb15e6fc5ec35d054f1
docs/etc/research/t190-s2-command-bootstrap-source-closure-001.md	artifacts/documentation-archive/20260910/etc/research/t190-s2-command-bootstrap-source-closure-001.md	1854	d846e7872950f44deca52c32b7012557651e8a4895023f9160e898f5ce1d1862
docs/etc/research/t190-s3-command-bootstrap-object-closure-001.md	artifacts/documentation-archive/20260910/etc/research/t190-s3-command-bootstrap-object-closure-001.md	1692	ec65d2cd9a07fd3c899b5609e2dba7748d94c83546d8521caf49206ab217cf9c
docs/etc/research/t190-s4-command-bootstrap-derivative-closure-001.md	artifacts/documentation-archive/20260910/etc/research/t190-s4-command-bootstrap-derivative-closure-001.md	1573	234fc769d61448ec8e666bac665cf8da062151059b9de1c91d1b2c60cccf78fa
docs/etc/research/t190-s5-command-bootstrap-bundle-closure-001.md	artifacts/documentation-archive/20260910/etc/research/t190-s5-command-bootstrap-bundle-closure-001.md	1144	a66b219a8e9862c657e2c213b0dadd6add43d9457b8ca46e1849bd924d42270c
docs/etc/research/t190-s6-command-bootstrap-observation-closure-001.md	artifacts/documentation-archive/20260910/etc/research/t190-s6-command-bootstrap-observation-closure-001.md	1103	4e99e6adef8169cd5d693d7e746e31f0f083bf4aaf0dad6f3efda83313d7b892
docs/etc/research/t191-s1-post-bootstrap-command-family-inventory-001.md	artifacts/documentation-archive/20260910/etc/research/t191-s1-post-bootstrap-command-family-inventory-001.md	2193	6def53ecb352c902001fa042989587f27c408189963c20d9a807fbbc419c5979
docs/etc/research/t192-s1-post-bootstrap-non-command-inventory-001.md	artifacts/documentation-archive/20260910/etc/research/t192-s1-post-bootstrap-non-command-inventory-001.md	2016	634d9daf89e5971f96d7268a62483af7608ddaff242952760bb072dbd4bc17f7
docs/etc/research/t193-s1-reached-machine-selector-audit-001.md	artifacts/documentation-archive/20260910/etc/research/t193-s1-reached-machine-selector-audit-001.md	4429	eca84185774266196df3adfc25ca461b7981b88140558fac3a67b4c60a8bf73b
docs/etc/research/t193-s2-t190-machine-island-provenance-001.md	artifacts/documentation-archive/20260910/etc/research/t193-s2-t190-machine-island-provenance-001.md	2776	6c4ae40cedbcd411b51202760db44f8acecd0e7a9ce8e30f6658bd8b0f283201
docs/etc/research/t193-s3-machine-selector-decision-register-001.md	artifacts/documentation-archive/20260910/etc/research/t193-s3-machine-selector-decision-register-001.md	2297	3673d7fe41c8bb1f48a61f1b951ac95a88b83e4f52e3b46402dae86ccdc36f12
docs/etc/research/t194-s10-one-slot-observation-input-preparation-001.md	artifacts/documentation-archive/20260910/etc/research/t194-s10-one-slot-observation-input-preparation-001.md	1475	3e3923d92879b8c76f23edfcc741dbcad340b09614abd4d13ad664fcbda382a7
docs/etc/research/t194-s11-one-slot-normal-return-asset-admission-001.md	artifacts/documentation-archive/20260910/etc/research/t194-s11-one-slot-normal-return-asset-admission-001.md	1505	ee8e464d2a5a7d5a20901d0ba897118e8564b7c8fa3784b60beba1ed32e8ab93
docs/etc/research/t194-s12-source-built-normal-return-asset-recovery-001.md	artifacts/documentation-archive/20260910/etc/research/t194-s12-source-built-normal-return-asset-recovery-001.md	1381	66ccaf6959887aaeceb8a68722a2c7efb8fab6bdb7b4aa23d1966f3de8722002
docs/etc/research/t194-s13-v6-normal-return-byob-root-materialization-001.md	artifacts/documentation-archive/20260910/etc/research/t194-s13-v6-normal-return-byob-root-materialization-001.md	1522	64a51689cec4a21c6fd894614eeb23f77520cc657d1919f30834262d67150030
docs/etc/research/t194-s14-v6-runner-shim-bundle-invocation-audit-001.md	artifacts/documentation-archive/20260910/etc/research/t194-s14-v6-runner-shim-bundle-invocation-audit-001.md	3334	2417decf2202f148a417d3e7488b0a24cb06f5d9587da7d8f01a9c1a00bee8f7
docs/etc/research/t194-s15-v6-cli-runner-shim-source-build-closure-001.md	artifacts/documentation-archive/20260910/etc/research/t194-s15-v6-cli-runner-shim-source-build-closure-001.md	3141	48362a890baeca54c4b666e591323d2610ef4188110ad14f8dde12633483d0e6
docs/etc/research/t194-s16-v6-normal-return-observation-001.md	artifacts/documentation-archive/20260910/etc/research/t194-s16-v6-normal-return-observation-001.md	2431	33dd538b43b227c45d27781e2ddbe2ff64d1bcb3538f501dbcffb31a49d9081e
docs/etc/research/t194-s17-reached-dem-continuation-source-audit-001.md	artifacts/documentation-archive/20260910/etc/research/t194-s17-reached-dem-continuation-source-audit-001.md	2844	94bb49d346fd60c65e677b7f91a5905b2b6f6650bb59a2a9d8ff034ecaa9de8a
docs/etc/research/t194-s18-v6-drive-policy-capability-contract-001.md	artifacts/documentation-archive/20260910/etc/research/t194-s18-v6-drive-policy-capability-contract-001.md	3057	105701ab181914d19ea228a501d475e356036bb7fc6ae52194812067e3fb484a
docs/etc/research/t194-s19-cli-drive-snapshot-provider-integration-001.md	artifacts/documentation-archive/20260910/etc/research/t194-s19-cli-drive-snapshot-provider-integration-001.md	2063	35b58b8a0da8e757d392cab19b6c7ca64b774ddfdf2f7d289b3315c27a809964
docs/etc/research/t194-s1-normal-return-fixture-asset-reconciliation-001.md	artifacts/documentation-archive/20260910/etc/research/t194-s1-normal-return-fixture-asset-reconciliation-001.md	1350	ffe98b4bd301a29b9d6a278879061cbdb17059eca656671ec37859b0a5058d08
docs/etc/research/t194-s20-drive-snapshot-runtime-routing-proof-001.md	artifacts/documentation-archive/20260910/etc/research/t194-s20-drive-snapshot-runtime-routing-proof-001.md	1709	ce721cb8dbe5d30bad6afda90653b0036356786470da5906a42c483d69612951
docs/etc/research/t194-s21-current-drive-snapshot-adapter-derivative-001.md	artifacts/documentation-archive/20260910/etc/research/t194-s21-current-drive-snapshot-adapter-derivative-001.md	1644	1d49f5ae0b17c34afdecaf20087dca222c766224378152adccc311d89c1e7148
docs/etc/research/t194-s22-drive-snapshot-engine-bundle-001.md	artifacts/documentation-archive/20260910/etc/research/t194-s22-drive-snapshot-engine-bundle-001.md	1279	a476d9dc1f99c94a3368671e5fc6389f978d711bb27b9392f671a7a6a01dc44e
docs/etc/research/t194-s23-drive-snapshot-observation-001.md	artifacts/documentation-archive/20260910/etc/research/t194-s23-drive-snapshot-observation-001.md	1099	cd2b33ee5ed49629b54e557885242ad721851d5d1a7b8a0737454e4a1288aca9
docs/etc/research/t194-s24-reached-dpb-source-contract-audit-001.md	artifacts/documentation-archive/20260910/etc/research/t194-s24-reached-dpb-source-contract-audit-001.md	4339	39b4f7202f7a5dbe2e91386b4798b40eaff03f48063960cbff4d0530429b273e
docs/etc/research/t194-s25-drive-snapshot-dpb-route-001.md	artifacts/documentation-archive/20260910/etc/research/t194-s25-drive-snapshot-dpb-route-001.md	2477	8f7c0650c514357a7ffbddb7ade1a32162f488d43ef0ce384811b04197b44f69
docs/etc/research/t194-s26-current-adapter-dpb-derivative-001.md	artifacts/documentation-archive/20260910/etc/research/t194-s26-current-adapter-dpb-derivative-001.md	1927	d5a83ec3c20da2c06eae72923fb4cbae744f35b7b693c4180d4d6c98be72b82e
docs/etc/research/t194-s27-dpb-snapshot-bundle-001.md	artifacts/documentation-archive/20260910/etc/research/t194-s27-dpb-snapshot-bundle-001.md	1284	bdfa4b66e3a67b5c26a0818bfe693d6d0b32e8656b24fbe53593bc1a8bf52a29
docs/etc/research/t194-s28-dpb-snapshot-observation-001.md	artifacts/documentation-archive/20260910/etc/research/t194-s28-dpb-snapshot-observation-001.md	2406	6e575c5a2a7999033ac5cdcf1e97a1e15ad01af5e44c12acce3852a496a0a538
docs/etc/research/t194-s29-reached-dem-ioctl-source-contract-audit-001.md	artifacts/documentation-archive/20260910/etc/research/t194-s29-reached-dem-ioctl-source-contract-audit-001.md	2242	103cf267df676230ef14888b7ecc4d4e598d12abbcca149248400b0599466d6e
docs/etc/research/t194-s2-bootstrap-normal-return-divergence-001.md	artifacts/documentation-archive/20260910/etc/research/t194-s2-bootstrap-normal-return-divergence-001.md	2371	6a3a822dd02f93aabe008de995fc9f9ab186e6b334ff8b7228c0007419a0be7c
docs/etc/research/t194-s30-bop-register-observation-derivative-audit-001.md	artifacts/documentation-archive/20260910/etc/research/t194-s30-bop-register-observation-derivative-audit-001.md	2275	b48477f40b7c2904201dd4f8c51d15f84b9de063aa01357a97653ebd10405d8c
docs/etc/research/t194-s31-bop-register-derivative-generator-001.md	artifacts/documentation-archive/20260910/etc/research/t194-s31-bop-register-derivative-generator-001.md	1478	63b9877dcf1de87dcbdabdb675e844c46d5e8fa0210961fd0eb3347cf6aff501
docs/etc/research/t194-s32-bop-register-derivative-build-001.md	artifacts/documentation-archive/20260910/etc/research/t194-s32-bop-register-derivative-build-001.md	1472	e600e783fc70b44dd06a8e5d10fddc13e222812600acb376e35e824df1733def
docs/etc/research/t194-s33-watchdog-controller-mechanics-audit-001.md	artifacts/documentation-archive/20260910/etc/research/t194-s33-watchdog-controller-mechanics-audit-001.md	1318	931d21faec9dea093ab546450a1a1014c3e79b6c946a6756ba977cd370275b5d
docs/etc/research/t194-s34-bounded-v6-observation-controller-001.md	artifacts/documentation-archive/20260910/etc/research/t194-s34-bounded-v6-observation-controller-001.md	1347	d8c1f362756b4d003d2148c062002acc5eade34b30e996d00656997532c0a48b
docs/etc/research/t194-s35-bop-register-bundle-001.md	artifacts/documentation-archive/20260910/etc/research/t194-s35-bop-register-bundle-001.md	546	954688073af86f21e4cf5ca7ae784588ae2f20232fc369330e458852df09155b
docs/etc/research/t194-s36-bop-register-observation-001.md	artifacts/documentation-archive/20260910/etc/research/t194-s36-bop-register-observation-001.md	3713	4835b4039545800140709e1e45ce27fe11ef5b79bf48fbdd7580c236ab84c804
docs/etc/research/t194-s37-total-observation-record-001.md	artifacts/documentation-archive/20260910/etc/research/t194-s37-total-observation-record-001.md	1840	3fc888f8b2b6965e1efed954c6b4459f414947601d78bd34fe3bd8b876c259ea
docs/etc/research/t194-s38-dem-ioctl-metadata-composition-audit-001.md	artifacts/documentation-archive/20260910/etc/research/t194-s38-dem-ioctl-metadata-composition-audit-001.md	4581	5b7ef12ae5b3a412505d4c8f4e93cee6befd1826abea3065482bb7d7368d8122
docs/etc/research/t194-s39-paired-dem-ioctl-metadata-provider-source-001.md	artifacts/documentation-archive/20260910/etc/research/t194-s39-paired-dem-ioctl-metadata-provider-source-001.md	2216	71c8df3ed92e7fcb4a4d103daf61146a8bca6e2014cad41712b397f60494b858
docs/etc/research/t194-s3-single-target-normal-return-contract-001.md	artifacts/documentation-archive/20260910/etc/research/t194-s3-single-target-normal-return-contract-001.md	2671	4ef6611830e0d0fd68d8d72b82ee2ce304ab6f3c91b5e0ad93bda83dd9eb2c8a
docs/etc/research/t194-s40-s41-metadata-provider-test-correction-001.md	artifacts/documentation-archive/20260910/etc/research/t194-s40-s41-metadata-provider-test-correction-001.md	902	60b2763f0530fc14d59033dea700e888e50132fab1e1e190d8d344062068c814
docs/etc/research/t194-s42-metadata-provider-focused-test-001.md	artifacts/documentation-archive/20260910/etc/research/t194-s42-metadata-provider-focused-test-001.md	646	d9f5e459ec2cc74768741b43b3710b8461e317d1704c8abced8ff11cc40f03b3
docs/etc/research/t194-s43-metadata-provider-engine-closure-audit-001.md	artifacts/documentation-archive/20260910/etc/research/t194-s43-metadata-provider-engine-closure-audit-001.md	1877	919ffb5a57f17f895f745809d3ace40e2a3bb71935061dcc9023cb6894fcd7d0
docs/etc/research/t194-s44-metadata-provider-derivative-generation-001.md	artifacts/documentation-archive/20260910/etc/research/t194-s44-metadata-provider-derivative-generation-001.md	735	ce9a3da7be807ead83d242135b59522c956ce5e31ee4f4de97a397e00b61a6e1
docs/etc/research/t194-s45-metadata-provider-derivative-build-001.md	artifacts/documentation-archive/20260910/etc/research/t194-s45-metadata-provider-derivative-build-001.md	769	1a1995139e4fcb3fd03cba9a8f846548c7461db8c72def8bf919cbadfd4a3d97
docs/etc/research/t194-s46-metadata-provider-bundle-001.md	artifacts/documentation-archive/20260910/etc/research/t194-s46-metadata-provider-bundle-001.md	586	f856f2bf94bd62b88a17564015ded46f10228a7ba7e205c9a3b4dfd39a578df3
docs/etc/research/t194-s47-metadata-provider-observation-admission-001.md	artifacts/documentation-archive/20260910/etc/research/t194-s47-metadata-provider-observation-admission-001.md	1101	62d66caeb98d49704beb6e133513742bc82a28bdde01ec6ef16eb1408d0c02c0
docs/etc/research/t194-s48-metadata-provider-observation-001.md	artifacts/documentation-archive/20260910/etc/research/t194-s48-metadata-provider-observation-001.md	1048	b70236c1a004b915ef34e3e41b93425bca89b1d6923657caf652982be3752b13
docs/etc/research/t194-s49-s51-deferred-native-post-composition-001.md	artifacts/documentation-archive/20260910/etc/research/t194-s49-s51-deferred-native-post-composition-001.md	3231	a311e0c96f5efe6398ec0216f60426e40c2bb7a070f78e2c37c3933a9bf09664
docs/etc/research/t194-s4-single-target-command-lifecycle-implementation-001.md	artifacts/documentation-archive/20260910/etc/research/t194-s4-single-target-command-lifecycle-implementation-001.md	3668	27d374b709797403b6d02f61d899c0d8b428cfbf30c3baac34c51119e31ec182
docs/etc/research/t194-s52-deferred-observation-input-audit-001.md	artifacts/documentation-archive/20260910/etc/research/t194-s52-deferred-observation-input-audit-001.md	1924	d234c366e5cf6a8ca2b72e68f6b36a32d8363a3de9a15ecff76c612b8bc99c13
docs/etc/research/t194-s53-obsolete-observation-tree-cleanup-001.md	artifacts/documentation-archive/20260910/etc/research/t194-s53-obsolete-observation-tree-cleanup-001.md	1226	c8c3a082e2f4d02c682715a4bbf8af575e450d0ad008fe45dd22bb88aeea898b
docs/etc/research/t194-s54-deferred-native-post-observation-001.md	artifacts/documentation-archive/20260910/etc/research/t194-s54-deferred-native-post-observation-001.md	2385	37ed721744f1bed6f0a3fdf0d8356bb7c3a22877b1867df3922fa30fa8c7e13d
docs/etc/research/t194-s55-selector-06-source-correlation-001.md	artifacts/documentation-archive/20260910/etc/research/t194-s55-selector-06-source-correlation-001.md	2247	8021a442f3b9de7e13fbd246865e28da5db8a7f345718cdb3876fa5333b1827e
docs/etc/research/t194-s56-deferred-machine-closure-generation-001.md	artifacts/documentation-archive/20260910/etc/research/t194-s56-deferred-machine-closure-generation-001.md	1568	e6c5c8e21ef39d9ec4e562bc703f3eceabe999fbb3aba1db9c133ec51b6aecd1
docs/etc/research/t194-s57-deferred-machine-closure-build-001.md	artifacts/documentation-archive/20260910/etc/research/t194-s57-deferred-machine-closure-build-001.md	1082	6dcdd2698c93457afa5bf5285a5d7d8e0b348d17c8d6581c7b31ae35582eab4e
docs/etc/research/t194-s5-one-slot-engine-admission-audit-001.md	artifacts/documentation-archive/20260910/etc/research/t194-s5-one-slot-engine-admission-audit-001.md	2497	aca606a76c4bc9928fa138259f71125fc280c1e297dc2f397d1512c56f0efe67
docs/etc/research/t194-s6-one-slot-adapter-composition-assembly-001.md	artifacts/documentation-archive/20260910/etc/research/t194-s6-one-slot-adapter-composition-assembly-001.md	2041	c5d255db3dd302de46307eff3ef07dc4762ac2e417808a715d63d4a5ebc3eafd
docs/etc/research/t194-s7-one-slot-bounded-startup-admission-audit-001.md	artifacts/documentation-archive/20260910/etc/research/t194-s7-one-slot-bounded-startup-admission-audit-001.md	1358	0f2ea6f6f3b2dcea0f84185fef8491852991d85a7445cc574efca771fa1f0fc2
docs/etc/research/t194-s8-one-slot-current-adapter-derivative-closure-001.md	artifacts/documentation-archive/20260910/etc/research/t194-s8-one-slot-current-adapter-derivative-closure-001.md	1833	b51c997cd203d90b0dd57d8dce6d1bc85e31015574454e9fc5e7bfc65e1a6b17
docs/etc/research/t194-s9-one-slot-observation-input-audit-001.md	artifacts/documentation-archive/20260910/etc/research/t194-s9-one-slot-observation-input-audit-001.md	672	442dfb9c96fb4c46044b5fad1fe7fc8d0a97a7bf16164d93ecc5207131bbe60f
docs/etc/research/t195-s1-intrusion-repair-audit-001.md	artifacts/documentation-archive/20260910/etc/research/t195-s1-intrusion-repair-audit-001.md	4137	6b697dc42410bf15e6ab0b08373e494588b339979a2dc11a8972806408b21801
docs/etc/research/t195-s2-adapter-convergence-contract-001.md	artifacts/documentation-archive/20260910/etc/research/t195-s2-adapter-convergence-contract-001.md	7052	920508aa18903772f5e2e65722e01eeffdadfd3dbc9e30e62c6b8a81e8947ce6
docs/etc/research/t195-s3-adapter-owned-bop-observation-001.md	artifacts/documentation-archive/20260910/etc/research/t195-s3-adapter-owned-bop-observation-001.md	3735	305a76eb14f389b4390b5fd5095554e50e46bb688ce39e89c82b2d0d3af41dd5
docs/etc/research/t195-s4-adapter-machine-composition-migration-001.md	artifacts/documentation-archive/20260910/etc/research/t195-s4-adapter-machine-composition-migration-001.md	3647	fa9c470a55e6a4f663a11f990be864f65d990b21748249d2fc446553d75f4a3f
docs/etc/research/t195-s5-intrusion-register-reconciliation-001.md	artifacts/documentation-archive/20260910/etc/research/t195-s5-intrusion-register-reconciliation-001.md	2753	ff1e5025472a79f2202db355b3557d3828770863e38944a77483824127e499fc
docs/etc/research/t195-s6-repaired-boundary-closure-001.md	artifacts/documentation-archive/20260910/etc/research/t195-s6-repaired-boundary-closure-001.md	2824	0725694df33dc2dab6e65d2034f1debec443a321a50ec5e8808db44f6c4b7657
docs/etc/research/t196-s1-bochs26-intrusive-diff-baseline-001.md	artifacts/documentation-archive/20260910/etc/research/t196-s1-bochs26-intrusive-diff-baseline-001.md	6153	1122e746481b2f673bc09e35f4a2ffab9e2d2d4820ab6e90cff74de213806ce5
docs/etc/research/t196-s2-intrusive-diff-classification-001.md	artifacts/documentation-archive/20260910/etc/research/t196-s2-intrusive-diff-classification-001.md	7771	0e5f95b7ed26a421d87821dcc317352bb593246fe160a007f276aeb11ffbd8bb
docs/etc/research/t196-s3-retired-diagnostic-removal-001.md	artifacts/documentation-archive/20260910/etc/research/t196-s3-retired-diagnostic-removal-001.md	4047	e6ca74553323df726d1b1abde42b6f1149a19f7aeb37f5be99fadd723336232e
docs/etc/research/t196-s4-retained-mechanics-repair-001.md	artifacts/documentation-archive/20260910/etc/research/t196-s4-retained-mechanics-repair-001.md	7633	5f81569eda54368731d0f918a46dd1c31928ae9747890fd84607994fba3037da
docs/etc/research/t196-s5-current-diff-register-crosswalk-001.md	artifacts/documentation-archive/20260910/etc/research/t196-s5-current-diff-register-crosswalk-001.md	3119	0412deb38131cd8d9ad739a852e40c6c59e54e17b74392a6c836bef03cd25815
docs/etc/research/t196-s6-effective-closure-prebuild-audit-001.md	artifacts/documentation-archive/20260910/etc/research/t196-s6-effective-closure-prebuild-audit-001.md	1606	7b72493f07fd982a85874c5c06077692fbe4eb46440007a5a89f482b4cf69f54
docs/etc/research/t197-s1-bochs-ownership-placement-map-001.md	artifacts/documentation-archive/20260910/etc/research/t197-s1-bochs-ownership-placement-map-001.md	7624	1a199525903f29bf3a9fe73befb45a2354b821381fe0345023a436cbb77ab13c
docs/etc/research/t197-s2-mantle-path-migration-001.md	artifacts/documentation-archive/20260910/etc/research/t197-s2-mantle-path-migration-001.md	2268	52166d6e25c3faedabe5901590247fb3d132b6bc83a19b4a2a856b1315bfc558
docs/etc/research/t197-s3-core-closure-first-edge-001.md	artifacts/documentation-archive/20260910/etc/research/t197-s3-core-closure-first-edge-001.md	4185	f14f991febcfa5f8e0081dc0f8d8b1286c623528a0ea7ee0f090cb2726135513
docs/etc/research/t197-s4-core-path-migration-001.md	artifacts/documentation-archive/20260910/etc/research/t197-s4-core-path-migration-001.md	2747	a856aa013d5b9314c180f8310500cf73c6d4469dc621607989ba929a1c491d89
docs/etc/research/t197-s5-sim-mantle-seam-001.md	artifacts/documentation-archive/20260910/etc/research/t197-s5-sim-mantle-seam-001.md	3840	292153504571ac194d92375d49e74694141c52720a6da1f9e1b62e1c98e37548
docs/etc/research/t197-s6-cpu5-minimal-link-probe-001.md	artifacts/documentation-archive/20260910/etc/research/t197-s6-cpu5-minimal-link-probe-001.md	6339	116cffce53bc815a31c4528442b6415209b54daa52ba098870826625c07a8d36
docs/etc/research/t197-s7-physical-closure-reconciliation-001.md	artifacts/documentation-archive/20260910/etc/research/t197-s7-physical-closure-reconciliation-001.md	3082	3aede973d07f558843b6ba576f6ec6241eab2dec55227025460cf01641aa9d75
docs/etc/research/t198-component-package-replan-001.md	artifacts/documentation-archive/20260910/etc/research/t198-component-package-replan-001.md	2316	be35909f6e3c5858f7f66984fdb875bc60cf1f96fd15b45428a7a5d15283a248
docs/etc/research/t198-s100-dem-handle-abi-map-001.md	artifacts/documentation-archive/20260910/etc/research/t198-s100-dem-handle-abi-map-001.md	1635	be379eba63f692d578b3502063add231cdde83748b676522e200ef75c895bf9b
docs/etc/research/t198-s101-dem-handle-abi-witness-001.md	artifacts/documentation-archive/20260910/etc/research/t198-s101-dem-handle-abi-witness-001.md	1011	96be87e5164cd7932602c0f9489b8380941a53aa3b33ec284d8f7c478fbfa8db
docs/etc/research/t198-s102-post-handle-abi-native-observation-001.md	artifacts/documentation-archive/20260910/etc/research/t198-s102-post-handle-abi-native-observation-001.md	830	110cbf1202070a772a35789ee6e40c7b9de0b10207bb9531af41f3f919b5cce0
docs/etc/research/t198-s103-fastread-observation-fixture-001.md	artifacts/documentation-archive/20260910/etc/research/t198-s103-fastread-observation-fixture-001.md	2227	4ee8d582f6c7aed4278e13fe32bbb9a6d9534b17e86b529937cb0a4eb78791e2
docs/etc/research/t198-s104-complete-fastread-native-observation-001.md	artifacts/documentation-archive/20260910/etc/research/t198-s104-complete-fastread-native-observation-001.md	2440	3b1339df531b1b45a4f499a9e037160e7f8d905b06fb3fe2b2b2ca6a987fe784
docs/etc/research/t198-s105-dem-fast-io-disposition-map-001.md	artifacts/documentation-archive/20260910/etc/research/t198-s105-dem-fast-io-disposition-map-001.md	2795	767494206e01ac32c8b0d75f39c03efde05cde8152590a9969df8dd661fff2ab
docs/etc/research/t198-s106-dem-fast-io-noop-family-001.md	artifacts/documentation-archive/20260910/etc/research/t198-s106-dem-fast-io-noop-family-001.md	1491	06f4027dbe967b3968aac3a0023f894baa33e93082e224a7b5a314cdc823645c
docs/etc/research/t198-s107-fastio-noop-native-observation-001.md	artifacts/documentation-archive/20260910/etc/research/t198-s107-fastio-noop-native-observation-001.md	714	2e534488c4c5ff677a2acfa05715b91a66487f2a70097b99c3924cb5bf1a1b81
docs/etc/research/t198-s108-c000-int10-machine-owner-map-001.md	artifacts/documentation-archive/20260910/etc/research/t198-s108-c000-int10-machine-owner-map-001.md	2991	2c3facc5a6331745889e360faf41fe1999947a0495847b16e14fcc4286ff5a2e
docs/etc/research/t198-s109-dem-fastread-contract-reconciliation-001.md	artifacts/documentation-archive/20260910/etc/research/t198-s109-dem-fastread-contract-reconciliation-001.md	3432	5916dea29322cc11baeb795681d7512d7178f2646bb3278192f4ecffe5b59884
docs/etc/research/t198-s10-p1-provider-plane-witness-001.md	artifacts/documentation-archive/20260910/etc/research/t198-s10-p1-provider-plane-witness-001.md	1294	a7dcd3b349ec9014e4e82e8a2e90761c5cee14e97dc6bc5693c06bbca10744e8
docs/etc/research/t198-s10-p4-path-next-witness-001.md	artifacts/documentation-archive/20260910/etc/research/t198-s10-p4-path-next-witness-001.md	2457	7afe1f1b013279372fd84025d3b15f78af0a8b754bc994570a690b21b05430ec
docs/etc/research/t198-s110-fastread-provider-restoration-001.md	artifacts/documentation-archive/20260910/etc/research/t198-s110-fastread-provider-restoration-001.md	1399	22f1c8870e0ab9c84eef0ac93ac0a67624449d2128576981055527a0de51c711
docs/etc/research/t198-s111-fastread-restored-native-observation-001.md	artifacts/documentation-archive/20260910/etc/research/t198-s111-fastread-restored-native-observation-001.md	1568	2790076b027cbb3a812d0f78f507785c0db9e8d7fe05bfb81a04ec80b6aa34f4
docs/etc/research/t198-s112-fastread-telemetry-order-map-001.md	artifacts/documentation-archive/20260910/etc/research/t198-s112-fastread-telemetry-order-map-001.md	1667	a00891e9d6107577c574c65a13735867804ecc525ecd57bbaadbdb5e466c5592
docs/etc/research/t198-s113-fastread-postcommit-observer-001.md	artifacts/documentation-archive/20260910/etc/research/t198-s113-fastread-postcommit-observer-001.md	1306	63f1988194c2b2132a74fc10601b9584c770c77515fda6e4ac96ceea0598b2ab
docs/etc/research/t198-s114-fastread-postcommit-native-observation-001.md	artifacts/documentation-archive/20260910/etc/research/t198-s114-fastread-postcommit-native-observation-001.md	1317	b37b2f47ccccfbaa7d71deecf3531741417d785bfbdd8df18dce39377c31f685
docs/etc/research/t198-s115-fastread-fallback-source-map-001.md	artifacts/documentation-archive/20260910/etc/research/t198-s115-fastread-fallback-source-map-001.md	1902	e5210b692ced748656ace093f4cfa442b951a679b813902fc452431200e68b41
docs/etc/research/t198-s116-fastread-attempt-ledger-001.md	artifacts/documentation-archive/20260910/etc/research/t198-s116-fastread-attempt-ledger-001.md	864	e67945d0109c28eaee3e4f801a4e63dca9fb51bc333702478b92b7370fd60f25
docs/etc/research/t198-s118-fastread-ledger-export-closure-001.md	artifacts/documentation-archive/20260910/etc/research/t198-s118-fastread-ledger-export-closure-001.md	485	e489f093c897b2ec859a5b56404a320fa49a2b8ef21364961a0123438a89ca25
docs/etc/research/t198-s119-fastread-ledger-native-observation-001.md	artifacts/documentation-archive/20260910/etc/research/t198-s119-fastread-ledger-native-observation-001.md	2872	6d7f83e70a9ff05bc09b5cc365211b1da30a1864c9ae182b652169ab9aa12377
docs/etc/research/t198-s11-p1-synchronous-composition-map-001.md	artifacts/documentation-archive/20260910/etc/research/t198-s11-p1-synchronous-composition-map-001.md	3937	c3bb3b0c23aeff5d092f89b419bf75ba1040048fdf938218b190a4607575e616
docs/etc/research/t198-s120-fastread-declined-token-lifecycle-map-001.md	artifacts/documentation-archive/20260910/etc/research/t198-s120-fastread-declined-token-lifecycle-map-001.md	3412	19c5bbc4156312483074ddbacebc9f60d3020cc99de9f5b1b9220c68178278c0
docs/etc/research/t198-s121-dem-lifecycle-ledger-001.md	artifacts/documentation-archive/20260910/etc/research/t198-s121-dem-lifecycle-ledger-001.md	1001	2e89ed69ec50ced42dcab3a4dafacdb6552f0b8d8eda793cc87ed205b81a0efd
docs/etc/research/t198-s123-zero-byte-result-transaction-fix-001.md	artifacts/documentation-archive/20260910/etc/research/t198-s123-zero-byte-result-transaction-fix-001.md	807	c24c57059b7b922aa0e161d4abab581b02ad6903ac267650819f9fb4fa681baf
docs/etc/research/t198-s124-zero-byte-eof-native-observation-001.md	artifacts/documentation-archive/20260910/etc/research/t198-s124-zero-byte-eof-native-observation-001.md	907	475abdea62531d06152b4789fa77805fabe759eca9796c6b2ab9428bf662655b
docs/etc/research/t198-s125-command-launch-composition-map-001.md	artifacts/documentation-archive/20260910/etc/research/t198-s125-command-launch-composition-map-001.md	2328	57470cd4d29ef73aca09f6ad68d49370c789a4a40c645e5dcbd1337ea86dafe9
docs/etc/research/t198-s126-command-launch-composition-closure-001.md	artifacts/documentation-archive/20260910/etc/research/t198-s126-command-launch-composition-closure-001.md	1124	c1a64d85fc43039febd036cb1660eba9e33215cef4f21967b3e9e1251703a174
docs/etc/research/t198-s127-command-launch-native-observation-001.md	artifacts/documentation-archive/20260910/etc/research/t198-s127-command-launch-native-observation-001.md	1914	a899285339dabf541bc97d0d2cbcf37bc5ab394ea57abf34a855a0d01486c677
docs/etc/research/t198-s128-command-keyboard-layout-reuse-map-001.md	artifacts/documentation-archive/20260910/etc/research/t198-s128-command-keyboard-layout-reuse-map-001.md	2612	e47ba0dcf06a269368bc6e7200d83f981e51f6bb1c110a7d16a41bbc5ffc2eae
docs/etc/research/t198-s129-command-keyboard-layout-composition-closure-001.md	artifacts/documentation-archive/20260910/etc/research/t198-s129-command-keyboard-layout-composition-closure-001.md	1134	3efb25807888f40e422f2e73c15a2b84901d26d2a07a09e40b43e3fab57da6a9
docs/etc/research/t198-s12-p1-adapter-composition-witness-001.md	artifacts/documentation-archive/20260910/etc/research/t198-s12-p1-adapter-composition-witness-001.md	2335	00e53652ea1588d60d0da6dcd0d8f83217d4526e08c864ecb6e53fbdd32eb5c1
docs/etc/research/t198-s12-p2-composed-bridge-witness-001.md	artifacts/documentation-archive/20260910/etc/research/t198-s12-p2-composed-bridge-witness-001.md	1328	a87666de0fb44d37856140eaf0e6a2ac56bd8ecf4818959794290a52bd2ef96b
docs/etc/research/t198-s12-p3-native-cross-island-link-frontier-001.md	artifacts/documentation-archive/20260910/etc/research/t198-s12-p3-native-cross-island-link-frontier-001.md	2491	e3d753b80269715c54dfc24cfb7eaa35b9e0148e688adfccfde60276b7e6caa5
docs/etc/research/t198-s130-post-keyboard-native-observation-001.md	artifacts/documentation-archive/20260910/etc/research/t198-s130-post-keyboard-native-observation-001.md	1028	51ff5463ac76afb5ab9546dce668a011d860f4784f5531cb77953e7458482fca
docs/etc/research/t198-s131-command-current-directory-reuse-map-001.md	artifacts/documentation-archive/20260910/etc/research/t198-s131-command-current-directory-reuse-map-001.md	2101	011e2fb3b685a9a2366382040be7fd1f3bb7f0d6f8005835872b81cd571e5a7f
docs/etc/research/t198-s132-command-current-directory-composition-closure-001.md	artifacts/documentation-archive/20260910/etc/research/t198-s132-command-current-directory-composition-closure-001.md	1323	d12510316c7369ad411590ce1946e81f09b20bc6164e7b7fb0595c1b95bbad1a
docs/etc/research/t198-s134-paired-command-endpoints-native-result-001.md	artifacts/documentation-archive/20260910/etc/research/t198-s134-paired-command-endpoints-native-result-001.md	1096	46d0592a51d53a306dc3bc2063a342d0f554964e9d0b1a674753c4918f4105bd
docs/etc/research/t198-s13-msvc-x64-minimal-lifecycle-witness-001.md	artifacts/documentation-archive/20260910/etc/research/t198-s13-msvc-x64-minimal-lifecycle-witness-001.md	2628	54006d23da1a1d7988c90eb13be924622cae461b1034be965bf7f91e33923d7b
docs/etc/research/t198-s14-msvc-x64-finite-hlt-witness-001.md	artifacts/documentation-archive/20260910/etc/research/t198-s14-msvc-x64-finite-hlt-witness-001.md	1897	1c3433f37dc121388acaf494b92a14650039251e844cf237184b2b6eb633298e
docs/etc/research/t198-s15-msvc-x64-generic-ud2-observation-001.md	artifacts/documentation-archive/20260910/etc/research/t198-s15-msvc-x64-generic-ud2-observation-001.md	3544	2ff061af0c825f711fed80bccbd5cd67935349b1d1607a38dfe728104f4c801a
docs/etc/research/t198-s16-msvc-x64-boot-namespace-composition-witness-001.md	artifacts/documentation-archive/20260910/etc/research/t198-s16-msvc-x64-boot-namespace-composition-witness-001.md	2497	a7fc9ed5d7cb814960abb0b39508b5473349b43d39869a49c73adf70fb10a598
docs/etc/research/t198-s17-msvc-x64-native-bop-composition-witness-001.md	artifacts/documentation-archive/20260910/etc/research/t198-s17-msvc-x64-native-bop-composition-witness-001.md	2897	4005d9e6f83325b0f033554ad6a8b336598090055cd33a7a0e97117da20a857b
docs/etc/research/t198-s18-boot-namespace-native-matrix-001.md	artifacts/documentation-archive/20260910/etc/research/t198-s18-boot-namespace-native-matrix-001.md	2147	62826b05a855e29d7d5abc81b4842c343806ef680e03d36fbca265316816a3b2
docs/etc/research/t198-s18-dta-composition-closure-001.md	artifacts/documentation-archive/20260910/etc/research/t198-s18-dta-composition-closure-001.md	489	55320ef7855a8c1cf813c91ba77bec6c0ce32eff3755c588ce1394e5ab83376b
docs/etc/research/t198-s18-native-command-bootfile-witness-001.md	artifacts/documentation-archive/20260910/etc/research/t198-s18-native-command-bootfile-witness-001.md	524	94c61dd99dbdc9721539e2ea18a8003f20d1bfdd97e34edd4898b2d1f235536e
docs/etc/research/t198-s18-native-dem-lifecycle-witness-001.md	artifacts/documentation-archive/20260910/etc/research/t198-s18-native-dem-lifecycle-witness-001.md	889	f9f15361c000317cee633145404ed8179fef41ec441696e4e9b4d5fa6cdcf5fc
docs/etc/research/t198-s18-native-dta-search-witness-001.md	artifacts/documentation-archive/20260910/etc/research/t198-s18-native-dta-search-witness-001.md	3050	2ab385bc0b2146c9bbef576cf5a85565b865efe04221700fc339a9a2325b8d35
docs/etc/research/t198-s19-first-ntdos-guest-entry-map-001.md	artifacts/documentation-archive/20260910/etc/research/t198-s19-first-ntdos-guest-entry-map-001.md	5824	6f4674aebf1802c2cc51c4d4422b403462e30ecdae5c2a3d903eab766867cfaf
docs/etc/research/t198-s1-bop-runtime-composition-map-001.md	artifacts/documentation-archive/20260910/etc/research/t198-s1-bop-runtime-composition-map-001.md	4104	84c546f939823a69e12e6d7ee32639fd915c3d30f5bb150e6bc5d074a582c94d
docs/etc/research/t198-s20-native-dem-load-dos-witness-001.md	artifacts/documentation-archive/20260910/etc/research/t198-s20-native-dem-load-dos-witness-001.md	2606	74dfed7e930dc88e5d732042c195414a0299e3561e5df2efc049c00d32d71e8f
docs/etc/research/t198-s21-ntio-preentry-contract-map-001.md	artifacts/documentation-archive/20260910/etc/research/t198-s21-ntio-preentry-contract-map-001.md	3959	d649809f5cc97be8beab77a08943e8656ba4a838ca2d38e240854b8a83b11b3a
docs/etc/research/t198-s22-mantle-preentry-witness-001.md	artifacts/documentation-archive/20260910/etc/research/t198-s22-mantle-preentry-witness-001.md	2400	a756dbbf7028652b42441037d51cd1dafa291f41c968bbb11282f1048e1382f8
docs/etc/research/t198-s23-p1-ntio-request-builder-001.md	artifacts/documentation-archive/20260910/etc/research/t198-s23-p1-ntio-request-builder-001.md	1475	3440985d2f1f0ce3749e4a6a2364025035fd6d3a38900ad84d08b7a2ff9c53e3
docs/etc/research/t198-s23-p2-native-ntio-first-boundary-001.md	artifacts/documentation-archive/20260910/etc/research/t198-s23-p2-native-ntio-first-boundary-001.md	1519	8a9dfb9d90be875d588369fe7afef28b3885cc38d6695f190ecdb47e8f6dd56c
docs/etc/research/t198-s23-p4-post-dem-bop12-map-001.md	artifacts/documentation-archive/20260910/etc/research/t198-s23-p4-post-dem-bop12-map-001.md	1171	a42fa810acbe2f31ae8b916af398f5436528aff3122a6eadc6ff3523435e33c9
docs/etc/research/t198-s23-p5-native-bios12-continuation-001.md	artifacts/documentation-archive/20260910/etc/research/t198-s23-p5-native-bios12-continuation-001.md	1700	a59ec303ff265b2f7d87653f9048de5326a2613d3de5e564609b72e367b07c33
docs/etc/research/t198-s24-p1-dem-isdebug-native-resume-001.md	artifacts/documentation-archive/20260910/etc/research/t198-s24-p1-dem-isdebug-native-resume-001.md	1851	029be3c03f7350333c11473d727e1bfba27ef0ee7c05f8a5d69781b531bd7609
docs/etc/research/t198-s24-p2-native-hlt-source-triage-001.md	artifacts/documentation-archive/20260910/etc/research/t198-s24-p2-native-hlt-source-triage-001.md	1545	14b4766251c08bb299791fcd18454bf1b77b6ce53f34faa5a73bf61190c74313
docs/etc/research/t198-s24-p3-terminal-snapshot-001.md	artifacts/documentation-archive/20260910/etc/research/t198-s24-p3-terminal-snapshot-001.md	1647	c8756ce2df93007e750dd2ee386e320f433d8cbe8ae0d22d2eca11d30bb70cb6
docs/etc/research/t198-s25-p1-source-built-ntdos-next-boundary-001.md	artifacts/documentation-archive/20260910/etc/research/t198-s25-p1-source-built-ntdos-next-boundary-001.md	882	2d1c43324d370393f076f87628771c2516320ab211a47fc494e2c4c9cbc66bf3
docs/etc/research/t198-s25-p2-command-setinfo-native-001.md	artifacts/documentation-archive/20260910/etc/research/t198-s25-p2-command-setinfo-native-001.md	607	cea6b4f6de6b7ea7e7609f6207b14856a025ca7e3a1ce928f503b2ee73093b0a
docs/etc/research/t198-s25-p3-dem-gset-dta-native-001.md	artifacts/documentation-archive/20260910/etc/research/t198-s25-p3-dem-gset-dta-native-001.md	2804	51662693dff714b95e50a9e419130081f37fa695c6d55b65433469b25e089e78
docs/etc/research/t198-s26-p1-dem-error-lock-native-001.md	artifacts/documentation-archive/20260910/etc/research/t198-s26-p1-dem-error-lock-native-001.md	1636	8ffd870550a3e363dbcf72d88a09360c71f3bd013f3bd05355a3d68a849a99cc
docs/etc/research/t198-s26-p2-dem-init-trio-native-001.md	artifacts/documentation-archive/20260910/etc/research/t198-s26-p2-dem-init-trio-native-001.md	2392	eb7aafaa74faeb095e745b640b31ced7a07f3462e5bb7775ec24f95b67338341
docs/etc/research/t198-s27-post-drive-machine-audit-001.md	artifacts/documentation-archive/20260910/etc/research/t198-s27-post-drive-machine-audit-001.md	4907	cfcc324c44f0d1a65a960290da11ce1c152b42edacf050c9dc74b2d93e0104b3
docs/etc/research/t198-s28-post-drive-generic-ud-probe-001.md	artifacts/documentation-archive/20260910/etc/research/t198-s28-post-drive-generic-ud-probe-001.md	2073	9e1ff6f6b06940b93abe72ea0622d60f9cde67d230da50356f317cce29a74f04
docs/etc/research/t198-s29-first-generic-ud-capture-001.md	artifacts/documentation-archive/20260910/etc/research/t198-s29-first-generic-ud-capture-001.md	2366	43c2328c13df48aa609feca06b28701c555e43cb79713cc4e0a1a5f0edd0efcc
docs/etc/research/t198-s2-native-execution-contract-map-001.md	artifacts/documentation-archive/20260910/etc/research/t198-s2-native-execution-contract-map-001.md	5695	6a4d554fe4eb5309fca9e777c2cfd84ae759f4a5f0f80441db1a5e0355096507
docs/etc/research/t198-s30-low-ram-frontier-ownership-audit-001.md	artifacts/documentation-archive/20260910/etc/research/t198-s30-low-ram-frontier-ownership-audit-001.md	2927	a2d747b84a51c4b6e661922c23f6cd37be6c8101798f550c556b2c7a1b0538f0
docs/etc/research/t198-s31-terminal-ram-snapshot-001.md	artifacts/documentation-archive/20260910/etc/research/t198-s31-terminal-ram-snapshot-001.md	2768	842911d0b3c2e63809872ae42c51a1bd88b76293b938219634edaa32104a225c
docs/etc/research/t198-s32-first-generic-event-state-001.md	artifacts/documentation-archive/20260910/etc/research/t198-s32-first-generic-event-state-001.md	1924	96458ccb106b96e2957dc1877bc751f7535dae6c125f75c2a7c9d445aff7c917
docs/etc/research/t198-s33-first-generic-stack-snapshot-001.md	artifacts/documentation-archive/20260910/etc/research/t198-s33-first-generic-stack-snapshot-001.md	2226	532852abc7c311fd2bb44bb452034d5b0872e1996a4db8cb369254e00e8495f2
docs/etc/research/t198-s34-instruction-history-seam-audit-001.md	artifacts/documentation-archive/20260910/etc/research/t198-s34-instruction-history-seam-audit-001.md	3324	15374fc8c53ad3102d8417bc3c96d816b05b5cdbdbe99c108ea73d27ae97090a
docs/etc/research/t198-s35-chained-history-rejection-001.md	artifacts/documentation-archive/20260910/etc/research/t198-s35-chained-history-rejection-001.md	2672	cc280497eaea0e5ef8205089e6eae8f080dcfd18710f1406e798eec21fdf079a
docs/etc/research/t198-s36-chained-step-history-witness-001.md	artifacts/documentation-archive/20260910/etc/research/t198-s36-chained-step-history-witness-001.md	3023	74ff37a3587656166f0010b913d0105b84459f9f836f9184f9525568ee011e45
docs/etc/research/t198-s37-low-ram-transfer-attribution-001.md	artifacts/documentation-archive/20260910/etc/research/t198-s37-low-ram-transfer-attribution-001.md	2980	eb05b07b2dc1a4102a4ba2a160799b2e16e0191e8fc4bc1d8491c412b2a2c7c8
docs/etc/research/t198-s38-cs-transition-witness-001.md	artifacts/documentation-archive/20260910/etc/research/t198-s38-cs-transition-witness-001.md	2836	a984feacdca1e3d6550bac37b06771dbe592d5e980365003779220fbd801d339
docs/etc/research/t198-s39-preentry-contract-attribution-001.md	artifacts/documentation-archive/20260910/etc/research/t198-s39-preentry-contract-attribution-001.md	3725	0f42adeb136087310b5b5973b14b5db5844d4a5d98ad7d1e73d39d6f86ba36ed
docs/etc/research/t198-s3-finite-native-run-witness-001.md	artifacts/documentation-archive/20260910/etc/research/t198-s3-finite-native-run-witness-001.md	3031	f197ff4bf1f1d6ad401b6f79b0b2ee59949ad583622468df10e2f80efc94adcc
docs/etc/research/t198-s40-preentry-input-closure-001.md	artifacts/documentation-archive/20260910/etc/research/t198-s40-preentry-input-closure-001.md	2773	8ee2640b5905e2551a9dea50003e9727c81426be11f652b561818de7b31a282b
docs/etc/research/t198-s41-stack-position-witness-001.md	artifacts/documentation-archive/20260910/etc/research/t198-s41-stack-position-witness-001.md	503	4ce7d0dae249f241e619b380b277fd78890cb7304f15d744a14ff124b2f099d3
docs/etc/research/t198-s42-control-transfer-provenance-001.md	artifacts/documentation-archive/20260910/etc/research/t198-s42-control-transfer-provenance-001.md	3078	0341d332df4bda709322f399bdbbfac0982a7cd9d38e6a65b4a9dd49c9efffa1
docs/etc/research/t198-s43-devio-call-pointer-attribution-001.md	artifacts/documentation-archive/20260910/etc/research/t198-s43-devio-call-pointer-attribution-001.md	3065	22051afbe3b2c9b61b82c947876e8cd113d39b554f81475176d17c3fd3b100d3
docs/etc/research/t198-s44-call-dev-ad-terminal-witness-001.md	artifacts/documentation-archive/20260910/etc/research/t198-s44-call-dev-ad-terminal-witness-001.md	1946	c72afefac835ec1605ef64abb3888e792e8efe8a689d89fe4d2bd5a333ccb75c
docs/etc/research/t198-s45-realmode-ip-wrap-source-audit-001.md	artifacts/documentation-archive/20260910/etc/research/t198-s45-realmode-ip-wrap-source-audit-001.md	2664	66f32b1d552be9345f7a4566d1fc4cba2a6d38e8483a771d76b98e596e411e5c
docs/etc/research/t198-s46-neutral-realmode-ip-wrap-witness-001.md	artifacts/documentation-archive/20260910/etc/research/t198-s46-neutral-realmode-ip-wrap-witness-001.md	2197	853c4bab456fd4a19d531d9eb9e3192de45388ec3318896a42fe847c714ab1d8
docs/etc/research/t198-s47-realmode-ip-width-repair-001.md	artifacts/documentation-archive/20260910/etc/research/t198-s47-realmode-ip-width-repair-001.md	3525	e73cee93ca39686ef6861a8c143255a850667939d6125032e9cb9927f6945d2c
docs/etc/research/t198-s48-clean-ntio-post-wrap-observation-001.md	artifacts/documentation-archive/20260910/etc/research/t198-s48-clean-ntio-post-wrap-observation-001.md	2557	f4b6f747933ece6676848a6fbb74575bec6f610e7282c3a83df8143728114ce6
docs/etc/research/t198-s49-post-drive-continuation-001.md	artifacts/documentation-archive/20260910/etc/research/t198-s49-post-drive-continuation-001.md	1890	7ca6ecc503a57ba29a4273a33b231fd02df2230d1fb4076187b1865af2b09c69
docs/etc/research/t198-s4-generic-ud-seam-map-001.md	artifacts/documentation-archive/20260910/etc/research/t198-s4-generic-ud-seam-map-001.md	3903	d22f402ce51aa8c8ff079cd6e737e7103688f096c42f751571cb58ddb538746e
docs/etc/research/t198-s50-current-composition-membership-001.md	artifacts/documentation-archive/20260910/etc/research/t198-s50-current-composition-membership-001.md	2124	2586a7b0c35ed561d39a93d306912e551ac3d0174973270a497980b5b691d5d5
docs/etc/research/t198-s51-dpb-composition-witness-001.md	artifacts/documentation-archive/20260910/etc/research/t198-s51-dpb-composition-witness-001.md	1951	1564e4b0be09ec3b29d5c8c64310fd40b1eb426d08f5636113fc19b29f6b9b58
docs/etc/research/t198-s52-bios15-ah88-observation-001.md	artifacts/documentation-archive/20260910/etc/research/t198-s52-bios15-ah88-observation-001.md	1283	b73231989e283e05829510f39ef3c5e315a603ccde4d75148e7a0fdb4f2a640e
docs/etc/research/t198-s53-ah88-guard-repair-001.md	artifacts/documentation-archive/20260910/etc/research/t198-s53-ah88-guard-repair-001.md	1300	20c6222cba37353b593c76528e347b0dbecf2e7dec3437906613d762648fa057
docs/etc/research/t198-s54-boot-drive-composition-audit-001.md	artifacts/documentation-archive/20260910/etc/research/t198-s54-boot-drive-composition-audit-001.md	1361	3778319881cdf9f6e280527d5a526a75c67dbb77bbead5ef34b1a6e369f3c32d
docs/etc/research/t198-s55-boot-drive-composition-witness-001.md	artifacts/documentation-archive/20260910/etc/research/t198-s55-boot-drive-composition-witness-001.md	1043	246f6d46e8fc0353e64b486545adcf9a556546a611c3966ea72e23d258c57c36
docs/etc/research/t198-s56-ioctl-metadata-audit-001.md	artifacts/documentation-archive/20260910/etc/research/t198-s56-ioctl-metadata-audit-001.md	1206	ade7e4629ce02cd985353f84738f0e0354fd3bdbf5b495d8c7cfdda75c74fbcd
docs/etc/research/t198-s57-ioctl-metadata-composition-witness-001.md	artifacts/documentation-archive/20260910/etc/research/t198-s57-ioctl-metadata-composition-witness-001.md	718	7af91dc40fd727cc92d24336072edb50f85965f64ce77df00dd05e0bf7b648ea
docs/etc/research/t198-s58-fast-read-contract-audit-001.md	artifacts/documentation-archive/20260910/etc/research/t198-s58-fast-read-contract-audit-001.md	1591	7bd54acc359cfbc4e5fc6dbc99fc95759e7b4a2805deb9a43a30a9cdb696d548
docs/etc/research/t198-s59-fast-read-composition-witness-001.md	artifacts/documentation-archive/20260910/etc/research/t198-s59-fast-read-composition-witness-001.md	1700	032f1f32602914ac330da9d3963803a568a391c16cd8bd3b674ca41fa4ba6888
docs/etc/research/t198-s5-p1-generic-ud-bridge-record-001.md	artifacts/documentation-archive/20260910/etc/research/t198-s5-p1-generic-ud-bridge-record-001.md	876	28b1dfb141e07bef1357cc6bee7cced17a1b9b243b83332bdfdfe2d37c3b3ce1
docs/etc/research/t198-s5-p2-core-mantle-ud-hook-001.md	artifacts/documentation-archive/20260910/etc/research/t198-s5-p2-core-mantle-ud-hook-001.md	1078	b9e735b0813e7be24beedd79915803d92a6c903041d6d7e98c62bb17e355fcf9
docs/etc/research/t198-s5-p3-finite-ud-stop-witness-001.md	artifacts/documentation-archive/20260910/etc/research/t198-s5-p3-finite-ud-stop-witness-001.md	806	9791321a04f96d18c79d00ceaadc0b8f40d58e41311531814a4c5c9a96f0814a
docs/etc/research/t198-s5-p3-physical-core-cleanup-witness-001.md	artifacts/documentation-archive/20260910/etc/research/t198-s5-p3-physical-core-cleanup-witness-001.md	2050	367f22f8f2f3252a01ae866d1ab47237302b4a04a337e91d6b37339adf2c76f4
docs/etc/research/t198-s60-spckbd-handoff-audit-001.md	artifacts/documentation-archive/20260910/etc/research/t198-s60-spckbd-handoff-audit-001.md	1506	37cb310a48d22e95922657b3333974d445964de4d424c16e32c540ed759b8d2d
docs/etc/research/t198-s61-spckbd-cf-fallback-witness-001.md	artifacts/documentation-archive/20260910/etc/research/t198-s61-spckbd-cf-fallback-witness-001.md	1288	c247d831b5e21360a9faf3bb229f70856fbb6442d7f5d4006e5fdc010eb19f2b
docs/etc/research/t198-s62-emm-probe-audit-001.md	artifacts/documentation-archive/20260910/etc/research/t198-s62-emm-probe-audit-001.md	1046	44cbd969eeda12d1e992fd0f04a376c630f9b22b51f8afc71484d8b2a3bff6d4
docs/etc/research/t198-s63-emm-unavailable-witness-001.md	artifacts/documentation-archive/20260910/etc/research/t198-s63-emm-unavailable-witness-001.md	1001	7b14e1d21775fa50763c536e221e0e20d6f7b31731c5f85ce4a1736d87a278e8
docs/etc/research/t198-s64-mouse-install-mapping-audit-001.md	artifacts/documentation-archive/20260910/etc/research/t198-s64-mouse-install-mapping-audit-001.md	1168	ea55ed75f1348aeb88a56d9234538b334c73e140dfd71694d39919c6416b0648
docs/etc/research/t198-s65-mouse-vector-mapping-witness-001.md	artifacts/documentation-archive/20260910/etc/research/t198-s65-mouse-vector-mapping-witness-001.md	1169	b4758550188315249b87f6003c9f32b7c472a71021326b717e04b2d6d4e576d3
docs/etc/research/t198-s66-printer-unavailable-audit-001.md	artifacts/documentation-archive/20260910/etc/research/t198-s66-printer-unavailable-audit-001.md	924	06873ee788ffc5b8e0bf5c162e746eb5083fb12baa3576b22e64c12b44be34b6
docs/etc/research/t198-s67-printer-disabled-witness-001.md	artifacts/documentation-archive/20260910/etc/research/t198-s67-printer-disabled-witness-001.md	951	aebedfbab30918a13e7941e613d9e698cf73b459198e7b8b8b03e610d921784a
docs/etc/research/t198-s68-config-done-notification-audit-001.md	artifacts/documentation-archive/20260910/etc/research/t198-s68-config-done-notification-audit-001.md	1316	d33fb2a0dad97785acd159eafcf536fb8c1cdb87452b7be5358da51cca24a1ae
docs/etc/research/t198-s69-config-done-nohost-witness-001.md	artifacts/documentation-archive/20260910/etc/research/t198-s69-config-done-nohost-witness-001.md	949	e0c0926aa38f8e366b60c51b49fc91c033dae57c5dd60c1607421bac9caa83ed
docs/etc/research/t198-s6-global-ingress-bridge-witness-001.md	artifacts/documentation-archive/20260910/etc/research/t198-s6-global-ingress-bridge-witness-001.md	1801	aead1b4c3f38a50f9d663e522394b4f5cf12cd8d9bc8c5cc26f36422d55f0b42
docs/etc/research/t198-s6-mantle-vdm-ingress-map-001.md	artifacts/documentation-archive/20260910/etc/research/t198-s6-mantle-vdm-ingress-map-001.md	4068	a936a4c4d5ad46bb3f97a5fce010295a46cde8f0b11fb161d3234ca7dac04db7
docs/etc/research/t198-s6-x86-vdm-toolchain-audit-001.md	artifacts/documentation-archive/20260910/etc/research/t198-s6-x86-vdm-toolchain-audit-001.md	1495	70dd5c94e508e5cbaf29aeb6580208f2ccc724311e5ce38cea7ba215a051539e
docs/etc/research/t198-s70-entry-dos-app-plane-audit-001.md	artifacts/documentation-archive/20260910/etc/research/t198-s70-entry-dos-app-plane-audit-001.md	1299	a942073ff97d5c85311fa13f9826e7552a5e501b415dcb417021cf9cb6b0cd70
docs/etc/research/t198-s71-entry-dos-app-no-vdd-witness-001.md	artifacts/documentation-archive/20260910/etc/research/t198-s71-entry-dos-app-no-vdd-witness-001.md	1472	b4130d80597aee419053e905eccbba631742ee0db8c4a57cf8ca96e60234b554
docs/etc/research/t198-s72-post-entry-execution-contract-audit-001.md	artifacts/documentation-archive/20260910/etc/research/t198-s72-post-entry-execution-contract-audit-001.md	1560	2e23121c9b8d7bf7338dfd7884bbfe820b28b20064c254dd13ed3f96df585cdb
docs/etc/research/t198-s73-post-entry-million-tick-witness-001.md	artifacts/documentation-archive/20260910/etc/research/t198-s73-post-entry-million-tick-witness-001.md	2023	869800bd1316b1b5f49375d2751534270dc59324cfffcaca1ebee8766a27d22e
docs/etc/research/t198-s74-dem-pdb-termination-composition-audit-001.md	artifacts/documentation-archive/20260910/etc/research/t198-s74-dem-pdb-termination-composition-audit-001.md	2059	2b0038fecda64211f1ffde9f7c1a2c6c74ebb8f0c47b0f9201b45640b5075e9e
docs/etc/research/t198-s74-dem-pdb-termination-witness-001.md	artifacts/documentation-archive/20260910/etc/research/t198-s74-dem-pdb-termination-witness-001.md	1632	da062caf2cc62de0617dedf896cb6b31afddcb8085c0d8cbe142f8a3eec30289
docs/etc/research/t198-s75-bios-int15-cassette-handler-audit-001.md	artifacts/documentation-archive/20260910/etc/research/t198-s75-bios-int15-cassette-handler-audit-001.md	2535	f951eded1ab56b928a3ddd16557b9efcd1ec6596cf6e68db6677f3b2328bdccb
docs/etc/research/t198-s76-bios-int15-hypothesis-refusal-001.md	artifacts/documentation-archive/20260910/etc/research/t198-s76-bios-int15-hypothesis-refusal-001.md	1690	4b119c2d2e6dac04d97186793fcee2356c9af07950a9aa3d005b440633412e52
docs/etc/research/t198-s77-c000-rom-window-provenance-audit-001.md	artifacts/documentation-archive/20260910/etc/research/t198-s77-c000-rom-window-provenance-audit-001.md	1850	8670cd432acfa4e4b660c53e19067bc7a412568b98563c3f66aa1b931091c839
docs/etc/research/t198-s78-minimum-rom-ivt-closure-map-001.md	artifacts/documentation-archive/20260910/etc/research/t198-s78-minimum-rom-ivt-closure-map-001.md	6223	b1cfd961dcce6f0d4be437b8cc5cfd9264178994c5cf1fce72265bf90c05be11
docs/etc/research/t198-s79-machine-image-producer-audit-001.md	artifacts/documentation-archive/20260910/etc/research/t198-s79-machine-image-producer-audit-001.md	4090	6b380f01d34488404df793ae06e5cf96369aafb755c29878d5b67fb7bffefd1b
docs/etc/research/t198-s7-cross-island-link-witness-001.md	artifacts/documentation-archive/20260910/etc/research/t198-s7-cross-island-link-witness-001.md	1541	62453e431386355b50ed8a6896646c970d7684e3b51c55ee582f6c307edd2f17
docs/etc/research/t198-s80-display-mode-vector-chain-audit-001.md	artifacts/documentation-archive/20260910/etc/research/t198-s80-display-mode-vector-chain-audit-001.md	4919	bb786ba6c5cb83fccf99e6d19c2d9ac9a76de94d8a54a80887352c190b5da6d7
docs/etc/research/t198-s81-bop5f-passive-observation-001.md	artifacts/documentation-archive/20260910/etc/research/t198-s81-bop5f-passive-observation-001.md	2628	81ee59239311b1fefe54c0975eab8a8c2b3b8e36de5e2510e7ad6ccf521d81d1
docs/etc/research/t198-s82-spckbd-native-int10-provenance-001.md	artifacts/documentation-archive/20260910/etc/research/t198-s82-spckbd-native-int10-provenance-001.md	2966	0ed563439650c1fa72a24c78ae58f1a5b475bb821dbd19937a91835d0ffcf6ab
docs/etc/research/t198-s83-spckbd-patch-lifecycle-001.md	artifacts/documentation-archive/20260910/etc/research/t198-s83-spckbd-patch-lifecycle-001.md	3622	b478c2a1280d8d331b3efec7ab0a953f899e31bb1e742628723e001ad628b431
docs/etc/research/t198-s84-bop5f-observer-order-001.md	artifacts/documentation-archive/20260910/etc/research/t198-s84-bop5f-observer-order-001.md	3087	13fbf5cefa6856548d9135cc928ce55db48c07c363d554f2957f8d0e1d6fb2dc
docs/etc/research/t198-s85-spckbd-host-contract-delta-001.md	artifacts/documentation-archive/20260910/etc/research/t198-s85-spckbd-host-contract-delta-001.md	4102	a10dbe62e33412794edcbf9aa828d058be1c949f4c4b2d37e2207eba5ca34932
docs/etc/research/t198-s86-cli-stream-profile-design-001.md	artifacts/documentation-archive/20260910/etc/research/t198-s86-cli-stream-profile-design-001.md	3856	30f6943df9bf2f023ea5fb8495ebf3d4133e05e41e71bcc6cd49a473c3584a36
docs/etc/research/t198-s87-spckbd-stream-state-transaction-001.md	artifacts/documentation-archive/20260910/etc/research/t198-s87-spckbd-stream-state-transaction-001.md	3371	85457f7f0b9261f3b86fb7fbedeb8055377be8966784c25a1ce847e3255f643c
docs/etc/research/t198-s88-profile-stream-composition-001.md	artifacts/documentation-archive/20260910/etc/research/t198-s88-profile-stream-composition-001.md	3192	f4f6e5e39003b52e9a3230b03507a79d2e364cb087a3320db40aa38992c0019a
docs/etc/research/t198-s89-s90-native-spckbd-cs-si-closure-001.md	artifacts/documentation-archive/20260910/etc/research/t198-s89-s90-native-spckbd-cs-si-closure-001.md	1498	2f96533fcfb09d26bbd74fe5889a56c33ab92519132d6bec5a5cd889aade4d24
docs/etc/research/t198-s8-boot-namespace-provider-closure-map-001.md	artifacts/documentation-archive/20260910/etc/research/t198-s8-boot-namespace-provider-closure-map-001.md	2286	54273edc66a9eb3f9c2e7b060778e3e7a4c277cdf36e965d0215bb1b0f8fbd88
docs/etc/research/t198-s8-mechanical-action-boundary-witness-001.md	artifacts/documentation-archive/20260910/etc/research/t198-s8-mechanical-action-boundary-witness-001.md	4035	9da40322debe063adb90879c42316980406339c9a3315706c3b80be6869a5f53
docs/etc/research/t198-s91-dem-exit-vdm-classification-001.md	artifacts/documentation-archive/20260910/etc/research/t198-s91-dem-exit-vdm-classification-001.md	3891	4f82809c9e70d9bc1f488fc4c6f5c9f67e195e074a0c72c219b37da090cfd009
docs/etc/research/t198-s92-normal-return-candidate-prerequisite-map-001.md	artifacts/documentation-archive/20260910/etc/research/t198-s92-normal-return-candidate-prerequisite-map-001.md	5460	250d7abefa58689aa0bb872833f686dc38fb70b62ba6d95c2dc359b221913ef4
docs/etc/research/t198-s93-source-built-normal-return-fixture-preparation-001.md	artifacts/documentation-archive/20260910/etc/research/t198-s93-source-built-normal-return-fixture-preparation-001.md	2385	f8bbd8507d953aa7b3793203f1a1a591d963bbc8dc82e041a83baa559263ec29
docs/etc/research/t198-s94-source-built-normal-return-observation-001.md	artifacts/documentation-archive/20260910/etc/research/t198-s94-source-built-normal-return-observation-001.md	1400	ee873717d5ffcda676f9435b0375e82d7935e177b59f5088e71acd8af9971ec9
docs/etc/research/t198-s95-command-bootstrap-component-map-001.md	artifacts/documentation-archive/20260910/etc/research/t198-s95-command-bootstrap-component-map-001.md	6936	94c93130ae06bc46408d0582598e9674972623adec9c7971d25814a2ce4da60a
docs/etc/research/t198-s96-command-bootstrap-composition-witness-001.md	artifacts/documentation-archive/20260910/etc/research/t198-s96-command-bootstrap-composition-witness-001.md	3044	3ded06fbd2e54edfad22677209c13a527b2831e643e34195d6f632e65c059de2
docs/etc/research/t198-s97-post-bootstrap-native-observation-001.md	artifacts/documentation-archive/20260910/etc/research/t198-s97-post-bootstrap-native-observation-001.md	1799	917b4b0c3bd09cc0dceac02e59106b45a49ccaec91ffd1b8efa874880be67ed5
docs/etc/research/t198-s98-dem-fastread-component-map-001.md	artifacts/documentation-archive/20260910/etc/research/t198-s98-dem-fastread-component-map-001.md	2303	4b34e9ea01c21102f0952b535a47db5f4b8e8dcdcf82c33592bdf0028862bd6a
docs/etc/research/t198-s99-fastread-state-correction-001.md	artifacts/documentation-archive/20260910/etc/research/t198-s99-fastread-state-correction-001.md	1380	9e18d78dff5425e2ed1b783e8573ed0f0702da2ff55b001e31c35478cbddf6f1
docs/etc/research/t198-s9-boot-namespace-composition-closure-map-001.md	artifacts/documentation-archive/20260910/etc/research/t198-s9-boot-namespace-composition-closure-map-001.md	5849	b84080f4520eb5431a02cdc5d0ea9ce7d515ac3cdd00e33630778c72224aaaed
docs/etc/research/t199-global-bop-state-audit-001.md	artifacts/documentation-archive/20260910/etc/research/t199-global-bop-state-audit-001.md	4319	372a3cdbeb608b04769b392b6b8427086d0dbd068cf27f73a1f15f87fc70576b
docs/etc/research/t199-global-bop-state-audit-plan-001.md	artifacts/documentation-archive/20260910/etc/research/t199-global-bop-state-audit-plan-001.md	1437	bcf1557586d381170cc7378b046f9b12ff18b5eb48a199d6228a84e80d21b17f
docs/etc/research/t199-s10-dpmi-source-abi-failure-matrix-001.md	artifacts/documentation-archive/20260910/etc/research/t199-s10-dpmi-source-abi-failure-matrix-001.md	2919	c6e631582f36c2ddfc6eb5f03403b133f6336ada2e17290be28a027405c9484a
docs/etc/research/t199-s11-shared-xms-dpmi-machine-capability-plan-001.md	artifacts/documentation-archive/20260910/etc/research/t199-s11-shared-xms-dpmi-machine-capability-plan-001.md	2460	4be8ff2e4d0b13eb58c72543ac403e232b3123dc284e7845b0146bc5221204bd
docs/etc/research/t199-s12-redirector-source-abi-failure-matrix-001.md	artifacts/documentation-archive/20260910/etc/research/t199-s12-redirector-source-abi-failure-matrix-001.md	4347	451e643a4f85774da7f87ce195024c4553f0389cf047fd717d35b91750f36b1c
docs/etc/research/t199-s13-redirector-unavailable-package-regression-001.md	artifacts/documentation-archive/20260910/etc/research/t199-s13-redirector-unavailable-package-regression-001.md	2240	3a0367847b618fcfb6bd503890ff080f049e3fa096fc813518b095d15158b3da
docs/etc/research/t199-s14-debugger-source-abi-failure-matrix-001.md	artifacts/documentation-archive/20260910/etc/research/t199-s14-debugger-source-abi-failure-matrix-001.md	3157	9fdc972b23980cf0460f90f58112345cd15a5f90aee95cf17c088fa054f40c64
docs/etc/research/t199-s15-debugger-deferred-package-regression-001.md	artifacts/documentation-archive/20260910/etc/research/t199-s15-debugger-deferred-package-regression-001.md	1563	5a96cee5182f6d40f893bbfe20d55f4945473180ecf1d7f47d8c028adc17f556
docs/etc/research/t199-s16-top-level-bop-source-owner-matrix-001.md	artifacts/documentation-archive/20260910/etc/research/t199-s16-top-level-bop-source-owner-matrix-001.md	3068	5e5d6c16fc86d71270abe907260620296745a863d4c1b4ce52f86955227d6c03
docs/etc/research/t199-s17-top-level-grouped-disposition-001.md	artifacts/documentation-archive/20260910/etc/research/t199-s17-top-level-grouped-disposition-001.md	2377	62c809b4372d6f5a9c3fb67720ce9e899a8bfc3d00a1e41a7ab973a3f4b4c77e
docs/etc/research/t199-s18-top-level-package-facade-regression-001.md	artifacts/documentation-archive/20260910/etc/research/t199-s18-top-level-package-facade-regression-001.md	2826	2fc5eaa73204049aa347451d2a387594bde0e4c5bd8a5a712a1e2c8c2faa5aa9
docs/etc/research/t199-s19-machine-bios-source-abi-owner-map-001.md	artifacts/documentation-archive/20260910/etc/research/t199-s19-machine-bios-source-abi-owner-map-001.md	3249	1781a31eb34101f15c75ce91f306f5ff0511b4c80d545699623fceadd7d18fae
docs/etc/research/t199-s20-machine-bop-facade-regression-001.md	artifacts/documentation-archive/20260910/etc/research/t199-s20-machine-bop-facade-regression-001.md	1972	c6a86cb21e32f1899c061c576b096174e6d04fef096bc5a563b1b412f83a2b0c
docs/etc/research/t199-s21-c1-a20-capability-admission-001.md	artifacts/documentation-archive/20260910/etc/research/t199-s21-c1-a20-capability-admission-001.md	1467	23ba3af2b4d2cd46032d7d48ae24bb1f8bbfeb9953f72f0ad5cc48f2a941e1f1
docs/etc/research/t199-s22-c1-a20-capability-regression-001.md	artifacts/documentation-archive/20260910/etc/research/t199-s22-c1-a20-capability-regression-001.md	789	d702677548ee13a0422a861485f8c21d34fba7de9b265da89b3e03ab9ec664fa
docs/etc/research/t199-s23-c2-extended-memory-capability-admission-001.md	artifacts/documentation-archive/20260910/etc/research/t199-s23-c2-extended-memory-capability-admission-001.md	1524	3f625e7f0c603fa6093826f63f17e24b55522e8a387724320f8fca04a3fa61b7
docs/etc/research/t199-s24-c2-extended-memory-regression-001.md	artifacts/documentation-archive/20260910/etc/research/t199-s24-c2-extended-memory-regression-001.md	3821	6199c7f542b9a3ee22c8e9c59a78edb127d1dca561831e1825c73e9b378ce54a
docs/etc/research/t199-s25-c3-umb-owner-abi-failure-map-001.md	artifacts/documentation-archive/20260910/etc/research/t199-s25-c3-umb-owner-abi-failure-map-001.md	3845	db1d11f93b8705bf16e1ac020d3f6627d8d8d8259985e6c699d6e53853f6aaf7
docs/etc/research/t199-s26-c5-int15-owner-abi-failure-map-001.md	artifacts/documentation-archive/20260910/etc/research/t199-s26-c5-int15-owner-abi-failure-map-001.md	2565	d0a4c21d33e057325485787618a628bac4411efccae1cf188db8f14e4e4a36d0
docs/etc/research/t199-s27-c4-protected-mode-owner-abi-failure-map-001.md	artifacts/documentation-archive/20260910/etc/research/t199-s27-c4-protected-mode-owner-abi-failure-map-001.md	3115	14f39027ef9cfeb1181f65c2c00ec45678e786c4a500e0ebbb6201c605960617
docs/etc/research/t199-s28-xms-dpmi-whole-package-reconciliation-001.md	artifacts/documentation-archive/20260910/etc/research/t199-s28-xms-dpmi-whole-package-reconciliation-001.md	2876	9dada9bcb0b09acacf1f3c0a588a35ab54d5606da7ccd5eaa166c1c79c5806d4
docs/etc/research/t199-s29-command-package-session-regression-001.md	artifacts/documentation-archive/20260910/etc/research/t199-s29-command-package-session-regression-001.md	3834	a9586ae420d27cdaa191586be4b020cb596350d74cfbd21ab332c087922b98fd
docs/etc/research/t199-s2-dem-source-abi-failure-matrix-001.md	artifacts/documentation-archive/20260910/etc/research/t199-s2-dem-source-abi-failure-matrix-001.md	3916	c22a91e15357157a2a9335819303de63d3500a3f0d4a94beb40a0111dc061401
docs/etc/research/t199-s30-dem-package-session-regression-001.md	artifacts/documentation-archive/20260910/etc/research/t199-s30-dem-package-session-regression-001.md	2911	938cef409e384feebf60e89dc657ced69d7da071046c5799946947ce6add9cac
docs/etc/research/t199-s31-xms-package-provider-regression-001.md	artifacts/documentation-archive/20260910/etc/research/t199-s31-xms-package-provider-regression-001.md	3600	38550abcff0309d489ba239a3552b29e9c84e77ccd943482fa34da23af30d1e2
docs/etc/research/t199-s32-dpmi-package-provider-regression-001.md	artifacts/documentation-archive/20260910/etc/research/t199-s32-dpmi-package-provider-regression-001.md	1634	7d5947ddd921b4bda410aab1c96fc680e5bcd981341ec0d3dca507b19408ec03
docs/etc/research/t199-s33-redirector-composition-reverification-001.md	artifacts/documentation-archive/20260910/etc/research/t199-s33-redirector-composition-reverification-001.md	861	c2ecd2970eb1d84af5b75524b92f579e659c0d9576a559331b0d004b9cde24e4
docs/etc/research/t199-s34-debugger-composition-reverification-001.md	artifacts/documentation-archive/20260910/etc/research/t199-s34-debugger-composition-reverification-001.md	730	296b9cf87c860e502c0cfc75f7f28b8ecad0870fcb0909c46e99e16a8a4b9d32
docs/etc/research/t199-s35-native-bop-composition-p1-001.md	artifacts/documentation-archive/20260910/etc/research/t199-s35-native-bop-composition-p1-001.md	1996	fe951a23f5e1b43c8bed0e98ddfd999c93c2ab8b70541665d5e226bca68f7bcc
docs/etc/research/t199-s36-command-whole-package-provider-implementation-001.md	artifacts/documentation-archive/20260910/etc/research/t199-s36-command-whole-package-provider-implementation-001.md	6318	5baca174720e91fe886b84f2639dbc7dd068424942531803b737954bd841e127
docs/etc/research/t199-s37-dem-canonical-dispatch-audit-001.md	artifacts/documentation-archive/20260910/etc/research/t199-s37-dem-canonical-dispatch-audit-001.md	1995	3fe75fd38432cc25c0e4f008674a25a9cb66adacf3c18bc2c0b30138421abb25
docs/etc/research/t199-s37-dem-dasd-ioctl-family-regression-001.md	artifacts/documentation-archive/20260910/etc/research/t199-s37-dem-dasd-ioctl-family-regression-001.md	1122	08b6ec100901833a7312244b4b4d6052b47e23721baf4e19127b4aac67f4e637
docs/etc/research/t199-s37-dem-fcb-handle-family-disposition-001.md	artifacts/documentation-archive/20260910/etc/research/t199-s37-dem-fcb-handle-family-disposition-001.md	2230	d0a953b49c0b0b14ebd5bbefe61cde197860f3cbd894e916a442ddd5f6706e4c
docs/etc/research/t199-s37-dem-gset-clock-provider-001.md	artifacts/documentation-archive/20260910/etc/research/t199-s37-dem-gset-clock-provider-001.md	2194	31f04b48dc35e2a8d3ce48f9e780864732516c62e69f944c8def50a04be22c35
docs/etc/research/t199-s37-dem-gset-computer-name-disposition-001.md	artifacts/documentation-archive/20260910/etc/research/t199-s37-dem-gset-computer-name-disposition-001.md	1473	73373266fa4e68d91f7d02277722e848d5b2fad416bce9b21c19989cd6209a63
docs/etc/research/t199-s37-dem-gset-default-drive-disposition-001.md	artifacts/documentation-archive/20260910/etc/research/t199-s37-dem-gset-default-drive-disposition-001.md	2300	666145bcd731681f2eec8c9e4bbc225e71c7effd5ed7d0ddccecae6653286384
docs/etc/research/t199-s37-dem-gset-dpb-source-abi-001.md	artifacts/documentation-archive/20260910/etc/research/t199-s37-dem-gset-dpb-source-abi-001.md	3518	1b22b8115547046ed2933b94056f4295057f50c90fe0e46e22a4b44366ae0377
docs/etc/research/t199-s37-dem-gset-family-regression-002.md	artifacts/documentation-archive/20260910/etc/research/t199-s37-dem-gset-family-regression-002.md	2367	784fc4899e12f0090003b56b692a70892436e0faf19c2cbd05969b52c6408acf
docs/etc/research/t199-s37-dem-misc-family-routing-correction-001.md	artifacts/documentation-archive/20260910/etc/research/t199-s37-dem-misc-family-routing-correction-001.md	1783	24745a7878ebf2fc7d5e691bfd614e4a2bcda0d358314e1f091276e508130386
docs/etc/research/t199-s37-dem-misc-owner-routing-correction-001.md	artifacts/documentation-archive/20260910/etc/research/t199-s37-dem-misc-owner-routing-correction-001.md	2635	9ec64dcc419bb6e4bcc9ae1e838138b72df98c205bed7e5c933e8b661fd959ff
docs/etc/research/t199-s37-dem-n1-readonly-namespace-family-regression-001.md	artifacts/documentation-archive/20260910/etc/research/t199-s37-dem-n1-readonly-namespace-family-regression-001.md	1392	5c4349bf4f3e951ad5d5787250c96a28e617dc682ef32152c696c6e7b5831206
docs/etc/research/t199-s37-dem-namespace-fcb-source-abi-map-001.md	artifacts/documentation-archive/20260910/etc/research/t199-s37-dem-namespace-fcb-source-abi-map-001.md	3903	29e959c2db87a74cc8fabc0c5381a8e68a4e9c585e592f7a7f6380278cd78a05
docs/etc/research/t199-s37-dem-native-integration-observation-001.md	artifacts/documentation-archive/20260910/etc/research/t199-s37-dem-native-integration-observation-001.md	2407	2ad314e1e994f7f141dda20720365bf4ec9c20529e506806c2da3e516ec057df
docs/etc/research/t199-s37-dem-package-family-regression-001.md	artifacts/documentation-archive/20260910/etc/research/t199-s37-dem-package-family-regression-001.md	9632	da7b4dfc0b8ffbd813a58fe6fe1a145dcce34b431166bad2986febb8a80c3642
docs/etc/research/t199-s37-dem-package-provider-matrix-001.md	artifacts/documentation-archive/20260910/etc/research/t199-s37-dem-package-provider-matrix-001.md	4325	f89b370475ed6144c3f85e893c5bb5107d6007f0b393c92c15417c02d0acaf32
docs/etc/research/t199-s37-dem-pretrace-evidence-ledger-001.md	artifacts/documentation-archive/20260910/etc/research/t199-s37-dem-pretrace-evidence-ledger-001.md	3200	e635e7549e5312bc20dc80f61f0ca876d5a92a9248ba8e23d82fd3ca01e9670f
docs/etc/research/t199-s37-dem-s1-fcb-search-family-baseline-001.md	artifacts/documentation-archive/20260910/etc/research/t199-s37-dem-s1-fcb-search-family-baseline-001.md	1390	7b6d25052495c71e659ac14f6c9986cc30578538e7a63105c620e98a9c467f86
docs/etc/research/t199-s37-dem-working-service-ledger-001.md	artifacts/documentation-archive/20260910/etc/research/t199-s37-dem-working-service-ledger-001.md	9303	10c3970bee113599eea654d6d4d1bb8e71932fbd834e006e7234dc6ce5262084
docs/etc/research/t199-s37-fcb-search-capability-design-001.md	artifacts/documentation-archive/20260910/etc/research/t199-s37-fcb-search-capability-design-001.md	4234	7d07fb142bc848a4aa1221d44ec48df058c1abc20fa13531cba77693a3c41082
docs/etc/research/t199-s37-host-volume-capability-001.md	artifacts/documentation-archive/20260910/etc/research/t199-s37-host-volume-capability-001.md	2134	0db2c1f50fe6e5b32459224dc841659341559f40d2c2dc4bcf7130afd37a776c
docs/etc/research/t199-s37-native-core-composition-link-closure-001.md	artifacts/documentation-archive/20260910/etc/research/t199-s37-native-core-composition-link-closure-001.md	3440	50193742d8b53b4804279abc688f0f2a8c493012409642016e496719f594eeaa
docs/etc/research/t199-s37-raw-media-no-device-provider-001.md	artifacts/documentation-archive/20260910/etc/research/t199-s37-raw-media-no-device-provider-001.md	1244	7b4cc7c65483ebb70be0b321ae0a7ac46eb1cadb1e000542c7387ca8cc6fc3bd
docs/etc/research/t199-s37-runtime-composition-wiring-001.md	artifacts/documentation-archive/20260910/etc/research/t199-s37-runtime-composition-wiring-001.md	3443	4692856e8e580bc7926d04b6bb47a39f9a2aaf150f4a907f26beff6ac3d8d9a6
docs/etc/research/t199-s38-global-bop-owner-composition-ledger-001.md	artifacts/documentation-archive/20260910/etc/research/t199-s38-global-bop-owner-composition-ledger-001.md	4296	eddf46111f671f7fd0eafb023593b3000463ba3c8766c8a6cb34cf08ed0eda09
docs/etc/research/t199-s39-package-complete-native-integration-baseline-001.md	artifacts/documentation-archive/20260910/etc/research/t199-s39-package-complete-native-integration-baseline-001.md	2624	37d14382c595c6248b80470ee208c9cbe127793e203c55425218d172918c97ce
docs/etc/research/t199-s3-dem-whole-package-disposition-001.md	artifacts/documentation-archive/20260910/etc/research/t199-s3-dem-whole-package-disposition-001.md	3541	ef61251c5594f673980b1575d70bdb5f23663e14ecfab38b1ecd1de8eab4d428
docs/etc/research/t199-s40-command-entry-lifecycle-source-abi-map-001.md	artifacts/documentation-archive/20260910/etc/research/t199-s40-command-entry-lifecycle-source-abi-map-001.md	3256	f175277dbfc8ccca1bece6f0b7c23b3d32abee95df4bdaffdc88ff3d08e8fc58
docs/etc/research/t199-s41-command-native-integration-observation-001.md	artifacts/documentation-archive/20260910/etc/research/t199-s41-command-native-integration-observation-001.md	2743	aa7f5b14dfd7e601c331c45e029162e5b866f7a5e1c835ca03c5d3ae3608292d
docs/etc/research/t199-s42-command-cmdinfo-source-abi-map-001.md	artifacts/documentation-archive/20260910/etc/research/t199-s42-command-cmdinfo-source-abi-map-001.md	8600	9ad9b06514b1ed2cd318eadc97b3643b2e1f15a25256bb90b1a1002be690957d
docs/etc/research/t199-s43-command-family-owner-disposition-ledger-001.md	artifacts/documentation-archive/20260910/etc/research/t199-s43-command-family-owner-disposition-ledger-001.md	4172	25b922a49c2b4f096878dd6f910effe62f52355fabbf997c13babf9283ebd643
docs/etc/research/t199-s44-xms-owner-abi-failure-map-001.md	artifacts/documentation-archive/20260910/etc/research/t199-s44-xms-owner-abi-failure-map-001.md	2876	565b4547bf7b6b2265613ad0c5f13a6dfc564e1b21cbfba8159b443da2f5d8d7
docs/etc/research/t199-s45-dpmi-owner-abi-failure-map-001.md	artifacts/documentation-archive/20260910/etc/research/t199-s45-dpmi-owner-abi-failure-map-001.md	4724	2e9a4629ddf31797644f9f83a7fb8d252ca00a228646f1723ad2bc93ea4f4a42
docs/etc/research/t199-s46-redirector-package-revalidation-001.md	artifacts/documentation-archive/20260910/etc/research/t199-s46-redirector-package-revalidation-001.md	2523	461d755c395264c5c131e18d69cb709886ba9a904a8a06a55d4bc742400ddf9b
docs/etc/research/t199-s47-debugger-package-revalidation-001.md	artifacts/documentation-archive/20260910/etc/research/t199-s47-debugger-package-revalidation-001.md	2496	5ed2b1f0c0332e5ece4bcd2330da1cfb82e74b94268ca972fdff5b23c0e5ac95
docs/etc/research/t199-s48-top-level-host-service-package-revalidation-001.md	artifacts/documentation-archive/20260910/etc/research/t199-s48-top-level-host-service-package-revalidation-001.md	2926	76989f16fba21654f00a47eecee0b14528f4b09cae057c05f0614c4d0aacc41b
docs/etc/research/t199-s49-machine-bios-package-revalidation-001.md	artifacts/documentation-archive/20260910/etc/research/t199-s49-machine-bios-package-revalidation-001.md	2355	7791e2cdec835d48e9b059dbb00f653b141ed1bd90fabe809f5973fb953da02b
docs/etc/research/t199-s4-dem-package-facade-regression-001.md	artifacts/documentation-archive/20260910/etc/research/t199-s4-dem-package-facade-regression-001.md	2917	a9628bca44e477577f214c65108b1256822e7546eed267487068d72c37ab219b
docs/etc/research/t199-s50-global-bop-package-closure-audit-001.md	artifacts/documentation-archive/20260910/etc/research/t199-s50-global-bop-package-closure-audit-001.md	3413	6deae3884107a93a37c6e34754231ecf97a2268bb9dd3145f6669068a0510ba2
docs/etc/research/t199-s5-command-source-abi-failure-matrix-001.md	artifacts/documentation-archive/20260910/etc/research/t199-s5-command-source-abi-failure-matrix-001.md	5424	0058ec8ba5ea2c9f3236842ce38e532526033392b3605f2082a0fcc6f32df9d0
docs/etc/research/t199-s6-command-whole-package-disposition-001.md	artifacts/documentation-archive/20260910/etc/research/t199-s6-command-whole-package-disposition-001.md	3042	f6fd15f9c7bc30fcfce815acd0778f2b48cfac9a6ccd68e1a8a8143ec6a89441
docs/etc/research/t199-s7-command-package-facade-regression-001.md	artifacts/documentation-archive/20260910/etc/research/t199-s7-command-package-facade-regression-001.md	1289	517233df56c2f412b94e39aff0c58a0cbc27c21a5b7c77a89db13237d7b93923
docs/etc/research/t199-s8-xms-source-abi-failure-matrix-001.md	artifacts/documentation-archive/20260910/etc/research/t199-s8-xms-source-abi-failure-matrix-001.md	3254	cdcb461bfca3caffe8ea8c03d55b6b4ab93d5513ac708c783a5409356dbde898
docs/etc/research/t199-s9-xms-whole-package-disposition-001.md	artifacts/documentation-archive/20260910/etc/research/t199-s9-xms-whole-package-disposition-001.md	1854	2de489bc1b13f47c634a38beea439180e36378374f61030ba9bd1885280f9395
docs/etc/research/t200-s10-cli-terminal-owner-boundary-001.md	artifacts/documentation-archive/20260910/etc/research/t200-s10-cli-terminal-owner-boundary-001.md	3116	3b7d88c1dbc8326184f730405fc8d639ffda003cb8c882ed50e7be6e08c7316f
docs/etc/research/t200-s11-native-engine-entry-abi-map-001.md	artifacts/documentation-archive/20260910/etc/research/t200-s11-native-engine-entry-abi-map-001.md	6384	00bdef2376ceab1101e1248bccc8f1fb2306022b0dbe55ffc479dfb5054c2354
docs/etc/research/t200-s12-native-engine-contract-001.md	artifacts/documentation-archive/20260910/etc/research/t200-s12-native-engine-contract-001.md	2491	c472e3584f917bc08e41eea5b1e9bfc7841b1104d59abb43949819da0061eafd
docs/etc/research/t200-s13-native-engine-lifecycle-skeleton-001.md	artifacts/documentation-archive/20260910/etc/research/t200-s13-native-engine-lifecycle-skeleton-001.md	3174	33643ac0cc910620f38bf6caf09fdf39351ef649b7e5b6d0efd1f20a22a301d1
docs/etc/research/t200-s14-direct-composition-closure-001.md	artifacts/documentation-archive/20260910/etc/research/t200-s14-direct-composition-closure-001.md	3058	7b74f2f7c9016993890f81fbf2967c94c5564f5133e742ef2b8c99173b1b1060
docs/etc/research/t200-s15-native-engine-machine-lifecycle-map-001.md	artifacts/documentation-archive/20260910/etc/research/t200-s15-native-engine-machine-lifecycle-map-001.md	5178	c5df4d0bb698ffe6a0cfba8ddb0e8631ba1f1280d3533a75ecb040115656a349
docs/etc/research/t200-s16-direct-composition-startup-plan-closure-001.md	artifacts/documentation-archive/20260910/etc/research/t200-s16-direct-composition-startup-plan-closure-001.md	2152	0609b7af46902c8f7d80af75dad5ef70410c476eb25a8e4b4b1e37b8cbf12d7c
docs/etc/research/t200-s17-product-preentry-source-abi-map-001.md	artifacts/documentation-archive/20260910/etc/research/t200-s17-product-preentry-source-abi-map-001.md	3730	5eed018cb92eb587c199a72d9206f2ec2146fcd421374915b8fe54e7403152a0
docs/etc/research/t200-s18-initial-state-declaration-abi-001.md	artifacts/documentation-archive/20260910/etc/research/t200-s18-initial-state-declaration-abi-001.md	1588	c573e03df019d8fb7ffc0301a0d5e08da2162d32dc014865cbb2ee9dfd586e59
docs/etc/research/t200-s19-initial-state-evidence-binding-decision-001.md	artifacts/documentation-archive/20260910/etc/research/t200-s19-initial-state-evidence-binding-decision-001.md	2263	a35ca890416ee647659cc27591b210b88b8055bb68160855956182bf50df43f3
docs/etc/research/t200-s1-native-cli-integrated-baseline-001.md	artifacts/documentation-archive/20260910/etc/research/t200-s1-native-cli-integrated-baseline-001.md	2182	cce07c2f8c2f5187bfaa9747b2b28e81b5f06f860e8f50945983a18a3473ab3d
docs/etc/research/t200-s20-external-initial-state-profile-closure-001.md	artifacts/documentation-archive/20260910/etc/research/t200-s20-external-initial-state-profile-closure-001.md	524	0fb9be7d2de6463d1ef2400e457c12f9494a192b1a5212da133987196e2dac23
docs/etc/research/t200-s21-initial-state-publication-closure-001.md	artifacts/documentation-archive/20260910/etc/research/t200-s21-initial-state-publication-closure-001.md	1969	0716ec688f4146cceebef251cf4c9d547a12a03aa1cabd0a5791032a892040cd
docs/etc/research/t200-s22-native-engine-machine-stage-closure-001.md	artifacts/documentation-archive/20260910/etc/research/t200-s22-native-engine-machine-stage-closure-001.md	2864	67084a293b764fea72fc64d2d4e741a08badb047590839b5993305d3e9b69b94
docs/etc/research/t200-s23-real-mode-entry-arming-closure-001.md	artifacts/documentation-archive/20260910/etc/research/t200-s23-real-mode-entry-arming-closure-001.md	2181	360b17141af2f1697fe32931309f6d8ff0a4893430cf22df4ad772eb29d9cccc
docs/etc/research/t200-s24-bounded-native-execution-closure-001.md	artifacts/documentation-archive/20260910/etc/research/t200-s24-bounded-native-execution-closure-001.md	2865	e635e64c9a43dd65da1b739060107ed9f8932e6895f7e8bf006e2ab448d76794
docs/etc/research/t200-s25-first-controlled-terminal-observation-001.md	artifacts/documentation-archive/20260910/etc/research/t200-s25-first-controlled-terminal-observation-001.md	3247	1ecb54e341df2992357162c104b6d0d054a58e9392d00643f459c527e1699588
docs/etc/research/t200-s26-command-initial-lifecycle-reconciliation-001.md	artifacts/documentation-archive/20260910/etc/research/t200-s26-command-initial-lifecycle-reconciliation-001.md	5322	760553b51a4ccfe6803605f3e18473e1ce4e320f6ac5b0360156367fc3b86d68
docs/etc/research/t200-s27-native-cli-engine-handoff-001.md	artifacts/documentation-archive/20260910/etc/research/t200-s27-native-cli-engine-handoff-001.md	1952	eecc0a8acf276fb5a804cdcd3fd19ddb2dda31afa9ca47cf2f2ffc3611dbe0e3
docs/etc/research/t200-s28-native-cli-admission-regression-001.md	artifacts/documentation-archive/20260910/etc/research/t200-s28-native-cli-admission-regression-001.md	1158	5fa51a627a520045928fd4bbd77461513a31eb2f7cf6f2602394a41c0ef1c228
docs/etc/research/t200-s29-excluded-drive-owner-map-001.md	artifacts/documentation-archive/20260910/etc/research/t200-s29-excluded-drive-owner-map-001.md	2934	8a61b8986b441f66dc01c125c4bc064eb621391e1f0003f2e0cd7f9e90c89792
docs/etc/research/t200-s2-command-cmdinfo-native-frontier-diagnosis-001.md	artifacts/documentation-archive/20260910/etc/research/t200-s2-command-cmdinfo-native-frontier-diagnosis-001.md	5684	c95451303bb329dafb9751ac2946e6a2ef4df551f26f71e4b78937b515bde848
docs/etc/research/t200-s30-real-host-capability-source-abi-map-001.md	artifacts/documentation-archive/20260910/etc/research/t200-s30-real-host-capability-source-abi-map-001.md	4635	7e3e7c59e70c490e4e39ca8cb5d12ed6d05a00258eb64c43740be7e8aa97ef77
docs/etc/research/t200-s31-host-integrated-bop-provider-audit-ledger-001.md	artifacts/documentation-archive/20260910/etc/research/t200-s31-host-integrated-bop-provider-audit-ledger-001.md	45075	7133de859008d43332c0c1e02d7bbe7f9721d1bfd78bbe549a2a881907e4048f
docs/etc/research/t200-s3-command-cmdinfo-observation-fixture-001.md	artifacts/documentation-archive/20260910/etc/research/t200-s3-command-cmdinfo-observation-fixture-001.md	1192	e2aa50e260e50e617af29105225391c72a647b075d76f52ec9e6fc22b8b7cd41
docs/etc/research/t200-s4-command-cmdinfo-native-observation-001.md	artifacts/documentation-archive/20260910/etc/research/t200-s4-command-cmdinfo-native-observation-001.md	1477	9a8a014afde187eb5060d38ec06a008daa0165bf6c00482b3f930f52cd59c028
docs/etc/research/t200-s5-command-return-next-lifecycle-001.md	artifacts/documentation-archive/20260910/etc/research/t200-s5-command-return-next-lifecycle-001.md	1137	9c2cb0576745e1d92b805b4a8d98c47e63ed6c95debb54c90b94f5292d847a54
docs/etc/research/t200-s6-command-lifecycle-native-observation-001.md	artifacts/documentation-archive/20260910/etc/research/t200-s6-command-lifecycle-native-observation-001.md	593	1f49f50fee99c0a767923c4a6f461459ab63baf11156276b6252c7a04bb77be3
docs/etc/research/t200-s8-command-exhausted-plan-stop-001.md	artifacts/documentation-archive/20260910/etc/research/t200-s8-command-exhausted-plan-stop-001.md	588	718e1800c5d3902160089451512c8c487deb00e1f6ff818dc51dc15edaf01dab
docs/etc/research/t200-s9-command-terminal-native-observation-001.md	artifacts/documentation-archive/20260910/etc/research/t200-s9-command-terminal-native-observation-001.md	627	c8d1b9ea575f97742d64693578900b54d380619d7f8c8c55fe26a29ae54b77f8
docs/etc/research/t201-s1-mutation-profile-abi-001.md	artifacts/documentation-archive/20260910/etc/research/t201-s1-mutation-profile-abi-001.md	1437	82aff09073bd5370c439e484b30000f9c968ef12e5f7041a30b685f96e7d3ab8
docs/etc/research/t201-s2-mutation-overlay-lifecycle-001.md	artifacts/documentation-archive/20260910/etc/research/t201-s2-mutation-overlay-lifecycle-001.md	1021	b8bc056ec406cd07eda07df79806cfe845ac825b7daa869f0d333620c314ca79
docs/etc/research/t201-s3-mutation-policy-resolution-001.md	artifacts/documentation-archive/20260910/etc/research/t201-s3-mutation-policy-resolution-001.md	1006	2b39f92e44942f14a058fd77595a8de77d0d4c41cb4ab5aabd6b47455a44459f
docs/etc/research/t202-s1-dem-profile-consumer-composition-001.md	artifacts/documentation-archive/20260910/etc/research/t202-s1-dem-profile-consumer-composition-001.md	1299	65c91f18819a91cd801908e97cc7135e9b72ac848861de52efd4ea7ad2835ca6
docs/etc/research/t202-s2-dem-boot-drive-admission-001.md	artifacts/documentation-archive/20260910/etc/research/t202-s2-dem-boot-drive-admission-001.md	1326	c5a36c1d9f6dfb2e0328d78286deab3afbe163a81c4a8aeaee0cd5cabea3dd83
docs/etc/research/t202-s2-dem-cwd-family-service-001.md	artifacts/documentation-archive/20260910/etc/research/t202-s2-dem-cwd-family-service-001.md	3115	8fef91786916c769bbf4e31d6701eff00fe80f2ef86d22c440b269aef81b8c6b
docs/etc/research/t202-s2-dem-cwd-profile-context-001.md	artifacts/documentation-archive/20260910/etc/research/t202-s2-dem-cwd-profile-context-001.md	2414	0a77d46c72bfea82aad50a27840a91998095509c576cf4da177ef5f935f1dfcf
docs/etc/research/t202-s2-dem-drive-projection-gset-001.md	artifacts/documentation-archive/20260910/etc/research/t202-s2-dem-drive-projection-gset-001.md	2317	9d9aaaa19074b269d57d1ddd225788584cb5bce15f0c88cc88640f9f64d226b5
docs/etc/research/t202-s2-dem-namespace-cwd-volume-closure-001.md	artifacts/documentation-archive/20260910/etc/research/t202-s2-dem-namespace-cwd-volume-closure-001.md	2890	cb7257ff129b3644305e5fd4ead909ded9a5a66bbdc0654e90977073ffddf519
docs/etc/research/t202-s2-dem-namespace-cwd-volume-source-abi-map-001.md	artifacts/documentation-archive/20260910/etc/research/t202-s2-dem-namespace-cwd-volume-source-abi-map-001.md	4696	a10a7788a28000b093167d99f1fbb275375d98060cd714dac835867259ca412c
docs/etc/research/t202-s2-dem-runtime-profile-installation-001.md	artifacts/documentation-archive/20260910/etc/research/t202-s2-dem-runtime-profile-installation-001.md	2005	098fe929022c47fcd142071b186e3599924923e0f1c7b8a93e6ad48b9fd20750
docs/etc/research/t202-s2-host-namespace-directory-validation-001.md	artifacts/documentation-archive/20260910/etc/research/t202-s2-host-namespace-directory-validation-001.md	2272	36a63a37d519ad0f3c5f015795d1caea56e03710d5dbcbe2fa24d2c799a1b291
docs/etc/research/t202-s3-dem-file-handle-fcb-search-admission-closure-001.md	artifacts/documentation-archive/20260910/etc/research/t202-s3-dem-file-handle-fcb-search-admission-closure-001.md	3559	cf1e2b633d77eef77f7793b23209a848f0691467a83dedb42349865be5a7cce0
docs/etc/research/t202-s3-dem-file-handle-fcb-search-source-abi-map-001.md	artifacts/documentation-archive/20260910/etc/research/t202-s3-dem-file-handle-fcb-search-source-abi-map-001.md	16713	34df2ec2d54f5ad10f76aec660b39935d1079a269a4297a048d05b50fc48a1ed
docs/etc/research/t202-s4-dem-file-session-token-001.md	artifacts/documentation-archive/20260910/etc/research/t202-s4-dem-file-session-token-001.md	2355	716ce328f2385407f01199b8d50252c14a7448d06edef9444680d6b3d18dea81
docs/etc/research/t202-s4-dem-local-file-backend-001.md	artifacts/documentation-archive/20260910/etc/research/t202-s4-dem-local-file-backend-001.md	2589	3bfc4afd639fb065d0acec5524daded1bbc16cb26e04587af186c7ccdfea0b1c
docs/etc/research/t202-s4-dem-path-resolution-001.md	artifacts/documentation-archive/20260910/etc/research/t202-s4-dem-path-resolution-001.md	1463	72ca596f631f7cf15d7f16ac224503d351bdc3339eb82abfafa3b43c21c2c900
docs/etc/research/t202-s4-dem-whole-provider-session-001.md	artifacts/documentation-archive/20260910/etc/research/t202-s4-dem-whole-provider-session-001.md	20203	00c795543ed3039115aaf34d100bd65a38d38b3be51e443949dbdeae2a737f89
docs/etc/research/t202-s4-host-namespace-root-relative-open-001.md	artifacts/documentation-archive/20260910/etc/research/t202-s4-host-namespace-root-relative-open-001.md	5093	8d82ba1e86262d9851077aabfdd9f628d6ee8d633b5d78aa234eaa739a5f1d23
docs/etc/research/t202-s5-command-host-capability-source-abi-map-001.md	artifacts/documentation-archive/20260910/etc/research/t202-s5-command-host-capability-source-abi-map-001.md	8156	2774ed64dad2512d6c27b95618d14e853c258025633029b0311f769b7cd917b2
docs/etc/research/t202-s6-command-boot-input-001.md	artifacts/documentation-archive/20260910/etc/research/t202-s6-command-boot-input-001.md	3069	42031588d9a756a1842d3df9bab566beaf57944c6d8412bd7d6fef38c1ddef88
docs/etc/research/t202-s6-command-console-capability-001.md	artifacts/documentation-archive/20260910/etc/research/t202-s6-command-console-capability-001.md	1574	3c3794186708f057a159daa8e369c8b4c8372b5f29fac638bc021fc5c39007cc
docs/etc/research/t202-s6-command-environment-snapshot-001.md	artifacts/documentation-archive/20260910/etc/research/t202-s6-command-environment-snapshot-001.md	3223	bcd95d8e74aae959d58c6b4b1b7b37f84906fb1246f131945acdbe4f48235a00
docs/etc/research/t202-s6-command-execution-lifecycle-001.md	artifacts/documentation-archive/20260910/etc/research/t202-s6-command-execution-lifecycle-001.md	3101	461e4ba444ce1f2c9b5afc9049ddaf2baeb83919b5e59939ffe6bee8cba0cff4
docs/etc/research/t202-s6-command-host-context-001.md	artifacts/documentation-archive/20260910/etc/research/t202-s6-command-host-context-001.md	2793	1dc6394a957bf45cd27213a3390f6466f912e98f9a1824ae71cc32c4b92bc0f5
docs/etc/research/t202-s6-command-native-integration-observation-001.md	artifacts/documentation-archive/20260910/etc/research/t202-s6-command-native-integration-observation-001.md	1542	2994b2812a691066b62dc577b5e4056b15b93efbe00c3d00b3256d529d882ace
docs/etc/research/t202-s6-command-package-closure-ledger-001.md	artifacts/documentation-archive/20260910/etc/research/t202-s6-command-package-closure-ledger-001.md	2118	6f57f8568650c86eca731637afe69f0899242b7129e78a7d4ea4b6aedb5e5c1b
docs/etc/research/t202-s6-command-processor-context-001.md	artifacts/documentation-archive/20260910/etc/research/t202-s6-command-processor-context-001.md	1936	8c15d04a87ae09c63ba4641e2c305fb9bda9f07f41d31cca601839b35b1db34e
docs/etc/research/t202-s6-command-stream-gather-001.md	artifacts/documentation-archive/20260910/etc/research/t202-s6-command-stream-gather-001.md	1850	a1ec622cc3e78a8d07c0af795c4bf0d0010c99443e7b7d1cb50ed9770f88df41
docs/etc/research/t202-s6-command-stream-token-001.md	artifacts/documentation-archive/20260910/etc/research/t202-s6-command-stream-token-001.md	2658	3bd6c75d1f81bfe6c52273ba9034825d0e1e38dc76bc8168198b179afe3d041a
docs/etc/research/t202-s6-command-typed-child-lifecycle-001.md	artifacts/documentation-archive/20260910/etc/research/t202-s6-command-typed-child-lifecycle-001.md	2649	fa6f09609b694e6675e1ca46454c383bece789e32edd39d4e1a584f13cd7cf32
docs/etc/research/t202-s7-command-reentry-admission-decision-001.md	artifacts/documentation-archive/20260910/etc/research/t202-s7-command-reentry-admission-decision-001.md	6495	e4edd5f450ce79177321d270b47fb9c4d34bf4a27393118659053370c9ee6953
docs/etc/research/t203-s1-command-terminal-selector-source-map-001.md	artifacts/documentation-archive/20260910/etc/research/t203-s1-command-terminal-selector-source-map-001.md	2371	156360fb26644ca7c99374b2f1ccf43533bff39674b4e216d08aab4518f07f29
docs/etc/research/t203-s1-engine-terminal-admission-boundary-001.md	artifacts/documentation-archive/20260910/etc/research/t203-s1-engine-terminal-admission-boundary-001.md	5475	93764f4230d1befc0975610946ef58288b9bed0ce82047ed8dc32612bd3b9588
docs/etc/research/t203-s1-normal-return-observation-harness-map-001.md	artifacts/documentation-archive/20260910/etc/research/t203-s1-normal-return-observation-harness-map-001.md	3505	b7a55c80d9f92767a4df2c6da7cc7d01309ece1c9fdad8b1175391af48608f31
docs/etc/research/t203-s1-normal-terminal-observation-001.md	artifacts/documentation-archive/20260910/etc/research/t203-s1-normal-terminal-observation-001.md	3283	a847810b1f42d4d50d67f2f5e54440ba9b7775ae2e50661d6ee5e9edce02a645
docs/etc/research/t203-s1-normal-terminal-observation-validity-correction-001.md	artifacts/documentation-archive/20260910/etc/research/t203-s1-normal-terminal-observation-validity-correction-001.md	1912	2c127fdb7b9247cea5f002b0ce22af840e73038eb5a233b0c3ab6f2290946971
docs/etc/research/t203-s1-passive-normal-return-observation-001.md	artifacts/documentation-archive/20260910/etc/research/t203-s1-passive-normal-return-observation-001.md	2896	098de1241277e1916ac005dafeddf66aab7754f9bb2d210ad2b920ca41ee20f3
docs/etc/research/t204-s1-contained-guest-startup-configuration-map-001.md	artifacts/documentation-archive/20260910/etc/research/t204-s1-contained-guest-startup-configuration-map-001.md	7347	edf1522dbe1a2c14ed9f7ebe3ef643df64fd73b1e08c01a8b23dddb653aef151
docs/etc/research/t204-s2-startup-configuration-policy-abi-001.md	artifacts/documentation-archive/20260910/etc/research/t204-s2-startup-configuration-policy-abi-001.md	3245	f17ebabad475298001c50cd5fa14e5584b92c30f70c7894ba87e5f968cb8b117
docs/etc/research/t204-s3-configuration-transform-provider-source-contract-001.md	artifacts/documentation-archive/20260910/etc/research/t204-s3-configuration-transform-provider-source-contract-001.md	9771	c30c30484caa58d0fc995c10e457ff5b6c34637719faa563d8e145f3e5277982
docs/etc/research/t204-s4-contained-configuration-provider-core-001.md	artifacts/documentation-archive/20260910/etc/research/t204-s4-contained-configuration-provider-core-001.md	3437	3866eb96956c35d91c5bba4901d8aa4bb1ad6eaf9fde69b563695a01657c624b
docs/etc/research/t204-s5-adapter-installation-reader-001.md	artifacts/documentation-archive/20260910/etc/research/t204-s5-adapter-installation-reader-001.md	2448	f8ea5ac54233eb8e13ac3c2d578a7dbcdff56c385aaff00d664cd435b13fb345
docs/etc/research/t204-s5-cli-configuration-admission-map-001.md	artifacts/documentation-archive/20260910/etc/research/t204-s5-cli-configuration-admission-map-001.md	2446	94288d298c5f71fd741216f1a092c3b92cab903880b8ef2a95a236b81b8258f1
docs/etc/research/t204-s5-cli-paired-source-admission-001.md	artifacts/documentation-archive/20260910/etc/research/t204-s5-cli-paired-source-admission-001.md	1732	015ab0eba0c8e75075dfcc926e26be556c45f1a0a4186066797c549246c13dad
docs/etc/research/t204-s5-configuration-image-path-integration-001.md	artifacts/documentation-archive/20260910/etc/research/t204-s5-configuration-image-path-integration-001.md	2763	e14a6d131c741b398dd2216599a0239b780abae871cd1830e190a1d2ce8aa6ee
docs/etc/research/t205-s2-p1-xms-geometry-statistics-001.md	artifacts/documentation-archive/20260910/etc/research/t205-s2-p1-xms-geometry-statistics-001.md	1837	82d05a4ecfc7c7185abfff251fc57f42f77baaec71912f831e5cc9abe09cdaf8
docs/etc/research/t205-s2-p2-xms-move-bridge-001.md	artifacts/documentation-archive/20260910/etc/research/t205-s2-p2-xms-move-bridge-001.md	1619	760beda7cfa37bf3730d5e7363437d4f1175f3d38d9b726cec2cc868e53607ff
docs/etc/research/t205-s2-p3-xms-block-failure-matrix-001.md	artifacts/documentation-archive/20260910/etc/research/t205-s2-p3-xms-block-failure-matrix-001.md	1485	6ebdb174462c2498d6f63b8fef4cad07497dce4b0fb4605579ddc2314f56b150
docs/etc/research/t205-s3-c3-umb-machine-admission-decision-001.md	artifacts/documentation-archive/20260910/etc/research/t205-s3-c3-umb-machine-admission-decision-001.md	4226	84079a237d216e3e00453705831673540c16720ffba89b12b55d036bd2564282
docs/etc/research/t205-s5-c5-int15-machine-admission-decision-001.md	artifacts/documentation-archive/20260910/etc/research/t205-s5-c5-int15-machine-admission-decision-001.md	3840	0d6b3ad924415fadcbd7a30e7a457f24e20a6a752952e477ba4b37801c271422
docs/etc/research/t205-s6-xms-whole-package-convergence-001.md	artifacts/documentation-archive/20260910/etc/research/t205-s6-xms-whole-package-convergence-001.md	3511	5b5d8dd4a288b212c3956e627a02a0dd4ea7f03c94f9732418002fd4d55f5f00
docs/etc/research/t206-s1-one-shot-normal-terminal-source-abi-map-001.md	artifacts/documentation-archive/20260910/etc/research/t206-s1-one-shot-normal-terminal-source-abi-map-001.md	2800	e8222cb16563764716e14ce4bbe07b33c42305cf9113bfbd9ed531c7afcb9646
docs/etc/research/t206-s2-command-terminal-handoff-001.md	artifacts/documentation-archive/20260910/etc/research/t206-s2-command-terminal-handoff-001.md	3844	7cb98a80b7027e146c917b9a50a5011f18b2d65c30821bdef386a6400ed51a6b
docs/etc/research/t206-s3-normal-terminal-engine-cli-admission-map-001.md	artifacts/documentation-archive/20260910/etc/research/t206-s3-normal-terminal-engine-cli-admission-map-001.md	5308	03fc0167cc45c742f02374e5fb5daaef79e890c198b82403c93013ac612a7e8c
docs/etc/research/t207-s1-passive-normal-terminal-sequence-map-001.md	artifacts/documentation-archive/20260910/etc/research/t207-s1-passive-normal-terminal-sequence-map-001.md	3188	419603cf436b1bb9c8b790bca279a6f05b47b3ed7e93586fef69a682d8998b66
docs/etc/research/t207-s2-s3-passive-normal-terminal-sequence-001.md	artifacts/documentation-archive/20260910/etc/research/t207-s2-s3-passive-normal-terminal-sequence-001.md	1574	d3d9ff164ce6f8cb54fc13365cec74fa3877fd42d04026120138cab113950080
docs/etc/research/t208-s1-dem-lifecycle-termination-source-abi-map-001.md	artifacts/documentation-archive/20260910/etc/research/t208-s1-dem-lifecycle-termination-source-abi-map-001.md	6693	cd85773d7f12a3fb9b69b9b98024cb68cb5c04af20a48d8bc14f975e5003d4d9
docs/etc/research/t208-s2-dem-lifecycle-regression-reconciliation-001.md	artifacts/documentation-archive/20260910/etc/research/t208-s2-dem-lifecycle-regression-reconciliation-001.md	3446	6733fe1282a38124c6217978c6d5f9fb0b5234319aa0b2eb7de76b2eb732ec50
docs/etc/research/t209-s1-boot-namespace-configuration-construction-map-001.md	artifacts/documentation-archive/20260910/etc/research/t209-s1-boot-namespace-configuration-construction-map-001.md	6203	62730d3005e411e72f33fba5ecc3712fe56707d0267f301c84befd2daff64162
docs/etc/research/t209-s2-boot-namespace-configuration-construction-closure-001.md	artifacts/documentation-archive/20260910/etc/research/t209-s2-boot-namespace-configuration-construction-closure-001.md	1936	51492b0998b9ff782e7c86a3d83678391265980d9499649bf0aa7eb56268429e
docs/etc/research/t210-s1-host-context-owner-package-map-001.md	artifacts/documentation-archive/20260910/etc/research/t210-s1-host-context-owner-package-map-001.md	5184	34aea980bac1e38b5d155f82d22216ccbdcfd16120dd0fa640fad159b6e5374b
docs/etc/research/t210-s2-host-context-provider-design-001.md	artifacts/documentation-archive/20260910/etc/research/t210-s2-host-context-provider-design-001.md	7994	bbe94e6c7c1f1a09a04eae277532b00eb7b17b4750eb515f155872f0db21b924
docs/etc/research/t210-s3-host-context-family-and-native-observation-001.md	artifacts/documentation-archive/20260910/etc/research/t210-s3-host-context-family-and-native-observation-001.md	2533	7bdffb5a493cd80261c749fca7173f227dd6cfa98771ada878857c07d861051b
docs/etc/research/t210-s3-session-host-context-provider-p1-001.md	artifacts/documentation-archive/20260910/etc/research/t210-s3-session-host-context-provider-p1-001.md	2696	62c640719cb468b26b40bdcd448e3d95fd30d43803cf1f1c6ac3bd3413227a00
docs/etc/research/t210-s3-session-host-context-provider-p2-migration-001.md	artifacts/documentation-archive/20260910/etc/research/t210-s3-session-host-context-provider-p2-migration-001.md	2532	46489ff71fb8f5be433808068bd352e42204f78897b2a26e2cf933c1c99a43bd
docs/etc/research/t211-s1-command-owner-package-source-abi-disposition-map-001.md	artifacts/documentation-archive/20260910/etc/research/t211-s1-command-owner-package-source-abi-disposition-map-001.md	8014	2fa2d75c85fca192ee723a0ecc668422e98f3d20db7821712b8380e2eb82aacc
docs/etc/research/t211-s2-command-bootstrap-provider-p1-001.md	artifacts/documentation-archive/20260910/etc/research/t211-s2-command-bootstrap-provider-p1-001.md	3922	765cf6fce4c03803ad90b135b816d9a013a6a33a40b3074b40ccec7fbefc224f
docs/etc/research/t211-s3-command-launch-execution-source-abi-map-001.md	artifacts/documentation-archive/20260910/etc/research/t211-s3-command-launch-execution-source-abi-map-001.md	5992	64f750bd1b9f2f1070e3ee8b56987abd5cbdbbbecf13bd45fc587d0374614545
docs/etc/research/t211-s4-command-console-keyboard-source-abi-map-001.md	artifacts/documentation-archive/20260910/etc/research/t211-s4-command-console-keyboard-source-abi-map-001.md	3468	b0944396c76fff7b6207720e3bce6c800691e3c77dbc56cea5da432061f766cd
docs/etc/research/t211-s5-command-lifecycle-source-abi-map-001.md	artifacts/documentation-archive/20260910/etc/research/t211-s5-command-lifecycle-source-abi-map-001.md	4017	4b294d83c35fcb99ffb30ffcdaccaccea253f46137128fbabbc3f9d2a2502728
docs/etc/research/t212-s1-cli-lifecycle-governance-source-abi-map-001.md	artifacts/documentation-archive/20260910/etc/research/t212-s1-cli-lifecycle-governance-source-abi-map-001.md	7831	acdf7c5360ad1b217b9884108dd7e34b6b30bc5a23802768d10c2024ff82f7fb
docs/etc/research/t212-s2-cli-lifecycle-policy-abi-001.md	artifacts/documentation-archive/20260910/etc/research/t212-s2-cli-lifecycle-policy-abi-001.md	3315	1fd4480322bcccda32b6359fade80ad5dd9ec5b966231f73aac1ccf7dd7a1f15
docs/etc/research/t212-s3-native-cli-lifecycle-integration-001.md	artifacts/documentation-archive/20260910/etc/research/t212-s3-native-cli-lifecycle-integration-001.md	3513	f809e7934b514d308f8d7f15e9edf0e8c3939ad207c675ac69538addf732e454
docs/etc/research/t212-s4-cooperative-cancellation-admission-map-001.md	artifacts/documentation-archive/20260910/etc/research/t212-s4-cooperative-cancellation-admission-map-001.md	7740	6acd0bede87ab45d60bf7a6d08c7f08b44b3f6f2a7e327493c5c57a151667998
docs/etc/research/t212-s5-mechanical-cancellation-closure-001.md	artifacts/documentation-archive/20260910/etc/research/t212-s5-mechanical-cancellation-closure-001.md	4060	a03c361908054479d57a0db038b1a69424f42670ac6a15e5b16b74cbacd43f67
docs/etc/research/t212-s6-cli-cancellation-orchestration-closure-001.md	artifacts/documentation-archive/20260910/etc/research/t212-s6-cli-cancellation-orchestration-closure-001.md	3603	8da1e7f6e782817bab16c9f6da2437f633951990ed6c79e00b366381ca4079c4
docs/etc/research/t212-s7-lifecycle-convergence-ledger-001.md	artifacts/documentation-archive/20260910/etc/research/t212-s7-lifecycle-convergence-ledger-001.md	4054	cd51de7a0f384d0875212cde3a9dc59a4cf796b20c8a0c1e6ed3916eae3283ad
docs/etc/research/t213-s1-one-shot-normal-terminal-model-map-001.md	artifacts/documentation-archive/20260910/etc/research/t213-s1-one-shot-normal-terminal-model-map-001.md	3322	7ea1b43237f7ceb7fe274f19ded93c8ae1ef312fd47c8cc64f14de6dcbc82d80
docs/etc/research/t213-s2-one-shot-host-terminal-package-design-001.md	artifacts/documentation-archive/20260910/etc/research/t213-s2-one-shot-host-terminal-package-design-001.md	3591	2e3faffdd270bdd5a3a8b5734c9d1a5e1ba466ec23596b34569dc863cfa4ef86
docs/etc/research/t213-s3-command-terminal-package-admission-001.md	artifacts/documentation-archive/20260910/etc/research/t213-s3-command-terminal-package-admission-001.md	2128	6d70ee8d84f53c21bf185acec49c3bfa18af6267a84fe618d47db4d948e6e82d
docs/etc/research/t213-s3-command-terminal-package-closure-001.md	artifacts/documentation-archive/20260910/etc/research/t213-s3-command-terminal-package-closure-001.md	2221	e8a141dfa8ed42ba6583ca77d4db315a60ef48f05a1410a3ebc7320513c767ab
docs/etc/research/t213-s4-native-terminal-observation-001.md	artifacts/documentation-archive/20260910/etc/research/t213-s4-native-terminal-observation-001.md	943	156ef3a3be4783347e5be6b825d295a8b1007229b1343af7d6903547168a8e33
docs/etc/research/t214-s2-composition-admission-diagnostic-001.md	artifacts/documentation-archive/20260910/etc/research/t214-s2-composition-admission-diagnostic-001.md	3220	21d517db0bb86cb0d939e5000c60a8c5c08bf2273e916a93aaa1fe05422dd6b8
docs/etc/research/t214-s3-opennt-command-environment-recovery-001.md	artifacts/documentation-archive/20260910/etc/research/t214-s3-opennt-command-environment-recovery-001.md	3693	722e89024722a8a9fa1490b5ac92851e42d70f65d8e5b07e9b0cbb5e9a21f811
docs/etc/research/t215-s1-current-bop-owner-package-reconciliation-001.md	artifacts/documentation-archive/20260910/etc/research/t215-s1-current-bop-owner-package-reconciliation-001.md	5122	070de95ad57e3e15271334c474bc5140c61d5cb958e1990db0dfcf99a883c875
docs/etc/research/t215-s2-dem-direct-host-current-state-correction-001.md	artifacts/documentation-archive/20260910/etc/research/t215-s2-dem-direct-host-current-state-correction-001.md	1804	a9bb0d2ed5f949b5c6774608953b039512e3ad815ae7d2449a232af901ef7192
docs/etc/research/t215-s3-native-controlled-terminal-causal-map-001.md	artifacts/documentation-archive/20260910/etc/research/t215-s3-native-controlled-terminal-causal-map-001.md	3736	ba9d8664f693a0a61e058a25b027ab7d67f28c6d2d1c35448b42489a6deb9c72
docs/etc/research/t215-s4-startup-configuration-attachment-001.md	artifacts/documentation-archive/20260910/etc/research/t215-s4-startup-configuration-attachment-001.md	3895	df7144a5ec25c4041bc5ab880ddb085a2b4f6183cccde0cb48d5559932cdc773
docs/etc/research/t215-s5-startup-image-direct-provider-overlay-001.md	artifacts/documentation-archive/20260910/etc/research/t215-s5-startup-image-direct-provider-overlay-001.md	2856	ada9f51712a831a19bfed0cdbc0ec18d6449588009d20c464c59cd4aa63d8e80
docs/etc/research/t215-s6-startup-bop-sequence-causal-map-001.md	artifacts/documentation-archive/20260910/etc/research/t215-s6-startup-bop-sequence-causal-map-001.md	3217	a1f9d5b232c3369d7c2ea80eb822ea93916cb52efceeaa8f2730ffc36b599f01
docs/etc/research/t216-s1-guest-executable-image-visibility-map-001.md	artifacts/documentation-archive/20260910/etc/research/t216-s1-guest-executable-image-visibility-map-001.md	6948	f152b3a0c01079799a8dd41c236eb663bce13cf404db5a901796ef852a97bc4a
docs/etc/research/t216-s2-declared-image-handle-p1-001.md	artifacts/documentation-archive/20260910/etc/research/t216-s2-declared-image-handle-p1-001.md	1366	314a95592ef90f6159ce38a4db52f867541edae00d14b9f7e2246d46b4b6258c
docs/etc/research/t217-s10-sysinit-wfp-shape-observation-001.md	artifacts/documentation-archive/20260910/etc/research/t217-s10-sysinit-wfp-shape-observation-001.md	3038	f59e5f1900d4c9072993440d87ac5611b9da0c84e85336186da3df5bdb0b3917
docs/etc/research/t217-s11-command-shell-capability-disposition-001.md	artifacts/documentation-archive/20260910/etc/research/t217-s11-command-shell-capability-disposition-001.md	3032	ac94d65edceda178e20cf07c66c9f2f12eca876520bb85435821b8a1645da287
docs/etc/research/t217-s12-command-shell-capability-result-001.md	artifacts/documentation-archive/20260910/etc/research/t217-s12-command-shell-capability-result-001.md	3176	49bca4f356190857235cef2af1921e484b86ce5f7a086ed1fe2bf5cdf1903712
docs/etc/research/t217-s13-dos-loader-exec-owner-package-map-001.md	artifacts/documentation-archive/20260910/etc/research/t217-s13-dos-loader-exec-owner-package-map-001.md	6594	23286a5f17961e306986302f5855c7c72fd26f7a5ac018f04338d53136311bf0
docs/etc/research/t217-s14-composition-stack-capacity-result-001.md	artifacts/documentation-archive/20260910/etc/research/t217-s14-composition-stack-capacity-result-001.md	3216	f7d2bae2d99e8b9d5e18e7bba44c06d44555e54bfe875c0336b809e7b16a82a5
docs/etc/research/t217-s14-dem-loader-family-result-001.md	artifacts/documentation-archive/20260910/etc/research/t217-s14-dem-loader-family-result-001.md	3878	790c40c301c00a50b5a4685e6d73dbc4443d4f3b61a6f0aa7f904fa744b4b9e6
docs/etc/research/t217-s1-command-environment-source-reuse-audit-001.md	artifacts/documentation-archive/20260910/etc/research/t217-s1-command-environment-source-reuse-audit-001.md	6068	ec07ebc9bedae11d5b0e182ce6d9b935475bbc3161ed42ec1b28ce2406e754a0
docs/etc/research/t217-s3-sysinit-dos-exec-whole-package-map-001.md	artifacts/documentation-archive/20260910/etc/research/t217-s3-sysinit-dos-exec-whole-package-map-001.md	6541	e18ede70cafbb434f9618f8488f1f625362d5a24420edbffa6b1cd301792ac19
docs/etc/research/t217-s4-dem-normal-file-integration-result-001.md	artifacts/documentation-archive/20260910/etc/research/t217-s4-dem-normal-file-integration-result-001.md	3420	289c395b2fea5a88fa06e06c966a9902a5f370db7250d49a07789b438b5fed8e
docs/etc/research/t217-s5-dem-declared-image-namespace-identity-map-001.md	artifacts/documentation-archive/20260910/etc/research/t217-s5-dem-declared-image-namespace-identity-map-001.md	4014	a2ee4d1e762f6439fb6d3480e64a1e9242f424b1746dd72dcb3ef4094a96153c
docs/etc/research/t217-s6-dem-namespace-identity-classification-result-001.md	artifacts/documentation-archive/20260910/etc/research/t217-s6-dem-namespace-identity-classification-result-001.md	2508	c249795a42dbb937ccf35324318a0476b3869c3b9348f83991f17581506053b1
docs/etc/research/t217-s8-command-initial-environment-semantic-repair-001.md	artifacts/documentation-archive/20260910/etc/research/t217-s8-command-initial-environment-semantic-repair-001.md	4216	4b44c2d44fb6da3317e0624ee4c7db8eff2116a36a487fc8b37cf99a0392678c
docs/etc/research/t217-s9-sysinit-command-name-realization-map-001.md	artifacts/documentation-archive/20260910/etc/research/t217-s9-sysinit-command-name-realization-map-001.md	3999	b9fdba75a793142a16228ba860e4cb0bf4e49596125c9fe0ea90f151d3332074
docs/etc/research/t218-s1-guest-dos-exec-prerequisite-map-001.md	artifacts/documentation-archive/20260910/etc/research/t218-s1-guest-dos-exec-prerequisite-map-001.md	12435	40835e01534ce54d6ebb641b6edc8bcdc2de69585a56cdc59bb19185e5f79110
docs/etc/research/t219-s1-dem-child-pdb-lifecycle-map-001.md	artifacts/documentation-archive/20260910/etc/research/t219-s1-dem-child-pdb-lifecycle-map-001.md	5541	e0d4c964a4285e37c964ea9e15b2aa8cdacb7d1177cc8b4b0b3808e2b5a37e18
docs/etc/research/t219-s2-t200-bound-route-reconciliation-001.json	artifacts/documentation-archive/20260910/etc/research/t219-s2-t200-bound-route-reconciliation-001.json	144154	9d738e258ef7f7144e6d712108cab0ff07a43e5d70e0c7071408c7b21a55eb85
docs/etc/research/t219-s2-t200-bound-route-reconciliation-001.md	artifacts/documentation-archive/20260910/etc/research/t219-s2-t200-bound-route-reconciliation-001.md	7489	f41a6bb875133a1c1aa745fa46a0186cc11dc919b3fb0069477f7835e8727e78
docs/etc/research/t219-s2-t200-canonical-endpoint-inventory-001.json	artifacts/documentation-archive/20260910/etc/research/t219-s2-t200-canonical-endpoint-inventory-001.json	258235	6415967078ee4411874dc3b3a5b2b52773d0d2d68ebeac71faaae96ee78c61e6
docs/etc/research/t220-s1-dem-process-resource-ownership-map-001.md	artifacts/documentation-archive/20260910/etc/research/t220-s1-dem-process-resource-ownership-map-001.md	6852	c3ac04fd2521947da8e9b6e60e12b40145d2a996f3f02405275fc6e79a2bfff3
docs/etc/research/t220-s2-bounded-dem-process-read-design-001.md	artifacts/documentation-archive/20260910/etc/research/t220-s2-bounded-dem-process-read-design-001.md	4082	e5bdf642d53cb7fa032790cf2fd07e9d5302c8a59ec35b10ee4b9e764b8c7b3f
docs/etc/research/t220-s3-dem-current-pdb-helper-result-001.md	artifacts/documentation-archive/20260910/etc/research/t220-s3-dem-current-pdb-helper-result-001.md	2609	9e8d0ae097c91ea1e0bbefa730e5fa57e6d2af1c2a4af1368e6ef64b7b8f9b83
docs/etc/research/t220-s4-direct-dem-resource-transaction-map-001.md	artifacts/documentation-archive/20260910/etc/research/t220-s4-direct-dem-resource-transaction-map-001.md	4734	b806c22cb2c70237af3dfc5c7df9877dd3e4712caadb1aa6ea960b3f51171b5d
docs/etc/research/t220-s5-direct-dem-namespace-owner-result-001.md	artifacts/documentation-archive/20260910/etc/research/t220-s5-direct-dem-namespace-owner-result-001.md	3936	c727f595d60ea4c5ba821d174bff74453ea839b15c125f8f367eb969027a24e2
docs/etc/research/t220-s6-dem-pdb-termination-admission-map-001.md	artifacts/documentation-archive/20260910/etc/research/t220-s6-dem-pdb-termination-admission-map-001.md	3844	0ad174f2cf857e2a612d8edef1d252db2e07316341b69a4090d5fbad1491ddde
docs/etc/research/t220-s7-direct-token-jft-sft-representation-map-001.md	artifacts/documentation-archive/20260910/etc/research/t220-s7-direct-token-jft-sft-representation-map-001.md	3643	2721815fb2a0e6e35ab2f4d2ed45929f47a5875ea75145c55d35fcf91149861d
docs/etc/research/t221-s1-dem-current-bound-route-audit-001.json	artifacts/documentation-archive/20260910/etc/research/t221-s1-dem-current-bound-route-audit-001.json	132674	9fc5175748ef8cb1d217b61d037968e7043360b187bae3ee8cc3ead68bbb0408
docs/etc/research/t221-s1-dem-current-bound-route-audit-001.md	artifacts/documentation-archive/20260910/etc/research/t221-s1-dem-current-bound-route-audit-001.md	3707	ba73c8fc6c2dcad4f5b7a328931a1a2507482c260c49a273ef7aa60e15982ee1
docs/etc/research/t221-s1-dem-dependency-map-001.json	artifacts/documentation-archive/20260910/etc/research/t221-s1-dem-dependency-map-001.json	35568	e5a79d77e6a6c6e48f04b3b2873f169c323bc76dcbd76bd7013329eccc203d98
docs/etc/research/t221-s1-dem-dependency-map-001.md	artifacts/documentation-archive/20260910/etc/research/t221-s1-dem-dependency-map-001.md	4282	f1b763b3fc5b3608a88406c1951f612a1dbdd1a842d9904f92dc41ab07339c2c
docs/etc/research/t221-s1-dem-recovery-ledger-001.json	artifacts/documentation-archive/20260910/etc/research/t221-s1-dem-recovery-ledger-001.json	130808	84288927cd74fb562b72fd86c145ce7832fb1c97a89f3f41ebafd05ac1a42256
docs/etc/research/t221-s1-dem-recovery-ledger-001.md	artifacts/documentation-archive/20260910/etc/research/t221-s1-dem-recovery-ledger-001.md	4282	aeb99c7da8ef7cc70782dd4e0f931d4ce6e486916849189ba097721b1e4a9132
docs/etc/research/t221-s1-dem-source-owner-map-001.json	artifacts/documentation-archive/20260910/etc/research/t221-s1-dem-source-owner-map-001.json	62794	157bdc69d738f165476ff4b36dfb658c0af9f66462d12ecdc4339c450a1d1592
docs/etc/research/t221-s1-dem-source-owner-map-001.md	artifacts/documentation-archive/20260910/etc/research/t221-s1-dem-source-owner-map-001.md	2570	106b98e7ca06bbced1d54fbf1074e747d79c5cd8130eee59f033d99593194da0
docs/etc/research/t221-s1-dem-workaround-disposition-001.json	artifacts/documentation-archive/20260910/etc/research/t221-s1-dem-workaround-disposition-001.json	54503	8126cf4a7ec972ea2cce059098b130a7e7f7050f1b6988a948acb9ef602acc91
docs/etc/research/t221-s1-dem-workaround-disposition-001.md	artifacts/documentation-archive/20260910/etc/research/t221-s1-dem-workaround-disposition-001.md	3006	d8902291bb9de0ffb7261ff8d18b60096aaff5055f0fb99c9b3381054b5a8365
docs/etc/research/t221-s2-file-provider-current-state-001.md	artifacts/documentation-archive/20260910/etc/research/t221-s2-file-provider-current-state-001.md	4084	a2d13f77306bf47cb1b79124c53e44eed0024ff965cb59eb3a1aa578c4b085c5
docs/etc/research/t221-s2-file-provider-disposition-001.md	artifacts/documentation-archive/20260910/etc/research/t221-s2-file-provider-disposition-001.md	6218	1be67417d339bb3cd458bee7b7d538e97b562a1b16de6f6c3cc4a0b3121474cb
docs/etc/research/t221-s3-direct-readonly-29-identity-closure-audit-001.md	artifacts/documentation-archive/20260910/etc/research/t221-s3-direct-readonly-29-identity-closure-audit-001.md	3179	ce3044f010d795676815f85a5d12c1ec6822ad61b75e52ce60dd0d174cf64dae
docs/etc/research/t221-s3-direct-readonly-file-times-001.md	artifacts/documentation-archive/20260910/etc/research/t221-s3-direct-readonly-file-times-001.md	1574	c3190cef028aa7585246d4b59219b3507ac061e14245ded866e58813ba0ad48d
docs/etc/research/t221-s3-direct-readonly-handle-family-matrix-001.md	artifacts/documentation-archive/20260910/etc/research/t221-s3-direct-readonly-handle-family-matrix-001.md	2417	451035d5bc744cd51cb201e78c2953e230dcbe8f28c445dea92a5a160ad7fe5a
docs/etc/research/t221-s3-direct-readonly-stale-token-001.md	artifacts/documentation-archive/20260910/etc/research/t221-s3-direct-readonly-stale-token-001.md	2272	d21cf441c818deda4457ddfb5c5b6c8cad82af6c6a06a0fdc13419abe062993b
docs/etc/research/t221-s3-explicit-virtual-boot-volume-package-admission-001.md	artifacts/documentation-archive/20260910/etc/research/t221-s3-explicit-virtual-boot-volume-package-admission-001.md	1640	e5af6f8a0fca23c4c386fa26707f0f770a9027560037fac4c98437a581e882ca
docs/etc/research/t221-s3-fcb-overlay-lifecycle-binding-001.md	artifacts/documentation-archive/20260910/etc/research/t221-s3-fcb-overlay-lifecycle-binding-001.md	2202	d19e3ca034592dce6a12586dfc834f58cdf2fd310836d09c2b294ae91b39bc09
docs/etc/research/t221-s3-fcb-overlay-lifecycle-foundation-001.md	artifacts/documentation-archive/20260910/etc/research/t221-s3-fcb-overlay-lifecycle-foundation-001.md	575	85e22b9b6fa5640994734787d07bde55165771899de8c8d32f4937d5bef2641b
docs/etc/research/t221-s3-fcb-owner-package-admission-001.md	artifacts/documentation-archive/20260910/etc/research/t221-s3-fcb-owner-package-admission-001.md	2649	348fa150d3425cf73c9d0089d1163fde3f30496057cd0169bf00751ae340a935
docs/etc/research/t221-s3-fcb-wildcard-overlay-binding-001.md	artifacts/documentation-archive/20260910/etc/research/t221-s3-fcb-wildcard-overlay-binding-001.md	712	24c0764517b33040e823e088d83010d0bd0d3733cefd8824871963474ccd07c9
docs/etc/research/t221-s3-fcb-wildcard-overlay-closure-001.md	artifacts/documentation-archive/20260910/etc/research/t221-s3-fcb-wildcard-overlay-closure-001.md	822	29f63ed963578273e3f29cdea91ef03584368cfe561d8dcf75e97a445c2c21da
docs/etc/research/t221-s3-fcb-wildcard-overlay-enumeration-audit-001.md	artifacts/documentation-archive/20260910/etc/research/t221-s3-fcb-wildcard-overlay-enumeration-audit-001.md	2251	8fb72b45be77ad5aae2668aa3573adafa5f90a2fa6036b429eaf9b4259c0a280
docs/etc/research/t221-s3-file-view-boundary-001.md	artifacts/documentation-archive/20260910/etc/research/t221-s3-file-view-boundary-001.md	2648	ab04ce734ba6eb8f26c2b57dd6be267c8352d5eea3f061730fed2b907286bec9
docs/etc/research/t221-s3-overlay-directory-relocation-foundation-001.md	artifacts/documentation-archive/20260910/etc/research/t221-s3-overlay-directory-relocation-foundation-001.md	2565	1d3e364049dbcc2e014fbfe9766f147fedb25f5cb1396401820d1ea313f0ab4f
docs/etc/research/t221-s3-overlay-file-info-foundation-001.md	artifacts/documentation-archive/20260910/etc/research/t221-s3-overlay-file-info-foundation-001.md	956	4cf4bcb007b0784c603cd0e0aaaefbc0c58800395b1b06b94c860f797bdcfde4
docs/etc/research/t221-s3-overlay-file-object-001.md	artifacts/documentation-archive/20260910/etc/research/t221-s3-overlay-file-object-001.md	1483	2da03f8fdf0b5b5965a5d04f1a24e16e088078d4e80997b6e2beb929b0263e9a
docs/etc/research/t221-s3-overlay-handle-subfamily-001.md	artifacts/documentation-archive/20260910/etc/research/t221-s3-overlay-handle-subfamily-001.md	3102	1d88ad079400bb99d8e69bb3f4e43834eb5e89a21b1243c3b4d7b6a27ce7caf4
docs/etc/research/t221-s3-overlay-merged-child-foundation-001.md	artifacts/documentation-archive/20260910/etc/research/t221-s3-overlay-merged-child-foundation-001.md	1880	2fc9e6db10ba1ceb6e41f45c0ba1b08d3d5b4951d1f29d0239b24ba329dc7681
docs/etc/research/t221-s3-overlay-metadata-check-path-binding-001.md	artifacts/documentation-archive/20260910/etc/research/t221-s3-overlay-metadata-check-path-binding-001.md	1931	d110a9ae3c627a026cd7bd091696175763fd6bfbee712002e80d5e64de520af4
docs/etc/research/t221-s3-overlay-mutation-backend-001.md	artifacts/documentation-archive/20260910/etc/research/t221-s3-overlay-mutation-backend-001.md	2534	7a810c8426b712bf3b68b29b3f92e59c0dba3b271234b89641e6ff5765d1c9ea
docs/etc/research/t221-s3-overlay-namespace-mutation-admission-001.md	artifacts/documentation-archive/20260910/etc/research/t221-s3-overlay-namespace-mutation-admission-001.md	857	dbb37183af662294fa3a779ee8c4963d3cefa9145c8b6ee203ce693b7be89594
docs/etc/research/t221-s3-overlay-namespace-mutation-binding-001.md	artifacts/documentation-archive/20260910/etc/research/t221-s3-overlay-namespace-mutation-binding-001.md	2117	c3cd21a690341ab7ecacaa01d38c1ae68f4b9e95ad688bccf3448613691e66c5
docs/etc/research/t221-s3-overlay-namespace-mutation-state-model-001.md	artifacts/documentation-archive/20260910/etc/research/t221-s3-overlay-namespace-mutation-state-model-001.md	5550	5b8b97dafe1a6d49da752d3c88c0055d666579746099e0819fc2ac5ada2d48d3
docs/etc/research/t221-s3-overlay-namespace-open-closure-001.md	artifacts/documentation-archive/20260910/etc/research/t221-s3-overlay-namespace-open-closure-001.md	1257	1ade1a8c3b969a83c73c5126ad0b7934505cc494d394ff1c9d695d313682c410
docs/etc/research/t221-s3-overlay-namespace-source-abi-audit-001.md	artifacts/documentation-archive/20260910/etc/research/t221-s3-overlay-namespace-source-abi-audit-001.md	4199	b74d9aada6b018405e907a2494709cb8406e50d8d637996f4944185887508dd0
docs/etc/research/t221-s3-overlay-resolver-001.md	artifacts/documentation-archive/20260910/etc/research/t221-s3-overlay-resolver-001.md	902	c8283e6d6231f07fdea7896a7253334839952f5e9917ef83e88b7049441e6a6f
docs/etc/research/t221-s3-overlay-search-entry-binding-001.md	artifacts/documentation-archive/20260910/etc/research/t221-s3-overlay-search-entry-binding-001.md	802	0f52323dbb28105ed5709791fefc84149678f035800064280e2a5c98f8dd57fe
docs/etc/research/t221-s3-overlay-search-family-closure-001.md	artifacts/documentation-archive/20260910/etc/research/t221-s3-overlay-search-family-closure-001.md	948	9474bb3cc8d5be4ae031d533a51b22f18eff0853cb7b26a7e7a7cca15ed7034a
docs/etc/research/t221-s3-overlay-store-foundation-001.md	artifacts/documentation-archive/20260910/etc/research/t221-s3-overlay-store-foundation-001.md	1387	bb5c5dace41dae8bea5b9636844c576f03efc915cbc541b20b7a7f37e2019117
docs/etc/research/t221-s3-overlay-virtual-work-deferral-002.md	artifacts/documentation-archive/20260910/etc/research/t221-s3-overlay-virtual-work-deferral-002.md	1324	7b60f04363a012825e4f35cec7d6f21a2a3b7c5bfe4ea8d3cea4ab6cb747d00d
docs/etc/research/t221-s3-overlay-visible-enumeration-foundation-001.md	artifacts/documentation-archive/20260910/etc/research/t221-s3-overlay-visible-enumeration-foundation-001.md	996	c2614da0a797593cf8274be5a4b1c3d957f6e2a54f7cb6f78a76c6945358e921
docs/etc/research/t221-s3-overlay-visible-node-foundation-001.md	artifacts/documentation-archive/20260910/etc/research/t221-s3-overlay-visible-node-foundation-001.md	2277	e439d175b987ec5acab0899199a7ab3cdfb7bd45803c06dde23cd73a2f8839c5
docs/etc/research/t221-s3-package-session-declared-search-001.md	artifacts/documentation-archive/20260910/etc/research/t221-s3-package-session-declared-search-001.md	1645	5752a2427266c7d1eabfd33a03c2c24545cc327cde099f3f01143312f3cae39c
docs/etc/research/t221-s3-package-session-direct-handle-namespace-chain-001.md	artifacts/documentation-archive/20260910/etc/research/t221-s3-package-session-direct-handle-namespace-chain-001.md	1930	55cd71b062b4f69aa6f73a8dc5a11a34f010193bffa65d4bc2625ceb7fb6e2c0
docs/etc/research/t221-s3-package-session-direct-namespace-positive-001.md	artifacts/documentation-archive/20260910/etc/research/t221-s3-package-session-direct-namespace-positive-001.md	2071	0bb6c30020614e83a2802484d2b1a12ed4abc4d448271ad0ef854efc694ad68a
docs/etc/research/t221-s3-package-session-direct-readonly-fcb-001.md	artifacts/documentation-archive/20260910/etc/research/t221-s3-package-session-direct-readonly-fcb-001.md	1936	caec169dcb1fa7524792929dc3b079a62a0267c208231d7c6cbe96fbea9d1488
docs/etc/research/t221-s3-package-session-direct-readonly-fcb-create-001.md	artifacts/documentation-archive/20260910/etc/research/t221-s3-package-session-direct-readonly-fcb-create-001.md	1978	3c9524eb3c43b36350f9d3ae4042b70413ec193b0727edb6446e453da7790ff8
docs/etc/research/t221-s3-package-session-direct-readonly-fcb-info-001.md	artifacts/documentation-archive/20260910/etc/research/t221-s3-package-session-direct-readonly-fcb-info-001.md	1612	11dcf71a97af65a27b883427e639a8e4badbd326145e4bb2a4e1adf698db7124
docs/etc/research/t221-s3-package-session-direct-readonly-fcb-search-001.md	artifacts/documentation-archive/20260910/etc/research/t221-s3-package-session-direct-readonly-fcb-search-001.md	2602	dd188387070e9a5f3a943b739710ed44fe2e04378719ca15275e87b39b95d14a
docs/etc/research/t221-s3-package-session-direct-readonly-fcb-wildcard-001.md	artifacts/documentation-archive/20260910/etc/research/t221-s3-package-session-direct-readonly-fcb-wildcard-001.md	1995	07a786c51c740c2c899a1fb41672609aab1968d166a458a29b22f2e704c9af4c
docs/etc/research/t221-s3-package-session-direct-readonly-query-search-terminal-001.md	artifacts/documentation-archive/20260910/etc/research/t221-s3-package-session-direct-readonly-query-search-terminal-001.md	2052	c906ad1078e527b60e2dfc66b782d753bfac208a85a16df4799d474354dbb232
docs/etc/research/t221-s3-package-session-fcb-terminals-001.md	artifacts/documentation-archive/20260910/etc/research/t221-s3-package-session-fcb-terminals-001.md	1622	ec89a2ba921ba5d56c103d75c9508bf431be6d0b236969f8dcb2b26655874b39
docs/etc/research/t221-s3-package-session-matrix-transport-map-001.md	artifacts/documentation-archive/20260910/etc/research/t221-s3-package-session-matrix-transport-map-001.md	2809	caf1e694589293702e490f9a7e8f7303696feb5e8dd4dcb4d3fcb54fae97a629
docs/etc/research/t221-s3-package-session-private-fcb-chain-001.md	artifacts/documentation-archive/20260910/etc/research/t221-s3-package-session-private-fcb-chain-001.md	1507	07ec40f93462274a469274822e5047ffe4fdfc588179bb84463d52fce972ca8c
docs/etc/research/t221-s3-package-session-private-fcb-io-001.md	artifacts/documentation-archive/20260910/etc/research/t221-s3-package-session-private-fcb-io-001.md	1422	48bbdde92689a850a556354d351fd57e0389295e4fbcca8794055d9a81734b20
docs/etc/research/t221-s3-package-session-private-namespace-mutation-001.md	artifacts/documentation-archive/20260910/etc/research/t221-s3-package-session-private-namespace-mutation-001.md	1752	a9d3dc789c1af6d6502c031d25f5bc67ced6f4357452b31e5327cc193c881aa1
docs/etc/research/t221-s3-package-session-private-search-001.md	artifacts/documentation-archive/20260910/etc/research/t221-s3-package-session-private-search-001.md	1430	b7bbdde1b84e857540c57a59f2f6afc0ce9c29aa1e908ae2f4073c6bfe3aa9a2
docs/etc/research/t221-s3-package-session-profile-lifecycle-001.md	artifacts/documentation-archive/20260910/etc/research/t221-s3-package-session-profile-lifecycle-001.md	2549	b8757fe2f3ac933933f815397f2b200e621a6efc6da42925b4db72c46abc8992
docs/etc/research/t221-s3-package-session-readonly-mutation-refusal-001.md	artifacts/documentation-archive/20260910/etc/research/t221-s3-package-session-readonly-mutation-refusal-001.md	872	cf9164f4226d5c4d18076336562cdd6d08ddfc5c2ae0cb89013376fcf7a3681e
docs/etc/research/t221-s3-package-session-startup-handle-chain-001.md	artifacts/documentation-archive/20260910/etc/research/t221-s3-package-session-startup-handle-chain-001.md	2228	a32a9138a522dc2caa36ae2bf9613d91a12b82ba94dc08b09db84311631ebdd7
docs/etc/research/t221-s3-private-file-times-001.md	artifacts/documentation-archive/20260910/etc/research/t221-s3-private-file-times-001.md	611	c95007c45c3575ec71389cc003266d07ff728c10161a0cb4171c8254877118ba
docs/etc/research/t221-s3-readonly-fcb-write-admission-001.md	artifacts/documentation-archive/20260910/etc/research/t221-s3-readonly-fcb-write-admission-001.md	1980	7a660e2e629e4beb1ab55a455f60bcb837774845755713b0add9b7ccc78f4b0c
docs/etc/research/t221-s3-readonly-token-migration-001.md	artifacts/documentation-archive/20260910/etc/research/t221-s3-readonly-token-migration-001.md	2494	e7e2bf449706e9becca3706e67bb64288ebe181ebf6b8580300dc9c949ef287e
docs/etc/research/t221-s3-search-owner-package-admission-001.md	artifacts/documentation-archive/20260910/etc/research/t221-s3-search-owner-package-admission-001.md	1595	de707358ca94025964ff38949b60e5394da04fd46a185e8b68d180115823b7d7
docs/etc/research/t221-s3-t200-current-bound-route-audit-001.json	artifacts/documentation-archive/20260910/etc/research/t221-s3-t200-current-bound-route-audit-001.json	227839	7fbe8e2bd29ca2156f04ff3b4cd99b96667276bd96a6ba3cc16d3d762519ff3d
docs/etc/research/t221-s3-t200-current-bound-route-audit-001.md	artifacts/documentation-archive/20260910/etc/research/t221-s3-t200-current-bound-route-audit-001.md	3335	afd7ff7072a177ecbb78ad593b9c2a2ea1ec7e6c777b06ff4338118da1f681cf
docs/etc/research/t221-s3-typed-direct-token-001.md	artifacts/documentation-archive/20260910/etc/research/t221-s3-typed-direct-token-001.md	1845	4b15fe3eeebc9616977c3eeb7088730cf155c830a9775e58b72eb8abd0608ba6
docs/etc/research/t221-s3-virtual-directory-rename-transaction-001.md	artifacts/documentation-archive/20260910/etc/research/t221-s3-virtual-directory-rename-transaction-001.md	1933	7f97cf0573359ec38129761507156ef374d66cb4cd4f82058c32dc049be44cd7
docs/etc/research/t221-s3-virtual-directory-tombstone-visibility-001.md	artifacts/documentation-archive/20260910/etc/research/t221-s3-virtual-directory-tombstone-visibility-001.md	868	c1e836612f06fd49f50144225ed002fa97dc71b8e7b9e150088ee2dac9491672
docs/etc/research/t221-s3-virtual-fcb-family-closure-001.md	artifacts/documentation-archive/20260910/etc/research/t221-s3-virtual-fcb-family-closure-001.md	2719	99d028dee86a57a0e82fc2de2f270447f3ab55340ba968f46f16d8efb601f79f
docs/etc/research/t221-s3-virtual-handle-family-closure-001.md	artifacts/documentation-archive/20260910/etc/research/t221-s3-virtual-handle-family-closure-001.md	675	3647e3efc7cf62058b9b8e433fccdd187e51141ec968bdd01b98ab738c54bfc9
docs/etc/research/t221-s3-virtual-handle-io-transaction-001.md	artifacts/documentation-archive/20260910/etc/research/t221-s3-virtual-handle-io-transaction-001.md	819	eb83affcca86cbf817f17c54866752273b3c0a2c68fb34ac24dcc172d8c15c3d
docs/etc/research/t221-s3-virtual-handle-token-routing-001.md	artifacts/documentation-archive/20260910/etc/research/t221-s3-virtual-handle-token-routing-001.md	859	853aa031b9b0b5185a04a8c35bf8157a23c8d21d070ba9380f9b9ce4728c4803
docs/etc/research/t221-s3-virtual-mutation-foundation-001.md	artifacts/documentation-archive/20260910/etc/research/t221-s3-virtual-mutation-foundation-001.md	598	0248c7a593369a62a2c9d6ae56e013653a48ec4f7c1eb7a1f6a93e22556a7a84
docs/etc/research/t221-s3-virtual-namespace-partition-binding-001.md	artifacts/documentation-archive/20260910/etc/research/t221-s3-virtual-namespace-partition-binding-001.md	1807	5e4484112f2c51a335243b4189091ec9aba70c22f1ae97599fe0a6aee2ffeca9
docs/etc/research/t221-s3-virtual-namespace-source-abi-map-001.md	artifacts/documentation-archive/20260910/etc/research/t221-s3-virtual-namespace-source-abi-map-001.md	4252	102c53eab3b1bcd72c8a559d2801100f4646c89027e0b2e821a4c2c64826f2f2
docs/etc/research/t221-s3-virtual-private-root-foundation-001.md	artifacts/documentation-archive/20260910/etc/research/t221-s3-virtual-private-root-foundation-001.md	1522	4e3909a73a096d950b64ce59e56697b91d136d86c7bfae52df18e19bbf0a20e4
docs/etc/research/t221-s3-virtual-private-token-foundation-001.md	artifacts/documentation-archive/20260910/etc/research/t221-s3-virtual-private-token-foundation-001.md	1300	1b843f200f66bdde203aa951d1edfe65ea772683f527b1ccc643991c8d504d7a
docs/etc/research/t221-s3-virtual-search-family-closure-001.md	artifacts/documentation-archive/20260910/etc/research/t221-s3-virtual-search-family-closure-001.md	2384	e8f9b388aaa5a086831aa0a20150ffc0603cd176ae149398437516bdf1fcf1e5
docs/etc/research/t221-s3-virtual-work-deferral-001.md	artifacts/documentation-archive/20260910/etc/research/t221-s3-virtual-work-deferral-001.md	1684	7f0875b5ac915bd44f1af3782baf8939c63a4d8084e0c2cd09b232ff4c097e53
docs/etc/research/t221-s3-whole-provider-session-integration-001.md	artifacts/documentation-archive/20260910/etc/research/t221-s3-whole-provider-session-integration-001.md	1866	8aeb95867232c5d0c4d7ba06893d31fd0094513a3f82c6a8b97ae5549fb12c07
docs/etc/research/t222-s1-dem-drive-view-source-abi-failure-ledger-001.md	artifacts/documentation-archive/20260910/etc/research/t222-s1-dem-drive-view-source-abi-failure-ledger-001.md	7787	ac64dcd191c6f60b3096febd9a4b37f5a74efaefbf4583602b0dc3b7ac4ec94f
docs/etc/research/t222-s1-drive-view-provider-design-001.md	artifacts/documentation-archive/20260910/etc/research/t222-s1-drive-view-provider-design-001.md	4801	5596332f88b7b71f89a148595b97150d6f9ec650ead19ea92a5f9193dab75ab1
docs/etc/research/t222-s2-drive-view-clock-session-regression-001.md	artifacts/documentation-archive/20260910/etc/research/t222-s2-drive-view-clock-session-regression-001.md	926	1a4889b36abe662e251ab74074a85c2a827a793aa74c7f17e0cc613233edb9c4
docs/etc/research/t222-s2-drive-view-computer-name-session-regression-001.md	artifacts/documentation-archive/20260910/etc/research/t222-s2-drive-view-computer-name-session-regression-001.md	1046	3c9538fe5b4a8ba90510b25a995df9f246c68d2b5969be794bae571c5d2688ad
docs/etc/research/t222-s2-drive-view-cwd-normal-session-regression-001.md	artifacts/documentation-archive/20260910/etc/research/t222-s2-drive-view-cwd-normal-session-regression-001.md	2627	a7a9ca14084559b87bf04e852db22fc2363f988b71e86321d9cb9f7cffba97d7
docs/etc/research/t222-s2-drive-view-cwd-provider-migration-001.md	artifacts/documentation-archive/20260910/etc/research/t222-s2-drive-view-cwd-provider-migration-001.md	2414	aefabbf9166948bd89d602d95f540f547be44404a1d9e7220b099452dc15dc98
docs/etc/research/t222-s2-drive-view-dpb-session-regression-001.md	artifacts/documentation-archive/20260910/etc/research/t222-s2-drive-view-dpb-session-regression-001.md	950	6a43468cf66dbcee5816d3e864b7db2201936c3a06eae30054a3b2925d75e544
docs/etc/research/t222-s2-drive-view-drive-list-session-regression-001.md	artifacts/documentation-archive/20260910/etc/research/t222-s2-drive-view-drive-list-session-regression-001.md	420	3043fbc5e17b1bae33a4813525c555341b12a8717cdcb2ff7ab3d8d4774f1eb6
docs/etc/research/t222-s2-drive-view-dta-provider-migration-001.md	artifacts/documentation-archive/20260910/etc/research/t222-s2-drive-view-dta-provider-migration-001.md	1325	86043ad36b87e634826b153d6915403703d2d596b758bf81b478c077b705f01f
docs/etc/research/t222-s2-drive-view-free-space-session-regression-001.md	artifacts/documentation-archive/20260910/etc/research/t222-s2-drive-view-free-space-session-regression-001.md	800	f891b3bc0e35d1e18b6a31c472ace851251f5580ae6c7c5634eb063fc08f2f02
docs/etc/research/t222-s2-drive-view-host-namespace-boundary-001.md	artifacts/documentation-archive/20260910/etc/research/t222-s2-drive-view-host-namespace-boundary-001.md	1404	a763b5dc78f2bdd1b8cea7e51ab987256c168c0fbe9960d8725034c817d99128
docs/etc/research/t222-s2-drive-view-media-id-session-regression-001.md	artifacts/documentation-archive/20260910/etc/research/t222-s2-drive-view-media-id-session-regression-001.md	972	6ca126d4646c6aa106894622972bcd55dc2fdd72bb15e1ec1f34676a0a06508e
docs/etc/research/t222-s2-drive-view-observation-route-migration-001.md	artifacts/documentation-archive/20260910/etc/research/t222-s2-drive-view-observation-route-migration-001.md	1873	f79318e23e1b9d96b5d9fa7acc669d3783dd53bf641694743a3ddd007e6823cc
docs/etc/research/t222-s2-drive-view-selected-drive-regression-001.md	artifacts/documentation-archive/20260910/etc/research/t222-s2-drive-view-selected-drive-regression-001.md	729	53df06598457d12f24c92ae0d4d76028ea2d5c89b85ecbf0d782e14e94953750
docs/etc/research/t222-s2-drive-view-session-volume-baseline-001.md	artifacts/documentation-archive/20260910/etc/research/t222-s2-drive-view-session-volume-baseline-001.md	829	8ba713ac1da949e87143c5bb2a1cc252952692b74b0c31c596a0137f836d881f
docs/etc/research/t222-s2-drive-view-state-owner-migration-001.md	artifacts/documentation-archive/20260910/etc/research/t222-s2-drive-view-state-owner-migration-001.md	2004	9852a28ed1bb37e70e0131fbcb6d54d20b557bc3384f588fcc93b0cceaf7695d
docs/etc/research/t223-s1-command-abi-component-selection-001.md	artifacts/documentation-archive/20260910/etc/research/t223-s1-command-abi-component-selection-001.md	2724	8e18905d452ea7d0f576d4fa6b5c02932b3b0cd6c786dcfdcca0d212a1baf259
docs/etc/research/t223-s1-command-dispatcher-current-route-inventory-001.md	artifacts/documentation-archive/20260910/etc/research/t223-s1-command-dispatcher-current-route-inventory-001.md	3488	da5e7bcfd1666874d90041ef3b7033c7e394a7367be949695e9a518e4d96e9c7
docs/etc/research/t223-s2-command-bootstrap-state-machine-map-001.md	artifacts/documentation-archive/20260910/etc/research/t223-s2-command-bootstrap-state-machine-map-001.md	2478	1d6c770a0c6832ae264e871dde431da85f7bf93b84ec68470d60601b8e140d8d
docs/etc/research/t223-s2-command-current-directory-abi-repair-001.md	artifacts/documentation-archive/20260910/etc/research/t223-s2-command-current-directory-abi-repair-001.md	2659	ef5045149652236bb428debf1f8a3733fd0e1d14fcd81e302b0105de4717592b
docs/etc/research/t223-s2-command-profile-session-regression-001.md	artifacts/documentation-archive/20260910/etc/research/t223-s2-command-profile-session-regression-001.md	3272	c480044305b47496d4f13e1f47b371391e4483b1d3d2a3165a7e29753d1c2a91
docs/etc/research/t223-s2-command-session-broker-routing-001.md	artifacts/documentation-archive/20260910/etc/research/t223-s2-command-session-broker-routing-001.md	2295	63a4c35cb0cd05af041d9ea3f532280de754adcc26f8306ff8ac64477104a5de
docs/etc/research/t224-s1-standard-handle-redirection-source-abi-failure-map-001.md	artifacts/documentation-archive/20260910/etc/research/t224-s1-standard-handle-redirection-source-abi-failure-map-001.md	7805	c38c81262a0ca35061d4fb4e2bb77451ac7a6a0e9124875174e3bc79a8e1a13f
docs/etc/research/t224-s2-command-stream-session-provider-001.md	artifacts/documentation-archive/20260910/etc/research/t224-s2-command-stream-session-provider-001.md	2926	431ad1731ab2ec689469d03deaada49b8d593d5f53d63863462917299b578217
docs/etc/research/t224-s3-dem-pipe-sft-state-abi-failure-map-001.md	artifacts/documentation-archive/20260910/etc/research/t224-s3-dem-pipe-sft-state-abi-failure-map-001.md	4019	c9108a7fcac22867debff1722da447a083d12ed45c9d9f4ef61f5b4890f7b76f
docs/etc/research/t224-s4-command-child-redirection-source-abi-failure-map-001.md	artifacts/documentation-archive/20260910/etc/research/t224-s4-command-child-redirection-source-abi-failure-map-001.md	5536	758374c044b70ff7554d3ef7fd350caf09e1dd8f79156ac3724ee37eed04f2d8
docs/etc/research/t224-s5-command-shared-child-redirection-provider-admission-001.md	artifacts/documentation-archive/20260910/etc/research/t224-s5-command-shared-child-redirection-provider-admission-001.md	7007	3dce540a99784ec66f1461d87645300ef452f27cd874429aa02ec0335e94c3c9
docs/etc/research/t225-guest-image-layout-lifecycle-correction-001.md	artifacts/documentation-archive/20260910/etc/research/t225-guest-image-layout-lifecycle-correction-001.md	1081	6a4dd314856cb829090b37baa68952b13c66785b3991fd498170687664994451
docs/etc/research/t225-guest-memory-ownership-lifecycle-map-001.md	artifacts/documentation-archive/20260910/etc/research/t225-guest-memory-ownership-lifecycle-map-001.md	1376	c0174678f8d2b3f9cd13cb2dea093248fa6e589e8784ad436fc1979fc4038d75
docs/etc/research/t225-s10-native-run-control-observation-map-001.md	artifacts/documentation-archive/20260910/etc/research/t225-s10-native-run-control-observation-map-001.md	5948	f2d931819595e84b4b6cfa6aeedaa9a5dcdec32e82f201af1a0b982502577120
docs/etc/research/t225-s14-primary-pre-bop-continuity-source-map-001.md	artifacts/documentation-archive/20260910/etc/research/t225-s14-primary-pre-bop-continuity-source-map-001.md	4485	cfc99198937fe7c1d0ed469d2ab57c58398f9c90efb45fa92ed251e7904feb6a
docs/etc/research/t225-s18-reached-bop-owner-package-disposition-map-001.md	artifacts/documentation-archive/20260910/etc/research/t225-s18-reached-bop-owner-package-disposition-map-001.md	8483	358b3a45526cb03ca23eab5e527b826e2183397229961fb31fdd146b136c1614
docs/etc/research/t225-s19-dem-dpb-failure-source-map-001.md	artifacts/documentation-archive/20260910/etc/research/t225-s19-dem-dpb-failure-source-map-001.md	2007	b4e83bacda1426e99c44755871b3d5f143308cf646669bfa78842eb8e5b157d1
docs/etc/research/t225-s19-dem-full-package-route-reconciliation-001.md	artifacts/documentation-archive/20260910/etc/research/t225-s19-dem-full-package-route-reconciliation-001.md	6318	0feb91faf2595a10e0caaf10ea1055b5286ef560ee963553b36525228d080474
docs/etc/research/t225-s19-dem-pdb-lifecycle-ordering-correction-001.md	artifacts/documentation-archive/20260910/etc/research/t225-s19-dem-pdb-lifecycle-ordering-correction-001.md	3491	2c1095f326dd43a320001b741e0aa49bbfb973edc7d5f7c9b614b02066d04cca
docs/etc/research/t225-s19-legacy-runtime-route-inventory-001.md	artifacts/documentation-archive/20260910/etc/research/t225-s19-legacy-runtime-route-inventory-001.md	2770	0a050ef9d4aceecca252250c0a97e3dafefcd5950a5101462264303b8f42e6f5
docs/etc/research/t225-s1-guest-dos-multiprogram-owner-boundary-map-001.md	artifacts/documentation-archive/20260910/etc/research/t225-s1-guest-dos-multiprogram-owner-boundary-map-001.md	18132	89150191019f066887b0ec774d131c75b8ec2c4ab7487f1f0ca4fe6cce34042e
docs/etc/research/t225-s20-command-full-package-route-reconciliation-001.md	artifacts/documentation-archive/20260910/etc/research/t225-s20-command-full-package-route-reconciliation-001.md	6391	62bb3fb42b03bac1e1f5e8ef56cd0ddee5d43f9cf2ff9c999b512b9385c12c06
docs/etc/research/t225-s20-command-live-route-inventory-001.md	artifacts/documentation-archive/20260910/etc/research/t225-s20-command-live-route-inventory-001.md	2941	b93d2434f07d811d8805a184e89bcd810a422db87dde92592fce0c29e13958fc
docs/etc/research/t225-s20-command-sensitive-subfamily-source-map-001.md	artifacts/documentation-archive/20260910/etc/research/t225-s20-command-sensitive-subfamily-source-map-001.md	3660	d05d480213dba6bcf5ee193c36a4a3b3872614f7600b2fe3b6b5ccca5587a6c8
docs/etc/research/t225-s21-guest-dos-exec-psp-return-source-map-001.md	artifacts/documentation-archive/20260910/etc/research/t225-s21-guest-dos-exec-psp-return-source-map-001.md	7858	1603940d64adc1d2fe30b88f55db14c0c202d1ba081ffc3095e18c973b13af73
docs/etc/research/t225-s22-int06-handler-build-abi-admission-001.md	artifacts/documentation-archive/20260910/etc/research/t225-s22-int06-handler-build-abi-admission-001.md	4239	03c8543677fcbc5629e08c6496d1a542a24b227643af88076cddf6cb0fac5f88
docs/etc/research/t225-s22-int06-machine-boundary-correction-001.md	artifacts/documentation-archive/20260910/etc/research/t225-s22-int06-machine-boundary-correction-001.md	3616	47ed9e202c28de5684cb09c138995bfb4af3caaae4f2a39c7c4ce81dcff4566e
docs/etc/research/t225-s23-int06-native-pic-source-map-001.md	artifacts/documentation-archive/20260910/etc/research/t225-s23-int06-native-pic-source-map-001.md	5650	d8fe442232ba08bdd1028adfb34ac3dfb3f1eb2e4850aebc6ff7d3c84ad6816e
docs/etc/research/t225-s23-int06-x64-rehost-admission-001.md	artifacts/documentation-archive/20260910/etc/research/t225-s23-int06-x64-rehost-admission-001.md	5657	2535f79cc9e6084beef139b6257515eca3cbbe8b00de4b49efa813a1540afd54
docs/etc/research/t225-s23-native-pic-lifecycle-link-closure-001.md	artifacts/documentation-archive/20260910/etc/research/t225-s23-native-pic-lifecycle-link-closure-001.md	5726	bf10081439b46bf15d59f61946a0586f03fab22d593e97af33f9eb7f8915a162
docs/etc/research/t225-s23-opennt-host-int06-provider-admission-001.md	artifacts/documentation-archive/20260910/etc/research/t225-s23-opennt-host-int06-provider-admission-001.md	2754	f1024906688e8a4c65d7d190a892bea8d396abe53ce31b761bda8fbb430d1d66
docs/etc/research/t225-s24-machine-bios-current-route-ledger-001.md	artifacts/documentation-archive/20260910/etc/research/t225-s24-machine-bios-current-route-ledger-001.md	8835	abc9cdecf056513d045128dbc8b066f856892a310618ddb8221c5c7a88db4b4f
docs/etc/research/t225-s25-startup-machine-source-abi-failure-map-001.md	artifacts/documentation-archive/20260910/etc/research/t225-s25-startup-machine-source-abi-failure-map-001.md	5060	04fdf737c0151d90b01d1d9fc3041d5dc11605deae22cdc778b2cf8ce5c1210b
docs/etc/research/t225-s26-guest-exec-current-route-reconciliation-001.md	artifacts/documentation-archive/20260910/etc/research/t225-s26-guest-exec-current-route-reconciliation-001.md	5251	dfcc66fe89af758a288af78b171bbd530ae061583056e0fc046c82b65f49f527
docs/etc/research/t225-s27-command-parent-return-source-abi-failure-map-001.md	artifacts/documentation-archive/20260910/etc/research/t225-s27-command-parent-return-source-abi-failure-map-001.md	7504	88d5668f7e8563967e35d1be81e6ce5f95456b39c43140f81fa4088bc69f57a1
docs/etc/research/t225-s27-native-parent-return-gate-prerequisite-map-001.md	artifacts/documentation-archive/20260910/etc/research/t225-s27-native-parent-return-gate-prerequisite-map-001.md	4454	84322260e760785c2e9c5d98681449bdfc556d628992ed318499fa48fae5f3c3
docs/etc/research/t225-s28-native-segment-fault-diagnostic-source-abi-map-001.md	artifacts/documentation-archive/20260910/etc/research/t225-s28-native-segment-fault-diagnostic-source-abi-map-001.md	4638	5e133c73beb1434fdcde44be2db94836188e156250cfe96e33a907ce04a19726
docs/etc/research/t225-s29-native-first-fault-source-layout-attribution-001.md	artifacts/documentation-archive/20260910/etc/research/t225-s29-native-first-fault-source-layout-attribution-001.md	7760	8bce6626357cda430d07ad051d74b5b95cfd648ba6e0ce0cfa3aae4d7aad30c7
docs/etc/research/t225-s2-dem-child-pdb-lifecycle-source-abi-failure-map-001.md	artifacts/documentation-archive/20260910/etc/research/t225-s2-dem-child-pdb-lifecycle-source-abi-failure-map-001.md	7794	11b658c92de1e09bdaac0f77f2424ecffde4532350ae07308e971eeed90b02e7
docs/etc/research/t225-s30-segment-access-tuple-source-abi-failure-map-001.md	artifacts/documentation-archive/20260910/etc/research/t225-s30-segment-access-tuple-source-abi-failure-map-001.md	4183	f9fa458bdee641eb51409c1654a5e57294d9dadf5d30b1fd15ea02202474ea5b
docs/etc/research/t225-s31-ds-ffff-source-lifecycle-attribution-001.md	artifacts/documentation-archive/20260910/etc/research/t225-s31-ds-ffff-source-lifecycle-attribution-001.md	3388	51428d071ba26e6fd39523ba181ea5431ee0d6c8bffd8bd89635e672db5cc426
docs/etc/research/t225-s32-bootstrap-device-header-lifecycle-source-abi-failure-map-001.md	artifacts/documentation-archive/20260910/etc/research/t225-s32-bootstrap-device-header-lifecycle-source-abi-failure-map-001.md	8378	0e1ac110e5fefff0df5cb093091c882d789e5bb7c74368519acec60ce2447698
docs/etc/research/t225-s33-bootstrap-continuity-observation-admission-map-001.md	artifacts/documentation-archive/20260910/etc/research/t225-s33-bootstrap-continuity-observation-admission-map-001.md	4942	2491ba209c6f5cac653902084eb13d0f516fabd9712a9072cfd7a86c328d5a3c
docs/etc/research/t225-s34-post-bootstrap-first-fault-source-build-attribution-001.md	artifacts/documentation-archive/20260910/etc/research/t225-s34-post-bootstrap-first-fault-source-build-attribution-001.md	3693	84220da99cb8808f42547e332370661c68fac159f721b1135a469203512c61a2
docs/etc/research/t225-s36-startup-machine-postreturn-component-audit-001.md	artifacts/documentation-archive/20260910/etc/research/t225-s36-startup-machine-postreturn-component-audit-001.md	5245	dd0b11075b96aa28c872369d02eef0ba92cbf9c1b2a69ca0b96a098933e85547
docs/etc/research/t225-s37-command-guest-image-lifecycle-provenance-audit-001.md	artifacts/documentation-archive/20260910/etc/research/t225-s37-command-guest-image-lifecycle-provenance-audit-001.md	5152	b79503a67838870e45163586b442ab804c629208643030537dcce31fe3ea5ce0
docs/etc/research/t225-s38-command-image-continuity-observation-design-001.md	artifacts/documentation-archive/20260910/etc/research/t225-s38-command-image-continuity-observation-design-001.md	4554	56048eef7c69563f413d76c32822c6870bbe1f266c451790ae81a3d76f272075
docs/etc/research/t225-s3-exec-file-io-source-abi-fastread-map-001.md	artifacts/documentation-archive/20260910/etc/research/t225-s3-exec-file-io-source-abi-fastread-map-001.md	4606	aa6c1e12611719a5df18b5be333540005a652b1ef6f31436845a766c3c50dffc
docs/etc/research/t225-s40-mantle-watchdog-async-stop-source-abi-map-001.md	artifacts/documentation-archive/20260910/etc/research/t225-s40-mantle-watchdog-async-stop-source-abi-map-001.md	3320	ee3f699073a013a09428d09b9226472d2e705d871f3303f6afe184afffddfbc8
docs/etc/research/t225-s42-exception-loop-watchdog-delivery-map-001.md	artifacts/documentation-archive/20260910/etc/research/t225-s42-exception-loop-watchdog-delivery-map-001.md	1091	48271afaab478b7d3ac6a63a19526c3f4f77c035df1c703dd79bcec016f780b6
docs/etc/research/t225-s43-observed-50-36-source-attribution-001.md	artifacts/documentation-archive/20260910/etc/research/t225-s43-observed-50-36-source-attribution-001.md	4421	d1af35d48f1a21f68238c9ae249d3e0d77eb1ee31ce17534eb1344f6f2560a94
docs/etc/research/t225-s44-guest-exec-transfer-parent-return-current-route-reconciliation-001.md	artifacts/documentation-archive/20260910/etc/research/t225-s44-guest-exec-transfer-parent-return-current-route-reconciliation-001.md	7598	baf7a8c14505561bb03bcbce9022da91d97bd445305dd5addb24ebf56ebb26f3
docs/etc/research/t225-s45-source-built-guest-parent-child-return-fixture-asset-abi-map-001.md	artifacts/documentation-archive/20260910/etc/research/t225-s45-source-built-guest-parent-child-return-fixture-asset-abi-map-001.md	6322	2a0a3dab58ebff4f26cbf80d067fea890b1db073ef35005feb3a5ebfc7043f5e
docs/etc/research/t225-s47-post-entry-guest-execution-continuity-source-abi-failure-map-001.md	artifacts/documentation-archive/20260910/etc/research/t225-s47-post-entry-guest-execution-continuity-source-abi-failure-map-001.md	8577	a9b6015cfed56c63f4954c949c4fc79ee9d6f59bddd7183849fa5bcd68192dbb
docs/etc/research/t225-s49-post-entry-realmode-mechanical-continuity-map-001.md	artifacts/documentation-archive/20260910/etc/research/t225-s49-post-entry-realmode-mechanical-continuity-map-001.md	5464	cff9ccf6f97ef7a78b891672d389630abb53c1e329b14f6a38c4ef8bf09664e5
docs/etc/research/t225-s4-com-exec-control-flow-prerequisite-map-001.md	artifacts/documentation-archive/20260910/etc/research/t225-s4-com-exec-control-flow-prerequisite-map-001.md	5546	d4b046a32d37a5514b745a37d37a28407519ec108c794f8000e6a04821aec4ca
docs/etc/research/t225-s52-generic-limit-diagnostic-owner-reconciliation-001.md	artifacts/documentation-archive/20260910/etc/research/t225-s52-generic-limit-diagnostic-owner-reconciliation-001.md	1675	4a38a0d4ee55d6e8ecabe8de76e10b71055673561dffc246d20d3f2aeef3ba09
docs/etc/research/t225-s55-bootstrap-provider-reconciliation-001.md	artifacts/documentation-archive/20260910/etc/research/t225-s55-bootstrap-provider-reconciliation-001.md	6150	d0a19f59620e6723a595f35228587eb031f34d1e51b29db5e6bc328f26011ec0
docs/etc/research/t225-s55-command-init-exec-stage-ledger-001.md	artifacts/documentation-archive/20260910/etc/research/t225-s55-command-init-exec-stage-ledger-001.md	5713	a2fa92a429af3386039b395b4d107a888066b7d9e92feaff514bc8c252fe6ce4
docs/etc/research/t225-s55-command-segment-static-offset-correlation-001.md	artifacts/documentation-archive/20260910/etc/research/t225-s55-command-segment-static-offset-correlation-001.md	2423	00006637397a9a5e8375f60fe08ff55649f9c06b5b2719342a202e9686225535
docs/etc/research/t225-s56-softpc-realmode-segment-limit-source-abi-failure-map-001.md	artifacts/documentation-archive/20260910/etc/research/t225-s56-softpc-realmode-segment-limit-source-abi-failure-map-001.md	7568	add291630338681af5930090be854f4634e6983caeeecd670cbde5de042dc080
docs/etc/research/t225-s57-bop-owner-package-profile-ledger-001.json	artifacts/documentation-archive/20260910/etc/research/t225-s57-bop-owner-package-profile-ledger-001.json	236773	fb844a1c665895cc1e17f5c0c4c29971bf5a8d5f6edc040c9180ba001c702e89
docs/etc/research/t225-s57-bop-owner-package-profile-reconciliation-001.md	artifacts/documentation-archive/20260910/etc/research/t225-s57-bop-owner-package-profile-reconciliation-001.md	4803	b0ae2711dc1c0a37b00f2f36c44168537a404ee0138752e5c4956fdde715a5ce
docs/etc/research/t225-s58-bound-instruction-history-diagnostic-admission-001.md	artifacts/documentation-archive/20260910/etc/research/t225-s58-bound-instruction-history-diagnostic-admission-001.md	3528	614c62b7300bccf7e3e0e5cff72d444a24332dbae2afc77b14320c72e0c4e4ea
docs/etc/research/t225-s58-post-bop-continuity-admission-correction-001.md	artifacts/documentation-archive/20260910/etc/research/t225-s58-post-bop-continuity-admission-correction-001.md	1699	a92e1048c5c5dbe58c21060a74581c8f32d866c1133227d505ec8f9376b9eeef
docs/etc/research/t225-s5-minimal-native-ntio-continuity-closure-001.md	artifacts/documentation-archive/20260910/etc/research/t225-s5-minimal-native-ntio-continuity-closure-001.md	5356	ac55ce7c542609e697d130ae3e5227557f2051385b89bbf5acaab3591218d1e6
docs/etc/research/t225-s6-guest-dos-one-shot-fixture-admission-001.md	artifacts/documentation-archive/20260910/etc/research/t225-s6-guest-dos-one-shot-fixture-admission-001.md	15538	d1b4414a9f9b3e201ea367c750d59f0791f9a8a92d30349ff4caaa2d3680f2f3
docs/etc/research/t225-s6-reference-direct-readonly-installation-result-001.md	artifacts/documentation-archive/20260910/etc/research/t225-s6-reference-direct-readonly-installation-result-001.md	2076	2a2ad3ee79ff8225d1e5de4bd809f516aff65ee9b09b2ab200b66aa9d06d5454
docs/etc/research/t225-s7-custom-cache-retirement-001.md	artifacts/documentation-archive/20260910/etc/research/t225-s7-custom-cache-retirement-001.md	1138	3f3fdd37d0ccf110b5d5e2b3402cb3f722fa16c34adb28477738a1833fa298e4
docs/etc/research/t225-s7-full-ninja-module-graph-result-001.md	artifacts/documentation-archive/20260910/etc/research/t225-s7-full-ninja-module-graph-result-001.md	2650	150ed410b0b3d10a61333756d7e98915a1283e19734224aa0292f536dcb14608
docs/etc/research/t225-s7-incremental-composition-build-result-001.md	artifacts/documentation-archive/20260910/etc/research/t225-s7-incremental-composition-build-result-001.md	2286	96853c5deeca6e8e7c9d824305ff591d93827fa2caa14d9eb04f65a0e6d43232
docs/etc/research/t225-s7-p2-ninja-build-graph-result-001.md	artifacts/documentation-archive/20260910/etc/research/t225-s7-p2-ninja-build-graph-result-001.md	1891	a8530c1ce8eaae78da1e2137dee10c87b04f9439acf28a5641a7bdf7042d3281
docs/etc/research/t225-s9-source-built-guest-bootstrap-to-exec-admission-map-001.md	artifacts/documentation-archive/20260910/etc/research/t225-s9-source-built-guest-bootstrap-to-exec-admission-map-001.md	6290	5409647344b31d0496e9646d11b3d4585d65bcbf5984e2af2f4aa5b767c5de1c
docs/etc/research/t226-s2-dem-lifecycle-routing-source-abi-correction-001.md	artifacts/documentation-archive/20260910/etc/research/t226-s2-dem-lifecycle-routing-source-abi-correction-001.md	1998	72c064dc67b98e8e0d94057f443d80d802cc0d53951d13943e2c4023cbbe6599
docs/etc/research/t228-s1-bop-return-and-int21-termination-source-audit-001.md	artifacts/documentation-archive/20260910/etc/research/t228-s1-bop-return-and-int21-termination-source-audit-001.md	4545	230c9d52268fcae788872316d34e7f43a236a5361207647ed5939372fd7bb5ef
docs/etc/research/t228-s1-budget-terminal-position-diagnostic-admission-001.md	artifacts/documentation-archive/20260910/etc/research/t228-s1-budget-terminal-position-diagnostic-admission-001.md	2418	167b3d86d514fb1ea025e6714fba3131cd7c6855f09aad265e9fa3e3a8270f82
docs/etc/research/t228-s1-command-bootstrap-bop-correlation-correction-001.md	artifacts/documentation-archive/20260910/etc/research/t228-s1-command-bootstrap-bop-correlation-correction-001.md	3022	cc694a8c932839b928c956d6678f24fe5a26472a219578d1add883d883c1670d
docs/etc/research/t228-s1-command-headcall-contract-map-001.md	artifacts/documentation-archive/20260910/etc/research/t228-s1-command-headcall-contract-map-001.md	3418	c05dcae985f5de49aaabd44af06096c5932b6433371a8f68d8d1379316a83296
docs/etc/research/t228-s1-command-transient-arena-persistence-source-audit-001.md	artifacts/documentation-archive/20260910/etc/research/t228-s1-command-transient-arena-persistence-source-audit-001.md	3093	34c4d757cf68358a8e869be7dfd669210c84febbb36d44a1f172c60453697a70
docs/etc/research/t228-s1-command-transient-ownership-boundary-correction-001.md	artifacts/documentation-archive/20260910/etc/research/t228-s1-command-transient-ownership-boundary-correction-001.md	4116	7d623ed0752668c6e74a2e18b6e32e6892563695a2b32df1194e11d3fabe810c
docs/etc/research/t228-s1-endinit-ntdos-mcb-transient-source-abi-failure-map-001.md	artifacts/documentation-archive/20260910/etc/research/t228-s1-endinit-ntdos-mcb-transient-source-abi-failure-map-001.md	5655	8436c60e3791580004c2e5f0d1f1b125b1f29157aac9ff6155b4fc7982ddd928
docs/etc/research/t228-s1-endinit-reentry-mechanics-correction-001.md	artifacts/documentation-archive/20260910/etc/research/t228-s1-endinit-reentry-mechanics-correction-001.md	3075	6ea55d23ee82832964a2f127d4b9fa0ea0cf23a443d6208f81edffe155701c85
docs/etc/research/t228-s1-far-call-base-pointer-admission-001.md	artifacts/documentation-archive/20260910/etc/research/t228-s1-far-call-base-pointer-admission-001.md	1788	2513f43fc968e2932f1a15971f5d8ad6e4da91354c62d86c3b618cd217e992c8
docs/etc/research/t228-s1-firet-return-mechanics-correction-001.md	artifacts/documentation-archive/20260910/etc/research/t228-s1-firet-return-mechanics-correction-001.md	2082	9490ec455ceb79616776fafaeece1f0c18e7f1b8a81f431b7e2f2e9fca210c9b
docs/etc/research/t228-s1-guest-control-flow-cpu-owner-map-001.md	artifacts/documentation-archive/20260910/etc/research/t228-s1-guest-control-flow-cpu-owner-map-001.md	3118	1e841e3b46b18e218c5b418aa038f014797dd4b75c38563e3cd54cde15dc693a
docs/etc/research/t228-s1-immutable-input-staging-source-audit-001.md	artifacts/documentation-archive/20260910/etc/research/t228-s1-immutable-input-staging-source-audit-001.md	2174	a4cc947d9872420d311fbb382ed7d0eefde9891e207b389c838874b704d58f10
docs/etc/research/t228-s1-instruction-history-provenance-boundary-admission-001.md	artifacts/documentation-archive/20260910/etc/research/t228-s1-instruction-history-provenance-boundary-admission-001.md	2789	f4d3a4070a7e2f2ca827a669dd8bf18fdeeb903e6038a9f6055a6dbe2eae1693
docs/etc/research/t228-s1-post-iret-cli-observation-admission-001.md	artifacts/documentation-archive/20260910/etc/research/t228-s1-post-iret-cli-observation-admission-001.md	1533	2e66136ee049efb74a079f0c27d1c9d42e244f42504267fa52ecd569d0b6619a
docs/etc/research/t228-s1-provenance-fixture-lifecycle-boundary-admission-001.md	artifacts/documentation-archive/20260910/etc/research/t228-s1-provenance-fixture-lifecycle-boundary-admission-001.md	1334	d5a3723a08c3578e1302acc06ba01357ad032c5b6aa5dfce3503972bedb7f6b8
docs/etc/research/t228-s1-real-v86-iret-observation-admission-001.md	artifacts/documentation-archive/20260910/etc/research/t228-s1-real-v86-iret-observation-admission-001.md	4986	670212bcf7392e9b194c85293ee0b629eff27e5b9685151adf79a9c5480bd80c
docs/etc/research/t228-s1-software-interrupt-cli-observation-admission-001.md	artifacts/documentation-archive/20260910/etc/research/t228-s1-software-interrupt-cli-observation-admission-001.md	1644	bafc62ad4d2b129cd2ca2bb13628b3e8421ae883d8c49f1425dfb424ac0b84a1
docs/etc/research/t228-s1-software-interrupt-observation-profile-admission-001.md	artifacts/documentation-archive/20260910/etc/research/t228-s1-software-interrupt-observation-profile-admission-001.md	1552	83e0464fbc9191db8db939ba94986966211ea16f040a3c32ff3f6e083e82cb7d
docs/etc/research/t228-s1-terminal-cs-transition-provenance-admission-001.md	artifacts/documentation-archive/20260910/etc/research/t228-s1-terminal-cs-transition-provenance-admission-001.md	1360	c2442a9fc85d132c81dbb7b4be0cf26501e9bf156b11955d817b8493fccc0fbd
docs/etc/research/t228-s1-terminal-instruction-history-admission-001.md	artifacts/documentation-archive/20260910/etc/research/t228-s1-terminal-instruction-history-admission-001.md	1874	433c4b57ea4f88adf092975a589c0374f84bcdc3e168324eec84ebea71344a71
docs/etc/research/t228-s1-terminal-provenance-admission-001.md	artifacts/documentation-archive/20260910/etc/research/t228-s1-terminal-provenance-admission-001.md	1309	bd435b8366510a539090ba9e16d0542e1d3a062802f54e892135859ae061bde5
docs/etc/research/t228-s1-transition-successor-provenance-admission-001.md	artifacts/documentation-archive/20260910/etc/research/t228-s1-transition-successor-provenance-admission-001.md	1743	764e684148dd5b3cf328304b9a10903232b4611fd8dce11ee064b490918f3031
docs/etc/research/t229-s1-dem-source-abi-failure-ledger-001.json	artifacts/documentation-archive/20260910/etc/research/t229-s1-dem-source-abi-failure-ledger-001.json	130808	3e642723929abdd3ad3fd568e245935e9a6d2bb096cd39a6c982f2c43b6ca6af
docs/etc/research/t230-s10-native-direct-dem-composition-gap-001.md	artifacts/documentation-archive/20260910/etc/research/t230-s10-native-direct-dem-composition-gap-001.md	4141	55bc738d12cf3133d4f55ad6d0536d88bf552ebbc247c4b13058705942cdaf8c
docs/etc/research/t95-s2-host-drive-policy-snapshot.md	artifacts/documentation-archive/20260910/etc/research/t95-s2-host-drive-policy-snapshot.md	3578	55430d57246660e10fc32c95b843f83d84939f5b50f4a55240a08e41ca9bd6fb
docs/etc/research/t95-s3-dos-search-family-contract.md	artifacts/documentation-archive/20260910/etc/research/t95-s3-dos-search-family-contract.md	6466	b451a24a17da59ffc0859aef85baf2c725b38694b8228543b129f83732073e31
docs/etc/research/t95-s4-host-namespace-projection.md	artifacts/documentation-archive/20260910/etc/research/t95-s4-host-namespace-projection.md	2397	3ba892a9a2089ea4293c3510d457b9927286b845954506348f4b3a851a9f1e1c
docs/etc/research/t95-s5-gather-read-admission.md	artifacts/documentation-archive/20260910/etc/research/t95-s5-gather-read-admission.md	13042	0e15dcb91a8cd5e93548be4496543b2f7a1028d465359acd8caaa2a6ab85c8e7
docs/etc/research/t95-s5-guest-read-transport.md	artifacts/documentation-archive/20260910/etc/research/t95-s5-guest-read-transport.md	5244	8a073028082b0f70af1ccd45e03b9c16e723fc61d55e70caa56af14022dec922
docs/etc/research/t95-s6-adapter-same-island-closure-audit.md	artifacts/documentation-archive/20260910/etc/research/t95-s6-adapter-same-island-closure-audit.md	2811	6391e91214cf24969ff5dca23c23bdfa9e17e0cf6d37192151f548f6e539659f
docs/etc/research/t95-s6-bop-admission-state-matrix-001.md	artifacts/documentation-archive/20260910/etc/research/t95-s6-bop-admission-state-matrix-001.md	6641	c30cfd6520dab4af4988f4344e60900fd1703d1ce0fafe9263b557971e52c319
docs/etc/research/t95-s6-bop-source-control-flow-method-001.md	artifacts/documentation-archive/20260910/etc/research/t95-s6-bop-source-control-flow-method-001.md	3024	bfffde8cfb6bcf54bdc58c9433cead965ffd04436b73767991f32178001b7cfa
docs/etc/research/t95-s6-cmd-current-directory-capability-closure-001.md	artifacts/documentation-archive/20260910/etc/research/t95-s6-cmd-current-directory-capability-closure-001.md	4626	af88eb3a666224ebecdcf274744d2b00a78247f39c0bb79c14332a1506cd834e
docs/etc/research/t95-s6-cmd-getconfigsys-capability-audit-001.md	artifacts/documentation-archive/20260910/etc/research/t95-s6-cmd-getconfigsys-capability-audit-001.md	5882	3dc78bb57aa86c0615eaa5ca1bf09a57709866f0587f8bde16ab3c230dc988d3
docs/etc/research/t95-s6-command-guest-path-provenance-001.md	artifacts/documentation-archive/20260910/etc/research/t95-s6-command-guest-path-provenance-001.md	3077	e096fb6ebbd86a8d3b056d6daf60a0634349b68fb0c2489b3f329f00e21c6e7d
docs/etc/research/t95-s6-cpu3-original-project-object-inventory-001.md	artifacts/documentation-archive/20260910/etc/research/t95-s6-cpu3-original-project-object-inventory-001.md	3348	6627779d45d8307a32592172de3017b31f2b0d8cd71395775935276004898a00
docs/etc/research/t95-s6-cpu3-retention-proof-001.md	artifacts/documentation-archive/20260910/etc/research/t95-s6-cpu3-retention-proof-001.md	12230	6e4f7a0fd600ceebcbad63410d15397adbbd071815bac087c7e564416f8361b7
docs/etc/research/t95-s6-cpu3-static-opcode-closure-decision.md	artifacts/documentation-archive/20260910/etc/research/t95-s6-cpu3-static-opcode-closure-decision.md	2979	5c1f2ebb5f107b08241a763404f23405baec56bbec74b39203bcf9e9baf567f2
docs/etc/research/t95-s6-cpu3-symbol-retention-inventory-001.md	artifacts/documentation-archive/20260910/etc/research/t95-s6-cpu3-symbol-retention-inventory-001.md	3775	470b2fe5b5402f90e0cc7c116456086f12646f79d3fb58dc3fca5b2f2cd430e2
docs/etc/research/t95-s6-cpu-core-compile-object-ledger.md	artifacts/documentation-archive/20260910/etc/research/t95-s6-cpu-core-compile-object-ledger.md	8105	063b6159b252db05fd0dff80fbd6108ec9323e232d6788cd46b90507981ffbdc
docs/etc/research/t95-s6-cpu-profile-authority-reconciliation.md	artifacts/documentation-archive/20260910/etc/research/t95-s6-cpu-profile-authority-reconciliation.md	5424	88a7383606dc410efa64ab1618f8a6d4462654301f8fea004d01abcfa26f9b90
docs/etc/research/t95-s6-default-handler-registration-source-separation.md	artifacts/documentation-archive/20260910/etc/research/t95-s6-default-handler-registration-source-separation.md	3074	bd049da56b0a567a87980706560dc323322125756ca4c5d16f0fa96a7d171890
docs/etc/research/t95-s6-default-off-x87-companion-link-observation-001.md	artifacts/documentation-archive/20260910/etc/research/t95-s6-default-off-x87-companion-link-observation-001.md	2952	02ad5d0aeb75f45a274e353ca09efdd1b40e9f3601f0475dc095d0117a29b25f
docs/etc/research/t95-s6-dem-open-mode-and-path-admission-001.md	artifacts/documentation-archive/20260910/etc/research/t95-s6-dem-open-mode-and-path-admission-001.md	5146	4ed6bc1f28f913e8511160a55fde748b2d7be18a1e5b0e8ab0eb0dc70b5a396d
docs/etc/research/t95-s6-dem-read-transport-sizing-audit-001.md	artifacts/documentation-archive/20260910/etc/research/t95-s6-dem-read-transport-sizing-audit-001.md	4183	d3768a48fb2ea07fa066095d021bd39e895d0669c3f93bc960414ded8b89aefb
docs/etc/research/t95-s6-dos-read-handle-closure-audit-001.md	artifacts/documentation-archive/20260910/etc/research/t95-s6-dos-read-handle-closure-audit-001.md	9386	290d9b8cc80dcdf1a716bd187ef34fc5835243977ea35c02e3b559ddb7c03bfb
docs/etc/research/t95-s6-empty-port-source-object-separation.md	artifacts/documentation-archive/20260910/etc/research/t95-s6-empty-port-source-object-separation.md	1915	802a419b0da5a6722f94406733f54007c28f2a9a2f9005f83f2b62477532bc3e
docs/etc/research/t95-s6-first-prefix-svc-bop-control-transfer-provenance-001.md	artifacts/documentation-archive/20260910/etc/research/t95-s6-first-prefix-svc-bop-control-transfer-provenance-001.md	4193	c6df12ef6e70973693dd0a8f10bb9c28c325148a52f4ffd0704330cd06f61da4
docs/etc/research/t95-s6-fmt-ll-lexical-compatibility-repair.md	artifacts/documentation-archive/20260910/etc/research/t95-s6-fmt-ll-lexical-compatibility-repair.md	2127	ca6a8f8dcdb93e7404b89d3bb7af9550f66d9cc1186b575f0472d594b038fc72
docs/etc/research/t95-s6-guest-artifact-placement-contract-001.md	artifacts/documentation-archive/20260910/etc/research/t95-s6-guest-artifact-placement-contract-001.md	6160	0d764a362f89b531e69f81c6b97c23f8d299927ae0613e8ff6d50b2540ed3c21
docs/etc/research/t95-s6-instrument-header-and-win32-entry-audit.md	artifacts/documentation-archive/20260910/etc/research/t95-s6-instrument-header-and-win32-entry-audit.md	4976	0855aaba5bcfdfa2379a5a209a168a12adf928d0eadf6f32c892b48dbb1622d5
docs/etc/research/t95-s6-intact-native-build-observation-001-timeout.md	artifacts/documentation-archive/20260910/etc/research/t95-s6-intact-native-build-observation-001-timeout.md	1521	7e1dada45eee0e4f576876d19432ace7a5ca2a6807ce59e0d004c94027dd8be7
docs/etc/research/t95-s6-intact-native-build-observation-002.md	artifacts/documentation-archive/20260910/etc/research/t95-s6-intact-native-build-observation-002.md	2932	64af3462bc23491dac7128f6a5d651e37ed0c15d6576059a6d065608ebd8ad2f
docs/etc/research/t95-s6-intact-native-build-observation-003.md	artifacts/documentation-archive/20260910/etc/research/t95-s6-intact-native-build-observation-003.md	3064	7a7c656ac2c28ee376e17e9dd32cd761783679bef6daf8fd42be6793d21cfae2
docs/etc/research/t95-s6-intact-native-build-root-001.md	artifacts/documentation-archive/20260910/etc/research/t95-s6-intact-native-build-root-001.md	1494	1729b6e0d6a7e42f343d1f54ce1af92a1664ea2c2d291af333a639e2ae0d13a2
docs/etc/research/t95-s6-intact-native-tuple-manifest-001.md	artifacts/documentation-archive/20260910/etc/research/t95-s6-intact-native-tuple-manifest-001.md	1504	2a1f743837689053cb178edc20ac9ee4f504865736b0f362323bfbe8724aad8c
docs/etc/research/t95-s6-minimal-adapter-startup-session.md	artifacts/documentation-archive/20260910/etc/research/t95-s6-minimal-adapter-startup-session.md	2062	721a1be42d263185fdfec9647e6a18446d5d2589c0b44d3bc0af53defedb3357
docs/etc/research/t95-s6-minimal-config-macro-ledger.md	artifacts/documentation-archive/20260910/etc/research/t95-s6-minimal-config-macro-ledger.md	6603	d9339e2f13c67729cd8c9d6c6532c94840679fee271a0955a5cb53f4f68ced9b
docs/etc/research/t95-s6-minimal-internal-retention-isolation-design.md	artifacts/documentation-archive/20260910/etc/research/t95-s6-minimal-internal-retention-isolation-design.md	3455	b955fb216f99ce9f2c049565898cedda539026a52a77fcf88115278e37e96ac4
docs/etc/research/t95-s6-minimal-mechanics-provider-object-observation-001.md	artifacts/documentation-archive/20260910/etc/research/t95-s6-minimal-mechanics-provider-object-observation-001.md	3878	655a08d9ed5a134c70554dd7729dd710698ade25212edb162aa8ed2e53d4edfa
docs/etc/research/t95-s6-minimal-port-compile-observation-001.md	artifacts/documentation-archive/20260910/etc/research/t95-s6-minimal-port-compile-observation-001.md	2667	67f79aad42d6e2e18a38077db9372cca00ab909a5a843481375eed42b84bbbd9
docs/etc/research/t95-s6-minimal-port-compile-observation-002.md	artifacts/documentation-archive/20260910/etc/research/t95-s6-minimal-port-compile-observation-002.md	2558	f8ec6e4e73f9166f0a80c41508fa11828d33b529c61214a3caaaeb4d850c0001
docs/etc/research/t95-s6-minimal-x86-config-link-closure-contract.md	artifacts/documentation-archive/20260910/etc/research/t95-s6-minimal-x86-config-link-closure-contract.md	10455	20b6b53dd85237cca290a37a1db1c63aa7b0a691cd3e1564df173b413dc20ee9
docs/etc/research/t95-s6-msvc-analysis-attempt-001-rejection.md	artifacts/documentation-archive/20260910/etc/research/t95-s6-msvc-analysis-attempt-001-rejection.md	3155	3d35368d8a360e8656fe969e8030520ef4ed68bb25bb8f1b7fa221ccc2810f4f
docs/etc/research/t95-s6-msvc-config-projection.md	artifacts/documentation-archive/20260910/etc/research/t95-s6-msvc-config-projection.md	2449	43329798310cd77bf7ea352717683fc4692d2b59576c9c2827d988cc8baaa17a
docs/etc/research/t95-s6-msvc-config-projection-002.md	artifacts/documentation-archive/20260910/etc/research/t95-s6-msvc-config-projection-002.md	2115	b2389dd2ffa0e42348d6146cd783d54255410dfe747adb04fd8298d7c6f32f3b
docs/etc/research/t95-s6-msvc-config-projection-attempt-001-blocked.md	artifacts/documentation-archive/20260910/etc/research/t95-s6-msvc-config-projection-attempt-001-blocked.md	2304	69d5ebb2d9750da0ea763575ca7f93f6a592b5c88a4da06007b7355611d77ae0
docs/etc/research/t95-s6-msvc-config-projection-tool-repair.md	artifacts/documentation-archive/20260910/etc/research/t95-s6-msvc-config-projection-tool-repair.md	2230	96d15f226d2d042c9983bcca9d326b7379d4b4d2dba87098af350c9dd6bcd69d
docs/etc/research/t95-s6-msvc-configure-substitution-audit-001.md	artifacts/documentation-archive/20260910/etc/research/t95-s6-msvc-configure-substitution-audit-001.md	2747	49a766d1da02c4c39c7a88b13aece138546f863aaeec67290174a05eea5a7332
docs/etc/research/t95-s6-msvc-format-token-projection-v2.md	artifacts/documentation-archive/20260910/etc/research/t95-s6-msvc-format-token-projection-v2.md	2969	8893b99d5e2737f5a42822560f1dae8f566a7ffa48b409db6b8fe49f7cee23ff
docs/etc/research/t95-s6-msvc-native-container-build-observation-001.md	artifacts/documentation-archive/20260910/etc/research/t95-s6-msvc-native-container-build-observation-001.md	2808	ab215e85e46054bc90942586bd75754874f32192525b1fcdbd9e6d0fc280e925
docs/etc/research/t95-s6-msvc-native-container-build-shim-001.md	artifacts/documentation-archive/20260910/etc/research/t95-s6-msvc-native-container-build-shim-001.md	2914	cbb0cf2021ec4c28dd5a6e009016325bcc845122920bfc37f51e7eeaf8a5ecd5
docs/etc/research/t95-s6-msvc-native-container-feature-manifest.md	artifacts/documentation-archive/20260910/etc/research/t95-s6-msvc-native-container-feature-manifest.md	4011	69d900ff0bd69b17e6d1e4c698c2019b9eef36075f9c9e90214ebe5a3d20f249
docs/etc/research/t95-s6-msvc-native-container-link-template.md	artifacts/documentation-archive/20260910/etc/research/t95-s6-msvc-native-container-link-template.md	2209	dc2aebe8fad3a3f9cb7a247ad8a8944706afc87bd19a08181c6aa419bf0cfd3a
docs/etc/research/t95-s6-msvc-native-container-manifest-001.md	artifacts/documentation-archive/20260910/etc/research/t95-s6-msvc-native-container-manifest-001.md	2464	f0b3a8da9cc9ab5467971a8005ea04cb18093cb44285811e7b4ff31012c0bb88
docs/etc/research/t95-s6-msvc-native-container-recipe-design.md	artifacts/documentation-archive/20260910/etc/research/t95-s6-msvc-native-container-recipe-design.md	3280	1050c8cedace158ded503f2400fb23eb1eece35c0ec709ec8d9dde83a2428464
docs/etc/research/t95-s6-msvc-object-link-closure-audit.md	artifacts/documentation-archive/20260910/etc/research/t95-s6-msvc-object-link-closure-audit.md	6842	c025928e27b58148971e5cdb07077ca6973668b2f2782e1a4f8fe523579f2aa0
docs/etc/research/t95-s6-msvc-projected-syntax-001.md	artifacts/documentation-archive/20260910/etc/research/t95-s6-msvc-projected-syntax-001.md	2545	4cc75e4214a247468d3bba62bcae569651aefd881e7cae86ac1d536eb4bd7bbe
docs/etc/research/t95-s6-msvc-projected-syntax-002.md	artifacts/documentation-archive/20260910/etc/research/t95-s6-msvc-projected-syntax-002.md	2631	8e305546b9efbfb1c85f250bb8df66e1828e461b459fc9e3990105e5e546ffdf
docs/etc/research/t95-s6-msvc-projected-syntax-003.md	artifacts/documentation-archive/20260910/etc/research/t95-s6-msvc-projected-syntax-003.md	2259	8ff84d3326d229de10c544c8944696624c23638b64896e7153a63199a88c5884
docs/etc/research/t95-s6-msvc-win32-closure-audit.md	artifacts/documentation-archive/20260910/etc/research/t95-s6-msvc-win32-closure-audit.md	6684	9628606ccbc262c9749d53696acfdce052fecbb374a7614abe2c47786be1a89d
docs/etc/research/t95-s6-msvc-x86-config-shape-matrix-001.md	artifacts/documentation-archive/20260910/etc/research/t95-s6-msvc-x86-config-shape-matrix-001.md	4492	15de61b2ebb8091dfaffe4134a74c6a1e0b632e366d134df4be42d48ba1fad09
docs/etc/research/t95-s6-msvc-x86-config-shape-matrix-002.md	artifacts/documentation-archive/20260910/etc/research/t95-s6-msvc-x86-config-shape-matrix-002.md	4237	b817459199990dbe257cc5bc0870a020d955a3a66f7d890abb03c4764c25445f
docs/etc/research/t95-s6-msvc-x86-config-shape-matrix-003.md	artifacts/documentation-archive/20260910/etc/research/t95-s6-msvc-x86-config-shape-matrix-003.md	4196	c58edd699d57db041a7fd3ba851ca928ffa0d52055193ecf8a2da17e92d6fece
docs/etc/research/t95-s6-msvc-x86-nonproduct-compiler-probe.md	artifacts/documentation-archive/20260910/etc/research/t95-s6-msvc-x86-nonproduct-compiler-probe.md	2578	857011cebe28f88dace233fbfa2dd99a96364a751694c966e6a139b75bbced46
docs/etc/research/t95-s6-msvc-x86-platform-probe.md	artifacts/documentation-archive/20260910/etc/research/t95-s6-msvc-x86-platform-probe.md	3662	58f8ca4d4f99af5666e99f4014a77cab8940d15653d8aaf881da57665d5888f0
docs/etc/research/t95-s6-narrow-companion-link-design.md	artifacts/documentation-archive/20260910/etc/research/t95-s6-narrow-companion-link-design.md	3477	044961b4652543b22aabc3478dc05aea6f66cc53cf91eb7b1464baa68a00bdc3
docs/etc/research/t95-s6-narrow-companion-link-observation-001.md	artifacts/documentation-archive/20260910/etc/research/t95-s6-narrow-companion-link-observation-001.md	2258	0d830c507f16448ee0f44f1aae962e2526884252628c273647835b37be8b2768
docs/etc/research/t95-s6-narrow-companion-noenvironment-reset-001.md	artifacts/documentation-archive/20260910/etc/research/t95-s6-narrow-companion-noenvironment-reset-001.md	1220	d219c7e87d72f9c484ef312adf25236f71f12b733a577bce3c2d3910d8db705d
docs/etc/research/t95-s6-narrow-startup-companion-closure-001.md	artifacts/documentation-archive/20260910/etc/research/t95-s6-narrow-startup-companion-closure-001.md	2143	bb60662fd8c0287188db01805b8f7e1b9b7ae758000b7fca2f0d570e7c667ff2
docs/etc/research/t95-s6-narrow-startup-companion-closure-002.md	artifacts/documentation-archive/20260910/etc/research/t95-s6-narrow-startup-companion-closure-002.md	2911	7aef9e2531567f65fea3f8cedbb6ed4048f6feb222c8ffb325eb6fd5604133d4
docs/etc/research/t95-s6-narrow-startup-transaction-build-attempt-001.md	artifacts/documentation-archive/20260910/etc/research/t95-s6-narrow-startup-transaction-build-attempt-001.md	2908	7d625851612cea7ec78683772520aa0d80d3ed621b26ce00105ae46cd812cae8
docs/etc/research/t95-s6-narrow-startup-transaction-build-attempt-002.md	artifacts/documentation-archive/20260910/etc/research/t95-s6-narrow-startup-transaction-build-attempt-002.md	2469	55d7ad74dfeb428233eee6fac37840c3fabb397108646fecb8325955cf87ca30
docs/etc/research/t95-s6-narrow-startup-transaction-build-attempt-006.md	artifacts/documentation-archive/20260910/etc/research/t95-s6-narrow-startup-transaction-build-attempt-006.md	1965	96c8e5cc6b15987561df430f3d09b16a50766b2809ba3db6855690a1fadb6460
docs/etc/research/t95-s6-native-config-reconciliation-001.md	artifacts/documentation-archive/20260910/etc/research/t95-s6-native-config-reconciliation-001.md	3010	6e76da5f3314d27993f7183ac0547ac9cc4df64f84cb6962a685abb802b00149
docs/etc/research/t95-s6-native-container-reconciliation.md	artifacts/documentation-archive/20260910/etc/research/t95-s6-native-container-reconciliation.md	3515	99b59c3d9818347066ed9b8cac16288fd97705a3905e53136c9a1df64083304a
docs/etc/research/t95-s6-native-minimum-profile-boundary-audit.md	artifacts/documentation-archive/20260910/etc/research/t95-s6-native-minimum-profile-boundary-audit.md	2904	75282520dace892360cd86ff75c15693f46cfaa852cf1e2111ef8f1e93f75225
docs/etc/research/t95-s6-native-reset-controlled-stop-design.md	artifacts/documentation-archive/20260910/etc/research/t95-s6-native-reset-controlled-stop-design.md	3720	88233d02f9dc4fbd2d603a22050eefa7b568a3d8049aee9fab4c030177595fdb
docs/etc/research/t95-s6-native-reset-controlled-stop-observation-001-tool-failure.md	artifacts/documentation-archive/20260910/etc/research/t95-s6-native-reset-controlled-stop-observation-001-tool-failure.md	1868	8bddac000088cf197acc09af37b0d76d61e88fdc7a6eb8193c5e390b69add3da
docs/etc/research/t95-s6-native-reset-controlled-stop-observation-002.md	artifacts/documentation-archive/20260910/etc/research/t95-s6-native-reset-controlled-stop-observation-002.md	2967	84184bf28ab1d1f478c8c38f1a5302acfe62955fe818d82fffcf1a8856653cef
docs/etc/research/t95-s6-non-cpu-retention-edge-ledger.md	artifacts/documentation-archive/20260910/etc/research/t95-s6-non-cpu-retention-edge-ledger.md	7234	77fc81721dcfb4409e90f90bbfbe28af8f1086af8d8a6d5bcdb878ae5bc994df
docs/etc/research/t95-s6-optin-x87-ntio-prefix-observation-001.md	artifacts/documentation-archive/20260910/etc/research/t95-s6-optin-x87-ntio-prefix-observation-001.md	3620	3864ed82bc6f62ef9cf9a48dc66a260e6b84aec2eb822b2a4a2bf29fc4e9978e
docs/etc/research/t95-s6-original-cpu-project-closure.md	artifacts/documentation-archive/20260910/etc/research/t95-s6-original-cpu-project-closure.md	2952	6eecc958fd1b309f8f6aa290b5c6426f28896917e84d3d801e316665d9602656
docs/etc/research/t95-s6-passive-x87-compatibility-diagnostic-design-001.md	artifacts/documentation-archive/20260910/etc/research/t95-s6-passive-x87-compatibility-diagnostic-design-001.md	5057	1bb341892a37df98bc59279e103197d54490a2340231ae9e735334b331f9cc81
docs/etc/research/t95-s6-pc-reset-floor-profile-design.md	artifacts/documentation-archive/20260910/etc/research/t95-s6-pc-reset-floor-profile-design.md	3414	146e783e98c0cd59beae0fd73fb96eeebe8ada8cfdfdb1abfec28895e1903f74
docs/etc/research/t95-s6-pc-reset-floor-profile-observation-001.md	artifacts/documentation-archive/20260910/etc/research/t95-s6-pc-reset-floor-profile-observation-001.md	1053	d1d5b977dd5799df9ebe4c019fcdaed39c263d240d1f8c72d40849f9dc4b6c82
docs/etc/research/t95-s6-pc-reset-floor-profile-observation-002.md	artifacts/documentation-archive/20260910/etc/research/t95-s6-pc-reset-floor-profile-observation-002.md	1875	deaf88c8f63a946db0e718dedf1a4cae83e08d37652ab28ed658071f0f36ce33
docs/etc/research/t95-s6-post-5011-continuation-semantics-audit-001.md	artifacts/documentation-archive/20260910/etc/research/t95-s6-post-5011-continuation-semantics-audit-001.md	5340	58161f50c3bbe92b380b816a1f45c532465d8c104514e0ddfabae05c067fb5f5
docs/etc/research/t95-s6-post-5011-mechanics-symptom-supersession-001.md	artifacts/documentation-archive/20260910/etc/research/t95-s6-post-5011-mechanics-symptom-supersession-001.md	4189	7043c28077dca212cebbb429c36505aee81dd7230a60994d39e1c27c8adb0596
docs/etc/research/t95-s6-post-transaction-original-owner-provenance-001.md	artifacts/documentation-archive/20260910/etc/research/t95-s6-post-transaction-original-owner-provenance-001.md	1416	d02c8bf70093ce8e9a4bb0a036eb73b68ad0ca7cc711a2a8b7a4c0070ca6392e
docs/etc/research/t95-s6-r12-bop-listener-trace-001.md	artifacts/documentation-archive/20260910/etc/research/t95-s6-r12-bop-listener-trace-001.md	3461	fffa5457752942f00ceb7ab042d35fc0155afcdf135350cc850d30aa147e63c5
docs/etc/research/t95-s6-r26-bios15-trace-001.md	artifacts/documentation-archive/20260910/etc/research/t95-s6-r26-bios15-trace-001.md	2419	e879ea680906cbcd4da76c83b9a9416f9aa50762b41105dd0832e946f9a210e3
docs/etc/research/t95-s6-r27-boot-drive-trace-001.md	artifacts/documentation-archive/20260910/etc/research/t95-s6-r27-boot-drive-trace-001.md	2465	674d51b78846a5341281c1a5e5649b25f557780a988810bfbdec1768d951ba6d
docs/etc/research/t95-s6-r29-cli-root-set-trace-001.md	artifacts/documentation-archive/20260910/etc/research/t95-s6-r29-cli-root-set-trace-001.md	2133	d69f1d808e528e04877c7680db2050db5e54e1c131c68155f55d7688f3a6dfee
docs/etc/research/t95-s6-r2-native-reset-controlled-stop-001.md	artifacts/documentation-archive/20260910/etc/research/t95-s6-r2-native-reset-controlled-stop-001.md	2240	a68c607aaaa7efd509983ebf91588fc137afa3917e04f24d2834116eb1eb53b0
docs/etc/research/t95-s6-r3-real-ntio-startup-transaction-005.md	artifacts/documentation-archive/20260910/etc/research/t95-s6-r3-real-ntio-startup-transaction-005.md	2525	bdbc294b67107ed2795ada985a88bd43edf262c9d0def153b547492b95551f42
docs/etc/research/t95-s6-r6-real-ntio-fault-state-006.md	artifacts/documentation-archive/20260910/etc/research/t95-s6-r6-real-ntio-fault-state-006.md	1314	0bbe27de3cbc5da567cad30c78b280f1329609e36ff871f5af992b2a2bc95fc0
docs/etc/research/t95-s6-rejected-owner-retention-root-trace.md	artifacts/documentation-archive/20260910/etc/research/t95-s6-rejected-owner-retention-root-trace.md	2983	fb47a90f5cf3df914a0cbf782dd091a01806834fa40823bbf2ad24e85b7862e5
docs/etc/research/t95-s6-retention-proof-protocol.md	artifacts/documentation-archive/20260910/etc/research/t95-s6-retention-proof-protocol.md	8028	076b444d28e47aa097ccb6666e89f63de5c662fdb89e93be03a571a5a8da4330
docs/etc/research/t95-s6-source-built-ntio-prefix-correlation-001.md	artifacts/documentation-archive/20260910/etc/research/t95-s6-source-built-ntio-prefix-correlation-001.md	5787	dd10430cd140d5bb89c6d029560e14716540a22b0c26a09bdc3a6167d4c26dce
docs/etc/research/t95-s6-source-built-ntio-prefix-observation-001.md	artifacts/documentation-archive/20260910/etc/research/t95-s6-source-built-ntio-prefix-observation-001.md	1457	9222da731c40e322a49df939703d23528ec15d813f9120c17f24b6b1306903b4
docs/etc/research/t95-s6-stable-machine-composition-design.md	artifacts/documentation-archive/20260910/etc/research/t95-s6-stable-machine-composition-design.md	3656	131adc2b231e2737088cf6f4eedd88d9f9bc64646ea3a83694c5231359eb3268
docs/etc/research/t95-s6-startup-session-static-symbol-inventory-001.md	artifacts/documentation-archive/20260910/etc/research/t95-s6-startup-session-static-symbol-inventory-001.md	3607	f3f834d7e1be84be0d6a72383049d0729678d0d26571a3534fae1f3811f50256
docs/etc/research/t95-s6-startup-transaction-object-closure-ledger-001.md	artifacts/documentation-archive/20260910/etc/research/t95-s6-startup-transaction-object-closure-ledger-001.md	5074	0c48d12fe7384bda04ef79f446f13d6a9f95ba92b8f819b6263fe6f4daa30fd5
docs/etc/research/t95-s6-startup-transaction-reuse-design-001.md	artifacts/documentation-archive/20260910/etc/research/t95-s6-startup-transaction-reuse-design-001.md	4361	6a43cade35aac72d7b31896edafad6397ab8e765f7c17e7957d841840c363ac7
docs/etc/research/t95-s6-synthetic-hlt-startup-observation-001.md	artifacts/documentation-archive/20260910/etc/research/t95-s6-synthetic-hlt-startup-observation-001.md	885	a6a113f16ada6de41d40fd135839f759edc54cbef2860bc93ba7f12c8ac8fa9e
docs/etc/research/t95-s6-unresolved-symbol-ownership-ledger.md	artifacts/documentation-archive/20260910/etc/research/t95-s6-unresolved-symbol-ownership-ledger.md	4327	850e941ba059dc2ae1b1458b45a7ec5d435b5aec51bd75f1f66d60b720668eec
docs/etc/research/t95-s6-x87-last-operation-address-correlation-001.md	artifacts/documentation-archive/20260910/etc/research/t95-s6-x87-last-operation-address-correlation-001.md	2612	440a7b9f09be26058753f187588a8734f8ee52bb652e7b5c742b340bfaa5111d
docs/etc/research/t95-s7-adapter-launch-install-evidence-001.md	artifacts/documentation-archive/20260910/etc/research/t95-s7-adapter-launch-install-evidence-001.md	1983	284649c8df26c51da13adcbc478323e3856d0c239d3bbcd901175fdfca3c9d0a
docs/etc/research/t95-s7-bochs-runtime-trace-closure-audit-001.md	artifacts/documentation-archive/20260910/etc/research/t95-s7-bochs-runtime-trace-closure-audit-001.md	6231	13f7a746e85167a5ec4eb92a16d7e76381f3332124b7541b7730d2751bc15021
docs/etc/research/t95-s7-bop-06-illegal-instruction-audit-001.md	artifacts/documentation-archive/20260910/etc/research/t95-s7-bop-06-illegal-instruction-audit-001.md	1696	25674c809a09ec9e54d16fc021348074377f2a73ad9a97471b1ee462ad65e6d6
docs/etc/research/t95-s7-bop-17-printer-unavailable-audit-001.md	artifacts/documentation-archive/20260910/etc/research/t95-s7-bop-17-printer-unavailable-audit-001.md	1278	945c60f636ab306ff5053bf9b03568483bee3ffb48333450a08fff3389f24404
docs/etc/research/t95-s7-bop-50-36-vdd-create-user-notify-audit-001.md	artifacts/documentation-archive/20260910/etc/research/t95-s7-bop-50-36-vdd-create-user-notify-audit-001.md	1849	653ee8d996160b42777089c8c378f63062a55f3718c1a9df5159c3e747741add
docs/etc/research/t95-s7-bop-54-01-cli-command-delivery-audit-001.md	artifacts/documentation-archive/20260910/etc/research/t95-s7-bop-54-01-cli-command-delivery-audit-001.md	4145	8858c83be16d2d79c3ed0407dde801f77c1f3706e777452268e9a70c0c9da266
docs/etc/research/t95-s7-bop-54-01-generic-transport-audit-001.md	artifacts/documentation-archive/20260910/etc/research/t95-s7-bop-54-01-generic-transport-audit-001.md	2565	b21fb8f990c6d47e5758055103fa6634ca2d3c89de4e993f73ad8f01fbad45bd
docs/etc/research/t95-s7-bop-54-01-response-contract-001.md	artifacts/documentation-archive/20260910/etc/research/t95-s7-bop-54-01-response-contract-001.md	3240	c052b62af9e5e17bf67c41291c5fbeba1e140e1c1ffafb2435e74b8f899ffb7f
docs/etc/research/t95-s7-bop-54-01-service-evidence-001.md	artifacts/documentation-archive/20260910/etc/research/t95-s7-bop-54-01-service-evidence-001.md	2307	f300ff60f6003fa126b4153671e0490a4c6f231bb3a54d6d0cfcae96a3e51614
docs/etc/research/t95-s7-bop-54-0e-keyboard-layout-audit-001.md	artifacts/documentation-archive/20260910/etc/research/t95-s7-bop-54-0e-keyboard-layout-audit-001.md	969	58adb514ef50f8034cf5b8f773f9547ca8fa879b0aff9ef9d164233982c369bf
docs/etc/research/t95-s7-bop-54-0e-service-evidence-001.md	artifacts/documentation-archive/20260910/etc/research/t95-s7-bop-54-0e-service-evidence-001.md	2211	ba2495c5421e65abcdc214b06f17ee2e5b36b6ff4423ffdc3801f89b04a3b186
docs/etc/research/t95-s7-bop-5a-runtime-result-011.md	artifacts/documentation-archive/20260910/etc/research/t95-s7-bop-5a-runtime-result-011.md	2507	b3a90e0fe29dc5672e6fa3683506a7649c697581fdd4e0eadedd555d3b8b9646
docs/etc/research/t95-s7-bop-5e-config-notification-audit-001.md	artifacts/documentation-archive/20260910/etc/research/t95-s7-bop-5e-config-notification-audit-001.md	962	f8f3fe2bf06c7d24d66ffd796d14a72668b4efd5baaf722360ab463a36f27230
docs/etc/research/t95-s7-bop-5f-bochs-owner-map-001.md	artifacts/documentation-archive/20260910/etc/research/t95-s7-bop-5f-bochs-owner-map-001.md	3245	097a105f2d4ff0b9820ebeb593789e1d8a5b40e1b6bf4771f49ad41f0a750807
docs/etc/research/t95-s7-bop-5f-runtime-result-012.md	artifacts/documentation-archive/20260910/etc/research/t95-s7-bop-5f-runtime-result-012.md	1619	b179a94ac3f42f76055427f38f0707647758136e645fc0cfbad87e3a90cd1032
docs/etc/research/t95-s7-bop-66-ems-unavailable-audit-001.md	artifacts/documentation-archive/20260910/etc/research/t95-s7-bop-66-ems-unavailable-audit-001.md	1997	4469d6b99c262d37c257a00af5a20539a58b25370e7e8217720ebe836931f633
docs/etc/research/t95-s7-bop-c8-headless-mouse-owner-audit-001.md	artifacts/documentation-archive/20260910/etc/research/t95-s7-bop-c8-headless-mouse-owner-audit-001.md	3330	aa8abbcf4234a26bd669824c7635903281ec5ba12fd91d1d52887c1632f7c7ca
docs/etc/research/t95-s7-bop-fe-controlled-stop-audit-001.md	artifacts/documentation-archive/20260910/etc/research/t95-s7-bop-fe-controlled-stop-audit-001.md	7111	91c332f8e11c86a07e48c60721c3f03071797c1b393d738b45cf78ae71be0c37
docs/etc/research/t95-s7-cli-child-eof-evidence-001.md	artifacts/documentation-archive/20260910/etc/research/t95-s7-cli-child-eof-evidence-001.md	2611	b5e80c3e59c7e3fa1059a6c90e4acb5ff05785af2f0c93bb4af8c5b55a9d9e07
docs/etc/research/t95-s7-cli-contained-target-contract-001.md	artifacts/documentation-archive/20260910/etc/research/t95-s7-cli-contained-target-contract-001.md	3698	d1089011dbcbf92a3845908c04a0b80fbc6218040d0341c0714e7e5bc7d58a2c
docs/etc/research/t95-s7-cmdinfo-copied-layout-evidence-001.md	artifacts/documentation-archive/20260910/etc/research/t95-s7-cmdinfo-copied-layout-evidence-001.md	2605	0e95df74614f8352aa5bc5099fa43ad7142876e20fa9c854e0dcc9b42eda385c
docs/etc/research/t95-s7-command-bootstrap-and-user-frame-source-audit-001.md	artifacts/documentation-archive/20260910/etc/research/t95-s7-command-bootstrap-and-user-frame-source-audit-001.md	7481	924b45ed0b245bcea406754a9e2ec970420d1c699b0e85fb21799b00301498e4
docs/etc/research/t95-s7-command-comspec-bootstrap-closure-001.md	artifacts/documentation-archive/20260910/etc/research/t95-s7-command-comspec-bootstrap-closure-001.md	3765	37e28fd8024c5262be3b4ea11783043d870488a7a23aa31e9258d9436c963f73
docs/etc/research/t95-s7-command-envelope-v1-evidence-001.md	artifacts/documentation-archive/20260910/etc/research/t95-s7-command-envelope-v1-evidence-001.md	2643	225cff07470b1ebaebeba94715e86898aa34328e88ff47b49cf5f713888af2f8
docs/etc/research/t95-s7-contained-boot-file-materialization-001.md	artifacts/documentation-archive/20260910/etc/research/t95-s7-contained-boot-file-materialization-001.md	7695	5d7b9667ba76c3117a886b1bf8425a94be4ae94d93863ed8cbb51c5f29299bba
docs/etc/research/t95-s7-demclose-register-contract-001.md	artifacts/documentation-archive/20260910/etc/research/t95-s7-demclose-register-contract-001.md	2255	879def2d56115fd335faa0857c1c49248d2a03e75ff40bb7359c0420d7bab232
docs/etc/research/t95-s7-demfastread-contained-contract-001.md	artifacts/documentation-archive/20260910/etc/research/t95-s7-demfastread-contained-contract-001.md	3146	9510651214c1ffe0cd1098807aaeb13d0bd90107437d4005795c02300e84077b
docs/etc/research/t95-s7-demfastread-host-composition-gap.md	artifacts/documentation-archive/20260910/etc/research/t95-s7-demfastread-host-composition-gap.md	1359	636680af20885dbde13cffdb67b5526f583de9910b22af96c4aa585058432ea8
docs/etc/research/t95-s7-demfastread-source-sweep-001.md	artifacts/documentation-archive/20260910/etc/research/t95-s7-demfastread-source-sweep-001.md	3070	507e7300d5382f4015538261a77176a17bfd04bb02dc43c317bb5eb02e433981
docs/etc/research/t95-s7-demioctl-4408-trace-audit.md	artifacts/documentation-archive/20260910/etc/research/t95-s7-demioctl-4408-trace-audit.md	1198	80723967c3280b6fc108f7bd95af970f70117ad85b391a29d2279065e8868709
docs/etc/research/t95-s7-demread-register-contract-001.md	artifacts/documentation-archive/20260910/etc/research/t95-s7-demread-register-contract-001.md	2244	38bc698f10f9c7f7fcf06118a0478309b0af0eb95805ae349eeaabcb65e56444
docs/etc/research/t95-s7-native-firmware-to-ntio-handoff-design-001.md	artifacts/documentation-archive/20260910/etc/research/t95-s7-native-firmware-to-ntio-handoff-design-001.md	7129	e5fb4f022b9c7afdebea18d060b2da7ebf10b7beff135a8507b8688764d0647e
docs/etc/research/t95-s7-ntio-command-boot-file-bop-trace-001.md	artifacts/documentation-archive/20260910/etc/research/t95-s7-ntio-command-boot-file-bop-trace-001.md	4209	592e596ad7b3a45cb01c404be2ef700cf858161317610a98faa3be8daa49ae13
docs/etc/research/t95-s7-opennt-bop-catalog-completeness-001.md	artifacts/documentation-archive/20260910/etc/research/t95-s7-opennt-bop-catalog-completeness-001.md	3083	3a02139ccc916eaa240ab15be6e397c45dc8e13ba0702c618981caedc982d13d
docs/etc/research/t95-s7-path-free-runner-handoff-evidence-001.md	artifacts/documentation-archive/20260910/etc/research/t95-s7-path-free-runner-handoff-evidence-001.md	1794	578d7e5cf3fb2e08a325a3b9cb306c4fc8bd23fb42fbecfbe49ccabba58fb327
docs/etc/research/t95-s7-post-close-user-stack-source-path-002.md	artifacts/documentation-archive/20260910/etc/research/t95-s7-post-close-user-stack-source-path-002.md	2558	33d7effa124032e97f35cbcfad44b1c0e7b48a3d9e7de47918e9c0bc006b2498
docs/etc/research/t95-s7-post-demclose-user-stack-provenance-001.md	artifacts/documentation-archive/20260910/etc/research/t95-s7-post-demclose-user-stack-provenance-001.md	1775	e625728fd4e1466cc70e4a09c1685b17879be20620873106a1adae6f2e10eb22
docs/etc/research/t95-s7-post-drive-bop-source-audit-002.md	artifacts/documentation-archive/20260910/etc/research/t95-s7-post-drive-bop-source-audit-002.md	3226	ad8571e8f8253efa1a29aab680db88dbf1cc79e7e197ccae9eb81e522276bd0b
docs/etc/research/t95-s7-profile-v3-target-evidence-001.md	artifacts/documentation-archive/20260910/etc/research/t95-s7-profile-v3-target-evidence-001.md	2142	1bec1e9e570d61e9e5b7b92844037126a97c4e7710625f3259740d7827f16d5d
docs/etc/research/t95-s7-r29-build-shell-stop-001.md	artifacts/documentation-archive/20260910/etc/research/t95-s7-r29-build-shell-stop-001.md	1298	0147a9c6b7e561d158467cfa2dd142baf60acb3063199d7509ac4a40c28a1e83
docs/etc/research/t95-s7-r30-demread-register-runtime-result-001.md	artifacts/documentation-archive/20260910/etc/research/t95-s7-r30-demread-register-runtime-result-001.md	2226	8dd545c4b2bd72defa121c3ab1d4d6f62cc456aaf725cd1c27223f8a2f77d9da
docs/etc/research/t95-s7-r34-opennt-dispatcher-source-correlation-001.md	artifacts/documentation-archive/20260910/etc/research/t95-s7-r34-opennt-dispatcher-source-correlation-001.md	3017	f77c579b992d5b0cca2a9c4124279e81f2b4a7f1b2d1bae298c74d9fb6cccfcb
docs/etc/research/t95-s7-r34-stack-transfer-runtime-result-001.md	artifacts/documentation-archive/20260910/etc/research/t95-s7-r34-stack-transfer-runtime-result-001.md	2043	85b5e15c14c664636383e376179699e08785233963c33947b9a526969bed9aed
docs/etc/research/t95-s7-r36-int10-pseudorom-source-correlation-001.md	artifacts/documentation-archive/20260910/etc/research/t95-s7-r36-int10-pseudorom-source-correlation-001.md	3388	a760583638093464541487da71daf310523954f3f686339f454a9980af7e9805
docs/etc/research/t95-s7-r36-iret-tf-runtime-result-001.md	artifacts/documentation-archive/20260910/etc/research/t95-s7-r36-iret-tf-runtime-result-001.md	3731	2649921444eee56382f228c669f1a6b23665be0dd11f312c39e331fff275fb5e
docs/etc/research/t95-s7-r37-bochs-firmware-ivt-lifecycle-audit-001.md	artifacts/documentation-archive/20260910/etc/research/t95-s7-r37-bochs-firmware-ivt-lifecycle-audit-001.md	2612	079e1134d66cc5e3d0446ed639761f4cc8d2a9ce15ad62cfcc34575b4390773d
docs/etc/research/t95-s7-r37-far-jump-runtime-result-001.md	artifacts/documentation-archive/20260910/etc/research/t95-s7-r37-far-jump-runtime-result-001.md	1842	6a74e4ecb899b875b83d3c3131a4177289ce15db1e646e713eecf9580ffd4c8c
docs/etc/research/t95-s7-r41-bop-reachability-evidence-001.md	artifacts/documentation-archive/20260910/etc/research/t95-s7-r41-bop-reachability-evidence-001.md	4370	6be658c33e6fff82faf7790bd51a2b10d1f3cf5ed1c83d89fba5fa128d0aca77
docs/etc/research/t95-s7-r44-cmdgetnext-runtime-result-001.md	artifacts/documentation-archive/20260910/etc/research/t95-s7-r44-cmdgetnext-runtime-result-001.md	2122	8d94b82ae22bc94fa3119798a33d85e262c4832ac511aef66388adb5d21b4a16
docs/etc/research/t95-s7-r45-keyboard-layout-runtime-result-001.md	artifacts/documentation-archive/20260910/etc/research/t95-s7-r45-keyboard-layout-runtime-result-001.md	1582	321359c7795258b62e449b54f06f38edc5d9a167f458904312d52670b6879263
docs/etc/research/t95-s7-runtime-trace-007-post-boot-drive.md	artifacts/documentation-archive/20260910/etc/research/t95-s7-runtime-trace-007-post-boot-drive.md	1622	a5b1ed3a06570d85dcab758894874ecae3d201a4e942a952b3e7aced84a8fcc5
docs/etc/research/t95-s7-stack-pointer-diagnostic-rejection-001.md	artifacts/documentation-archive/20260910/etc/research/t95-s7-stack-pointer-diagnostic-rejection-001.md	1911	2a57e54c90ee9ebde42d86bd7b86cc88652ac9924675884fe71b2eb5a15a1777
docs/etc/research/t95-s7-target-namespace-materialization-evidence-001.md	artifacts/documentation-archive/20260910/etc/research/t95-s7-target-namespace-materialization-evidence-001.md	2465	ac111221908ec25915f220925abe17767d1435979d0e600c8ac19d2f0342ca98
docs/etc/research/t95-s7-top-level-5a-5f-owner-audit-001.md	artifacts/documentation-archive/20260910/etc/research/t95-s7-top-level-5a-5f-owner-audit-001.md	4382	0ae8ab04fdbaa99f723b9a8986fe2eb570673ea929fee72fd24307ca75f8e7cb
docs/etc/research/t96-s10-real-path-checkpoint-001.md	artifacts/documentation-archive/20260910/etc/research/t96-s10-real-path-checkpoint-001.md	3051	af532a1ab0b9e06f28594aeb2fbc68354a444ec58898b5ea156fc79ac393637a
docs/etc/research/t96-s1-opennt-bop-provider-module-map-001.json	artifacts/documentation-archive/20260910/etc/research/t96-s1-opennt-bop-provider-module-map-001.json	397285	3bc1c62db4f8c42d4e3c08a907242c901f47bd00314745ee3b4357a0728ce697
docs/etc/research/t96-s1-opennt-bop-provider-module-map-001.md	artifacts/documentation-archive/20260910/etc/research/t96-s1-opennt-bop-provider-module-map-001.md	8899	156863fafcc9890c91005e870f31a25bf0d5ab6f896594ee89a32046e4961135
docs/etc/research/t96-s1-opennt-bop-provider-module-map-generated-001.md	artifacts/documentation-archive/20260910/etc/research/t96-s1-opennt-bop-provider-module-map-generated-001.md	934	c9f237ac73baba6b72dd6d446d01ac63fb50754cbec59432b01ac86639f76324
docs/etc/research/t96-s2-bop-ingress-abi-001.md	artifacts/documentation-archive/20260910/etc/research/t96-s2-bop-ingress-abi-001.md	3888	0a138ec0674feb02b3cf59c22eab0d51b07615e32edd11b8ba23571448250e8e
docs/etc/research/t96-s3-dem-component-boundaries-001.md	artifacts/documentation-archive/20260910/etc/research/t96-s3-dem-component-boundaries-001.md	3169	a5c36c52ddc84030a65ff4f3fd73a3ba32ed8fa175352dee4a2c85c98724e1b9
docs/etc/research/t96-s3-demdasd-source-contract-001.md	artifacts/documentation-archive/20260910/etc/research/t96-s3-demdasd-source-contract-001.md	3392	0914bbbe45f72b318e8a564a2f81b0a154dc94a68918f48bcc74808686d95c2f
docs/etc/research/t96-s3-demgset-disposition-001.md	artifacts/documentation-archive/20260910/etc/research/t96-s3-demgset-disposition-001.md	4019	45a73927b018f106c0f0a5b3da15e4f01470a84b03b814d3696d48ee6c81304e
docs/etc/research/t96-s3-demioctl-source-contract-001.md	artifacts/documentation-archive/20260910/etc/research/t96-s3-demioctl-source-contract-001.md	5777	b0299202ed0d69f6175ea827bb9fb5a5b6cbbb2baa5f211eb096d327eba9e173
docs/etc/research/t96-s3-dem-plane-abi-001.md	artifacts/documentation-archive/20260910/etc/research/t96-s3-dem-plane-abi-001.md	2489	ecd2fd3e2d5f99e7fce38d01f21842b43b87aaeff5fdbcfb25e5207606fd5a82
docs/etc/research/t96-s3-opennt-dem-provider-map-001.json	artifacts/documentation-archive/20260910/etc/research/t96-s3-opennt-dem-provider-map-001.json	34904	7419c58999a73ee45009b1f857228fa9badac826f1b6e7cbf676211d8cc566f9
docs/etc/research/t96-s3-opennt-dem-provider-map-001.md	artifacts/documentation-archive/20260910/etc/research/t96-s3-opennt-dem-provider-map-001.md	4269	1354af6187d3e8cd5880e8e325ac00de6b138f7f80e9b247c7f32deb05fd1d07
docs/etc/research/t96-s3-opennt-dem-provider-map-generated-001.md	artifacts/documentation-archive/20260910/etc/research/t96-s3-opennt-dem-provider-map-generated-001.md	388	d7639ceea4e772e1a8a26b2ceb012da40b6170df2b0cedd5473d213b29282d85
docs/etc/research/t96-s4-command-boot-file-reconciliation-001.md	artifacts/documentation-archive/20260910/etc/research/t96-s4-command-boot-file-reconciliation-001.md	1819	30b3c9940f9984c66d6034a1008f44a570be189d78068a1d730c3caac5e5782c
docs/etc/research/t96-s4-command-launch-composition-blocker-001.md	artifacts/documentation-archive/20260910/etc/research/t96-s4-command-launch-composition-blocker-001.md	2185	113492fff755eccfd2dde68dd4d76e44b9a62d15c5a7ab2bfa36c750de1e9e4b
docs/etc/research/t96-s4-command-plane-abi-001.md	artifacts/documentation-archive/20260910/etc/research/t96-s4-command-plane-abi-001.md	1293	117cb6ac032bf519c15f1f18d92932f43e4dd8091ea35cf5319a6cc4d201422f
docs/etc/research/t96-s4-command-start-info-contract-001.md	artifacts/documentation-archive/20260910/etc/research/t96-s4-command-start-info-contract-001.md	831	f295788656fcb964abffe249410c14aed012617c3ea095026af0050ebfc98b44
docs/etc/research/t96-s4-opennt-command-provider-map-001.md	artifacts/documentation-archive/20260910/etc/research/t96-s4-opennt-command-provider-map-001.md	5112	797a4e148f3c15aeea38abfccc1e03c1e6bb0db89bb2660c5a82232dafdc65eb
docs/etc/research/t96-s5-opennt-xms-dpmi-provider-map-001.md	artifacts/documentation-archive/20260910/etc/research/t96-s5-opennt-xms-dpmi-provider-map-001.md	4462	9d85f64a25e51b8220a55ea7a63a95bfb4d0430d396b4637143bf9b3fec2b2c4
docs/etc/research/t96-s6-opennt-system-provider-map-001.md	artifacts/documentation-archive/20260910/etc/research/t96-s6-opennt-system-provider-map-001.md	4750	45592e3916e32cacb0c7a47670291e79778386dfd97d7fa2cd07cf34dd310b5e
docs/etc/research/t96-s7-softpc-bios-owner-matrix-001.md	artifacts/documentation-archive/20260910/etc/research/t96-s7-softpc-bios-owner-matrix-001.md	2651	47bcd8d07e0b18b87bca99deeedefb31eac382cef51bfe3ef1ac176b61897077
docs/etc/research/t96-s8-legacy-endpoint-register-001.md	artifacts/documentation-archive/20260910/etc/research/t96-s8-legacy-endpoint-register-001.md	3812	65d5c1e91ffa6ab75510841f5af23fe2dd75b4b817eed7a92ccca9d020ad90a8
docs/etc/research/t96-s9-bop-profile-regression-001.md	artifacts/documentation-archive/20260910/etc/research/t96-s9-bop-profile-regression-001.md	1810	0832e3960f150e56e6874370705340247d01eced895ed612f428078f0f0b860f
docs/etc/research/t97-s1-dem-namespace-component-abi-map-001.md	artifacts/documentation-archive/20260910/etc/research/t97-s1-dem-namespace-component-abi-map-001.md	6800	4812d8581400d147b6e4db0669f4e661688c1d6a0ebafd310a6d51a004d4f0d0
docs/etc/research/t97-s2-immutable-namespace-token-contract-001.md	artifacts/documentation-archive/20260910/etc/research/t97-s2-immutable-namespace-token-contract-001.md	3900	7a7b6a0c3f351ea703896bfbb0d284ad6b558076aa24353af676a5be72d4431a
docs/etc/research/t97-s3-dem-search-form-contract-map-001.md	artifacts/documentation-archive/20260910/etc/research/t97-s3-dem-search-form-contract-map-001.md	4500	427523b2274b59a8a910d6e3a98d11e71c18e0f33cf4235c31f22fd9357ba135
docs/etc/research/t97-s4-byob-dos-metadata-contract-001.md	artifacts/documentation-archive/20260910/etc/research/t97-s4-byob-dos-metadata-contract-001.md	2340	623a74fba1ab22ba8a3086c9cf207684b1ebe8cbb7ba97218e44c0fc0925990a
docs/etc/research/t97-s4-pathname-provider-integration-001.md	artifacts/documentation-archive/20260910/etc/research/t97-s4-pathname-provider-integration-001.md	2430	b84d28727edb83606b1f7b48269528792358e8e7154b8d3ee77da0e2144b1bb9
docs/etc/research/t97-s5-profile-and-engine-checkpoint-001.md	artifacts/documentation-archive/20260910/etc/research/t97-s5-profile-and-engine-checkpoint-001.md	1782	5a624fc3bd4ffdf82ab55a37beccee21d35c980fdbd84e00cf17432e1a364a5b
docs/etc/research/t98-s1-current-adapter-engine-derivative-001.md	artifacts/documentation-archive/20260910/etc/research/t98-s1-current-adapter-engine-derivative-001.md	2663	e82cb4bd481033d5b1152cbd2de3362267f958299ce081c7a7260ea2bd4534d7
docs/etc/research/t98-s1-engine-adapter-closure-inventory-001.md	artifacts/documentation-archive/20260910/etc/research/t98-s1-engine-adapter-closure-inventory-001.md	2613	9ccf0b8fc7a9b816e5250bf42d93ecaef6fd36893ebcafcf8e1f67e882f8c62c
docs/etc/research/t98-s2-current-adapter-engine-relink-001.md	artifacts/documentation-archive/20260910/etc/research/t98-s2-current-adapter-engine-relink-001.md	2187	e35a77d8d86ec032a3159d1df24ee9de5f1e780960e78f5a61d48e32a9034882
docs/etc/research/t98-s3-current-composition-v4-checkpoint-001.md	artifacts/documentation-archive/20260910/etc/research/t98-s3-current-composition-v4-checkpoint-001.md	2015	397d1a80db48bf8b9e11385fbfdba3ff00434f006b258e2a4e58b61b93447111
docs/etc/research/t99-s1-opennt-dem-command-composition-map-001.md	artifacts/documentation-archive/20260910/etc/research/t99-s1-opennt-dem-command-composition-map-001.md	5474	49e34fa30cb7865c1a7fe69dd17786b3e08c38d6242acff3c092ee0eb582b753
docs/etc/research/t99-s2-boot-namespace-consumer-runtime-001.md	artifacts/documentation-archive/20260910/etc/research/t99-s2-boot-namespace-consumer-runtime-001.md	3081	f73a16a49e9e48845b9aae3677a6b5cb8286fff75e92bbecef26af938dafac81
docs/etc/research/t99-s2-boot-namespace-provider-state-001.md	artifacts/documentation-archive/20260910/etc/research/t99-s2-boot-namespace-provider-state-001.md	1252	7a9bbf07c4b3179a47506dece3161f7f9e2f1e1d694bca9e70d5eb8e887ce590
docs/etc/research/t99-s2-boot-namespace-runtime-001.md	artifacts/documentation-archive/20260910/etc/research/t99-s2-boot-namespace-runtime-001.md	1405	f5beb4d99d67cb1e1f22772588a8cdf3a406f7f6f3bb62e0fc30cfa9a8b1b978
